condition,phi1_index,phi1_direction,phi1_rp_v,phi2_direction,phi2_rp_v,rp_out1_v,rp_out2_v,pd_mean_v,pd_std_v,pd_min_v,pd_max_v,pd_sample_count,pax_timestamp,theta,eta,s1,s2,s3,dop,pax_ptotal,u,v
both_paths,0,forward,0.0,forward,0.0,0.0,0.0,0.19139809906482697,0.011682831076713255,0.1715087890625,0.2213134765625,16384,2126235.0,-0.4052171,0.330691,0.5438654290366016,-0.5718031867393985,0.6142080353866285,0.9390936,0.0002438647,2.320455542585151,0.9957598170279061
both_paths,0,forward,0.0,forward,0.01,0.0,0.01,0.16453345119953156,0.008481529637756237,0.146240234375,0.1798095703125,16384,2126732.0,-0.3961603,0.2956882,0.5829440942473307,-0.591071271002561,0.5575042022958898,1.162113,0.0002342554,2.385411131029514,0.9484488800142349
both_paths,0,forward,0.0,forward,0.02,0.0,0.02,0.14018278568983078,0.006315308058646484,0.128173828125,0.157470703125,16384,2127180.0,-0.525886,0.4046387,0.3422736291852083,-0.5991482309963583,0.7237887537523092,0.9524564,0.000305665,2.2622567692495803,1.2214607091315461
both_paths,0,forward,0.0,forward,0.03,0.0,0.03,0.11956602334976196,0.002868651431623424,0.1116943359375,0.126708984375,16384,2127677.0,-0.5999214,0.3080862,0.29583844849684265,-0.7605873018119415,0.5779157107341967,0.9946622,0.0003154338,2.491831087566215,1.2704631894726035
both_paths,0,forward,0.0,forward,0.04,0.0,0.04,0.10886312276124954,0.0020309010862440604,0.1038818359375,0.1148681640625,16384,2128150.0,-0.6952232,0.2955856,0.14893203288283405,-0.8168220379467229,0.5573338388308652,0.989397,0.0003450909,2.542831418558359,1.4213081541027646
both_paths,0,forward,0.0,forward,0.05,0.0,0.05,0.10819065570831299,0.0009096295830722759,0.1051025390625,0.111572265625,16384,2128598.0,-0.7868467,0.3999639,-0.002018557558995466,-0.6967555766844195,0.7173057868054203,0.8970448,0.0003757394,2.341662756214564,1.5728148857246884
both_paths,0,forward,0.0,forward,0.06,0.0,0.06,0.111617811024189,0.004856561731056008,0.1048583984375,0.125,16384,2129095.0,-0.9024056,0.4043412,-0.16010537556552687,-0.6716326726621569,0.7233780627913108,0.859263,0.0003906104,2.3191183042159373,1.7315937315055867
both_paths,0,forward,0.0,forward,0.07,0.0,0.07,0.1312461644411087,0.006484238804910364,0.1180419921875,0.14306640625,16384,2129568.0,-1.023158,0.3574444,-0.34571545741570964,-0.6713841845904287,0.6555334462753917,0.858078,0.0003957068,2.36813945502401,1.923797476792055
both_paths,0,forward,0.0,forward,0.08,0.0,0.08,0.16129598021507263,0.009232457218983369,0.1495361328125,0.185302734375,16384,2130041.0,-1.08011,0.223214,-0.5014028467147792,-0.749793477005612,0.4317463690016978,0.8355623,0.0003688156,2.6191420508450562,2.096015729144601
both_paths,0,forward,0.0,forward,0.09,0.0,0.09,0.1921098306775093,0.009008742796602494,0.174560546875,0.2071533203125,16384,2130513.0,-1.24279,0.2817969,-0.6698738577314879,-0.5156256954044145,0.5342276265475686,0.8478682,0.0003727145,2.3384777440181246,2.304835206910048
both_paths,0,forward,0.0,forward,0.1,0.0,0.1,0.23630263656377792,0.006568941829764573,0.2220458984375,0.2503662109375,16384,2130985.0,-1.163252,0.1284505,-0.663297183573969,-0.703901927440189,0.2540844796693165,0.8556612,0.000302181,2.7951823970393095,2.296012434372495
both_paths,0,forward,0.0,forward,0.11,0.0,0.11,0.26825281232595444,0.005423555146234312,0.2557373046875,0.280517578125,16384,2131458.0,-1.361923,0.21334,-0.8320600589244631,-0.3693286068593364,0.4138507442278689,0.7752456,0.0002803025,2.299407664132172,2.5536076536335113
both_paths,0,forward,0.0,forward,0.12,0.0,0.12,0.2990872636437416,0.005117856559777791,0.2872314453125,0.3114013671875,16384,2131918.0,1.552928,0.144475,-0.9579315801560037,0.034247849689826734,0.28494591158927873,0.723654,0.0002228836,1.4511794082643714,2.8505025203187713
both_paths,0,forward,0.0,forward,0.13,0.0,0.13,0.3349214494228363,0.003599005838892158,0.3250732421875,0.34228515625,16384,2132390.0,1.444446,0.03524318,-0.9658364641488723,0.24939891783350504,0.07042800795053653,0.6579832,0.0001645576,0.2752244905744248,2.8794482191510924
both_paths,0,forward,0.0,forward,0.14,0.0,0.14,0.3504275381565094,0.0008363962258202418,0.347412109375,0.3536376953125,16384,2132875.0,1.121139,-0.03609196,-0.6205265228841385,0.7808619337882498,-0.07212125038985255,0.509047,0.0001216348,-0.09209978378444061,2.2402102782598794
both_paths,0,forward,0.0,forward,0.15,0.0,0.15,0.34194301813840866,0.003552701649872074,0.3341064453125,0.3504638671875,16384,2133347.0,0.5990176,-0.1158925,0.35444916520155934,0.9064197357412217,-0.22971515393358682,0.420329,0.0001044301,-0.24820552826685738,1.20847140603708
both_paths,0,forward,0.0,forward,0.16,0.0,0.16,0.3188096433877945,0.005444629257805991,0.31103515625,0.3345947265625,16384,2133831.0,0.1081306,-0.0596712,0.9697593704351306,0.21305314838835662,-0.11905931049299776,0.6619309,0.0001053835,-0.5095929735644451,0.24655338852204375
both_paths,0,forward,0.0,forward,0.17,0.0,0.17,0.2836334928870201,0.005953754713712328,0.263671875,0.295654296875,16384,2134303.0,-0.1360224,0.02237881,0.9622588444080233,-0.2684325038368863,0.044742678086985586,0.7904112,0.0001316799,2.976429740599544,0.27561194954683965
both_paths,0,forward,0.0,forward,0.18,0.0,0.18,0.2468840628862381,0.008017263872285378,0.230224609375,0.26513671875,16384,2134789.0,-0.2716318,0.1070863,0.836468195580703,-0.5051218952832129,0.21253900509661217,1.385182,0.0001412237,2.7433122114097968,0.5799898805362829
both_paths,0,forward,0.0,forward,0.19,0.0,0.19,0.20198481529951096,0.008464417325184033,0.1846923828125,0.218994140625,16384,2135261.0,-0.3210434,0.3113542,0.650530095494709,-0.48646151513034486,0.5832373351841719,0.9553354,0.0002127115,2.265969958951371,0.8625141273342362
both_paths,0,forward,0.0,forward,0.2,0.0,0.2,0.1619114801287651,0.00653077407888605,0.1490478515625,0.17626953125,16384,2135734.0,-0.4056487,0.3626481,0.5152501171037075,-0.5426551845926741,0.663357119098986,1.037234,0.0002487513,2.256443163385484,1.0294968647819378
both_paths,1,forward,0.04518518518518518,forward,0.0,0.04518518518518518,0.0,0.17953167855739594,0.005264150533520071,0.1666259765625,0.193359375,16384,2136207.0,-0.4965366,0.1866227,0.5085171468479962,-0.7800310853559655,0.3646392974433336,0.9234548,0.0002358792,2.7043079549167803,1.03733455552724
both_paths,1,forward,0.04518518518518518,forward,0.01,0.04518518518518518,0.01,0.17354048788547516,0.005474023269022885,0.16357421875,0.1859130859375,16384,2136680.0,-0.5744776,0.1653659,0.3872512071788762,-0.8628925289221453,0.3247352553524913,0.994478,0.0002482259,2.781653512127596,1.173148028041731
both_paths,1,forward,0.04518518518518518,forward,0.02,0.04518518518518518,0.02,0.16786128282546997,0.0025751310769999273,0.1622314453125,0.1756591796875,16384,2137154.0,-0.6302216,0.2278037,0.274242778097142,-0.855092978874411,0.44000783645436103,0.917406,0.0002700557,2.666354657677065,1.2929941237601303
both_paths,1,forward,0.04518518518518518,forward,0.03,0.04518518518518518,0.03,0.1603057086467743,0.0020336060499183723,0.1549072265625,0.166748046875,16384,2137628.0,-0.6748048,0.3970137,0.15378603802873733,-0.6839013425014041,0.7131821704390828,0.8436288,0.0002931447,2.3352390201047086,1.4163975681530918
both_paths,1,forward,0.04518518518518518,forward,0.04,0.04518518518518518,0.04,0.15395714342594147,0.0009399170754682819,0.150146484375,0.1575927734375,16384,2138102.0,-0.7768747,0.2313544,0.015253646444600264,-0.8947166278840709,0.44637370224723155,0.8914432,0.0003143751,2.6788258106467815,1.555542088767885
both_paths,1,forward,0.04518518518518518,forward,0.05,0.04518518518518518,0.05,0.15293622761964798,0.0012881248067703468,0.14892578125,0.1578369140625,16384,2138576.0,-0.8067316,0.1165963,-0.04149944021794594,-0.9720481330523426,0.23108488373550565,0.8836692,0.0003136435,2.9081952607414534,1.6123076880009517
both_paths,1,forward,0.04518518518518518,forward,0.06,0.04518518518518518,0.06,0.1584351286292076,0.0028091922251751262,0.1524658203125,0.1671142578125,16384,2139056.0,-0.8672334,0.1946714,-0.15074602476838214,-0.9127947705108485,0.3795804828288435,0.8295551,0.000324628,2.747502471479203,1.7221192047231402
both_paths,1,forward,0.04518518518518518,forward,0.07,0.04518518518518518,0.07,0.16166813671588898,0.00282155352882167,0.154296875,0.170166015625,16384,2139516.0,-0.8845916,0.2364528,-0.17545741025736253,-0.8727870890505023,0.4554749108046789,0.8268991,0.000326669,2.660608353069243,1.747166693604429
both_paths,1,forward,0.04518518518518518,forward,0.08,0.04518518518518518,0.08,0.17997165769338608,0.003757664666069471,0.172119140625,0.1905517578125,16384,2139995.0,-1.080805,0.3329862,-0.4380072829959831,-0.6530260922644461,0.6178240387556184,0.7202589,0.000335235,2.383887019508702,2.0241771366999077
both_paths,1,forward,0.04518518518518518,forward,0.09,0.04518518518518518,0.09,0.202406108379364,0.004716667882981376,0.190673828125,0.213134765625,16384,2140473.0,-1.231329,0.3923139,-0.5507240764523201,-0.44437974155940196,0.7065618422384117,0.6857614,0.0003198211,2.1322185468346815,2.154027798885583
both_paths,1,forward,0.04518518518518518,forward,0.1,0.04518518518518518,0.1,0.23023152351379395,0.008607918341530069,0.213134765625,0.2501220703125,16384,2140948.0,-1.311305,0.3088845,-0.707834223791131,-0.404323230008941,0.579217953196501,0.6648933,0.0002918173,2.180212527007992,2.357223779289315
both_paths,1,forward,0.04518518518518518,forward,0.11,0.04518518518518518,0.11,0.28501883894205093,0.008554832544022735,0.269287109375,0.30126953125,16384,2141411.0,-1.478305,0.1838695,-0.9172226406471471,-0.17163243133869174,0.35950651732207,0.8022452,0.0002646421,2.0162101320409125,2.7318481613294563
both_paths,1,forward,0.04518518518518518,forward,0.12,0.04518518518518518,0.12,0.29768308997154236,0.007375523600008675,0.2822265625,0.3162841796875,16384,2141887.0,1.376773,0.1480016,-0.8853934102616329,0.36192522894200585,0.2916995675700475,0.6680012,0.0002289823,0.6783684069999785,2.658135987204756
both_paths,1,forward,0.04518518518518518,forward,0.13,0.04518518518518518,0.13,0.31702765077352524,0.004315293007363541,0.3062744140625,0.3280029296875,16384,2142363.0,1.295741,0.05805917,-0.8467260303204883,0.519261064552778,0.11585756952924196,0.5844056,0.0001799016,0.21952438731530943,2.5805974071533098
both_paths,1,forward,0.04518518518518518,forward,0.14,0.04518518518518518,0.14,0.30114220082759857,0.002290318628766342,0.295166015625,0.306884765625,16384,2142839.0,1.123869,0.09466528,-0.6152183114695591,0.7655629561079501,0.18820145979189828,0.5578048,0.0001856856,0.24105396391589728,2.233459183013636
both_paths,1,forward,0.04518518518518518,forward,0.15,0.04518518518518518,0.15,0.30369783192873,0.0011482968070715487,0.2998046875,0.3077392578125,16384,2143316.0,0.927373,-0.03111301,-0.27960713305378143,0.9580985172008653,-0.06218587044456402,0.5257963,0.0001628595,-0.06481459411806778,1.8541812240099338
both_paths,1,forward,0.04518518518518518,forward,0.16,0.04518518518518518,0.16,0.2939649298787117,0.0030519145481635594,0.2867431640625,0.3043212890625,16384,2143792.0,0.6873477,0.009469696,0.19481153425746003,0.9806578447336121,0.01893825975852478,0.3553455,0.0001607657,0.01930939121663311,1.3747310274477305
both_paths,1,forward,0.04518518518518518,forward,0.17,0.04518518518518518,0.17,0.2761126831173897,0.004830350800928854,0.26513671875,0.285888671875,16384,2144270.0,0.1595098,0.1137571,0.9250737184652239,0.30555341423100446,0.22555648174393036,0.3911941,0.00016045,0.6358997784671354,0.38956667420106394
both_paths,1,forward,0.04518518518518518,forward,0.18,0.04518518518518518,0.18,0.24872633069753647,0.005055927788385776,0.23876953125,0.2618408203125,16384,2144733.0,-0.05926302,0.2052535,0.9104855166916676,-0.10842444974313777,0.399074256990607,0.4358147,0.0001820663,1.8360825784294814,0.4263397307395091
both_paths,1,forward,0.04518518518518518,forward,0.19,0.04518518518518518,0.19,0.2167142853140831,0.005488029634262003,0.203125,0.22705078125,16384,2145199.0,-0.4688515,0.187361,0.5505870804800549,-0.7502584489781119,0.36601383381698493,0.7944491,0.000209921,2.687711935291059,0.9877289743042409
both_paths,1,forward,0.04518518518518518,forward,0.2,0.04518518518518518,0.2,0.19492413103580475,0.006491673902573336,0.1820068359375,0.2086181640625,16384,2145677.0,-0.5668265,0.2367611,0.3767705897110841,-0.8062792697390596,0.45602375148429564,0.7521632,0.0002472558,2.6268587493858746,1.184488842580359
both_paths,2,forward,0.09037037037037036,forward,0.0,0.09037037037037036,0.0,0.2010643556714058,0.005861205864815833,0.188720703125,0.215087890625,16384,2146153.0,-0.5093864,0.1146556,0.5106838524264128,-0.8291764696764393,0.22730680809389464,0.7766505,0.0002202842,2.874030224553124,1.03481633295746
both_paths,2,forward,0.09037037037037036,forward,0.01,0.09037037037037036,0.01,0.17781658470630646,0.0042843838588474585,0.1673583984375,0.1873779296875,16384,2146629.0,-0.6328001,0.0945916,0.29511912617866826,-0.9367707122271798,0.18805673100668716,0.8756028,0.0002591699,2.9434760332140044,1.27121613118676
both_paths,2,forward,0.09037037037037036,forward,0.02,0.09037037037037036,0.02,0.17056145519018173,0.0020700062169408695,0.16552734375,0.176025390625,16384,2147105.0,-0.6654036,0.1376548,0.22874083853711935,-0.9347609235216446,0.2718448907783583,0.9016,0.000271229,2.8585812597535263,1.3400122952687352
both_paths,2,forward,0.09037037037037036,forward,0.03,0.09037037037037036,0.03,0.16113758087158203,0.0017685100165458372,0.15625,0.16748046875,16384,2147556.0,-0.7112192,0.07990108,0.14593096328473648,-0.9764138772513591,0.15912289045186673,0.9011618,0.0002885212,2.980046146245778,1.4243423821566894
both_paths,2,forward,0.09037037037037036,forward,0.04,0.09037037037037036,0.04,0.15080564469099045,0.0012330295809077649,0.1458740234375,0.1553955078125,16384,2148033.0,-0.7684143,0.1744555,0.0319148827360043,-0.9392034813430381,0.34187462744852026,0.907854,0.00031705,2.792496232271409,1.5388760237049846
both_paths,2,forward,0.09037037037037036,forward,0.05,0.09037037037037036,0.05,0.15107208490371704,0.003423887161318275,0.142333984375,0.1614990234375,16384,2148509.0,-0.8337885,0.1037091,-0.09455848722194611,-0.9739865643603655,0.20593412767141978,0.9052786,0.0003241353,2.9332271765068043,1.665496296779716
both_paths,2,forward,0.09037037037037036,forward,0.06,0.09037037037037036,0.06,0.16845757514238358,0.004763688522463089,0.1583251953125,0.1805419921875,16384,2148986.0,-0.913774,0.2138459,-0.23106653989922785,-0.8800981525771803,0.41477161904984877,0.7537753,0.000318489,2.7011848414692228,1.8039700726867263
both_paths,2,forward,0.09037037037037036,forward,0.07,0.09037037037037036,0.07,0.18095120787620544,0.003926175879648286,0.1719970703125,0.192138671875,16384,2149461.0,-0.9759456,0.2623463,-0.3219032957123761,-0.8033868252717794,0.5009469804173311,0.7493854,0.0003188637,2.584041083234127,1.8985354276712725
both_paths,2,forward,0.09037037037037036,forward,0.08,0.09037037037037036,0.08,0.19000867009162903,0.005835877753153405,0.180908203125,0.20458984375,16384,2149936.0,-1.017474,0.2364323,-0.3985409627183493,-0.7960784857814742,0.4554384102284375,0.6722173,0.0003060021,2.6219387256751823,1.9807217846440772
both_paths,2,forward,0.09037037037037036,forward,0.09,0.09037037037037036,0.09,0.21259595453739166,0.003666626193145747,0.2037353515625,0.2198486328125,16384,2150409.0,-1.035283,0.1496522,-0.4579179960323881,-0.8386723330335996,0.2948556031579877,0.6711307,0.0002857209,2.8035160662133283,2.0464481324722006
both_paths,2,forward,0.09037037037037036,forward,0.1,0.09037037037037036,0.1,0.2327655702829361,0.0034065105876616144,0.224365234375,0.2403564453125,16384,2150882.0,-1.322213,0.2872512,-0.7378352737989373,-0.4003709770924849,0.5434171412828788,0.5556733,0.0002710157,2.2057733818793466,2.4006539452823574
both_paths,2,forward,0.09037037037037036,forward,0.11,0.09037037037037036,0.11,0.25732792168855667,0.005300320055210531,0.2451171875,0.2684326171875,16384,2151356.0,-1.525713,0.2742735,-0.8498168291676084,-0.0768334719530493,0.5214479594850783,0.5387567,0.0002467533,1.7170900473685595,2.5864340019731924
both_paths,2,forward,0.09037037037037036,forward,0.12,0.09037037037037036,0.12,0.2931258976459503,0.003502842926198779,0.2850341796875,0.30322265625,16384,2151818.0,1.390277,0.2114223,-0.8531338964061794,0.3221340814069146,0.41035617260976315,0.5630878,0.0002020932,0.9052621193545409,2.5927596133568267
both_paths,2,forward,0.09037037037037036,forward,0.13,0.09037037037037036,0.13,0.34218066930770874,0.00212736633565286,0.334716796875,0.3480224609375,16384,2152291.0,1.21793,0.03075448,-0.7596971931429836,0.647365114456585,0.06147018232675782,0.5364301,0.0001357728,0.09467057861153538,2.4336436568003825
both_paths,2,forward,0.09037037037037036,forward,0.14,0.09037037037037036,0.14,0.3388681188225746,0.002538118874526763,0.330322265625,0.3460693359375,16384,2152765.0,0.8222302,-0.01294481,-0.07357280574430196,0.9969538201806664,-0.025886727913868108,0.4300972,0.0001157358,-0.025959991249595582,1.6444356691536843
both_paths,2,forward,0.09037037037037036,forward,0.15,0.09037037037037036,0.15,0.32412096858024597,0.004765056348637707,0.3133544921875,0.33642578125,16384,2153215.0,0.4378949,-0.06560966,0.6348850741004938,0.7614466703799305,-0.1308430772021506,0.637452,0.0001102369,-0.17017293065359862,0.8829365667188932
both_paths,2,forward,0.09037037037037036,forward,0.16,0.09037037037037036,0.16,0.30330323427915573,0.003627713429287799,0.2928466796875,0.3123779296875,16384,2153688.0,0.03101537,-0.02430989,0.9968972745479514,0.06191771194305844,-0.0486006270186175,0.7511372,0.0001162575,-0.6654797081936756,0.07879506666180017
both_paths,2,forward,0.09037037037037036,forward,0.17,0.09037037037037036,0.17,0.25992444157600403,0.0040474260832685256,0.252197265625,0.2696533203125,16384,2154186.0,-0.2612792,0.08047871,0.8553444174687398,-0.4926475355612604,0.16026332459573844,0.57602,0.0001723494,2.8270801115083444,0.5445810297684895
both_paths,2,forward,0.09037037037037036,forward,0.18,0.09037037037037036,0.18,0.2220221310853958,0.007004850158164204,0.2056884765625,0.2359619140625,16384,2154647.0,-0.4066283,0.06322606,0.6816496833178687,-0.7207278385476288,0.12611539150758985,0.8315671,0.0001953807,2.9683631156646015,0.8207813978121561
both_paths,2,forward,0.09037037037037036,forward,0.19,0.09037037037037036,0.19,0.17657805234193802,0.008588242438934744,0.1590576171875,0.19677734375,16384,2155121.0,-0.5379725,0.1557856,0.4520358096141837,-0.837668147311767,0.30655456578841117,1.021256,0.0002533391,2.7907693091199075,1.1017500057830225
both_paths,2,forward,0.09037037037037036,forward,0.2,0.09037037037037036,0.2,0.1770908087491989,0.00411946164409476,0.1656494140625,0.1871337890625,16384,2155594.0,-0.5686104,0.1669905,0.3969044638266162,-0.8573270379080056,0.32780664524440534,0.9536356,0.0002475912,2.776385982540222,1.1626545083228697
both_paths,3,forward,0.13555555555555554,forward,0.0,0.13555555555555554,0.0,0.1926577016711235,0.004083867652237194,0.185302734375,0.20068359375,16384,2156092.0,-0.5424262,0.1281029,0.45179819829174156,-0.8553716907637613,0.253412033377029,0.9281994,0.0002257641,2.8535709862429286,1.1020163682776742
both_paths,3,forward,0.13555555555555554,forward,0.01,0.13555555555555554,0.01,0.18605923652648926,0.0037294500091477186,0.1763916015625,0.1942138671875,16384,2156565.0,-0.6022117,0.08209777,0.35341328942626077,-0.9210756135771454,0.1634587438175001,0.9251608,0.0002415519,2.965956176571069,1.2095789730972235
both_paths,3,forward,0.13555555555555554,forward,0.02,0.13555555555555554,0.02,0.17702288180589676,0.003202637916021853,0.17041015625,0.184814453125,16384,2157016.0,-0.6528452,0.104884,0.2562680076261597,-0.9439098101508903,0.20823299106584625,0.8751532,0.0002599812,2.9244635665839986,1.3116370365794863
both_paths,3,forward,0.13555555555555554,forward,0.03,0.13555555555555554,0.03,0.16860570013523102,0.002116757886454768,0.1632080078125,0.1749267578125,16384,2157490.0,-0.6870873,0.1360786,0.18816680673690656,-0.9446345914969588,0.2688098610352853,0.9178928,0.0002712853,2.864355943833324,1.3815010502320773
both_paths,3,forward,0.13555555555555554,forward,0.04,0.13555555555555554,0.04,0.16128362715244293,0.0008418732774640507,0.158447265625,0.16455078125,16384,2157963.0,-0.7487267,0.006817215,0.0732703793592663,-0.997218915457461,0.013634007569105707,0.8585566,0.0002914176,3.127921474730882,1.4974602292824206
both_paths,3,forward,0.13555555555555554,forward,0.05,0.13555555555555554,0.05,0.16418754309415817,0.00213115832558836,0.1588134765625,0.17041015625,16384,2158437.0,-0.8188551,-0.04805972,-0.06655531177580128,-0.9931565140571811,-0.09597150129186346,0.8007616,0.000299882,-3.0452589554702696,1.637400872446892
both_paths,3,forward,0.13555555555555554,forward,0.06,0.13555555555555554,0.06,0.17069026082754135,0.0020465350623103725,0.1650390625,0.176513671875,16384,2158911.0,-0.879945,0.1119135,-0.18327994538834227,-0.9576747819315135,0.22196277541712817,0.7494392,0.0003083942,2.913841376883215,1.7551182096768123
both_paths,3,forward,0.13555555555555554,forward,0.07,0.13555555555555554,0.07,0.18215497583150864,0.004070185647050686,0.173828125,0.1917724609375,16384,2159383.0,-0.9397856,0.1557011,-0.2892759718610283,-0.9068860533621562,0.30639369823981355,0.7363223,0.000311949,2.8157804001141207,1.864266712004615
both_paths,3,forward,0.13555555555555554,forward,0.08,0.13555555555555554,0.08,0.18984640389680862,0.004211597617930302,0.1805419921875,0.200439453125,16384,2159830.0,-1.013864,0.1203468,-0.4284782070038736,-0.8715406880132763,0.2383762892153714,0.6790993,0.0003063284,2.8746109344502955,2.013604196024864
both_paths,3,forward,0.13555555555555554,forward,0.09,0.13555555555555554,0.09,0.23525011539459229,0.0038367011556075755,0.2265625,0.2467041015625,16384,2160327.0,-1.303495,0.2971697,-0.7129163398486412,-0.4221295377948838,0.5599615573393361,0.5258714,0.0002690121,2.216759752603573,2.364444572165341
both_paths,3,forward,0.13555555555555554,forward,0.1,0.13555555555555554,0.1,0.2570546343922615,0.005005486563346583,0.245849609375,0.2659912109375,16384,2160801.0,-1.534647,0.3123209,-0.8090535342512297,-0.05859561175262685,0.5848067484211597,0.5245991,0.0002505991,1.6706595678501817,2.513336290882231
both_paths,3,forward,0.13555555555555554,forward,0.11,0.13555555555555554,0.11,0.2760919779539108,0.0027029651602585385,0.2686767578125,0.283447265625,16384,2161261.0,1.374403,0.2988351,-0.7636962729363408,0.31641170946009806,0.5627180757890051,0.5399071,0.0002252182,1.058565106289299,2.4398157580879127
both_paths,3,forward,0.13555555555555554,forward,0.12,0.13555555555555554,0.12,0.2853788137435913,0.0017882835608181212,0.2799072265625,0.2908935546875,16384,2161738.0,1.124629,0.2091399,-0.5734904421145645,0.7114204686489001,0.40618915493969143,0.5506867,0.0001982245,0.5187891275623144,2.1815565892721516
both_paths,3,forward,0.13555555555555554,forward,0.13,0.13555555555555554,0.13,0.2923791781067848,0.0009867926898431904,0.288818359375,0.296142578125,16384,2162217.0,1.051978,0.2719851,-0.4348955438639074,0.7368996584718451,0.5175372056880492,0.5028394,0.0001814147,0.6122793496947501,2.020718599926438
both_paths,3,forward,0.13555555555555554,forward,0.14,0.13555555555555554,0.14,0.2947484105825424,0.0019371207280161943,0.2884521484375,0.300048828125,16384,2162668.0,0.8927124,0.3010623,-0.1755277432406274,0.8052248435405032,0.5663947057468179,0.4190438,0.0001670138,0.6130038273690857,1.7472381353090811
both_paths,3,forward,0.13555555555555554,forward,0.15,0.13555555555555554,0.15,0.2848529815673828,0.003173444110306697,0.277587890625,0.2938232421875,16384,2163142.0,0.605418,0.384058,0.2533362909777251,0.6731266196867746,0.6947814602756076,0.3165481,0.0001677451,0.8012274667067265,1.3146688241662634
both_paths,3,forward,0.13555555555555554,forward,0.16,0.13555555555555554,0.16,0.27009427547454834,0.006051350637060647,0.2562255859375,0.283203125,16384,2163642.0,-0.03069205,0.2083247,0.9127277679915968,-0.05609744882907482,0.40469877411717864,0.3780066,0.0001644923,1.7085339458440814,0.420884869764354
both_paths,3,forward,0.13555555555555554,forward,0.17,0.13555555555555554,0.17,0.2570248916745186,0.00441539430446894,0.2474365234375,0.2677001953125,16384,2164116.0,-0.1962787,0.08103395,0.911826254809294,-0.3775394557139881,0.16135935181960176,0.3595324,0.0001798326,2.7376932075747256,0.42308597781614066
both_paths,3,forward,0.13555555555555554,forward,0.18,0.13555555555555554,0.18,0.21796613186597824,0.005999588917301626,0.202880859375,0.22900390625,16384,2164527.0,-0.4206761,-0.06576565,0.6606986168235734,-0.7391051304750234,-0.13115236876593342,0.5903287,0.000202424,-2.9659731909232154,0.8490472657397226
both_paths,3,forward,0.13555555555555554,forward,0.19,0.13555555555555554,0.19,0.20592191070318222,0.004317171341427636,0.1944580078125,0.2161865234375,16384,2165051.0,-0.5223313,0.04974958,0.4997098937488293,-0.8604781035567257,0.09933506626038213,0.7479891,0.0002189494,3.0266597011267002,1.0475325046597086
both_paths,3,forward,0.13555555555555554,forward,0.2,0.13555555555555554,0.2,0.18141356855630875,0.0037709756230950645,0.173583984375,0.1915283203125,16384,2165525.0,-0.5952056,-0.09952208,0.36394759053878917,-0.9101890068745351,-0.19773245334480963,0.8629428,0.0002452432,-2.927673310448784,1.1982936720466424
both_paths,4,forward,0.18074074074074073,forward,0.0,0.18074074074074073,0.0,0.1905101090669632,0.0054723297144187635,0.1781005859375,0.20166015625,16384,2166024.0,-0.5507334,-0.2008876,0.41627189224314654,-0.8208504266860963,-0.3910527953327578,0.7687962,0.000229709,-2.6970030082267957,1.1414551192379268
both_paths,4,forward,0.18074074074074073,forward,0.01,0.18074074074074073,0.01,0.17915666103363037,0.005474274712746538,0.1685791015625,0.194580078125,16384,2166498.0,-0.5899856,-0.1825243,0.3558491949032734,-0.8636701569666773,-0.35699469247013615,0.845555,0.0002440747,-2.7496342229733046,1.206973742949522
both_paths,4,forward,0.18074074074074073,forward,0.02,0.18074074074074073,0.02,0.16374476999044418,0.0025614787991634852,0.158203125,0.171142578125,16384,2166972.0,-0.6705566,-0.1641443,0.215510440792399,-0.921736588181096,-0.32242349777542323,0.8578508,0.0002678278,-2.8050959811116627,1.3535818030737512
both_paths,4,forward,0.18074074074074073,forward,0.03,0.18074074074074073,0.03,0.15799649059772491,0.000812534602351949,0.1553955078125,0.1614990234375,16384,2167447.0,-0.7268158,-0.2280583,0.10494645407679624,-0.8916147106026051,-0.4404650379016928,0.7971431,0.0002817246,-2.682749909992552,1.4656562691599353
both_paths,4,forward,0.18074074074074073,forward,0.04,0.18074074074074073,0.04,0.16039248555898666,0.0009010502946135759,0.1573486328125,0.1640625,16384,2167896.0,-0.778103,-0.1257898,0.01413052798678291,-0.9684173274558706,-0.24893414402617373,0.8060186,0.0002885634,-2.8899873893178136,1.5566653285211465
both_paths,4,forward,0.18074074074074073,forward,0.05,0.18074074074074073,0.05,0.1689848080277443,0.003456673287083925,0.1629638671875,0.1795654296875,16384,2168394.0,-0.8055066,-0.1899172,-0.03734039008061229,-0.9279750891865935,-0.37076667746409137,0.7382167,0.0002878017,-2.761479629040277,1.6081453996382606
both_paths,4,forward,0.18074074074074073,forward,0.06,0.18074074074074073,0.06,0.16804416477680206,0.002151307614532111,0.16259765625,0.174560546875,16384,2168868.0,-0.8392392,-0.3350702,-0.08423114955792617,-0.7791949920342855,-0.6210960294776002,0.6357982,0.0002865701,-2.4686227416165303,1.6551273974424352
both_paths,4,forward,0.18074074074074073,forward,0.07,0.18074074074074073,0.07,0.17094746232032776,0.0035857308912281027,0.1634521484375,0.181396484375,16384,2169342.0,-0.8514474,-0.5171967,-0.06731241908769231,-0.5065950208806588,-0.8595525132622717,0.5696239,0.0002803737,-2.103363463943952,1.6381596814715103
both_paths,4,forward,0.18074074074074073,forward,0.08,0.18074074074074073,0.08,0.19618558138608932,0.005524761914836832,0.18701171875,0.2091064453125,16384,2169826.0,-0.9955316,-0.2557206,-0.35579592714411246,-0.7961551924168805,-0.48943453884590277,0.5463709,0.000274121,-2.590399802548301,1.9345619125579567
both_paths,4,forward,0.18074074074074073,forward,0.09,0.18074074074074073,0.09,0.20662980526685715,0.006010472139156082,0.1934814453125,0.2222900390625,16384,2170297.0,-1.051312,-0.2106641,-0.4627609553811191,-0.7865071517704036,-0.408972857765355,0.5074353,0.0002744943,-2.66208423174165,2.0519035068367293
both_paths,4,forward,0.18074074074074073,forward,0.1,0.18074074074074073,0.1,0.23254793137311935,0.004955809444490328,0.2220458984375,0.2451171875,16384,2170770.0,-1.138784,-0.05425787,-0.645562435550552,-0.755989170271899,-0.1083028911786062,0.4386382,0.0002417094,-2.9993009733828657,2.2725558351435975
both_paths,4,forward,0.18074074074074073,forward,0.11,0.18074074074074073,0.11,0.24861349165439606,0.006240021932778459,0.23486328125,0.261962890625,16384,2171243.0,-1.271527,-0.009694682,-0.8260045801241884,-0.5633298618814163,-0.019388149125888703,0.4280891,0.0002399956,-3.1071891884571796,2.5427784404392795
both_paths,4,forward,0.18074074074074073,forward,0.12,0.18074074074074073,0.12,0.2794088274240494,0.00343524098181659,0.2724609375,0.289794921875,16384,2171690.0,-1.267031,0.2543071,-0.71713048718879,-0.49858468153569646,0.4869673291734435,0.4908874,0.000210463,2.367981604629694,2.370472566287492
both_paths,4,forward,0.18074074074074073,forward,0.13,0.18074074074074073,0.13,0.2882132902741432,0.003043737350345858,0.2803955078125,0.295166015625,16384,2172164.0,-1.267915,0.3264218,-0.6530177401835869,-0.45229981541686715,0.607447699789364,0.5210539,0.0001960864,2.2108263872419123,2.2823585956027164
both_paths,4,forward,0.18074074074074073,forward,0.14,0.18074074074074073,0.14,0.3004462420940399,0.00072505436946687,0.2979736328125,0.303466796875,16384,2172637.0,-1.138423,0.3946055,-0.4570415166788001,-0.5360039667601268,0.7097977174162727,0.4926853,0.0001767305,2.2175854939140764,2.045462460330658
both_paths,4,forward,0.18074074074074073,forward,0.15,0.18074074074074073,0.15,0.29905687272548676,0.0012454429690778846,0.295166015625,0.303466796875,16384,2173084.0,-1.085342,0.5031716,-0.3020080707290875,-0.44155039367727206,0.8448812786764426,0.3762371,0.0001711953,2.0523743916204173,1.8775947096916152
both_paths,4,forward,0.18074074074074073,forward,0.16,0.18074074074074073,0.16,0.2886941656470299,0.0035891332447666813,0.2803955078125,0.296630859375,16384,2173558.0,-0.5691464,0.4759885,0.24313511200978857,-0.5266602007582162,0.8145639018795904,0.3029821,0.0001649138,2.1447458002507833,1.3251996788623615
both_paths,4,forward,0.18074074074074073,forward,0.17,0.18074074074074073,0.17,0.27876485884189606,0.0033301980657338155,0.2720947265625,0.2891845703125,16384,2174031.0,-0.4982099,0.01949507,0.5428985439444824,-0.8388931458636762,0.038980261747525564,0.1667343,0.0001821658,3.0951597510088638,0.9969115762135868
both_paths,4,forward,0.18074074074074073,forward,0.18,0.18074074074074073,0.18,0.2523459419608116,0.007221917037157818,0.239013671875,0.267822265625,16384,2174504.0,-0.1898025,-0.0889217,0.9141614037960049,-0.36470906093315875,-0.17690740143637632,0.5308412,0.0001678032,-2.6899647142718743,0.4173620745840087
both_paths,4,forward,0.18074074074074073,forward,0.19,0.18074074074074073,0.19,0.21716079860925674,0.00826708296809437,0.1962890625,0.2359619140625,16384,2174978.0,-0.3294522,-0.2899248,0.6614256376293952,-0.5121755253250986,-0.547898126611606,0.6772725,0.000202129,-2.3225090112790014,0.8480783323806623
both_paths,4,forward,0.18074074074074073,forward,0.2,0.18074074074074073,0.2,0.1840641126036644,0.003817166956043398,0.174072265625,0.1925048828125,16384,2175440.0,-0.2264329,-0.4708841,0.5290507398820481,-0.25743317344001954,-0.8085997006200647,0.7581409,0.0002311328,-1.8790191794298712,1.0133147839983232
both_paths,5,forward,0.22592592592592592,forward,0.0,0.22592592592592592,0.0,0.2079491913318634,0.005226894622192838,0.195556640625,0.218505859375,16384,2175914.0,0.208526,-0.4875345,0.5130164660401951,0.22728746872250774,-0.8277406067925774,0.662736,0.0002215552,-1.3028133792140175,1.03210106852697
both_paths,5,forward,0.22592592592592592,forward,0.01,0.22592592592592592,0.01,0.1905403658747673,0.00781785247437775,0.174560546875,0.2091064453125,16384,2176388.0,0.06996821,-0.530115,0.48389459866523393,0.06815996710424542,-0.8724678998490204,0.7031204,0.0002278164,-1.4928315015579148,1.0656967343783865
both_paths,5,forward,0.22592592592592592,forward,0.02,0.22592592592592592,0.02,0.18280600011348724,0.002533247689096882,0.1759033203125,0.1893310546875,16384,2176861.0,0.3888286,-0.4799299,0.4087487927015313,0.4024690595667983,-0.8191111527481832,0.7649582,0.0002405169,-1.1140938178618907,1.1497136515187842
both_paths,5,forward,0.22592592592592592,forward,0.03,0.22592592592592592,0.03,0.1709802746772766,0.0026868812497877334,0.1639404296875,0.17724609375,16384,2177334.0,0.05523208,-0.591065,0.37664483666787396,0.04177581465811611,-0.9254152842486887,0.7329679,0.0002495208,-1.5256841786376534,1.1846245963053408
both_paths,5,forward,0.22592592592592592,forward,0.04,0.22592592592592592,0.04,0.16263803839683533,0.003293843783318647,0.156494140625,0.1722412109375,16384,2177808.0,0.4222296,-0.5143211,0.34268233336516357,0.38575467134301217,-0.8565991781086716,0.7869374,0.0002538084,-1.1476657123575298,1.221025698022211
both_paths,5,forward,0.22592592592592592,forward,0.05,0.22592592592592592,0.05,0.15351951122283936,0.0017148022190971442,0.1490478515625,0.1610107421875,16384,2178289.0,0.5507319,-0.5422338,0.21139336342026901,0.41684544477039187,-0.8840547047983175,0.7347093,0.0002761519,-1.130194914062658,1.357796006250977
both_paths,5,forward,0.22592592592592592,forward,0.06,0.22592592592592592,0.06,0.15210243314504623,0.0007905104334577797,0.1495361328125,0.15576171875,16384,2178759.0,0.6311025,-0.5553465,0.13486262098813984,0.42306525332541806,-0.8960066210072943,0.6979936,0.0002839527,-1.1296615488202528,1.4355215112728923
both_paths,5,forward,0.22592592592592592,forward,0.07,0.22592592592592592,0.07,0.1522509977221489,0.0015715157801992159,0.148193359375,0.1578369140625,16384,2179233.0,0.6376577,-0.6529119,0.07626024961660222,0.2505333333133486,-0.9650996960041569,0.6512449,0.0002837308,-1.31680933309318,1.49446196621905
both_paths,5,forward,0.22592592592592592,forward,0.08,0.22592592592592592,0.08,0.16951315850019455,0.004384543208497865,0.160888671875,0.1807861328125,16384,2179708.0,-0.995937,-0.5728504,-0.16856931111848267,-0.37638356478182416,-0.9109993411145623,0.5540324,0.0002834647,-1.962591185904107,1.7401743556720812
both_paths,5,forward,0.22592592592592592,forward,0.09,0.22592592592592592,0.09,0.1950443536043167,0.005790973864086747,0.1810302734375,0.2066650390625,16384,2180194.0,-1.26887,-0.4221368,-0.5468002389366657,-0.37718698513962984,-0.7474887804777286,0.5068627,0.0002845673,-2.0381215819593086,2.149334082891201
both_paths,5,forward,0.22592592592592592,forward,0.1,0.22592592592592592,0.1,0.22357907891273499,0.006916861516420884,0.210205078125,0.2381591796875,16384,2180667.0,-1.267498,-0.2263052,-0.7388655922909129,-0.5126729928818636,-0.43731457659006884,0.4529975,0.0002586251,-2.4353544149355035,2.4021816626414156
both_paths,5,forward,0.22592592592592592,forward,0.11,0.22592592592592592,0.11,0.251727819442749,0.00509116637228834,0.242431640625,0.2662353515625,16384,2181140.0,-1.191867,-0.03047452,-0.7249609427079305,-0.6860914251544157,-0.060911311573561645,0.4493076,0.0002242303,-3.0530446419502075,2.3817740151793614
both_paths,5,forward,0.22592592592592592,forward,0.12,0.22592592592592592,0.12,0.2771010771393776,0.0019085738612929454,0.271484375,0.283447265625,16384,2181614.0,-1.225269,0.1129508,-0.7509959393110478,-0.6211567866843892,0.2239851456999793,0.4570456,0.0002080866,2.7955116997431553,2.420365412629419
both_paths,5,forward,0.22592592592592592,forward,0.13,0.22592592592592592,0.13,0.2862911894917488,0.00294477699022093,0.2794189453125,0.294189453125,16384,2182063.0,-1.256662,0.2755837,-0.6892376812461015,-0.500707965550342,0.5236821096666706,0.5099879,0.0002021794,2.333771104791099,2.331232703761251
both_paths,5,forward,0.22592592592592592,forward,0.14,0.22592592592592592,0.14,0.29780226945877075,0.001282683235033785,0.2930908203125,0.3021240234375,16384,2182538.0,-1.330272,0.4433799,-0.5602093570304262,-0.2923981640942185,0.7750282510527516,0.4929779,0.000185396,1.9315593247697933,2.1654348447000635
both_paths,5,forward,0.22592592592592592,forward,0.15,0.22592592592592592,0.15,0.29710834473371506,0.0023487515099752825,0.2911376953125,0.304931640625,16384,2183038.0,-0.6063208,0.6162128,0.11636418639274805,-0.31088680741758584,0.9432967555858839,0.3296418,0.0001622124,1.8891603649183377,1.4541679199651867
both_paths,5,forward,0.22592592592592592,forward,0.16,0.22592592592592592,0.16,0.29560165852308273,0.003577950973846995,0.2867431640625,0.304931640625,16384,2183514.0,-0.1751223,0.3544274,0.7130215186156873,-0.26047083318033765,0.6509648677565631,0.3511213,0.0001474607,1.951415112988279,0.7769980822465515
both_paths,5,forward,0.22592592592592592,forward,0.17,0.22592592592592592,0.17,0.2785571813583374,0.004637288003542318,0.26806640625,0.2891845703125,16384,2183988.0,-0.2344146,0.03518826,0.8898896123253814,-0.45072363465086773,0.07031844027346892,0.2198538,0.0001752274,2.986827934866751,0.47369319929042003
both_paths,5,forward,0.22592592592592592,forward,0.18,0.22592592592592592,0.18,0.23072152584791183,0.004176724540909906,0.2218017578125,0.2406005859375,16384,2184462.0,-0.1671808,-0.2957611,0.7841222862303251,-0.27240840054022675,-0.5576252357560977,0.5915274,0.0001822126,-2.0252139505280957,0.6695157503233365
both_paths,5,forward,0.22592592592592592,forward,0.19,0.22592592592592592,0.19,0.21134782582521439,0.004894706204314288,0.199462890625,0.2222900390625,16384,2184925.0,-0.07132166,-0.4018037,0.6870647435918369,-0.09867535868246868,-0.7198647176393419,0.6932861,0.000200492,-1.7070222185187036,0.8133547659586082
both_paths,5,forward,0.22592592592592592,forward,0.2,0.22592592592592592,0.2,0.18454941362142563,0.004196533140969146,0.1754150390625,0.1956787109375,16384,2185399.0,0.04791498,-0.5234281,0.4980001445764253,0.04786995975639753,-0.8658546777345378,0.716663,0.0002305156,-1.515566185510771,1.0495052500479065
both_paths,6,forward,0.2711111111111111,forward,0.0,0.2711111111111111,0.0,0.20099931210279465,0.004346188594655219,0.191650390625,0.2119140625,16384,2185874.0,0.1770598,-0.4797389,0.5383354660626242,0.19902481373586145,-0.8188919644840478,0.7275876,0.0002157325,-1.3323773916044392,1.002335633556354
both_paths,6,forward,0.2711111111111111,forward,0.01,0.2711111111111111,0.01,0.1789710521697998,0.00571067072285105,0.166259765625,0.191650390625,16384,2186349.0,-0.122801,-0.5328686,0.46933911847370124,-0.11764566925814365,-0.8751458669131292,0.7612841,0.0002338172,-1.7044250019713265,1.0822541327169664
both_paths,6,forward,0.2711111111111111,forward,0.02,0.2711111111111111,0.02,0.16715854406356812,0.003123736248031167,0.160400390625,0.176025390625,16384,2186848.0,0.06840883,-0.5915123,0.3745929513388469,0.05157313376184556,-0.9257539266356017,0.7500379,0.0002523762,-1.5151445185871364,1.186838604766489
both_paths,6,forward,0.2711111111111111,forward,0.03,0.2711111111111111,0.03,0.1582893654704094,0.002566882669139095,0.1527099609375,0.1654052734375,16384,2187325.0,-0.395816,-0.5624049,0.30310188941248706,-0.30690461957507864,-0.9021855680058603,0.7463872,0.0002621114,-1.8986953116019525,1.2628503391203991
both_paths,6,forward,0.2711111111111111,forward,0.04,0.2711111111111111,0.04,0.15598417073488235,0.0011432776391946248,0.1519775390625,0.1607666015625,16384,2187807.0,0.09349104,-0.6356203,0.2899521465882178,0.054856655469559375,-0.9554676865491468,0.7318297,0.0002654359,-1.513445878926718,1.276619490840019
both_paths,6,forward,0.2711111111111111,forward,0.05,0.2711111111111111,0.05,0.15091028064489365,0.0008073182292575794,0.1483154296875,0.154296875,16384,2188279.0,0.3901092,-0.660139,0.1762017489119133,0.17438577226125576,-0.9687840554598474,0.7000123,0.0002799008,-1.3926987470904857,1.3936698414541777
both_paths,6,forward,0.2711111111111111,forward,0.06,0.2711111111111111,0.06,0.15741627663373947,0.001991681622115853,0.15185546875,0.1632080078125,16384,2188753.0,-0.4964327,-0.7490117,0.03972019158042242,-0.060900435185022465,-0.9973532189626148,0.627719,0.0002833629,-1.6317826577256416,1.5310656834102525
both_paths,6,forward,0.2711111111111111,forward,0.07,0.2711111111111111,0.07,0.1643325239419937,0.0033075104611510037,0.156982421875,0.1756591796875,16384,2189227.0,-1.351435,-0.6619056,-0.22132805195256502,-0.10385177297457013,-0.9696539087060502,0.5686078,0.0002981098,-1.6774915039118028,1.793972413362687
both_paths,6,forward,0.2711111111111111,forward,0.08,0.2711111111111111,0.08,0.1810717135667801,0.003928410803715753,0.1705322265625,0.18798828125,16384,2189700.0,-1.282694,-0.6868955,-0.16412966682638636,-0.10664446481437934,-0.980657132025212,0.4912983,0.0002695716,-1.6791186166683052,1.7356719749985228
both_paths,6,forward,0.2711111111111111,forward,0.09,0.2711111111111111,0.09,0.20605385303497314,0.001955023331592281,0.2003173828125,0.2115478515625,16384,2190185.0,-1.146888,-0.3612755,-0.49629659256030517,-0.5624691089872963,-0.6613003808013931,0.4768354,0.0002771558,-2.2756096692305645,2.0901240288669554
both_paths,6,forward,0.2711111111111111,forward,0.1,0.2711111111111111,0.1,0.22574711591005325,0.006124592788871469,0.2139892578125,0.2408447265625,16384,2190658.0,-1.143434,-0.2773679,-0.557988328798353,-0.6412615658522789,-0.5267187381188412,0.4371386,0.0002569538,-2.4539510401043754,2.1627560036699847
both_paths,6,forward,0.2711111111111111,forward,0.11,0.2711111111111111,0.11,0.24609515815973282,0.00520747735210967,0.2369384765625,0.2591552734375,16384,2191131.0,-1.253639,-0.1574567,-0.7658672113942987,-0.5634821936344824,-0.3097341310995482,0.4087227,0.0002347336,-2.6389961945304643,2.443185274457379
both_paths,6,forward,0.2711111111111111,forward,0.12,0.2711111111111111,0.12,0.27505533397197723,0.0046348032950206276,0.2635498046875,0.2847900390625,16384,2191603.0,-1.248109,0.05208573,-0.7945438178032346,-0.5982370975140507,0.10398315608128296,0.4914788,0.0002178466,2.9694960728461144,2.4890522568181486
both_paths,6,forward,0.2711111111111111,forward,0.13,0.2711111111111111,0.13,0.29139189422130585,0.004058245695828816,0.281494140625,0.2991943359375,16384,2192078.0,-1.178443,0.1762265,-0.6640988048425696,-0.6631809777091356,0.3452010547658071,0.5244193,0.0001952742,2.66166164651883,2.2970841198015206
both_paths,6,forward,0.2711111111111111,forward,0.14,0.2711111111111111,0.14,0.30118224769830704,0.0007603329362768308,0.298095703125,0.30419921875,16384,2192551.0,-1.086917,0.3311667,-0.44722908990041277,-0.6494706491528892,0.6149585490386918,0.49831,0.00017523,2.3834823237361586,2.034461259137072
both_paths,6,forward,0.2711111111111111,forward,0.15,0.2711111111111111,0.15,0.29813188314437866,0.0023782799522978964,0.2913818359375,0.3033447265625,16384,2193025.0,-0.7746854,0.3372111,0.016733510599514688,-0.7808886174636013,0.6244461199645662,0.402813,0.0001598088,2.467058494083476,1.5540620351708634
both_paths,6,forward,0.2711111111111111,forward,0.16,0.2711111111111111,0.16,0.2844049111008644,0.0035628970652859487,0.2772216796875,0.2933349609375,16384,2193498.0,-0.5446672,0.2684428,0.39792335403941015,-0.7616189115302088,0.5114622546284,0.1536191,0.0001758208,2.550219543414258,1.161544169965484
both_paths,6,forward,0.2711111111111111,forward,0.17,0.2711111111111111,0.17,0.26936250925064087,0.0038879868091822966,0.2591552734375,0.27685546875,16384,2193971.0,-0.3498833,-0.2712185,0.6551802870787024,-0.5515893868139802,-0.5162246989225203,0.2310528,0.0001836876,-2.3893011582101753,0.856375089541153
both_paths,6,forward,0.2711111111111111,forward,0.18,0.2711111111111111,0.18,0.24932193756103516,0.007391198001110186,0.23486328125,0.265625,16384,2194445.0,-0.2032388,-0.2098828,0.8387774837563555,-0.3610515937262831,-0.40754641381205625,0.5020669,0.0001703337,-2.2957750910383496,0.575762317660443
both_paths,6,forward,0.2711111111111111,forward,0.19,0.2711111111111111,0.19,0.2153700292110443,0.007661374330326559,0.19873046875,0.2301025390625,16384,2194918.0,-0.1423265,-0.4666801,0.5711881937485824,-0.16712901237870015,-0.8036242533320856,0.5943972,0.0002118432,-1.7758426080259115,0.9628436287059347
both_paths,6,forward,0.2711111111111111,forward,0.2,0.2711111111111111,0.2,0.18996186554431915,0.004787298382969015,0.1785888671875,0.2017822265625,16384,2195405.0,-0.2661782,-0.4898103,0.4802095630812524,-0.2828850879217139,-0.8302859763700918,0.7248546,0.0002313498,-1.8991693472024544,1.0699027174239404
both_paths,7,forward,0.3162962962962963,forward,0.0,0.3162962962962963,0.0,0.1940913274884224,0.006066307166034537,0.1802978515625,0.205322265625,16384,2195878.0,-0.0143156,-0.4764834,0.5790298822353359,-0.01658285185192794,-0.8151376598483167,0.7608123,0.0002106344,-1.5911371422923013,0.9532580209108784
both_paths,7,forward,0.3162962962962963,forward,0.01,0.3162962962962963,0.01,0.18643030524253845,0.005139134478833694,0.17578125,0.19677734375,16384,2196351.0,0.2153463,-0.5285972,0.4464489399061,0.20512523651843684,-0.8709804713080397,0.7348445,0.0002320435,-1.3395004314130885,1.1080034462016317
both_paths,7,forward,0.3162962962962963,forward,0.02,0.3162962962962963,0.02,0.1737205684185028,0.0049095582098423254,0.1650390625,0.186279296875,16384,2196825.0,0.2295555,-0.5406049,0.4215639990145152,0.208396804701826,-0.8825273743771118,0.7628507,0.0002412304,-1.3389077473214046,1.1356269489498605
both_paths,7,forward,0.3162962962962963,forward,0.03,0.3162962962962963,0.03,0.15899144113063812,0.001683212458741579,0.1536865234375,0.1634521484375,16384,2197300.0,0.3296653,-0.5872635,0.30507912262641607,0.23644634616267082,-0.9225073735877771,0.7434558,0.0002618228,-1.3198892588342241,1.2607748151584228
both_paths,7,forward,0.3162962962962963,forward,0.04,0.3162962962962963,0.04,0.15540840476751328,0.0012975544701694943,0.1513671875,0.160400390625,16384,2197775.0,0.2816041,-0.6499166,0.22631862000460584,0.1429038663666121,-0.9635135532086118,0.7109972,0.0002731558,-1.42355434768512,1.3424997578495874
both_paths,7,forward,0.3162962962962963,forward,0.05,0.3162962962962963,0.05,0.15408801287412643,0.0008612627302836762,0.1512451171875,0.157958984375,16384,2198274.0,0.5555156,-0.6230209,0.14158609800392163,0.28594224680249397,-0.9477290796137711,0.6757987,0.0002775583,-1.2777686536335626,1.4287328558970571
both_paths,7,forward,0.3162962962962963,forward,0.06,0.3162962962962963,0.06,0.16196337342262268,0.002600699115030306,0.1553955078125,0.1688232421875,16384,2198747.0,0.938629,-0.756205,-0.017604393551153993,0.055634311067568505,-0.9982960025762565,0.5893904,0.0002816414,-1.5151246396835611,1.5884016297828643
both_paths,7,forward,0.3162962962962963,forward,0.07,0.3162962962962963,0.07,0.1746971532702446,0.0027778463151864282,0.1683349609375,0.18115234375,16384,2199220.0,-1.007231,-0.6072878,-0.14969546491585128,-0.3149716972023013,-0.937221477424162,0.5308776,0.0002813071,-1.8950075444526966,1.7210565867398053
both_paths,7,forward,0.3162962962962963,forward,0.08,0.3162962962962963,0.08,0.19536594301462173,0.005268706541218412,0.1844482421875,0.2076416015625,16384,2199682.0,-1.211601,-0.4132671,-0.510013385280881,-0.4458662363718536,-0.7355879594568783,0.481985,0.000285486,-2.1157152743666527,2.105996678266709
both_paths,7,forward,0.3162962962962963,forward,0.09,0.3162962962962963,0.09,0.22330934554338455,0.004598815932239964,0.2147216796875,0.235595703125,16384,2200155.0,-1.28175,-0.3439121,-0.6470818707158963,-0.42218583660568837,-0.6348575997500315,0.3621789,0.0002484488,-2.157650239153616,2.274547063459562
both_paths,7,forward,0.3162962962962963,forward,0.1,0.3162962962962963,0.1,0.24660174548625946,0.005577736955145586,0.232177734375,0.26025390625,16384,2200628.0,-1.239684,-0.07006917,-0.7808951509665918,-0.6088449990922801,-0.13968009978943063,0.4016959,0.000231745,-2.9160769422887256,2.466893879489589
both_paths,7,forward,0.3162962962962963,forward,0.11,0.3162962962962963,0.11,0.2590262144804001,0.005348744642297723,0.2469482421875,0.2705078125,16384,2201101.0,-1.215092,-0.0278686,-0.7562666709510036,-0.6518874923434863,-0.05570834528872231,0.4591459,0.0002251427,-3.056342781047443,2.4283843117688475
both_paths,7,forward,0.3162962962962963,forward,0.12,0.3162962962962963,0.12,0.2820235788822174,0.003092034444589187,0.27490234375,0.290283203125,16384,2201573.0,-1.170455,0.1038749,-0.6812464489504396,-0.7023963710726427,0.20625860878130264,0.4905848,0.0001999087,2.855971792525903,2.320260288625705
both_paths,7,forward,0.3162962962962963,forward,0.13,0.3162962962962963,0.13,0.29542354494333267,0.0020375492039011104,0.2891845703125,0.3004150390625,16384,2202046.0,-1.21309,0.2945824,-0.6275633588283052,-0.5453426516462188,0.5556668272909646,0.5235639,0.0001920952,2.346817756147373,2.2492159209890064
both_paths,7,forward,0.3162962962962963,forward,0.14,0.3162962962962963,0.14,0.3012627884745598,0.000822150791885882,0.2979736328125,0.3043212890625,16384,2202520.0,-1.041043,0.3282009,-0.38762204525797855,-0.6908829592046355,0.6102703390389111,0.4927223,0.0001735162,2.4180701479342304,1.9688468812758098
both_paths,7,forward,0.3162962962962963,forward,0.15,0.3162962962962963,0.15,0.2987341284751892,0.002363022033162465,0.29150390625,0.304443359375,16384,2202994.0,-0.9950918,0.2995102,-0.3363024784577158,-0.7543157146724438,0.5638337038359785,0.3894254,0.0001734132,2.499708173298175,1.9137842506362344
both_paths,7,forward,0.3162962962962963,forward,0.16,0.3162962962962963,0.16,0.2962776869535446,0.0012888149199013993,0.29248046875,0.300537109375,16384,2203468.0,-0.8874032,0.1440288,-0.19425032344252136,-0.9389139789760346,0.2840903939345123,0.3300441,0.0001689573,2.847776618021477,1.7662894853612516
both_paths,7,forward,0.3162962962962963,forward,0.17,0.3162962962962963,0.17,0.2784515246748924,0.003665577357769126,0.2711181640625,0.2872314453125,16384,2203918.0,-0.2742451,-0.1170888,0.8300219618341269,-0.5071681550325503,-0.23204311106754782,0.202175,0.000171285,-2.712496952757612,0.5916492664510982
both_paths,7,forward,0.3162962962962963,forward,0.18,0.3162962962962963,0.18,0.24442420899868011,0.0026038119758396675,0.23779296875,0.2508544921875,16384,2204407.0,-0.1714321,-0.3330665,0.7404558751066834,-0.26431516686969575,-0.6179503131989178,0.5233653,0.0001850577,-1.9749760487390264,0.7370479420174578
both_paths,7,forward,0.3162962962962963,forward,0.19,0.3162962962962963,0.19,0.222498819231987,0.006625707423823878,0.209228515625,0.2369384765625,16384,2204879.0,0.09648396,-0.4139137,0.6639215645384087,0.1297298079976227,-0.7364633955993818,0.6276593,0.0001985867,-1.3964327055224521,0.8447455736818594
both_paths,7,forward,0.3162962962962963,forward,0.2,0.3162962962962963,0.2,0.1980300322175026,0.0020983691739068213,0.192626953125,0.2052001953125,16384,2205363.0,0.08046641,-0.5736339,0.4056691842993443,0.06585500432014194,-0.9116444654117628,0.6408628,0.0002384006,-1.4986839909034353,1.1530854818973564
both_paths,8,forward,0.36148148148148146,forward,0.0,0.36148148148148146,0.0,0.2087184116244316,0.007279077599211014,0.1923828125,0.2227783203125,16384,2205835.0,0.226564,-0.4453885,0.5653500809084934,0.2752795890323317,-0.7775605660518997,0.7049592,0.0002090442,-1.2305360316223029,0.9699387178019371
both_paths,8,forward,0.36148148148148146,forward,0.01,0.36148148148148146,0.01,0.18925128877162933,0.004922011566605526,0.177490234375,0.2001953125,16384,2206307.0,0.4317967,-0.4327724,0.4211585278399739,0.4927693485734927,-0.761448529799698,0.7438439,0.0002333781,-0.9964291447294151,1.136074048261742
both_paths,8,forward,0.36148148148148146,forward,0.02,0.36148148148148146,0.02,0.17833160609006882,0.00391783961526732,0.169921875,0.1885986328125,16384,2206802.0,0.441471,-0.4502376,0.3944119107046903,0.4799744538294222,-0.7836222102297914,0.7693897,0.0002428248,-1.0212308845119793,1.1653685328936592
both_paths,8,forward,0.36148148148148146,forward,0.03,0.36148148148148146,0.03,0.15874183923006058,0.0017355353970543751,0.1546630859375,0.1656494140625,16384,2207273.0,0.4676777,-0.5429852,0.2766183753843312,0.37508523758194573,-0.8847560900880131,0.7545378,0.0002645718,-1.169822183621787,1.2905229428252933
both_paths,8,forward,0.36148148148148146,forward,0.04,0.36148148148148146,0.04,0.15546726435422897,0.001729251545403506,0.151123046875,0.161865234375,16384,2207720.0,0.5700153,-0.5021912,0.22407024404209286,0.4875881927064195,-0.8438307176609562,0.7503928,0.0002724638,-1.046840058584701,1.3448074090790165
both_paths,8,forward,0.36148148148148146,forward,0.05,0.36148148148148146,0.05,0.15337897837162018,0.0007606028466489514,0.1507568359375,0.1572265625,16384,2208195.0,0.557443,-0.5471285,0.2019593651903521,0.411854778649732,-0.88858767497377,0.727122,0.0002751672,-1.1367778811802367,1.3674382276265067
both_paths,8,forward,0.36148148148148146,forward,0.06,0.36148148148148146,0.06,0.15328291803598404,0.0007855506881042828,0.1505126953125,0.15625,16384,2208644.0,0.6776521,-0.528607,0.10505391458763708,0.4799374115948572,-0.8709901009663898,0.6883512,0.0002837255,-1.067166427983996,1.465548211327209
both_paths,8,forward,0.36148148148148146,forward,0.07,0.36148148148148146,0.07,0.15821373462677002,0.0016741638499308009,0.1536865234375,0.16357421875,16384,2209093.0,0.7978078,-0.5811214,-0.009859246175579399,0.3971599648057647,-0.9176964408889974,0.6179718,0.0002875439,-1.1623550910715579,1.5806557327050321
both_paths,8,forward,0.36148148148148146,forward,0.08,0.36148148148148146,0.08,0.17023053020238876,0.004087675594806212,0.163818359375,0.1824951171875,16384,2209566.0,0.9363158,-0.5256077,-0.14760092975914516,0.47407015868976843,-0.868027332619252,0.5596053,0.0002856903,-1.0709164091427121,1.718938519741975
both_paths,8,forward,0.36148148148148146,forward,0.09,0.36148148148148146,0.09,0.20174811035394669,0.00541827167434844,0.1910400390625,0.215576171875,16384,2210027.0,-1.560041,-0.4821431,-0.5698716421480443,-0.012260202508711245,-0.8216422572567313,0.4372387,0.0002763505,-1.58571680172889,2.177145969840999
both_paths,8,forward,0.36148148148148146,forward,0.1,0.36148148148148146,0.1,0.224136084318161,0.006590809938665236,0.207763671875,0.2373046875,16384,2210524.0,-1.417979,-0.3782438,-0.6935476976638629,-0.218828809325622,-0.6863712867495882,0.3987345,0.0002585586,-1.8794284016037153,2.3371983295617897
both_paths,8,forward,0.36148148148148146,forward,0.11,0.36148148148148146,0.11,0.24301447719335556,0.005201171032539914,0.228759765625,0.2523193359375,16384,2210997.0,-1.27457,-0.1763115,-0.7785300064436674,-0.5240392020309206,-0.34536059966594224,0.4387408,0.0002419537,-2.558891573351024,2.4631165109540696
both_paths,8,forward,0.36148148148148146,forward,0.12,0.36148148148148146,0.12,0.2744694799184799,0.0032149677114644832,0.267333984375,0.2823486328125,16384,2211471.0,-1.214365,-0.02317924,-0.7556800499090106,-0.6532993897261332,-0.0463418768823291,0.4920486,0.0002112682,-3.0707761430221714,2.427488162967027
both_paths,8,forward,0.36148148148148146,forward,0.13,0.36148148148148146,0.13,0.29212817549705505,0.004511417314764575,0.281494140625,0.30224609375,16384,2211943.0,-1.148363,0.1232082,-0.6437785363800111,-0.725291156474248,0.24393018352934198,0.5341043,0.0001922295,2.8171561876826434,2.2702222936809875
both_paths,8,forward,0.36148148148148146,forward,0.14,0.36148148148148146,0.14,0.30359990894794464,0.0008330889374662502,0.2998046875,0.3067626953125,16384,2212390.0,-0.9933422,0.1113031,-0.39403385663381674,-0.8921865991583613,0.2207722629963247,0.5263153,0.0001695354,2.899014698973054,1.9758127518594306
both_paths,8,forward,0.36148148148148146,forward,0.15,0.36148148148148146,0.15,0.3015078529715538,0.0012034159850909931,0.297119140625,0.3052978515625,16384,2212873.0,-0.8677348,0.2140003,-0.14914312162918159,-0.8974896554022295,0.4150525842790171,0.4354283,0.0001619535,2.708425879343502,1.7204979723989866
both_paths,8,forward,0.36148148148148146,forward,0.16,0.36148148148148146,0.16,0.29470060765743256,0.0037032394022825208,0.2852783203125,0.30322265625,16384,2213350.0,-0.7649809,0.2171727,0.03703257180973163,-0.9063894943761885,0.4208166739919349,0.3515557,0.0001624694,2.706928809855717,1.5337552852754646
both_paths,8,forward,0.36148148148148146,forward,0.17,0.36148148148148146,0.17,0.27693967521190643,0.006353411339572921,0.2669677734375,0.2921142578125,16384,2213825.0,-0.3725109,-0.1323336,0.7094775902369601,-0.6543800349426538,-0.26158807086716956,0.2627108,0.0001685611,-2.7613022709577395,0.7820396870947457
both_paths,8,forward,0.36148148148148146,forward,0.18,0.36148148148148146,0.18,0.25955428183078766,0.0042911967340607095,0.250732421875,0.2716064453125,16384,2214299.0,0.2686471,-0.2899915,0.7186102966383934,0.42811749766373003,-0.5480097168476362,0.428131,0.0001781476,-0.9076104378000984,0.7689944625005163
both_paths,8,forward,0.36148148148148146,forward,0.19,0.36148148148148146,0.19,0.22404175251722336,0.007140567364619845,0.209228515625,0.2369384765625,16384,2214773.0,0.4277238,-0.3006852,0.5408136797784222,0.6224319205604237,-0.5657729827695774,0.7198477,0.0002029517,-0.7377497719137223,0.9993921670963347
both_paths,8,forward,0.36148148148148146,forward,0.2,0.36148148148148146,0.2,0.19660679250955582,0.006534022219458122,0.1820068359375,0.20849609375,16384,2215259.0,0.4299584,-0.2977511,0.540183585939548,0.6273478373760318,-0.5609245799758708,0.8625492,0.0002122615,-0.7295572622682869,1.0001410797926171
both_paths,9,forward,0.4066666666666666,forward,0.0,0.4066666666666666,0.0,0.20681778341531754,0.0063957361900850605,0.195068359375,0.2218017578125,16384,2215733.0,0.5191866,-0.2800237,0.4300730150124922,0.729955998096222,-0.5312263572164064,0.774797,0.0002195093,-0.6291091654955645,1.1262226747122395
both_paths,9,forward,0.4066666666666666,forward,0.01,0.4066666666666666,0.01,0.19057229161262512,0.005652460449686998,0.17626953125,0.20068359375,16384,2216231.0,0.5871774,-0.1813383,0.36102023763961877,0.8624366445931585,-0.354777989843687,0.8729608,0.0002364934,-0.3902669603396234,1.2014346441183559
both_paths,9,forward,0.4066666666666666,forward,0.02,0.4066666666666666,0.02,0.17618513852357864,0.003048086361859697,0.1673583984375,0.183349609375,16384,2216703.0,0.6360104,-0.1827456,0.27490787468738087,0.8925721906386735,-0.357408092988039,0.8731322,0.0002564749,-0.38087258062933316,1.2923024428062735
both_paths,9,forward,0.4066666666666666,forward,0.03,0.4066666666666666,0.03,0.16391655057668686,0.003173584545477367,0.1552734375,0.17333984375,16384,2217151.0,0.590467,-0.3165525,0.3064030816234038,0.7456986226834267,-0.591650839346757,0.8415444,0.0002579603,-0.6707147284442159,1.2593842692989765
both_paths,9,forward,0.4066666666666666,forward,0.04,0.4066666666666666,0.04,0.15653046220541,0.0013120425341186619,0.1529541015625,0.1619873046875,16384,2217649.0,0.6402762,-0.315973,0.23091758362465115,0.773131038397369,-0.590716062960504,0.8294297,0.0002719028,-0.6524369582267813,1.3377756775802534
both_paths,9,forward,0.4066666666666666,forward,0.05,0.4066666666666666,0.05,0.15163613110780716,0.0007122693300587417,0.149169921875,0.154541015625,16384,2218122.0,0.7110215,-0.3959229,0.1041191359058879,0.6947746020317304,-0.7116512192850244,0.7493642,0.0002876187,-0.7973972372463125,1.4664881448362308
both_paths,9,forward,0.4066666666666666,forward,0.06,0.4066666666666666,0.06,0.15556498616933823,0.0016322457916592187,0.1513671875,0.1612548828125,16384,2218570.0,0.8139611,-0.447188,-0.03574166630207144,0.6249843803786017,-0.7798186055569121,0.6477919,0.0002954502,-0.895172832416673,1.6065456072730098
both_paths,9,forward,0.4066666666666666,forward,0.07,0.4066666666666666,0.07,0.17288382351398468,0.004210788617486304,0.1617431640625,0.181640625,16384,2219047.0,1.098879,-0.5522345,-0.2637796335406267,0.36409940596466156,-0.8932255748159886,0.537024,0.0002974581,-1.1837356078558083,1.8377348546293972
both_paths,9,forward,0.4066666666666666,forward,0.08,0.4066666666666666,0.08,0.19023866951465607,0.0051865853805649845,0.1800537109375,0.2037353515625,16384,2219528.0,1.299434,-0.4708738,-0.5038289688802421,0.30387907987141044,-0.8085875802493983,0.4906178,0.0002914008,-1.2113116109871165,2.0988220867819027
both_paths,9,forward,0.4066666666666666,forward,0.09,0.4066666666666666,0.09,0.21943777799606323,0.002884648463096523,0.2122802734375,0.226806640625,16384,2220014.0,-1.448002,-0.362168,-0.7264671788964872,-0.182087700773508,-0.6626382928968085,0.423118,0.00026301,-1.838969150060369,2.3839633251889776
both_paths,9,forward,0.4066666666666666,forward,0.1,0.4066666666666666,0.1,0.24082177877426147,0.004756541358455147,0.2301025390625,0.251953125,16384,2220487.0,-1.346484,-0.256133,-0.7853828578574642,-0.37805182804687637,-0.49015363090979674,0.4162893,0.0002426438,-2.227785962210969,2.4741107113496317
both_paths,9,forward,0.4066666666666666,forward,0.11,0.4066666666666666,0.11,0.2604037895798683,0.004987441182730083,0.2484130859375,0.270751953125,16384,2220959.0,-1.280163,-0.15811,-0.7943285277857941,-0.5218582044412933,-0.31097621195673847,0.4107939,0.0002181814,-2.604192029077,2.4886977810503907
both_paths,9,forward,0.4066666666666666,forward,0.12,0.4066666666666666,0.12,0.2852792367339134,0.0025572171874663737,0.2781982421875,0.2911376953125,16384,2221430.0,-1.194197,-0.01660989,-0.7291023163562137,-0.6835983209346553,-0.03321367036814216,0.5364645,0.000206543,-3.093044301416262,2.3878057324909303
both_paths,9,forward,0.4066666666666666,forward,0.13,0.4066666666666666,0.13,0.29484545439481735,0.0018117110734564618,0.2900390625,0.3004150390625,16384,2221884.0,-1.138958,-0.1422105,-0.6235467158529929,-0.7296931857820621,-0.2806017601016999,0.5196858,0.000182966,-2.774477874450023,2.244067550408285
both_paths,9,forward,0.4066666666666666,forward,0.14,0.4066666666666666,0.14,0.3037851005792618,0.0009887190626579195,0.300048828125,0.3074951171875,16384,2222361.0,-0.9839836,-0.08294446,-0.3815008316787003,-0.909499582997825,-0.16512911298508992,0.5034619,0.0001645315,-2.9619886927022785,1.9622157095494386
both_paths,9,forward,0.4066666666666666,forward,0.15,0.4066666666666666,0.15,0.30126915127038956,0.002707638563188358,0.292724609375,0.3067626953125,16384,2222838.0,-0.8789016,-0.005502304,-0.18590753280269903,-0.9825056196981353,-0.011004385889110768,0.3484697,0.0001602693,-3.1303927932062363,1.7577917428592353
both_paths,9,forward,0.4066666666666666,forward,0.16,0.4066666666666666,0.16,0.29128891974687576,0.0036185073522766093,0.281494140625,0.299560546875,16384,2223313.0,-0.5445469,-0.07343248,0.4583012028580593,-0.8766671683991869,-0.1463375662972698,0.3526828,0.0001561058,-2.9761927472086245,1.0947134167440764
both_paths,9,forward,0.4066666666666666,forward,0.17,0.4066666666666666,0.17,0.272140771150589,0.004904684881990117,0.2615966796875,0.28515625,16384,2223786.0,0.2780294,-0.2345792,0.757569883235631,0.4708089924428892,-0.4521357812087691,0.3996922,0.0001685194,-0.7651687147010677,0.7112141653240742
both_paths,9,forward,0.4066666666666666,forward,0.18,0.4066666666666666,0.18,0.24115823209285736,0.0053502301860044645,0.229736328125,0.2513427734375,16384,2224258.0,0.2365712,-0.247641,0.7831767239684179,0.40092810624526287,-0.4752797835556272,0.6792516,0.000172022,-0.8700515737784089,0.6710378975741723
both_paths,9,forward,0.4066666666666666,forward,0.19,0.4066666666666666,0.19,0.22020328789949417,0.005079870852145291,0.206787109375,0.2308349609375,16384,2224730.0,0.4120977,-0.401647,0.4715594325916487,0.5096466281439791,-0.719647146840252,0.5944731,0.0002147241,-0.9545951044806493,1.0797379867865418
both_paths,9,forward,0.4066666666666666,forward,0.2,0.4066666666666666,0.2,0.1988864466547966,0.006665186941524922,0.18701171875,0.215087890625,16384,2225215.0,0.511083,-0.3111264,0.4237694048735491,0.6933147411919435,-0.5828671899661763,0.7857029,0.0002294404,-0.6990679723898712,1.133193491176819
both_paths,10,forward,0.45185185185185184,forward,0.0,0.45185185185185184,0.0,0.20469529926776886,0.002378417949624042,0.1990966796875,0.21337890625,16384,2225686.0,0.4339528,-0.3140485,0.5230537328444945,0.6173604804371758,-0.5876060157553014,0.7874996,0.0002106568,-0.7607099921020049,1.0203663658620459
both_paths,10,forward,0.45185185185185184,forward,0.01,0.45185185185185184,0.01,0.19068312644958496,0.003449161025932335,0.183349609375,0.199951171875,16384,2226159.0,0.5359734,-0.2669558,0.4118311549093686,0.7559175814023672,-0.5089044212549261,0.8330368,0.0002305311,-0.5925309007269224,1.1463336994741247
both_paths,10,forward,0.45185185185185184,forward,0.02,0.45185185185185184,0.02,0.1743713915348053,0.004575121084716967,0.1656494140625,0.1868896484375,16384,2226631.0,0.5556923,-0.2730857,0.3789117799541076,0.7659173049489274,-0.5194194307029548,0.910067,0.0002389391,-0.5959218035947758,1.182176217717525
both_paths,10,forward,0.45185185185185184,forward,0.03,0.45185185185185184,0.03,0.1601487472653389,0.0021775091580626183,0.1546630859375,0.16650390625,16384,2227109.0,0.6223884,-0.287589,0.26874111819267504,0.7948958717430723,-0.5439841582972539,0.866681,0.0002646592,-0.6001427812506641,1.298710495813799
both_paths,10,forward,0.45185185185185184,forward,0.04,0.45185185185185184,0.04,0.15251274406909943,0.000839313076577332,0.149658203125,0.1561279296875,16384,2227561.0,0.6896793,-0.3164512,0.15341784378134268,0.7915841785548088,-0.5914874922356281,0.7987203,0.0002835664,-0.6417195028084448,1.4167701843107263
both_paths,10,forward,0.45185185185185184,forward,0.05,0.45185185185185184,0.05,0.15358196198940277,0.0009263741828492413,0.150390625,0.1573486328125,16384,2228033.0,0.7745289,-0.1753746,0.020413380692924865,0.938893663049192,-0.3436014891917032,0.7959209,0.0002991706,-0.35082545664508125,1.550381528105975
both_paths,10,forward,0.45185185185185184,forward,0.06,0.45185185185185184,0.06,0.16013532131910324,0.0022644553143536077,0.15478515625,0.1669921875,16384,2228505.0,0.8602478,-0.166894,-0.14090941061428086,0.9342413252636748,-0.3276243033871399,0.7147192,0.0003093864,-0.33728482364668055,1.7121762573034753
both_paths,10,forward,0.45185185185185184,forward,0.07,0.45185185185185184,0.07,0.16972101479768753,0.003592376514791357,0.1624755859375,0.1776123046875,16384,2229002.0,0.8954414,-0.1637593,-0.20670920480313398,0.9240042954793012,-0.3216945237107036,0.6703878,0.0003018322,-0.3350281065943932,1.7790066470338657
both_paths,10,forward,0.45185185185185184,forward,0.08,0.45185185185185184,0.08,0.18659257143735886,0.00622146146983364,0.1748046875,0.20263671875,16384,2229473.0,0.9498912,-0.1498936,-0.3086739051266732,0.9041616814978582,-0.2953169043668431,0.6607381,0.0002949718,-0.3156960514118885,1.884594867901548
both_paths,10,forward,0.45185185185185184,forward,0.09,0.45185185185185184,0.09,0.2116500735282898,0.005372003730841702,0.2001953125,0.22265625,16384,2229931.0,1.091865,-0.173519,-0.5409744462304823,0.7692003597998238,-0.34011388535231024,0.5410501,0.0002772504,-0.4163197105915222,2.1423916269344008
both_paths,10,forward,0.45185185185185184,forward,0.1,0.45185185185185184,0.1,0.22723940014839172,0.007176262963680373,0.2113037109375,0.23974609375,16384,2230402.0,1.215734,-0.2881819,-0.6357802619839701,0.5466091777765588,-0.5449787750381005,0.4697722,0.000255908,-0.783904558120974,2.2598152986432902
both_paths,10,forward,0.45185185185185184,forward,0.11,0.45185185185185184,0.11,0.24744153767824173,0.005343540370002915,0.234619140625,0.2579345703125,16384,2230875.0,1.517765,-0.2819226,-0.8404568061178229,0.08947684787460439,-0.53444012830686,0.4709239,0.000248352,-1.4049131614808068,2.568922003491601
both_paths,10,forward,0.45185185185185184,forward,0.12,0.45185185185185184,0.12,0.2696302458643913,0.00475319637142182,0.2568359375,0.280029296875,16384,2231349.0,1.548565,-0.3348082,-0.783284931367413,0.034849894832006734,-0.6206852673641813,0.4737361,0.0002165265,-1.5147077680239505,2.470728798157626
both_paths,10,forward,0.45185185185185184,forward,0.13,0.45185185185185184,0.13,0.28952641785144806,0.002970916280177184,0.2818603515625,0.2957763671875,16384,2231825.0,-1.267477,-0.2607971,-0.7123216345876738,-0.49429939154396346,-0.4982629831902145,0.5250572,0.0001965773,-2.352201219160691,2.363596871701277
both_paths,10,forward,0.45185185185185184,forward,0.14,0.45185185185185184,0.14,0.30182529240846634,0.001653482700267438,0.29736328125,0.30712890625,16384,2232300.0,-1.045093,-0.1038057,-0.48569178929543416,-0.8494802642462538,-0.20612318275030195,0.5154358,0.0001707015,-2.9035470720839918,2.0779507237328096
both_paths,10,forward,0.45185185185185184,forward,0.15,0.45185185185185184,0.15,0.3040012940764427,0.0008672820032172754,0.301025390625,0.3072509765625,16384,2232775.0,-0.888411,-0.1538819,-0.19495913369269235,-0.9328587251826862,-0.30292826715301513,0.3995871,0.0001572334,-2.8276039582232615,1.76701211096858
both_paths,10,forward,0.45185185185185184,forward,0.16,0.45185185185185184,0.16,0.2957596331834793,0.0018648403501851081,0.2904052734375,0.301025390625,16384,2233249.0,-0.8214783,-0.1410207,-0.06924903476550584,-0.9579896844046689,-0.27831696994306426,0.2720425,0.0001657293,-2.8588538985436744,1.6401008278064253
both_paths,10,forward,0.45185185185185184,forward,0.17,0.45185185185185184,0.17,0.276765801012516,0.005004263703030937,0.2630615234375,0.2862548828125,16384,2233749.0,0.1646029,-0.1845404,0.8825749820813755,0.3015209138932745,-0.3607582840199574,0.3210017,0.0001612921,-0.8746054810406787,0.4894852804127071
both_paths,10,forward,0.45185185185185184,forward,0.18,0.45185185185185184,0.18,0.24715565145015717,0.007636559849723402,0.2314453125,0.2608642578125,16384,2234224.0,0.2602389,-0.2196502,0.7852042962494097,0.4500763070271416,-0.4253063966181082,0.7145406,0.0001661255,-0.7571096186868784,0.6677703525343823
both_paths,10,forward,0.45185185185185184,forward,0.19,0.45185185185185184,0.19,0.21856778860092163,0.007107345555629856,0.2000732421875,0.2288818359375,16384,2234687.0,0.4174426,-0.3437283,0.5187938211172061,0.5728607121781709,-0.6345735383809565,0.6648424,0.0002080004,-0.8364644410593258,1.025356882650156
both_paths,10,forward,0.45185185185185184,forward,0.2,0.45185185185185184,0.2,0.1943288818001747,0.007909642103166652,0.1795654296875,0.212890625,16384,2235162.0,0.5570529,-0.2047242,0.4045290397820154,0.8233285808232147,-0.3981033835232651,0.9359012,0.0002274203,-0.4503843330398336,1.1543325327385439
both_paths,11,forward,0.497037037037037,forward,0.0,0.497037037037037,0.0,0.20114752650260925,0.005221241218350082,0.190673828125,0.212890625,16384,2235636.0,0.5279135,-0.2320909,0.44039496304713066,0.778218961853708,-0.44769132662366085,0.8843822,0.0002190314,-0.5220422895938004,1.1147577796717896
both_paths,11,forward,0.497037037037037,forward,0.01,0.497037037037037,0.01,0.20042399317026138,0.0038349762019582465,0.192626953125,0.2095947265625,16384,2236112.0,0.5180553,-0.2246804,0.4589830017949342,0.7750097010022625,-0.434389879504225,0.7904845,0.0002206046,-0.510865871748484,1.0939461617429231
both_paths,11,forward,0.497037037037037,forward,0.02,0.497037037037037,0.02,0.1761499121785164,0.0038796090551388358,0.16650390625,0.1842041015625,16384,2236587.0,0.6379742,-0.09825988,0.2850009997631489,0.9384290221285172,-0.19525726762638243,0.8704626,0.0002559697,-0.20514130205974146,1.2817888556014645
both_paths,11,forward,0.497037037037037,forward,0.03,0.497037037037037,0.03,0.1609887033700943,0.0019862460412142925,0.156005859375,0.166259765625,16384,2237062.0,0.6769369,-0.1798694,0.201448467928453,0.9140533678707914,-0.3520297650104928,0.8718104,0.0002759529,-0.3676224284071954,1.3679598459549656
both_paths,11,forward,0.497037037037037,forward,0.04,0.497037037037037,0.04,0.15693049132823944,0.0013979176791346424,0.1529541015625,0.16259765625,16384,2237537.0,0.7014934,-0.1320545,0.16123160369313844,0.9517655437294323,-0.2610492668826262,0.863697,0.0002814208,-0.2676957455681004,1.4088578698278045
both_paths,11,forward,0.497037037037037,forward,0.05,0.497037037037037,0.05,0.1544717624783516,0.0007258180490438955,0.15185546875,0.1575927734375,16384,2238011.0,0.7604804,-0.02823149,0.04973551538434336,0.9971668350307628,-0.05643298347762031,0.8169341,0.00029582,-0.05653301842867764,1.52104028407947
both_paths,11,forward,0.497037037037037,forward,0.06,0.497037037037037,0.06,0.15773248672485352,0.0022895759580391635,0.1522216796875,0.1651611328125,16384,2238485.0,0.7897913,-0.21315,-0.007999815923607469,0.9104668017508841,-0.4135047833516615,0.7309089,0.0002940589,-0.4263145328881319,1.5787962280484045
both_paths,11,forward,0.497037037037037,forward,0.07,0.497037037037037,0.07,0.16848310828208923,0.003022125793388799,0.1619873046875,0.178466796875,16384,2238960.0,0.866643,-0.2025441,-0.14868270403595227,0.906961290521381,-0.3940998236695221,0.6527903,0.0002939883,-0.4099129565409547,1.7200323634074717
both_paths,11,forward,0.497037037037037,forward,0.08,0.497037037037037,0.08,0.17958614230155945,0.0016918677738582077,0.1744384765625,0.1844482421875,16384,2239435.0,1.00289,-0.2487165,-0.37032681224723285,0.7969728297034321,-0.47717120705812394,0.5970727,0.0003015062,-0.5394848438339803,1.950157149406126
both_paths,11,forward,0.497037037037037,forward,0.09,0.497037037037037,0.09,0.20088492333889008,0.0031652234815732765,0.1917724609375,0.2093505859375,16384,2239898.0,1.135571,-0.1846295,-0.6010407527473931,0.7130803142579937,-0.36092447818701345,0.5558185,0.0002977461,-0.4685542425542524,2.2155990121779405
both_paths,11,forward,0.497037037037037,forward,0.1,0.497037037037037,0.1,0.22152521461248398,0.004436233234226477,0.211181640625,0.232177734375,16384,2240372.0,1.171372,-0.330567,-0.5505596671449626,0.5655731054559383,-0.6140123087513426,0.4567085,0.0002516216,-0.8264397043737857,2.153830840558455
both_paths,11,forward,0.497037037037037,forward,0.11,0.497037037037037,0.11,0.25546953082084656,0.006880594364531929,0.2381591796875,0.2681884765625,16384,2240847.0,1.514843,-0.3294833,-0.7856800285500543,0.08829169273038699,-0.6123001467682241,0.4496352,0.0002281318,-1.4275867016433412,2.474590931561324
both_paths,11,forward,0.497037037037037,forward,0.12,0.497037037037037,0.12,0.27547475695610046,0.003936626124537751,0.266845703125,0.2852783203125,16384,2241322.0,-1.491124,-0.3095589,-0.8040736038526922,-0.12922035148060762,-0.5803169309528821,0.5111153,0.0002163428,-1.7898938761463212,2.5049119492537977
both_paths,11,forward,0.497037037037037,forward,0.13,0.497037037037037,0.13,0.2915443554520607,0.0024456832435530876,0.2840576171875,0.2984619140625,16384,2241796.0,-1.154994,-0.1503317,-0.6434691551502397,-0.7058613935386612,-0.29615391181258444,0.5219023,0.0001865748,-2.744335484024056,2.2698180544719206
both_paths,11,forward,0.497037037037037,forward,0.14,0.497037037037037,0.14,0.30237772315740585,0.0010420918128842447,0.2991943359375,0.306396484375,16384,2242271.0,-1.050559,-0.06625807,-0.5013761995435795,-0.8550812414647562,-0.13212863817631765,0.5304317,0.0001709063,-2.9882834301636603,2.095984931058994
both_paths,11,forward,0.497037037037037,forward,0.15,0.497037037037037,0.15,0.30257486552000046,0.0013698175744138138,0.297119140625,0.3065185546875,16384,2242745.0,-0.7771365,-0.1779638,0.015487000424033568,-0.9371957093520644,-0.3484599764534613,0.4108252,0.0001510734,-2.7856204623364413,1.5553087072184664
both_paths,11,forward,0.497037037037037,forward,0.16,0.497037037037037,0.16,0.2867974042892456,0.0034231880523331298,0.280029296875,0.2962646484375,16384,2243220.0,0.04412571,-0.21475,0.9056359025252028,0.08013179299334337,-0.41641626746446087,0.2771575,0.0001535856,-1.3806882185542346,0.4379194269280573
both_paths,11,forward,0.497037037037037,forward,0.17,0.497037037037037,0.17,0.2715476304292679,0.005905890955975073,0.259033203125,0.283935546875,16384,2243693.0,0.1969884,-0.1089407,0.9015586655808999,0.37478812125712585,-0.21616159853346076,0.3679338,0.0001657589,-0.5231535614045666,0.4474376811689942
both_paths,11,forward,0.497037037037037,forward,0.18,0.497037037037037,0.18,0.24740824103355408,0.00390006047490782,0.2392578125,0.2564697265625,16384,2244168.0,0.4733856,-0.153382,0.5570285033113567,0.7736473155290744,-0.30197529315056015,0.5304052,0.0001906452,-0.37213971202757845,0.9799928277202576
both_paths,11,forward,0.497037037037037,forward,0.19,0.497037037037037,0.19,0.2231251299381256,0.004255678018970591,0.2138671875,0.2333984375,16384,2244655.0,0.4545155,-0.0598343,0.6101156673856437,0.7832665751856732,-0.11938318393926584,0.7964469,0.0001957835,-0.15125297238676305,0.9145897569714064
both_paths,11,forward,0.497037037037037,forward,0.2,0.497037037037037,0.2,0.19068129360675812,0.006012292879542285,0.176513671875,0.203125,16384,2245129.0,0.5940158,-0.04599745,0.3719072469689439,0.9237130428725129,-0.09186519514584604,0.9591732,0.0002331784,-0.09912614061511649,1.1897335241528595
both_paths,12,forward,0.5422222222222222,forward,0.0,0.5422222222222222,0.0,0.20079395920038223,0.005659289204537567,0.190185546875,0.2119140625,16384,2245604.0,0.5430935,-0.03205096,0.46490590477199306,0.8830396755480449,-0.06405802928703164,0.9403956,0.0002149,-0.07241578998148679,1.087267997590519
both_paths,12,forward,0.5422222222222222,forward,0.01,0.5422222222222222,0.01,0.1940283700823784,0.006898720862493675,0.18310546875,0.2120361328125,16384,2246079.0,0.57393,-0.05922931,0.4075634477549824,0.9054971591453752,-0.11818177031051254,0.8449532,0.0002321216,-0.1297822898257306,1.1510120733749833
both_paths,12,forward,0.5422222222222222,forward,0.02,0.5422222222222222,0.02,0.18139617890119553,0.003937731172281677,0.17333984375,0.1903076171875,16384,2246552.0,0.6352566,-0.06165765,0.2935445301052274,0.9479988767840638,-0.12300300183920104,0.8660198,0.0002535615,-0.12902930407402158,1.272863709804274
both_paths,12,forward,0.5422222222222222,forward,0.03,0.5422222222222222,0.03,0.16800443828105927,0.002180529892202383,0.162353515625,0.1748046875,16384,2247027.0,0.6910953,0.0154382,0.18740016499093826,0.981798415666863,0.03087149422050775,0.8643912,0.0002774146,0.031433464752898654,1.3822815772258683
both_paths,12,forward,0.5422222222222222,forward,0.04,0.5422222222222222,0.04,0.16304822266101837,0.0021418926532711735,0.1573486328125,0.16943359375,16384,2247503.0,0.7095002,0.06325818,0.15000507208339264,0.9806004836054301,0.126179118328085,0.8666694,0.000287843,0.1279721566105736,1.4202229238905628
both_paths,12,forward,0.5422222222222222,forward,0.05,0.5422222222222222,0.05,0.1572556123137474,0.0014346841137506123,0.1534423828125,0.162109375,16384,2247981.0,0.7516624,0.0479738,0.06711024958194195,0.993135684381375,0.09580045307506306,0.8447022,0.0002988763,0.09616506629578092,1.5036355998138962
both_paths,12,forward,0.5422222222222222,forward,0.06,0.5422222222222222,0.06,0.15706346184015274,0.001379721864272144,0.1534423828125,0.1622314453125,16384,2248481.0,0.8279746,-0.002655379,-0.08504880371413105,0.9963626333325722,-0.005310733035798857,0.7372588,0.0003110788,-0.005330070163231948,1.6559479962598047
both_paths,12,forward,0.5422222222222222,forward,0.07,0.5422222222222222,0.07,0.1758868768811226,0.006096818625486708,0.164794921875,0.1907958984375,16384,2248931.0,0.9789166,-0.03297576,-0.3766255543600514,0.9240183393770849,-0.0659037199086541,0.6232021,0.0003175459,-0.07120238527531741,1.9569472421874916
both_paths,12,forward,0.5422222222222222,forward,0.08,0.5422222222222222,0.08,0.1922246292233467,0.005139726938631256,0.1820068359375,0.20361328125,16384,2249418.0,1.055873,-0.1263343,-0.4985999869820945,0.8300022261319475,-0.2499887149402279,0.5788408,0.0003022635,-0.2925485601948319,2.0927792596200985
both_paths,12,forward,0.5422222222222222,forward,0.09,0.5422222222222222,0.09,0.20868850499391556,0.004366577459173545,0.19873046875,0.2193603515625,16384,2249880.0,1.09375,-0.1606553,-0.5487506360416006,0.7740391186496806,-0.31581035803780183,0.5550938,0.0002822713,-0.38738650327415103,2.151665350983787
both_paths,12,forward,0.5422222222222222,forward,0.1,0.5422222222222222,0.1,0.2330363616347313,0.006434982037274604,0.219482421875,0.245361328125,16384,2250362.0,1.145615,-0.2467138,-0.5810167740054393,0.6618743438859509,-0.47364740179785025,0.4961575,0.0002435761,-0.6211293284475694,2.1907737357268453
both_paths,12,forward,0.5422222222222222,forward,0.11,0.5422222222222222,0.11,0.25258810073137283,0.004458542002410592,0.241455078125,0.261962890625,16384,2250840.0,1.322638,-0.2232391,-0.7931435195774907,0.429510569769283,-0.4317916486092529,0.550746,0.0002536448,-0.7880465642236749,2.4867495932466697
both_paths,12,forward,0.5422222222222222,forward,0.12,0.5422222222222222,0.12,0.26950351893901825,0.003240973237572315,0.261474609375,0.278076171875,16384,2251316.0,1.481924,-0.3578747,-0.7427129323973951,0.1334212879680288,-0.656183099421659,0.4976535,0.0002139015,-1.3702015209893235,2.407909144808308
both_paths,12,forward,0.5422222222222222,forward,0.13,0.5422222222222222,0.13,0.2907467558979988,0.0035193410428057893,0.283203125,0.2996826171875,16384,2251791.0,-1.448509,-0.423207,-0.6429521101824403,-0.16046206169538593,-0.7489088801505918,0.4893673,0.0001869708,-1.781866153349882,2.2691427870910537
both_paths,12,forward,0.5422222222222222,forward,0.14,0.5422222222222222,0.14,0.30198199301958084,0.001345901391199925,0.2972412109375,0.3060302734375,16384,2252266.0,-1.093016,-0.3878657,-0.41203333253395374,-0.5830048834049836,-0.7002384156891892,0.4604498,0.000167028,-2.2650901713402662,1.995480831214785
both_paths,12,forward,0.5422222222222222,forward,0.15,0.5422222222222222,0.15,0.3019046261906624,0.0007527407869610546,0.2994384765625,0.3050537109375,16384,2252716.0,-0.9153314,-0.4561535,-0.15723447057101048,-0.5913769965838169,-0.7909175489112366,0.3862509,0.0001557939,-2.2128302531464246,1.7286859892251512
both_paths,12,forward,0.5422222222222222,forward,0.16,0.5422222222222222,0.16,0.28954583406448364,0.003670310122916458,0.2796630859375,0.296630859375,16384,2253191.0,-0.1747052,-0.3042741,0.7709011806585666,-0.2808859217500612,-0.5716768918032691,0.2815808,0.0001520199,-2.0274894262571594,0.6905415571437281
both_paths,12,forward,0.5422222222222222,forward,0.17,0.5422222222222222,0.17,0.27659259736537933,0.002719814988259875,0.26806640625,0.2830810546875,16384,2253666.0,0.1568537,-0.02729103,0.9497795027590695,0.30812765574785755,-0.054554962213022876,0.3614599,0.0001582089,-0.1752370792820459,0.3182658287321203
both_paths,12,forward,0.5422222222222222,forward,0.18,0.5422222222222222,0.18,0.2426609769463539,0.0036444421648954093,0.2344970703125,0.2518310546875,16384,2254141.0,0.4616817,0.1778167,0.5653999582256402,0.7477236451939878,0.3481842007562371,0.675281,0.0001909913,0.4357993283365138,0.9698782482788055
both_paths,12,forward,0.5422222222222222,forward,0.19,0.5422222222222222,0.19,0.21363788098096848,0.00440052519543331,0.2049560546875,0.2242431640625,16384,2254630.0,0.5276866,0.0226519,0.4923973100521749,0.8691914970459136,0.04528830441147127,0.8549502,0.0002116865,0.05205686891962147,1.0559543573411543
both_paths,12,forward,0.5422222222222222,forward,0.2,0.5422222222222222,0.2,0.1911582350730896,0.007198026929042759,0.1756591796875,0.20458984375,16384,2255107.0,0.5803308,0.03615479,0.39769091683783797,0.9146706325062672,0.0722465825853701,0.9592708,0.0002338285,0.07882279646789536,1.161797516058252
both_paths,13,forward,0.5874074074074074,forward,0.0,0.5874074074074074,0.0,0.20289497822523117,0.006517391566323372,0.189208984375,0.2176513671875,16384,2255584.0,0.5483665,0.05890607,0.4533408544751264,0.883553318126244,0.11753979620480194,0.9444064,0.00021674,0.13225426210919977,1.100286407363001
both_paths,13,forward,0.5874074074074074,forward,0.01,0.5874074074074074,0.01,0.19387374818325043,0.00499051103893658,0.1810302734375,0.2025146484375,16384,2256058.0,0.5798608,0.1297972,0.38620599829102875,0.885977374721587,0.2566885629814356,0.9221266,0.0002349445,0.28200245391268997,1.1742814223776235
both_paths,13,forward,0.5874074074074074,forward,0.02,0.5874074074074074,0.02,0.17813966423273087,0.0043199372737917985,0.16845703125,0.1868896484375,16384,2256532.0,0.6648022,0.08920476,0.23506883845341087,0.9556406069947345,0.17746456393009763,0.8481246,0.0002663519,0.1836106441773544,1.333506936302613
both_paths,13,forward,0.5874074074074074,forward,0.03,0.5874074074074074,0.03,0.16628529876470566,0.0030295385958557662,0.158935546875,0.1734619140625,16384,2257006.0,0.6943788,0.09011294,0.17810280613136908,0.9675475093425014,0.17925179947005818,0.8735412,0.000280443,0.18318709541905287,1.3917382325284757
both_paths,13,forward,0.5874074074074074,forward,0.04,0.5874074074074074,0.04,0.16094805300235748,0.0012467587509341653,0.157470703125,0.1656494140625,16384,2257481.0,0.7503965,0.173858,0.0657601286050488,0.9378507862644955,0.3407513876551569,0.8123985,0.0002983188,0.34850233478292214,1.504988710264683
both_paths,13,forward,0.5874074074074074,forward,0.05,0.5874074074074074,0.05,0.1592598482966423,0.0009731150894472067,0.1558837890625,0.162841796875,16384,2257957.0,0.8323515,0.1778483,-0.08789918096752207,0.9332739344513308,0.3482434453926909,0.7326997,0.0003152177,0.35714050279526655,1.6588090918611424
both_paths,13,forward,0.5874074074074074,forward,0.06,0.5874074074074074,0.06,0.1641218140721321,0.001996288143634573,0.1593017578125,0.169921875,16384,2258433.0,0.8610954,0.1282297,-0.14588420806584426,0.9562299660569303,0.25365734732462064,0.7373418,0.000315495,0.25929626204792644,1.7172030104376304
both_paths,13,forward,0.5874074074074074,forward,0.07,0.5874074074074074,0.07,0.17252632230520248,0.0024622868691566466,0.166748046875,0.179931640625,16384,2258884.0,0.9375066,0.02635826,-0.2991299724574299,0.9527564229548202,0.05269210658108923,0.7064159,0.0003177195,0.05524862572514477,1.8745770747622408
both_paths,13,forward,0.5874074074074074,forward,0.08,0.5874074074074074,0.08,0.18810796737670898,0.004591003784633302,0.1773681640625,0.19970703125,16384,2259360.0,0.9868354,0.01447223,-0.39190007431516755,0.9195524911174839,0.02894041864582955,0.5962612,0.0002965045,0.03146190064456933,1.9734922939704063
both_paths,13,forward,0.5874074074074074,forward,0.09,0.5874074074074074,0.09,0.21141232550144196,0.00639517833443586,0.1982421875,0.2265625,16384,2259849.0,1.046198,-0.125386,-0.482682480645827,0.8399037233093855,-0.2481518858453872,0.6072107,0.0002715656,-0.287279825149386,2.074511370925551
both_paths,13,forward,0.5874074074074074,forward,0.1,0.5874074074074074,0.1,0.22788244485855103,0.004394599028660466,0.215087890625,0.23779296875,16384,2260306.0,1.159072,-0.1942791,-0.6290286240585377,0.6788168148665396,-0.3788544865373367,0.5510572,0.000263208,-0.5090484067340322,2.2510993581492595
both_paths,13,forward,0.5874074074074074,forward,0.11,0.5874074074074074,0.11,0.24964787065982819,0.004487479405677708,0.2403564453125,0.260009765625,16384,2260793.0,1.247001,-0.2934551,-0.6640759290134292,0.5023134136542702,-0.5537909307382571,0.5240295,0.0002305357,-0.8341024486501456,2.2970535230292715
both_paths,13,forward,0.5874074074074074,forward,0.12,0.5874074074074074,0.12,0.2774132862687111,0.0019872647326481946,0.2720947265625,0.2838134765625,16384,2261266.0,1.547617,-0.3807522,-0.7230211498238013,0.03354231934258264,-0.6900111084037622,0.5119166,0.0002042975,-1.522223288566146,2.378961940244014
both_paths,13,forward,0.5874074074074074,forward,0.13,0.5874074074074074,0.13,0.2876128926873207,0.002181186753134158,0.28271484375,0.293212890625,16384,2261735.0,-1.514349,-0.4423039,-0.6295596332557031,-0.07137741455541818,-0.7736665514718396,0.4962897,0.0001873241,-1.6627945256463308,2.2517826206556566
both_paths,13,forward,0.5874074074074074,forward,0.14,0.5874074074074074,0.14,0.2961450144648552,0.0014972669982815032,0.2908935546875,0.3001708984375,16384,2262232.0,-1.265565,-0.4681928,-0.48565070106683067,-0.33976498901443464,-0.8054211002905977,0.4741103,0.0001720372,-1.9699938684902683,2.077903719641972
both_paths,13,forward,0.5874074074074074,forward,0.15,0.5874074074074074,0.15,0.29841603338718414,0.000753238206140704,0.2957763671875,0.301513671875,16384,2262679.0,-1.222539,-0.7276467,-0.08840344497026083,-0.0739360242049121,-0.9933369495000982,0.4038339,0.000154113,-1.645091296109511,1.6593153265927767
both_paths,13,forward,0.5874074074074074,forward,0.16,0.5874074074074074,0.16,0.29362575709819794,0.0024420451747809513,0.286865234375,0.2999267578125,16384,2263177.0,-0.104284,-0.4674694,0.5809976198846064,-0.12296573209834034,-0.8045627349175088,0.3005678,0.0001498711,-1.7224582002437323,0.9508424516607504
both_paths,13,forward,0.5874074074074074,forward,0.17,0.5874074074074074,0.17,0.2786790728569031,0.0027911805454254473,0.2720947265625,0.28564453125,16384,2263626.0,0.1631675,-0.03274824,0.9451926363909366,0.31988626386381763,-0.06544966236428454,0.2399711,0.0001665271,-0.20181749754624168,0.33261224655609306
both_paths,13,forward,0.5874074074074074,forward,0.18,0.5874074074074074,0.18,0.2638831213116646,0.006202000002263961,0.2513427734375,0.27587890625,16384,2264128.0,0.2438791,0.04456865,0.8798785606975573,0.466786119468501,0.08901930743570842,0.5246698,0.0001646956,0.18844407351423653,0.49518974167020924
both_paths,13,forward,0.5874074074074074,forward,0.19,0.5874074074074074,0.19,0.2348904237151146,0.004003036438234918,0.225341796875,0.243408203125,16384,2264592.0,0.494057,0.165302,0.5204667909982347,0.7897720079405106,0.3246143788275774,0.7986816,0.0001958958,0.3899726097137832,1.0233987978533867
both_paths,13,forward,0.5874074074074074,forward,0.2,0.5874074074074074,0.2,0.20674804598093033,0.005393389665415354,0.1942138671875,0.2169189453125,16384,2265067.0,0.536259,0.1607204,0.4534357436350943,0.8334157439489367,0.31593389202826805,0.8722368,0.0002211436,0.36234563181202883,1.1001799474000915
both_paths,14,forward,0.6325925925925926,forward,0.0,0.6325925925925926,0.0,0.20985746383666992,0.006567392976718211,0.1944580078125,0.2213134765625,16384,2265543.0,0.4381646,0.4460447,0.4017686848936574,0.4823883203828912,0.7783851438696618,0.7086787,0.0002331438,1.0159959363232423,1.1573488727464065
both_paths,14,forward,0.6325925925925926,forward,0.01,0.6325925925925926,0.01,0.19647568464279175,0.0034370645171923737,0.1881103515625,0.2044677734375,16384,2265994.0,0.4400204,0.4427976,0.403187665057868,0.4877621757341409,0.774291783934378,0.7770612,0.0002379269,1.0086480895880658,1.155798802246894
both_paths,14,forward,0.6325925925925926,forward,0.02,0.6325925925925926,0.02,0.18097464740276337,0.002266843494075722,0.1751708984375,0.18701171875,16384,2266494.0,0.6206017,0.3596394,0.2434817099327091,0.711788931476805,0.6588422982439367,0.8192466,0.0002680297,0.7467879818444576,1.3248423426173785
both_paths,14,forward,0.6325925925925926,forward,0.03,0.6325925925925926,0.03,0.17305778712034225,0.0035536971597662404,0.1639404296875,0.1798095703125,16384,2266969.0,0.6747266,0.3768267,0.16008731436467946,0.7114038885948348,0.6843073571660999,0.7701845,0.0002840778,0.7659864634674856,1.4100172192935643
both_paths,14,forward,0.6325925925925926,forward,0.04,0.6325925925925926,0.04,0.16553746163845062,0.00145089298799459,0.1614990234375,0.1705322265625,16384,2267424.0,0.7532472,0.4313316,0.041794242720357234,0.6490726821322016,0.7595774447580325,0.7499748,0.0003029486,0.8636851082376165,1.5289899070908106
both_paths,14,forward,0.6325925925925926,forward,0.05,0.6325925925925926,0.05,0.16598814725875854,0.0012412773145611122,0.1624755859375,0.1708984375,16384,2267903.0,0.8461904,0.5655375,-0.0516295439071976,0.4225447707810942,0.9048703260033933,0.700608,0.0003158957,1.1339223995678473,1.6224488356295006
both_paths,14,forward,0.6325925925925926,forward,0.06,0.6325925925925926,0.06,0.16569237411022186,0.0007466671720278866,0.1629638671875,0.1690673828125,16384,2268376.0,0.892359,0.5660655,-0.09016787420621337,0.41505015846741705,0.9053193472014748,0.6959363,0.0003183402,1.140931702515914,1.6610868313492166
both_paths,14,forward,0.6325925925925926,forward,0.07,0.6325925925925926,0.07,0.16753865033388138,0.0010622600795691225,0.1641845703125,0.171630859375,16384,2268849.0,0.998319,0.5186605,-0.21006686411398517,0.4631128071700564,0.8610449700430208,0.6618767,0.0003273052,1.0773293686147216,1.7824396761513919
both_paths,14,forward,0.6325925925925926,forward,0.08,0.6325925925925926,0.08,0.17732394486665726,0.0025406053981990176,0.1712646484375,0.1849365234375,16384,2269326.0,1.224965,0.5141205,-0.3976673991299717,0.32932235850518615,0.8563920970313689,0.6346559,0.000333441,1.2036827310138065,1.9797695058380431
both_paths,14,forward,0.6325925925925926,forward,0.09,0.6325925925925926,0.09,0.18941400200128555,0.0028930345159507327,0.182861328125,0.1968994140625,16384,2269801.0,1.109744,0.3013836,-0.4976759783438648,0.6564416179034881,0.5669241773497827,0.609428,0.0003237495,0.7123552644636866,2.091713625786632
both_paths,14,forward,0.6325925925925926,forward,0.1,0.6325925925925926,0.1,0.2059604898095131,0.00387739240868335,0.197998046875,0.2147216796875,16384,2270302.0,1.143449,0.1227601,-0.6367626495089673,0.731747701866003,0.24306095738341665,0.6195548,0.0003164954,0.32069866394182966,2.2610887036665748
both_paths,14,forward,0.6325925925925926,forward,0.11,0.6325925925925926,0.11,0.2329576462507248,0.00418049163196647,0.2227783203125,0.243408203125,16384,2270765.0,1.190304,0.04679862,-0.7209876559333193,0.6866162746272143,0.09346064096090563,0.6283611,0.0002904137,0.1352862777990822,2.3760228870172395
both_paths,14,forward,0.6325925925925926,forward,0.12,0.6325925925925926,0.12,0.2559347301721573,0.005196220735720606,0.24365234375,0.2662353515625,16384,2271240.0,1.134212,-0.02800086,-0.6413943364559215,0.7651669031765238,-0.05597245255941741,0.6155585,0.0002431105,-0.07302058561444635,2.2671106233160465
both_paths,14,forward,0.6325925925925926,forward,0.13,0.6325925925925926,0.13,0.27045024186372757,0.00280946380634305,0.2642822265625,0.27734375,16384,2271715.0,1.111262,-0.1228775,-0.5883360970109454,0.7711492987072965,-0.243288709267759,0.6366611,0.0002187971,-0.3056051354288538,2.1997959075783924
both_paths,14,forward,0.6325925925925926,forward,0.14,0.6325925925925926,0.14,0.28702562302351,0.0016827589643915537,0.281982421875,0.29150390625,16384,2272190.0,0.978758,-0.2853921,-0.3173652482430513,0.7793354504213148,-0.5402921014823675,0.6022309,0.0001786462,-0.6061968091808638,1.8937461327239422
both_paths,14,forward,0.6325925925925926,forward,0.15,0.6325925925925926,0.15,0.2883681356906891,0.0013107668013318198,0.283935546875,0.2928466796875,16384,2272640.0,0.5458279,-0.3943181,0.3249307359828929,0.6254454435397507,-0.7093927078628453,0.4661382,0.0001526359,-0.8482049188524172,1.2398578377021248
both_paths,14,forward,0.6325925925925926,forward,0.16,0.6325925925925926,0.16,0.2822330966591835,0.0028238636389846636,0.2747802734375,0.28857421875,16384,2273115.0,0.4431497,-0.2481395,0.5560049482008638,0.681273259593791,-0.47615674240590755,0.3102258,0.0001611525,-0.6100019830132024,0.9812247853651594
both_paths,14,forward,0.6325925925925926,forward,0.17,0.6325925925925926,0.17,0.26832178980112076,0.003906539865492634,0.2591552734375,0.2769775390625,16384,2273590.0,0.2262195,0.09764986,0.8822858581176949,0.4288498121052663,0.19406056586231177,0.5251313,0.0001561289,0.42494264513366,0.4900998587083275
both_paths,14,forward,0.6325925925925926,forward,0.18,0.6325925925925926,0.18,0.2453974038362503,0.004376309194029157,0.2364501953125,0.25732421875,16384,2274054.0,0.240474,0.3248328,0.705952848099433,0.3683777605843745,0.6049201614817779,0.6279716,0.0001810341,1.0238078979476457,0.7870287425479888
both_paths,14,forward,0.6325925925925926,forward,0.19,0.6325925925925926,0.19,0.21652698516845703,0.0035531889356120094,0.2081298828125,0.22607421875,16384,2274529.0,-0.1524156,0.5225656,0.47865480663226245,-0.15060285031801102,0.8649903800412594,0.669715,0.0002224571,1.7431776082586659,1.071674360725151
both_paths,14,forward,0.6325925925925926,forward,0.2,0.6325925925925926,0.2,0.20254172384738922,0.004167388717573111,0.1939697265625,0.2120361328125,16384,2275005.0,-0.07183399,0.6292551,0.3040697025519047,-0.043988142800216436,0.9516336791449659,0.7053437,0.0002527292,1.6169872665470528,1.2618345865773897
both_paths,15,forward,0.6777777777777777,forward,0.0,0.6777777777777777,0.0,0.20344360172748566,0.0029329790879167716,0.197021484375,0.210693359375,16384,2275480.0,-0.4167099,0.5190964,0.3414036226697786,-0.37587501891823616,0.8614879781988644,0.723307,0.0002410523,1.9822067314476062,1.2223864857043862
both_paths,15,forward,0.6777777777777777,forward,0.01,0.6777777777777777,0.01,0.19597619026899338,0.004259218280970394,0.1868896484375,0.205810546875,16384,2275956.0,-0.3791711,0.5585715,0.31816110227752603,-0.30139434143971394,0.8988520256113743,0.7697256,0.000248833,1.894325093751803,1.2470071629761237
both_paths,15,forward,0.6777777777777777,forward,0.02,0.6777777777777777,0.02,0.1841975897550583,0.0013583728601193525,0.1798095703125,0.188720703125,16384,2276431.0,-0.487764,0.5574004,0.24692142764960107,-0.3646141984321421,0.897823086620727,0.7807127,0.0002650337,1.9565581196726356,1.3212943087978979
both_paths,15,forward,0.6777777777777777,forward,0.03,0.6777777777777777,0.03,0.1745906099677086,0.0017998604374008524,0.1695556640625,0.1796875,16384,2276907.0,-0.6903838,0.4608276,0.11418271712439207,-0.5936206837886916,0.7966032832522957,0.8009979,0.0002875688,2.2112118272032752,1.4563640294019864
both_paths,15,forward,0.6777777777777777,forward,0.04,0.6777777777777777,0.04,0.1703609600663185,0.0012005149466146918,0.1663818359375,0.1744384765625,16384,2277357.0,-0.7685679,0.4872058,0.01890203247130665,-0.5613368199440837,0.8273715536223837,0.7710831,0.0003016077,2.16691777313833,1.5518931685680342
both_paths,15,forward,0.6777777777777777,forward,0.05,0.6777777777777777,0.05,0.16900619864463806,0.0007499470564216497,0.1663818359375,0.172119140625,16384,2277834.0,-0.9595566,0.6316233,-0.10332470099432654,-0.28454520736036965,0.9530781873134424,0.7011819,0.0003136755,1.8609258941798412,1.6743057656683784
both_paths,15,forward,0.6777777777777777,forward,0.06,0.6777777777777777,0.06,0.1743662729859352,0.0019829393144173307,0.169921875,0.181396484375,16384,2278333.0,-1.388523,0.6338972,-0.2787783829081207,-0.1063825573030894,0.954445055896246,0.6388358,0.0003264322,1.6817982841617933,1.8533181539165766
both_paths,15,forward,0.6777777777777777,forward,0.07,0.6777777777777777,0.07,0.181858591735363,0.0019334663720194788,0.1767578125,0.1878662109375,16384,2278807.0,1.448751,0.5715312,-0.40251394345607655,0.1002487940723188,0.909908074813321,0.6054651,0.0003270575,1.4610642517249461,1.9850577572722603
both_paths,15,forward,0.6777777777777777,forward,0.08,0.6777777777777777,0.08,0.19548825174570084,0.0037828266294365727,0.18798828125,0.205078125,16384,2279281.0,1.169199,0.3770222,-0.5061746136657473,0.524519284229678,0.6845924195837387,0.5905631,0.0003116826,0.9170217801212148,2.101539728457203
both_paths,15,forward,0.6777777777777777,forward,0.09,0.6777777777777777,0.09,0.210335411131382,0.0064238233348483656,0.1966552734375,0.2249755859375,16384,2279755.0,1.132053,0.2885541,-0.5355823612657659,0.6445689691438626,0.5456027660466953,0.557532,0.000281985,0.7024361466646707,2.1359935301037147
both_paths,15,forward,0.6777777777777777,forward,0.1,0.6777777777777777,0.1,0.2240765616297722,0.004884281025884546,0.21484375,0.237548828125,16384,2280205.0,1.155098,0.1194347,-0.6547113956439634,0.7178937268761421,0.23660428002429845,0.6328733,0.0002888346,0.3183698468827214,2.2845970711774615
both_paths,15,forward,0.6777777777777777,forward,0.11,0.6777777777777777,0.11,0.24794775247573853,0.004774776638879828,0.23828125,0.2607421875,16384,2280694.0,1.137444,-0.0255528,-0.6464965961880188,0.761204730526959,-0.051083356787564246,0.5973799,0.0002437678,-0.06700809341863412,2.273779660127001
both_paths,15,forward,0.6777777777777777,forward,0.12,0.6777777777777777,0.12,0.2686479240655899,0.0044299316476227105,0.25634765625,0.2779541015625,16384,2281170.0,1.115385,-0.1706601,-0.5777287339170636,0.7444356134306098,-0.3347314258667367,0.6419086,0.0002198068,-0.42255830487444435,2.1867396342028558
both_paths,15,forward,0.6777777777777777,forward,0.13,0.6777777777777777,0.13,0.2818315327167511,0.0017972920023029762,0.276611328125,0.287841796875,16384,2281622.0,1.075537,-0.2620828,-0.47464831997563817,0.7240289548582682,-0.5004908039825986,0.6331629,0.0001976288,-0.604834719882307,2.065360758755078
both_paths,15,forward,0.6777777777777777,forward,0.14,0.6777777777777777,0.14,0.28966592997312546,0.0008414436215425966,0.2864990234375,0.29296875,16384,2282103.0,0.9958642,-0.40284,-0.2830127592093977,0.632160978754127,-0.7213017919465524,0.5575145,0.0001735529,-0.8511644781585712,1.857730169618087
both_paths,15,forward,0.6777777777777777,forward,0.15,0.6777777777777777,0.15,0.29124751687049866,0.0008016408625647576,0.2884521484375,0.29443359375,16384,2282584.0,0.7201002,-0.5089717,0.06838340828521974,0.5206456340115121,-0.851029866253851,0.4645923,0.00015832,-1.021757849989485,1.502359509261697
both_paths,15,forward,0.6777777777777777,forward,0.16,0.6777777777777777,0.16,0.28634028136730194,0.0014333833975697075,0.282470703125,0.2913818359375,16384,2283037.0,0.1770877,-0.3886068,0.6686245192139006,0.24723561677409575,-0.7012958021436552,0.2581619,0.0001594672,-1.231859487807349,0.8384388397733672
both_paths,15,forward,0.6777777777777777,forward,0.17,0.6777777777777777,0.17,0.26483140140771866,0.00439937807501139,0.255859375,0.2742919921875,16384,2283513.0,0.1364174,0.2824569,0.8133924663564057,0.2275973567504469,0.5353430104847295,0.3550661,0.0001788421,1.16880452653049,0.6208359322010608
both_paths,15,forward,0.6777777777777777,forward,0.18,0.6777777777777777,0.18,0.24079884588718414,0.005191656657170639,0.2301025390625,0.2528076171875,16384,2284002.0,0.1781298,0.3345847,0.735087023268371,0.27355418146945737,0.620334730627764,0.6886168,0.0001810316,1.1554700907564524,0.745001296679801
both_paths,15,forward,0.6777777777777777,forward,0.19,0.6777777777777777,0.19,0.21641593426465988,0.0028985585086119094,0.2109375,0.2239990234375,16384,2284478.0,0.3445038,0.5364855,0.3685837396269942,0.30359102508130187,0.8786230798087793,0.6741873,0.0002345712,1.2381088279801276,1.1933112919545552
both_paths,15,forward,0.6777777777777777,forward,0.2,0.6777777777777777,0.2,0.1935698762536049,0.003964496143959723,0.1842041015625,0.2021484375,16384,2284954.0,0.4362166,0.5592544,0.28099120446578196,0.33471493343333353,0.8994497519870625,0.7290668,0.0002604164,1.2145415579897394,1.2859695572363614
both_paths,16,forward,0.7229629629629629,forward,0.0,0.7229629629629629,0.0,0.19457308948040009,0.0030585238283981258,0.1884765625,0.2020263671875,16384,2285429.0,-0.3124773,0.6112714,0.27675565945453745,-0.19965579774143,0.9399701417535119,0.7268474,0.000258708,1.7800922881020549,1.2903800814600876
both_paths,16,forward,0.7229629629629629,forward,0.01,0.7229629629629629,0.01,0.18871360272169113,0.004353800110649293,0.1806640625,0.1990966796875,16384,2285905.0,0.1458949,0.6778509,0.20441779443076064,0.06139954450255156,0.9769562227934998,0.7208014,0.0002714188,1.5080310825117582,1.3649274212897737
both_paths,16,forward,0.7229629629629629,forward,0.02,0.7229629629629629,0.02,0.17846759408712387,0.003892005795286178,0.1697998046875,0.18798828125,16384,2286383.0,-0.4387779,0.6938281,0.11637947718931538,-0.1400814485249991,0.983276667611044,0.7297685,0.0002895948,1.7123080018150807,1.454152524567937
both_paths,16,forward,0.7229629629629629,forward,0.03,0.7229629629629629,0.03,0.1723969653248787,0.0020309482535036884,0.1663818359375,0.177490234375,16384,2286872.0,0.3076109,0.7532146,0.05252883189285896,0.03712317548234093,0.9979291516245424,0.7189946,0.0002998835,1.533613260989668,1.5182433079143258
both_paths,16,forward,0.7229629629629629,forward,0.04,0.7229629629629629,0.04,0.16689187288284302,0.0011806871618423352,0.1634521484375,0.17138671875,16384,2287327.0,0.842187,0.5679365,-0.04775209452407057,0.4186261626920038,0.9069023505197967,0.7025696,0.000312864,1.138337786443774,1.6185665878514797
both_paths,16,forward,0.7229629629629629,forward,0.05,0.7229629629629629,0.05,0.16972914338111877,0.0012744436695826095,0.1656494140625,0.17431640625,16384,2287805.0,1.083284,0.6108932,-0.19189430967496646,0.2830519523886009,0.9397117463155227,0.6446356,0.0003220094,1.278228466869228,1.7638882913667442
both_paths,16,forward,0.7229629629629629,forward,0.06,0.7229629629629629,0.06,0.17919088900089264,0.002232584716923498,0.1727294921875,0.1849365234375,16384,2288282.0,1.431484,0.5701607,-0.401209017613006,0.11477219589305662,0.9087676640571519,0.6208349,0.000331582,1.4451671266688795,1.98363269955932
both_paths,16,forward,0.7229629629629629,forward,0.07,0.7229629629629629,0.07,0.19065826386213303,0.003836560141676723,0.181396484375,0.1983642578125,16384,2288759.0,1.383387,0.4962718,-0.5086160042512503,0.20009825695952968,0.8374189201237635,0.5951527,0.0003211228,1.3362477784526305,2.1043729120004566
both_paths,16,forward,0.7229629629629629,forward,0.08,0.7229629629629629,0.08,0.20327413827180862,0.004064349976852962,0.195068359375,0.213623046875,16384,2289237.0,1.117537,0.2713346,-0.5279213936785632,0.6742445517429925,0.5164235534339762,0.6144839,0.000298322,0.6536180600436592,2.1269475709178307
both_paths,16,forward,0.7229629629629629,forward,0.09,0.7229629629629629,0.09,0.22013859450817108,0.003102660561264174,0.21142578125,0.2281494140625,16384,2289714.0,1.196242,0.2094615,-0.6689727254730146,0.6220997599298044,0.4067768199744011,0.635223,0.0003021542,0.5790959846071111,2.303622183259471
both_paths,16,forward,0.7229629629629629,forward,0.1,0.7229629629629629,0.1,0.23836633563041687,0.004750251292765769,0.22900390625,0.250732421875,16384,2290179.0,1.092914,-0.003585252,-0.5769695587408933,0.8167341752614034,-0.007170442553566514,0.6081572,0.0002541256,-0.008779182445731504,2.185809839119777
both_paths,16,forward,0.7229629629629629,forward,0.11,0.7229629629629629,0.11,0.25625406950712204,0.004487679944411172,0.244140625,0.265625,16384,2290656.0,1.18833,0.01344163,-0.7211683195263703,0.6922381955148067,0.02688002198502354,0.6258259,0.0002543642,0.03881109758597301,2.376283639816
both_paths,16,forward,0.7229629629629629,forward,0.12,0.7229629629629629,0.12,0.2724619358778,0.0021535881150027657,0.2672119140625,0.2781982421875,16384,2291107.0,1.096095,-0.05786642,-0.5782744150604037,0.807628816034268,-0.11547465694962876,0.6533137,0.0002222447,-0.14201731764420655,2.187408331911961
both_paths,16,forward,0.7229629629629629,forward,0.13,0.7229629629629629,0.13,0.28457318246364594,0.0020015089628969214,0.2783203125,0.2900390625,16384,2291583.0,0.9944294,-0.2095923,-0.3708403488789559,0.8347548062240724,-0.40701578486484485,0.6423394,0.0001867573,-0.4536681748073086,1.950710053289204
both_paths,16,forward,0.7229629629629629,forward,0.14,0.7229629629629629,0.14,0.2864208519458771,0.0007400925148104749,0.28369140625,0.2891845703125,16384,2292060.0,0.8611818,-0.1759961,-0.14173022855236228,0.927926286580899,-0.3447685440794713,0.5895609,0.0001727736,-0.35574025060694936,1.713005396512932
both_paths,16,forward,0.7229629629629629,forward,0.15,0.7229629629629629,0.15,0.28597457706928253,0.0011882261244156032,0.2818603515625,0.2899169921875,16384,2292536.0,0.7134617,-0.3428783,0.11096528783266557,0.7659438968129445,-0.6332587558267277,0.3628777,0.0001665384,-0.6908517825465306,1.4596020430943901
both_paths,16,forward,0.7229629629629629,forward,0.16,0.7229629629629629,0.16,0.27742888778448105,0.0029546759238540483,0.2705078125,0.2840576171875,16384,2293013.0,0.159916,-0.07659246,0.9381721959320385,0.31072541393077163,-0.1525865260028143,0.2998616,0.0001615175,-0.4564744839995374,0.35348446856787
both_paths,16,forward,0.7229629629629629,forward,0.17,0.7229629629629629,0.17,0.26168935745954514,0.0034587587777924257,0.25390625,0.2691650390625,16384,2293465.0,0.1670236,0.1728633,0.8888233642110264,0.3084689932553199,0.33888037333643667,0.4277494,0.000167498,0.8323419606372533,0.47602525843833066
both_paths,16,forward,0.7229629629629629,forward,0.18,0.7229629629629629,0.18,0.2401411086320877,0.004603037473377384,0.22998046875,0.2515869140625,16384,2293917.0,-0.08589318,0.3192965,0.7911167932729265,-0.13725590391277728,0.5960663018848222,0.6113226,0.0001840158,1.797120682723742,0.6581636544544344
both_paths,16,forward,0.7229629629629629,forward,0.19,0.7229629629629629,0.19,0.21808933466672897,0.002827447593820136,0.2115478515625,0.225830078125,16384,2294413.0,-0.3255432,0.4336736,0.5145227154523412,-0.39202517769555484,0.7626156537446093,0.723074,0.0002192946,2.04562335223771,1.0303453857061942
both_paths,16,forward,0.7229629629629629,forward,0.2,0.7229629629629629,0.2,0.20041833817958832,0.0037526266136028445,0.1927490234375,0.2091064453125,16384,2294893.0,-0.2440467,0.5645898,0.3774933341868993,-0.20042691425793044,0.9040618533515846,0.7564298,0.000240678,1.7889637765748514,1.1837084754012903
both_paths,0,reverse,0.7229629629629629,reverse,0.2,0.7229629629629629,0.2,0.19810518622398376,0.0029281614225931834,0.192138671875,0.2059326171875,16384,2295371.0,-0.240003,0.5571699,0.39095969802656766,-0.2035408399859701,0.8976199869525971,0.7643821,0.0002421834,1.7937816548656622,1.1691222768574847
both_paths,0,reverse,0.7229629629629629,reverse,0.19,0.7229629629629629,0.19,0.20851889997720718,0.004321932382520704,0.1968994140625,0.2164306640625,16384,2295823.0,-0.4959609,0.3825789,0.3945956367726152,-0.6037624693089844,0.6926508240765559,0.772067,0.000231172,2.287736804103595,1.1651685903493718
both_paths,0,reverse,0.7229629629629629,reverse,0.18,0.7229629629629629,0.18,0.23220887780189514,0.0034046348829558427,0.2235107421875,0.2401123046875,16384,2296300.0,-0.2181915,0.4944213,0.4981467434001231,-0.23232038196059715,0.8353903651380797,0.5909439,0.0002118059,1.8420404275742293,1.0493361888869983
both_paths,0,reverse,0.7229629629629629,reverse,0.17,0.7229629629629629,0.17,0.2535700127482414,0.004318661590432461,0.2437744140625,0.2618408203125,16384,2296789.0,-0.09963258,0.2464885,0.8634963635874864,-0.17437887135826113,0.4732505037451165,0.5806504,0.0001685419,1.9238302919476356,0.5286349126052357
both_paths,0,reverse,0.7229629629629629,reverse,0.16,0.7229629629629629,0.16,0.26626526564359665,0.0037932648708319306,0.256103515625,0.276123046875,16384,2297266.0,0.1069137,0.07756309,0.9654914073896221,0.20965357077533678,0.15450476535679264,0.417839,0.0001615458,0.6350984106575841,0.2634726299342038
both_paths,0,reverse,0.7229629629629629,reverse,0.15,0.7229629629629629,0.15,0.27817975729703903,0.0021965004219728023,0.272705078125,0.283935546875,16384,2297727.0,0.5822143,-0.102114,0.3870607969105756,0.8994729182098604,-0.2028112642384244,0.4613337,0.0001633501,-0.22176926737324587,1.1733545435853847
both_paths,0,reverse,0.7229629629629629,reverse,0.14,0.7229629629629629,0.14,0.28401394933462143,0.0010013999756499946,0.2801513671875,0.28759765625,16384,2298230.0,0.776557,-0.1133405,0.01722907414394321,0.9742653591548621,-0.22474467503144524,0.5427003,0.0001699583,-0.22671524022038891,1.5535664001544855
both_paths,0,reverse,0.7229629629629629,reverse,0.13,0.7229629629629629,0.13,0.28337471932172775,0.0010586121302733377,0.280029296875,0.2877197265625,16384,2298682.0,0.9418446,-0.1480381,-0.2944190196553048,0.910048384836916,-0.29176939202207197,0.6551155,0.0001848934,-0.3102549684250646,1.869643862703704
both_paths,0,reverse,0.7229629629629629,reverse,0.12,0.7229629629629629,0.12,0.27640192210674286,0.002300456073509762,0.27001953125,0.2822265625,16384,2299159.0,1.042814,-0.08583296,-0.48515100548464984,0.8575824487698612,-0.170824018917486,0.6465177,0.0002062921,-0.19661902737914305,2.0773321763185617
both_paths,0,reverse,0.7229629629629629,reverse,0.11,0.7229629629629629,0.11,0.2602917104959488,0.004265129728595227,0.2510986328125,0.2716064453125,16384,2299636.0,1.086637,0.03805211,-0.5650453622380571,0.8215491826609677,0.07603077720475365,0.640046,0.0002271344,0.0922827597023761,2.1712845598834734
both_paths,0,reverse,0.7229629629629629,reverse,0.1,0.7229629629629629,0.1,0.24147053062915802,0.003590428836454776,0.2330322265625,0.2493896484375,16384,2300100.0,1.213139,0.2033547,-0.6933089132149114,0.6023552593800532,0.3955892975725546,0.5413099,0.0002630033,0.5810970403075633,2.3368669264267163
both_paths,0,reverse,0.7229629629629629,reverse,0.09,0.7229629629629629,0.09,0.23045417666435242,0.004749634788577863,0.2215576171875,0.2418212890625,16384,2300577.0,1.2207,0.2131785,-0.6962592586499481,0.5866804207606882,0.41355668129083173,0.6159042,0.0002900986,0.6140134269373076,2.3409690925965325
both_paths,0,reverse,0.7229629629629629,reverse,0.08,0.7229629629629629,0.08,0.2079644873738289,0.0031571919586254045,0.201171875,0.216552734375,16384,2301053.0,1.277782,0.3374552,-0.6504876635525129,0.4318061673560098,0.6248273628765841,0.6078584,0.000321195,0.966081547331731,2.279022657897824
both_paths,0,reverse,0.7229629629629629,reverse,0.07,0.7229629629629629,0.07,0.19541120529174805,0.004513191911758168,0.184814453125,0.2049560546875,16384,2301530.0,1.562687,0.4910316,-0.5552348464391413,0.00900595130521916,0.8316448509675215,0.5802341,0.0003236742,1.559967666844985,2.159441637664507
both_paths,0,reverse,0.7229629629629629,reverse,0.06,0.7229629629629629,0.06,0.17864872515201569,0.002086039670608918,0.1741943359375,0.1859130859375,16384,2302007.0,1.473065,0.5915756,-0.370811234878146,0.07341712100790175,0.9258017900344844,0.6166448,0.0003217032,1.4916608128457973,1.9506787041730733
both_paths,0,reverse,0.7229629629629629,reverse,0.05,0.7229629629629629,0.05,0.1732635423541069,0.0013754753615344269,0.16943359375,0.1778564453125,16384,2302459.0,-1.034457,0.553242,-0.21395049722955772,-0.39339194694815877,0.8941297225859132,0.6816016,0.0003239533,1.9852796533405517,1.7864136494064196
both_paths,0,reverse,0.7229629629629629,reverse,0.04,0.7229629629629629,0.04,0.17027360945940018,0.0007505862654709058,0.1678466796875,0.1732177734375,16384,2302914.0,-0.9613852,0.6187732,-0.11277369969106092,-0.3070617065870488,0.944984233204893,0.6988176,0.0003165756,1.8849725498095058,1.6838104458884093
both_paths,0,reverse,0.7229629629629629,reverse,0.03,0.7229629629629629,0.03,0.17156396061182022,0.0014482806626852564,0.167724609375,0.1773681640625,16384,2303398.0,-0.7828535,0.5165066,0.0026069113972965064,-0.5122266647236808,0.8588463471186336,0.7532641,0.0003023886,2.1085737562188056,1.568189412444835
both_paths,0,reverse,0.7229629629629629,reverse,0.02,0.7229629629629629,0.02,0.17695893347263336,0.0024700450424779944,0.171142578125,0.183349609375,16384,2303876.0,-0.6895665,0.5103357,0.09958803691269515,-0.5132207175749531,0.8524592177668828,0.7755994,0.0002868496,2.112719789629799,1.471042935512182
both_paths,0,reverse,0.7229629629629629,reverse,0.01,0.7229629629629629,0.01,0.18434281647205353,0.0021529462013074718,0.1785888671875,0.1900634765625,16384,2304353.0,-0.3658076,0.6445329,0.2068724383791663,-0.1857363888351637,0.9605757586476618,0.7487792,0.0002710485,1.7617986534988859,1.362419166767311
both_paths,0,reverse,0.7229629629629629,reverse,0.0,0.7229629629629629,0.0,0.19785844534635544,0.0031637491195290897,0.1912841796875,0.2060546875,16384,2304831.0,-0.4732655,0.5060053,0.30987747180174446,-0.43016555528388567,0.8478994914004049,0.7481814,0.000247408,2.0402913886831406,1.255732168776232
both_paths,1,reverse,0.6777777777777777,reverse,0.2,0.6777777777777777,0.2,0.1947772428393364,0.0015441470542948137,0.190673828125,0.2022705078125,16384,2305308.0,-0.05700999,0.6334733,0.29725304249938933,-0.034040428802692,0.9541917406537247,0.7438621,0.0002544475,1.606455825330114,1.2689819679592196
both_paths,1,reverse,0.6777777777777777,reverse,0.19,0.6777777777777777,0.19,0.21263865381479263,0.004666503898712238,0.203857421875,0.2244873046875,16384,2305786.0,-0.1695318,0.6086553,0.32646144830720536,-0.11513761683009024,0.9381717603721875,0.6718318,0.0002417008,1.6929112096733672,1.238238849004657
both_paths,1,reverse,0.6777777777777777,reverse,0.18,0.6777777777777777,0.18,0.23620478808879852,0.003843762798658823,0.22607421875,0.243896484375,16384,2306265.0,0.02937545,0.4538601,0.614482042168881,0.03614296709413842,0.7881024716251013,0.5906196,0.0001967061,1.5249676920725728,0.9090670596665149
both_paths,1,reverse,0.6777777777777777,reverse,0.17,0.6777777777777777,0.17,0.2585885748267174,0.005564800185551037,0.2471923828125,0.271240234375,16384,2306731.0,0.2011801,0.2109765,0.8394346800997092,0.357245014817196,0.4095429369848298,0.5090866,0.0001729203,0.8534965926714033,0.5745541640692521
both_paths,1,reverse,0.6777777777777777,reverse,0.16,0.6777777777777777,0.16,0.2726879417896271,0.0022344369687829465,0.2664794921875,0.279052734375,16384,2307209.0,0.2255633,-0.03177532,0.8981397905126131,0.43509960574067275,-0.0635078718134278,0.5005484,0.0001513399,-0.1449381752325083,0.45527579954046354
both_paths,1,reverse,0.6777777777777777,reverse,0.15,0.6777777777777777,0.15,0.2834146097302437,0.0016599819828931788,0.2789306640625,0.2880859375,16384,2307686.0,0.6282893,-0.2148004,0.2809878139627079,0.8646195748608775,-0.4165079100951796,0.4397915,0.0001599996,-0.4489201183806131,1.2859730900745185
both_paths,1,reverse,0.6777777777777777,reverse,0.14,0.6777777777777777,0.14,0.28606516122817993,0.000753441261013655,0.282958984375,0.288818359375,16384,2308164.0,0.8480776,-0.1804269,-0.11697827880666169,0.9282539611827799,-0.3530731734866146,0.5972427,0.0001729491,-0.3634638974915112,1.68804304877556
both_paths,1,reverse,0.6777777777777777,reverse,0.13,0.6777777777777777,0.13,0.2813611105084419,0.0018037753085514768,0.2762451171875,0.28662109375,16384,2308616.0,0.989319,-0.1320884,-0.3828690147213113,0.8861322830108361,-0.26111471535004627,0.657774,0.0001921418,-0.28655778473019966,1.9636962897472954
both_paths,1,reverse,0.6777777777777777,reverse,0.12,0.6777777777777777,0.12,0.2699296697974205,0.0032141957505155217,0.2620849609375,0.2777099609375,16384,2309093.0,1.057613,-0.08293251,-0.5108221793898928,0.8436829151771823,-0.16510554103812328,0.6829933,0.0002158795,-0.1932538870175451,2.106937216922642
both_paths,1,reverse,0.6777777777777777,reverse,0.11,0.6777777777777777,0.11,0.25126269459724426,0.0036590162328649137,0.243408203125,0.2598876953125,16384,2309570.0,1.117762,-0.01218278,-0.6166617160099122,0.7868511707875989,-0.024363149178532755,0.6470062,0.0002466064,-0.03095295390909092,2.2352913965639547
both_paths,1,reverse,0.6777777777777777,reverse,0.1,0.6777777777777777,0.1,0.23731735348701477,0.003987714045180978,0.229736328125,0.247802734375,16384,2310059.0,1.259188,0.1944205,-0.7513883182723917,0.5400800952920028,0.37911619041287087,0.5981994,0.0002875577,0.6120421330581238,2.4209598509362724
both_paths,1,reverse,0.6777777777777777,reverse,0.09,0.6777777777777777,0.09,0.2152675911784172,0.00497981454357989,0.204345703125,0.22412109375,16384,2310537.0,1.460003,0.4017547,-0.6772120896992724,0.1525664092467997,0.7197966909723068,0.5613731,0.0002970657,1.3619299164252734,2.3147633086371737
both_paths,1,reverse,0.6777777777777777,reverse,0.08,0.6777777777777777,0.08,0.2029295489192009,0.002775478744612371,0.1947021484375,0.2093505859375,16384,2310990.0,-1.406997,0.4767449,-0.5480568372126858,-0.1862538207693695,0.8154405051462915,0.5532943,0.0003029767,1.7953529748984405,2.150835660104938
both_paths,1,reverse,0.6777777777777777,reverse,0.07,0.6777777777777777,0.07,0.18772941082715988,0.005431631991939109,0.1787109375,0.2021484375,16384,2311468.0,-1.193328,0.4315133,-0.4735072636296866,-0.44550412719536486,0.7598137560888344,0.6337551,0.0003244866,2.101106189656557,2.064064814888138
both_paths,1,reverse,0.6777777777777777,reverse,0.06,0.6777777777777777,0.06,0.17833806574344635,0.0019339516335777735,0.1727294921875,0.1842041015625,16384,2311946.0,-0.9739082,0.3977262,-0.25769194724223227,-0.6508005080538751,0.7141803407006697,0.6816006,0.0003135669,2.3097950535033007,1.8314290391186763
both_paths,1,reverse,0.6777777777777777,reverse,0.05,0.6777777777777777,0.05,0.1698065549135208,0.0017733557630447059,0.1651611328125,0.175048828125,16384,2312399.0,-0.854938,0.3093894,-0.11292766458783947,-0.8067217554299111,0.580040819155703,0.7890154,0.0003139218,2.518222064282133,1.683965400642791
both_paths,1,reverse,0.6777777777777777,reverse,0.04,0.6777777777777777,0.04,0.1679723560810089,0.0007800541176103969,0.1654052734375,0.1712646484375,16384,2312876.0,-0.7818492,0.3290149,0.005615823015933627,-0.7911787298524261,0.6115592203220842,0.8233285,0.0003010201,2.4835506647569083,1.565180474260404
both_paths,1,reverse,0.6777777777777777,reverse,0.03,0.6777777777777777,0.03,0.17097729444503784,0.0012171472889003566,0.16748046875,0.1754150390625,16384,2313354.0,-0.7491341,0.4288849,0.04740094940737606,-0.6524062797515969,0.7563856133851042,0.7975525,0.0002967377,2.282520629363498,1.5233776089457243
both_paths,1,reverse,0.6777777777777777,reverse,0.02,0.6777777777777777,0.02,0.18055281788110733,0.0020268453825047434,0.174560546875,0.1861572265625,16384,2313831.0,-0.6673369,0.3540371,0.1777003445539923,-0.7385382225838626,0.650372109894068,0.8481568,0.0002738402,2.4195880536936727,1.392147218130217
both_paths,1,reverse,0.6777777777777777,reverse,0.01,0.6777777777777777,0.01,0.1905243620276451,0.005361476582125059,0.177490234375,0.20166015625,16384,2314308.0,-0.6407264,0.2905393,0.2384933251831478,-0.8011250657028662,0.5489258264516832,0.8385539,0.0002591915,2.54087309410205,1.329982215089338
both_paths,1,reverse,0.6777777777777777,reverse,0.0,0.6777777777777777,0.0,0.21035924553871155,0.003958849610883403,0.200927734375,0.21875,16384,2314784.0,-0.5123666,0.2866624,0.43628765375729633,-0.7179308577975214,0.54242821331589,0.7913983,0.0002236123,2.49455293958189,1.11932751278174
both_paths,2,reverse,0.6325925925925926,reverse,0.2,0.6325925925925926,0.2,0.20643852651119232,0.004080869942288616,0.1962890625,0.213623046875,16384,2315262.0,-0.3303321,0.4272327,0.5184586166290499,-0.402930345880253,0.7542199939088804,0.7837932,0.0002172576,2.061454995535632,1.0257489341936035
both_paths,2,reverse,0.6325925925925926,reverse,0.19,0.6325925925925926,0.19,0.22701182216405869,0.004802439501874801,0.217529296875,0.238525390625,16384,2315739.0,-0.3665669,0.4455586,0.4670586684806936,-0.420622298822661,0.7777744415511362,0.6470849,0.0002141949,2.0665506409095205,1.0848349289178751
both_paths,2,reverse,0.6325925925925926,reverse,0.18,0.6325925925925926,0.18,0.24403822422027588,0.0028590193105237933,0.23681640625,0.25146484375,16384,2316227.0,-0.00704881,0.2967605,0.8288942099857388,-0.011686209786537647,0.5592833102756981,0.6298061,0.0001733397,1.5916882598895317,0.5936682710623505
both_paths,2,reverse,0.6325925925925926,reverse,0.17,0.6325925925925926,0.17,0.26344431191682816,0.003228720255874003,0.2550048828125,0.27197265625,16384,2316702.0,0.1041064,0.1252084,0.9478847929024996,0.20026413391425033,0.2478077804504145,0.4192855,0.0001637419,0.8911097995156023,0.3242661596413592
both_paths,2,reverse,0.6325925925925926,reverse,0.16,0.6325925925925926,0.16,0.2776554748415947,0.002019690116734494,0.2716064453125,0.2830810546875,16384,2317156.0,0.5486185,-0.08070556,0.45012873103635964,0.8783826351813501,-0.16071114369409478,0.3251906,0.0001704117,-0.18096104327513407,1.103886831424912
both_paths,2,reverse,0.6325925925925926,reverse,0.15,0.6325925925925926,0.15,0.2846180871129036,0.0014240338275448292,0.279541015625,0.2886962890625,16384,2317633.0,0.6934604,-0.2702114,0.15678466680116984,0.8430360457133645,-0.5144985849193564,0.4321724,0.0001633802,-0.5479531706479657,1.413362117081605
both_paths,2,reverse,0.6325925925925926,reverse,0.14,0.6325925925925926,0.14,0.2862107455730438,0.0007384371396278416,0.283203125,0.2894287109375,16384,2318111.0,0.8757446,-0.1621657,-0.17034178651880105,0.9324322209578179,-0.31867511525887027,0.6097822,0.0001746631,-0.32932208445131916,1.7419728413354907
both_paths,2,reverse,0.6325925925925926,reverse,0.13,0.6325925925925926,0.13,0.28257109969854355,0.0022176294180672657,0.2769775390625,0.288330078125,16384,2318587.0,0.979977,-0.1214756,-0.36826680539914264,0.898057070184714,-0.2405681997529133,0.6506961,0.0001912835,-0.261731371388493,1.9479404465393926
both_paths,2,reverse,0.6325925925925926,reverse,0.12,0.6325925925925926,0.12,0.27445416152477264,0.00298068250082279,0.2659912109375,0.281494140625,16384,2319038.0,1.048308,-0.0868126,-0.49437570600254616,0.8519088317220668,-0.17275417143567734,0.6547755,0.0002075019,-0.20007182310043037,2.087912811801727
both_paths,2,reverse,0.6325925925925926,reverse,0.11,0.6325925925925926,0.11,0.2552648186683655,0.00488714604035355,0.2430419921875,0.2640380859375,16384,2319515.0,1.216251,0.04602897,-0.7557406341032712,0.6483867230224841,0.09192796839564173,0.573008,0.0002573454,0.14084084041258604,2.4275806711951566
both_paths,2,reverse,0.6325925925925926,reverse,0.1,0.6325925925925926,0.1,0.24224505573511124,0.004396422533939309,0.2314453125,0.251220703125,16384,2320018.0,1.150506,0.06685741,-0.6610760777680947,0.7383800330916622,0.13331671363451708,0.6098316,0.000264518,0.178628510024061,2.293048343802273
both_paths,2,reverse,0.6325925925925926,reverse,0.09,0.6325925925925926,0.09,0.2202298268675804,0.00236514617650382,0.21337890625,0.2254638671875,16384,2320482.0,1.238619,0.3012938,-0.6486464807253194,0.507959113003931,0.5667762191190784,0.5460696,0.0002906291,0.8400706856211744,2.2766010166183466
both_paths,2,reverse,0.6325925925925926,reverse,0.08,0.6325925925925926,0.08,0.19626452028751373,0.0027977976012379746,0.1912841796875,0.20361328125,16384,2320958.0,1.220407,0.3678156,-0.5666875263388287,0.47806911426280985,0.6710552655928956,0.5787785,0.0003209085,0.9517873678354603,2.1732762771605083
both_paths,2,reverse,0.6325925925925926,reverse,0.07,0.6325925925925926,0.07,0.1818593069911003,0.001582505321584904,0.1759033203125,0.186767578125,16384,2321434.0,1.019538,0.3975861,-0.3160193205290232,0.6247866635303718,0.7139841833871114,0.6010046,0.0003081762,0.8519262667562626,1.8923271683988965
both_paths,2,reverse,0.6325925925925926,reverse,0.06,0.6325925925925926,0.06,0.17696470022201538,0.0030918592172160695,0.1702880859375,0.1859130859375,16384,2321884.0,1.106057,0.4903206,-0.33292110738851216,0.4459199080590702,0.8308543626002075,0.6298123,0.0003215749,1.0782212109659488,1.9101960383830905
both_paths,2,reverse,0.6325925925925926,reverse,0.05,0.6325925925925926,0.05,0.1737455129623413,0.0018642676954013753,0.16943359375,0.179931640625,16384,2322361.0,1.350283,0.6684821,-0.20953590790062196,0.09890835131635568,0.9727856091349946,0.6358618,0.0003186794,1.4694691539250124,1.7818966339980156
both_paths,2,reverse,0.6325925925925926,reverse,0.04,0.6325925925925926,0.04,0.1720924898982048,0.0011824946462530574,0.1680908203125,0.1763916015625,16384,2322839.0,1.213545,0.7011227,-0.12672458582173723,0.10991942348108635,0.9858288896608248,0.6628357,0.0003141571,1.4597554743653198,1.6978625683344608
both_paths,2,reverse,0.6325925925925926,reverse,0.03,0.6325925925925926,0.03,0.1751713678240776,0.0018158141197743556,0.1695556640625,0.18212890625,16384,2323318.0,-0.790182,0.6858261,-0.0018927481742473478,-0.19782139074268978,0.9802362546187409,0.7125719,0.0003019308,1.7699315778609614,1.5726890760992729
both_paths,2,reverse,0.6325925925925926,reverse,0.02,0.6325925925925926,0.02,0.18008993566036224,0.002487066913334189,0.1741943359375,0.187744140625,16384,2323794.0,-0.6072395,0.6536479,0.09085566784882172,-0.24410165863901798,0.9654841416975345,0.7333079,0.0002889031,1.8184350886582763,1.4798151938206887
both_paths,2,reverse,0.6325925925925926,reverse,0.01,0.6325925925925926,0.01,0.18852851539850235,0.0030842885003593717,0.181884765625,0.1966552734375,16384,2324269.0,-0.1969141,0.6746945,0.20279152579001133,-0.0842673875834278,0.9755893626201669,0.7286918,0.0002681409,1.6569583502833671,1.3665884841146188
both_paths,2,reverse,0.6325925925925926,reverse,0.0,0.6325925925925926,0.0,0.21123958379030228,0.004307786419879011,0.201416015625,0.2215576171875,16384,2324744.0,-0.2673866,0.5117356,0.4477482313397047,-0.2652222666953448,0.8539195925736507,0.7442039,0.0002232058,1.8719437894785091,1.106550887367737
both_paths,3,reverse,0.5874074074074074,reverse,0.2,0.5874074074074074,0.2,0.20388562232255936,0.0024554164666110516,0.1986083984375,0.211669921875,16384,2325202.0,0.1227237,0.6329427,0.2912105838904363,0.07294769544041489,0.9538736968593503,0.7185281,0.0002514201,1.4944696788211802,1.2753043034630838
both_paths,3,reverse,0.5874074074074074,reverse,0.19,0.5874074074074074,0.19,0.2200249806046486,0.0034875909897447285,0.2115478515625,0.2274169921875,16384,2325698.0,0.1192013,0.5388533,0.45996178806128163,0.11178189181579344,0.88087454395365,0.6892472,0.0002168694,1.4445722179194638,1.0928441631883832
both_paths,3,reverse,0.5874074074074074,reverse,0.18,0.5874074074074074,0.18,0.24503310769796371,0.0047007881214307795,0.234130859375,0.255126953125,16384,2326170.0,0.1117913,0.4195454,0.651509156805844,0.14814289099669534,0.7440359550756129,0.520924,0.0001906402,1.3742594076434083,0.8612242946847332
both_paths,3,reverse,0.5874074074074074,reverse,0.17,0.5874074074074074,0.17,0.26559921354055405,0.004752042457100462,0.25439453125,0.2744140625,16384,2326628.0,0.0903043,0.1726092,0.9256957570577353,0.16903051902055763,0.33840220005925936,0.3414379,0.00016906,1.1075520612739158,0.3879255341171442
both_paths,3,reverse,0.5874074074074074,reverse,0.16,0.5874074074074074,0.16,0.2764242962002754,0.003077001924556026,0.2684326171875,0.2833251953125,16384,2327102.0,0.2977302,-0.1297082,0.8001890139518029,0.5421225095886272,-0.25651652295353267,0.4275802,0.0001534648,-0.4419547876707117,0.6431860193474939
both_paths,3,reverse,0.5874074074074074,reverse,0.15,0.5874074074074074,0.15,0.2876420244574547,0.0011218423163170117,0.2838134765625,0.2919921875,16384,2327551.0,0.5314741,-0.4393176,0.31035663008866377,0.5576568260028937,-0.7698685774678602,0.4073501,0.0001568016,-0.9439121725428548,1.2552281621402996
both_paths,3,reverse,0.5874074074074074,reverse,0.14,0.5874074074074074,0.14,0.29144585877656937,0.0012886205268695576,0.2862548828125,0.29541015625,16384,2328026.0,1.290584,-0.5921352,-0.3193071752388015,0.20037842802996744,-0.926224278142857,0.461739,0.0001718257,-1.3577406863911134,1.8957946272048543
both_paths,3,reverse,0.5874074074074074,reverse,0.13,0.5874074074074074,0.13,0.2771938741207123,0.0025818727232439736,0.2706298828125,0.283935546875,16384,2328501.0,1.034675,-0.3080859,-0.3902213938936274,0.7167574631604066,-0.577915221076217,0.638461,0.000193916,-0.678565272801535,1.9716683643238753
both_paths,3,reverse,0.5874074074074074,reverse,0.12,0.5874074074074074,0.12,0.2676077336072922,0.003860592851045738,0.2584228515625,0.2760009765625,16384,2328979.0,1.13199,-0.2942001,-0.5315303055294204,0.639856353988227,-0.555030972617469,0.6290339,0.0002149824,-0.7145267825247035,2.1312025225617446
both_paths,3,reverse,0.5874074074074074,reverse,0.11,0.5874074074074074,0.11,0.2550109028816223,0.002071828019389347,0.24755859375,0.26025390625,16384,2329456.0,1.121682,-0.1693576,-0.5875993374841365,0.7377804326523701,-0.33227556603440667,0.6207438,0.0002386618,-0.4231631450667592,2.1988850733507044
both_paths,3,reverse,0.5874074074074074,reverse,0.1,0.5874074074074074,0.1,0.23830866813659668,0.00585767675396559,0.2244873046875,0.2503662109375,16384,2329933.0,1.107498,-0.01057853,-0.600424298699575,0.7994017182415463,-0.021155481643937612,0.6695881,0.0002732864,-0.02645796785542709,2.214827914515487
both_paths,3,reverse,0.5874074074074074,reverse,0.09,0.5874074074074074,0.09,0.21238836646080017,0.006169124271908952,0.19970703125,0.227783203125,16384,2330396.0,1.08175,0.0896518,-0.5496500869743092,0.8161360570029106,0.17834438132129699,0.6327353,0.0002915165,0.2151409173955412,2.152741647538864
both_paths,3,reverse,0.5874074074074074,reverse,0.08,0.5874074074074074,0.08,0.19344288110733032,0.003923966746134982,0.18408203125,0.202880859375,16384,2330872.0,1.070413,0.190223,-0.5010710738799975,0.7816894403699942,0.37133461693571107,0.5901667,0.0003069659,0.4434818753537155,2.0956323141676485
both_paths,3,reverse,0.5874074074074074,reverse,0.07,0.5874074074074074,0.07,0.17732881009578705,0.0035002883899199664,0.168701171875,0.1849365234375,16384,2331348.0,0.9794762,0.2441394,-0.3342534657186796,0.8174433883119936,0.4691065204834172,0.603334,0.0003146594,0.5209849007955403,1.9116093526113072
both_paths,3,reverse,0.5874074074074074,reverse,0.06,0.5874074074074074,0.06,0.17057619988918304,0.001066644509885949,0.1669921875,0.1748046875,16384,2331834.0,0.9315136,0.349215,-0.22063390664735585,0.7333832458337681,0.6430160915310383,0.6632806,0.0003210656,0.7198375061734512,1.7932606724658624
both_paths,3,reverse,0.5874074074074074,reverse,0.05,0.5874074074074074,0.05,0.16816697269678116,0.000936282225796769,0.16552734375,0.1719970703125,16384,2332286.0,0.8865318,0.4422565,-0.12729779598927546,0.6207481615015679,0.7736064833807278,0.6773252,0.0003172245,0.8945887130949277,1.6984404586801025
both_paths,3,reverse,0.5874074074074074,reverse,0.04,0.5874074074074074,0.04,0.17158617824316025,0.0017999141661839931,0.16650390625,0.178466796875,16384,2332787.0,0.7483894,0.3912157,0.05244542141100276,0.7072596579490141,0.7050058538841119,0.747772,0.0002945153,0.7838022863242844,1.5183268335278475
both_paths,3,reverse,0.5874074074074074,reverse,0.03,0.5874074074074074,0.03,0.1785498782992363,0.00271937477905266,0.1728515625,0.187255859375,16384,2333237.0,0.6736415,0.4047363,0.1529167453756977,0.6727193570279971,0.72392343218295,0.7813256,0.0002793919,0.8220440062309913,1.4172772661493083
both_paths,3,reverse,0.5874074074074074,reverse,0.02,0.5874074074074074,0.02,0.1885448321700096,0.005567757011459122,0.178466796875,0.2027587890625,16384,2333711.0,0.5315191,0.5516383,0.21912624642983772,0.39381511820980686,0.8926888264087133,0.734748,0.0002695549,1.1553212854616808,1.3498774642624574
both_paths,3,reverse,0.5874074074074074,reverse,0.01,0.5874074074074074,0.01,0.19554365426301956,0.002554505546260226,0.1885986328125,0.2012939453125,16384,2334184.0,0.4601782,0.4702189,0.3569240941733943,0.46908221666236616,0.8078162322023635,0.8019555,0.0002434758,1.0447043286773425,1.2058233041341724
both_paths,3,reverse,0.5874074074074074,reverse,0.0,0.5874074074074074,0.0,0.21801451593637466,0.003256802215388906,0.2108154296875,0.2266845703125,16384,2334658.0,0.4714169,0.2707194,0.5034663343463357,0.6934810000338046,0.5153695303100274,0.8728274,0.0002058797,0.6391111518582955,1.043190326841173
both_paths,4,reverse,0.5422222222222222,reverse,0.2,0.5422222222222222,0.2,0.20932824909687042,0.0025717863532069033,0.2017822265625,0.2154541015625,16384,2335142.0,0.5340072,0.2858647,0.4052323540933387,0.7368930414853736,0.5410872245825126,0.8330015,0.0002256082,0.6333654002554701,1.1535633531863227
both_paths,4,reverse,0.5422222222222222,reverse,0.19,0.5422222222222222,0.19,0.22804786264896393,0.006004134841802179,0.21728515625,0.2413330078125,16384,2335597.0,0.4415036,0.3109526,0.5159711810656894,0.6279878981905261,0.5825847063182512,0.792927,0.0002053125,0.7479101840673978,1.0286553094037427
both_paths,4,reverse,0.5422222222222222,reverse,0.18,0.5422222222222222,0.18,0.24028558284044266,0.006245294675328466,0.224609375,0.252197265625,16384,2336093.0,0.3385578,0.3872714,0.5570570062421334,0.44781916263666693,0.6993893689297446,0.5863419,0.0001972732,1.0012701865316584,0.9799585068458274
both_paths,4,reverse,0.5422222222222222,reverse,0.17,0.5422222222222222,0.17,0.26750368624925613,0.0030049405234747035,0.259765625,0.275146484375,16384,2336556.0,0.2865445,0.1188619,0.8165998424003938,0.5269807029869967,0.2354910530593099,0.414218,0.0001652517,0.42024668200070225,0.6153008319270911
both_paths,4,reverse,0.5422222222222222,reverse,0.16,0.5422222222222222,0.16,0.28356071561574936,0.002482278004443763,0.2763671875,0.2899169921875,16384,2337031.0,0.250568,-0.2820371,0.7411701828026384,0.4059970476782399,-0.534633666542668,0.3660709,0.0001539243,-0.9213107708595603,0.7359845270297398
both_paths,4,reverse,0.5422222222222222,reverse,0.15,0.5422222222222222,0.15,0.2927863150835037,0.0009256240809409857,0.288818359375,0.2962646484375,16384,2337482.0,0.6795508,-0.5725016,0.08678744170583072,0.40382253843980104,-0.910711423783732,0.4491934,0.0001554767,-1.1534324855249336,1.4838995661166223
both_paths,4,reverse,0.5422222222222222,reverse,0.14,0.5422222222222222,0.14,0.2912447452545166,0.000898318652898661,0.287841796875,0.2952880859375,16384,2337959.0,1.184655,-0.5072187,-0.3782868675079875,0.368491921341143,-0.8491835783723725,0.5190718,0.0001730577,-1.161380628628476,1.958741264071162
both_paths,4,reverse,0.5422222222222222,reverse,0.13,0.5422222222222222,0.13,0.2791344001889229,0.00262172303067425,0.2713623046875,0.2855224609375,16384,2338438.0,1.243447,-0.4039414,-0.5481470112915385,0.4207823604294415,-0.7228257460574999,0.5709384,0.0001955354,-1.0436162367233908,2.1509434707622335
both_paths,4,reverse,0.5422222222222222,reverse,0.12,0.5422222222222222,0.12,0.26861729472875595,0.0037104879678062047,0.2576904296875,0.2769775390625,16384,2338914.0,1.168613,-0.1822102,-0.6480213863969224,0.6730837623710225,-0.356407816419168,0.6255397,0.0002295008,-0.4869797103228275,2.2757799890014785
both_paths,4,reverse,0.5422222222222222,reverse,0.11,0.5422222222222222,0.11,0.24943889677524567,0.0037837640239202393,0.239990234375,0.258056640625,16384,2339392.0,1.220694,-0.1198476,-0.7428475532073237,0.6259517888487899,-0.23740655157533566,0.6135651,0.0002664603,-0.3625115037241846,2.4081102108492627
both_paths,4,reverse,0.5422222222222222,reverse,0.1,0.5422222222222222,0.1,0.2274138554930687,0.004848358123315174,0.217529296875,0.23779296875,16384,2339868.0,1.130922,0.03003337,-0.6361954178525712,0.7691889977212618,0.06003062624988375,0.6527723,0.0002827219,0.07788617654329189,2.260353275032628
both_paths,4,reverse,0.5422222222222222,reverse,0.09,0.5422222222222222,0.09,0.21188409626483917,0.004279663905510583,0.2015380859375,0.2208251953125,16384,2340355.0,1.122473,0.1522265,-0.595525416450664,0.7453097345910169,0.29977137602701664,0.577242,0.0002957183,0.3824104979892451,2.2087158598850847
both_paths,4,reverse,0.5422222222222222,reverse,0.08,0.5422222222222222,0.08,0.19054142385721207,0.002548146672038264,0.18408203125,0.19775390625,16384,2340804.0,1.044458,0.1526839,-0.47233556551198747,0.8285603846208186,0.30064397979915053,0.5781998,0.0003094949,0.3480772030771533,2.0627350087970866
both_paths,4,reverse,0.5422222222222222,reverse,0.07,0.5422222222222222,0.07,0.17493069171905518,0.003309598209667722,0.16748046875,0.18212890625,16384,2341278.0,0.949973,0.1579768,-0.30723832556223246,0.8994753040407625,0.31072300965086813,0.6168831,0.0003163533,0.33261490156837237,1.8830859558833413
both_paths,4,reverse,0.5422222222222222,reverse,0.06,0.5422222222222222,0.06,0.1634574681520462,0.0025041804007434154,0.1580810546875,0.1717529296875,16384,2341752.0,0.894012,0.1182464,-0.20952433509984225,0.9493185148519403,0.23429449494231694,0.7222633,0.0003226272,0.2419673045895956,1.7818847984745678
both_paths,4,reverse,0.5422222222222222,reverse,0.05,0.5422222222222222,0.05,0.16097098588943481,0.0007397329936099443,0.158203125,0.163818359375,16384,2342226.0,0.8218116,0.2339009,-0.06494503113862492,0.8901957504074604,0.45092534735463896,0.7575503,0.0003166419,0.46887090945575993,1.6357870996159505
both_paths,4,reverse,0.5422222222222222,reverse,0.04,0.5422222222222222,0.04,0.1648205667734146,0.001140405842755978,0.1617431640625,0.1689453125,16384,2342700.0,0.7814489,0.357345,0.005965667189198392,0.7552728862116854,0.6553833062936972,0.7438562,0.0003084608,0.714705441179893,1.5648306242195926
both_paths,4,reverse,0.5422222222222222,reverse,0.03,0.5422222222222222,0.03,0.17046387493610382,0.0023167882321738177,0.163818359375,0.177734375,16384,2343174.0,0.7136742,0.4838735,0.08107870048379563,0.561331284149611,0.8236100010094629,0.7335838,0.0002964838,0.9725606238089517,1.4896285305686354
both_paths,4,reverse,0.5422222222222222,reverse,0.02,0.5422222222222222,0.02,0.18001581728458405,0.002385480754020733,0.1744384765625,0.18603515625,16384,2343648.0,0.6170513,0.4917258,0.18307446572965486,0.5230381854883289,0.8324150386188839,0.7638303,0.0002764745,1.0098000928781659,1.3866834601453406
both_paths,4,reverse,0.5422222222222222,reverse,0.01,0.5422222222222222,0.01,0.1983814537525177,0.004193119641171325,0.1890869140625,0.208251953125,16384,2344122.0,0.3191478,0.5455911,0.37058569912069,0.27493677077170814,0.8871730449494364,0.7594935,0.0002413088,1.2702799953525776,1.191156786523462
both_paths,4,reverse,0.5422222222222222,reverse,0.0,0.5422222222222222,0.0,0.22174444794654846,0.004191342174554736,0.212890625,0.23291015625,16384,2344596.0,0.4532297,0.4036086,0.4263424544293316,0.544444670485761,0.7223656361779845,0.6919403,0.0002197528,0.9249334594268479,1.1303508657321404
both_paths,5,reverse,0.497037037037037,reverse,0.2,0.497037037037037,0.2,0.21219348907470703,0.0036434089759200625,0.2044677734375,0.2208251953125,16384,2345070.0,0.5110765,0.2775757,0.4432070926795822,0.7250948988911124,0.52707196909018,0.7583309,0.000221426,0.6285528989264586,1.1116231339615519
both_paths,5,reverse,0.497037037037037,reverse,0.19,0.497037037037037,0.19,0.23566291481256485,0.003175462254827985,0.2257080078125,0.2442626953125,16384,2345544.0,0.3585727,0.228779,0.6761563468841801,0.5896286217638982,0.4417586252299394,0.785258,0.00018082,0.6429985383335781,0.8282632459793696
both_paths,5,reverse,0.497037037037037,reverse,0.18,0.497037037037037,0.18,0.26424673199653625,0.0031528543235449444,0.257080078125,0.2724609375,16384,2346031.0,0.2622292,0.1257337,0.8383708618420118,0.484995032211177,0.24882547446907785,0.4855511,0.0001621739,0.4740310193581907,0.576508704158539
both_paths,5,reverse,0.497037037037037,reverse,0.17,0.497037037037037,0.17,0.2825276479125023,0.0031847715846606336,0.2752685546875,0.2896728515625,16384,2346505.0,0.2594243,-0.1354828,0.836705645730227,0.4777873522468649,-0.26766192937377975,0.3092449,0.0001572427,-0.510649251739713,0.5795564461887264
both_paths,5,reverse,0.497037037037037,reverse,0.16,0.497037037037037,0.16,0.28754280507564545,0.0014497085420987431,0.282470703125,0.29248046875,16384,2346980.0,0.04471372,-0.3582321,0.7511189868325663,0.06735028332240771,-0.6567223210429279,0.2998465,0.000151982,-1.468598427108752,0.7210408721990258
both_paths,5,reverse,0.497037037037037,reverse,0.15,0.497037037037037,0.15,0.2966358810663223,0.0008553178840311944,0.2935791015625,0.300048828125,16384,2347431.0,-0.6163774,-0.7222933,0.04174517360799709,-0.11875116199535887,-0.992046118890241,0.378334,0.000155268,-1.6899327223972305,1.529039019064919
both_paths,5,reverse,0.497037037037037,reverse,0.14,0.497037037037037,0.14,0.2939617559313774,0.0017814078993552472,0.2869873046875,0.29931640625,16384,2347882.0,-1.418322,-0.5597046,-0.4160882626431156,-0.13097076757383153,-0.899842883914606,0.4895226,0.0001714033,-1.7153298961815184,1.9999355842885256
both_paths,5,reverse,0.497037037037037,reverse,0.13,0.497037037037037,0.13,0.2854931354522705,0.0019955535230990725,0.279541015625,0.291259765625,16384,2348358.0,-1.536509,-0.4834372,-0.5665403402243026,-0.03891131998047896,-0.8231147866949714,0.5092315,0.0001854488,-1.6180344199224057,2.1730976496369125
both_paths,5,reverse,0.497037037037037,reverse,0.12,0.497037037037037,0.12,0.2712090462446213,0.0033997057508215064,0.262939453125,0.2789306640625,16384,2348834.0,1.354389,-0.3689188,-0.6716955500711633,0.3103449086007273,-0.6726894719855542,0.532759,0.000212936,-1.1385443931223511,2.3072914715782034
both_paths,5,reverse,0.497037037037037,reverse,0.11,0.497037037037037,0.11,0.24863769859075546,0.004599764678701284,0.23681640625,0.258544921875,16384,2349310.0,1.215115,-0.140212,-0.7278846744207054,0.6273643925288722,-0.27676311121669195,0.5868171,0.00025751,-0.41547168506605425,2.386028288789697
both_paths,5,reverse,0.497037037037037,reverse,0.1,0.497037037037037,0.1,0.22944968193769455,0.00449534381026979,0.2215576171875,0.239990234375,16384,2349786.0,1.142765,-0.05863031,-0.6509154482931683,0.7500812836377065,-0.11699208139747916,0.6198008,0.0002749965,-0.15472588085010797,2.279586026580922
both_paths,5,reverse,0.497037037037037,reverse,0.09,0.497037037037037,0.09,0.2097935751080513,0.005165708389494084,0.1973876953125,0.222412109375,16384,2350259.0,1.087041,0.002513265,-0.5673440364590967,0.8234655296387626,0.0050265088333056925,0.5795689,0.000292544,0.006104015559438736,2.1740732962698934
both_paths,5,reverse,0.497037037037037,reverse,0.08,0.497037037037037,0.08,0.19326752424240112,0.0030947852595416196,0.1851806640625,0.200439453125,16384,2350720.0,1.086424,0.1650965,-0.5357410861195592,0.7796532841053162,0.32422560853089644,0.5717687,0.0003151569,0.39410248533931114,2.136181496370029
both_paths,5,reverse,0.497037037037037,reverse,0.07,0.497037037037037,0.07,0.1791255846619606,0.002521202417035506,0.173095703125,0.1856689453125,16384,2351193.0,0.9609306,0.2445213,-0.3035872533217866,0.8289394791692221,0.4697809271300744,0.5998026,0.0003104718,0.515593344453666,1.8792516791756455
both_paths,5,reverse,0.497037037037037,reverse,0.06,0.497037037037037,0.06,0.1671179160475731,0.0013820370635229708,0.162841796875,0.172119140625,16384,2351693.0,0.858614,0.2222616,-0.13172888832338456,0.8931538937560477,0.4300274666221868,0.6635305,0.0003145167,0.448714624415925,1.7029091919947053
both_paths,5,reverse,0.497037037037037,reverse,0.05,0.497037037037037,0.05,0.16626336425542831,0.0012186871068150121,0.1624755859375,0.17138671875,16384,2352142.0,0.8435864,0.2384879,-0.103154176867499,0.882378233861117,0.4590946179197972,0.6969629,0.000314497,0.47974936477542807,1.6741343254561853
both_paths,5,reverse,0.497037037037037,reverse,0.04,0.497037037037037,0.04,0.17208987474441528,0.0015554531236653222,0.167236328125,0.17822265625,16384,2352618.0,0.7796141,0.351315,0.00882796413449968,0.7630941894796639,0.6462269918779429,0.723532,0.0003013794,0.7026629989761446,1.5619682479914931
both_paths,5,reverse,0.497037037037037,reverse,0.03,0.497037037037037,0.03,0.1724473387002945,0.0020448590379336397,0.166748046875,0.1793212890625,16384,2353092.0,0.7485762,0.2693156,0.06315967654786629,0.85608491202496,0.5129614787306991,0.7449502,0.0002935745,0.5398271031285349,1.50759458250482
both_paths,5,reverse,0.497037037037037,reverse,0.02,0.497037037037037,0.02,0.17121870070695877,0.00406030127015448,0.1636962890625,0.182861328125,16384,2353566.0,0.6849953,0.1615125,0.18914281894724042,0.9292249609960394,0.31743655413735905,0.8756566,0.0002768788,0.3291848370611583,1.380507191719142
both_paths,5,reverse,0.497037037037037,reverse,0.01,0.497037037037037,0.01,0.1942131370306015,0.004305190020881627,0.1839599609375,0.205322265625,16384,2354042.0,0.6294824,0.07575871,0.303287368754031,0.9408689543247897,0.15093834086153554,0.8860066,0.0002427194,0.15906904482696094,1.262655697746751
both_paths,5,reverse,0.497037037037037,reverse,0.0,0.497037037037037,0.0,0.2113669589161873,0.006093013088137683,0.19921875,0.2269287109375,16384,2354516.0,0.5720048,0.09387252,0.40667384500826453,0.8943044154276879,0.18664403642424715,0.7619803,0.0002213719,0.205749676129515,1.1519860463073621
both_paths,6,reverse,0.45185185185185184,reverse,0.2,0.45185185185185184,0.2,0.2043580487370491,0.003324685310753364,0.1968994140625,0.2122802734375,16384,2355015.0,0.6006618,-0.009001762,0.361065267110063,0.9323667631507558,-0.018002551444761924,0.877418,0.0002274767,-0.019306045049383158,1.201386357693007
both_paths,6,reverse,0.45185185185185184,reverse,0.19,0.45185185185185184,0.19,0.222147136926651,0.005235807737611629,0.2122802734375,0.2357177734375,16384,2355464.0,0.5897105,0.1126223,0.3718242366493362,0.9010348726759049,0.22334479009382385,0.7887385,0.0002166533,0.24297847147893403,1.1898229473185846
both_paths,6,reverse,0.45185185185185184,reverse,0.18,0.45185185185185184,0.18,0.2430180460214615,0.006045367708229602,0.2333984375,0.25732421875,16384,2355950.0,0.4715063,0.01413707,0.5871177457103102,0.8090077494588278,0.028270372965457858,0.8089409,0.0001789575,0.03493028868029624,0.9433026325279813
both_paths,6,reverse,0.45185185185185184,reverse,0.17,0.45185185185185184,0.17,0.26996172964572906,0.0033478566073626083,0.261474609375,0.2769775390625,16384,2356424.0,0.2761066,-0.07912409,0.8407276954705042,0.5180181472637831,-0.15758851853562336,0.3584365,0.0001669729,-0.29531860937381493,0.5721705482458418
both_paths,6,reverse,0.45185185185185184,reverse,0.16,0.45185185185185184,0.16,0.28454170376062393,0.0027012716267439357,0.277099609375,0.2911376953125,16384,2356898.0,0.2795006,-0.2719165,0.7254767040850028,0.45382848972260603,-0.5174198041687812,0.2651355,0.0001590846,-0.8507786430529594,0.7590695496560644
both_paths,6,reverse,0.45185185185185184,reverse,0.15,0.45185185185185184,0.15,0.2956545874476433,0.0018295686640221946,0.289794921875,0.3004150390625,16384,2357347.0,-0.4362306,-0.4283377,0.42109797324559356,-0.5016377462952984,-0.7556692850845713,0.3027234,0.0001502434,-2.156834170004613,1.1361408117908656
both_paths,6,reverse,0.45185185185185184,reverse,0.14,0.45185185185185184,0.14,0.29964547604322433,0.0011301319354818694,0.2955322265625,0.3033447265625,16384,2357845.0,-0.8899388,-0.4275266,-0.13619721412340252,-0.6418881260746784,-0.7546058258914795,0.325306,0.0001589534,-2.2756543120800674,1.7074181641869666
both_paths,6,reverse,0.45185185185185184,reverse,0.13,0.45185185185185184,0.13,0.30036263912916183,0.0010598364274837075,0.296630859375,0.304443359375,16384,2358319.0,-1.07487,-0.3638207,-0.4085742123066484,-0.6250564111170251,-0.6651102133928679,0.4947401,0.0001657463,-2.3251590093991936,1.9916877200847272
both_paths,6,reverse,0.45185185185185184,reverse,0.12,0.45185185185185184,0.12,0.2867347300052643,0.0035668250431342787,0.2769775390625,0.2938232421875,16384,2358792.0,-1.304109,-0.4040471,-0.5949119856897445,-0.35127124255861114,-0.7229718137202962,0.5138799,0.0001871436,-2.0230772099263095,2.207952472037536
both_paths,6,reverse,0.45185185185185184,reverse,0.11,0.45185185185185184,0.11,0.2664549872279167,0.003225711530929409,0.2587890625,0.275146484375,16384,2359265.0,-1.458362,-0.4236769,-0.6453027474773627,-0.14760470973845097,-0.749531329406046,0.5455017,0.0002170108,-1.7652375926500063,2.272215847951735
both_paths,6,reverse,0.45185185185185184,reverse,0.1,0.45185185185185184,0.1,0.25723353028297424,0.005689457215699053,0.245849609375,0.2718505859375,16384,2359738.0,1.474207,-0.3540113,-0.7455190596360698,0.1458370123717776,-0.6503329128545042,0.5286036,0.0002360697,-1.3501960696515476,2.4121096315243364
both_paths,6,reverse,0.45185185185185184,reverse,0.09,0.45185185185185184,0.09,0.22907403111457825,0.007197119127913292,0.21484375,0.2471923828125,16384,2360212.0,1.353895,-0.2844739,-0.7644338118353902,0.3541098705654431,-0.5387459019713656,0.4858011,0.0002697116,-0.9893165259039374,2.440958982817225
both_paths,6,reverse,0.45185185185185184,reverse,0.08,0.45185185185185184,0.08,0.1988684982061386,0.004380922177143481,0.1881103515625,0.2086181640625,16384,2360710.0,1.038295,-0.1207212,-0.4704484781139436,0.8494161383347696,-0.23910343656401517,0.5508853,0.000291244,-0.27439124921628055,2.060595268266629
both_paths,6,reverse,0.45185185185185184,reverse,0.07,0.45185185185185184,0.07,0.1689257174730301,0.0023930073285020146,0.16357421875,0.176513671875,16384,2361171.0,0.8676136,-0.07609265,-0.1617989923644499,0.9751097221053852,-0.1515985353669588,0.6698768,0.0003034743,-0.15423346513285452,1.7333097212510773
both_paths,6,reverse,0.45185185185185184,reverse,0.06,0.45185185185185184,0.06,0.16312217712402344,0.0015249666825053166,0.1580810546875,0.1689453125,16384,2361645.0,0.8326047,0.01860008,-0.09420764972600687,0.9948576305482113,0.037191580674939606,0.6951361,0.0003033634,0.037366421432896146,1.6651438861045678
both_paths,6,reverse,0.45185185185185184,reverse,0.05,0.45185185185185184,0.05,0.1611124873161316,0.0013449620491604787,0.1573486328125,0.1658935546875,16384,2362117.0,0.756998,-0.0106107,0.05675700685990482,0.9981624927609087,-0.021219807200668767,0.8060555,0.0002963624,-0.021255668822324214,1.5140088032388686
both_paths,6,reverse,0.45185185185185184,reverse,0.04,0.45185185185185184,0.04,0.1606477051973343,0.0022323690458734852,0.155029296875,0.1669921875,16384,2362590.0,0.7210031,-0.01721018,0.1283583093422259,0.9911305923301551,-0.03441356375153961,0.8496746,0.0002873454,-0.03470757993969675,1.4420829094541845
both_paths,6,reverse,0.45185185185185184,reverse,0.03,0.45185185185185184,0.03,0.16898571699857712,0.0039777724894838095,0.16162109375,0.181396484375,16384,2363064.0,0.6654019,-0.09451514,0.23346127930050742,0.9540371923315306,-0.1879065371814946,0.9208272,0.0002661293,-0.19447014749609215,1.3351605100584598
both_paths,6,reverse,0.45185185185185184,reverse,0.02,0.45185185185185184,0.02,0.17445024847984314,0.0035201933603733874,0.16650390625,0.181640625,16384,2363536.0,0.6302297,-0.1927535,0.28296704561059893,0.88234452503553,-0.3760289752641866,0.8954876,0.0002572106,-0.40286143092626103,1.2839101458504447
both_paths,6,reverse,0.45185185185185184,reverse,0.01,0.45185185185185184,0.01,0.19634991139173508,0.003083761601935709,0.189208984375,0.2039794921875,16384,2364011.0,0.5325861,-0.2294205,0.4342551481333733,0.7843811779402363,-0.4429092841798976,0.9359176,0.0002212962,-0.5140293646400975,1.1215851024365238
both_paths,6,reverse,0.45185185185185184,reverse,0.0,0.45185185185185184,0.0,0.21471228450536728,0.0034438937052707224,0.2061767578125,0.2230224609375,16384,2364485.0,0.5071343,-0.166218,0.49931998922506227,0.8026066467988374,-0.32634662381371443,0.8689786,0.0002018656,-0.38619028078414175,1.047982582182285
both_paths,7,reverse,0.4066666666666666,reverse,0.2,0.4066666666666666,0.2,0.1978210136294365,0.003707820429016169,0.1871337890625,0.2061767578125,16384,2364960.0,0.5177352,-0.312297,0.4138107843699925,0.6977155951197958,-0.5847679737004421,0.8635788,0.0002291254,-0.6975553560433192,1.144160221659178
both_paths,7,reverse,0.4066666666666666,reverse,0.19,0.4066666666666666,0.19,0.2199619933962822,0.005614120369633997,0.208251953125,0.23486328125,16384,2365448.0,0.5055314,-0.2796696,0.4500451926957693,0.7182584100623006,-0.5306262158112847,0.6971737,0.0002096502,-0.6362736868479084,1.1039803809984974
both_paths,7,reverse,0.4066666666666666,reverse,0.18,0.4066666666666666,0.18,0.24774716794490814,0.004971883811353198,0.2371826171875,0.2603759765625,16384,2365897.0,0.3556932,-0.2553582,0.6608017496539712,0.5695729142923678,-0.4888023557213585,0.6418653,0.0001786235,-0.7092301897221835,0.8489098662966068
both_paths,7,reverse,0.4066666666666666,reverse,0.17,0.4066666666666666,0.17,0.26717259734869003,0.0063884121462106855,0.2532958984375,0.27978515625,16384,2366371.0,-0.02409245,-0.3200408,0.8011161139915622,-0.03863160255636516,-0.597260890387932,0.3498964,0.0001668529,-1.6353876370006977,0.6416386051179093
both_paths,7,reverse,0.4066666666666666,reverse,0.16,0.4066666666666666,0.16,0.2909637913107872,0.001677159566432723,0.287109375,0.297119140625,16384,2366846.0,-0.6649654,-0.3841769,0.17152588199786373,-0.6982978836798407,-0.6949524713626901,0.1879576,0.000165307,-2.3585956422004393,1.3984180294713326
both_paths,7,reverse,0.4066666666666666,reverse,0.15,0.4066666666666666,0.15,0.2980509623885155,0.0015496711930606322,0.2930908203125,0.302734375,16384,2367345.0,-0.8428774,-0.3789724,-0.08330486292623666,-0.7214567701008905,-0.687430308241084,0.2890264,0.0001595479,-2.380341101359897,1.6541978436590885
both_paths,7,reverse,0.4066666666666666,reverse,0.14,0.4066666666666666,0.14,0.3010850101709366,0.0009524880644822616,0.297607421875,0.3045654296875,16384,2367820.0,-0.9581416,-0.1719689,-0.318821215493469,-0.8858054522092796,-0.33719687630163575,0.4918451,0.0001665333,-2.777862961985218,1.895281867072647
both_paths,7,reverse,0.4066666666666666,reverse,0.13,0.4066666666666666,0.13,0.2891552150249481,0.002182864997962519,0.282958984375,0.2965087890625,16384,2368277.0,-1.067354,-0.09471024,-0.5249360519090758,-0.8300536748251837,-0.188289772200511,0.603424,0.0001892996,-2.918527109965265,2.123436306015686
both_paths,7,reverse,0.4066666666666666,reverse,0.12,0.4066666666666666,0.12,0.28826531767845154,0.003307174056459517,0.279541015625,0.29541015625,16384,2368754.0,-1.1551,-0.04259429,-0.6714038144026108,-0.7361911178518789,-0.08508558045653661,0.537744,0.0002013039,-3.026527777614086,2.3068977447098873
both_paths,7,reverse,0.4066666666666666,reverse,0.11,0.4066666666666666,0.11,0.26793868094682693,0.007098235532847752,0.2550048828125,0.2830810546875,16384,2369230.0,-1.212799,-0.03019284,-0.7530656656714843,-0.655171811691271,-0.060348987994347604,0.5511334,0.000228105,-3.0497401467109495,2.4235055168983775
both_paths,7,reverse,0.4066666666666666,reverse,0.1,0.4066666666666666,0.1,0.24109356850385666,0.004765651375037783,0.23193359375,0.254150390625,16384,2369704.0,-1.346758,-0.1991992,-0.8306967763313414,-0.39930357984893283,-0.38794267219854045,0.4761438,0.0002575804,-2.370624687918918,2.551154407610034
both_paths,7,reverse,0.4066666666666666,reverse,0.09,0.4066666666666666,0.09,0.21913618594408035,0.0066085938006425525,0.2054443359375,0.2315673828125,16384,2370179.0,-1.271956,-0.2525518,-0.7234154117281224,-0.49245585109174433,-0.4838981058030056,0.4218972,0.0002682246,-2.364959268670505,2.379532821774485
both_paths,7,reverse,0.4066666666666666,reverse,0.08,0.4066666666666666,0.08,0.19865782558918,0.0059075815542071804,0.1864013671875,0.211181640625,16384,2370653.0,-1.464781,-0.5376017,-0.4649035880109743,-0.10007806228176842,-0.8796868961763888,0.3630165,0.0002733741,-1.684074844507769,2.054322039256734
both_paths,7,reverse,0.4066666666666666,reverse,0.07,0.4066666666666666,0.07,0.17685521394014359,0.003977613792043654,0.1673583984375,0.1865234375,16384,2371139.0,0.9816282,-0.5554981,-0.16972504883573813,0.4100296748242957,-0.896141212957639,0.4360337,0.0002788836,-1.1416813429757968,1.7413469901827527
both_paths,7,reverse,0.4066666666666666,reverse,0.06,0.4066666666666666,0.06,0.16388435661792755,0.0017500214554789604,0.15869140625,0.169189453125,16384,2371613.0,0.7926624,-0.3253571,-0.011559192974548306,0.7955674012312497,-0.6057548143893972,0.5884656,0.0002847871,-0.6507650687452347,1.5823557771984071
both_paths,7,reverse,0.4066666666666666,reverse,0.05,0.4066666666666666,0.05,0.15656112879514694,0.0010853991231307173,0.1529541015625,0.1607666015625,16384,2372064.0,0.7452243,-0.2964915,0.06655888209236653,0.826601992772502,-0.558837239953766,0.704967,0.0002884743,-0.5944814179488418,1.5041882028919868
both_paths,7,reverse,0.4066666666666666,reverse,0.04,0.4066666666666666,0.04,0.15651167184114456,0.0015374936892346735,0.15283203125,0.1624755859375,16384,2372541.0,0.7003579,-0.3337604,0.13293117764814857,0.7740269716804367,-0.6190408299298915,0.744543,0.0002819816,-0.6745985384094211,1.4374705051032666
both_paths,7,reverse,0.4066666666666666,reverse,0.03,0.4066666666666666,0.03,0.16762807965278625,0.00210713358578085,0.16162109375,0.1748046875,16384,2373016.0,0.6536345,-0.2568514,0.22686680494889866,0.8408638986179355,-0.4914054912323679,0.8015465,0.0002630522,-0.5288740373446155,1.341936933613888
both_paths,7,reverse,0.4066666666666666,reverse,0.02,0.4066666666666666,0.02,0.1823659911751747,0.0021449448308968563,0.1763916015625,0.189208984375,16384,2373491.0,0.5939803,-0.2726992,0.3193576854831216,0.7930321851150287,-0.5187587320658289,0.875261,0.0002409461,-0.5792842001457306,1.2457447254507612
both_paths,7,reverse,0.4066666666666666,reverse,0.01,0.4066666666666666,0.01,0.18707852810621262,0.004230280121126838,0.1756591796875,0.197021484375,16384,2373965.0,0.5750792,-0.2076125,0.37364415661182715,0.8352615491850377,-0.4033958213502556,0.9372196,0.0002284817,-0.44992088224080096,1.1878616954976078
both_paths,7,reverse,0.4066666666666666,reverse,0.0,0.4066666666666666,0.0,0.20863736420869827,0.005512774885929792,0.19775390625,0.226318359375,16384,2374464.0,0.5152858,-0.1449441,0.49286879409600826,0.8218107661648242,-0.2858450916526836,0.9576592,0.0002000263,-0.33473452372600354,1.0554125693219296
both_paths,8,reverse,0.36148148148148146,reverse,0.2,0.36148148148148146,0.2,0.20157154649496078,0.0069960375233767145,0.185546875,0.21533203125,16384,2374913.0,0.4437432,-0.3619083,0.4730701870400182,0.5810598846230188,-0.6622492043149666,0.8151124,0.0002130179,-0.8506065751616618,1.0780240050595638
both_paths,8,reverse,0.36148148148148146,reverse,0.19,0.36148148148148146,0.19,0.2175043299794197,0.0038971258431390442,0.20751953125,0.225830078125,16384,2375374.0,0.2782103,-0.4517362,0.5255278416723097,0.32686483206659966,-0.7854806612420941,0.7203228,0.0002025174,-1.1764595723049525,1.0174609089992042
both_paths,8,reverse,0.36148148148148146,reverse,0.18,0.36148148148148146,0.18,0.23383668810129166,0.003855343146382041,0.224609375,0.244873046875,16384,2375850.0,0.2043701,-0.4064157,0.6308147679000031,0.2732274762424642,-0.7262365143845625,0.6478402,0.0001849652,-1.2109531496820223,0.8881935141731928
both_paths,8,reverse,0.36148148148148146,reverse,0.17,0.36148148148148146,0.17,0.2579604387283325,0.0025934215633143143,0.2503662109375,0.2640380859375,16384,2376324.0,0.3261334,-0.3935433,0.5609951633435281,0.4284810302820478,-0.7082996776743605,0.4047057,0.0001809478,-1.0267500906899212,0.9752088650142975
both_paths,8,reverse,0.36148148148148146,reverse,0.16,0.36148148148148146,0.16,0.27898145467042923,0.0019898264590734044,0.273193359375,0.2845458984375,16384,2376823.0,-0.6702054,-0.08705922,0.2249001039880589,-0.9588575777731067,-0.1732399745245047,0.2468151,0.0001756471,-2.9628476104642147,1.343955814279487
both_paths,8,reverse,0.36148148148148146,reverse,0.15,0.36148148148148146,0.15,0.2907063290476799,0.004187058765198577,0.28076171875,0.2977294921875,16384,2377297.0,-0.8950278,-0.02170498,-0.2173017845873986,-0.9751393198799612,-0.043396327484920776,0.2960951,0.0001723916,-3.097119303029669,1.7898456736066213
both_paths,8,reverse,0.36148148148148146,reverse,0.14,0.36148148148148146,0.14,0.29855795949697495,0.0015037591257278746,0.294189453125,0.3033447265625,16384,2377770.0,-1.001565,0.1516887,-0.3998568172564596,-0.8665251927860353,0.29874506851270144,0.5471488,0.0001777423,2.8095916901418256,1.982156953006211
both_paths,8,reverse,0.36148148148148146,reverse,0.13,0.36148148148148146,0.13,0.29288241267204285,0.0022839924665254913,0.2861328125,0.29931640625,16384,2378243.0,-1.037558,0.1481468,-0.46215608054002366,-0.8373535683673161,0.29197732576761093,0.6326558,0.0001886955,2.80608480537024,2.051221297331768
both_paths,8,reverse,0.36148148148148146,reverse,0.12,0.36148148148148146,0.12,0.2785264253616333,0.0038213028917263706,0.2685546875,0.288818359375,16384,2378717.0,-1.066668,0.06988237,-0.5281355641562656,-0.8376547661563319,0.1393101525694514,0.6151763,0.0002043726,2.976791269060258,2.127199765635937
both_paths,8,reverse,0.36148148148148146,reverse,0.11,0.36148148148148146,0.11,0.25881949067115784,0.004537824316339695,0.2489013671875,0.2689208984375,16384,2379191.0,-1.119507,0.02031186,-0.6190767965097521,-0.7842796318993441,0.04061254745829461,0.6036662,0.0002346787,3.0898556159488164,2.2383629239883285
both_paths,8,reverse,0.36148148148148146,reverse,0.1,0.36148148148148146,0.1,0.22852978110313416,0.0044253708523991795,0.218017578125,0.238525390625,16384,2379669.0,-1.218714,-0.3047882,-0.6248817761920523,-0.5307950449260946,-0.5725202058137084,0.4294763,0.0002511741,-2.3183945176680365,2.245776421231325
both_paths,8,reverse,0.36148148148148146,reverse,0.09,0.36148148148148146,0.09,0.21067678183317184,0.0065153005804899616,0.198974609375,0.2252197265625,16384,2380153.0,1.250567,-0.4262677,-0.5276598462720353,0.39324217925106136,-0.752951309906589,0.4116449,0.0002643938,-1.0894936319718145,2.126639641488476
both_paths,8,reverse,0.36148148148148146,reverse,0.08,0.36148148148148146,0.08,0.18537408858537674,0.004371229134767648,0.1732177734375,0.19482421875,16384,2380639.0,1.091234,-0.3518506,-0.4378283596230386,0.6242117087814034,-0.6470441021522408,0.477098,0.0002922938,-0.8033567351978848,2.023978115135005
both_paths,8,reverse,0.36148148148148146,reverse,0.07,0.36148148148148146,0.07,0.17090369015932083,0.0029765873805234814,0.162841796875,0.178955078125,16384,2381110.0,0.9215422,-0.5355401,-0.12886774276745594,0.46152261529316513,-0.877718622593242,0.4874381,0.0002828784,-1.0867061763361545,1.7000234439168316
both_paths,8,reverse,0.36148148148148146,reverse,0.06,0.36148148148148146,0.06,0.16229745000600815,0.0013146402513735526,0.158203125,0.1668701171875,16384,2381555.0,0.7697888,-0.248958,0.02742368699798128,0.8781516772293272,-0.47759561678344187,0.6627385,0.0002875517,-0.498120536120068,1.5433692012631168
both_paths,8,reverse,0.36148148148148146,reverse,0.05,0.36148148148148146,0.05,0.16283012181520462,0.0015933261247003845,0.157958984375,0.1683349609375,16384,2382029.0,0.7514479,-0.1430022,0.06509227944785863,0.9571680246155713,-0.28212119347863085,0.7339338,0.0002869186,-0.28662942484533405,1.505657993433543
both_paths,8,reverse,0.36148148148148146,reverse,0.04,0.36148148148148146,0.04,0.16416842490434647,0.0021314794607289753,0.15869140625,0.1728515625,16384,2382502.0,0.7120198,-0.1491377,0.139773649178852,0.9455699128995249,-0.2938721946942447,0.7873781,0.0002779496,-0.3013248201634324,1.4305635106018295
both_paths,8,reverse,0.36148148148148146,reverse,0.03,0.36148148148148146,0.03,0.17007603496313095,0.003417164362864206,0.16259765625,0.180908203125,16384,2382976.0,0.6558951,-0.1466916,0.2451761960664845,0.9253411928875525,-0.2891925130908651,0.8529068,0.0002623682,-0.3029078968228225,1.3230948953036528
both_paths,8,reverse,0.36148148148148146,reverse,0.02,0.36148148148148146,0.02,0.17628365010023117,0.0034889856283644937,0.1683349609375,0.1866455078125,16384,2383448.0,0.5721904,-0.3379697,0.32266523374846817,0.7102631225300802,-0.625630437002442,0.8639324,0.0002473147,-0.7221298513605197,1.2422523415920737
both_paths,8,reverse,0.36148148148148146,reverse,0.01,0.36148148148148146,0.01,0.1917950138449669,0.005328949444511469,0.180419921875,0.205322265625,16384,2383898.0,0.5119921,-0.3486755,0.3985785173465082,0.654773234327623,-0.642189362351949,0.8354068,0.0002275124,-0.7756958966175445,1.1608299215102469
both_paths,8,reverse,0.36148148148148146,reverse,0.0,0.36148148148148146,0.0,0.2188889980316162,0.004742089409541562,0.20556640625,0.231201171875,16384,2384371.0,0.4588199,-0.3582474,0.4582712633882345,0.5988930893099975,-0.65674539718926,0.7544593,0.0002061383,-0.8314396187851334,1.0947471018394435
both_paths,9,reverse,0.3162962962962963,reverse,0.2,0.3162962962962963,0.2,0.21525829285383224,0.00497514593629818,0.2039794921875,0.2249755859375,16384,2384845.0,0.3832142,-0.407655,0.49393183879969216,0.47553900007969835,-0.727938182830902,0.7475505,0.000206904,-0.9921269030569615,1.0541904010512313
both_paths,9,reverse,0.3162962962962963,reverse,0.19,0.3162962962962963,0.19,0.2304038628935814,0.004870764546875932,0.216552734375,0.241455078125,16384,2385332.0,0.2517508,-0.4086768,0.5992491687309301,0.3301011162126605,-0.7293378413673904,0.6549577,0.0001876451,-1.1457791466844476,0.9282334271369714
both_paths,9,reverse,0.3162962962962963,reverse,0.18,0.3162962962962963,0.18,0.2532682418823242,0.005924472554954985,0.242431640625,0.2669677734375,16384,2385807.0,0.1575244,-0.560888,0.412718153819994,0.13450626035555893,-0.9008727942570907,0.3648332,0.0001925407,-1.422584582916256,1.1453601089874332
both_paths,9,reverse,0.3162962962962963,reverse,0.17,0.3162962962962963,0.17,0.27096378058195114,0.004684559970928282,0.260986328125,0.281005859375,16384,2386258.0,-0.2431392,-0.2198103,0.80001405575467,-0.42290118146268824,-0.4255961716374176,0.2447328,0.0001692577,-2.353018309262127,0.6434776821696278
both_paths,9,reverse,0.3162962962962963,reverse,0.16,0.3162962962962963,0.16,0.28433776646852493,0.002338497195143644,0.277587890625,0.29052734375,16384,2386733.0,-0.770009,-0.02885326,0.03072224335305868,-0.9978626138232939,-0.057674497805349875,0.207796,0.0001722822,-3.0838588506543076,1.54006924849115
both_paths,9,reverse,0.3162962962962963,reverse,0.15,0.3162962962962963,0.15,0.28942393511533737,0.0008044252309776485,0.28662109375,0.292724609375,16384,2387209.0,-0.9763874,0.1246929,-0.36122553980206024,-0.8992227323477805,0.2468088066169885,0.4809529,0.0001825537,2.873720132201205,1.9403781683436847
both_paths,9,reverse,0.3162962962962963,reverse,0.14,0.3162962962962963,0.14,0.286812424659729,0.0016571110369882265,0.28125,0.2913818359375,16384,2387685.0,-1.015801,0.1519735,-0.4242873911620163,-0.8546382502442081,0.2992886080699502,0.6179062,0.0001928263,2.8047456199734473,2.0089711128720156
both_paths,9,reverse,0.3162962962962963,reverse,0.13,0.3162962962962963,0.13,0.2778167501091957,0.0028005393251399465,0.271484375,0.284912109375,16384,2388160.0,-1.047205,0.1373617,-0.4812625531888835,-0.8335425160023026,0.2712807197621466,0.6595643,0.0002075301,2.826949125517446,2.0728907935468555
both_paths,9,reverse,0.3162962962962963,reverse,0.12,0.3162962962962963,0.12,0.26616179943084717,0.0032992378805458307,0.25927734375,0.2752685546875,16384,2388611.0,-1.063132,0.06030401,-0.5235099385509597,-0.8434817393736659,0.12031583263039591,0.6362908,0.0002180234,2.9999065494846935,2.121761640113828
both_paths,9,reverse,0.3162962962962963,reverse,0.11,0.3162962962962963,0.11,0.2586629316210747,0.0029814108800653573,0.250244140625,0.264892578125,16384,2389112.0,-1.049037,0.1493196,-0.4809106319298108,-0.825929541634561,0.294219911549497,0.6412974,0.0002258426,2.7993795810854127,2.0724893653847394
both_paths,9,reverse,0.3162962962962963,reverse,0.1,0.3162962962962963,0.1,0.2402142733335495,0.0038063398499155582,0.2322998046875,0.248779296875,16384,2389587.0,-1.076251,-0.01402023,-0.5492338777335478,-0.8351982316811356,-0.028036785594540366,0.5216148,0.0002468186,-3.108036235136403,2.152243510645559
both_paths,9,reverse,0.3162962962962963,reverse,0.09,0.3162962962962963,0.09,0.2032633200287819,0.00503325494937708,0.192138671875,0.2152099609375,16384,2390063.0,-1.061385,-0.2697693,-0.44988002864966903,-0.7305333509445788,-0.5137401901543792,0.3759307,0.0002658237,-2.528695577379053,2.037427328267496
both_paths,9,reverse,0.3162962962962963,reverse,0.08,0.3162962962962963,0.08,0.18905546516180038,0.0026991391742254333,0.1832275390625,0.1971435546875,16384,2390538.0,-1.050841,-0.3480352,-0.3885162479670475,-0.6617465189424651,-0.6412071971938067,0.3767596,0.0002714956,-2.371956846487224,1.9698171215130544
both_paths,9,reverse,0.3162962962962963,reverse,0.07,0.3162962962962963,0.07,0.18428341299295425,0.0031266320802322144,0.17578125,0.1910400390625,16384,2390988.0,-1.068353,-0.6251786,-0.16888900717860336,-0.26587783560961303,-0.9490971919596924,0.3519443,0.0002664203,-1.8439326472479374,1.7404987020654517
both_paths,9,reverse,0.3162962962962963,reverse,0.06,0.3162962962962963,0.06,0.1710253581404686,0.0016010573265131671,0.1671142578125,0.1768798828125,16384,2391476.0,0.6632863,-0.6853085,0.04808136867965182,0.19294441620768027,-0.9800309353485577,0.4534377,0.0002740191,-1.3764065612416898,1.522696412920148
both_paths,9,reverse,0.3162962962962963,reverse,0.05,0.3162962962962963,0.05,0.16716064512729645,0.0007113183618883268,0.1646728515625,0.1702880859375,16384,2391926.0,0.5034195,-0.5572161,0.2355627111230316,0.3724452420651743,-0.8976607102861197,0.5931801,0.000263008,-1.1775059511348804,1.332998794481516
both_paths,9,reverse,0.3162962962962963,reverse,0.04,0.3162962962962963,0.04,0.17125915735960007,0.0017847743728119725,0.1654052734375,0.1773681640625,16384,2392410.0,0.3711984,-0.5840385,0.2887875252318328,0.26496090007898193,-0.9199986340749693,0.6576419,0.0002541496,-1.2903834402521577,1.2778361647967038
both_paths,9,reverse,0.3162962962962963,reverse,0.03,0.3162962962962963,0.03,0.17972256243228912,0.003008007666588659,0.1729736328125,0.1866455078125,16384,2392887.0,-0.02678818,-0.5946994,0.37168385616355165,-0.01993254336715928,-0.9281453575719207,0.7213262,0.0002391938,-1.5922686961028867,1.1899741654149425
both_paths,9,reverse,0.3162962962962963,reverse,0.02,0.3162962962962963,0.02,0.18492471426725388,0.004155541659764244,0.176025390625,0.193603515625,16384,2393363.0,-0.06666489,-0.5952949,0.36781853950799265,-0.04933384512039194,-0.9285880107560319,0.7179216,0.0002378672,-1.6238742332736207,1.1941343124565131
both_paths,9,reverse,0.3162962962962963,reverse,0.01,0.3162962962962963,0.01,0.18641803413629532,0.0021966048184460666,0.1812744140625,0.192626953125,16384,2393841.0,-0.4530273,-0.5109792,0.3218113525636358,-0.41061460998089583,-0.8531313471156714,0.7167306,0.0002415928,-2.0193747051618356,1.2431543364977073
both_paths,9,reverse,0.3162962962962963,reverse,0.0,0.3162962962962963,0.0,0.2022964134812355,0.0022777714202716,0.196533203125,0.20849609375,16384,2394316.0,-0.06283015,-0.5887029,0.3802997067781391,-0.04804170955295473,-0.9236147070979819,0.6997974,0.0002243782,-1.6227643747258151,1.180675996686225
both_paths,10,reverse,0.2711111111111111,reverse,0.2,0.2711111111111111,0.2,0.1911178007721901,0.002688843829674823,0.1832275390625,0.1968994140625,16384,2394790.0,-0.4967507,-0.447624,0.34127706449554696,-0.523986357364471,-0.7803641858422357,0.7454679,0.0002344384,-2.1621127229070143,1.222521130687505
both_paths,10,reverse,0.2711111111111111,reverse,0.19,0.2711111111111111,0.19,0.20891576260328293,0.0033326791161374684,0.2030029296875,0.2178955078125,16384,2395263.0,-0.5261554,-0.3164452,0.3995848263168134,-0.7003470277347449,-0.5914778164229582,0.7050469,0.0002165627,-2.44027133831301,1.1597324275992578
both_paths,10,reverse,0.2711111111111111,reverse,0.18,0.2711111111111111,0.18,0.23042094707489014,0.006378591865745268,0.2147216796875,0.241455078125,16384,2395751.0,-0.3305218,-0.4201068,0.5267375219155283,-0.4096851037532824,-0.7447856730422187,0.5554707,0.000199308,-2.07369415363699,1.01603842908951
both_paths,10,reverse,0.2711111111111111,reverse,0.17,0.2711111111111111,0.17,0.25033652782440186,0.006163601846114324,0.2369384765625,0.2620849609375,16384,2396226.0,-0.5069835,-0.2545522,0.4614738766185128,-0.7412742843033892,-0.48739542122303525,0.3759974,0.0001982419,-2.5599559422124862,1.0911404906368465
both_paths,10,reverse,0.2711111111111111,reverse,0.16,0.2711111111111111,0.16,0.26074573397636414,0.004175381349940758,0.2506103515625,0.2698974609375,16384,2396701.0,-0.5542121,-0.05259025,0.4436072443931089,-0.89005079136442,-0.10498667302816199,0.2795349,0.0001920317,-3.024179371619486,1.1111766956530393
both_paths,10,reverse,0.2711111111111111,reverse,0.15,0.2711111111111111,0.15,0.2720852196216583,0.0020153813705866257,0.265869140625,0.27685546875,16384,2397177.0,-0.5303818,0.3491591,0.3739288145812639,-0.6684442075172975,0.6429304651845508,0.2617719,0.0001817967,2.3756477588858385,1.1875547915237985
both_paths,10,reverse,0.2711111111111111,reverse,0.14,0.2711111111111111,0.14,0.279094897210598,0.0019462720389847384,0.2740478515625,0.285400390625,16384,2397652.0,-1.213632,0.5326709,-0.3658330979750243,-0.3172078204103822,0.8749544805854137,0.308653,0.0001926665,1.9186005099486243,1.9453241218588604
both_paths,10,reverse,0.2711111111111111,reverse,0.13,0.2711111111111111,0.13,0.28195077180862427,0.0009628137344260502,0.278076171875,0.2860107421875,16384,2398128.0,-1.410175,0.5304349,-0.4631431038773412,-0.15411971133858396,0.8727803732370325,0.5247779,0.0002013511,1.7455792457054127,2.05233463915398
both_paths,10,reverse,0.2711111111111111,reverse,0.12,0.2711111111111111,0.12,0.2742206081748009,0.0025367454017395314,0.2672119140625,0.2806396484375,16384,2398590.0,-1.197987,0.3838942,-0.5285560187134043,-0.48809287859562,0.6945458062259658,0.6219963,0.0002173145,2.1833663291273293,2.127694983615424
both_paths,10,reverse,0.2711111111111111,reverse,0.11,0.2711111111111111,0.11,0.267157144844532,0.004301930321758183,0.258056640625,0.278564453125,16384,2399065.0,-1.228387,0.3321555,-0.60982277340017,-0.49801929638362175,0.6165168006405725,0.604906,0.0002315213,2.250272383122147,2.226633279366833
both_paths,10,reverse,0.2711111111111111,reverse,0.1,0.2711111111111111,0.1,0.2583812326192856,0.0052243015016586935,0.2462158203125,0.269287109375,16384,2399553.0,-1.145727,0.2595137,-0.572974253927578,-0.6524177556716985,0.49603586203059896,0.5934694,0.0002338187,2.49152950284497,2.180926625030285
both_paths,10,reverse,0.2711111111111111,reverse,0.09,0.2711111111111111,0.09,0.23799147456884384,0.003981850236179926,0.22509765625,0.2471923828125,16384,2400016.0,-1.105797,0.2616173,-0.5178491747510447,-0.6943684549210253,0.4996845815314398,0.5328274,0.0002479497,2.51781691659726,2.11513116136772
both_paths,10,reverse,0.2711111111111111,reverse,0.08,0.2711111111111111,0.08,0.22270622104406357,0.0033556024398919246,0.2137451171875,0.23095703125,16384,2400492.0,-1.089266,0.1620515,-0.5412814121760714,-0.7782021225144177,0.318458614810046,0.4956062,0.000267797,2.7531603380016065,2.142756653981628
both_paths,10,reverse,0.2711111111111111,reverse,0.07,0.2711111111111111,0.07,0.1995324268937111,0.002499606861083739,0.1937255859375,0.2061767578125,16384,2400980.0,-0.951243,-0.05101536,-0.3239475320438857,-0.9405763143481598,-0.10185378426895776,0.4507553,0.0002667558,-3.0337242827393074,1.900695385541116
both_paths,10,reverse,0.2711111111111111,reverse,0.06,0.2711111111111111,0.06,0.18719308078289032,0.003046931780829072,0.17919921875,0.1947021484375,16384,2401456.0,-0.8676786,-0.1327144,-0.15808222299586738,-0.9519435984952499,-0.26232307572266567,0.4815099,0.0002672692,-2.8727005220514186,1.7295444781818885
both_paths,10,reverse,0.2711111111111111,reverse,0.05,0.2711111111111111,0.05,0.18153448402881622,0.002128943507535882,0.1766357421875,0.188720703125,16384,2401919.0,-0.7662431,-0.1014335,0.037515321481202395,-0.9787742694676851,-0.20147836132488636,0.6514863,0.0002662688,-2.938580749839102,1.5332721998960024
both_paths,10,reverse,0.2711111111111111,reverse,0.04,0.2711111111111111,0.04,0.1764286682009697,0.0010023740163502628,0.17333984375,0.1806640625,16384,2402369.0,-0.6620206,-0.3547254,0.1853238724243096,-0.7357382139004207,-0.6514171803969228,0.6816058,0.0002598802,-2.4169067985452033,1.3843948930973677
both_paths,10,reverse,0.2711111111111111,reverse,0.03,0.2711111111111111,0.03,0.1793985590338707,0.001860456592231437,0.17431640625,0.1842041015625,16384,2402845.0,-0.5581361,-0.4327707,0.28459463808371216,-0.582413414041506,-0.7614463258290227,0.7153787,0.000246432,-2.2237514491732466,1.282212772706032
both_paths,10,reverse,0.2711111111111111,reverse,0.02,0.2711111111111111,0.02,0.18259292840957642,0.0027167054511570005,0.17626953125,0.1895751953125,16384,2403320.0,-0.4996469,-0.4458176,0.33975895608697865,-0.528322214209807,-0.7780999227163137,0.7489728,0.0002371194,-2.167282144886588,1.2241357310851038
both_paths,10,reverse,0.2711111111111111,reverse,0.01,0.2711111111111111,0.01,0.19125186651945114,0.003402788402287381,0.1832275390625,0.200439453125,16384,2403796.0,-0.591347,-0.2934019,0.31512634246565463,-0.7707847395218361,-0.553702333031453,0.7993062,0.0002317354,-2.5186493205504963,1.2502065504547668
both_paths,10,reverse,0.2711111111111111,reverse,0.0,0.2711111111111111,0.0,0.200447678565979,0.0028187624513200614,0.1939697265625,0.207275390625,16384,2404247.0,-0.6262784,-0.2461405,0.27574090382961225,-0.8370071512511392,-0.47263726335286055,0.7681649,0.0002322695,-2.6275522767029003,1.29143592387277
both_paths,11,reverse,0.22592592592592592,reverse,0.2,0.22592592592592592,0.2,0.19603606313467026,0.0017080966507864392,0.191162109375,0.2008056640625,16384,2404749.0,-0.6367172,-0.1615483,0.27783822589488927,-0.9066404162483354,-0.31750445013672746,0.8449456,0.0002350723,-2.8047406772972456,1.2892533285038188
both_paths,11,reverse,0.22592592592592592,reverse,0.19,0.22592592592592592,0.19,0.21077106893062592,0.0026721437506117213,0.205078125,0.2177734375,16384,2405201.0,-0.5802506,-0.1929748,0.3695389184134263,-0.8495496604610089,-0.376439055078534,0.7427595,0.0002176073,-2.724488021805687,1.1922835604453093
both_paths,11,reverse,0.22592592592592592,reverse,0.18,0.22592592592592592,0.18,0.22858896106481552,0.0022870051891745787,0.22216796875,0.235107421875,16384,2405692.0,-0.5285061,-0.3301289,0.3881847780721773,-0.6878593989061622,-0.6133204915943276,0.5392193,0.0002073992,-2.4134175777343017,1.1721352343841183
both_paths,11,reverse,0.22592592592592592,reverse,0.17,0.22592592592592592,0.17,0.24497681856155396,0.002873141031084264,0.236572265625,0.2518310546875,16384,2406145.0,-0.5859729,-0.2172969,0.3522579095662206,-0.8358456811832773,-0.4210419959995672,0.367842,0.0002046039,-2.674964114260169,1.2108137685201743
both_paths,11,reverse,0.22592592592592592,reverse,0.16,0.22592592592592592,0.16,0.2562675103545189,0.0014000570519381703,0.2515869140625,0.2603759765625,16384,2406633.0,-0.4008662,0.2365654,0.6190635506406832,-0.639625097518016,0.4556753832425215,0.2180999,0.0001881906,2.5225862268285972,0.9032465961077437
both_paths,11,reverse,0.22592592592592592,reverse,0.15,0.22592592592592592,0.15,0.26661891490221024,0.00177822695352451,0.2606201171875,0.270751953125,16384,2407095.0,-1.005885,0.7366441,-0.04155251887902326,-0.08804049162573022,0.9952498480326979,0.2560236,0.0001950652,1.6590273538681801,1.612360812485915
both_paths,11,reverse,0.22592592592592592,reverse,0.14,0.22592592592592592,0.14,0.2698478102684021,0.0007547327542836147,0.2669677734375,0.2730712890625,16384,2407546.0,1.165148,0.5066357,-0.36430784092191326,0.3836840334131757,0.8485672392607501,0.4063988,0.0002076338,1.1461516359492405,1.9436857864644788
both_paths,11,reverse,0.22592592592592592,reverse,0.13,0.22592592592592592,0.13,0.27217908203601837,0.0007923685254540725,0.269287109375,0.2757568359375,16384,2408019.0,1.469237,0.5612725,-0.4244807452721829,0.08742558873465212,0.9012063378203528,0.5417077,0.0002122865,1.4740894199324348,2.009184650027478
both_paths,11,reverse,0.22592592592592592,reverse,0.12,0.22592592592592592,0.12,0.2672807574272156,0.0017325611480806065,0.2618408203125,0.271728515625,16384,2408493.0,1.516759,0.5464639,-0.45720436206040344,0.04960548646060899,0.8879771770861827,0.6000211,0.0002194981,1.5149908597021948,2.0456455553810677
both_paths,11,reverse,0.22592592592592592,reverse,0.11,0.22592592592592592,0.11,0.2569786384701729,0.0017675403540178898,0.2518310546875,0.262451171875,16384,2408952.0,1.500665,0.5117075,-0.5153417493574152,0.0727609854040036,0.8538903444660079,0.6161052,0.0002390043,1.4857905122800252,2.112202709388369
both_paths,11,reverse,0.22592592592592592,reverse,0.1,0.22592592592592592,0.1,0.23889590054750443,0.002758592709575108,0.2315673828125,0.2459716796875,16384,2409449.0,-1.468928,0.5198812,-0.4959509507297346,-0.10246505361055035,0.8622839249683711,0.5467645,0.0002509092,1.6890715364604114,2.0897259394743983
both_paths,11,reverse,0.22592592592592592,reverse,0.09,0.22592592592592592,0.09,0.2194857969880104,0.004218702973621685,0.2103271484375,0.227783203125,16384,2409898.0,-1.136345,0.3435581,-0.49914961519137935,-0.5903388465193161,0.6343104192306328,0.4961809,0.0002644516,2.320304466426137,2.0934134406237956
both_paths,11,reverse,0.22592592592592592,reverse,0.08,0.22592592592592592,0.08,0.20626018941402435,0.004593019911925499,0.19580078125,0.2176513671875,16384,2410373.0,-0.9088544,0.176061,-0.22941489365509818,-0.9101754942824939,0.34489038284190826,0.4837593,0.0002591302,2.779383285758234,1.8022728275258346
both_paths,11,reverse,0.22592592592592592,reverse,0.07,0.22592592592592592,0.07,0.18636158853769302,0.002454387010971592,0.1800537109375,0.19384765625,16384,2410860.0,-0.8862242,-0.1949696,-0.1852530007950387,-0.9061902953922883,-0.3801321799496469,0.461758,0.0002734274,-2.7444035098637265,1.757125640038248
both_paths,11,reverse,0.22592592592592592,reverse,0.06,0.22592592592592592,0.06,0.1804780513048172,0.0029982745055844597,0.175048828125,0.1883544921875,16384,2411296.0,-0.7388944,-0.2865734,0.07803218743100794,-0.836567286917609,-0.5422786665396703,0.4908487,0.0002583843,-2.5664705940570602,1.4926847316343652
both_paths,11,reverse,0.22592592592592592,reverse,0.05,0.22592592592592592,0.05,0.17692647129297256,0.0007882477502552038,0.1741943359375,0.18017578125,16384,2411820.0,-0.6838672,-0.3001169,0.16641821732961448,-0.8082486768572239,-0.5648354214276757,0.6233239,0.0002562684,-2.5316465380532827,1.403600215829311
both_paths,11,reverse,0.22592592592592592,reverse,0.04,0.22592592592592592,0.04,0.18109004944562912,0.0010017449933620718,0.177978515625,0.1845703125,16384,2412294.0,-0.6617014,-0.2684545,0.21042186406724603,-0.8331317016156603,-0.5114823622427853,0.7068837,0.0002514143,-2.590995323785027,1.3587898614287344
both_paths,11,reverse,0.22592592592592592,reverse,0.03,0.22592592592592592,0.03,0.18694983422756195,0.0017863333691108855,0.182373046875,0.1925048828125,16384,2412743.0,-0.5862852,-0.3537442,0.29471430495902046,-0.7005271965405722,-0.649927015409829,0.7478966,0.000238485,-2.3936459794486584,1.2716397957554275
both_paths,11,reverse,0.22592592592592592,reverse,0.02,0.22592592592592592,0.02,0.19733498245477676,0.0031126415936842083,0.18896484375,0.2042236328125,16384,2413221.0,-0.6008411,-0.2954782,0.29960244666834496,-0.774477982289078,-0.5571554800051598,0.7652019,0.0002309536,-2.5179682526097484,1.266520394614609
both_paths,11,reverse,0.22592592592592592,reverse,0.01,0.22592592592592592,0.01,0.21218488365411758,0.0026661787279490664,0.205078125,0.219482421875,16384,2413706.0,-0.615987,-0.2445101,0.2934199238004244,-0.8326038720525696,-0.4697611526723144,0.7258332,0.0002226253,-2.6279072266944907,1.272994055963589
both_paths,11,reverse,0.22592592592592592,reverse,0.0,0.22592592592592592,0.0,0.21992815285921097,0.004386435183973462,0.208740234375,0.22802734375,16384,2414170.0,-0.5718568,-0.1522337,0.39516613104293813,-0.868315964639168,-0.29978511375534717,0.7562498,0.0002049347,-2.809156712548935,1.1645476322441748
both_paths,12,reverse,0.18074074074074073,reverse,0.2,0.18074074074074073,0.2,0.21319600194692612,0.0040008311816915765,0.2034912109375,0.2236328125,16384,2414670.0,-0.5988319,-0.1956074,0.33699236816265193,-0.8608353621256514,-0.3813117138433155,0.742173,0.0002199297,-2.724612399301892,1.2270757487687403
both_paths,12,reverse,0.18074074074074073,reverse,0.19,0.18074074074074073,0.19,0.22684811055660248,0.002911112229791389,0.22021484375,0.23486328125,16384,2415145.0,-0.5884775,-0.2059292,0.35164967827219834,-0.8462221888974641,-0.4003130160120252,0.5500561,0.0002113222,-2.699729196081824,1.2114635762323855
both_paths,12,reverse,0.18074074074074073,reverse,0.18,0.18074074074074073,0.18,0.24006450176239014,0.003860457316227378,0.231201171875,0.249267578125,16384,2415620.0,-0.5482466,-0.1708141,0.43032504083513073,-0.8382009653075825,-0.3350216425660886,0.4706199,0.0002029455,-2.7613524161502845,1.125943494128359
both_paths,12,reverse,0.18074074074074073,reverse,0.17,0.18074074074074073,0.17,0.2506868541240692,0.0026919523151686343,0.2445068359375,0.2569580078125,16384,2416095.0,-0.6234412,-0.1757452,0.2988199740920012,-0.8900370088765868,-0.3442974671903272,0.3211826,0.0002034342,-2.7724866757684667,1.2673404358453315
both_paths,12,reverse,0.18074074074074073,reverse,0.16,0.18074074074074073,0.16,0.26147008687257767,0.0019917776371136463,0.2557373046875,0.2666015625,16384,2416571.0,-0.8910508,0.1393159,-0.20164734508633111,-0.9400484486126941,0.2750404742587917,0.1810696,0.0002075677,2.856955946114388,1.7738358515262374
both_paths,12,reverse,0.18074074074074073,reverse,0.15,0.18074074074074073,0.15,0.27252891659736633,0.00137183091354095,0.268798828125,0.2769775390625,16384,2417021.0,-1.170574,0.4388404,-0.44494779479032776,-0.4585431890174356,0.7692591265087108,0.3256762,0.0002044474,2.108331566548891,2.031912293189013
both_paths,12,reverse,0.18074074074074073,reverse,0.14,0.18074074074074073,0.14,0.27689702808856964,0.0007185750533785393,0.27392578125,0.280029296875,16384,2417496.0,-1.258726,0.465874,-0.48398393195547984,-0.3485548608064632,0.8026637294764853,0.4709482,0.0002079438,1.980473693350369,2.0759980025485323
both_paths,12,reverse,0.18074074074074073,reverse,0.13,0.18074074074074073,0.13,0.2714099958539009,0.0012017894134145565,0.267333984375,0.2755126953125,16384,2417981.0,-1.172475,0.4192746,-0.46738550944027935,-0.4780165213638684,0.7436739815728642,0.6341644,0.0002205601,2.1420770879503213,2.0571273957276217
both_paths,12,reverse,0.18074074074074073,reverse,0.12,0.18074074074074073,0.12,0.25615495443344116,0.004287114595547126,0.24755859375,0.2677001953125,16384,2418457.0,-1.187047,0.3670317,-0.5343100346780311,-0.5155166446062021,0.6698920629297856,0.6357134,0.0002412561,2.226693611885593,2.134487614911175
both_paths,12,reverse,0.18074074074074073,reverse,0.11,0.18074074074074073,0.11,0.24368534982204437,0.0038607012299924598,0.2362060546875,0.2540283203125,16384,2418919.0,-1.177482,0.3545711,-0.5359772676870651,-0.537297922949368,0.6511830084676683,0.5953862,0.0002557346,2.2606621038269106,2.1364612304767743
both_paths,12,reverse,0.18074074074074073,reverse,0.1,0.18074074074074073,0.1,0.2296265885233879,0.004768161179972348,0.22021484375,0.2412109375,16384,2419393.0,-1.075365,0.3421968,-0.42456736095902614,-0.6481215621069878,0.6322032875114506,0.5447637,0.0002500324,2.368626846296241,2.0092803139253474
both_paths,12,reverse,0.18074074074074073,reverse,0.09,0.18074074074074073,0.09,0.21413308382034302,0.0030514743181283823,0.2061767578125,0.22314453125,16384,2419866.0,-1.054268,0.1215686,-0.49713100122364456,-0.8336071107490266,0.24074873318677464,0.5028944,0.0002769333,2.860439174227303,2.0910854240552585
both_paths,12,reverse,0.18074074074074073,reverse,0.08,0.18074074074074073,0.08,0.20036473125219345,0.003945764763861309,0.1923828125,0.208984375,16384,2420352.0,-0.9660436,-0.03347816,-0.3526900031996056,-0.9333452246584585,-0.06690630202240949,0.4400738,0.0002716394,-3.070030653255316,1.9312406115656067
both_paths,12,reverse,0.18074074074074073,reverse,0.07,0.18074074074074073,0.07,0.1867874413728714,0.002523104003381404,0.1805419921875,0.19287109375,16384,2420825.0,-0.8448306,-0.1507266,-0.11323769083875128,-0.9481681035590378,-0.2969081891204165,0.4560144,0.0002752125,-2.83812595556207,1.6842774283714073
both_paths,12,reverse,0.18074074074074073,reverse,0.06,0.18074074074074073,0.06,0.18135549873113632,0.001745942498155682,0.1771240234375,0.1868896484375,16384,2421311.0,-0.7213146,-0.1823303,0.11941192506655832,-0.9265820217458776,-0.3566322323195433,0.5865963,0.0002577082,-2.7741795416908643,1.45109877858735
both_paths,12,reverse,0.18074074074074073,reverse,0.05,0.18074074074074073,0.05,0.17691144347190857,0.0007687968495277551,0.17431640625,0.1802978515625,16384,2421759.0,-0.6402847,-0.407074,0.19645209139076336,-0.6577785180018965,-0.727140974669578,0.5915699,0.0002558351,-2.306152197126077,1.3730581457018578
both_paths,12,reverse,0.18074074074074073,reverse,0.04,0.18074074074074073,0.04,0.17756794393062592,0.0015259177371778998,0.1737060546875,0.182373046875,16384,2422231.0,-0.4458968,-0.5303718,0.3066126355629376,-0.3799350555912968,-0.8727187664110285,0.6636019,0.0002477979,-1.9813978073122147,1.259164119118526
both_paths,12,reverse,0.18074074074074073,reverse,0.03,0.18074074074074073,0.03,0.18022026866674423,0.0027427701398411368,0.1741943359375,0.1876220703125,16384,2422705.0,-0.4675928,-0.4983137,0.32244374703129053,-0.4370675215449309,-0.8396439790833925,0.7071812,0.0002415707,-2.0507398800070447,1.2424863350503719
both_paths,12,reverse,0.18074074074074073,reverse,0.02,0.18074074074074073,0.02,0.1905992478132248,0.003433287708926141,0.1815185546875,0.1981201171875,16384,2423179.0,-0.4843607,-0.42258,0.3758389291411954,-0.5469236264384834,-0.7480772996057143,0.7721587,0.0002274418,-2.202095059202412,1.1854944170116066
both_paths,12,reverse,0.18074074074074073,reverse,0.01,0.18074074074074073,0.01,0.19765643030405045,0.003284336369897714,0.18994140625,0.205810546875,16384,2423652.0,-0.6254946,-0.261591,0.2723295639101624,-0.8223122642789437,-0.4996390183291708,0.7579245,0.0002349588,-2.595601796780238,1.2949830512851273
both_paths,12,reverse,0.18074074074074073,reverse,0.0,0.18074074074074073,0.0,0.21326901018619537,0.002921338876615279,0.20556640625,0.2208251953125,16384,2424125.0,-0.4926697,-0.3470751,0.4247118826093347,-0.6405951329062577,-0.6397325163435487,0.7426232,0.0002083925,-2.3568682368170397,1.1321527111661642
both_paths,13,reverse,0.13555555555555554,reverse,0.2,0.13555555555555554,0.2,0.20870397239923477,0.002350821933777612,0.202392578125,0.2159423828125,16384,2424599.0,-0.5931539,-0.2099581,0.3424988310453642,-0.8464563544915691,-0.4076839347747249,0.7505428,0.000220081,-2.6927437997470856,1.2212210203093177
both_paths,13,reverse,0.13555555555555554,reverse,0.19,0.13555555555555554,0.19,0.2233300507068634,0.00187423466198937,0.21826171875,0.2294921875,16384,2425085.0,-0.6046732,-0.03010395,0.352990083635027,-0.9336901989972425,-0.060171531074307734,0.6983899,0.0002117088,-3.0772367913944527,1.2100313348755785
both_paths,13,reverse,0.13555555555555554,reverse,0.18,0.13555555555555554,0.18,0.23537332564592361,0.003791987320116015,0.2257080078125,0.2431640625,16384,2425560.0,-0.6127258,-0.1195642,0.32888838205061305,-0.914183628287764,-0.23685591806570805,0.4843567,0.0002082708,-2.888077079080094,1.2356700948010275
both_paths,13,reverse,0.13555555555555554,reverse,0.17,0.13555555555555554,0.17,0.2490449994802475,0.0025506348653554682,0.2432861328125,0.2568359375,16384,2426034.0,-0.5635579,0.1536367,0.4091604642570789,-0.8608746336120577,0.302460872993908,0.2096422,0.0002045584,2.8037233501317544,1.1492625316534306
both_paths,13,reverse,0.13555555555555554,reverse,0.16,0.13555555555555554,0.16,0.26177727431058884,0.0019505395830478303,0.25537109375,0.26611328125,16384,2426507.0,1.561092,0.6088154,-0.34580455217807204,0.00671244363401647,0.9382825559464394,0.1871519,0.0002079046,1.5636424805655746,1.9238924278527147
both_paths,13,reverse,0.13555555555555554,reverse,0.15,0.13555555555555554,0.15,0.2664743885397911,0.0008150140885756942,0.26318359375,0.2698974609375,16384,2427006.0,1.043391,0.4549002,-0.3028952542946101,0.5339772972180035,0.7893812203121883,0.4166418,0.0002061423,0.9760508718602239,1.878525486486548
both_paths,13,reverse,0.13555555555555554,reverse,0.14,0.13555555555555554,0.14,0.26413460820913315,0.0007605738599473996,0.26171875,0.26708984375,16384,2427453.0,1.027085,0.3810471,-0.3362100095845772,0.6405141345618393,0.6904378848829463,0.5234974,0.000214306,0.8228903910220162,1.9136860644328333
both_paths,13,reverse,0.13555555555555554,reverse,0.13,0.13555555555555554,0.13,0.2602558806538582,0.0014420932856035549,0.2559814453125,0.2650146484375,16384,2427926.0,1.038066,0.3412837,-0.3756411202098322,0.678970650324941,0.630787289666516,0.6380919,0.0002256497,0.7486267567080485,1.9558847871644518
both_paths,13,reverse,0.13555555555555554,reverse,0.12,0.13555555555555554,0.12,0.25535374879837036,0.0033155953770910513,0.24609375,0.26171875,16384,2428412.0,1.176348,0.4473715,-0.44089975406268045,0.4439955642855052,0.7800482970702928,0.6273064,0.0002381879,1.0533395002092139,2.0273972022122724
both_paths,13,reverse,0.13555555555555554,reverse,0.11,0.13555555555555554,0.11,0.24528881162405014,0.0017908183211934653,0.239501953125,0.249755859375,16384,2428885.0,1.226075,0.4613375,-0.4658074193655237,0.3840114206365352,0.797219340510967,0.609635,0.000248357,1.1219049049991625,2.055343174786817
both_paths,13,reverse,0.13555555555555554,reverse,0.1,0.13555555555555554,0.1,0.23698796331882477,0.002048799503085112,0.23046875,0.2427978515625,16384,2429359.0,1.554239,0.5461204,-0.46024499069411445,0.015246426817738605,0.8876610248345175,0.5629933,0.000249376,1.553622059415643,2.0490674606558006
both_paths,13,reverse,0.13555555555555554,reverse,0.09,0.13555555555555554,0.09,0.22603289037942886,0.0027820056173287477,0.2186279296875,0.23291015625,16384,2429832.0,-1.277195,0.4517852,-0.515154816028142,-0.34284160839842076,0.7855413083178981,0.51873,0.0002718267,1.9823166742695397,2.111984594573836
both_paths,13,reverse,0.13555555555555554,reverse,0.08,0.13555555555555554,0.08,0.21134523302316666,0.0025745722482063893,0.205078125,0.2174072265625,16384,2430305.0,-1.102508,0.3385449,-0.4618323871580837,-0.6278329176805882,0.6265274723813358,0.4871139,0.0002764959,2.35723521567944,2.050856318623759
both_paths,13,reverse,0.13555555555555554,reverse,0.07,0.13555555555555554,0.07,0.19857200235128403,0.0020463883180796764,0.19287109375,0.2039794921875,16384,2430779.0,-0.9023488,0.2626717,-0.2005199620687097,-0.8415933322990554,0.5015101273571003,0.4973179,0.0002663719,2.6041892262793898,1.7726849604206885
both_paths,13,reverse,0.13555555555555554,reverse,0.06,0.13555555555555554,0.06,0.191215880215168,0.0024349115042314145,0.186279296875,0.1990966796875,16384,2431277.0,-0.866255,0.154669,-0.15336747860464375,-0.9401074052066177,0.30442812482117115,0.55941,0.000274557,2.8284259439879538,1.7247715009077875
both_paths,13,reverse,0.13555555555555554,reverse,0.05,0.13555555555555554,0.05,0.18812284618616104,0.0009628207053384715,0.18505859375,0.1922607421875,16384,2431749.0,-0.7810421,0.05035989,0.008667864515905494,-0.9948942914339375,0.10054957482206218,0.6178271,0.0002665674,3.0408690768956976,1.562128353736502
both_paths,13,reverse,0.13555555555555554,reverse,0.04,0.13555555555555554,0.04,0.18865834176540375,0.0007091362582039987,0.1861572265625,0.1920166015625,16384,2432221.0,-0.7538328,0.07286301,0.06242010612723807,-0.9874297727184491,0.14521079264385345,0.7235154,0.0002626074,2.9955798685606725,1.5083356151719793
both_paths,13,reverse,0.13555555555555554,reverse,0.03,0.13555555555555554,0.03,0.19157271832227707,0.001136479586556722,0.1884765625,0.196044921875,16384,2432692.0,-0.7448922,0.09350098,0.07951252789989251,-0.9793435333919762,0.18591396265554694,0.7597007,0.0002600369,2.9539896840193283,1.4911997767225167
both_paths,13,reverse,0.13555555555555554,reverse,0.02,0.13555555555555554,0.02,0.19706577062606812,0.0010886941319228453,0.1939697265625,0.2015380859375,16384,2433170.0,-0.7295729,0.0763798,0.11012122249006473,-0.9822009836355134,0.15216617266240012,0.7808686,0.0002543896,2.987890901878963,1.4604513133741956
both_paths,13,reverse,0.13555555555555554,reverse,0.01,0.13555555555555554,0.01,0.20647649466991425,0.0024760815221119485,0.1995849609375,0.2115478515625,16384,2433645.0,-0.6750561,0.07129902,0.21667542830040026,-0.9658441961305533,0.14211526157230114,0.8349656,0.0002333237,2.9954999794617727,1.35238862400543
both_paths,13,reverse,0.13555555555555554,reverse,0.0,0.13555555555555554,0.0,0.21151990443468094,0.0031041547057362715,0.2044677734375,0.2183837890625,16384,2434119.0,-0.6789986,-0.07016918,0.2091203789318085,-0.9678340604421146,-0.13987815613435145,0.7763618,0.0002306677,-2.9980595200119433,1.3601209629930462
both_paths,14,reverse,0.09037037037037036,reverse,0.2,0.09037037037037036,0.2,0.20943034440279007,0.003330737628223883,0.2017822265625,0.21728515625,16384,2434602.0,-0.6711098,0.05770066,0.22508436137894833,-0.9675115394758318,0.11514534833738217,0.8043844,0.0002318987,3.0231379534584875,1.3437667083167453
both_paths,14,reverse,0.09037037037037036,reverse,0.19,0.09037037037037036,0.19,0.22452395409345627,0.0027883294357060433,0.218505859375,0.2322998046875,16384,2435076.0,-0.6459447,-0.03250427,0.27472344997148523,-0.9593262561533822,-0.06496276079801484,0.6914494,0.0002179617,-3.0739788101007304,1.2924942527954275
both_paths,14,reverse,0.09037037037037036,reverse,0.18,0.09037037037037036,0.18,0.24030143022537231,0.0024687605784386468,0.2335205078125,0.246826171875,16384,2435562.0,-0.5891493,0.2822302,0.32316340157163803,-0.7806300124531761,0.534959998076494,0.52599,0.0002125753,2.540805753003907,1.2417259753771346
both_paths,14,reverse,0.09037037037037036,reverse,0.17,0.09037037037037036,0.17,0.24611739069223404,0.002794034398624465,0.238037109375,0.2528076171875,16384,2436033.0,-0.4573181,0.2477346,0.5367142791271612,-0.6970583395576724,0.4754444802856717,0.3712028,0.0001955264,2.5430000172238945,1.004258185038952
both_paths,14,reverse,0.09037037037037036,reverse,0.16,0.09037037037037036,0.16,0.25464262068271637,0.00165817305082964,0.2491455078125,0.2591552734375,16384,2436509.0,0.3376747,0.6137895,0.26264884934480687,0.2103812967518859,0.9416768511091498,0.1360931,0.0002028482,1.3509944976755612,1.3050299150902664
both_paths,14,reverse,0.09037037037037036,reverse,0.15,0.09037037037037036,0.15,0.2591852769255638,0.0007683000646081806,0.2564697265625,0.26220703125,16384,2436984.0,0.894494,0.2206899,-0.19571923464549948,0.8827258215865003,0.4271874355528472,0.377762,0.0002074158,0.4507182714961129,1.7677871423440907
both_paths,14,reverse,0.09037037037037036,reverse,0.14,0.09037037037037036,0.14,0.2603694871068001,0.000727993207300184,0.2578125,0.2640380859375,16384,2437460.0,0.8860794,0.1808859,-0.18705841081650426,0.9163740284806646,0.35393190145693565,0.5210451,0.0002043306,0.36858034089482494,1.7589631698927546
both_paths,14,reverse,0.09037037037037036,reverse,0.13,0.09037037037037036,0.13,0.2560722082853317,0.0014055115779633709,0.2515869140625,0.2606201171875,16384,2437910.0,0.9226072,0.1060912,-0.2649095826298444,0.940995823945632,0.21059385638655947,0.6706484,0.0002171461,0.22017095082925797,1.8389064805337205
both_paths,14,reverse,0.09037037037037036,reverse,0.12,0.09037037037037036,0.12,0.24848735332489014,0.0019023700312039019,0.241943359375,0.253173828125,16384,2438399.0,0.9869404,0.2428845,-0.34687962775342335,0.8134430639389075,0.4668885365687712,0.6848088,0.0002347384,0.5210567385094675,1.925038431649934
both_paths,14,reverse,0.09037037037037036,reverse,0.11,0.09037037037037036,0.11,0.2401881441473961,0.002484150992865221,0.2340087890625,0.2479248046875,16384,2438875.0,1.084692,0.3481145,-0.43233623122673664,0.633863260746657,0.6413288936608713,0.6572619,0.0002561989,0.7912526125441262,2.017878382062901
both_paths,14,reverse,0.09037037037037036,reverse,0.1,0.09037037037037036,0.1,0.22829264402389526,0.0022132818214012522,0.2230224609375,0.235107421875,16384,2439351.0,1.059159,0.3489742,-0.39884322318832266,0.6541625809831028,0.6426471823312349,0.6144928,0.0002591185,0.7765186065601317,1.98105137298412
both_paths,14,reverse,0.09037037037037036,reverse,0.09,0.09037037037037036,0.09,0.2095414623618126,0.0022989607845816194,0.2034912109375,0.2158203125,16384,2439826.0,1.198086,0.4755509,-0.4267634683006665,0.3939364397474848,0.814055909359463,0.4845618,0.0002778125,1.1200967602197824,2.0117072729797103
both_paths,14,reverse,0.09037037037037036,reverse,0.08,0.09037037037037036,0.08,0.20714135468006134,0.002584373039179316,0.200927734375,0.2135009765625,16384,2440302.0,1.072381,0.4022391,-0.3765403564157231,0.5823589560979374,0.7204688794409103,0.4879872,0.0002771953,0.8910115346833907,1.9568552737969283
both_paths,14,reverse,0.09037037037037036,reverse,0.07,0.09037037037037036,0.07,0.20009520649909973,0.0011233180602055997,0.1966552734375,0.2042236328125,16384,2440777.0,-1.547691,0.5919711,-0.37687414054245244,-0.01742800752008207,0.9261005057466861,0.4591871,0.0002865342,1.5896128056874783,1.9572156024892366
both_paths,14,reverse,0.09037037037037036,reverse,0.06,0.09037037037037036,0.06,0.19748100638389587,0.0009263887460693033,0.19384765625,0.201416015625,16384,2441253.0,1.218388,0.5807819,-0.30309657916281013,0.2578005571784699,0.9174264746661025,0.4623558,0.0002843836,1.2968568091257877,1.8787367420893848
both_paths,14,reverse,0.09037037037037036,reverse,0.05,0.09037037037037036,0.05,0.19619891047477722,0.0007293843341118142,0.193603515625,0.1990966796875,16384,2441730.0,-0.8853264,0.4357475,-0.1277895561758396,-0.6308706949553706,0.765292098207547,0.5411949,0.0002767961,2.2602111628744987,1.698936268170355
both_paths,14,reverse,0.09037037037037036,reverse,0.04,0.09037037037037036,0.04,0.1974875032901764,0.0011149750093725627,0.1939697265625,0.2021484375,16384,2442206.0,-0.7536912,0.1852006,0.059073722152509105,-0.9303085141875087,0.3619894525829146,0.7071386,0.0002585391,2.7705120159334147,1.511688192267752
both_paths,14,reverse,0.09037037037037036,reverse,0.03,0.09037037037037036,0.03,0.20128626376390457,0.0021007482170333916,0.1961669921875,0.2069091796875,16384,2442683.0,-0.7210254,0.09816228,0.12592379799809467,-0.972672875397485,0.19506582110591217,0.7881351,0.0002481384,2.9436719842130614,1.4445373400104984
both_paths,14,reverse,0.09037037037037036,reverse,0.02,0.09037037037037036,0.02,0.207261323928833,0.0015093716478462014,0.2027587890625,0.2127685546875,16384,2443157.0,-0.6827389,0.1036928,0.19951040342255189,-0.9580187222203247,0.2059022263150817,0.8068003,0.0002317715,2.9298881286523137,1.3699380729582205
both_paths,14,reverse,0.09037037037037036,reverse,0.01,0.09037037037037036,0.01,0.21620724350214005,0.002010392725134151,0.2105712890625,0.221435546875,16384,2443632.0,-0.6818981,0.1922308,0.1905217753372015,-0.9072107687653737,0.3750600940629389,0.7426088,0.0002297973,2.7495701513717457,1.379102696608697
both_paths,14,reverse,0.09037037037037036,reverse,0.0,0.09037037037037036,0.0,0.22341061383485794,0.0018795780398324885,0.2183837890625,0.2288818359375,16384,2444107.0,-0.6429454,0.1725726,0.2644912495761541,-0.9030918806735159,0.33833331783792253,0.7435069,0.000215478,2.7831386317588027,1.3031199796950108
both_paths,15,reverse,0.04518518518518518,reverse,0.2,0.04518518518518518,0.2,0.22323204576969147,0.0031464169991437248,0.2161865234375,0.2315673828125,16384,2444583.0,-0.6938253,0.2925156,0.1518354969498329,-0.8197518503923565,0.5522253938785365,0.7126491,0.0002335408,2.5487713735564217,1.4183712900115262
both_paths,15,reverse,0.04518518518518518,reverse,0.19,0.04518518518518518,0.19,0.2235914245247841,0.0030093956657358013,0.2158203125,0.23046875,16384,2445040.0,-0.6838513,0.1715581,0.1899434921380331,-0.9223561385281733,0.33642328027918356,0.7432839,0.000226346,2.791844282626407,1.3796917362456966
both_paths,15,reverse,0.04518518518518518,reverse,0.18,0.04518518518518518,0.18,0.24283543974161148,0.002684000354928817,0.2362060546875,0.2490234375,16384,2445542.0,-0.5826713,0.4078012,0.2703580455620219,-0.6298576485049165,0.7281386336541557,0.3970665,0.0002082314,2.283948391719144,1.297031419748612
both_paths,15,reverse,0.04518518518518518,reverse,0.17,0.04518518518518518,0.17,0.250696137547493,0.0014161355342246181,0.246337890625,0.255859375,16384,2446004.0,-0.3594206,0.5178667,0.3837314627105099,-0.3357726184921017,0.860236544909021,0.2394727,0.0001993815,1.9429352592010627,1.1769625983471026
both_paths,15,reverse,0.04518518518518518,reverse,0.16,0.04518518518518518,0.16,0.2551409974694252,0.0011850454404171572,0.2513427734375,0.2586669921875,16384,2446505.0,0.5693391,0.3682616,0.31024700321028975,0.6727138795963342,0.6717163338772426,0.1661308,0.0001969416,0.7846561795250007,1.255343481397269
both_paths,15,reverse,0.04518518518518518,reverse,0.15,0.04518518518518518,0.15,0.2564646974205971,0.000773805011581014,0.253662109375,0.259521484375,16384,2446956.0,0.8421472,0.1400237,-0.10884242067830124,0.9548589963121639,0.2764012022814202,0.3015293,0.0002040756,0.28176669823444334,1.6798548046876172
both_paths,15,reverse,0.04518518518518518,reverse,0.14,0.04518518518518518,0.14,0.25475896894931793,0.000930145183072234,0.2513427734375,0.2584228515625,16384,2447432.0,0.9032032,0.06204877,-0.23164107032095532,0.9648943508678407,0.12377926403033249,0.5893542,0.000214349,0.12758588657956071,1.804560624990406
both_paths,15,reverse,0.04518518518518518,reverse,0.13,0.04518518518518518,0.13,0.24820403009653091,0.002136599467305401,0.2432861328125,0.2552490234375,16384,2447907.0,0.9073234,0.01302498,-0.24135904958857957,0.9700862653657747,0.02604701384768265,0.7251357,0.0002240091,0.0268437541029094,1.8145623872133358
both_paths,15,reverse,0.04518518518518518,reverse,0.12,0.04518518518518518,0.12,0.24155998975038528,0.001889006945188172,0.2357177734375,0.2476806640625,16384,2448370.0,0.9306852,0.08796468,-0.2820799181415101,0.9432909357863807,0.1750232277285879,0.7653516,0.0002370199,0.18345899822686285,1.8567577040835848
both_paths,15,reverse,0.04518518518518518,reverse,0.11,0.04518518518518518,0.11,0.23222105205059052,0.0030547191517161327,0.22412109375,0.24072265625,16384,2448858.0,0.9643352,0.1415697,-0.3363365804045544,0.8993493841766357,0.2793714191947287,0.7486653,0.0002511753,0.30118694435211246,1.9138204619679013
both_paths,15,reverse,0.04518518518518518,reverse,0.1,0.04518518518518518,0.1,0.22773338854312897,0.0030341818803853405,0.2203369140625,0.235107421875,16384,2449321.0,1.05887,0.3302999,-0.4106671946317127,0.6744323958842802,0.6135905789980063,0.6301829,0.0002660845,0.7381966564914393,1.9939820138197573
both_paths,15,reverse,0.04518518518518518,reverse,0.09,0.04518518518518518,0.09,0.21499678492546082,0.0024538749532370843,0.209716796875,0.2225341796875,16384,2449798.0,1.138918,0.4182488,-0.4352659352687329,0.5094438485529525,0.7423008357574384,0.5388049,0.0002785035,0.9693217408380717,2.021129967018247
both_paths,15,reverse,0.04518518518518518,reverse,0.08,0.04518518518518518,0.08,0.20332279056310654,0.0017976887062810015,0.19873046875,0.208984375,16384,2450274.0,1.041017,0.40615,-0.33652604043607154,0.5998844597293875,0.7258711036290123,0.4974699,0.0002765462,0.8801437102804197,1.914021649629298
both_paths,15,reverse,0.04518518518518518,reverse,0.07,0.04518518518518518,0.07,0.19733259081840515,0.0008596607376914894,0.1943359375,0.2010498046875,16384,2450751.0,1.095105,0.570565,-0.24184152653867433,0.33917715557244854,0.9091047976879381,0.4505243,0.0002785825,1.2137019551360586,1.815059593479637
both_paths,15,reverse,0.04518518518518518,reverse,0.06,0.04518518518518518,0.06,0.195572130382061,0.0007519219679527246,0.19287109375,0.1990966796875,16384,2451238.0,1.221583,0.6635661,-0.18477023159275413,0.15513352641825404,0.9704604837386203,0.4783776,0.0002803704,1.4122818799758061,1.756634390054885
both_paths,15,reverse,0.04518518518518518,reverse,0.05,0.04518518518518518,0.05,0.1972423493862152,0.0012020928893787155,0.193603515625,0.2015380859375,16384,2451721.0,-1.381311,0.7282329,-0.10598705907572571,-0.04220612988365449,0.9934713815247638,0.5087163,0.000278016,1.6132542840786215,1.6769828256593258
both_paths,15,reverse,0.04518518518518518,reverse,0.04,0.04518518518518518,0.04,0.20074943453073502,0.0019427463815457576,0.1961669921875,0.207275390625,16384,2452173.0,-0.7898296,0.5939603,-0.0033110331792943126,-0.37357484505960015,0.9275941311791388,0.5900174,0.0002648761,1.9536584431772583,1.5741073660239975
both_paths,15,reverse,0.04518518518518518,reverse,0.03,0.04518518518518518,0.03,0.20432677119970322,0.0020182251809825716,0.1981201171875,0.210205078125,16384,2452648.0,-0.7182266,0.3480892,0.10277149472887141,-0.7603848151085624,0.6412900691758068,0.6997845,0.000249168,2.4409569352206066,1.467843055019705
both_paths,15,reverse,0.04518518518518518,reverse,0.02,0.04518518518518518,0.02,0.20577583461999893,0.0024585794447544475,0.19970703125,0.212158203125,16384,2453123.0,-0.7301199,0.4259837,0.07265367716876049,-0.6544835356564709,0.7525774011677885,0.684016,0.0002558879,2.286591671432057,1.4980785795599356
both_paths,15,reverse,0.04518518518518518,reverse,0.01,0.04518518518518518,0.01,0.21099161356687546,0.002912255190094844,0.204345703125,0.21826171875,16384,2453599.0,-0.6698004,0.3829446,0.16515739513608363,-0.7015889455630693,0.6931781778847081,0.7475782,0.0002398593,2.3622246479085405,1.404878730912298
both_paths,15,reverse,0.04518518518518518,reverse,0.0,0.04518518518518518,0.0,0.22523736208677292,0.003305168140931282,0.21826171875,0.23388671875,16384,2454074.0,-0.6724462,0.3448122,0.17280293945408082,-0.751883180529145,0.6362474573256907,0.6971234,0.000228136,2.4393057958107747,1.3971216141405802
both_paths,16,reverse,0.0,reverse,0.2,0.0,0.2,0.22530566900968552,0.0019472226472539258,0.2197265625,0.22998046875,16384,2454547.0,-0.668618,0.3563864,0.17509829135865818,-0.7360100874095116,0.6539340483525242,0.694001,0.0002250545,2.4151758833022257,1.3947907258236618
both_paths,16,reverse,0.0,reverse,0.19,0.0,0.19,0.2359669730067253,0.002224846526781897,0.22900390625,0.24267578125,16384,2455046.0,-0.5951455,0.4119691,0.2522985893042624,-0.6307483944694136,0.7338268765242495,0.5935105,0.0002144385,2.280798802387803,1.3157413685763821
both_paths,16,reverse,0.0,reverse,0.18,0.0,0.18,0.2445957139134407,0.0030905963620808533,0.2374267578125,0.2530517578125,16384,2455521.0,-0.5124724,0.4814632,0.2964948319466528,-0.48812821710790805,0.8208664070919098,0.5140975,0.0002042875,2.1072727243420015,1.2697759750118265
both_paths,16,reverse,0.0,reverse,0.17,0.0,0.17,0.2539418041706085,0.0010046062051052439,0.2506103515625,0.25732421875,16384,2455983.0,-0.2300514,0.5837387,0.3516586112128112,-0.17427385272019513,0.9197634725395093,0.3118712,0.0001955125,1.7580532681749723,1.2114540338176714
both_paths,16,reverse,0.0,reverse,0.16,0.0,0.16,0.25492120534181595,0.0009553733513597289,0.251220703125,0.2587890625,16384,2456484.0,0.681068,0.3841334,0.14896452665663765,0.7035180037088925,0.6948899108890693,0.1840252,0.0001991811,0.7792283017661932,1.421275293771565
both_paths,16,reverse,0.0,reverse,0.15,0.0,0.15,0.25627802312374115,0.0008567566745613134,0.2523193359375,0.25927734375,16384,2456959.0,0.8410306,-0.04017762,-0.11067715801120895,0.9906096545076802,-0.08026879275743627,0.3975515,0.0002013492,-0.08085304304885499,1.6817006948965072
both_paths,16,reverse,0.0,reverse,0.14,0.0,0.14,0.2526106983423233,0.0013944565076963156,0.2484130859375,0.257568359375,16384,2457433.0,0.9030402,-0.0804298,-0.23010966468269967,0.9598938215121046,-0.16016676822144985,0.5986845,0.0002124814,-0.16533564966754133,1.802986696874279
both_paths,16,reverse,0.0,reverse,0.13,0.0,0.13,0.24837742745876312,0.002570452157958027,0.2412109375,0.2554931640625,16384,2457882.0,0.896469,-0.1420403,-0.21148872532507593,0.9363324369111095,-0.28027501966546675,0.7225176,0.0002164642,-0.2908445814421614,1.7838942151790298
both_paths,16,reverse,0.0,reverse,0.12,0.0,0.12,0.24399977922439575,0.0022729091070517763,0.2381591796875,0.251220703125,16384,2458381.0,0.9311692,-0.06031467,-0.2853408446852846,0.9508415269287714,-0.12033699772742625,0.7430959,0.0002294565,-0.12588913967519266,1.860158365743249
both_paths,16,reverse,0.0,reverse,0.11,0.0,0.11,0.2320178970694542,0.0022162288689746255,0.2257080078125,0.23876953125,16384,2458830.0,0.9847308,-0.07000848,-0.38438967321334283,0.912561017693659,-0.13955990868746224,0.7032541,0.0002522066,-0.15175632471258194,1.965342938261734
both_paths,16,reverse,0.0,reverse,0.1,0.0,0.1,0.2215961441397667,0.001831155259193571,0.2164306640625,0.2271728515625,16384,2459329.0,0.9932012,-0.001929854,-0.4037414764253921,0.9148649752515264,-0.003859698416772982,0.6622021,0.0002651234,-0.004218847176345797,1.9863991128129619
both_paths,16,reverse,0.0,reverse,0.09,0.0,0.09,0.21654348075389862,0.0019316954834008894,0.2115478515625,0.222412109375,16384,2459791.0,1.020223,0.2445357,-0.3995184513195539,0.7871893034931109,0.46980635108654734,0.6155024,0.0002721977,0.5380742664606117,1.98178782037985
both_paths,16,reverse,0.0,reverse,0.08,0.0,0.08,0.20664608478546143,0.001416467066049963,0.2027587890625,0.211669921875,16384,2460291.0,1.103257,0.421031,-0.39539695790783397,0.5358345096001386,0.7460178442898062,0.5057339,0.0002811269,0.947920398997395,1.9772963134355719
both_paths,16,reverse,0.0,reverse,0.07,0.0,0.07,0.20082420855760574,0.0009904626930501688,0.1978759765625,0.2047119140625,16384,2460766.0,1.354468,0.6316099,-0.27485292753686735,0.1269381831587329,0.9530700739613922,0.4460989,0.0002781749,1.4383868845898276,1.8492330621788349
both_paths,16,reverse,0.0,reverse,0.06,0.0,0.06,0.2001461610198021,0.000890935350274135,0.1971435546875,0.203857421875,16384,2461245.0,1.34276,0.7167552,-0.12286700668331547,0.06027448082391283,0.9905910789170725,0.4456179,0.0002702908,1.5100242675094142,1.6939745921936495
both_paths,16,reverse,0.0,reverse,0.05,0.0,0.05,0.2002805694937706,0.0010222921251229044,0.1973876953125,0.20458984375,16384,2461703.0,-0.8366882,0.5091702,-0.05373754848407901,-0.5220207680721739,0.8512382707469507,0.5156634,0.0002697105,2.1209006103844796,1.6245597721479241
both_paths,16,reverse,0.0,reverse,0.04,0.0,0.04,0.20318061113357544,0.001819643997075692,0.1976318359375,0.2093505859375,16384,2462174.0,-0.7655916,0.4484358,0.02471440335326125,-0.6235679109487428,0.7813784350120708,0.5875158,0.000258508,2.244338396150164,1.5460794068164523
both_paths,16,reverse,0.0,reverse,0.03,0.0,0.03,0.2062765210866928,0.0015845696615223615,0.2017822265625,0.2115478515625,16384,2462670.0,-0.7440885,0.3320263,0.06498881123689938,-0.7848148396312707,0.6163133309515197,0.6671224,0.0002517926,2.475881008377515,1.5057616811907162
both_paths,16,reverse,0.0,reverse,0.02,0.0,0.02,0.21194575726985931,0.0027142910505951927,0.2056884765625,0.21923828125,16384,2463141.0,-0.6860111,0.3676942,0.1464362029303055,-0.7269682671247621,0.6708752321147166,0.7136686,0.0002407485,2.396301237222792,1.4238316560190813
both_paths,16,reverse,0.0,reverse,0.01,0.0,0.01,0.21791234612464905,0.0024050936920102556,0.2113037109375,0.2255859375,16384,2463612.0,-0.6843964,0.2312612,0.17955202805540785,-0.8767328418652857,0.4462068950789644,0.786522,0.0002308669,2.6708164006170314,1.390265266929044
both_paths,16,reverse,0.0,reverse,0.0,0.0,0.0,0.22712193429470062,0.002268400403368634,0.2200927734375,0.23193359375,16384,2464083.0,-0.6829203,0.162203,0.19290805795703972,-0.9280019289868043,0.318745825026797,0.6815158,0.0002206302,2.8107421871666514,1.3766713127590764
