test_type,axis,coordinate,elapsed_s,stage,sweep_index,pax_timestamp,theta,eta,s1,s2,s3,dop,pax_ptotal,u,v,target_coordinate,controlled_error_rad,orthogonal_coordinate,integral_rad_s,delta_rp_v,rp_out1_v,rp_out2_v,saturated
single-axis-pid,phi2,v,0.40581237700098427,calibration,0,3148807.0,-0.4792973656160516,-0.4269311233908438,0.37760260659815253,-0.5377415086875441,-0.7538238131849675,0.9623967,nan,-2.190427079437148,1.1835904693664894,,,-2.190427079437148,,,0.0,0.0,0
single-axis-pid,phi2,v,0.8009373640015838,calibration,1,3149187.0,-0.5863694871309918,-0.4400285034400328,0.24696079061006287,-0.5872954618527032,-0.770775199645443,0.9052762000000001,nan,-2.221904377808747,1.3212536878257906,,,-2.221904377808747,,,0.0,0.0125,0
single-axis-pid,phi2,v,1.194882135001535,calibration,2,3149582.0,-0.7005268807315651,-0.5881089293226966,0.06493938496863201,-0.37889432171181225,-0.9231586912630144,0.82400815,nan,-1.9602637537614553,1.5058112120879636,,,-1.9602637537614553,,,0.0,0.025,0
single-axis-pid,phi2,v,1.59381551000115,calibration,3,3149978.0,-1.0285745301507008,-0.6860405339027763,-0.09227037089375277,-0.17451905556312156,-0.9803210075788875,0.7904561999999999,nan,-1.7469730275668494,1.663198130771815,,,-1.7469730275668494,,,0.0,0.037500000000000006,0
single-axis-pid,phi2,v,1.9926859170009266,calibration,4,3150379.0,1.2145167280634197,-0.5566239964523211,-0.3342683125256273,0.2888039414250609,-0.8971382160283997,0.8112315999999999,nan,-1.2593555205517288,1.9116251055160811,,,-1.2593555205517288,,,0.0,0.05,0
single-axis-pid,phi2,v,2.390390895001474,calibration,5,3150779.0,1.3851053261924133,-0.5037361139976617,-0.4975951029045951,0.19379036430952906,-0.8454847179376723,0.77406335,nan,-1.3454819591217948,2.0916203853860957,,,-1.3454819591217948,,,0.0,0.0625,0
single-axis-pid,phi2,v,2.7866139030011254,calibration,6,3151152.0,1.4079585772346157,-0.4219198523452895,-0.6296639507209031,0.21263759082435277,-0.7472004845628508,0.75320875,nan,-1.2935465561623798,2.251916892938128,,,-1.2935465561623798,,,0.0,0.07500000000000001,0
single-axis-pid,phi2,v,3.1847745569975814,calibration,7,3151563.0,1.5421357321296107,-0.30082267926641015,-0.8230514474086147,0.047230027375655646,-0.5659996814775422,0.75455395,nan,-1.4875438766188338,2.537559198440718,,,-1.4875438766188338,,,0.0,0.08750000000000001,0
single-axis-pid,phi2,v,3.589681010998902,calibration,8,3151989.0,1.4713139046858952,-0.14393011997337535,-0.9399370061529498,0.18952191369633897,-0.28390116007707145,0.79116935,nan,-0.982173432768338,2.793242041020223,,,-0.982173432768338,,,0.0,0.1,0
single-axis-pid,phi2,v,3.992767009003728,calibration,9,3152379.0,1.382535590615723,0.06273244292132726,-0.9226394988004287,0.3647976728638674,0.12513597854494346,0.6564625,nan,0.3304506304857817,2.745665778455293,,,0.3304506304857817,,,0.0,0.1125,0
single-axis-pid,phi2,v,4.390869142000156,calibration,10,3152781.0,0.7195846505823944,0.3617632297394879,0.09836664591636055,0.7429925482165545,0.6620317788942132,0.4021627,nan,0.7278394860875892,1.4722703535939865,,,0.7278394860875892,,,0.0,0.125,0
single-axis-pid,phi2,v,4.787541700003203,calibration,11,3153170.0,0.08290849327201916,0.12540940828460564,0.9554225381117872,0.1598934170927395,0.24819723777358568,0.5784593,nan,0.99849570318929,0.2997086848122286,,,0.99849570318929,,,0.0,0.1375,0
single-axis-pid,phi2,v,5.185459375999926,calibration,12,3153573.0,-0.1859590841951037,-0.06943973706048756,0.9226619929771592,-0.3599041852880185,-0.13843346462320588,1.04913695,nan,-2.7743975732021275,0.3958685451530076,,,-2.7743975732021275,,,0.0,0.15000000000000002,0
single-axis-pid,phi2,v,5.58350959100062,calibration,13,3153962.0,-0.07154166578518835,-0.21955085908767674,0.8958843775659653,-0.12906812295418402,-0.42512657135296367,1.1440883,nan,-1.8655519374139604,0.4603785482116868,,,-1.8655519374139604,,,0.0,0.1625,0
single-axis-pid,phi2,v,5.981150116997014,calibration,14,3154363.0,-0.11389209638367384,-0.3335675176069866,0.7653049039004637,-0.1774032526116361,-0.618737820105345,1.0991654,nan,-1.850023675407035,0.6992814321553334,,,-1.850023675407035,,,0.0,0.17500000000000002,0
single-axis-pid,phi2,v,6.3787895100031164,calibration,15,3154763.0,-0.2200436740743769,-0.4175306336867216,0.6071830603858599,-0.2859147549704623,-0.7413376316299085,1.0549579,nan,-1.9388921528153185,0.9182858324597174,,,-1.9388921528153185,,,0.0,0.1875,0
single-axis-pid,phi2,v,6.786771125000087,calibration,16,3155188.0,-0.22059687497937738,-0.5278203356284837,0.44549345818380737,-0.21037968541898483,-0.8702160459784921,0.9279039,nan,-1.8080007200095043,1.1090709672022503,,,-1.8080007200095043,,,0.0,0.2,0
single-axis-pid,phi2,v,7.7579466570023214,pid,,3156117.0,-0.12294945850760818,-0.5626230011189031,0.41799095503600786,-0.10490653183702686,-0.9023736371847378,0.9143616,nan,-1.686532981747692,1.1395636405119023,2.793242041020223,1.6536784005083207,-1.686532981747692,8.167517726014585e-06,0.005263823134404784,0.0,0.2052638231344048,0
single-axis-pid,phi2,v,7.991519005998271,pid,,3156343.0,-0.47687588228940153,-0.4731281264933251,0.3383373774542511,-0.47689646853387396,-0.8112321352839145,0.9125439,nan,-2.1022466110791833,1.2256468127610387,2.793242041020223,1.5675952282591843,-2.1022466110791833,0.3690249061782245,0.0050485427248366304,0.0,0.21031236585924143,0
single-axis-pid,phi2,v,8.22454144400399,pid,,3156596.0,-0.4930544808856649,-0.5043328275715114,0.29417792957862693,-0.4444523744943415,-0.8461214053285582,0.8989467,nan,-2.0544643990230838,1.2722010527433154,2.793242041020223,1.5210409882769076,-2.0544643990230838,0.7239739056277616,0.004956847864343234,0.0,0.21526921372358465,0
single-axis-pid,phi2,v,8.4571096389991,pid,,3156823.0,-0.2666460464559064,-0.6542699499996003,0.2232590895982682,-0.13180052118781438,-0.965807435012991,0.82983965,nan,-1.706425188698086,1.345639647343823,2.793242041020223,1.4476023936764,-1.706425188698086,1.061191086764731,0.004776755338728846,0.0,0.2200459690623135,0
single-axis-pid,phi2,v,8.691670624000835,pid,,3157049.0,-0.4208933517724758,-0.6528792239214739,0.17449031393055253,-0.1953682302681961,-0.9650825793403849,0.82537405,nan,-1.7705338629638427,1.395408209439622,2.793242041020223,1.397833831580601,-1.7705338629638427,1.386723488329942,0.004670147176212078,0.0,0.22471611623852558,0
single-axis-pid,phi2,v,8.922970366998925,pid,,3157275.0,-0.6704784910818936,-0.5922351519800245,0.08584020086657858,-0.36687937742266524,-0.9262996180162999,0.8194469,nan,-1.947910083645128,1.48485035533944,2.793242041020223,1.308391685680783,-1.947910083645128,1.6932521788287358,0.004434229539690395,0.0,0.22915034577821597,0
single-axis-pid,phi2,v,9.157630148001772,pid,,3157526.0,-0.7207526950548179,-0.5812223390950597,0.05119813160642014,-0.3937827043517317,-0.9177766248240627,0.82924755,nan,-1.976102147400233,1.5195758015912912,2.793242041020223,1.2736662394289318,-1.976102147400233,1.98822038783054,0.004370640659766917,0.0,0.23352098643798289,0
single-axis-pid,phi2,v,9.398309365999012,pid,,3157753.0,-0.8076453839363618,-0.62480935349172,-0.01404155696471356,-0.31537174351124886,-0.9488643201599909,0.80403795,nan,-1.8916774568965438,1.5848383452185708,2.793242041020223,1.2084036958016522,-1.8916774568965438,2.271984343980911,0.0042080659677189184,0.0,0.2377290524057018,0
single-axis-pid,phi2,v,9.630916271999013,pid,,3157980.0,-1.0365360872325142,-0.608088881112339,-0.1671652954057858,-0.3043456979858462,-0.9377790038859924,0.76774835,nan,-1.8846110542209376,1.7387501294919654,2.793242041020223,1.0544919115282576,-1.8846110542209376,2.525267552041631,0.003758460816939871,0.0,0.24148751322264167,0
single-axis-pid,phi2,v,9.861352255000384,pid,,3158230.0,-0.9966804857222281,-0.47980069046710927,-0.23533493630777122,-0.5233710510769405,-0.8189628872223916,0.8028399500000001,nan,-2.1394463901271163,1.8083594955712858,2.793242041020223,0.9848825454489372,-2.1394463901271163,2.7546119206727067,0.0035733886129374537,0.0,0.24506090183557913,0
single-axis-pid,phi2,v,10.09519902899774,pid,,3158455.0,-1.0170683903647033,-0.4615691165319798,-0.26964732110300726,-0.5397090144760796,-0.797498904021335,0.7960367500000001,nan,-2.1657486536837083,1.8438230945513931,2.793242041020223,0.9494189464688298,-2.1657486536837083,2.9732460752625784,0.003495301177818894,0.0,0.24855620301339804,0
single-axis-pid,phi2,v,10.326346957001078,pid,,3158680.0,-0.9937110406731718,-0.5191435770724987,-0.20545324601902806,-0.4642681143545212,-0.8615358853198989,0.7817402499999999,nan,-2.0650653317378334,1.7777231374766629,2.793242041020223,1.0155189035435601,-2.0650653317378334,3.0,0.0037099618953200715,0.0,0.2522661649087181,0
single-axis-pid,phi2,v,10.558608384999388,pid,,3158929.0,-1.009755547175819,-0.45843117024937996,-0.26389119559605595,-0.5480937401748079,-0.793696849475966,0.76115615,nan,-2.175157256234844,1.8378505147888018,2.793242041020223,0.9553915262314212,-2.175157256234844,3.0,0.0035185705090325036,0.0,0.2557847354177506,0
single-axis-pid,phi2,v,10.792361674000858,pid,,3159154.0,-1.1980069193314649,-0.6168463312537308,-0.24300428337555918,-0.22438336888579577,-0.9437166004837426,0.75698975,nan,-1.804227556069643,1.8162581010738401,2.793242041020223,0.9769839399463829,-1.804227556069643,3.0,0.0035873012965529317,0.0,0.25937203671430353,0
single-axis-pid,phi2,v,11.026378686001408,pid,,3159380.0,-1.3498362335014031,-0.5552017481132243,-0.40161710042574017,-0.1900164635394643,-0.895878032005237,0.7484313499999999,nan,-1.7797997536604624,1.9840782548557436,2.793242041020223,0.8091637861644794,-1.7797997536604624,3.0,0.003053113156056292,0.0,0.2624251498703598,0
single-axis-pid,phi2,v,11.259510518000752,pid,,3159631.0,-1.2518366824281548,-0.42801484014406843,-0.5265399091135454,-0.3903317620684835,-0.7552462112657118,0.7762969,nan,-2.0478148715931397,2.1253217632469945,2.793242041020223,0.6679202777732285,-2.0478148715931397,3.0,0.0026035211052541085,0.0,0.2650286709756139,0
single-axis-pid,phi2,v,11.492451190999418,pid,,3159856.0,-1.5632009621802365,-0.49266149034925605,-0.5525301982327261,-0.008393982302543807,-0.8334506110754308,0.758436,nan,-1.5808673476823258,2.1561931776981043,2.793242041020223,0.6370488633221187,-1.5808673476823258,3.0,0.002505254341051454,0.0,0.26753392531666537,0
single-axis-pid,phi2,v,11.72416142399743,pid,,3160080.0,1.3499782250943941,-0.4640024943931459,-0.5419186440932899,0.256208790864978,-0.800425660925233,0.7667056999999999,nan,-1.261011131184059,2.1435146892248897,2.793242041020223,0.6497273517953333,-1.261011131184059,3.0,0.0025456112232803683,0.0,0.2700795365399457,0
single-axis-pid,phi2,v,11.959185617000912,pid,,3160329.0,1.2671659255428134,-0.3969878376266697,-0.5756839435963668,0.40001363219624314,-0.7131459115373965,0.79248155,nan,-1.0596123647311817,2.184236680743885,2.793242041020223,0.6090053602763379,-1.0596123647311817,3.0,0.0024159890984244816,0.0,0.2724955256383702,0
single-axis-pid,phi2,v,12.192086023998854,pid,,3160553.0,1.2661144126531887,-0.3657100924327294,-0.6102749394237195,0.42595503319073497,-0.6679272475433647,0.7926856499999999,nan,-1.0030975342204833,2.2272039339577523,2.793242041020223,0.5660381070624707,-1.0030975342204833,3.0,0.00227922008362312,0.0,0.27477474572199334,0
single-axis-pid,phi2,v,12.429412188001152,pid,,3160778.0,1.2243519510218408,-0.3267918513709941,-0.6108374410492732,0.507119830933472,-0.6080354411433453,0.81507515,nan,-0.8756470129045284,2.227914187590998,2.793242041020223,0.565327853429225,-0.8756470129045284,3.0,0.0022769592760915193,0.0,0.27705170499808485,0
single-axis-pid,phi2,v,12.662230341004033,pid,,3161031.0,1.2802189670953623,-0.3451572125127436,-0.6444626828549948,0.42329602881058964,-0.6367796498008764,0.79205075,nan,-0.9841253528712306,2.2711166918124195,2.793242041020223,0.5221253492078035,-0.9841253528712306,3.0,0.0021394414340757655,0.0,0.2791911464321606,0
single-axis-pid,phi2,v,12.895565623999573,pid,,3161256.0,1.3291664823111848,-0.34407935875501705,-0.6839634138335393,0.3589173816778706,-0.6351160222090705,0.8075056,nan,-1.0564180935200467,2.323978154891889,2.793242041020223,0.46926388612833403,-1.0564180935200467,3.0,0.0019711781711124195,0.0,0.281162324603273,0
single-axis-pid,phi2,v,13.128604600999097,pid,,3161481.0,1.5488265835004162,-0.37918235878658996,-0.7252609357150275,0.03188811770113544,-0.6877352129091845,0.78473585,nan,-1.5244626585375212,2.3822096513210114,2.793242041020223,0.41103238969921163,-1.5244626585375212,3.0,0.0017858215611057616,0.0,0.28294814616437874,0
single-axis-pid,phi2,v,13.3625959839992,pid,,3161681.0,-1.426407623599928,-0.38756218100855266,-0.6847554124966636,-0.2034283744027803,-0.6998049167763588,0.72081665,nan,-1.8536928486944366,2.3250643571997847,2.793242041020223,0.46817768382043834,-1.8536928486944366,3.0,0.001967720681782431,0.0,0.28491586684616116,0
single-axis-pid,phi2,v,13.595070982002653,pid,,3161906.0,-1.437056291918134,-0.3864923703399693,-0.6903747737587818,-0.18919518836225716,-0.6982749118062893,0.7019084,nan,-1.8353901994082154,2.33280328706248,2.793242041020223,0.4604387539577428,-1.8353901994082154,3.0,0.0019430869029446415,0.0,0.2868589537491058,0
single-axis-pid,phi2,v,13.825891694999882,pid,,3162131.0,-1.4157583589713407,-0.2969241883792717,-0.7892686185159796,-0.2528905324081485,-0.5595546679674832,0.7730271,nan,-1.995270394172763,2.480413328990316,2.793242041020223,0.31282871202990714,-1.995270394172763,3.0,0.0006187564095250868,0.0,0.2874777101586309,0
single-axis-pid,phi2,v,14.060883106998517,pid,,3162357.0,-1.5105487901914,-0.27570029689238224,-0.8456154837856473,-0.10238850831798559,-0.5238807564192289,0.7908952,nan,-1.7638057553757351,2.578513482323952,2.793242041020223,0.21472855869627105,-1.7638057553757351,3.0,0.00048760616522766984,0.0,0.2879653163238586,0
single-axis-pid,phi2,v,14.295873896997364,pid,,3162606.0,1.4908261581866595,-0.3392206296822735,-0.7686150752397427,0.12399163480565072,-0.6275802264351761,0.71895335,nan,-1.3757374588840052,2.44746973308713,2.793242041020223,0.345772307933093,-1.3757374588840052,3.0,0.0006627987530272839,0.0,0.28862811507688585,0
single-axis-pid,phi2,v,14.529708016001678,pid,,3162831.0,1.5678519730999758,-0.37872534940396546,-0.7265773238720616,0.004278650713236037,-0.6870713831786239,0.71935265,nan,-1.564569032935321,2.384123619313941,2.793242041020223,0.4091184217062822,-1.564569032935321,3.0,0.001779729211765874,0.0,0.29040784428865174,0
single-axis-pid,phi2,v,14.761374797002645,pid,,3163080.0,1.5703599922274107,-0.355706134556701,-0.7574402669018969,0.0006609949103040432,-0.6529041316773174,0.6898101,nan,-1.5697839351551317,2.430179942734857,2.793242041020223,0.36306209828536584,-1.5697839351551317,3.0,0.0016331273811043161,0.0,0.29204097166975607,0
single-axis-pid,phi2,v,14.994949218998954,pid,,3163305.0,-1.4862059195630175,-0.2944581063066502,-0.8196712494482763,-0.1400110107395524,-0.5554601333125453,0.69559825,nan,-1.8177157994116122,2.5316332079561015,2.793242041020223,0.2616088330641215,-1.8177157994116122,3.0,0.0005502804753805105,0.0,0.2925912521451366,0
single-axis-pid,phi2,v,15.226486325998849,pid,,3163531.0,-1.3437506397253811,-0.21221815287425433,-0.818922774119837,-0.3997253377206235,-0.4118071689662576,0.7491466,nan,-2.34130791615165,2.5303278090664576,2.793242041020223,0.2629142319537654,-2.34130791615165,3.0,0.0005520256651428558,0.0,0.29314327781027943,0
single-axis-pid,phi2,v,15.46704683900316,pid,,3163762.0,-1.4596946459355795,-0.18766095399759325,-0.9075153324589544,-0.20503866712457713,-0.36657204794649906,0.75805705,nan,-2.0807826070264857,2.708126448505153,2.793242041020223,0.08511559251506995,-2.0807826070264857,3.0,0.000314326393472727,0.0,0.29345760420375216,0
single-axis-pid,phi2,v,15.700762134001707,pid,,3164051.0,1.558374917317117,-0.11893335839505076,-0.971542972669593,0.0241408326795173,-0.23562994812601779,0.78039225,nan,-1.4687002379652907,2.9024565916292375,2.793242041020223,-0.10921455060901453,-1.4687002379652907,2.9737290521085007,5.277004585412769e-05,0.0,0.2935103742496063,0
single-axis-pid,phi2,v,15.932589787000325,pid,,3164251.0,-1.5390218275752017,-0.1821001973252843,-0.9325227224224553,-0.05934078864814165,-0.35620225008894735,0.6367195999999999,nan,-1.7358732927109262,2.7721333193838738,2.793242041020223,0.021108721636349248,-1.7358732927109262,2.9786565413188844,0.00022732880525855865,0.0,0.29373770305486485,0
single-axis-pid,phi2,v,16.166845245999866,pid,,3164502.0,1.548348429344382,-0.1723692623030514,-0.9402154896808225,0.042240105777071324,-0.3379505976147892,0.6123038999999999,nan,-1.4464521673096353,2.794058794325624,2.793242041020223,-0.0008167533054010967,-1.4464521673096353,2.978467212860877,0.00019800394876379228,0.0,0.29393570700362864,0
single-axis-pid,phi2,v,16.3994010949973,pid,,3164765.0,1.5651101517364387,-0.0749911566573795,-0.9887097823114043,0.011244438561691926,-0.14942064436739574,0.7258738499999999,nan,-1.4956843212880617,2.991183034749025,2.793242041020223,-0.19794099372880192,-1.4956843212880617,2.932035642695398,-6.863547011689987e-05,0.0,0.29386707153351177,0
single-axis-pid,phi2,v,16.633798850998573,pid,,3164991.0,1.5274896962560658,-0.05516422380861119,-0.9901941951873551,0.08597905681218682,-0.11010475742197988,0.7042877,nan,-0.9078205783112345,3.001436508630043,2.793242041020223,-0.20819446760981997,-0.9078205783112345,2.883546576572553,-8.558461026886368e-05,0.0,0.2937814869232429,0
single-axis-pid,phi2,v,16.86447673499788,pid,,3165178.0,1.5059730193617025,-0.18574058245289635,-0.923970790333449,0.12046537991184393,-0.3629959653402181,0.5830634,nan,-1.2503685392247568,2.749132108758895,2.793242041020223,0.04410993226132787,-1.2503685392247568,2.8938708824319432,0.00025241165492992206,0.0,0.2940338985781728,0
single-axis-pid,phi2,v,17.097482568002306,pid,,3165403.0,1.545699440341823,-0.1524256311695384,-0.9526902348480122,0.047859316541008036,-0.3001512989235043,0.62492635,nan,-1.4126767584436521,2.832763963911061,2.793242041020223,-0.03952192289083811,-1.4126767584436521,2.8847556160904437,0.00013999478981939964,0.0,0.2941738933679922,0
single-axis-pid,phi2,v,17.33062405599776,pid,,3165691.0,1.5042885790732525,-0.08305255146599158,-0.9775242947635858,0.1307981993218424,-0.16534232428848236,0.72054995,nan,-0.901521124936588,2.9291760515512495,2.793242041020223,-0.1359340105310265,-0.901521124936588,2.8531169217164076,8.986432183648912e-06,0.0,0.2941828798001759,0
single-axis-pid,phi2,v,17.566247932001716,pid,,3165903.0,1.5684999273042772,-0.1638257799355817,-0.94679074389253,0.004348450139154937,-0.3218204130579928,0.629089,nan,-1.5572851095073148,2.813910066039578,2.793242041020223,-0.020668025019355163,-1.5572851095073148,2.84829145490583,0.0001627631449496314,0.0,0.2943456429451255,0
single-axis-pid,phi2,v,17.799411250998673,pid,,3166128.0,1.4765471678327247,-0.1579884654387763,-0.9336569158984162,0.17810725149651685,-0.3107451855772096,0.67413785,nan,-1.0503446449919256,2.7752870082193897,2.793242041020223,0.017955032800833326,-1.0503446449919256,2.852520835869317,0.00021468108302500515,0.0,0.2945603240281505,0
single-axis-pid,phi2,v,18.032599215002847,pid,,3166405.0,1.4852021707432586,-0.11532145741228028,-0.9592897161930053,0.16584238919720706,-0.22860346093553682,0.7694001500000001,nan,-0.9431874801836804,2.855272750326109,2.793242041020223,-0.062030709305886056,-0.9431874801836804,2.838057696448108,0.0001067812330112431,0.0,0.29466710526116174,0
single-axis-pid,phi2,v,18.265063502003613,pid,,3166572.0,1.4746336225686791,-0.18191685977719338,-0.9173087705015374,0.17862968244366323,-0.3558596016844762,0.79246905,nan,-1.1055765677393081,2.732064418139014,2.793242041020223,0.06117762288120909,-1.1055765677393081,2.852328368062467,0.0002724525639618326,0.0,0.2949395578251236,0
single-axis-pid,phi2,v,18.505695077998098,pid,,3166801.0,1.5133860466274964,-0.20733201912790256,-0.9092251206812111,0.10485895515561804,-0.4028824635621529,0.7365089,nan,-1.3161736693843278,2.712215261836246,2.793242041020223,0.08102677918397694,-1.3161736693843278,2.8711343095724344,0.00030024601582420094,0.0,0.2952398038409478,0
single-axis-pid,phi2,v,18.73688639500324,pid,,3167065.0,1.522702290189238,-0.12453393977228235,-0.9646627424917803,0.09307627946934818,-0.24650070881922645,0.6896348999999999,nan,-1.2097566345674964,2.874956716267557,2.793242041020223,-0.08171467524733389,-1.2097566345674964,2.851448274188525,8.136080317374037e-05,0.0,0.2953211646441215,0
single-axis-pid,phi2,v,18.973583006998524,pid,,3167328.0,1.485503794684126,-0.09444866263483791,-0.9679556871874913,0.16673925923925653,-0.187775949124843,0.74584295,nan,-0.8446679782868212,2.887754397501032,2.793242041020223,-0.0945123564808088,-0.8446679782868212,2.8296225549867557,6.279262179404741e-05,0.0,0.29538395726591554,0
single-axis-pid,phi2,v,19.2077037199997,pid,,3167516.0,-1.5221809000147566,-0.1614406019343421,-0.9438460228160579,-0.09206124817256985,-0.31730019193063513,0.6322934499999999,nan,-1.8531822161464446,2.804880501445803,2.793242041020223,-0.011638460425579922,-1.8531822161464446,2.826864715704369,0.00017340251158532683,0.0,0.29555735977750086,0
single-axis-pid,phi2,v,19.439120950999495,pid,,3167804.0,1.5158010085864717,-0.05036908559611266,-0.9889179620398508,0.10921248700178446,-0.1005678727916288,0.6971798499999999,nan,-0.7442135354506139,2.992578780009576,2.793242041020223,-0.199336738989353,-0.7442135354506139,2.7801893574681418,-8.06516205713208e-05,0.0,0.29547670815692956,0
single-axis-pid,phi2,v,19.672550158000377,pid,,3168018.0,1.4814162759101213,-0.13753166077222134,-0.9470719475583429,0.17112535287617284,-0.27160787866159675,0.6116114,nan,-1.0085769293125857,2.8147849027447025,2.793242041020223,-0.0215428617244795,-1.0085769293125857,2.7752085694429804,0.0001567083433868046,0.0,0.2956334165003164,0
single-axis-pid,phi2,v,19.90560201700282,pid,,3168218.0,1.5242233366161133,-0.13171123517358174,-0.9613190546894252,0.08980287123381461,-0.26038648084951105,0.60727675,nan,-1.2386873332057942,2.8625481438195637,2.793242041020223,-0.06930610279934069,-1.2386873332057942,2.7590099892697095,9.177079837513939e-05,0.0,0.2957251872986915,0
single-axis-pid,phi2,v,20.139829193001788,pid,,3168444.0,1.4743498376088746,-0.13135192630795,-0.9477813969451508,0.185122081010258,-0.2596925850445672,0.57532225,nan,-0.9514975959865222,2.817002131772689,2.793242041020223,-0.023760090752466212,-0.9514975959865222,2.753473589341212,0.00015229125012582463,0.0,0.29587747854881735,0
single-axis-pid,phi2,v,20.374047090001113,pid,,3168735.0,1.5285637391080815,-0.0385604485838738,-0.9934731912058286,0.08411401591722961,-0.0770444721026969,0.69892285,nan,-0.7415592415332561,3.0272779909298295,2.793242041020223,-0.23403594990960652,-0.7415592415332561,2.6987389721779236,-0.00013248560566481705,0.0,0.29574499294315254,0
single-axis-pid,phi2,v,20.60577878999902,pid,,3168929.0,1.561694509953432,-0.1140196614770941,-0.9739501211868165,0.017731389838486492,-0.22606804120569798,0.6410007,nan,-1.4925227107597776,2.91284051490041,2.793242041020223,-0.11959847388018696,-1.4925227107597776,2.6707276155558803,1.863360894451379e-05,0.0,0.29576362655209704,0
single-axis-pid,phi2,v,20.837038033998397,pid,,3169160.0,-1.4646784957264989,-0.09893711685797525,-0.9584869441129594,-0.20653552405121384,-0.19658549099537143,0.6330663,nan,-2.380871976152498,2.8524439000213304,2.793242041020223,-0.059201859001107415,-2.380871976152498,2.6570043364446168,9.84606016617925e-05,0.0,0.29586208715375883,0
single-axis-pid,phi2,v,21.069905958000163,pid,,3169388.0,-1.5401708179806446,-0.09930557279319616,-0.9785031627472812,-0.060009378719383055,-0.19730796983214166,0.6451401999999999,nan,-1.8660475612711622,2.9338702386242206,2.793242041020223,-0.14062819760399758,-1.8660475612711622,2.624478954617018,-1.2572555968414072e-05,0.0,0.2958495145977904,0
single-axis-pid,phi2,v,21.30372907400306,pid,,3169613.0,-1.533986707781149,-0.04168321307707127,-0.9938277663420192,-0.07329730948778006,-0.08326989413638873,0.6059816,nan,-2.2925851862072473,3.030429768229362,2.793242041020223,-0.23718772720913917,-2.2925851862072473,2.569197234856475,-0.0001453584488226754,0.0,0.2957041561489677,0
single-axis-pid,phi2,v,21.543605070000922,pid,,3169900.0,1.51273406193974,0.016955039091401003,-0.9926941003906135,0.11579710847576989,0.03390357972724381,0.6439945,nan,0.2848238452210996,3.0206396626389815,2.793242041020223,-0.22739762161875854,0.2848238452210996,2.51603280495344,-0.00013582382212123654,0.0,0.2955683323268465,0
single-axis-pid,phi2,v,21.773900624000817,pid,,3170088.0,-1.4702855606595422,-0.06322265597851526,-0.9720403205288283,-0.1980763154276688,-0.12610863781998227,0.48560215,nan,-2.5746475985858805,2.904565438538093,2.793242041020223,-0.1113233975178698,-2.5746475985858805,2.4893300458792464,1.7571036778594484e-05,0.0,0.29558590336362506,0
single-axis-pid,phi2,v,22.00718288600183,pid,,3170313.0,-1.557634760338844,-0.07326492540482758,-0.9889409749866869,-0.026038038987287397,-0.14600605644314046,0.58245425,nan,-1.7472763757915173,2.9927338680703732,2.793242041020223,-0.19949182705015023,-1.7472763757915173,2.443431731961375,-0.00010336954713962262,0.0,0.2954825338164854,0
single-axis-pid,phi2,v,22.240325204002147,pid,,3170600.0,1.5064784346034694,-0.05178959039663517,-0.9864225722187293,0.1275937907348371,-0.10339406938166347,0.71526695,nan,-0.6810127575461227,2.9766183287049395,2.793242041020223,-0.18337628768471648,-0.6810127575461227,2.400603778574035,-8.468749583789973e-05,0.0,0.29539784632064753,0
single-axis-pid,phi2,v,22.472288377997756,pid,,3170787.0,1.4159521383346236,-0.12162597063359809,-0.9243889419484522,0.2957896164104844,-0.24086009803859054,0.62155015,nan,-0.6833970166896264,2.750226869146378,2.793242041020223,0.04301517187384496,-0.6833970166896264,2.4106215089120506,0.0002186452269541655,0.0,0.29561649154760167,0
single-axis-pid,phi2,v,22.707308680997812,pid,,3171013.0,1.4623416930005946,-0.14812792957323453,-0.9340243531153181,0.20583689282715206,-0.291941229254751,0.6263507500000001,nan,-0.956680603276348,2.7763142615215655,2.793242041020223,0.016927779498657536,-0.956680603276348,2.414550383663845,0.00018403157831526433,0.0,0.2958005231259169,0
single-axis-pid,phi2,v,22.93911843800015,pid,,3171313.0,1.468698027020077,-0.1170341804454652,-0.9525215974845034,0.19725086290500032,-0.23193685220077181,0.77086395,nan,-0.8660406546709285,2.8322096132033474,2.793242041020223,-0.03896757218312441,-0.8660406546709285,2.405398593553548,0.00010869324547437309,0.0,0.2959092163713913,0
single-axis-pid,phi2,v,23.171718087003683,pid,,3171478.0,1.5087457923239318,-0.1869840913507821,-0.9237259327013753,0.11522752651397151,-0.3653122204203499,0.7778026,nan,-1.2652516036216646,2.7484923905138285,2.793242041020223,0.044749650506394456,-1.2652516036216646,2.4157720426152127,0.000221308341895185,0.0,0.2961305247132865,0
single-axis-pid,phi2,v,23.40570222400129,pid,,3171710.0,1.5159747971938307,-0.17671671199502365,-0.9325562400749161,0.1026600283941384,-0.34612104482023376,0.7393293000000001,nan,-1.282460311759707,2.772226148576016,2.793242041020223,0.021015892444207207,-1.282460311759707,2.420665372062684,0.00018990573959902523,0.0,0.29632043045288553,0
single-axis-pid,phi2,v,23.63803530400037,pid,,3171936.0,-1.5312609470060963,-0.10144304604387139,-0.9764287403152835,-0.07736826966263603,-0.2014970618538102,0.7562406500000001,nan,-1.937405412685775,2.924040605089822,2.793242041020223,-0.130798564069599,-1.937405412685775,2.3900550460936882,-1.5101387940422668e-05,0.0,0.2963053290649451,0
single-axis-pid,phi2,v,23.871030975002213,pid,,3172196.0,1.543978847002738,-0.04660998410376701,-0.9942263982637846,0.053376485377104016,-0.09308501385405796,0.69985765,nan,-1.0501528831061258,3.034082969820676,2.793242041020223,-0.24084092880045294,-1.0501528831061258,2.3340995747695965,-0.00016595754056928226,0.0,0.2961393715243758,0
single-axis-pid,phi2,v,24.10232022400305,pid,,3172419.0,1.5508324981873014,-0.09442822844029128,-0.981436729330551,0.03920730651726515,-0.18773580755042926,0.6506317500000001,nan,-1.3649125354366918,2.948610845209955,2.793242041020223,-0.15536880418973187,-1.3649125354366918,2.297936137459783,-5.410707480999684e-05,0.0,0.2960852644495658,0
single-axis-pid,phi2,v,24.33568731300329,pid,,3172642.0,-1.489360321603345,-0.06869140194050115,-0.9774681615553764,-0.16062503848302806,-0.13695105022554013,0.5665861,nan,-2.4355833671885083,2.9289099579333984,2.793242041020223,-0.13566791691317537,-2.4355833671885083,2.2665645348606813,-2.986596578884309e-05,0.0,0.29605539848377693,0
single-axis-pid,phi2,v,24.575703401998908,pid,,3172930.0,-1.5476235603119985,-0.03726863768621101,-0.9961526026043113,-0.04620030602936604,-0.0744682754429701,0.7064947500000001,nan,-2.1260827585970756,3.053844525316146,2.793242041020223,-0.2606024842959229,-2.1260827585970756,2.205645378609279,-0.00020096332470522903,0.0,0.2958544351590717,0
single-axis-pid,phi2,v,24.809852147998754,pid,,3173118.0,-1.448524492849618,-0.10556536210130531,-0.948703146776663,-0.236737360410987,-0.20956564957477097,0.6524812,nan,-2.4170011915719387,2.819904872287169,2.793242041020223,-0.026662831266945908,-2.4170011915719387,2.1992472818704893,0.00011136327221540286,0.0,0.2959657984312871,0
single-axis-pid,phi2,v,25.042928921997373,pid,,3173344.0,1.5588222693382279,-0.09489101874577158,-0.9817637819016894,0.023515887588164672,-0.18864485038567233,0.7293766,nan,-1.446779140175552,2.9503236501620838,2.793242041020223,-0.15708160914186076,-1.446779140175552,2.1624784535343786,-6.545160554747223e-05,0.0,0.2959003468257396,0
single-axis-pid,phi2,v,25.272520133999933,pid,,3173595.0,-1.5482542110943571,-0.17426973254969425,-0.9389174999774762,-0.04235907724146182,-0.341525455583179,0.61270135,nan,-1.6941951934364758,2.7902675117444424,2.793242041020223,0.0029745292757805686,-1.6941951934364758,2.163171465480695,0.00014857401394030966,0.0,0.29604892083967993,0
single-axis-pid,phi2,v,25.503951589998906,pid,,3173820.0,1.5043236704072276,-0.16110233465956889,-0.9401694747330844,0.1257327518501016,-0.31665854463809623,0.64074255,nan,-1.1928261530799233,2.7939237119644837,2.793242041020223,-0.0006816709442607483,-1.1928261530799233,2.1630151008390026,0.00014367558209512927,0.0,0.29619259642177503,0
single-axis-pid,phi2,v,25.736341574003745,pid,,3174046.0,1.5000777431407604,-0.2103291989187572,-0.9037052402155793,0.12867669218797972,-0.4083615404203266,0.59268705,nan,-1.2655401413837453,2.6991422869599733,2.793242041020223,0.09409975406024973,-1.2655401413837453,2.184820466940881,0.00027184659479476467,0.0,0.2964644430165698,0
single-axis-pid,phi2,v,25.97114236299967,pid,,3174334.0,1.53437986491715,-0.051629642012231414,-0.992036471670321,0.07238094681692787,-0.10307588182395247,0.6995113,nan,-0.9585884734855501,3.0153063086144143,2.793242041020223,-0.2220642675941913,-0.9585884734855501,2.133275439214548,-0.0001542790982486919,0.0,0.29631016391832116,0
single-axis-pid,phi2,v,26.20464947399887,pid,,3174522.0,1.5658199461909952,-0.1556370695877309,-0.951896961616209,0.009474315989343634,-0.3062717940038941,0.5967789,nan,-1.5398718479098235,2.8301646089018853,2.793242041020223,-0.03692256788166226,-1.5398718479098235,2.124595424311306,9.265690562071236e-05,0.0,0.29640282082394187,0
single-axis-pid,phi2,v,26.43291891500121,pid,,3174749.0,1.4241897851906795,-0.1439900175263538,-0.9178972524866363,0.2771272848121849,-0.2840160240023621,0.6465307,nan,-0.7976738032457096,2.7335448854590325,2.793242041020223,0.059697155561190485,-0.7976738032457096,2.1385172198832,0.00022275856442840062,0.0,0.29662557938837025,0
single-axis-pid,phi2,v,26.67098472300131,pid,,3174973.0,1.5145353995332964,-0.14088402254435853,-0.9544908011034553,0.10785665682599795,-0.2780544050850537,0.5528376500000001,nan,-1.2007663283063639,2.838744072859121,2.793242041020223,-0.045502031838898116,-1.2007663283063639,2.12813118036089,8.1423355080781e-05,0.0,0.296707002743451,0
single-axis-pid,phi2,v,26.902742801001295,pid,,3175223.0,1.4096092341251403,-0.12190809026174265,-0.9204332840010735,0.3074490169999269,-0.24140768763396495,0.6426289999999999,nan,-0.6656486003767275,2.7399837971023024,2.793242041020223,0.053258243917920556,-0.6656486003767275,2.140815271740066,0.00021430398710392106,0.0,0.29692130673055495,0
single-axis-pid,phi2,v,27.136750953002775,pid,,3175447.0,1.419211275896266,-0.15577020306695047,-0.9084527033984031,0.28417592104032213,-0.30652525440657846,0.5324819000000001,nan,-0.8232153864470377,2.7103635920573748,2.793242041020223,0.08287844896284824,-0.8232153864470377,2.160039654489665,0.0002551883396374507,0.0,0.2971764950701924,0
single-axis-pid,phi2,v,27.37275795500318,pid,,3175733.0,1.4950421161326366,-0.025743526406338726,-0.9872345523244334,0.15072943877888267,-0.05146430784707648,0.6877462999999999,nan,-0.32902425849048944,2.981638285390427,2.793242041020223,-0.18839624437020408,-0.32902425849048944,2.115941853521899,-0.00011042693161344407,0.0,0.29706606813857894,0
single-axis-pid,phi2,v,27.60870069899829,pid,,3175920.0,1.4690544160622445,-0.14596091835340191,-0.9379339219425662,0.19353290073772994,-0.2877932841493633,0.6016217,nan,-0.9787854666254936,2.787420508703416,2.793242041020223,0.005821532316807154,-0.9787854666254936,2.1173142890917136,0.00014931485019352856,0.0,0.2972153829887725,0
single-axis-pid,phi2,v,27.83836884199991,pid,,3176145.0,1.5173176636559644,-0.10297266703275307,-0.9732743820036714,0.10449760954616703,-0.20449260850824924,0.6416747,nan,-1.0983801768561952,2.9098793960316827,2.793242041020223,-0.11663735501145966,-1.0983801768561952,2.0898058457257083,-1.6239426644773873e-05,0.0,0.29719914356212773,0
single-axis-pid,phi2,v,28.07266564600286,pid,,3176431.0,1.480256706861708,-0.02679290557221224,-0.9822379964765192,0.179832773590824,-0.053560170093316185,0.6944323,nan,-0.28946771928739645,2.9528344194920644,2.793242041020223,-0.15959237847184138,-0.28946771928739645,2.0531045575320306,-7.611936328752062e-05,0.0,0.29712302419884024,0
single-axis-pid,phi2,v,28.307201556999644,pid,,3176618.0,1.5396528943437815,-0.09272708310961982,-0.9809466594810496,0.06117923059917785,-0.18439293098235138,0.59345045,nan,-1.2504378574684956,2.9460720418999156,2.793242041020223,-0.15283000087969256,-1.2504378574684956,2.0172918994528755,-6.947263024702219e-05,0.0,0.2970535515685932,0
single-axis-pid,phi2,v,28.540675835996808,pid,,3176905.0,1.5083760881037653,-0.025362477410651812,-0.990941318417838,0.12435629644762597,-0.05070320489029527,0.67810905,nan,-0.3871483037461809,3.0068900824544196,2.793242041020223,-0.21364804143419658,-0.3871483037461809,1.967196567912163,-0.00015412898747671193,0.0,0.2968994225811165,0
single-axis-pid,phi2,v,28.77225295399694,pid,,3177092.0,-1.5545605746265,-0.0997477013746604,-0.9796500032707728,-0.031821894436256964,-0.1981747666229548,0.59413195,nan,-1.7300120940016481,2.93950656232101,2.793242041020223,-0.14626452130078693,-1.7300120940016481,1.9330395660750255,-6.632708424163436e-05,0.0,0.29683309549687487,0
single-axis-pid,phi2,v,29.006122664999566,pid,,3177316.0,1.5245859203782146,-0.12119364836038994,-0.9666247329366454,0.089591473939883,-0.24002081883127976,0.5544663,nan,-1.2135472427371332,2.8825073829882206,2.793242041020223,-0.08926534196799762,-1.2135472427371332,1.9123941722729334,8.49516243973582e-06,0.0,0.2968415906593146,0
single-axis-pid,phi2,v,29.239800395000202,pid,,3177603.0,1.5288998902287954,-0.040615749113825934,-0.9932055358409135,0.08341887170112258,-0.08114219259470042,0.7005002,nan,-0.7715641870665619,3.0249549902547717,2.793242041020223,-0.23171294923454866,-0.7715641870665619,1.858185247563412,-0.00018556686021360577,0.0,0.296656023799101,0
single-axis-pid,phi2,v,29.47192670399818,pid,,3177791.0,1.5210092168153202,-0.10504029094115301,-0.9731696009017367,0.09722414310820973,-0.20853871074126534,0.5817153,nan,-1.1345390693420758,2.909423562723899,2.793242041020223,-0.1161815217036759,-1.1345390693420758,1.8310086172880926,-3.2929342830850415e-05,0.0,0.29662309445627016,0
single-axis-pid,phi2,v,29.70426837699779,pid,,3178017.0,1.4548805595686785,-0.07702675531059507,-0.9617212484896106,0.2270394384088727,-0.15344488786065283,0.6178077500000001,nan,-0.5943342350636076,2.864012085487347,2.793242041020223,-0.0707700444671242,-0.5943342350636076,1.8145865337047862,2.6683594774865164e-05,0.0,0.29664977805104503,0
single-axis-pid,phi2,v,29.935457466002845,pid,,3178243.0,1.4614971073090453,-0.05970775672438466,-0.9692502657499892,0.21531723547697462,-0.11913190357804432,0.56008305,nan,-0.5053621651989273,2.892961881460235,2.793242041020223,-0.09971984044001214,-0.5053621651989273,1.7914425938302507,-1.3566489944199942e-05,0.0,0.2966362115611008,0
single-axis-pid,phi2,v,30.166636014997493,pid,,3178530.0,1.478239900610922,0.039596791819852914,-0.9798348580967791,0.18348059106583905,0.07911083086780978,0.64000755,nan,0.40708278643338813,2.9404296307626323,2.793242041020223,-0.1471875897424093,0.40708278643338813,1.7574168489572648,-7.930064973650246e-05,0.0,0.2965569109113643,0
single-axis-pid,phi2,v,30.39745096200204,pid,,3178718.0,1.512745661776675,-0.04373838328349796,-0.9894698963383042,0.11539773953996306,-0.08736524451595373,0.5350140999999999,nan,-0.6480165120371213,2.9963436519020172,2.793242041020223,-0.20310161088179424,-0.6480165120371213,1.7104520547041453,-0.00015719155494312102,0.0,0.2963997193564212,0
single-axis-pid,phi2,v,30.637779315002263,pid,,3178942.0,1.5635998655069536,-0.04491788823240338,-0.9958643211064431,0.014334387902648517,-0.08971498910806172,0.5328196000000001,nan,-1.4123585483871213,3.05061427504248,2.793242041020223,-0.25737223402225684,-1.4123585483871213,1.6510628511481034,-0.0002337159094491087,0.0,0.2961660034469721,0
single-axis-pid,phi2,v,30.871385942002235,pid,,3179229.0,1.4809218785790341,0.028275352702523827,-0.9823158067719812,0.1784967256311937,0.056520568865272444,0.6458971499999999,nan,0.30665903661495,2.953249550658949,2.793242041020223,-0.16000750963872612,0.30665903661495,1.6125628925473487,-0.00010612239389685007,0.0,0.29605988105307524,0
single-axis-pid,phi2,v,31.103073876001872,pid,,3179416.0,-1.545444957091713,-0.06521316330261108,-0.9902323435972724,-0.05025056069177762,-0.1300568600421184,0.5417463499999999,nan,-1.9395010559435097,3.0017098516702285,2.793242041020223,-0.20846781065000553,-1.9395010559435097,1.5638504245742124,-0.0001741652327026617,0.0,0.2958857158203726,0
single-axis-pid,phi2,v,31.336105244001374,pid,,3179641.0,1.5066689640872937,-0.10847503305921659,-0.9685376596484201,0.12490515017906104,-0.21525219000397483,0.54721305,nan,-1.0450078736893573,2.8900823417069157,2.793242041020223,-0.09684030068669269,-1.0450078736893573,1.5414429844385173,-2.6428071779818236e-05,0.0,0.29585928774859277,0
single-axis-pid,phi2,v,31.570655682997312,pid,,3179928.0,1.4888260273020788,-0.016981938360237897,-0.9860228265684124,0.16311310202198445,-0.03395734728750049,0.68347615,nan,-0.20525114263941902,2.9742017603544855,2.793242041020223,-0.18095971933426247,-0.20525114263941902,1.499222275232832,-0.00014170969711693824,0.0,0.2957175780514758,0
single-axis-pid,phi2,v,31.801361833000556,pid,,3180115.0,1.4662438897901187,-0.10621832488250979,-0.956226866442223,0.20291787337052475,-0.2108423974462218,0.5808546,nan,-0.8045482749455188,2.8446203909061674,2.793242041020223,-0.05137834988594436,-0.8045482749455188,1.487171804535936,3.072231828696615e-05,0.0,0.2957483003697628,0
single-axis-pid,phi2,v,32.03932588799944,pid,,3180340.0,1.530524054710173,-0.07345668891990509,-0.9860205911546251,0.07959076654588126,-0.14638546273357367,0.54556425,nan,-1.0727976093924338,2.9741883438651735,2.793242041020223,-0.1809463028449505,-1.0727976093924338,1.4454311600700107,-0.00014528743177844464,0.0,0.29560301293798436,0
single-axis-pid,phi2,v,32.27222959500068,pid,,3180589.0,1.4331575077232925,-0.0786867323461472,-0.9504573702923896,0.26845514376265284,-0.15672467273613483,0.55673975,nan,-0.5284241194678843,2.825500260457134,2.793242041020223,-0.032258219436910984,-0.5284241194678843,1.4377544186861984,5.2980740866861143e-05,0.0,0.2956559936788512,0
single-axis-pid,phi2,v,32.50483362899831,pid,,3180813.0,-1.5520721546659637,-0.12644962341492874,-0.9675122595861728,-0.03624867854409953,-0.2502120317935666,0.51532075,nan,-1.7146672296345775,2.8859945731508434,2.793242041020223,-0.0927525321306204,-1.7146672296345775,1.416178222077092,-2.933646034825826e-05,0.0,0.29562665721850295,0
single-axis-pid,phi2,v,32.735916530000395,pid,,3181100.0,1.5048918886397853,-0.029223493651808145,-0.9896330520785865,0.13120312472431886,-0.058413716678503536,0.6933608499999999,nan,-0.4188683465736003,2.997475271750912,2.793242041020223,-0.2042332307306891,-0.4188683465736003,1.3686140521025911,-0.00018155460653869517,0.0,0.29544510261196427,0
single-axis-pid,phi2,v,32.970122459002596,pid,,3181287.0,1.499884383580527,-0.11686725677791919,-0.9630410705696762,0.13750539454914298,-0.23161209568132754,0.5802077999999999,nan,-1.0350306977457242,2.8688698617024637,2.793242041020223,-0.07562782068224072,-1.0350306977457242,1.3511417081370063,-1.0789778273101924e-05,0.0,0.29543431283369115,0
single-axis-pid,phi2,v,33.20372341499751,pid,,3181511.0,1.4423319721525087,-0.16317396466967773,-0.9161269699331008,0.2406991489333119,-0.32058586160960784,0.5655834,nan,-0.9267768635742648,2.7291064612092546,2.793242041020223,0.0641355798109684,-0.9267768635742648,1.3661642039799453,0.0001770643044400526,0.0,0.2956113771381312,0
single-axis-pid,phi2,v,33.43637175200274,pid,,3181797.0,1.5069537350086835,-0.08389488762770783,-0.9779299317955711,0.1255502084743175,-0.16700357376524982,0.7021979,nan,-0.9261559894668685,2.931108779054843,2.793242041020223,-0.1378667380346199,-0.9261559894668685,1.3339542322573843,-9.514597974049836e-05,0.0,0.2955162311583907,0
single-axis-pid,phi2,v,33.67642323399923,pid,,3181984.0,1.5273175188900143,-0.1787095462840197,-0.9332632471146856,0.08135952045816236,-0.34985759962557805,0.64152085,nan,-1.3423070415475429,2.7741894622836716,2.793242041020223,0.019052578736551418,-1.3423070415475429,1.3383813567654288,0.00011493562515231275,0.0,0.295631166783543,0
single-axis-pid,phi2,v,33.909009454000625,pid,,3182271.0,1.4697944861405587,-0.083079548786393,-0.9661738954748281,0.1978694198247812,-0.16539557551881592,0.71783955,nan,-0.6962407884253188,2.8807534520674447,2.793242041020223,-0.08751141104722171,-0.6962407884253188,1.3173734649168225,-2.893420910630493e-05,0.0,0.2956022325744367,0
single-axis-pid,phi2,v,34.142258628999116,pid,,3182458.0,1.5414776354564457,-0.13120113106955206,-0.9641097676486129,0.05659775575458139,-0.25940132992735826,0.6635677,nan,-1.355976871370137,2.8728660421515637,2.793242041020223,-0.07962400113134072,-1.355976871370137,1.298846369994659,-1.9627963855305143e-05,0.0,0.2955826046105814,0
single-axis-pid,phi2,v,34.37553287100309,pid,,3182682.0,1.5232935476305387,-0.1323959896227516,-0.9607945025163167,0.09155644859810064,-0.26170850321402783,0.5694229,nan,-1.234262876142259,2.860649995693669,2.793242041020223,-0.06740795467344585,-1.234262876142259,1.2831108364956698,-4.348155687457743e-06,0.0,0.29557825645489394,0
single-axis-pid,phi2,v,34.607033986001625,pid,,3182968.0,1.5318993909286995,-0.023292430507187285,-0.9958939852124152,0.07763111706736929,-0.046568013492162004,0.6806133000000001,nan,-0.5403185572574967,3.050941368312488,2.793242041020223,-0.25769932729226497,-0.5403185572574967,1.2230589135772216,-0.0002627631567170336,0.0,0.2953154932981769,0
single-axis-pid,phi2,v,34.83975829499832,pid,,3183158.0,1.5206420272852503,-0.08030612123666422,-0.982167562122428,0.09885161699524049,-0.15992259919071206,0.6322357999999999,nan,-1.0171585557025642,2.9524594166024625,2.793242041020223,-0.15921737558223947,-1.0171585557025642,1.1861933509807556,-0.00013356676692631364,0.0,0.2951819265312506,0
single-axis-pid,phi2,v,35.073380378002184,pid,,3183383.0,1.542495593906507,-0.08058694764737552,-0.9854589002364036,0.05583806090373788,-0.1604769980382491,0.57427485,nan,-1.2359484569709367,2.9708502882990406,2.793242041020223,-0.17760824727881763,-1.2359484569709367,1.1448275184882575,-0.00016091865350870217,0.0,0.2950210078777419,0
single-axis-pid,phi2,v,35.303341692000686,pid,,3183671.0,1.4934939423133824,0.023081795099440472,-0.9870198270837398,0.15382554171289767,0.04614719558454071,0.63606965,nan,0.29145400966148394,2.9802957141467297,2.793242041020223,-0.18705367312650667,0.29145400966148394,1.1011326010508735,-0.00017646704778137435,0.0,0.29484454082996053,0
single-axis-pid,phi2,v,35.53543175000232,pid,,3183900.0,1.5381413143828262,0.009884396010831208,-0.9976730786568762,0.06525085357460218,0.019767504422573683,0.6524767,nan,0.29415762193775663,3.073360339681112,2.793242041020223,-0.2801182986608892,0.29415762193775663,1.0367774037696742,-0.0003051871153596392,0.0,0.2945393537146009,0
single-axis-pid,phi2,v,35.76739191600063,pid,,3184088.0,1.482124161491267,-0.041681956745685485,-0.9808973750219496,0.1758035306937005,-0.08326739019975268,0.5649199,nan,-0.44233721208958743,2.945818523100729,2.793242041020223,-0.152576482080506,-0.44233721208958743,1.0013255724794206,-0.00013704604701869288,0.0,0.2944023076675822,0
single-axis-pid,phi2,v,35.99994878000143,pid,,3184317.0,1.4700193090729912,-0.07510402556804975,-0.9687245618582221,0.19793797803967358,-0.14964384418398674,0.61577315,nan,-0.6473388477921498,2.8908344548370932,2.793242041020223,-0.09759241381687023,-0.6473388477921498,0.9787127250992469,-6.504931997676388e-05,0.0,0.29433725834760543,0
single-axis-pid,phi2,v,36.23271574899991,pid,,3184543.0,1.4070472270286682,-0.09963292409563024,-0.9281139620712875,0.31530995235653875,-0.19794975966960393,0.658304,nan,-0.5606061056986378,2.760110788571676,2.793242041020223,0.03313125244854698,-0.5606061056986378,0.9864256989575793,0.00011023092273572857,0.0,0.29444748927034115,0
single-axis-pid,phi2,v,36.46389921700029,pid,,3184829.0,1.5246079651421365,-0.025824253450445957,-0.9944085017202394,0.09212238908868677,-0.05162554731042825,0.6825799,nan,-0.510794102263417,3.035793628336732,2.793242041020223,-0.24255158731650894,-0.510794102263417,0.9300348830902141,-0.0002620993337056318,0.0,0.2941853899366355,0
single-axis-pid,phi2,v,36.7038461810007,pid,,3185016.0,1.4740022504495758,-0.11205250920007372,-0.9567807700932642,0.18757045035668915,-0.2222338501055345,0.6175908999999999,nan,-0.8697825499208132,2.8465191526808065,2.793242041020223,-0.053277111660583465,-0.8697825499208132,0.9177048687561596,-9.882199877244423e-06,0.0,0.29417550773675827,0
single-axis-pid,phi2,v,36.9346824259992,pid,,3185240.0,1.5433098826224043,-0.09918834730167539,-0.9789067854319915,0.053867607318872926,-0.19707812237015207,0.64027105,nan,-1.303982210881421,2.935836543241332,2.793242041020223,-0.14259450222110903,-1.303982210881421,0.8835249607276295,-0.0001315755138093817,0.0,0.2940439322229489,0
single-axis-pid,phi2,v,37.168723827002395,pid,,3185526.0,1.526331515684273,-0.04725347220094464,-0.99160354206753,0.0884161303673085,-0.09436632476683336,0.69182765,nan,-0.8179400934937009,3.011914325430617,2.793242041020223,-0.2186722844103941,-0.8179400934937009,0.8330430464366408,-0.00023665848400886914,0.0,0.29380727373894,0
single-axis-pid,phi2,v,37.40364828499878,pid,,3185713.0,1.5397886896646122,-0.1714244550243641,-0.9399903135276778,0.058368602778817426,-0.3361715584099679,0.5665020000000001,nan,-1.3988827568616864,2.793398241874004,2.793242041020223,-0.00015620085378120763,-1.3988827568616864,0.8330064835285715,5.547355662293784e-05,0.0,0.29386274729556294,0
single-axis-pid,phi2,v,37.6358878730025,pid,,3185937.0,1.4834951649346328,-0.11168438348966904,-0.9603301724184062,0.16940083820916121,-0.22151594966698854,0.7217814499999999,nan,-0.917931782790876,2.8589801252361204,2.793242041020223,-0.06573808421589744,-0.917931782790876,0.8175449865687342,-3.323648799853888e-05,0.0,0.2938295108075644,0
single-axis-pid,phi2,v,37.86841835700034,pid,,3186237.0,1.473234884897781,-0.19041129650298808,-0.9107425225844524,0.17999686317629365,-0.37168425686757695,0.6334984,nan,-1.119808826371881,2.7158748249257756,2.793242041020223,0.07736721609444741,-1.119808826371881,0.8354859921561182,0.000159280473672384,0.0,0.2939887912812368,0
single-axis-pid,phi2,v,38.10049555099977,pid,,3186399.0,-1.5422873435259838,-0.11594243768721307,-0.9716533679692737,-0.05546181526905635,-0.22981235728530394,0.7549732,nan,-1.8076034222236577,2.9029231096487673,2.793242041020223,-0.10968106862854432,-1.8076034222236577,0.8099753915169261,-9.248992089706856e-05,0.0,0.29389630136033973,0
single-axis-pid,phi2,v,38.33338462899701,pid,,3186661.0,1.5175567739888518,-0.03976998588750592,-0.9911927239945098,0.10594200076787018,-0.0794561286097188,0.6824432,nan,-0.6434988617264259,3.0087752264728067,2.793242041020223,-0.2155331854525837,-0.6434988617264259,0.7599652340411925,-0.00023734670976524464,0.0,0.2936589546505745,0
single-axis-pid,phi2,v,38.567030737001915,pid,,3186885.0,1.5486755111199884,-0.1000619831485543,-0.9790829696429986,0.04334451121567709,-0.19879082449278526,0.5820183,nan,-1.356115536740494,2.9367006810158798,2.793242041020223,-0.14345863999565678,-1.356115536740494,0.7265165186782188,-0.00014322602217228282,0.0,0.29351572862840225,0
single-axis-pid,phi2,v,38.80050119599764,pid,,3187110.0,1.5152998152584607,-0.0966777830739394,-0.9753262435415045,0.10870115481668927,-0.19215300570310118,0.6157785499999999,nan,-1.0559785435450157,2.918990339493755,2.793242041020223,-0.12574829847353186,-1.0559785435450157,0.6971332271386045,-0.00012151316799570429,0.0,0.29339421546040656,0
single-axis-pid,phi2,v,39.03319834300055,pid,,3187397.0,1.4778077335534414,-0.0533791158086409,-0.97716095590064,0.1838542361040336,-0.10655555419568633,0.7091448,nan,-0.5252585314248321,2.9274594497680484,2.793242041020223,-0.1342174087478254,-0.5252585314248321,0.665829058397169,-0.00013492806395287986,0.0,0.2932592873964537,0
single-axis-pid,phi2,v,39.26486770000338,pid,,3187585.0,1.4766842300565384,-0.11349069483706527,-0.9571412229912356,0.18231528021467097,-0.22503736989906326,0.60978775,nan,-0.8898935633500771,2.847761168912211,2.793242041020223,-0.054519127891988095,-0.8898935633500771,0.6531296549916555,-2.92282035652137e-05,0.0,0.29323005919288847,0
single-axis-pid,phi2,v,39.497145811001246,pid,,3187810.0,1.5274804525874828,-0.1399250266713692,-0.9574925764161771,0.08315739388955981,-0.2762115384074458,0.5702323,nan,-1.2783635279087973,2.8489767573108873,2.793242041020223,-0.05573471629066429,-1.2783635279087973,0.6402334607192083,-3.171537263301933e-05,0.0,0.29319834382025545,0
single-axis-pid,phi2,v,39.733402218000265,pid,,3188034.0,1.496657367527275,-0.12309017204541801,-0.9592081390600973,0.1432810036936985,-0.2437012514153169,0.6628372,nan,-1.0392938360919124,2.854984045421729,2.793242041020223,-0.06174200440150601,-1.0392938360919124,0.6258889316988413,-4.0705386385292404e-05,0.0,0.29315763843387016,0
single-axis-pid,phi2,v,39.96722641999804,pid,,3188284.0,1.432750544621211,-0.1598114608177587,-0.9134002359620265,0.2587913508932613,-0.31420860212183127,0.61521655,nan,-0.8818125344811074,2.722356735093344,2.793242041020223,0.07088530592687903,-0.8818125344811074,0.6426282855969248,0.00013772321003292654,0.0,0.2932953616439031,0
single-axis-pid,phi2,v,40.20322355999815,pid,,3188511.0,1.504174542952632,-0.16685846424450917,-0.9364565715153883,0.1255205193462056,-0.32755715362162857,0.5800126999999999,nan,-1.20485442170774,2.783184977131432,2.793242041020223,0.010057063888790907,-1.20485442170774,0.6449845711766863,5.655934676221934e-05,0.0,0.2933519209906653,0
single-axis-pid,phi2,v,40.434663687003194,pid,,3188761.0,1.4443877488139232,-0.08634270817821904,-0.9538112833097238,0.2464123020197089,-0.17182844131401998,0.7542648000000001,nan,-0.60892562784856,2.836473894541503,2.793242041020223,-0.043231853521279895,-0.60892562784856,0.6347887788400042,-1.536422654217131e-05,0.0,0.2933365567641231,0
single-axis-pid,phi2,v,40.665685699997994,pid,,3189010.0,1.4166928618159353,-0.15793479080454634,-0.9057368731067301,0.2883427659137945,-0.3106431490312085,0.63503395,nan,-0.822611205767446,2.7039113938707793,2.793242041020223,0.08933064714944372,-0.822611205767446,0.6554398422022305,0.00016323920426288783,0.0,0.293499795968386,0
single-axis-pid,phi2,v,40.89853871899686,pid,,3189209.0,1.4060730661896919,-0.15330488498375197,-0.9020919660067597,0.30843116987196834,-0.30182825964026,0.66832435,nan,-0.7745787442042236,2.695389177273605,2.793242041020223,0.09785286374661784,-0.7745787442042236,0.6780520488072234,0.00017614408327349217,0.0,0.2936759400516595,0
single-axis-pid,phi2,v,41.133446633997664,pid,,3189458.0,1.4710277407365544,-0.10103416905848167,-0.9602156943232845,0.19418272466649986,-0.20069601345404733,0.6984774,nan,-0.8018910701438915,2.8585699013122334,2.793242041020223,-0.06532786029201043,-0.8018910701438915,0.6628288486919697,-4.303007102039824e-05,0.0,0.29363290998063907,0
single-axis-pid,phi2,v,41.366569559999334,pid,,3189682.0,1.4971982611877361,-0.15704079024774334,-0.9407957206667149,0.13949038066191674,-0.30894311074693037,0.6749082,nan,-1.1466888001655304,2.7957664751702618,2.793242041020223,-0.002524434150038779,-1.1466888001655304,0.6622353592645847,4.089225312791751e-05,0.0,0.293673802233767,0
single-axis-pid,phi2,v,41.59966062499734,pid,,3189957.0,1.5363123366502154,-0.1527131207586203,-0.9514515462968007,0.06572393164766763,-0.3006997170903218,0.60387435,nan,-1.3556104311165127,2.8287142571818804,2.793242041020223,-0.03547221616165741,-1.3556104311165127,0.6539699226275018,-3.7081905300084463e-06,0.0,0.29367009404323696,0
single-axis-pid,phi2,v,41.83034076500189,pid,,3190131.0,1.5022789318434726,-0.12382819724843072,-0.960401017117535,0.1324383908821736,-0.24513253341844438,0.6662766499999999,nan,-1.0754520322497951,2.859234282598274,2.793242041020223,-0.06599224157805095,-1.0754520322497951,0.6386071622025474,-4.553738384949724e-05,0.0,0.29362455665938747,0
single-axis-pid,phi2,v,42.064380361000076,pid,,3190405.0,1.4806793864718815,-0.1807642758683373,-0.9202061518562739,0.16767183445743397,-0.3537043878941104,0.6347023,nan,-1.1281273855193916,2.739403144325454,2.793242041020223,0.053838896694768934,-1.1281273855193916,0.6510404579326312,0.00011549615188629715,0.0,0.29374005281127374,0
single-axis-pid,phi2,v,42.29599001399765,pid,,3190630.0,1.4530307871799468,-0.1482446020437041,-0.929963309302468,0.22317752175597813,-0.2921644008671524,0.6392481,nan,-0.9184732451768465,2.7651093614089994,2.793242041020223,0.028132679611223566,-0.9184732451768465,0.657623708782785,8.156952904721944e-05,0.0,0.29382162234032094,0
single-axis-pid,phi2,v,42.531949263997376,pid,,3190892.0,1.461517192775539,-0.08290323254468171,-0.962822886095745,0.21384881857378987,-0.16504778945764298,0.7252444,nan,-0.6573056140229312,2.8680610042745385,2.793242041020223,-0.07481896325431547,-0.6573056140229312,0.6402902843443707,-5.722533306486442e-05,0.0,0.2937643970072561,0
single-axis-pid,phi2,v,42.76864911300072,pid,,3191079.0,1.452457334392949,-0.16121390152549492,-0.922027750969156,0.22239179490679975,-0.31687018793331134,0.6185528,nan,-0.9588373290579515,2.7440825544730894,2.793242041020223,0.049159486547133646,-0.9588373290579515,0.6518779925510088,0.00010929622640329336,0.0,0.29387369323365936,0
single-axis-pid,phi2,v,43.00331683699915,pid,,3191365.0,1.4935625561088404,-0.05587248010896374,-0.9819308777327814,0.1528944187632701,-0.11151254667512153,0.71411945,nan,-0.6301493337185087,2.951204620733856,2.793242041020223,-0.15796257971363303,-0.6301493337185087,0.6144915038037643,-0.00017010468190006354,0.0,0.2937035885517593,0
single-axis-pid,phi2,v,43.236931617000664,pid,,3191552.0,-1.5623631230110484,-0.11344115980956374,-0.9742338335700088,-0.016433383232207936,-0.2249408398735717,0.6463905999999999,nan,-1.6437232357833143,2.9140950392058387,2.793242041020223,-0.12085299818561568,-1.6437232357833143,0.5861310229306936,-0.00012238858437766924,0.0,0.29358119996738163,0
single-axis-pid,phi2,v,43.470119142999465,pid,,3191776.0,1.5586451888846025,-0.10061173597584046,-0.97953345030024,0.02380957958666441,-0.19986826577226707,0.6022186,nan,-1.4522287247627457,2.9389266893827357,2.793242041020223,-0.14568464836251271,-1.4522287247627457,0.5520612537506079,-0.00015786345160574166,0.0,0.2934233365157759,0
single-axis-pid,phi2,v,43.70302726399677,pid,,3192063.0,1.5260359893378854,-0.04982386627362795,-0.9910548354932963,0.0889576589199384,-0.09948290287702312,0.7118343,nan,-0.8411946385779303,3.007738012994007,2.793242041020223,-0.214495971973784,-0.8411946385779303,0.5020337033500226,-0.0002532015102841061,0.0,0.29317013500549177,0
single-axis-pid,phi2,v,43.9340837100026,pid,,3192251.0,-1.5640514856348846,-0.10947968321742196,-0.9760352059085093,-0.013167203555942709,-0.2172139534598324,0.57694165,nan,-1.631340829965537,2.9222247931207903,2.793242041020223,-0.1289827521005673,-1.631340829965537,0.4720347636909513,-0.000140884037891271,0.0,0.2930292509676005,0
single-axis-pid,phi2,v,44.1667586140029,pid,,3192476.0,-1.5149000493461224,-0.12314723926928058,-0.9637686221048969,-0.10819325033343662,-0.24381194316176302,0.56263535,nan,-1.9884464373937079,2.871584127313363,2.793242041020223,-0.07834208629313988,-1.9884464373937079,0.4539326273509485,-7.439249338084448e-05,0.0,0.29295485847421965,0
single-axis-pid,phi2,v,44.3990035809984,pid,,3192762.0,1.5097109694371451,-0.01815140599011802,-0.9918924722019536,0.12178673276690848,-0.03629483862835323,0.67499795,nan,-0.2896389644350492,3.0141681121547714,2.793242041020223,-0.22092607113454843,-0.2896389644350492,0.40246852540535705,-0.00026845336153504386,0.0,0.2926864051126846,0
single-axis-pid,phi2,v,44.6334247220002,pid,,3192949.0,1.4092531597613642,-0.1011624156828156,-0.9289174869288097,0.31101847627709495,-0.20094728137533666,0.6480949,nan,-0.5736246973838424,2.762274922526837,2.793242041020223,0.03096711849338618,-0.5736246973838424,0.40965246307741354,6.878323791327982e-05,0.0,0.2927551883505979,0
single-axis-pid,phi2,v,44.86399490600161,pid,,3193173.0,1.4341311255553868,-0.09127052699897426,-0.9468795960548463,0.2654548085594985,-0.18152899269166642,0.60741785,nan,-0.5997987586169762,2.814186245407964,2.793242041020223,-0.020944204387741028,-0.5997987586169762,0.4047384561201041,-9.455658230853314e-07,0.0,0.2927542427847748,0
single-axis-pid,phi2,v,45.09529926600226,pid,,3193461.0,1.5006048077685665,-0.03176202699169087,-0.9881653409671444,0.1396401749277972,-0.0634813394425603,0.7045508,nan,-0.4266781334456917,2.9875921589433565,2.793242041020223,-0.1943501179231335,-0.4266781334456917,0.35996861150170595,-0.00023576483921792203,0.0,0.29251847794555685,0
single-axis-pid,phi2,v,45.325946794997435,pid,,3193689.0,1.4835298804422512,-0.05397483355476411,-0.9790752819467099,0.17263735554859896,-0.10774013063922488,0.7196411,nan,-0.557940010844634,2.936662899904736,2.793242041020223,-0.14342085888451317,-0.557940010844634,0.32679576167896135,-0.00016989487696709692,0.0,0.29234858306858974,0
single-axis-pid,phi2,v,45.55847631399956,pid,,3193879.0,1.4316355402879803,-0.11680976169685024,-0.9353981473507375,0.2672787853232681,-0.23150023077510395,0.6542688,nan,-0.7137885412168794,2.78017971379948,2.793242041020223,0.013062327220743075,-0.7137885412168794,0.3298119832787441,3.950935226240321e-05,0.0,0.2923880924208521,0
single-axis-pid,phi2,v,45.79631750500266,pid,,3194135.0,1.468692186072375,-0.14326089194978617,-0.9393015959450617,0.19452467104642032,-0.28261752282783553,0.68226765,nan,-0.9679682761286186,2.791385312774646,2.793242041020223,0.0018567282455768108,-0.9679682761286186,0.33024372738788105,2.4557429905726807e-05,0.0,0.2924126498507578,0
single-axis-pid,phi2,v,46.03240801799984,pid,,3194385.0,1.4217873193322152,-0.139145663583924,-0.9191424763498888,0.28232926118734475,-0.27471311662678605,0.613884,nan,-0.7717265464094578,2.736694384634618,2.793242041020223,0.056547656385605105,-0.7717265464094578,0.34369213469370197,9.857277478395011e-05,0.0,0.29251122262554174,0
single-axis-pid,phi2,v,46.26458935499977,pid,,3194572.0,1.380148229163142,-0.19245087885231477,-0.8602728566120653,0.3448975644685389,-0.3754680841299125,0.7490359,nan,-0.827810218466901,2.6066009451288306,2.793242041020223,0.18664109589139244,-0.827810218466901,0.3877190666731673,0.00027543787567635436,0.0,0.2927866605012181,0
single-axis-pid,phi2,v,46.496359700999164,pid,,3194797.0,1.525540397200515,-0.17233435144422593,-0.9373347853930258,0.08507235658515351,-0.33788488311443976,0.72845255,nan,-1.3241439054323547,2.785696980421485,2.793242041020223,0.0075450605987379404,-1.3241439054323547,0.38947058565705733,3.6121193934233895e-05,0.0,0.29282278169515236,0
single-axis-pid,phi2,v,46.72862004600029,pid,,3195095.0,1.517587734610271,-0.10107588922405486,-0.9740950437557854,0.10405353755484542,-0.20077775537329082,0.70667205,nan,-1.0926537113372152,2.9134804889985877,2.793242041020223,-0.1202384479783647,-1.0926537113372152,0.3615733072823919,-0.00013657756886130488,0.0,0.29268620412629104,0
single-axis-pid,phi2,v,46.960130943996774,pid,,3195320.0,1.513036683243595,-0.07958425812837099,-0.9807787252017729,0.11380554391319682,-0.15849728819827447,0.71441495,nan,-0.9480730032687052,2.945209514723765,2.793242041020223,-0.15196747370354213,-0.9480730032687052,0.326318273063089,-0.00018135277708922876,0.0,0.2925048513492018,0
single-axis-pid,phi2,v,47.19292524999764,pid,,3195506.0,1.477984892969629,-0.1609477190373171,-0.9323412894006631,0.1750793336750693,-0.31636521142281543,0.64069935,nan,-1.0653396617986903,2.7716312152400584,2.793242041020223,0.0216108257801646,-1.0653396617986903,0.33132267530534376,5.1038835320548213e-05,0.0,0.2925558901845223,0
single-axis-pid,phi2,v,47.424761408998165,pid,,3195755.0,1.4602686080331038,-0.16380120656486202,-0.9237772585105521,0.20759852236358026,-0.3217738804986921,0.6647674,nan,-0.9978247628323631,2.748626403206834,2.793242041020223,0.044615637813389064,-0.9978247628323631,0.34170617307910384,8.248808923930055e-05,0.0,0.2926383782737616,0
single-axis-pid,phi2,v,47.65872443900298,pid,,3195954.0,1.5157273250955157,-0.10656625886085462,-0.971451149328267,0.10742842420314133,-0.21152257123536228,0.7237033500000001,nan,-1.1008633277725215,2.902069235579713,2.793242041020223,-0.10882719455949008,-1.1008633277725215,0.3164715640397719,-0.00012433667625723636,0.0,0.2925140415975044,0
single-axis-pid,phi2,v,47.892458861002524,pid,,3196229.0,-1.5647647597291017,-0.1566287810896562,-0.9512655533262616,-0.011475800619730752,-0.308159298180369,0.6032723,nan,-1.6080189587178484,2.828110551962019,2.793242041020223,-0.03486851094179588,-1.6080189587178484,0.3083055169057706,-2.600705960779827e-05,0.0,0.29248803453789657,0
single-axis-pid,phi2,v,48.1256850159989,pid,,3196453.0,-1.5364456660312622,-0.1729924083817453,-0.9385227170598432,-0.06457938506441809,-0.3391232999770305,0.6253084,nan,-1.7589736427132414,2.789122150844672,2.793242041020223,0.004119890175550811,-1.7589736427132414,0.30926749744363624,2.6180896847493267e-05,0.0,0.29251421543474404,0
single-axis-pid,phi2,v,48.35878682100156,pid,,3196727.0,1.5298592928873824,-0.16426841960445956,-0.9433448111707797,0.07740852019184818,-0.3226584699630156,0.64551695,nan,-1.3353378332989378,2.8033667238435385,2.793242041020223,-0.010124682823315467,-1.3353378332989378,0.3069028124154108,6.979237974807864e-06,0.0,0.29252119467271886,0
single-axis-pid,phi2,v,48.59035234100156,pid,,3196901.0,1.5419242615489412,-0.16960652194664,-0.9414450597169058,0.05442342937827028,-0.3327450824119568,0.6359059499999999,nan,-1.4086729093129666,2.797687196869214,2.793242041020223,-0.004445155848991078,-1.4086729093129666,0.30586695877029396,1.450296451512788e-05,0.0,0.29253569763723397,0
single-axis-pid,phi2,v,48.82942204600113,pid,,3197187.0,1.5387642613183141,-0.07516742474111639,-0.9866927163742867,0.06329823156794273,-0.14976921357309203,0.71133675,nan,-1.1709276140478766,2.978271480586419,2.793242041020223,-0.185029439566196,-1.1709276140478766,0.26307270960083284,-0.00022978102407292746,0.0,0.292305916613161,0
single-axis-pid,phi2,v,49.06175244200131,pid,,3197401.0,1.5445883249625016,-0.16464232884281388,-0.9449742865637263,0.049577187392975244,-0.3233662014242961,0.61183245,nan,-1.4186650115474655,2.808312321042836,2.793242041020223,-0.015070280022612792,-1.4186650115474655,0.25946587752909883,-2.8034639703524685e-06,0.0,0.29230311314919066,0
single-axis-pid,phi2,v,49.296473274000164,pid,,3197606.0,-1.5182970520854313,-0.13826766376327423,-0.956709102216322,-0.10082385799813337,-0.2730242542244396,0.6482129,nan,-1.9245475067807067,2.8462728103830113,2.793242041020223,-0.05303076936278828,-1.9245475067807067,0.24715659897530642,-5.437571460567902e-05,0.0,0.29224873743458496,0
single-axis-pid,phi2,v,49.52815724699758,pid,,3197835.0,1.5357803870044606,-0.12077458921289316,-0.9685884983564497,0.06794318438569427,-0.23920711642242054,0.6609336,nan,-1.2940499372371113,2.8902867035782123,2.793242041020223,-0.09704466255798927,-1.2940499372371113,0.2243812946450462,-0.00011474037235737774,0.0,0.2921339970622276,0
single-axis-pid,phi2,v,49.75839999400341,pid,,3198120.0,1.504522612249484,-0.05706120741524085,-0.984780602814098,0.13129996778424471,-0.11387485578896804,0.7085544500000001,nan,-0.714445278538725,2.9669034458885544,2.793242041020223,-0.17366140486833137,-0.714445278538725,0.18415276097465963,-0.00021985849115513647,0.0,0.29191413857107246,0
single-axis-pid,phi2,v,49.99268362500152,pid,,3198306.0,1.550162537386866,-0.11976801825474695,-0.970621078580377,0.04007793552684939,-0.2372519355018444,0.64925755,nan,-1.4034505357918958,2.898595070550674,2.793242041020223,-0.105353029530451,-1.4034505357918958,0.15989326878232474,-0.00013015854780420492,0.0,0.2917839800232683,0
single-axis-pid,phi2,v,50.222676593999495,pid,,3198530.0,1.460809581793712,-0.1122030439376326,-0.9514338666533727,0.21273260725387838,-0.22252738077814013,0.6514136500000001,nan,-0.8078976371534488,2.8286568232743203,2.793242041020223,-0.03541478225409733,-0.8078976371534488,0.15158684935860645,-3.7213241814884446e-05,0.0,0.2917467667814534,0
single-axis-pid,phi2,v,50.454594084003475,pid,,3198816.0,1.4848863365062768,-0.02765622848722404,-0.983768401470382,0.17071433218671228,-0.055284256840931814,0.6975577,nan,-0.31318303726703745,2.961172586024539,2.793242041020223,-0.16793054500431603,-0.31318303726703745,0.11300943313040884,-0.0002169524770443829,0.0,0.291529814304409,0
single-axis-pid,phi2,v,50.687329810003575,pid,,3199004.0,1.5420069314086948,-0.09207975109171519,-0.9814613318464797,0.05657389063011723,-0.18312031287955433,0.5668337999999999,nan,-1.2711545161131572,2.9487391682938235,2.793242041020223,-0.15549712727360054,-1.2711545161131572,0.0769049536885969,-0.0002027436286326648,0.0,0.29132707067577635,0
single-axis-pid,phi2,v,50.918627566003124,pid,,3199232.0,1.449530376799496,-0.06201039408387389,-0.9632770889441495,0.23831658031488928,-0.12370310207226826,0.60823425,nan,-0.4787873396847204,2.869747475381389,2.793242041020223,-0.07650543436116619,-0.4787873396847204,0.05912027671488807,-9.832833224058923e-05,0.0,0.29122874234353574,0
single-axis-pid,phi2,v,51.151410801001475,pid,,3199458.0,1.527535888176376,-0.029868525739090372,-0.9944823483177615,0.08625883324694468,-0.05970152905300072,0.5809242,nan,-0.6054182849725005,3.0364952393362725,2.793242041020223,-0.24325319831604952,-0.6054182849725005,0.002857210892913728,-0.0003250145805736976,0.0,0.290903727762962,0
single-axis-pid,phi2,v,51.385783830002765,pid,,3199683.0,1.526182990702847,-0.030614359018796684,-0.9941555028163197,0.08894134503414097,-0.06119046791411482,0.61148645,nan,-0.6026178038892809,3.0334242746826243,2.793242041020223,-0.24018223366240132,-0.6026178038892809,-0.05311865099805805,-0.0003246507140020998,0.0,0.2905790770489599,0
single-axis-pid,phi2,v,51.61975577600242,pid,,3199933.0,1.5353094907865312,-0.045649147230962465,-0.9933281160420023,0.0706187588178947,-0.09117151300415284,0.5608027,nan,-0.9117546853108589,3.0260131035650355,2.793242041020223,-0.2327710625448125,-0.9117546853108589,-0.10762218197445518,-0.00031838600073116045,0.0,0.29026069104822877,0
single-axis-pid,phi2,v,51.86054866300401,pid,,3200157.0,1.4691179584179166,-0.05983808972944918,-0.9723889122468462,0.20051349555302614,-0.11939070918836979,0.6296191,nan,-0.5370485957084989,2.906054572937939,2.793242041020223,-0.11281253191771601,-0.5370485957084989,-0.1340208058549761,-0.00015977787658447146,0.0,0.2901009131716443,0
single-axis-pid,phi2,v,52.092798295998364,pid,,3200406.0,1.5190622901974438,-0.09257900943344519,-0.9776505372522704,0.10151814849241421,-0.18410185370337587,0.6117165499999999,nan,-1.0668606247917833,2.929775693718071,2.793242041020223,-0.13653365269784778,-1.0668606247917833,-0.16692079899596607,-0.0001936898816034622,0.0,0.28990722329004087,0
single-axis-pid,phi2,v,52.32695392599999,pid,,3200630.0,1.4473996052615938,-0.07883412098425069,-0.9576726738753849,0.24126559664559274,-0.15701580043937222,0.6408981,nan,-0.5769378423390936,2.8496017513606544,2.793242041020223,-0.05635971034043141,-0.5769378423390936,-0.179996222713334,-8.737924373675203e-05,0.0,0.2898198440463041,0
single-axis-pid,phi2,v,52.5612348020004,pid,,3200880.0,1.5244308234681787,-0.1003229217754974,-0.975727819340067,0.09074046575235925,-0.19930225899603463,0.6205624,nan,-1.1435513690773702,2.9208166993047464,2.793242041020223,-0.1275746582845234,-1.1435513690773702,-0.2098668676756473,-0.00018458332156597973,0.0,0.28963526072473816,0
single-axis-pid,phi2,v,52.79374293999717,pid,,3201104.0,1.5160620466113794,-0.10325061070495777,-0.9728957506846911,0.10692896178055197,-0.20503671727816142,0.6219722999999999,nan,-1.090088157751369,2.908236350363606,2.793242041020223,-0.11499430934338317,-1.090088157751369,-0.23683699948612363,-0.00016956745443289198,0.0,0.28946569327030525,0
single-axis-pid,phi2,v,53.02811176999967,pid,,3201391.0,1.5232961618732612,-0.021941256724587375,-0.9945325193442887,0.09476617929132901,-0.04386843089541439,0.6927608000000001,nan,-0.43353977001423605,3.036974584818867,2.793242041020223,-0.24373254379864395,-0.43353977001423605,-0.29357386169266925,-0.00034547037588390013,0.0,0.28912022289442135,0
single-axis-pid,phi2,v,53.259266788001696,pid,,3201578.0,1.541684838275662,-0.12792688300715285,-0.9658082650935124,0.05629585955014093,-0.2530714746362584,0.6254199,nan,-1.3519099183398475,2.8793394285372225,2.793242041020223,-0.08609738751699947,-1.3519099183398475,-0.3137316663597674,-0.00013607514552164087,0.0,0.2889841477488997,0
single-axis-pid,phi2,v,53.49376899799972,pid,,3201802.0,-1.5570988748634258,-0.12026687739791961,-0.9708465467991818,-0.02660290313718654,-0.23822104884492823,0.63100815,nan,-1.6820087324878783,2.899533905122386,2.793242041020223,-0.10629186410216285,-1.6820087324878783,-0.3382720807764884,-0.0001647135778729489,0.0,0.28881943417102673,0
single-axis-pid,phi2,v,53.72806521200255,pid,,3202091.0,1.5445117424604662,-0.06090295067014264,-0.9912196233857914,0.05215564476899474,-0.12150492555308251,0.7193217000000001,nan,-1.1653337998397524,3.0089785068800543,2.793242041020223,-0.2157364658598313,-1.1653337998397524,-0.3889167144874809,-0.00031441557692878346,0.0,0.28850501859409794,0
single-axis-pid,phi2,v,53.96374283699697,pid,,3202281.0,1.5368059579538973,-0.15207429327017205,-0.9518984944408759,0.06481063082276305,-0.2994809483315243,0.64366175,nan,-1.3576729869626032,2.830169611333458,2.793242041020223,-0.03692757031323479,-1.3576729869626032,-0.39755944625597006,-7.594341639318474e-05,0.0,0.2884290751777048,0
single-axis-pid,phi2,v,54.20003563899809,pid,,3202507.0,1.5635569505086921,-0.14294825584005752,-0.9593086453257801,0.01389056317586225,-0.2820176860728311,0.60460095,nan,-1.5215818716541925,2.855339781799647,2.793242041020223,-0.06209774077942409,-1.5215818716541925,-0.4121992195864468,-0.00011057205236006782,0.0,0.2883185031253447,0
single-axis-pid,phi2,v,54.431127187999664,pid,,3202733.0,1.520534684971783,-0.08789200901156191,-0.9796193145106351,0.098807589247649,-0.17488012735808878,0.7299702,nan,-1.056508410226332,2.93935372092186,2.793242041020223,-0.1461116799016371,-1.056508410226332,-0.4467238717212961,-0.00022519821843864228,0.0,0.28809330490690604,0
single-axis-pid,phi2,v,54.6644604030007,pid,,3202986.0,1.486651363517105,-0.15220756884462242,-0.9405446013275873,0.15979558809413613,-0.2997352547485512,0.66914165,nan,-1.0810032111311774,2.7950264134360583,2.793242041020223,-0.0017843724158352892,-1.0810032111311774,-0.4471361333419477,-3.227437905816939e-05,0.0,0.28806103052784787,0
single-axis-pid,phi2,v,54.90376159000152,pid,,3203234.0,1.42640337436393,-0.13761487360964794,-0.9225116716531818,0.2740699650832836,-0.2717680443004655,0.6808647,nan,-0.7811809650769614,2.745334462420016,2.793242041020223,0.04790757860020678,-0.7811809650769614,-0.435950355508545,3.4906580055427194e-05,0.0,0.2880959371079033,0
single-axis-pid,phi2,v,55.139254068999435,pid,,3203481.0,1.434267317708033,-0.17037068285546872,-0.9075879601324032,0.25417289629272083,-0.3341859264135357,0.6090105,nan,-0.9205625711388175,2.70829939604829,2.793242041020223,0.08494264497193305,-0.9205625711388175,-0.41561829280225715,8.577791493296238e-05,0.0,0.2881817150228363,0
single-axis-pid,phi2,v,55.371110492997104,pid,,3203680.0,1.4770022991991292,-0.15406366923206788,-0.9361862913777335,0.17770672937312787,-0.3032747041411653,0.6050522,nan,-1.0407646114052733,2.78241526381777,2.793242041020223,0.010826777202452842,-1.0407646114052733,-0.413071380750893,-1.3137452960435483e-05,0.0,0.28816857756987585,0
single-axis-pid,phi2,v,55.6030221789988,pid,,3203966.0,1.5575285565367836,-0.04905312627400243,-0.994841086303386,0.02640484376785638,-0.0979489521551613,0.7007334000000001,nan,-1.3074782304085177,3.039972227092082,2.793242041020223,-0.24673018607185915,-1.3074782304085177,-0.4702885920246116,-0.00036129043799807054,0.0,0.28780728713187775,0
single-axis-pid,phi2,v,55.83357645000069,pid,,3204153.0,-1.564918703488342,-0.12750737220557484,-0.9675927187258387,-0.011374814980554192,-0.25225967623244483,0.6393725,nan,-1.6158574924208042,2.886313008747873,2.793242041020223,-0.09307096772765,-1.6158574924208042,-0.4918715204865259,-0.00015730590762414877,0.0,0.2876499812242536,0
single-axis-pid,phi2,v,56.06765201900271,pid,,3204378.0,1.5650803972919822,-0.14911775963336002,-0.9557939828812609,0.010926978061184192,-0.293834074672129,0.6232987,nan,-1.5336258753505088,2.843144643863884,2.793242041020223,-0.049902602843661104,-1.5336258753505088,-0.5033879578872026,-0.00010036387204413775,0.0,0.28754961735220946,0
single-axis-pid,phi2,v,56.299706013000105,pid,,3204602.0,1.518647246992872,-0.10394176372050601,-0.973152796355204,0.10186768967053689,-0.2063894589053278,0.7296456,nan,-1.1123057634193998,2.9093505390025047,2.793242041020223,-0.11610849798228173,-1.1123057634193998,-0.5305656192613744,-0.00019069132686121143,0.0,0.28735892602534824,0
single-axis-pid,phi2,v,56.532866004003154,pid,,3204851.0,-1.5444643063052705,-0.14112009085372404,-0.9591023659277318,-0.050556954872223815,-0.2785078921428891,0.63576275,nan,-1.7503688266617394,2.8546101303928273,2.793242041020223,-0.061368089372604295,-1.7503688266617394,-0.5448223852989403,-0.00011846178588826984,0.0,0.28724046423946,0
single-axis-pid,phi2,v,56.765219371001876,pid,,3205075.0,1.559110564348382,-0.18319101421640974,-0.9333745793805681,0.021818359962171394,-0.35823993877666493,0.60927095,nan,-1.5099671442434273,2.774499538174953,2.793242041020223,0.018742502845269904,-1.5099671442434273,-0.5404558438574624,-1.106993143117862e-05,0.0,0.2872293943080288,0
single-axis-pid,phi2,v,56.999243872996885,pid,,3205299.0,1.5059769089378197,-0.10505690502182356,-0.9698003812849914,0.12643287370810316,-0.2085712082368903,0.7314521,nan,-1.0258409629073522,2.895207355047096,2.793242041020223,-0.10196531402687281,-1.0258409629073522,-0.5641170376266696,-0.00017402602981954045,0.0,0.28705536827820927,0
single-axis-pid,phi2,v,57.231013593998796,pid,,3205550.0,1.5381868285970262,-0.1549026211119036,-0.9503681721597246,0.062070088763064635,-0.30487315629082407,0.68680115,nan,-1.3699482064829749,2.825213441652935,2.793242041020223,-0.031971400632711866,-1.3699482064829749,-0.5716079236546499,-8.095178932070208e-05,0.0,0.28697441648888855,0
single-axis-pid,phi2,v,57.46483779099799,pid,,3205802.0,1.5223090010498284,-0.1512142714874658,-0.9501308616256318,0.09242852616343165,-0.29783940863792757,0.5940668499999999,nan,-1.2698895485878312,2.8244515844466527,2.793242041020223,-0.031209543426429676,-1.2698895485878312,-0.578831705829931,-8.04161355313245e-05,0.0,0.2868940003533572,0
single-axis-pid,phi2,v,57.6999759140017,pid,,3206002.0,1.4756031844664839,-0.1267904497339887,-0.9505293262003546,0.18318642947697275,-0.25087194360585247,0.68326655,nan,-0.9400887960512314,2.825731819886972,2.793242041020223,-0.032489778866748864,-0.9400887960512314,-0.5864393007784072,-8.263621450322777e-05,0.0,0.286811364138854,0
single-axis-pid,phi2,v,57.9362267050019,pid,,3206250.0,1.4731124068931096,-0.14874972169502065,-0.9378844577243589,0.1855998528107671,-0.29313041226680464,0.59516605,nan,-1.006347242501373,2.787277911573854,2.793242041020223,0.0059641294463688155,-1.006347242501373,-0.5850386921877166,-3.113350216582301e-05,0.0,0.28678023063668817,0
single-axis-pid,phi2,v,58.16913834599836,pid,,3206474.0,1.4444268521014945,-0.14846777351574905,-0.9258590514032983,0.23911374545081931,-0.2925912399082817,0.6069466,nan,-0.8856384466954541,2.75409903627373,2.793242041020223,0.039143004746493126,-0.8856384466954541,-0.5757916844160061,1.3841503658414056e-05,0.0,0.2867940721403466,0
single-axis-pid,phi2,v,58.40161448500294,pid,,3206752.0,1.5218315498918475,-0.10078305442272115,-0.9750599733187266,0.09579361063383543,-0.20020397746652613,0.72788655,nan,-1.124512407878619,2.9177874293215527,2.793242041020223,-0.12454538830132966,-1.124512407878619,-0.604810352751308,-0.0002069335132295114,0.0,0.28658713862711704,0
single-axis-pid,phi2,v,58.63541870300105,pid,,3206956.0,1.5563316376226384,-0.17795270002471203,-0.9369391930567589,0.027112632425191796,-0.3484391678286558,0.66452545,nan,-1.4931411329040938,2.784563352223067,2.793242041020223,0.008678688797155942,-1.4931411329040938,-0.6027903264452341,-2.869101298109079e-05,0.0,0.28655844761413596,0
single-axis-pid,phi2,v,58.86886307699751,pid,,3207208.0,1.5124114412475573,-0.1644657208444491,-0.9399433046525967,0.11025855236884687,-0.32303194217953457,0.63841285,nan,-1.2418715002397578,2.793260493334424,2.793242041020223,-1.8452314201056197e-05,-1.2418715002397578,-0.6027946391293907,-4.031852245136916e-05,0.0,0.2865181290916846,0
single-axis-pid,phi2,v,59.101934491001884,pid,,3207407.0,-1.5485700031209506,-0.19049878286138744,-0.9273771348409419,-0.041251543851148306,-0.371846688709342,0.6063130999999999,nan,-1.6812815243245696,2.7581365033867447,2.793242041020223,0.035105537633478345,-1.6812815243245696,-0.5946054533939794,7.186199911078998e-06,0.0,0.2865253152915957,0
single-axis-pid,phi2,v,59.334451123999315,pid,,3207655.0,-1.4605392359405764,-0.12201541172151022,-0.9468744998343391,-0.212250798309486,-0.24161597666639495,0.63771645,nan,-2.2915845484768442,2.8141703987440145,2.793242041020223,-0.020928357723791535,-2.2915845484768442,-0.5994873742104567,-6.805193244255522e-05,0.0,0.2864572633591531,0
single-axis-pid,phi2,v,59.56887527600338,pid,,3207878.0,1.5695991564320924,-0.17278190467293209,-0.9408819276120945,0.0022527962222662697,-0.33872721060187966,0.5754140999999999,nan,-1.5641456564711969,2.7960208822253736,2.793242041020223,-0.002778841205150595,-1.5641456564711969,-0.6001336618448893,-4.383101733183484e-05,0.0,0.28641343234182126,0
single-axis-pid,phi2,v,59.802371044999745,pid,,3208164.0,1.5483369202972814,-0.07073144950197051,-0.989012194882182,0.044455156907663405,-0.14099155080586842,0.71591885,nan,-1.2653592453747473,2.9932148502445486,2.793242041020223,-0.1999728092243256,-1.2653592453747473,-0.6469605524824629,-0.0003105900803684814,0.0,0.28610284226145277,0
single-axis-pid,phi2,v,60.0365344180027,pid,,3208375.0,-1.5480622725756736,-0.14519095008467636,-0.9571443717976856,-0.04354955893583606,-0.2863181577415369,0.6560296999999999,nan,-1.7217413647632398,2.8477720412465595,2.793242041020223,-0.05453000022633647,-1.7217413647632398,-0.6597028598827014,-0.00011699912816703906,0.0,0.28598584313328573,0
single-axis-pid,phi2,v,60.265775521998876,pid,,3208598.0,1.4871057881550511,-0.13139441694938309,-0.952173518452576,0.16088108055717934,-0.25977464979554143,0.6379996,nan,-1.016299046949559,2.8310684245954594,2.793242041020223,-0.03782638357523638,-1.016299046949559,-0.6685508457947884,-9.525948193536056e-05,0.0,0.2858905836513504,0
single-axis-pid,phi2,v,60.5006976270015,pid,,3208866.0,1.5444903171268987,-0.08386979037488378,-0.9846003992193684,0.05184966445437754,-0.16695408396630737,0.7235507,nan,-1.2696776276892623,2.9658696413457553,2.793242041020223,-0.17262760032553226,-1.2696776276892623,-0.7081198845585028,-0.00027812042917980674,0.0,0.2856124632221706,0
single-axis-pid,phi2,v,60.73196089800331,pid,,3209058.0,1.4956068633440722,-0.16193216969317578,-0.9373138308663218,0.14202443728611963,-0.31823237057260756,0.6555036,nan,-1.1510305759930295,2.7856368454478093,2.793242041020223,0.007605195572413681,-1.1510305759930295,-0.7063310228008463,-3.704735343426778e-05,0.0,0.2855754158687363,0
single-axis-pid,phi2,v,60.97179643600248,pid,,3209285.0,1.4952541655739782,-0.13038709654775119,-0.9551842566695904,0.14542154064001542,-0.2578286472222327,0.6642245,nan,-1.0572499356746716,2.841077947946905,2.793242041020223,-0.047835906926681826,-1.0572499356746716,-0.7173774709132583,-0.00011190504840980322,0.0,0.2854635108203265,0
single-axis-pid,phi2,v,61.20677541800251,pid,,3209515.0,1.4285712658884195,-0.12219269139289508,-0.9312963461623601,0.27229114257384346,-0.24196001591268823,0.6898196999999999,nan,-0.726485261296729,2.7687519587323153,2.793242041020223,0.024490082287907722,-0.726485261296729,-0.7114964073687744,-1.4819203210521996e-05,0.0,0.285448691617116,0
single-axis-pid,phi2,v,61.43855370300298,pid,,3209805.0,1.46887521276699,-0.08798793945231932,-0.9641719232411471,0.19930714420532591,-0.17506902839218855,0.74043455,nan,-0.7207457178342387,2.8731002459393555,2.793242041020223,-0.07985820491913254,-0.7207457178342387,-0.7302625728351887,-0.0001555770129514586,0.0,0.28529311460416457,0
single-axis-pid,phi2,v,61.67074684800173,pid,,3209990.0,1.4580940433930627,-0.13696644050649656,-0.9383613730558085,0.21516736003280246,-0.27051976033800595,0.65423275,nan,-0.8988757497303577,2.788655078213812,2.793242041020223,0.004586962806410799,-0.8988757497303577,-0.7292006594972954,-4.2611156018123946e-05,0.0,0.28525050344814645,0
single-axis-pid,phi2,v,61.90286295799888,pid,,3210263.0,1.4972786225993049,-0.1655508984795655,-0.935480569967624,0.13854865646948003,-0.32508517807422643,0.6482401,nan,-1.1679165970973029,2.7804128838240625,2.793242041020223,0.012829157196160512,-1.1679165970973029,-0.7262208719136116,-3.139296966629013e-05,0.0,0.28521911047848014,0
single-axis-pid,phi2,v,62.136808381001174,pid,,3210488.0,1.4672449999598784,-0.1521111436357919,-0.9336922649734559,0.19618306153647774,-0.2995512655538483,0.6540607,nan,-0.9909679669470721,2.775385714864848,2.793242041020223,0.017856326155374802,-0.9909679669470721,-0.722073048516997,-2.439487826291631e-05,0.0,0.28519471560021725,0
single-axis-pid,phi2,v,62.370412381998904,pid,,3210689.0,1.5229694656205808,-0.17079402044224362,-0.9379166693515502,0.08998984630550255,-0.3349838039583509,0.6484577499999999,nan,-1.3083530827660674,2.7873707661033196,2.793242041020223,0.005871274916903424,-1.3083530827660674,-0.7206989564544495,-4.032586021605268e-05,0.0,0.2851543897400012,0
single-axis-pid,phi2,v,62.60348262300249,pid,,3210915.0,1.4295933931379097,-0.17383052035148766,-0.9029298622931702,0.2619949744497197,-0.34069971696837004,0.6428448499999999,nan,-0.91525143042794,2.6973347598087276,2.793242041020223,0.09590728121149539,-0.91525143042794,-0.6982877460788424,8.154149269447988e-05,0.0,0.28523593123269564,0
single-axis-pid,phi2,v,62.83333820899861,pid,,3211140.0,-1.5135795316121994,-0.14586197766852452,-0.9514854360182669,-0.10935966853020064,-0.2876037690018913,0.66812245,nan,-1.9341567169023297,2.828824379498095,2.793242041020223,-0.03558233847787218,-1.9341567169023297,-0.70656710263072,-9.480061421050235e-05,0.0,0.2851411306184851,0
single-axis-pid,phi2,v,63.06851421199826,pid,,3211365.0,1.5249345377823886,-0.10167947236054187,-0.9752766937710171,0.08970758552904712,-0.20196019331943188,0.73109785,nan,-1.152789093273453,2.9187660084157447,2.793242041020223,-0.12552396739552174,-1.152789093273453,-0.7354506033476866,-0.00021697443460256125,0.0,0.28492415618388256,0
single-axis-pid,phi2,v,63.30312128600053,pid,,3211641.0,1.441259878050936,-0.1355520880442142,-0.9313225827162578,0.2468275626337695,-0.26779544665096877,0.66318955,nan,-0.8261198030175714,2.768823991882398,2.793242041020223,0.024418049137825193,-0.8261198030175714,-0.7297057405776723,-1.6132708702553234e-05,0.0,0.28490802347518,0
single-axis-pid,phi2,v,63.53657780100184,pid,,3211866.0,1.5220163438941305,-0.1380337759424221,-0.9575596155897073,0.09371700334117838,-0.2725742208581757,0.67517145,nan,-1.2396358944454222,2.849209252416209,2.793242041020223,-0.05596721139598593,-1.2396358944454222,-0.7428340593497935,-0.0001244774493216838,0.0,0.2847835460258583,0
single-axis-pid,phi2,v,63.769355352000275,pid,,3212129.0,1.4815903792294411,-0.09860657164338803,-0.9650508837516483,0.17402696000195378,-0.19593725771950876,0.7398005999999999,nan,-0.8445518189763286,2.8764338010470176,2.793242041020223,-0.08319176002679463,-0.8445518189763286,-0.7622570445479341,-0.0001621723207448421,0.0,0.2846213737051135,0
single-axis-pid,phi2,v,64.010462586004,pid,,3212317.0,1.4517625735656423,-0.1411883180270193,-0.9333084598053063,0.22648544593668088,-0.27863894493539415,0.66256795,nan,-0.8882824272238117,2.7743153557974205,2.793242041020223,0.018926685222802497,-0.8882824272238117,-0.7578578766236318,-2.5355953154578953e-05,0.0,0.2845960177519589,0
single-axis-pid,phi2,v,64.24402303600073,pid,,3212605.0,1.4334082363151652,-0.08688527510967882,-0.947990769866723,0.2672452281621829,-0.17289733448506506,0.7444324,nan,-0.5742361225223718,2.817659278114053,2.793242041020223,-0.024417237093830035,-0.5742361225223718,-0.7637526152659886,-8.369654312104737e-05,0.0,0.28451232120883785,0
single-axis-pid,phi2,v,64.47862821599847,pid,,3212847.0,1.4459559526104975,-0.1605466425738881,-0.9194671189818027,0.23446584600918668,-0.3156041573973637,0.7243465499999999,nan,-0.9318475436910711,2.737519301024676,2.793242041020223,0.05572273999554689,-0.9318475436910711,-0.7507510700678474,2.4311803498704595e-05,0.0,0.28453663301233656,0
single-axis-pid,phi2,v,64.71026922400051,pid,,3213014.0,1.4503234034389698,-0.2159196251579332,-0.881962118975354,0.21671522478732513,-0.4185419119250577,0.7754839,nan,-1.0930212167874318,2.6508054756763246,2.793242041020223,0.14243656534389837,-1.0930212167874318,-0.7173422489107266,0.00014247286377553513,0.0,0.2846791058761121,0
single-axis-pid,phi2,v,64.94214815700252,pid,,3213240.0,1.3669016586907234,-0.1718151078243164,-0.8643315099822632,0.3733959277173249,-0.3369072899417571,0.7810762499999999,nan,-0.7340727707798518,2.6146159655570194,2.793242041020223,0.17862607546320364,-0.7340727707798518,-0.6759730689523392,0.00019362000091590752,0.0,0.284872725877028,0
single-axis-pid,phi2,v,65.17264986500231,pid,,3213491.0,1.5126817838320614,-0.2430791962362081,-0.8781690496875764,0.1025309058038841,-0.4672328472248652,0.7250002,nan,-1.3547775164368199,2.6428173402637127,2.793242041020223,0.15042470075651027,-1.3547775164368199,-0.6410890197621723,0.0001582493670715726,0.0,0.2850309752440996,0
single-axis-pid,phi2,v,65.40386205699906,pid,,3213717.0,1.4812998171598462,-0.28000064371678196,-0.8337182441471414,0.15084413708965067,-0.5311872887051103,0.7319976,nan,-1.2941050293174545,2.5566038059238,2.793242041020223,0.2366382350964229,-1.2941050293174545,-0.5865512262673458,0.00027715395530159145,0.0,0.2853081291994012,0
single-axis-pid,phi2,v,65.63652465100313,pid,,3213942.0,1.4858132461236417,-0.21237173121233316,-0.8980153344079733,0.15411917570894088,-0.412087052510671,0.7645498500000001,nan,-1.2129055989388806,2.6860338945065965,2.793242041020223,0.10720814651362653,-1.2129055989388806,-0.5617600370948447,0.000105775841813101,0.0,0.2854139050412143,0
single-axis-pid,phi2,v,65.86879522899835,pid,,3214168.0,1.5512883647513978,-0.16615857015038382,-0.9445695631595115,0.03687196562572457,-0.3262342693579951,0.74830995,nan,-1.4582509617832835,2.8070773842118113,2.793242041020223,-0.0138353431915883,-1.4582509617832835,-0.5649840613850294,-5.626289394761441e-05,0.0,0.28535764214726667,0
single-axis-pid,phi2,v,66.10169314499944,pid,,3214418.0,1.5243867569922218,-0.19228818136594725,-0.9229672651202205,0.08591590234085411,-0.3751664767026196,0.77115635,nan,-1.3456708651236104,2.7465165206777833,2.793242041020223,0.04672552034243971,-1.3456708651236104,-0.554145016786013,2.542555344401878e-05,0.0,0.2853830677007107,0
single-axis-pid,phi2,v,66.33479934099887,pid,,3214645.0,1.3978237003092384,-0.24134133351801024,-0.8332768110071453,0.30034649017171916,-0.4641570230851748,0.66292675,nan,-0.9964769288179509,2.5558048652770657,2.793242041020223,0.23743717574315726,-0.9964769288179509,-0.498837577570909,0.0002840852857901747,0.0,0.28566715298650086,0
single-axis-pid,phi2,v,66.5684485860038,pid,,3214871.0,1.5616953208334423,-0.17145466353715774,-0.9416244461907437,0.017141352490612986,-0.3362284585973766,0.7378442000000001,nan,-1.5198591603168037,2.7982196340062275,2.793242041020223,-0.004977592986004531,-1.5198591603168037,-0.49999878987528057,-4.0077008797165276e-05,0.0,0.2856270759777037,0
single-axis-pid,phi2,v,66.80069497899967,pid,,3215173.0,1.5219195645295989,-0.1050865694155747,-0.9733257896336048,0.09545025328272333,-0.20862923185014995,0.72474225,nan,-1.1417134985822228,2.9101033589570915,2.793242041020223,-0.11686131793686849,-1.1417134985822228,-0.5273028930552776,-0.00019147967582273394,0.0,0.285435596301881,0
single-axis-pid,phi2,v,67.04279539600248,pid,,3215398.0,1.538466236815149,-0.10485130222607641,-0.9760489055641418,0.06319960033129142,-0.20816902859216593,0.7179463,nan,-1.2760423340691671,2.92228775632019,2.793242041020223,-0.1290457152999669,-1.2760423340691671,-0.5572804484864384,-0.00020977286717581664,0.0,0.28522582343470515,0
single-axis-pid,phi2,v,67.27480757900048,pid,,3215636.0,1.5481258420662674,-0.19632177122661817,-0.9229512684814826,0.04187620562532867,-0.3826321202027447,0.63203055,nan,-1.4617876945571058,2.7464749599167524,2.793242041020223,0.04676708110347061,-1.4617876945571058,-0.5459720926533571,2.6027435824290733e-05,0.0,0.28525185087052946,0
single-axis-pid,phi2,v,67.50861777699902,pid,,3215824.0,1.5657707046841982,-0.22103540654186024,-0.9038220255591789,0.009084841853285168,-0.4278121220379382,0.7702441,nan,-1.5495639302567206,2.6994151295973725,2.793242041020223,0.09382691142285049,-1.5495639302567206,-0.5242067167568352,9.03967028101276e-05,0.0,0.2853422475733396,0
single-axis-pid,phi2,v,67.74042398400343,pid,,3216050.0,1.5600890407116046,-0.26640276671290536,-0.8611878849184335,0.018444789691312958,-0.5079519825760681,0.7062805999999999,nan,-1.5345002007113848,2.608398429637804,2.793242041020223,0.18484361138241878,-1.5345002007113848,-0.4809807136499836,0.0002149665129780518,0.0,0.2855572140863176,0
single-axis-pid,phi2,v,67.97390600499784,pid,,3216275.0,-1.5310227635546279,-0.19902816080505426,-0.9189011863538485,-0.07325051765094004,-0.3876273614973007,0.71645115,nan,-1.7575654059028318,2.736082294329887,2.793242041020223,0.05715974669033619,-1.7575654059028318,-0.4677332035650258,4.5151290759695667e-05,0.0,0.28560236537707734,0
single-axis-pid,phi2,v,68.20732582900382,pid,,3216513.0,-1.5515128675392955,-0.12602715010471502,-0.9676820206951242,-0.03733902825276509,-0.24939387280472716,0.73824895,nan,-1.7194115523856521,2.886666897452627,2.793242041020223,-0.09342485643240384,-1.7194115523856521,-0.48958489986139675,-0.0001576261726424475,0.0,0.2854447392044349,0
single-axis-pid,phi2,v,68.43957680000312,pid,,3216739.0,1.5068446544098522,-0.11701900438794467,-0.9647920866566303,0.12407747944111785,-0.2319073276554324,0.73526685,nan,-1.0795186552956024,2.8754480507243922,2.793242041020223,-0.08220600970416925,-1.0795186552956024,-0.5087414406992979,-0.00014390819980679634,0.0,0.2853008310046281,0
single-axis-pid,phi2,v,68.67156185299973,pid,,3217044.0,1.4745901037494213,-0.1997763374063181,-0.9042344104719396,0.17616536999685203,-0.3890062895794052,0.6805253,nan,-1.1455666085815286,2.7003798346237047,2.793242041020223,0.09286220639651832,-1.1455666085815286,-0.48717660303798244,9.158226796164654e-05,0.0,0.28539241327258974,0
single-axis-pid,phi2,v,68.90255567400163,pid,,3217209.0,1.5131914136364113,-0.26130755837320174,-0.8607724017357902,0.09961054975593293,-0.4991478846868131,0.7342798,nan,-1.3738227277030888,2.6075815759431062,2.793242041020223,0.18566046507711675,-1.3738227277030888,-0.44409752330772845,0.00021852402559090892,0.0,0.28561093729818066,0
single-axis-pid,phi2,v,69.13735395600088,pid,,3217435.0,-1.550099143264318,-0.2243989807917961,-0.9001975046237657,-0.037284403896436544,-0.4338828481228923,0.7834848,nan,-1.6565177039709607,2.6910191606412055,2.793242041020223,0.1022228803790175,-1.6565177039709607,-0.42045910046377066,0.00010855630379221412,0.0,0.28571949360197285,0
single-axis-pid,phi2,v,69.37005935900379,pid,,3217686.0,-1.3551341396340912,-0.11834078345666797,-0.8830876041012077,-0.4064189333273912,-0.2344780034796746,0.7708343,nan,-2.6183041007049708,2.653198778292822,2.793242041020223,0.14004326272740109,-2.6183041007049708,-0.3876136264282079,0.00016131398872672975,0.0,0.28588080759069956,0
single-axis-pid,phi2,v,69.60345120199781,pid,,3217937.0,-1.3490685757380942,0.14393691745391327,-0.866104407748605,-0.41140720022820415,0.2839141956275318,0.79175325,nan,2.5375384965109955,2.6181519075480324,2.793242041020223,0.1750901334721906,2.5375384965109955,-0.34678964119917993,0.0002108970859650744,0.0,0.2860917046766646,0
single-axis-pid,phi2,v,69.83660270200198,pid,,3218163.0,1.2175579144889335,-0.03966489562037539,-0.7582614653201606,0.6471163148008819,-0.07924661083635597,0.9397911,nan,-0.12185443180080169,2.4314386240210606,2.793242041020223,0.3618034169991624,-0.12185443180080169,-0.26252088068760215,0.00110987454903283,0.0,0.28720157922569745,0
single-axis-pid,phi2,v,70.07667929000309,pid,,3218388.0,-1.36222306630707,0.008683090155978642,-0.9141108992603013,-0.40509222400751776,0.01736530743079976,0.75208835,nan,3.0987513420697415,2.7241060017385923,2.793242041020223,0.0691360392816307,3.0987513420697415,-0.24637734989476462,7.595896343603664e-05,0.0,0.2872775381891335,0
single-axis-pid,phi2,v,70.30692732099851,pid,,3218614.0,-1.5105731509386597,-0.21904453362337772,-0.8990032351013374,-0.10880834205120815,-0.4242097688377727,0.7503443999999999,nan,-1.8218799815758553,2.688284477406335,2.793242041020223,0.1049575636138882,-1.8218799815758553,-0.22118908527061482,0.00012553252530077874,0.0,0.28740307071443427,0
single-axis-pid,phi2,v,70.53977658400254,pid,,3218840.0,-1.5440755260456163,-0.2177425172351185,-0.9053711246271776,-0.048430597637583415,-0.4218502150097663,0.7768385,nan,-1.6851010903581927,2.703049248879676,2.793242041020223,0.09019279214054698,-1.6851010903581927,-0.20042539239521895,0.000107181430476845,0.0,0.2875102521449111,0
single-axis-pid,phi2,v,70.7707193890019,pid,,3219091.0,1.3548458850604885,-0.23052465330282051,-0.8133459981269824,0.37489047626655403,-0.444888096194379,0.7665993,nan,-0.8705775647354153,2.5206768444553824,2.793242041020223,0.2725651965648406,-0.8705775647354153,-0.13692356011216433,0.0003552401603287228,0.0,0.28786549230523983,0
single-axis-pid,phi2,v,71.00283181900159,pid,,3219316.0,1.547103840592655,-0.20829657288195688,-0.9134463619932823,0.043316055203679406,-0.40464733178760665,0.7129321,nan,-1.464155980729898,2.7224700638299293,2.793242041020223,0.07077197719029371,-1.464155980729898,-0.12060532605022142,8.655329182094269e-05,0.0,0.2879520455970608,0
single-axis-pid,phi2,v,71.23719592500129,pid,,3219541.0,1.4790745321500975,-0.2151098121644492,-0.8936244968978466,0.1657936081305369,-0.41707042336652045,0.7130966999999999,nan,-1.1924301764194596,2.676153375131641,2.793242041020223,0.11708866588858191,-1.1924301764194596,-0.09339272602779017,0.00015029317175372395,0.0,0.2881023387688145,0
single-axis-pid,phi2,v,71.47053982599755,pid,,3219829.0,1.532138806348261,-0.11183213783028,-0.972178337142584,0.07531413404126332,-0.22180410727553068,0.73233585,nan,-1.2434590247386919,2.905153925330991,2.793242041020223,-0.11191188431076782,-1.2434590247386919,-0.11959239700783121,-0.000157609331340613,0.0,0.2879447294374739,0
single-axis-pid,phi2,v,71.7060204570007,pid,,3220006.0,-1.5620514000045072,-0.14811286969711066,-0.9562987702147896,-0.016727231097316535,-0.29191242149915125,0.67663875,nan,-1.6280359563785691,2.844866208359801,2.793242041020223,-0.051624167339578086,-1.6280359563785691,-0.1316512496550335,-7.781666568848107e-05,0.0,0.28786691277178544,0
single-axis-pid,phi2,v,71.93894591199933,pid,,3220284.0,-1.494223402655252,-0.14124081295223523,-0.9491266102565736,-0.14650192971682205,-0.2787397752243363,0.6802125,nan,-2.054703179902587,2.821246936291366,2.793242041020223,-0.028004895271143138,-2.054703179902587,-0.1382380483230731,-4.6680319970532736e-05,0.0,0.28782023245181493,0
single-axis-pid,phi2,v,72.17380191200209,pid,,3220533.0,1.526311369236303,-0.2137872704626779,-0.9063750365289425,0.0808535587729557,-0.4146649191707763,0.6096995000000001,nan,-1.378227222245848,2.705419493606851,2.793242041020223,0.08782254741337203,-1.378227222245848,-0.11778297184192808,0.0001095368855844958,0.0,0.28792976933739944,0
single-axis-pid,phi2,v,72.40700945699791,pid,,3220769.0,1.5107373692122843,-0.12266783000906316,-0.9630661290831521,0.11624108836896378,-0.24288194743041744,0.7398788000000001,nan,-1.1244222231989287,2.868962908871975,2.793242041020223,-0.0757208678517518,-1.1244222231989287,-0.1355811127638273,-0.00011029427327627207,0.0,0.2878194750641232,0
single-axis-pid,phi2,v,72.63968109599955,pid,,3221005.0,1.5543666970020964,-0.20172235105933742,-0.9192176246182252,0.030215686262985993,-0.3925888063800143,0.66276415,nan,-1.4939825343800588,2.7368851949464084,2.793242041020223,0.05635684607381464,-1.4939825343800588,-0.12243867473124231,6.715913075979893e-05,0.0,0.287886634194883,0
single-axis-pid,phi2,v,72.86950353800057,pid,,3221203.0,1.4852803749624843,-0.12683344929280665,-0.9538752764793151,0.16475268964866252,-0.2509551915682188,0.7641914000000001,nan,-0.9898635606884962,2.836686988586905,2.793242041020223,-0.043444947566682046,-0.9898635606884962,-0.13253922665031512,-6.694121121537692e-05,0.0,0.2878196929836676,0
single-axis-pid,phi2,v,73.10844447300042,pid,,3221427.0,1.5578956309222431,-0.10934429019465182,-0.9758578904842031,0.025184080414802846,-0.2169496247366691,0.7350949499999999,nan,-1.4552309444475244,2.92141145533937,2.793242041020223,-0.1281694143191472,-1.4552309444475244,-0.16203043007245507,-0.00018218082150199912,0.0,0.2876375121621656,0
single-axis-pid,phi2,v,73.34223893000308,pid,,3221650.0,-1.5141604563374527,-0.170862783496016,-0.9361399675830864,-0.10649405078203332,-0.3351133811735541,0.6517374499999999,nan,-1.8784888506236848,2.782283499636531,2.793242041020223,0.010958541383692122,-1.8784888506236848,-0.15941506098046643,3.994378771948671e-06,0.0,0.28764150654093756,0
single-axis-pid,phi2,v,73.57398357999773,pid,,3221923.0,1.4903957371934897,-0.12596945853841843,-0.9559374917595903,0.15505460193166803,-0.24928213387283762,0.72782935,nan,-1.0143539999917177,2.8436330953713034,2.793242041020223,-0.05039105435108038,-1.0143539999917177,-0.17119604962418838,-7.881149022063706e-05,0.0,0.2875626950507169,0
single-axis-pid,phi2,v,73.80597302899696,pid,,3222146.0,1.5390746126119397,-0.19142832250075073,-0.9257350565072849,0.058810732669382824,-0.3735718175616897,0.6183142,nan,-1.4146496871863599,2.753771025572535,2.793242041020223,0.03947101544768783,-1.4146496871863599,-0.16203328441154025,4.1937733398796204e-05,0.0,0.2876046327841157,0
single-axis-pid,phi2,v,74.03799023899774,pid,,3222396.0,1.4942808893578607,-0.16181326100591112,-0.9370086641588007,0.14452117479020526,-0.31800690767434403,0.6695251,nan,-1.1442402950311532,2.7847621823539,2.793242041020223,0.008479858666322837,-1.1442402950311532,-0.16006680195601838,6.370583995048342e-07,0.0,0.28760526984251517,0
single-axis-pid,phi2,v,74.26915077200101,pid,,3222621.0,1.5167480796623312,-0.12442977283046336,-0.9635370121197163,0.10456255671702644,-0.24629879822729206,0.7394105,nan,-1.169319272792494,2.8707171852149598,2.793242041020223,-0.07747514419473678,-1.169319272792494,-0.1780209648532387,-0.00011547646313169786,0.0,0.28748979337938346,0
single-axis-pid,phi2,v,74.50276282599953,pid,,3222870.0,1.5121729969840938,-0.12769585611956055,-0.9609215816920668,0.11318395984328532,-0.2526244348288786,0.70475725,nan,-1.149579770350731,2.8611086972154176,2.793242041020223,-0.06786665619519461,-1.149579770350731,-0.19370732952307607,-0.00010367941714132662,0.0,0.2873861139622421,0
single-axis-pid,phi2,v,74.73304268500215,pid,,3223034.0,-1.5335664430630702,-0.1640100422142689,-0.9440589546198709,-0.0704246090742458,-0.3221693105166542,0.8065980500000001,nan,-1.786006125592975,2.8055255905933585,2.793242041020223,-0.012283549573135488,-1.786006125592975,-0.1965780069856775,-2.9562167955810334e-05,0.0,0.2873565517942863,0
single-axis-pid,phi2,v,74.96711647600023,pid,,3223334.0,1.558494425769553,-0.10665978157780853,-0.9770377334161371,0.02404369477826535,-0.21170538071212844,0.7251732,nan,-1.4577093957575467,2.926880351655172,2.793242041020223,-0.1336383106349488,-1.4577093957575467,-0.2273441448242917,-0.0001938580975429694,0.0,0.28716269369674335,0
single-axis-pid,phi2,v,75.19748774699838,pid,,3223520.0,-1.5452698595851697,-0.15815787188233263,-0.9491496393927462,-0.04849901759818423,-0.3110672070994158,0.5963829,nan,-1.725462815778133,2.8213200771675355,2.793242041020223,-0.028078036147312524,-1.725462815778133,-0.23392360356311162,-5.3174210340758736e-05,0.0,0.2871095194864026,0
single-axis-pid,phi2,v,75.42786317600257,pid,,3223768.0,-1.5645396151442235,-0.11193706500829022,-0.9749683398946868,-0.012200828374499961,-0.22200872953551704,0.61576285,nan,-1.6256976252707072,2.917374931192766,2.793242041020223,-0.12413289017254314,-1.6256976252707072,-0.2624860619720341,-0.00018349935058578764,0.0,0.2869260201358168,0
single-axis-pid,phi2,v,75.66124973600381,pid,,3223968.0,-1.5399417186627922,-0.10561662710595644,-0.9759119843557136,-0.06029932362733641,-0.20966590176034597,0.6289239,nan,-1.8508359144970337,2.9216592677834217,2.793242041020223,-0.12841722676319867,-1.8508359144970337,-0.29206508165317635,-0.00019120429851598284,0.0,0.2867348158373008,0
single-axis-pid,phi2,v,75.89439280900115,pid,,3224195.0,-1.5518622740561543,-0.07549838181895785,-0.9879128785211971,-0.0374282814333149,-0.15042362913090146,0.6755244,nan,-1.814663305113735,2.985954933091893,2.793242041020223,-0.19271289207167008,-1.814663305113735,-0.33706019067428195,-0.00028016897280965593,0.0,0.2864546468644912,0
single-axis-pid,phi2,v,76.1354975150025,pid,,3224444.0,1.5698065317071914,-0.11476511545587245,-0.9737714763591272,0.0019276709657338354,-0.22752010002198442,0.6558399500000001,nan,-1.5623239991088151,2.912054036756823,2.793242041020223,-0.11881199573659984,-1.5623239991088151,-0.36478739590183323,-0.00018322417916764844,0.0,0.2862714226853235,0
single-axis-pid,phi2,v,76.36847099899751,pid,,3224732.0,-1.5488637444840663,-0.02333548974918751,-0.9979502328595466,-0.04380334963052112,-0.046654038375287844,0.70060105,nan,-2.3246907550495637,3.0775541061199356,2.793242041020223,-0.28431206509971263,-2.3246907550495637,-0.43338912943123714,-0.00040906716188392103,0.0,0.2858623555234396,0
single-axis-pid,phi2,v,76.59983486300189,pid,,3224921.0,-1.4974777969613837,-0.0852812152636617,-0.9749132216400627,-0.14399194954675118,-0.16973664523938156,0.64702065,nan,-2.2743175398772055,2.917127169183011,2.793242041020223,-0.12388512816278796,-2.2743175398772055,-0.46222318996325384,-0.0001965195606981472,0.0,0.2856658359627414,0
single-axis-pid,phi2,v,76.83242532899749,pid,,3225145.0,1.5070505113074109,-0.1338218314747431,-0.9565696317297299,0.12261970179469543,-0.2644597292296673,0.6504564,nan,-1.1366400427548458,2.8457939826965153,2.793242041020223,-0.05255194167629229,-1.1366400427548458,-0.4743674460703365,-0.0001019658988408831,0.0,0.28556387006390055,0
single-axis-pid,phi2,v,77.0674662829988,pid,,3225369.0,-1.5284147718401728,-0.11361393347903197,-0.9707966834858749,-0.08248538725437825,-0.2252775182354449,0.67535365,nan,-1.9217857026703213,2.89932597046087,2.793242041020223,-0.10608392944064704,-1.9217857026703213,-0.4990722055746328,-0.00017518428628629339,0.0,0.2853886857776143,0
single-axis-pid,phi2,v,77.30162054399989,pid,,3225642.0,-1.4649283861167333,-0.1530847164777679,-0.9322012737487032,-0.20038399072650143,-0.3014084296794245,0.6628031,nan,-2.1575231488394295,2.7712441749601235,2.793242041020223,0.021997866060099458,-2.1575231488394295,-0.49389730461659187,-3.605622296106121e-06,0.0,0.28538508015531816,0
single-axis-pid,phi2,v,77.53474925000046,pid,,3225865.0,-1.40404060285313,-0.12833140794651907,-0.9139461548659041,-0.3166394153318926,-0.25385410507633316,0.6568653,nan,-2.4658077457777785,2.723699877128194,2.793242041020223,0.06954216389202905,-2.4658077457777785,-0.47764249739242015,6.104297566235463e-05,0.0,0.2854461231309805,0
single-axis-pid,phi2,v,77.76582513299945,pid,,3226125.0,-1.5253353129041354,-0.0779773613585284,-0.9837832592475051,-0.089694868785667,-0.1553233058426139,0.7282982,nan,-2.094486437761461,2.961255404325003,2.793242041020223,-0.16801336330477978,-2.094486437761461,-0.5168491243997162,-0.00025916614016577316,0.0,0.2851869569908147,0
single-axis-pid,phi2,v,77.99993154300319,pid,,3226312.0,-1.548260248699513,-0.1381325168339067,-0.9611038437073242,-0.0433483806031694,-0.2727642196295,0.64552825,nan,-1.7284008400686506,2.861767863137627,2.793242041020223,-0.0685258221174041,-1.7284008400686506,-0.5326660784810378,-0.00012721838043434035,0.0,0.28505973861038036,0
single-axis-pid,phi2,v,78.23185880300298,pid,,3226587.0,-1.5583103353410193,-0.1448259529030577,-0.9580445598679351,-0.02392924667287746,-0.28561864865782666,0.6969951999999999,nan,-1.6543815327718916,2.8508964413994193,2.793242041020223,-0.057654400379196336,-1.6543815327718916,-0.546176375029293,-0.0001135874569674145,0.0,0.28494615115341293,0
single-axis-pid,phi2,v,78.46460448000289,pid,,3226786.0,-1.4951116689574062,-0.11666772577942375,-0.961775963118528,-0.14670555663576915,-0.2312238664576323,0.6866417499999999,nan,-2.1361794941878998,2.864211822327346,2.793242041020223,-0.07096978130712284,-2.1361794941878998,-0.5626392117790551,-0.00013248926957093194,0.0,0.284813661883842,0
single-axis-pid,phi2,v,78.70117685799778,pid,,3227035.0,-1.5242915875480667,-0.14075581888174643,-0.9564844655745851,-0.08921954220039895,-0.2778080999611989,0.6852005,nan,-1.8815469009899073,2.8455019613481483,2.793242041020223,-0.05225992032792526,-1.8815469009899073,-0.5748009827172381,-0.00010828898245581618,0.0,0.2847053729013862,0
single-axis-pid,phi2,v,78.93233752000378,pid,,3227296.0,-1.5385430156683102,-0.0629457397662362,-0.9900227567105822,-0.06395175190944055,-0.12555920763883802,0.7351581,nan,-2.0418843511828677,3.0002145897293007,2.793242041020223,-0.20697254870907766,-2.0418843511828677,-0.6237039237796347,-0.0003183934516236161,0.0,0.2843869794497626,0
single-axis-pid,phi2,v,79.17373881200183,pid,,3227483.0,-1.4581398987611347,-0.12641485843678607,-0.9437362742069331,-0.216308731564435,-0.2501447129063525,0.63044905,nan,-2.283782502568812,2.8045484755783656,2.793242041020223,-0.01130643455814262,-2.283782502568812,-0.6263179041083268,-5.698185753089107e-05,0.0,0.2843299975922317,0
single-axis-pid,phi2,v,79.40645979200053,pid,,3227769.0,-1.5233283756326113,-0.06397731292518438,-0.9873587529617951,-0.09401842120173576,-0.12760575780293798,0.7382623,nan,-2.205788147848713,2.9824199756117538,2.793242041020223,-0.18917793459153076,-2.205788147848713,-0.6720002866103254,-0.00029783217897566756,0.0,0.28403216541325604,0
single-axis-pid,phi2,v,79.63944879399787,pid,,3227955.0,-1.4977230473007535,-0.11202594005571782,-0.9646112417941354,-0.14198694717274957,-0.22218204031140554,0.7115371,nan,-2.139440116434133,2.8747613284943756,2.793242041020223,-0.0815192874741526,-2.139440116434133,-0.6909685457674928,-0.00015517110451782545,0.0,0.2838769943087382,0
single-axis-pid,phi2,v,79.87260843699914,pid,,3228179.0,-1.5011979398138409,-0.12955610458684255,-0.9572684727552037,-0.13411600319512426,-0.25622249853571644,0.63790385,nan,-2.053016239109456,2.848200853937835,2.793242041020223,-0.054958812917611954,-2.053016239109456,-0.703793844432669,-0.0001205196737241507,0.0,0.283756474635014,0
single-axis-pid,phi2,v,80.10409316600271,pid,,3228428.0,-1.4906093408829828,-0.10950303499149791,-0.9635880215854853,-0.15587307723541668,-0.2172595416779946,0.73456565,nan,-2.1931386145028333,2.8709078867764926,2.793242041020223,-0.07766584575626956,-2.1931386145028333,-0.7218761175483717,-0.0001520854514080732,0.0,0.283604389183606,0
single-axis-pid,phi2,v,80.3336414209989,pid,,3228704.0,-1.4566644295966944,-0.18006008356589298,-0.9115791152685917,-0.2117714191206827,-0.35238669476832374,0.6762112,nan,-2.11192372679269,2.7179051442181015,2.793242041020223,0.07533689680212152,-2.11192372679269,-0.7044215930854518,5.363089700010654e-05,0.0,0.2836580200806061,0
single-axis-pid,phi2,v,80.56680863800284,pid,,3228856.0,-1.5122513547115448,-0.10476991469607533,-0.9714293096766093,-0.11426728514094507,-0.20800981671003954,0.74732395,nan,-2.0731296224258036,2.9019771955922016,2.793242041020223,-0.10873515457197858,-2.0731296224258036,-0.7294142670223133,-0.0001941259458256384,0.0,0.28346389413478046,0
single-axis-pid,phi2,v,80.79923158800375,pid,,3229154.0,1.5563443312696492,-0.18815127796091027,-0.9296412769191026,0.026877828509097736,-0.36748425623808145,0.64215365,nan,-1.4977862483844793,2.7642344139916992,2.793242041020223,0.029007627028523775,-1.4977862483844793,-0.7226448515805267,-9.52490937293168e-06,0.0,0.2834543692254075,0
single-axis-pid,phi2,v,81.03230497000186,pid,,3229339.0,1.4322805817799025,-0.22486595558745176,-0.8662265976350235,0.2463055464046161,-0.4347241186775523,0.7689379999999999,nan,-1.055313697583712,2.6183964060246043,2.793242041020223,0.17484563499561867,-1.055313697583712,-0.6820954217570556,0.00018815667516193524,0.0,0.28364252590056943,0
single-axis-pid,phi2,v,81.26397466599883,pid,,3229564.0,-1.5330442672318092,-0.1877015754849431,-0.9277092114873479,-0.0701792785592254,-0.3666476343608805,0.7678484999999999,nan,-1.7599168327252876,2.759025084136464,2.793242041020223,0.03421695688375914,-1.7599168327252876,-0.6741101838399023,6.837551975283592e-07,0.0,0.28364320965576695,0
single-axis-pid,phi2,v,81.49590754599922,pid,,3229813.0,-1.5392193289896885,-0.19880534931936605,-0.920150770272187,-0.05818857858667852,-0.38721654056814625,0.7563858,nan,-1.7199542347149899,2.739261684038436,2.793242041020223,0.05398035698178694,-1.7199542347149899,-0.6616337426885255,2.7939463526125165e-05,0.0,0.2836711491192931,0
single-axis-pid,phi2,v,81.72763586200017,pid,,3230037.0,1.4084953842737715,-0.23897028751231822,-0.8415736253683889,0.28319331294774164,-0.45995149807994873,0.72235125,nan,-1.0189107677932494,2.5709863236689547,2.793242041020223,0.22225571735126826,-1.0189107677932494,-0.6100233171647667,0.0002563569517360748,0.0,0.2839275060710292,0
single-axis-pid,phi2,v,81.95970274299907,pid,,3230324.0,-1.5234510263555425,-0.15271168749728944,-0.949447250931566,-0.09017339947824769,-0.30069698323233685,0.77043785,nan,-1.8621442102128452,2.8222667510990296,2.793242041020223,-0.02902471007880658,-1.8621442102128452,-0.6167400930577618,-8.002921753265158e-05,0.0,0.28384747685349654,0
single-axis-pid,phi2,v,82.2037624930017,pid,,3230515.0,1.508975069201673,-0.2148919514411385,-0.9021160782631694,0.11211178591939,-0.416674367818617,0.74497335,nan,-1.3079577400149534,2.6954450549447886,2.793242041020223,0.09779698607543441,-1.3079577400149534,-0.5940019514079865,9.103883388393363e-05,0.0,0.2839385156873805,0
single-axis-pid,phi2,v,82.43506942800013,pid,,3230792.0,1.5302928207590119,-0.10959640144140746,-0.9728724737984069,0.07898233212518133,-0.21744181046301897,0.7056839500000001,nan,-1.2223804425899938,2.9081357123181943,2.793242041020223,-0.11489367129797134,-1.2223804425899938,-0.6220241667230214,-0.00019518077678296568,0.0,0.2837433349105975,0
single-axis-pid,phi2,v,82.66753923500073,pid,,3231028.0,1.3347745685397434,-0.1785739408685304,-0.8344394932226129,0.42601421805035666,-0.3496035156707267,0.6695548499999999,nan,-0.6871991020018537,2.557911257638094,2.793242041020223,0.2353307833821292,-0.6871991020018537,-0.5676454147080717,0.0002766697815272328,0.0,0.28402000469212474,0
single-axis-pid,phi2,v,82.90034171700245,pid,,3231252.0,1.3699787923010642,-0.16340639596889475,-0.8717053489134353,0.3702323503115277,-0.32102615385433686,0.7113058,nan,-0.7143345349776795,2.62946803648284,2.793242041020223,0.163774004537383,-0.7143345349776795,-0.5295760900315023,0.00018355016188731092,0.0,0.28420355485401205,0
single-axis-pid,phi2,v,83.13497808099783,pid,,3231439.0,1.5229838481868945,-0.19946355944106495,-0.9172684131823714,0.08798208968300987,-0.3884299294247357,0.7037363999999999,nan,-1.3480479843397488,2.7319630746478505,2.793242041020223,0.06127896637237251,-1.3480479843397488,-0.5153064789768923,4.747824260678102e-05,0.0,0.2842510330966188,0
single-axis-pid,phi2,v,83.36836318499991,pid,,3231665.0,1.4547105896645987,-0.14483978059153013,-0.9326224081920917,0.22050462792573797,-0.28564515189534617,0.7432793,nan,-0.9133927089586744,2.7724094706073625,2.793242041020223,0.020832570412860463,-0.9133927089586744,-0.5104117949360695,-6.2674201825822e-06,0.0,0.28424476567643625,0
single-axis-pid,phi2,v,83.60099515700131,pid,,3231953.0,1.543987822220339,-0.19204773305799655,-0.9258054184300094,0.049686539401871205,-0.3747206626380529,0.7169105499999999,nan,-1.4389691128478566,2.7539571256010342,2.793242041020223,0.03928491541918877,-1.4389691128478566,-0.501247332790127,1.901414710987732e-05,0.0,0.2842637798235461,0
single-axis-pid,phi2,v,83.8354817799991,pid,,3232142.0,1.4427873284827524,-0.2801350126572468,-0.8195008973289125,0.21451438356226324,-0.5314149588805432,0.7454101,nan,-1.187133228757043,2.5313358865206075,2.793242041020223,0.2619061544996155,-1.187133228757043,-0.4403893803410171,0.00032070487492244016,0.0,0.28458448469846853,0
single-axis-pid,phi2,v,84.06890820300032,pid,,3232369.0,1.5504104969386876,-0.2073809584239851,-0.9144517010445259,0.037304386581269104,-0.4029720451825019,0.7779738,nan,-1.4784862817286395,2.7249473221049962,2.793242041020223,0.06829471891522676,-1.4784862817286395,-0.42435274717707183,6.293742198271155e-05,0.0,0.28464742212045124,0
single-axis-pid,phi2,v,84.30283545600105,pid,,3232620.0,1.4324744946576613,-0.19870809516630003,-0.8870049795836864,0.25184196029740546,-0.38703719876428444,0.7392649,nan,-0.9939348808216701,2.661614432429755,2.793242041020223,0.13162760859046818,-0.9939348808216701,-0.3936366442849669,0.00014966047881569662,0.0,0.28479708259926695,0
single-axis-pid,phi2,v,84.53551754100044,pid,,3232847.0,1.4838884393899219,-0.22205928031037947,-0.8893835164253058,0.15616474080104317,-0.42966211660035947,0.75862555,nan,-1.2221816167280442,2.6667912206142694,2.793242041020223,0.12645082040595357,-1.2221816167280442,-0.36408630161043526,0.00014471491771771142,0.0,0.2849417975169847,0
single-axis-pid,phi2,v,84.76649733100203,pid,,3233072.0,1.4776791899274628,-0.22300463222770245,-0.8865757531246422,0.16704650780148889,-0.43136863377255497,0.77061175,nan,-1.2013314251572096,2.6606857159414963,2.793242041020223,0.13255632507872672,-1.2013314251572096,-0.3332183753302076,0.0001549407450883562,0.0,0.28509673826207305,0
single-axis-pid,phi2,v,84.99962618500285,pid,,3233297.0,-1.5616869095855013,-0.17540619154707543,-0.9389379880333312,-0.017108248665815458,-0.3436608247320441,0.7676472000000001,nan,-1.6205376280477162,2.790327050253766,2.793242041020223,0.0029149907664569596,-1.6205376280477162,-0.3325457196311548,-1.8331988342796525e-05,0.0,0.28507840627373027,0
single-axis-pid,phi2,v,85.23856608400092,pid,,3233586.0,1.3853310217702288,-0.12171299861359583,-0.9045133911440277,0.35179615377553497,-0.24102902611484633,0.7959755,nan,-0.6006818908739788,2.7010335819076254,2.793242041020223,0.09220845911259756,-0.6006818908739788,-0.31101240136567787,0.0001024839816894215,0.0,0.2851808902554197,0
single-axis-pid,phi2,v,85.4705163769977,pid,,3233777.0,1.5125660606326883,-0.20214062234150426,-0.9131575691888092,0.10683023535589796,-0.3933580489159824,0.74809475,nan,-1.3056075656923087,2.7217609921665504,2.793242041020223,0.07148104885367257,-1.3056075656923087,-0.29394397188477644,7.591441583526265e-05,0.0,0.28525680467125497,0
single-axis-pid,phi2,v,85.70283904799726,pid,,3234066.0,1.5166122634004682,-0.13985017486611728,-0.9555000903432611,0.10395300314260361,-0.2760676556419703,0.7234954,nan,-1.2106683101632654,2.8421467540524414,2.793242041020223,-0.04890471303221844,-1.2106683101632654,-0.3052782636920794,-8.578713405211718e-05,0.0,0.28517101753720286,0
single-axis-pid,phi2,v,85.93493215699709,pid,,3234253.0,1.3241539543294603,-0.19300406352307725,-0.8159736878870971,0.4386795568159427,-0.3764932763114082,0.81125475,nan,-0.7092596252896333,2.525207846746283,2.793242041020223,0.26803419427394015,-0.7092596252896333,-0.2429548716238009,0.00034209498538313054,0.0,0.285513112522586,0
single-axis-pid,phi2,v,86.16712744800316,pid,,3234526.0,1.4406035906424106,-0.09800852531123866,-0.9477864286357766,0.25252284709845474,-0.19476420971813702,0.71884485,nan,-0.656977784686748,2.817017909388654,2.793242041020223,-0.02377586836843104,-0.656977784686748,-0.24846685037466773,-4.839478012923265e-05,0.0,0.28546471774245674,0
single-axis-pid,phi2,v,86.39904701199703,pid,,3234761.0,1.3989801939944833,-0.182970888947864,-0.8791953065849578,0.3146015105053264,-0.35782887315971185,0.67379795,nan,-0.849595088255851,2.6449669917852527,2.793242041020223,0.14827504923497026,-0.849595088255851,-0.21399771413874885,0.00018392444550616296,0.0,0.28564864218796293,0
single-axis-pid,phi2,v,86.63246786200034,pid,,3234947.0,1.4558716235549156,-0.22650023015912257,-0.8754912697322045,0.20485140313393332,-0.43766532791249424,0.7356636999999999,nan,-1.1330297975182324,2.6372478381610462,2.793242041020223,0.15599420285917676,-1.1330297975182324,-0.17785993830249566,0.0001966598261105081,0.0,0.28584530201407343,0
single-axis-pid,phi2,v,86.86361795200355,pid,,3235170.0,1.4094597199831824,-0.2738755465705657,-0.8096394539811229,0.2707100972649076,-0.5207686605355333,0.7127166,nan,-1.0914124861672434,2.514333887512472,2.793242041020223,0.2789081535077509,-1.0914124861672434,-0.11267558635319054,0.00036534092677065736,0.0,0.2862106429408441,0
single-axis-pid,phi2,v,87.09726292300184,pid,,3235394.0,-1.4120693066835577,-0.1611094441681254,-0.9011398443423672,-0.29608411836268395,-0.3166720319068395,0.7662308,nan,-2.322608255837546,2.6931879249367325,2.793242041020223,0.10005411608349046,-2.322608255837546,-0.08955409297400614,0.00012777624991178548,0.0,0.28633841919075587,0
single-axis-pid,phi2,v,87.33234962999995,pid,,3235643.0,-1.4552752423323414,-0.1724865781014129,-0.9160782915862141,-0.21550094594291225,-0.3381714150873685,0.72102045,nan,-2.138158721631674,2.7289850518210645,2.793242041020223,0.06425698919915845,-2.138158721631674,-0.07455617106874304,8.092155372897816e-05,0.0,0.28641934074448483,0
single-axis-pid,phi2,v,87.56321835100243,pid,,3235918.0,1.5577374910385409,-0.13060992890236886,-0.9657461802746592,0.025228778220705496,-0.2582592186823078,0.770371,nan,-1.4734174887191849,2.879100063515517,2.793242041020223,-0.08585802249529406,-1.4734174887191849,-0.09474411832136827,-0.00012111689874654432,0.0,0.2862982238457383,0
single-axis-pid,phi2,v,87.7959889220001,pid,,3236142.0,1.5323678610008615,-0.13423899990846058,-0.9613294594736183,0.0740306559991207,-0.26526426883487497,0.74393305,nan,-1.2986384813914538,2.8625859218268186,2.793242041020223,-0.06934388080659559,-1.2986384813914538,-0.11076954430398257,-0.00010011033840818364,0.0,0.2861981135073301,0
single-axis-pid,phi2,v,88.02960353699746,pid,,3236342.0,1.4820340932958758,-0.22315912302554533,-0.8878658169660295,0.15929482100771267,-0.4316473688827093,0.7210055,nan,-1.2172617334603497,2.663482036947196,2.793242041020223,0.1297600040730269,-1.2172617334603497,-0.0805931769712745,0.0001680890898886399,0.0,0.28636620259721873,0
single-axis-pid,phi2,v,88.26657896899997,pid,,3236567.0,1.50245437060952,-0.21248999743074332,-0.902549908622137,0.12413808679489724,-0.41230255620487566,0.7532672499999999,nan,-1.27834447998963,2.696451529942551,2.793242041020223,0.09679051107767211,-1.27834447998963,-0.057984037708563675,0.00012552343415904714,0.0,0.2864917260313778,0
single-axis-pid,phi2,v,88.49937335499999,pid,,3236818.0,1.3890117114668294,-0.21672788352606845,-0.8481983444328398,0.3227252771083451,-0.4200094808652911,0.7537735,nan,-0.91563782543246,2.583370887814352,2.793242041020223,0.2098711532058708,-0.91563782543246,-0.008254013562984143,0.00028002532397419436,0.0,0.286771751355352,0
single-axis-pid,phi2,v,88.7327481100001,pid,,3237043.0,1.549489792487223,-0.21351425428470547,-0.909374183439646,0.03877469730094144,-0.4141679820347021,0.7412427,nan,-1.4774477184843517,2.712573463555509,2.793242041020223,0.08066857746471401,-1.4774477184843517,0.010552734783174197,0.00010855134234751557,0.0,0.2868803026976995,0
single-axis-pid,phi2,v,88.96685310499743,pid,,3237272.0,1.5633069860377986,-0.18228834499088697,-0.9341699722736564,0.013993681055424579,-0.35655383856124045,0.772343,nan,-1.531569424109722,2.7767221367980275,2.793242041020223,0.016519904222195514,-1.531569424109722,0.014406568167084651,2.304849324293193e-05,0.0,0.2869033511909424,0
single-axis-pid,phi2,v,89.20141680000233,pid,,3237499.0,-1.4724870859309802,-0.157995961286601,-0.9321753216645452,-0.18568183327485774,-0.3107594350478992,0.7951477,nan,-2.1093828461039372,2.77117247891569,2.793242041020223,0.022069562104532814,-2.1093828461039372,0.01957723951659622,3.0813473232091065e-05,0.0,0.2869341646641745,0
single-axis-pid,phi2,v,89.4326972639974,pid,,3237750.0,-1.5404299572091502,-0.23085208379927394,-0.8936440104757593,-0.05434027578087606,-0.445474485205224,0.712695,nan,-1.6921795571962863,2.676196854974011,2.793242041020223,0.11704518604621184,-1.6921795571962863,0.046990991928402163,0.0001596190037960698,0.0,0.28709378366797056,0
single-axis-pid,phi2,v,89.66597049700067,pid,,3238038.0,1.4683252710726136,-0.14115162397926773,-0.9403175169614718,0.19545480030949558,-0.2785684625570298,0.70681025,nan,-0.9589704807765838,2.7943584873870373,2.793242041020223,-0.0011164463668142943,-0.9589704807765838,0.046732831551348324,1.6312808343586974e-06,0.0,0.2870954149488049,0
single-axis-pid,phi2,v,89.89769797900226,pid,,3238201.0,1.4339386103529503,-0.19529653587719573,-0.8902604354813832,0.24995155712449574,-0.38073688566717284,0.7762297499999999,nan,-0.9898693024579677,2.668712994996407,2.793242041020223,0.1245290460238162,-0.9898693024579677,0.0758109563068815,0.00017155066030239213,0.0,0.2872669656091073,0
single-axis-pid,phi2,v,90.1306065280005,pid,,3238488.0,1.5213015862501718,-0.14570747057481268,-0.9531492524697961,0.09466114431840736,-0.2873077970967694,0.7527661999999999,nan,-1.2525210018576096,2.834277765724554,2.793242041020223,-0.041035724704331145,-1.2525210018576096,0.06630336204343576,-5.042866953105484e-05,0.0,0.2872165369395763,0
single-axis-pid,phi2,v,90.35942793599679,pid,,3238675.0,1.4668036146162657,-0.28546591121559156,-0.8232647109347949,0.1737395191976729,-0.5404163165545708,0.70661875,nan,-1.2597405636749937,2.537934786545627,2.793242041020223,0.2553072544745958,-1.2597405636749937,0.1257034478544681,0.0003497233136152475,0.0,0.28756626025319154,0
single-axis-pid,phi2,v,90.59131089899893,pid,,3238900.0,1.469183531141901,-0.21333441027241126,-0.8916149808392542,0.18373543755076444,-0.41384056704369326,0.7349558,nan,-1.1529629216354116,2.671695764204981,2.793242041020223,0.12154627681524222,-1.1529629216354116,0.15354618803648293,0.00017275920908826578,0.0,0.2877390194622798,0
single-axis-pid,phi2,v,90.82220665999921,pid,,3239162.0,1.5372395143867321,-0.13107563994673221,-0.9636603314835298,0.06477201669247912,-0.2591589307329435,0.73027035,nan,-1.3258820031132532,2.8711784459104543,2.793242041020223,-0.07793640489023135,-1.3258820031132532,0.1354930525939038,-9.513625490329959e-05,0.0,0.2876438832073765,0
single-axis-pid,phi2,v,91.05604638699879,pid,,3239413.0,1.5299081035652493,-0.1842848684535584,-0.9297261917197808,0.07619963874416988,-0.3602815891569972,0.62342305,nan,-1.3623677033126738,2.764464936027663,2.793242041020223,0.02877710499255981,-1.3623677033126738,0.14214494147784357,4.7973844892615915e-05,0.0,0.28769185705226913,0
single-axis-pid,phi2,v,91.29703258500376,pid,,3239601.0,1.3675363732608032,-0.23854679884739782,-0.8159363162111382,0.351260534602114,-0.459199264719397,0.69936595,nan,-0.9178010914439065,2.525143202775638,2.793242041020223,0.268098838244585,-0.9178010914439065,0.20483949662132045,0.00037211425662773983,0.0,0.2880639713088969,0
single-axis-pid,phi2,v,91.53176181099843,pid,,3239851.0,1.4127796079932342,-0.22133839288431859,-0.858857702974239,0.28084045264292695,-0.428359762584127,0.7102971499999999,nan,-0.9904817206185621,2.6038316965107287,2.793242041020223,0.18941034450949434,-0.9904817206185621,0.25044695887430046,0.00026996412387658345,0.0,0.28833393543277347,0
single-axis-pid,phi2,v,91.7624416969993,pid,,3240126.0,1.4999418324779372,-0.09205328993192786,-0.9732456749227563,0.1388483316451637,-0.18306828519299417,0.7146825,nan,-0.9219084548997709,2.9097544229672185,2.793242041020223,-0.11651238194699554,-0.9219084548997709,0.2231022838143228,-0.00014085229161417312,0.0,0.2881930831411593,0
single-axis-pid,phi2,v,91.99463130599906,pid,,3240313.0,1.3744453817389632,-0.13298982084136518,-0.8913906973338278,0.3692290491200386,-0.2628545871629871,0.7107774,nan,-0.6186687406901195,2.6712006735767315,2.793242041020223,0.12204136744349148,-0.6186687406901195,0.2512506985587784,0.00017995216194372513,0.0,0.28837303530310304,0
single-axis-pid,phi2,v,92.22832201299752,pid,,3240562.0,1.5010872691538824,-0.14730233157337302,-0.9476320674301216,0.13297978963969342,-0.2903615682653203,0.6240106,nan,-1.141326085003886,2.816534223105467,2.793242041020223,-0.023292182085243862,-1.141326085003886,0.24584103297224635,-1.4706091122622363e-05,0.0,0.2883583292119804,0
single-axis-pid,phi2,v,92.46063300999958,pid,,3240824.0,1.5182590271546725,-0.047794494289247424,-0.9899447697208011,0.1044025578712658,-0.09544348491315194,0.6857732999999999,nan,-0.7405982848285344,2.9996621995872794,2.793242041020223,-0.20642015856705642,-0.7405982848285344,0.197595541272927,-0.00026275513516085087,0.0,0.28809557407681957,0
single-axis-pid,phi2,v,92.69431173300109,pid,,3241012.0,1.456839588042375,-0.12250789141338486,-0.945045801162621,0.21919725131330556,-0.2425716362677042,0.63073025,nan,-0.8359742245126691,2.8085309925100295,2.793242041020223,-0.015288951489806468,-0.8359742245126691,0.19404059899274154,-7.469163910190169e-06,0.0,0.28808810491290937,0
single-axis-pid,phi2,v,92.92533973199897,pid,,3241237.0,-1.5531989371228123,-0.13209303863985578,-0.9647075682029183,-0.03396669569001931,-0.26112367076906956,0.6034163,nan,-1.7001489784334305,2.8751268937434467,2.793242041020223,-0.08188485272322366,-1.7001489784334305,0.1749319559027954,-9.777864432772568e-05,0.0,0.2879903262685816,0
single-axis-pid,phi2,v,93.16042460499739,pid,,3241462.0,1.5167451036339061,-0.085040178677484,-0.9798180138502144,0.10633526353291854,-0.1692615475056454,0.5980376000000001,nan,-1.0098773404893269,2.9403453464548432,2.793242041020223,-0.14710330543462025,-1.0098773404893269,0.14094547329445595,-0.00018724112203452362,0.0,0.2878030851465471,0
single-axis-pid,phi2,v,93.3941130969979,pid,,3241712.0,1.4397322433469657,-0.09018434030993772,-0.950172446415636,0.2549327951214359,-0.1793922853527916,0.6538545499999999,nan,-0.6131945809584067,2.824584959606489,2.793242041020223,-0.031342918586266144,-0.6131945809584067,0.13356679997163068,-3.2974112652671615e-05,0.0,0.28777011103389444,0
single-axis-pid,phi2,v,93.62998677900032,pid,,3241936.0,1.4079880635953166,-0.09431210868226193,-0.9306488254345237,0.31421907810932637,-0.18750769229412098,0.59969635,nan,-0.5380204007526332,2.7669783574827576,2.793242041020223,0.026263683537465443,-0.5380204007526332,0.1397023649517234,4.445037371017822e-05,0.0,0.28781456140760464,0
single-axis-pid,phi2,v,93.86142668100365,pid,,3242160.0,1.5576309539597821,-0.040711423679997735,-0.9963415052656892,0.026240479302362337,-0.08133290927344879,0.6687543,nan,-1.2587090263301586,3.0560271502936978,2.793242041020223,-0.26278510927347476,-1.2587090263301586,0.07764578700920846,-0.00034612757399790005,0.0,0.28746843383360676,0
single-axis-pid,phi2,v,94.0928413770016,pid,,3242410.0,1.4998322816531686,-0.10153285068403983,-0.9696046152738202,0.13854565164249427,-0.2016729839385131,0.6090161999999999,nan,-0.9688610071747825,2.894405983118059,2.793242041020223,-0.10116394209783586,-0.9688610071747825,0.0542557418610108,-0.00013161949896579102,0.0,0.287336814334641,0
single-axis-pid,phi2,v,94.33347458200296,pid,,3242635.0,1.4905264798958635,-0.08863019314644799,-0.9716731205044283,0.15734619435157404,-0.1763335532797522,0.59558095,nan,-0.8422398070558268,2.903006675995445,2.793242041020223,-0.10976463497522193,-0.8422398070558268,0.028888806521858705,-0.0001448134330867153,0.0,0.2871920009015543,0
single-axis-pid,phi2,v,94.5656632379978,pid,,3242889.0,1.506311770512926,-0.08307555965668631,-0.978038004014402,0.12684072308111438,-0.16538770713624606,0.62693955,nan,-0.9165480441102751,2.9316266642360436,2.793242041020223,-0.13838462321582057,-0.9165480441102751,-0.004460143889021058,-0.00018530475205241368,0.0,0.28700669614950186,0
single-axis-pid,phi2,v,94.79794992999814,pid,,3243115.0,-1.5646751394418306,-0.07257518065412345,-0.989410019706955,-0.012113333370228971,-0.14464121147911058,0.6432989,nan,-1.6543488103632231,2.9959305477563993,2.793242041020223,-0.20268850673617633,-1.6543488103632231,-0.05151170881241239,-0.0002744178772373445,0.0,0.2867322782722645,0
single-axis-pid,phi2,v,95.0309321349996,pid,,3243340.0,1.5050103951838039,-0.12386967737970672,-0.9610900200787448,0.12718717202161536,-0.2452129616846999,0.57756495,nan,-1.09231627564181,2.8617178158435554,2.793242041020223,-0.06847577482333245,-1.09231627564181,-0.06741810486217979,-9.605193592945523e-05,0.0,0.28663622633633506,0
single-axis-pid,phi2,v,95.26090415100043,pid,,3243627.0,1.4674734069351458,-0.04847995601892358,-0.9741276179090127,0.20421455283028428,-0.09680805978450223,0.7096297,nan,-0.4426735401555062,2.913624578544525,2.793242041020223,-0.12038253752430217,-0.4426735401555062,-0.09545637507228863,-0.00016732038629088474,0.0,0.2864689059500442,0
single-axis-pid,phi2,v,95.49144649800292,pid,,3243815.0,1.464027497351347,-0.1033979555284524,-0.9564650736941525,0.2074033530776729,-0.2053251371249458,0.645174,nan,-0.7803628958101854,2.8454355087045906,2.793242041020223,-0.05219346768436761,-0.7803628958101854,-0.1074457812637768,-7.695974780927359e-05,0.0,0.28639194620223496,0
single-axis-pid,phi2,v,95.72340462200373,pid,,3244040.0,1.4714413866855334,-0.11035705633967778,-0.9565407891934333,0.19261599145881067,-0.21892646812010477,0.6378131499999999,nan,-0.8492426540945575,2.845695054850952,2.793242041020223,-0.05245301383072887,-0.8492426540945575,-0.11954439411258568,-7.811546814393199e-05,0.0,0.286313830734091,0
single-axis-pid,phi2,v,95.95545819499966,pid,,3244265.0,1.478958886267046,-0.08741608826866815,-0.9681913045840934,0.17985959521410913,-0.17394287492498284,0.6219530499999999,nan,-0.7686764915279265,2.8886943626350132,2.793242041020223,-0.09545232161479023,-0.7686764915279265,-0.14167788961693037,-0.00013708082335549856,0.0,0.2861767499107355,0
single-axis-pid,phi2,v,96.19208133400389,pid,,3244552.0,1.4916144805505689,-0.016569074669578906,-0.9869445070138756,0.15761600503410336,-0.03313208463450013,0.6845976,nan,-0.2071910326028399,2.979827391850219,2.793242041020223,-0.18658535082999617,-0.2071910326028399,-0.18501982072589135,-0.00026181390349845754,0.0,0.28591493600723705,0
single-axis-pid,phi2,v,96.42648411499977,pid,,3244739.0,1.4957603669186013,-0.085645539512311,-0.974290332368061,0.1473212538785194,-0.17045467552928592,0.5976212000000001,nan,-0.8580678765712095,2.9143456790853057,2.793242041020223,-0.12110363806508273,-0.8580678765712095,-0.21364833613873682,-0.00017618497733307807,0.0,0.285738751029904,0
single-axis-pid,phi2,v,96.65858720100368,pid,,3244964.0,1.5290780057296811,-0.06378324408464706,-0.9884238732960069,0.08266268160238378,-0.12722078355686334,0.656979,nan,-0.9945914706646195,2.989286840444732,2.793242041020223,-0.19604479942450892,-0.9945914706646195,-0.25961742473945437,-0.0002794467372385363,0.0,0.28545930429266547,0
single-axis-pid,phi2,v,96.89143457399769,pid,,3245189.0,1.5323989751457257,-0.046131873953989676,-0.9928119900852913,0.07639293519110422,-0.09213290289452139,0.64159605,nan,-0.878525949819867,3.021620675972012,2.793242041020223,-0.22837863495178912,-0.878525949819867,-0.3126638225551451,-0.0003262197816648932,0.0,0.28513308451100056,0
single-axis-pid,phi2,v,97.12488035899878,pid,,3245439.0,1.4338384786877731,-0.11116262083646566,-0.9390240276550083,0.2638454220106528,-0.22049822849761605,0.66935645,nan,-0.696139195678465,2.79057718799617,2.793242041020223,0.002664853024052949,-0.696139195678465,-0.31204312055980155,-1.7295900076175453e-05,0.0,0.2851157886109244,0
single-axis-pid,phi2,v,97.3665973879979,pid,,3245664.0,1.4777826166145915,-0.13415394910874795,-0.9475849014823565,0.17833874546915868,-0.26510025716162444,0.6264231499999999,nan,-0.978613354407984,2.816386568408444,2.793242041020223,-0.023144527388220926,-0.978613354407984,-0.31744472441481536,-5.216157065123955e-05,0.0,0.28506362704027316,0
single-axis-pid,phi2,v,97.59881098099868,pid,,3245913.0,1.4645348008929608,-0.13652846796424398,-0.9412863945221999,0.2031122301474218,-0.26967637169751857,0.64252145,nan,-0.9252693202695159,2.797216921410862,2.793242041020223,-0.00397488039063898,-0.9252693202695159,-0.3184063683009404,-2.6597921563255554e-05,0.0,0.28503702911870993,0
single-axis-pid,phi2,v,97.83083265199821,pid,,3246163.0,1.5625475161907862,-0.17246960117404503,-0.9409679455765293,0.01552514126111383,-0.3381394614449906,0.603728,nan,-1.5249151221818693,2.7962749108875937,2.793242041020223,-0.0030328698673707244,-1.5249151221818693,-0.31910914826702974,-2.5385523641298472e-05,0.0,0.28501164359506864,0
single-axis-pid,phi2,v,98.06277690899879,pid,,3246414.0,1.5248089117635275,-0.11456087575148237,-0.9697499962364126,0.08944494941605619,-0.22712231467523566,0.7279101,nan,-1.1956302369974674,2.895000859073008,2.793242041020223,-0.10175881805278486,-1.1956302369974674,-0.3427503533874216,-0.00015895269218383476,0.0,0.2848526909028848,0
single-axis-pid,phi2,v,98.29585915200005,pid,,3246658.0,1.5364275859883703,-0.11201086921118468,-0.9727094154872479,0.0669670984379082,-0.22215265190689054,0.73386275,nan,-1.278013165952194,2.907431917349339,2.793242041020223,-0.11418987632911604,-1.278013165952194,-0.3692335786172722,-0.00017734206611900918,0.0,0.28467534883676576,0
single-axis-pid,phi2,v,98.52995598800044,pid,,3246900.0,1.5049217170154274,-0.17165225115540503,-0.9334868345750845,0.12370272963182626,-0.3366006006480443,0.6726657,nan,-1.218611898736452,2.774812437917818,2.793242041020223,0.018429603102405157,-1.218611898736452,-0.36493864507235607,2.4421293576371984e-07,0.0,0.2846755930497015,0
single-axis-pid,phi2,v,98.7607396759995,pid,,3247127.0,1.4094775847534025,-0.11266096450666092,-0.924428956112958,0.309054258892998,-0.22342016507022477,0.7221869000000001,nan,-0.6259406213749861,2.750331782285376,2.793242041020223,0.042910258734846884,-0.6259406213749861,-0.35489285557170225,3.364395027328723e-05,0.0,0.2847092369999748,0
single-axis-pid,phi2,v,98.9939572229996,pid,,3247327.0,1.529375193998539,-0.10807452895309093,-0.9733809436908474,0.0808220569478603,-0.21446988965873984,0.72700495,nan,-1.210408486188894,2.910343880465975,2.793242041020223,-0.11710183944575192,-1.210408486188894,-0.3818916514487328,-0.00018208120388324634,0.0,0.28452715579609156,0
single-axis-pid,phi2,v,99.2272200150037,pid,,3247579.0,1.5052011506160636,-0.13083295053568,-0.9576597541656052,0.12636148572781722,-0.25869010451915475,0.76068355,nan,-1.1164179048246714,2.8495568727006186,2.793242041020223,-0.05631483168039564,-1.1164179048246714,-0.3950381973048404,-0.00010169374254380774,0.0,0.28442546205354774,0
single-axis-pid,phi2,v,99.4603468819987,pid,,3247767.0,1.4398005525263327,-0.18976022732970488,-0.8971466522079321,0.24057450433276684,-0.3704750899819624,0.7366627,nan,-0.9948658339236292,2.684063417252506,2.793242041020223,0.10917862376771703,-0.9948658339236292,-0.36957073472099194,0.00012125708439562191,0.0,0.2845467191379434,0
single-axis-pid,phi2,v,99.69493393800076,pid,,3248017.0,1.2637356928566341,-0.13955860149434557,-0.7856505897178022,0.5539395052128755,-0.27550712411947575,0.81148015,nan,-0.46153304926877414,2.4745433460967208,2.793242041020223,0.3186986949235022,-0.46153304926877414,-0.2952654825799498,0.0004063317266413496,0.0,0.2849530508645847,0
single-axis-pid,phi2,v,99.92584201000136,pid,,3248293.0,1.4615364524120569,-0.10111910516687883,-0.9563235354957662,0.21236661951732802,-0.20086242648056454,0.75763425,nan,-0.7575656031867064,2.844950919203295,2.793242041020223,-0.05170887818307213,-0.7575656031867064,-0.30737966347437184,-8.967649493851502e-05,0.0,0.2848633743696462,0
single-axis-pid,phi2,v,100.15740074199857,pid,,3248508.0,1.4809684433480217,-0.10061553474656947,-0.9640512934252347,0.17508513412868695,-0.19987571001067608,0.76437065,nan,-0.851417186795945,2.8726458915401283,2.793242041020223,-0.07940385051990528,-0.851417186795945,-0.3257154831978203,-0.00012792760487134158,0.0,0.28473544676477486,0
single-axis-pid,phi2,v,100.39616691200354,pid,,3248736.0,1.4558178126565042,-0.1497179752683837,-0.9303505457335588,0.21779323484124286,-0.2949813026458737,0.6657345,nan,-0.9348066305692271,2.7661640363770457,2.793242041020223,0.027078004643177334,-0.9348066305692271,-0.3194452284150735,1.484728501668754e-05,0.0,0.2847502940497915,0
single-axis-pid,phi2,v,100.6296433230018,pid,,3248936.0,1.4857760231592647,-0.1370940940543628,-0.9487619545604531,0.16290112425460948,-0.27076553934209036,0.6860525,nan,-1.0291779310348401,2.8200909257919404,2.793242041020223,-0.02684888477171743,-1.0291779310348401,-0.3258562945814191,-5.767620372305926e-05,0.0,0.2846926178460685,0
single-axis-pid,phi2,v,100.86218898800144,pid,,3249224.0,1.4904599851308868,-0.06184834092115638,-0.9795776175196792,0.15875988783784772,-0.12338147862699292,0.7137485,nan,-0.6606567332702147,2.9391462368292243,2.793242041020223,-0.14590419580900127,-0.6606567332702147,-0.35996613144060513,-0.00021912150488820743,0.0,0.28447349634118024,0
single-axis-pid,phi2,v,101.09410757599835,pid,,3249412.0,1.4996867158702227,-0.12838316749881878,-0.9574511062398102,0.1370934984354046,-0.2539542317956239,0.70618415,nan,-1.075790467840596,2.848833026510638,2.793242041020223,-0.05559098549041508,-1.075790467840596,-0.37288619114625526,-9.924527893334196e-05,0.0,0.2843742510622469,0
single-axis-pid,phi2,v,101.32730340000126,pid,,3249637.0,1.546137832557711,-0.1750883843435831,-0.938170034921859,0.046305267576804164,-0.3430638537785035,0.60255265,nan,-1.4366315104458722,2.788101942428531,2.793242041020223,0.005140098591692066,-1.4366315104458722,-0.3716930521240733,-1.7974044724234256e-05,0.0,0.28435627701752264,0
single-axis-pid,phi2,v,101.56013918900135,pid,,3249924.0,1.477427238608171,-0.07141787965258374,-0.972608382248488,0.1837641197255157,-0.1423505640364144,0.68983845,nan,-0.6590835060569251,2.906996876077273,2.793242041020223,-0.11375483505704986,-0.6590835060569251,-0.39819072653206783,-0.00017869610153622612,0.0,0.28417758091598644,0
single-axis-pid,phi2,v,101.7918534240016,pid,,3250110.0,1.559219904070387,-0.13880443530212982,-0.9614557385911121,0.022264414575222966,-0.2740568528131375,0.67828285,nan,-1.489734218710766,2.863044817679073,2.793242041020223,-0.06980277665884982,-1.489734218710766,-0.4144358940065476,-0.00012102243722593976,0.0,0.2840565584787605,0
single-axis-pid,phi2,v,102.02640296900063,pid,,3250335.0,-1.5191893497623303,-0.13639332396819928,-0.9578988163582117,-0.09922111306990912,-0.2694160877540633,0.6867928000000001,nan,-1.9236643319534572,2.8503883811610353,2.793242041020223,-0.057146340140812324,-1.9236643319534572,-0.42769465165401244,-0.00010498831064615205,0.0,0.28395157016811434,0
single-axis-pid,phi2,v,102.25724794199778,pid,,3250623.0,1.5231702742970965,-0.07615388704502066,-0.9839429994811144,0.09400712174085696,-0.15171959278256528,0.7296598999999999,nan,-1.016081669247633,2.962148195988409,2.793242041020223,-0.16890615496818606,-1.016081669247633,-0.4672651157734948,-0.00025704526786949163,0.0,0.2836945249002448,0
single-axis-pid,phi2,v,102.48973038700206,pid,,3250836.0,-1.5472938466471302,-0.11728044368394602,-0.9715422080097879,-0.04570096611981906,-0.23241591974557455,0.61940545,nan,-1.7649536531530843,2.902453363376728,2.793242041020223,-0.10921132235650521,-1.7649536531530843,-0.49247034142131757,-0.00017892400052358745,0.0,0.2835156008997212,0
single-axis-pid,phi2,v,102.72139417599828,pid,,3251036.0,1.4889701259008334,-0.12277368783593906,-0.9570439928623582,0.15803591856345428,-0.24308731799474773,0.64302975,nan,-0.9943367772059535,2.847425640592128,2.793242041020223,-0.054183599571905106,-0.9943367772059535,-0.5050831364434127,-0.00010620045742527456,0.0,0.28340940044229596,0
single-axis-pid,phi2,v,102.95355413600191,pid,,3251286.0,1.5031133631359173,-0.12256343002203554,-0.9612320259288925,0.13091869161287042,-0.2426793945002564,0.6611175499999999,nan,-1.0760720979033485,2.8622323519993866,2.793242041020223,-0.06899031097916364,-1.0760720979033485,-0.5210456311828612,-0.00012706258661661937,0.0,0.28328233785567936,0
single-axis-pid,phi2,v,103.18691524099995,pid,,3251510.0,-1.5706032258742946,-0.10313343853275708,-0.9788022313419033,-0.0003780152427126477,-0.2048073461196828,0.6928224000000001,nan,-1.5726420360461526,2.9353254201160177,2.793242041020223,-0.14208337909579472,-1.5726420360461526,-0.5540307761219385,-0.0002269857151509166,0.0,0.28305535214052846,0
single-axis-pid,phi2,v,103.42721693200292,pid,,3251734.0,1.5417932923096176,-0.13704979957865673,-0.9610502139595704,0.0558093530254417,-0.2706802585397499,0.67441285,nan,-1.3674638203901524,2.861573749762391,2.793242041020223,-0.0683317087421682,-1.3674638203901524,-0.569981442383731,-0.00012945321830727476,0.0,0.2829258989222212,0
single-axis-pid,phi2,v,103.66111269099929,pid,,3252022.0,-1.5292489132172118,-0.03443117525724859,-0.9941877136978398,-0.08280252092356916,-0.06880793893849796,0.70243265,nan,-2.4482398368248948,3.033723051841105,2.793242041020223,-0.2404810108208819,-2.4482398368248948,-0.6277551003838904,-0.00036346176682822595,0.0,0.282562437155393,0
single-axis-pid,phi2,v,103.89465985500283,pid,,3252209.0,-1.5360494098258612,-0.09408720512962689,-0.9799762611190826,-0.06821215068337885,-0.1870658444030115,0.63256905,nan,-1.9204556438782074,2.9411385539215327,2.793242041020223,-0.14789651290130967,-1.9204556438782074,-0.662383204200343,-0.00024200012888330453,0.0,0.28232043702650966,0
single-axis-pid,phi2,v,104.12766737600032,pid,,3252434.0,1.547998538597569,-0.1040901725027761,-0.977391762074782,0.044595649178793696,-0.20667987686921693,0.6370454999999999,nan,-1.3582827684256837,2.9285483201003113,2.793242041020223,-0.1353062790800883,-1.3582827684256837,-0.6939926263385247,-0.00022728116035399074,0.0,0.2820931558661557,0
single-axis-pid,phi2,v,104.36150165800063,pid,,3252659.0,1.566390796140369,-0.09066032086456845,-0.9835682201765537,0.008666504164884589,-0.18032872196155184,0.7273445000000001,nan,-1.522773799257335,2.9600604051073245,2.793242041020223,-0.1668183640871015,-1.522773799257335,-0.7328296999300256,-0.00027200578190004587,0.0,0.2818211500842556,0
single-axis-pid,phi2,v,104.59496746899822,pid,,3252909.0,1.4610142361327694,-0.11968652868934444,-0.94816380645221,0.21159399295597717,-0.2370936065755503,0.6664011999999999,nan,-0.8421686505332286,2.8182033500310366,2.793242041020223,-0.024961309010813615,-0.8421686505332286,-0.7386698680697342,-8.274725554982944e-05,0.0,0.28173840282870577,0
single-axis-pid,phi2,v,104.82699245699769,pid,,3253134.0,1.511887060096775,-0.13890226597704453,-0.9549930692673656,0.11303940863128173,-0.2742450177260961,0.6126008000000001,nan,-1.1798308263893431,2.8404327421010307,2.793242041020223,-0.047190701080807695,-1.1798308263893431,-0.7496758214087111,-0.00011320145742919657,0.0,0.28162520137127656,0
single-axis-pid,phi2,v,105.06000427599793,pid,,3253359.0,1.5427188946414883,-0.07718918378948594,-0.9865497835276082,0.05545787452770339,-0.1537658895025124,0.70666495,nan,-1.2246527425919587,2.977394745721954,2.793242041020223,-0.18415270470173084,-1.2246527425919587,-0.7924561318286798,-0.0002991658216278769,0.0,0.2813260355496487,0
single-axis-pid,phi2,v,105.29262283699791,pid,,3253609.0,-1.5452815720556738,-0.10888801070677817,-0.9751093968082618,-0.04980259054187001,-0.21605871014968756,0.6779177999999999,nan,-1.797344190917067,2.91801022533062,2.793242041020223,-0.12476818431039716,-1.797344190917067,-0.8215387848477685,-0.00022171859808934032,0.0,0.28110431695155935,0
single-axis-pid,phi2,v,105.5264351079968,pid,,3253834.0,1.5096261057118916,-0.1459492013243228,-0.9505412006907645,0.1168733014936913,-0.28777084144736487,0.66334195,nan,-1.185013889408833,2.8257700486484847,2.793242041020223,-0.03252800762826169,-1.185013889408833,-0.8291049625824991,-9.890832722248807e-05,0.0,0.28100540862433687,0
single-axis-pid,phi2,v,105.75934279100329,pid,,3254121.0,1.5347245516620407,-0.09391073144538953,-0.9798578699032588,0.07081332197932513,-0.18671911583686493,0.69754125,nan,-1.2083043896946928,2.9405448323014696,2.793242041020223,-0.14730279128124657,-1.2083043896946928,-0.8635327595090363,-0.00025465223887762294,0.0,0.28075075638545927,0
single-axis-pid,phi2,v,105.99220230300125,pid,,3254333.0,1.5570238781366663,-0.1633687267726768,-0.9467352444485653,0.026084322338826293,-0.3209548021872232,0.6569528499999999,nan,-1.489703537738743,2.813737670789971,2.793242041020223,-0.020495629769747836,-1.489703537738743,-0.8683010137688915,-8.544228597481853e-05,0.0,0.2806653140994844,0
single-axis-pid,phi2,v,106.22422009600268,pid,,3254557.0,-1.5677988206203586,-0.1527547646467492,-0.9536766826768692,-0.005717371984283938,-0.3007791491710078,0.6287498499999999,nan,-1.5898025761987356,2.8360261510606537,2.793242041020223,-0.0427841100404307,-1.5898025761987356,-0.8782637808890728,-0.00011590575109743668,0.0,0.280549408348387,0
single-axis-pid,phi2,v,106.46427077599947,pid,,3254806.0,1.517047666252781,-0.11912844778030841,-0.9661416261506477,0.10425954275174402,-0.236009122629146,0.7090237500000001,nan,-1.1548153369917515,2.880628353840028,2.793242041020223,-0.08738631281980513,-1.1548153369917515,-0.8985486408087717,-0.00017689044688146426,0.0,0.2803725179015055,0
single-axis-pid,phi2,v,106.69692770900292,pid,,3255069.0,1.463443764783909,-0.1263273489727054,-0.9460204406047554,0.2062951725346204,-0.24997525426908881,0.7173487000000001,nan,-0.8808401834492048,2.8115250676180765,2.793242041020223,-0.018283026597853524,-0.8808401834492048,-0.9029425219191559,-8.479986767526768e-05,0.0,0.28028771803383024,0
single-axis-pid,phi2,v,106.92803280799853,pid,,3255285.0,1.554570851835187,-0.15030013453400184,-0.9546560477036733,0.030990374642265058,-0.2960936123295032,0.7438806,nan,-1.4665119071630144,2.8392986369126265,2.793242041020223,-0.04605659589240352,-1.4665119071630144,-0.9136390204077812,-0.00012264540299120486,0.0,0.280165072630839,0
single-axis-pid,phi2,v,107.16066376199888,pid,,3255474.0,-1.5656580700266751,-0.21968411896367349,-0.9049727873361958,-0.00930029249263874,-0.4253677923168467,0.6983302,nan,-1.5926569639086898,2.7021120846339173,2.793242041020223,0.09112995638630572,-1.5926569639086898,-0.892576856837809,6.216740947091788e-05,0.0,0.2802272400403099,0
single-axis-pid,phi2,v,107.39424679300282,pid,,3255762.0,1.5169534976237815,-0.1710273935376566,-0.9366105055302968,0.10125119821387776,-0.33542354686356735,0.7324172,nan,-1.2776333119365044,2.7836240635670086,2.793242041020223,0.009617977453214355,-1.2776333119365044,-0.8903367933887629,-4.665634201195795e-05,0.0,0.28018058369829796,0
single-axis-pid,phi2,v,107.62748764100252,pid,,3255925.0,-1.4742165577454895,-0.18452762112679147,-0.9153233838744999,-0.1790356431369777,-0.3607344472310119,0.7230467,nan,-2.031486534603751,2.727106516148765,2.793242041020223,0.0661355248714579,-2.031486534603751,-0.8748915207665536,2.9934493573407218e-05,0.0,0.28021051819187137,0
single-axis-pid,phi2,v,107.86115591099951,pid,,3256213.0,-1.5628221612926747,-0.1552063613446031,-0.9520864900768784,-0.015185477982141914,-0.3054516601224229,0.7215396000000001,nan,-1.6204702616699134,2.8307837328603305,2.793242041020223,-0.03754169184010747,-1.6204702616699134,-0.8836426066022156,-0.0001092567022407274,0.0,0.28010126148963066,0
single-axis-pid,phi2,v,108.09148404200096,pid,,3256463.0,-1.5271459163621846,-0.13963522556774924,-0.9575960460918117,-0.08381195154495584,-0.27565443817859125,0.7297256999999999,nan,-1.865961972024289,2.84933567050261,2.793242041020223,-0.05609362948238683,-1.865961972024289,-0.8967611871565011,-0.0001349357284256756,0.0,0.279966325761205,0
single-axis-pid,phi2,v,108.32521055100369,pid,,3256689.0,1.5586457303990766,-0.1544231961456949,-0.9524035649038936,0.02314909971021087,-0.3039598143520977,0.77774595,nan,-1.4947846371178188,2.831822183577829,2.793242041020223,-0.03858014255760622,-1.4947846371178188,-0.9056357557827868,-0.00011211514231606737,0.0,0.27985421061888893,0
single-axis-pid,phi2,v,108.55632834399876,pid,,3256876.0,1.5337659924645157,-0.22095222270197645,-0.9014609330098415,0.06688513213972186,-0.4276617417488709,0.7069414,nan,-1.4156558204616951,2.693929136229062,2.793242041020223,0.09931290479116095,-1.4156558204616951,-0.8823957448361692,7.378776285410447e-05,0.0,0.27992799838174304,0
single-axis-pid,phi2,v,108.78924785900017,pid,,3257102.0,-1.5340591437134483,-0.21438700836418623,-0.9070223517537491,-0.06676307541547137,-0.4157561126191245,0.6953821,nan,-1.7300193086831013,2.7069542221120995,2.793242041020223,0.08628781890812354,-1.7300193086831013,-0.8624547398172789,5.770746371122699e-05,0.0,0.2799857058454543,0
single-axis-pid,phi2,v,109.02247201499995,pid,,3257326.0,-1.556067255143007,-0.19141871872141802,-0.9272059830569618,-0.027321670264701347,-0.37355400053716475,0.78329755,nan,-1.6438061393619976,2.757679293747888,2.793242041020223,0.035562747272335216,-1.6438061393619976,-0.8541711837767558,-9.553246826897374e-06,0.0,0.2799761525986274,0
single-axis-pid,phi2,v,109.25312572599796,pid,,3257613.0,-1.5669896913625079,-0.15872857718122876,-0.9500047098192644,-0.007232782921139021,-0.31215178707230007,0.7866299999999999,nan,-1.5939629055321753,2.824047308137655,2.793242041020223,-0.030805267117432145,-1.5939629055321753,-0.8613494818614048,-9.876058015655849e-05,0.0,0.27987739201847084,0
single-axis-pid,phi2,v,109.49432337700273,pid,,3257838.0,-1.5404289467440908,-0.16874299184799466,-0.9418502967032507,-0.057273490932650634,-0.33111594017260204,0.7078687,nan,-1.7420727135083678,2.7988911107855574,2.793242041020223,-0.0056490697653344135,-1.7420727135083678,-0.8626522274768508,-6.521630375931462e-05,0.0,0.2798121757147115,0
single-axis-pid,phi2,v,109.72458800899767,pid,,3258026.0,-1.4436154148385538,-0.15504470273363022,-0.9216649569224781,-0.2396267541135643,-0.3051437790519152,0.7963487,nan,-2.2365039781556777,2.7431464453389474,2.793242041020223,0.05009559568127564,-2.2365039781556777,-0.8505576299275572,1.0117288611638347e-05,0.0,0.2798222930033231,0
single-axis-pid,phi2,v,109.95727015699958,pid,,3258275.0,1.5296672193305505,-0.21077540367614844,-0.90937019920044,0.07497234359374098,-0.409175987201368,0.7230065999999999,nan,-1.3895788269747003,2.7125638856760133,2.793242041020223,0.08067815534420975,-1.3895788269747003,-0.8320036340401109,5.224340243784142e-05,0.0,0.279874536405761,0
single-axis-pid,phi2,v,110.18973485800234,pid,,3258500.0,1.5521934846667975,-0.24979601533372853,-0.8771706120162954,0.03265079998414665,-0.4790674719445615,0.7049129,nan,-1.5027466531920726,2.6407340709105367,2.793242041020223,0.1525079701096863,-1.5027466531920726,-0.796507427483319,0.00015064553774926843,0.0,0.2800251819435103,0
single-axis-pid,phi2,v,110.41934398900048,pid,,3258726.0,1.5227706459417478,-0.2470521750977583,-0.876335743354776,0.08443305727521155,-0.47424331704093947,0.7515963,nan,-1.3946050236164134,2.63899816048215,2.793242041020223,0.1542438805380728,-1.3946050236164134,-0.760618245014923,0.00015536529417620157,0.0,0.2801805472376865,0
single-axis-pid,phi2,v,110.65262484300183,pid,,3258980.0,1.4460458804989302,-0.24755611545073247,-0.8526694992251227,0.2172690049739252,-0.4751304079606134,0.71008665,nan,-1.1419024800932447,2.5918700852317755,2.793242041020223,0.20137195578844747,-1.1419024800932447,-0.7143593074845331,0.00022146307190549382,0.0,0.280402010309592,0
single-axis-pid,phi2,v,110.8863981789982,pid,,3259206.0,1.536135334025541,-0.23142323278613383,-0.8926360850350051,0.061978617793373415,-0.44649688759251377,0.73786885,nan,-1.4328668542946124,2.6739559124705465,2.793242041020223,0.11928612854967646,-1.4328668542946124,-0.6865432712367721,0.00011358176959739958,0.0,0.2805155920791894,0
single-axis-pid,phi2,v,111.11919340999884,pid,,3259430.0,1.5061171176775012,-0.2427531939029119,-0.8770491443283359,0.11409078428657725,-0.4666562882612934,0.72267455,nan,-1.3310142990185325,2.6404811658946103,2.793242041020223,0.15276087512561265,-1.3310142990185325,-0.6508031077507813,0.0001607232631903903,0.0,0.2806763153423798,0
single-axis-pid,phi2,v,111.3525467080035,pid,,3259691.0,1.5299643967917826,-0.14899697948251536,-0.9527416300186093,0.07797798090227163,-0.2936031691312071,0.7227573,nan,-1.311199660697078,2.8329331035418543,2.793242041020223,-0.03969106252163135,-1.311199660697078,-0.6600344139917546,-9.71830925248227e-05,0.0,0.280579132249855,0
single-axis-pid,phi2,v,111.58468512700347,pid,,3259940.0,-1.520549797569342,-0.19840189868252964,-0.9176477734559245,-0.09252891995158442,-0.38647246065402596,0.62302275,nan,-1.805792049143509,2.7329166432437515,2.793242041020223,0.0603253977764715,-1.805792049143509,-0.6459540632975863,3.747026758360181e-05,0.0,0.2806166025174386,0
single-axis-pid,phi2,v,111.81530568600283,pid,,3260139.0,-1.5642955289205518,-0.11477431101371208,-0.9736868973060226,-0.012660196798793438,-0.2275380087624631,0.71111005,nan,-1.626378937360223,2.9116826021039977,2.793242041020223,-0.11844056108377465,-1.626378937360223,-0.6734149176629475,-0.00020335783779321613,0.0,0.28041324467964535,0
single-axis-pid,phi2,v,112.04817313200328,pid,,3260362.0,-1.5356104476136314,-0.15294977548043043,-0.951216268740273,-0.0670494784320255,-0.30115108753884,0.62740275,nan,-1.7898671525523604,2.827950769948943,2.793242041020223,-0.03470872892871979,-1.7898671525523604,-0.6814213433306936,-9.195181408066409e-05,0.0,0.2803212928655647,0
single-axis-pid,phi2,v,112.28164148500218,pid,,3260610.0,-1.5314922428252438,-0.12692700980087887,-0.9649626631854434,-0.07601057424670934,-0.25113632007485875,0.67222015,nan,-1.8646977373610725,2.8760973701248043,2.793242041020223,-0.08285532910458127,-1.8646977373610725,-0.7007299076319945,-0.00015760975958362193,0.0,0.28016368310598105,0
single-axis-pid,phi2,v,112.52280292799696,pid,,3260834.0,-1.4841191591784313,-0.13766985961828088,-0.9479091861724324,-0.16599027235902633,-0.27187387563370824,0.6777624,nan,-2.11893086527924,2.817403063415228,2.793242041020223,-0.02416102239500484,-2.11893086527924,-0.7063722035757473,-7.951841131423344e-05,0.0,0.2800841646946668,0
single-axis-pid,phi2,v,112.75427566599683,pid,,3261119.0,-1.490107601861566,-0.09107122535138108,-0.9706797007228761,-0.1580199567321135,-0.18113699754309923,0.7279639,nan,-2.2881394474650323,2.8988388268112075,2.793242041020223,-0.10559678579098453,-2.2881394474650323,-0.7318314042582066,-0.00019009182954829237,0.0,0.2798940728651185,0
single-axis-pid,phi2,v,112.99007202900248,pid,,3261355.0,-1.4094143479821029,-0.1975628626251828,-0.875289297162896,-0.29274901132292597,-0.38492422974078,0.65967195,nan,-2.221006901540462,2.6368300360408043,2.793242041020223,0.15641200497941865,-2.221006901540462,-0.6956622688195961,0.0001626058502134966,0.0,0.280056678715332,0
single-axis-pid,phi2,v,113.22367578699777,pid,,3261591.0,-1.5295815668137427,-0.11195778455080023,-0.9717248518694503,-0.08028072130998425,-0.22204913430419718,0.741163,nan,-1.9177188429481051,2.903225670229254,2.793242041020223,-0.10998362920903082,-1.9177188429481051,-0.7216287295858701,-0.0001952746086256494,0.0,0.27986140410670635,0
single-axis-pid,phi2,v,113.45632454199949,pid,,3261826.0,-1.4467062877866053,-0.1371408820336168,-0.9331263405159236,-0.2364581707189744,-0.27085561861552193,0.7015374000000001,nan,-2.28849500676172,2.773808500444995,2.793242041020223,0.019433540575227948,-2.28849500676172,-0.7170874597133293,-2.1953035841561095e-05,0.0,0.2798394510708648,0
single-axis-pid,phi2,v,113.68811248100246,pid,,3262012.0,-1.527943033827165,-0.1601775664193509,-0.9456398283793516,-0.08124659420874321,-0.3149036454411896,0.66972845,nan,-1.8232944420027049,2.8103527317546937,2.793242041020223,-0.01711069073447069,-1.8232944420027049,-0.7210624408384995,-7.107478221459361e-05,0.0,0.2797683762886502,0
single-axis-pid,phi2,v,113.92039779300103,pid,,3262272.0,1.5602177596364557,-0.12944276351341774,-0.9664595414958632,0.020450565812612856,-0.2560033769495041,0.69616205,nan,-1.4910816353297918,2.881863381097897,2.793242041020223,-0.08862134007767386,-1.4910816353297918,-0.7416003643528236,-0.00016805033721894446,0.0,0.27960032595143125,0
single-axis-pid,phi2,v,114.15318549900257,pid,,3262483.0,1.5592464980160794,-0.12225490997028722,-0.9699972546964204,0.022410590610703926,-0.24208075369571894,0.760966,nan,-1.478484579155653,2.8960158436589363,2.793242041020223,-0.10277380263871327,-1.478484579155653,-0.7654747166504953,-0.00018856666885259122,0.0,0.27941175928257866,0
single-axis-pid,phi2,v,114.38712725100049,pid,,3262744.0,1.5667186589117388,-0.13956640322627048,-0.9612627633078346,0.007839594397707332,-0.2755221236805958,0.7042243,nan,-1.5423504087076958,2.8623438456657166,2.793242041020223,-0.06910180464549365,-1.5423504087076958,-0.781576528526392,-0.00014462685032779,0.0,0.2792671324322509,0
single-axis-pid,phi2,v,114.6206713060019,pid,,3262981.0,-1.5565873252966214,-0.14263101185040544,-0.959200502467662,-0.027265902974230337,-0.28140889573854033,0.6720688,nan,-1.6673855193918545,2.8549570336752934,2.793242041020223,-0.06171499265507041,-1.6673855193918545,-0.7960157439290012,-0.00013571660058766418,0.0,0.27913141583166323,0
single-axis-pid,phi2,v,114.85358557900327,pid,,3263217.0,1.5450604016505853,-0.16962986915902503,-0.9417523798186117,0.0485165909046933,-0.3327891156768319,0.7541338,nan,-1.4260284202495543,2.7985998387922795,2.793242041020223,-0.005357797772056472,-1.4260284202495543,-0.7972672893555749,-6.045624062377486e-05,0.0,0.27907095959103945,0
single-axis-pid,phi2,v,115.08564250299969,pid,,3263404.0,1.4590573639505697,-0.23641909013412765,-0.8681403603659156,0.19730583664518048,-0.4554148894464073,0.7371761,nan,-1.1619635845338692,2.6222394136229203,2.793242041020223,0.17100262739730265,-1.1619635845338692,-0.7574415917496683,0.00017798243198790292,0.0,0.27924894202302736,0
single-axis-pid,phi2,v,115.31786248199933,pid,,3263667.0,1.4896777132155274,-0.16335375769095234,-0.9346671110363327,0.1529823737126084,-0.3209264477730861,0.7293651999999999,nan,-1.1259701442918342,2.7781179028531153,2.793242041020223,0.01512413816710767,-1.1259701442918342,-0.7539364471536962,-3.0177455849374096e-05,0.0,0.279218764567178,0
single-axis-pid,phi2,v,115.55873665500258,pid,,3263855.0,1.5194692147642144,-0.2126251666740199,-0.9061400313025346,0.0933472266499298,-0.4125488321978482,0.73134505,nan,-1.3482738651065185,2.7048635655025186,2.793242041020223,0.08837847551770439,-1.3482738651065185,-0.7333868510614373,6.913001856026565e-05,0.0,0.27928789458573827,0
single-axis-pid,phi2,v,115.79066833399702,pid,,3264142.0,1.4411983612524353,-0.14093565008322442,-0.9284512079232732,0.24618882311797052,-0.2781535868501497,0.7450384999999999,nan,-0.8462844356022261,2.761017667386349,2.793242041020223,0.03222437363387387,-0.8462844356022261,-0.7256327496273273,-5.424162212754361e-06,0.0,0.2792824704235255,0
single-axis-pid,phi2,v,116.02503841900034,pid,,3264329.0,1.499077006865965,-0.1996515167971267,-0.9118703806943287,0.1317019285608861,-0.3887762992078135,0.7373283500000001,nan,-1.2441695890431756,2.718614161652934,2.793242041020223,0.07462787936728921,-1.2441695890431756,-0.7083247971397166,5.242210054033889e-05,0.0,0.27933489252406585,0
single-axis-pid,phi2,v,116.25671828500344,pid,,3264580.0,1.5682608695187055,-0.12579925579545898,-0.9685032536170718,0.004911239339023431,-0.24895246024351855,0.736432,nan,-1.5510712661710968,2.8899441282216194,2.793242041020223,-0.09670208720139639,-1.5510712661710968,-0.7310259917627209,-0.00017814665560683898,0.0,0.279156745868459,0
single-axis-pid,phi2,v,116.48974376600381,pid,,3264854.0,-1.4941876650451957,-0.09677078209383096,-0.9698331176071291,-0.14976904293716456,-0.19233553434069903,0.71195405,nan,-2.232405317089875,2.8953416111337558,2.793242041020223,-0.10209957011353277,-2.232405317089875,-0.7546615204128952,-0.00018694247743814298,0.0,0.27896980339102084,0
single-axis-pid,phi2,v,116.72216348999791,pid,,3265091.0,-1.4570088018523102,-0.12186815480686043,-0.9454215173594881,-0.21894725298025927,-0.24133017823322778,0.7139771,nan,-2.307603564333037,2.8096821050761616,2.793242041020223,-0.016440064055938564,-2.307603564333037,-0.7584930451284723,-7.268027197956872e-05,0.0,0.2788971231190413,0
single-axis-pid,phi2,v,116.9532433600034,pid,,3265279.0,-1.495036649294543,-0.11521017947642383,-0.9624161698126826,-0.1469509747246495,-0.2283867927673602,0.7034202,nan,-2.1425392317904026,2.8665594096731346,2.793242041020223,-0.07331736865291161,-2.1425392317904026,-0.7755128376165992,-0.00014985731638497368,0.0,0.27874726580265635,0
single-axis-pid,phi2,v,117.18589796499873,pid,,3265479.0,-1.5456774507655693,-0.10164720868347561,-0.9781710919010083,-0.04918249986723746,-0.20189699521290175,0.7245645000000001,nan,-1.8097442813249764,2.932266159669794,2.793242041020223,-0.1390241186495711,-1.8097442813249764,-0.8076485901830412,-0.00023984888728512571,0.0,0.27850741691537123,0
single-axis-pid,phi2,v,117.41707953599689,pid,,3265779.0,-1.4654914304773101,-0.07678131774793787,-0.9663960473103154,-0.20659616889452803,-0.15295980760024042,0.7060913,nan,-2.504276402004147,2.8816162627079716,2.793242041020223,-0.08837422168774856,-2.504276402004147,-0.8282300057586399,-0.0001735107292395119,0.0,0.27833390618613174,0
single-axis-pid,phi2,v,117.65075792199787,pid,,3266016.0,-1.500198524308776,-0.11278959455507649,-0.9649652981428107,-0.13716156622105477,-0.22367091481000295,0.71438895,nan,-2.120886532813156,2.8761074125572126,2.793242041020223,-0.08286537153698958,-2.120886532813156,-0.8473628946430165,-0.00016742487850210914,0.0,0.2781664813076296,0
single-axis-pid,phi2,v,117.88380528400012,pid,,3266229.0,-1.5494933136102185,-0.12289370943805678,-0.969065805318766,-0.04131304443883272,-0.24332015395582582,0.725163,nan,-1.7389812389118664,2.892213380437898,2.793242041020223,-0.098971339417675,-1.7389812389118664,-0.8705089128432403,-0.00019050416882260176,0.0,0.277975977138807,0
single-axis-pid,phi2,v,118.12010583200026,pid,,3266429.0,1.5626866126031072,-0.13024206037301567,-0.9661383119980206,0.015671585424765204,-0.25754837118469537,0.7508812,nan,-1.5100221651364096,2.8806155092095684,2.793242041020223,-0.08737346818934544,-1.5100221651364096,-0.8908798351188656,-0.0001763606529755264,0.0,0.27779961648583146,0
single-axis-pid,phi2,v,118.3526297319986,pid,,3266716.0,1.5047221906200052,-0.18510912523790188,-0.9241202353885701,0.12283676600117562,-0.36181890423766716,0.7265308500000001,nan,-1.2435079411671357,2.749523037150327,2.793242041020223,0.0437190038698958,-1.2435079411671357,-0.8805596310290557,-4.1307273272888036e-07,0.0,0.2777992034130987,0
single-axis-pid,phi2,v,118.59030312699906,pid,,3266904.0,1.4078395447315273,-0.22803376332781522,-0.8505304033214844,0.28744980899491845,-0.440420980806521,0.7746256,nan,-0.9925460244222601,2.587789313131766,2.793242041020223,0.2054527278884568,-0.9925460244222601,-0.8327881738512857,0.00021900227575226083,0.0,0.278018205688851,0
single-axis-pid,phi2,v,118.82136769800127,pid,,3267193.0,1.4799000882191722,-0.16885260322233445,-0.9279694366187532,0.17058116671932178,-0.3313227886248526,0.72601925,nan,-1.0953403024460897,2.7597227760591894,2.793242041020223,0.033519264961033635,-1.0953403024460897,-0.8248233162231856,-1.0323420999049245e-05,0.0,0.27800788226785195,0
single-axis-pid,phi2,v,119.05444628799887,pid,,3267419.0,1.5281672299242073,-0.18570134797092208,-0.9284345650114676,0.07934900883376907,-0.3629228475710306,0.72498825,nan,-1.3555447700055263,2.760972865168335,2.793242041020223,0.03226917585188804,-1.3555447700055263,-0.8173531772994895,-1.149532502684496e-05,0.0,0.2779963869428251,0
single-axis-pid,phi2,v,119.2897571680005,pid,,3267607.0,1.4678486305767107,-0.2366316183873274,-0.8712855635730924,0.18197242697700958,-0.4557932673144873,0.7601372,nan,-1.1909424118255698,2.628612036459514,2.793242041020223,0.16463000456070898,-1.1909424118255698,-0.7790094365475769,0.00016802115859190894,0.0,0.278164408101417,0
single-axis-pid,phi2,v,119.52160081000329,pid,,3267834.0,1.5027550421673814,-0.2301533832470068,-0.8876335634089971,0.12154264484600401,-0.444222964955307,0.7681595,nan,-1.303725360958408,2.6629774959606345,2.793242041020223,0.1302645450595885,-1.303725360958408,-0.7483864848993517,0.00012412491701488577,0.0,0.2782885330184319,0
single-axis-pid,phi2,v,119.753321684002,pid,,3268064.0,1.5201000627528105,-0.2368209918333937,-0.885342541429594,0.09007600405130417,-0.4561303517955552,0.71351005,nan,-1.375826317593107,2.6580265661932385,2.793242041020223,0.13521547482698448,-1.375826317593107,-0.7170367980185683,0.00013283939476130667,0.0,0.27842137241319326,0
single-axis-pid,phi2,v,119.98550744800013,pid,,3268296.0,-1.5471967357227092,-0.20347186616085203,-0.9173120682633068,-0.04332855942367864,-0.3958045039621999,0.76834095,nan,-1.6798317612637728,2.7320727003762864,2.793242041020223,0.06116934064393664,-1.6798317612637728,-0.7028641024318301,3.4794380190870694e-05,0.0,0.27845616679338414,0
single-axis-pid,phi2,v,120.21836755899858,pid,,3268523.0,-1.3717874485838075,-0.16970958867268301,-0.8692389851499834,-0.36547900200175243,-0.3329394626523413,0.7824675000000001,nan,-2.4027511428901582,2.624457264121499,2.793242041020223,0.16878477689872406,-2.4027511428901582,-0.6636621783365148,0.00018128607630693097,0.0,0.27863745286969105,0
single-axis-pid,phi2,v,120.45094594999682,pid,,3268749.0,-1.4283647202018488,-0.1814225194077218,-0.8972147997455329,-0.26272879084908585,-0.3549354667774986,0.7698406,nan,-2.208005993047598,2.684217714633744,2.793242041020223,0.10902432638647896,-2.208005993047598,-0.638275658317402,0.00010308920292593898,0.0,0.278740542072617,0
single-axis-pid,phi2,v,120.68393874000321,pid,,3269003.0,1.546111004077219,-0.22096696670445,-0.9028248146881748,0.044609294173311956,-0.4276883969160513,0.78564495,nan,-1.466868860874051,2.697090405227316,2.793242041020223,0.09615163579290709,-1.466868860874051,-0.6158946876248782,8.73757409686213e-05,0.0,0.2788279178135856,0
single-axis-pid,phi2,v,120.91431031100365,pid,,3269232.0,-1.5605619110627995,-0.22957410593382893,-0.8962425386246285,-0.018347599929094294,-0.4431846991227508,0.7359634500000001,nan,-1.6121721429330114,2.6820209092152485,2.793242041020223,0.1112211318049745,-1.6121721429330114,-0.5900127123336559,0.00010925225573042776,0.0,0.27893717006931606,0
single-axis-pid,phi2,v,121.14619784500246,pid,,3269458.0,1.5574141514356783,-0.22193689241989237,-0.9027714431844787,0.0241678625250159,-0.42944107371278023,0.7212060499999999,nan,-1.514578144784622,2.6969663040868683,2.793242041020223,0.09627573693335467,-1.514578144784622,-0.5678279848679202,9.075467437576158e-05,0.0,0.2790279247436918,0
single-axis-pid,phi2,v,121.3796138079997,pid,,3269685.0,1.4835063157475767,-0.20133421352548342,-0.9060339068819917,0.15980222167408722,-0.39187473703746245,0.79004455,nan,-1.1835933491445558,2.7046127345865534,2.793242041020223,0.08862930643366962,-1.1835933491445558,-0.5472780331566477,8.190581288904261e-05,0.0,0.27910983055658084,0
single-axis-pid,phi2,v,121.62050820700097,pid,,3269911.0,-1.5470564409256182,-0.19820057725025828,-0.9214169180273697,-0.043781569239153446,-0.3861010714410161,0.7464761,nan,-1.6837080902948438,2.7425076326379028,2.793242041020223,0.05073440838232024,-1.6837080902948438,-0.5354194517884732,3.203675378319984e-05,0.0,0.27914186731036406,0
single-axis-pid,phi2,v,121.85158075200161,pid,,3270224.0,1.532672920565508,-0.16482925495437722,-0.9434040117735314,0.07207126685729048,-0.32371994542071686,0.7631529,nan,-1.3517344249585643,2.8035451841106362,2.793242041020223,-0.010303143090413247,-1.3517344249585643,-0.5379003593678704,-4.973027813407541e-05,0.0,0.27909213703222996,0
single-axis-pid,phi2,v,122.08744308599853,pid,,3270453.0,1.5131757660840957,-0.17438617526947742,-0.933559398731145,0.10806323460856823,-0.3417443289458901,0.76292395,nan,-1.2645344160484564,2.775014838685345,2.793242041020223,0.01822720233487818,-1.2645344160484564,-0.5336881811548627,-1.130645253942932e-05,0.0,0.2790808305796905,0
single-axis-pid,phi2,v,122.3199996350013,pid,,3270644.0,1.4691885601791383,-0.22589305950476446,-0.8811559980489705,0.1815709119275757,-0.4365731451247445,0.7790883,nan,-1.1766583642077608,2.649097856798298,2.793242041020223,0.1441441842219251,-1.1766583642077608,-0.4997252549549054,0.00015930240657384168,0.0,0.2792401329862644,0
single-axis-pid,phi2,v,122.5522431970021,pid,,3270869.0,1.5224021816449054,-0.23828511193564486,-0.8844146836640161,0.085869293170366,-0.4587342714577799,0.7288942,nan,-1.3857503402073228,2.656034689018236,2.793242041020223,0.1372073520019872,-1.3857503402073228,-0.4678103725064207,0.00015216189776728954,0.0,0.27939229488403167,0
single-axis-pid,phi2,v,122.78447220200178,pid,,3271155.0,1.5673946107666918,-0.15512146178339933,-0.9522373974723343,0.006478582392957322,-0.3052899717077083,0.7400602000000001,nan,-1.5495784331627678,2.8312775497877913,2.793242041020223,-0.03803550876756834,-1.5495784331627678,-0.4766513736260038,-8.271152690286901e-05,0.0,0.2793095833571288,0
single-axis-pid,phi2,v,123.01947806899989,pid,,3271342.0,-1.5634485581948936,-0.20148467929061706,-0.9198012839348046,-0.013517947105294041,-0.39215158188887006,0.6665676,nan,-1.6052539121763008,2.738370079034793,2.793242041020223,0.05487196198542987,-1.6052539121763008,-0.46390670819176055,4.2348530280179164e-05,0.0,0.279351931887409,0
single-axis-pid,phi2,v,123.25238677000016,pid,,3271628.0,1.5219860637867775,-0.16951526756406515,-0.9385874393670446,0.09191756955803909,-0.33257296803702724,0.7287707999999999,nan,-1.3011446535185107,2.789309681354803,2.793242041020223,0.003932359665419938,-1.3011446535185107,-0.4629824590185601,-2.5690920083769864e-05,0.0,0.2793262409673252,0
single-axis-pid,phi2,v,123.48690706500201,pid,,3271790.0,1.5673467331479232,-0.19474933703771402,-0.9250775252105139,0.006382384372750939,-0.37972468647707047,0.7483535,nan,-1.5539899834612647,2.7520360028645787,2.793242041020223,0.041206038155644276,-1.5539899834612647,-0.4533982040720707,2.4780977670549536e-05,0.0,0.2793510219449958,0
single-axis-pid,phi2,v,123.71948116800195,pid,,3272076.0,1.5670099166193832,-0.13927608473990416,-0.9614269785975017,0.0072808529699159045,-0.27496391400492814,0.7352928000000001,nan,-1.5443232092349275,2.862940239694766,2.793242041020223,-0.06969819867454286,-1.5443232092349275,-0.46974565339059926,-0.000124579811834577,0.0,0.2792264421331612,0
single-axis-pid,phi2,v,123.95250118699914,pid,,3272250.0,-1.4837832449576036,-0.10616116629007172,-0.9627789707065293,-0.1692608851820495,-0.2107306487264375,0.72010855,nan,-2.2474912951256605,2.867898482117792,2.793242041020223,-0.07465644109756919,-2.2474912951256605,-0.48710700705083987,-0.00013236901468282008,0.0,0.2790940731184784,0
single-axis-pid,phi2,v,124.18588486799854,pid,,3272548.0,-1.5363748300613074,-0.16443673291326036,-0.9441649941196736,-0.06510202429323926,-0.32297707397262615,0.65366635,nan,-1.7696996631809858,2.8058472881016456,2.793242041020223,-0.012605247081422633,-1.7696996631809858,-0.4900477630050855,-4.960925401800774e-05,0.0,0.27904446386446036,0
single-axis-pid,phi2,v,124.41735334500117,pid,,3272772.0,-1.501200303389202,-0.16946634702755214,-0.9339886943023548,-0.1308499390463642,-0.3324806947281982,0.66711025,nan,-1.945735651827909,2.7762144484511286,2.793242041020223,0.017027592569094363,-1.945735651827909,-0.4860739843302103,-9.727438050960662e-06,0.0,0.2790347364264094,0
single-axis-pid,phi2,v,124.65671107800154,pid,,3273020.0,-1.530888166019404,-0.1383684503721756,-0.9588895946705889,-0.07669798131051495,-0.2732181635531681,0.7616824499999999,nan,-1.8444731661677425,2.8538594011537723,2.793242041020223,-0.06061736013354935,-1.8444731661677425,-0.5001061893712476,-0.00011446907730636211,0.0,0.278920267349103,0
single-axis-pid,phi2,v,124.89120202799677,pid,,3273245.0,1.5498006789982306,-0.150742159550898,-0.9540550443858056,0.04008557069794261,-0.2969379047946201,0.74602185,nan,-1.43661105990155,2.8372863801694552,2.793242041020223,-0.044044339149232226,-1.43661105990155,-0.5106477870487552,-9.301723422770973e-05,0.0,0.2788272501148753,0
single-axis-pid,phi2,v,125.12401362499804,pid,,3273494.0,-1.566115158001047,-0.1646916755337233,-0.9462005140900447,-0.008858907477761822,-0.3234595908209176,0.73707995,nan,-1.5981774702133609,2.8120811178234226,2.793242041020223,-0.018839076803199628,-1.5981774702133609,-0.5150660069169852,-5.961561687890937e-05,0.0,0.2787676344979964,0
single-axis-pid,phi2,v,125.3568184800024,pid,,3273655.0,1.5325884922090427,-0.18819176349172959,-0.9272860048331409,0.07099742744906815,-0.36755956052891153,0.7630433999999999,nan,-1.3799872468776948,2.757892997019616,2.793242041020223,0.03534904400060679,-1.3799872468776948,-0.506845676132325,1.3378052933353994e-05,0.0,0.27878101255092974,0
single-axis-pid,phi2,v,125.58851247999701,pid,,3273941.0,1.49664254466881,-0.14445439202447383,-0.9480328723223416,0.14164043886234737,-0.2849064040612853,0.7413559,nan,-1.1094335109479783,2.8177915779601848,2.793242041020223,-0.024549536939961758,-1.1094335109479783,-0.5125602575139016,-6.708244271737351e-05,0.0,0.2787139301082124,0
single-axis-pid,phi2,v,125.81903199599765,pid,,3274177.0,1.5330027843777494,-0.13219506606036577,-0.9624959249543078,0.07289113294888122,-0.26132064056208804,0.70490535,nan,-1.2987766776306755,2.866853234700409,2.793242041020223,-0.0736111936801862,-1.2987766776306755,-0.529616069286919,-0.0001338131433197342,0.0,0.27858011696489265,0
single-axis-pid,phi2,v,126.05376853600319,pid,,3274417.0,1.4693222428355575,-0.21448475213863477,-0.8907309843939479,0.1832956836704562,-0.4159338959358427,0.6615813500000001,nan,-1.1557159954951683,2.6697471880129124,2.793242041020223,0.12349485300731056,-1.1557159954951683,-0.501111148105971,0.0001316036441121737,0.0,0.27871172060900484,0
single-axis-pid,phi2,v,126.2867511939985,pid,,3274604.0,1.5438940421312757,-0.1875416822191182,-0.9291305756649588,0.05003976702983167,-0.36635009905840393,0.7614546,nan,-1.4350463695541185,2.7628508080082677,2.793242041020223,0.030391233011955343,-1.4350463695541185,-0.4939760977671904,7.610215822151024e-06,0.0,0.27871933082482697,0
single-axis-pid,phi2,v,126.519887071001,pid,,3274878.0,-1.535693561477005,-0.11341594193669567,-0.9719834734626626,-0.06835094886913809,-0.22489169638771933,0.68380155,nan,-1.865853149816405,2.9043234657022317,2.793242041020223,-0.11108142468200866,-1.865853149816405,-0.5198219227115903,-0.00018325246170156144,0.0,0.2785360783631254,0
single-axis-pid,phi2,v,126.75166931700369,pid,,3275064.0,-1.5127963855077715,-0.1764346656663809,-0.9320785948757874,-0.10860858985888304,-0.34559176376650363,0.64965735,nan,-1.875291502699041,2.770905374965728,2.793242041020223,0.022336666054494803,-1.875291502699041,-0.5146072401250549,-4.537037283015135e-06,0.0,0.27853154132584235,0
single-axis-pid,phi2,v,126.98623579800187,pid,,3275313.0,1.564179968783802,-0.14607970497821918,-0.9575403126845408,0.012671598665324408,-0.28802079815745396,0.68245975,nan,-1.526829250382401,2.8491422906005157,2.793242041020223,-0.055900249580292716,-1.526829250382401,-0.5275702305695296,-0.00010999860095227763,0.0,0.27842154272489006,0
single-axis-pid,phi2,v,127.21874336500332,pid,,3275536.0,1.5537401177876433,-0.12974222578833644,-0.96596009140206,0.0329640216874886,-0.25658229691993717,0.67329255,nan,-1.443022760978809,2.8799256887436684,2.793242041020223,-0.08668364772344539,-1.443022760978809,-0.5478875869635419,-0.00015251108801560612,0.0,0.27826903163687444,0
single-axis-pid,phi2,v,127.45239308499731,pid,,3275784.0,-1.5654484716872386,-0.14445724980089952,-0.9584988842562059,-0.010252217255814723,-0.2849118827303417,0.6470708000000001,nan,-1.6067646255374886,2.852485778164222,2.793242041020223,-0.05924373714399911,-1.6067646255374886,-0.5616672618436636,-0.0001167477332151466,0.0,0.2781522839036593,0
single-axis-pid,phi2,v,127.69410168100148,pid,,3275983.0,-1.5522247190472775,-0.1055146750107876,-0.9771413895854915,-0.03631087312230599,-0.20946652537346006,0.7187565,nan,-1.7424398848458782,2.92736739269579,2.793242041020223,-0.13412535167556694,-1.7424398848458782,-0.5929650601756143,-0.00021894918136133211,0.0,0.277933334722298,0
