utc,elapsed_s,point,cycle,direction,step_index,requested_rp_v,asg_offset_readback_v,asg_amplitude_readback_v,asg_frequency_readback_hz,asg_waveform,asg_output_route,out2_offset_readback_v,sample,host_before_s,host_after_s,since_command_s,digital_out1_scope_median_v,scope_analog_in1_median_v,scope_analog_in2_median_v,pax_timestamp,pax_theta,pax_eta,pax_s1,pax_s2,pax_s3,pax_dop,pax_ptotal,pax_revisions,pax_adc_min,pax_adc_max,pax_rev_time,equatorial_phase_rad
2026-09-18T18:50:39.409261+00:00,7.636119931999929,0,1,forward,0,0.0,0.0,0.0,0.46566128730773926,dc,out1,0.0,0,8.722608874999423,8.866181632000007,1.0864889429994946,0.0,0.153076171875,-0.0091552734375,4050628.0,0.7748371,0.01824628,0.02110649460905048,0.9991113051070921,0.03648446097342183,0.855879,0.0007663926,17098.0,12928.0,24912.0,0.01676167,3.1050919588325128
2026-09-18T18:50:39.409261+00:00,7.636119931999929,0,1,forward,0,0.0,0.0,0.0,0.46566128730773926,dc,out1,0.0,1,8.86643525799991,9.009479051999733,1.2303153259999817,0.0,0.153076171875,-0.0091552734375,4050762.0,0.7816755,0.01954357,0.007439571283766699,0.9992084998484875,0.039077187842126826,0.8502508,0.000772512,17114.0,13008.0,24928.0,0.01677733,3.1025044313113552
2026-09-18T18:50:39.409261+00:00,7.636119931999929,0,1,forward,0,0.0,0.0,0.0,0.46566128730773926,dc,out1,0.0,2,9.009682452999186,9.153309491999607,1.3735625209992577,0.0,0.153076171875,-0.0091552734375,4050913.0,0.7827459,-0.0002784324,0.00530450109600637,0.9999857759837132,-0.0005568647712195194,0.8252635,0.0007753916,17132.0,13200.0,24560.0,0.01683763,-3.1410357809551708
2026-09-18T18:50:39.409261+00:00,7.636119931999929,0,1,forward,0,0.0,0.0,0.0,0.46566128730773926,dc,out1,0.0,3,9.153504567999335,9.296500620999723,1.5173846359994059,0.0,0.153076171875,-0.0091552734375,4051048.0,0.7839605,-0.00413768,0.002875224380167692,0.9999616257961413,-0.008275265548697782,0.8223373,0.000773988,17148.0,13040.0,24384.0,0.01691002,-3.1333172593829506
2026-09-18T18:50:39.409261+00:00,7.636119931999929,0,1,forward,0,0.0,0.0,0.0,0.46566128730773926,dc,out1,0.0,4,9.29665342699991,9.44020363799973,1.6605334949999815,0.0,0.153076171875,-0.0091552734375,4051200.0,0.7887891,0.01140485,-0.006780057063197592,0.9997168792398846,0.022807722137156285,0.86634,0.0007787083,17166.0,12624.0,24864.0,0.01683245,3.1187824292092374
2026-09-18T18:50:41.241580+00:00,9.468438532998334,1,1,forward,1,0.02,0.0198974609375,0.0,0.46566128730773926,dc,out1,0.0,0,10.552980900998591,10.696249620999879,1.0845423680002568,0.0198974609375,0.1512451171875,-0.009033203125,4052447.0,0.7880786,0.1059915,-0.005240848258208885,0.9776015682690558,0.21039892401677654,0.8495126,0.0007849511,17316.0,11280.0,26272.0,0.01651948,2.929606697908219
2026-09-18T18:50:41.241580+00:00,9.468438532998334,1,1,forward,1,0.02,0.0198974609375,0.0,0.46566128730773926,dc,out1,0.0,1,10.6963928389996,10.839515504998417,1.2279543060012656,0.0198974609375,0.1512451171875,-0.009033203125,4052597.0,0.7822783,0.1050575,0.00610245648099982,0.9779878964761077,0.20857237202260384,0.8591186,0.0007843138,17334.0,11152.0,26528.0,0.01679152,2.9314736825289067
2026-09-18T18:50:41.241580+00:00,9.468438532998334,1,1,forward,1,0.02,0.0198974609375,0.0,0.46566128730773926,dc,out1,0.0,2,10.839653794999322,10.985385865998978,1.3712152620009874,0.0198974609375,0.1512451171875,-0.009033203125,4052732.0,0.7897501,0.1346812,-0.00838991229158144,0.9639042558188012,0.266116882189279,0.8183271,0.0007904689,17350.0,11216.0,26592.0,0.01688262,2.872220536629347
2026-09-18T18:50:41.241580+00:00,9.468438532998334,1,1,forward,1,0.02,0.0198974609375,0.0,0.46566128730773926,dc,out1,0.0,3,10.985568299000079,11.128409556999031,1.5171297660017444,0.0198974609375,0.1512451171875,-0.009033203125,4052883.0,0.7754076,0.1405783,0.019195293769031486,0.9605433844458042,0.2774670201925276,0.8462576,0.0007827055,17368.0,10816.0,26704.0,0.01686412,2.8603828316636872
2026-09-18T18:50:41.241580+00:00,9.468438532998334,1,1,forward,1,0.02,0.0198974609375,0.0,0.46566128730773926,dc,out1,0.0,4,11.12858960399899,11.272251560998484,1.660151071000655,0.0198974609375,0.1512451171875,-0.009033203125,4053035.0,0.7951065,0.1260011,-0.018802218581704798,0.9682325837426975,0.24934341851219213,0.87534,0.000792568,17386.0,10992.0,27456.0,0.01682762,2.8895449293966604
2026-09-18T18:50:43.073667+00:00,11.300522882998848,2,1,forward,2,0.04,0.0399169921875,0.0,0.46566128730773926,dc,out1,0.0,0,12.379226543998811,12.522384099998817,1.0787036609999632,0.0399169921875,0.148681640625,-0.009033203125,4054276.0,0.7766792,0.2241358,0.015714220501160458,0.9010605362397078,0.4334085524138292,0.8552946,0.0007932966,17534.0,9456.0,28352.0,0.01676202,2.6932616627032617
2026-09-18T18:50:43.073667+00:00,11.300522882998848,2,1,forward,2,0.04,0.0399169921875,0.0,0.46566128730773926,dc,out1,0.0,1,12.522551883999768,12.665397473998382,1.2220290010009194,0.0399169921875,0.148681640625,-0.009033203125,4054427.0,0.7865407,0.2184887,-0.0020703544377907493,0.9060326074773892,0.4232028211392561,0.8587122,0.0007971123,17552.0,9744.0,28656.0,0.01671312,2.7046142525196757
2026-09-18T18:50:43.073667+00:00,11.300522882998848,2,1,forward,2,0.04,0.0399169921875,0.0,0.46566128730773926,dc,out1,0.0,2,12.665554448998591,12.810352331998729,1.3650315659997432,0.0399169921875,0.148681640625,-0.009033203125,4054561.0,0.7730392,0.2169483,0.02242514341659198,0.9070573087499911,0.4204095046332427,0.8558366,0.0007876416,17568.0,9712.0,28384.0,0.01677038,2.707579501210675
2026-09-18T18:50:43.073667+00:00,11.300522882998848,2,1,forward,2,0.04,0.0399169921875,0.0,0.46566128730773926,dc,out1,0.0,3,12.810511980998854,12.954403432999243,1.5099890980000055,0.0399169921875,0.148681640625,-0.009033203125,4054712.0,0.7768407,0.2064332,0.015676070888031746,0.9158403322820757,0.4012365219754682,0.8609466,0.0007868111,17586.0,9904.0,28352.0,0.01670515,2.7286724208236968
2026-09-18T18:50:43.073667+00:00,11.300522882998848,2,1,forward,2,0.04,0.0399169921875,0.0,0.46566128730773926,dc,out1,0.0,4,12.954600562999985,13.098553590998563,1.6540776800011372,0.0399169921875,0.148681640625,-0.009033203125,4054846.0,0.7905854,0.2037276,-0.009524967387345332,0.9180828243981297,0.3962741507358548,0.8581812,0.0007993126,17602.0,9664.0,28336.0,0.0166642,2.73411787330989
2026-09-18T18:50:44.902271+00:00,13.129129174998525,3,1,forward,3,0.06,0.0599365234375,0.0,0.46566128730773926,dc,out1,0.0,0,14.21176157699847,14.35438676800004,1.0826324019999447,0.0599365234375,0.1474609375,-0.0091552734375,4056102.0,0.7768332,0.297798,0.014179704670154464,0.8276928369345508,0.5610022314239956,0.8446798,0.0008007877,17752.0,8912.0,29440.0,0.01669835,2.5459285121084134
2026-09-18T18:50:44.902271+00:00,13.129129174998525,3,1,forward,3,0.06,0.0599365234375,0.0,0.46566128730773926,dc,out1,0.0,1,14.354527802999655,14.498321845998362,1.2253986280011304,0.0599365234375,0.1474609375,-0.0091552734375,4056253.0,0.7769807,0.2972181,0.013946478429010471,0.8283469852922973,0.5600417553152548,0.8773862,0.0007978363,17770.0,8656.0,29824.0,0.01675692,2.5470907001159806
2026-09-18T18:50:44.902271+00:00,13.129129174998525,3,1,forward,3,0.06,0.0599365234375,0.0,0.46566128730773926,dc,out1,0.0,2,14.498445778999667,14.642109606998929,1.369316604001142,0.0599365234375,0.1474609375,-0.0091552734375,4056404.0,0.7752062,0.3053809,0.016697588211390453,0.8190411825189349,0.5734917016713561,0.853681,0.0007996658,17788.0,8688.0,29648.0,0.01679925,2.5307332390907793
2026-09-18T18:50:44.902271+00:00,13.129129174998525,3,1,forward,3,0.06,0.0599365234375,0.0,0.46566128730773926,dc,out1,0.0,3,14.642249048998565,14.785483442999976,1.51311987400004,0.0599365234375,0.1474609375,-0.0091552734375,4056538.0,0.7813279,0.3176478,0.006552207676330459,0.8048696486710932,0.5934154676300891,0.850777,0.0008078879,17804.0,8384.0,29904.0,0.01676665,2.5062812272403057
2026-09-18T18:50:44.902271+00:00,13.129129174998525,3,1,forward,3,0.06,0.0599365234375,0.0,0.46566128730773926,dc,out1,0.0,4,14.785666445999595,14.928357138998763,1.6565372710010706,0.0599365234375,0.1474609375,-0.0091552734375,4056689.0,0.7918127,0.3318618,-0.010105231977046039,0.7876389369010018,0.6160542097609184,0.840163,0.0008195525,17822.0,8304.0,30032.0,0.01676587,2.4778291181347867
2026-09-18T18:50:46.733104+00:00,14.959961081000074,4,1,forward,4,0.08,0.0799560546875,0.0,0.46566128730773926,dc,out1,0.0,0,16.047329946999525,16.190480128998388,1.0873688659994514,0.0799560546875,0.1463623046875,-0.0091552734375,4057946.0,0.7862113,0.348906,-0.001246131137478552,0.7662488904038388,0.6425426718219375,0.8574576,0.0008132678,17972.0,8128.0,30672.0,0.01675175,2.4437800025168217
2026-09-18T18:50:46.733104+00:00,14.959961081000074,4,1,forward,4,0.08,0.0799560546875,0.0,0.46566128730773926,dc,out1,0.0,1,16.190715019998606,16.33613734299979,1.2307539389985322,0.0799560546875,0.1463623046875,-0.0091552734375,4058097.0,0.7875573,0.3581283,-0.0032571286101290243,0.7542617638235356,0.6565657489901724,0.8635804,0.0008164722,17990.0,7952.0,30528.0,0.01677627,2.4253314362032925
2026-09-18T18:50:46.733104+00:00,14.959961081000074,4,1,forward,4,0.08,0.0799560546875,0.0,0.46566128730773926,dc,out1,0.0,2,16.336291311999958,16.479308711999693,1.3763302309998835,0.0799560546875,0.1463623046875,-0.0091552734375,4058231.0,0.7937479,0.3604481,-0.01254430313065671,0.7511097427002258,0.6600581753752973,0.8604698,0.0008192613,18006.0,8016.0,31008.0,0.01678072,2.420627310975482
2026-09-18T18:50:46.733104+00:00,14.959961081000074,4,1,forward,4,0.08,0.0799560546875,0.0,0.46566128730773926,dc,out1,0.0,3,16.479488268998466,16.622387296998568,1.519527187998392,0.0799560546875,0.1463623046875,-0.0091552734375,4058382.0,0.7683105,0.3584176,0.025759380491846555,0.7534485707731827,0.6570020589895624,0.8608502,0.0008014902,18024.0,8112.0,30480.0,0.01678818,2.424468138398101
2026-09-18T18:50:46.733104+00:00,14.959961081000074,4,1,forward,4,0.08,0.0799560546875,0.0,0.46566128730773926,dc,out1,0.0,4,16.62253945199882,16.76535813999908,1.6625783709987445,0.0799560546875,0.1463623046875,-0.0091552734375,4058516.0,0.7695912,0.358021,0.02384587978322393,0.7540327157151013,0.6564038677892393,0.8664452,0.0008044067,18040.0,8048.0,30640.0,0.01675678,2.425303143665452
2026-09-18T18:50:48.566449+00:00,16.793308656999216,5,1,forward,5,0.1,0.0999755859375,0.0,0.46566128730773926,dc,out1,0.0,0,17.87864799199997,18.02133607199903,1.0853393350007536,0.0999755859375,0.14404296875,-0.0091552734375,4059774.0,0.7504199,0.4920874,0.03869289535243892,0.5521965797501464,0.8328155841250123,0.8736194,0.0008122373,18190.0,6928.0,31904.0,0.01678333,2.1562894072327397
2026-09-18T18:50:48.566449+00:00,16.793308656999216,5,1,forward,5,0.1,0.0999755859375,0.0,0.46566128730773926,dc,out1,0.0,1,18.021500629998627,18.165586752998934,1.2281919729994115,0.0999755859375,0.14404296875,-0.0091552734375,4059925.0,0.765342,0.4894538,0.02237384736713694,0.5574806558393672,0.829888383651019,0.8491874,0.0008272156,18208.0,6960.0,31808.0,0.01680402,2.162312511632772
2026-09-18T18:50:48.566449+00:00,16.793308656999216,5,1,forward,5,0.1,0.0999755859375,0.0,0.46566128730773926,dc,out1,0.0,2,18.165791205999994,18.308306619999712,1.3724825490007788,0.0999755859375,0.14404296875,-0.0091552734375,4060059.0,0.7577486,0.4595564,0.03352325403884036,0.6055986362649823,0.7950638233454224,0.8672356,0.0008105016,18224.0,7168.0,31696.0,0.01674717,2.221742303806647
2026-09-18T18:50:48.566449+00:00,16.793308656999216,5,1,forward,5,0.1,0.0999755859375,0.0,0.46566128730773926,dc,out1,0.0,3,18.30844419799905,18.45217151399993,1.515135540999836,0.0999755859375,0.14404296875,-0.0091552734375,4060210.0,0.763615,0.4485597,0.027170858761393274,0.6232718767438735,0.78153305246441,0.8596302,0.0008171271,18242.0,7232.0,31680.0,0.01674115,2.2440104457061905
2026-09-18T18:50:48.566449+00:00,16.793308656999216,5,1,forward,5,0.1,0.0999755859375,0.0,0.46566128730773926,dc,out1,0.0,4,18.452339138999378,18.59615672399923,1.659030482000162,0.0999755859375,0.14404296875,-0.0091552734375,4060344.0,0.7655635,0.435879,0.02551979778207163,0.642975618233846,0.7654613604081957,0.8520144,0.0008189823,18258.0,7392.0,31232.0,0.01671892,2.2694470178871105
2026-09-18T18:50:50.398933+00:00,18.625792941998952,6,1,forward,6,0.12,0.1199951171875,0.0,0.46566128730773926,dc,out1,0.0,0,19.70778857299956,19.850623220998386,1.0819956310006091,0.1199951171875,0.14404296875,-0.0091552734375,4061599.0,0.7687345,0.4922018,0.01843859510777013,0.553052696584149,0.8329422146892622,0.8622566,0.0008225604,18408.0,7056.0,32016.0,0.01670768,2.15693306109701
2026-09-18T18:50:50.398933+00:00,18.625792941998952,6,1,forward,6,0.12,0.1199951171875,0.0,0.46566128730773926,dc,out1,0.0,1,19.850825740999426,19.994334183998944,1.2250327990004735,0.1199951171875,0.14404296875,-0.0091552734375,4061750.0,0.7793939,0.4878928,0.006730829300804912,0.5604772236879221,0.8281424863294978,0.8593014,0.0008280904,18426.0,6864.0,32000.0,0.01675932,2.165773584150615
2026-09-18T18:50:50.398933+00:00,18.625792941998952,6,1,forward,6,0.12,0.1199951171875,0.0,0.46566128730773926,dc,out1,0.0,2,19.994544878998568,20.137305438000112,1.3687519369996153,0.1199951171875,0.14404296875,-0.0091552734375,4061884.0,0.7652475,0.4977639,0.021920409590623982,0.5436183461028056,0.8390462379534454,0.8517934,0.0008265892,18442.0,6992.0,31824.0,0.01678773,2.1456940985440194
2026-09-18T18:50:50.398933+00:00,18.625792941998952,6,1,forward,6,0.12,0.1199951171875,0.0,0.46566128730773926,dc,out1,0.0,3,20.137451392000003,20.280628721999165,1.5116584500010504,0.1199951171875,0.14404296875,-0.0091552734375,4062035.0,0.7613179,0.5021067,0.025840270438013558,0.5361297057781119,0.8437400186111629,0.8673756,0.0008170541,18460.0,6992.0,31936.0,0.0167828,2.136853967437188
2026-09-18T18:50:50.398933+00:00,18.625792941998952,6,1,forward,6,0.12,0.1199951171875,0.0,0.46566128730773926,dc,out1,0.0,4,20.280784984999627,20.423586307999358,1.654992043000675,0.1199951171875,0.14404296875,-0.0091552734375,4062186.0,0.740434,0.5138173,0.046416407788797645,0.514756775257545,0.8560788394852645,0.8692644,0.0008127553,18478.0,6800.0,32016.0,0.01674033,2.1121682177366683
2026-09-18T18:50:52.227710+00:00,20.454568559998734,7,1,forward,7,0.14,0.139892578125,0.0,0.46566128730773926,dc,out1,0.0,0,21.54906134399971,21.691384325999024,1.0944927840009768,0.139892578125,0.1424560546875,-0.0091552734375,4063443.0,0.7184313,0.6168543,0.044164940132829344,0.32777810604512614,0.9437218717718339,0.8635006,0.0008293092,18628.0,6480.0,32592.0,0.01680902,1.905085999882467
2026-09-18T18:50:52.227710+00:00,20.454568559998734,7,1,forward,7,0.14,0.139892578125,0.0,0.46566128730773926,dc,out1,0.0,1,21.691548122998938,21.835946309000065,1.2369795630002045,0.139892578125,0.1424560546875,-0.0091552734375,4063593.0,0.7133974,0.6181866,0.047101620462669205,0.3248270850074427,0.9445998106051887,0.868704,0.0008253989,18646.0,6480.0,32624.0,0.01670325,1.9020068641545333
2026-09-18T18:50:52.227710+00:00,20.454568559998734,7,1,forward,7,0.14,0.139892578125,0.0,0.46566128730773926,dc,out1,0.0,2,21.836220683999272,21.980677709998417,1.3816521240005386,0.139892578125,0.1424560546875,-0.0091552734375,4063727.0,0.7215615,0.6160171,0.04231320453663838,0.3296150172595022,0.9431667578529571,0.8744342,0.0008211072,18662.0,6528.0,32704.0,0.01677382,1.9070050781299865
2026-09-18T18:50:52.227710+00:00,20.454568559998734,7,1,forward,7,0.14,0.139892578125,0.0,0.46566128730773926,dc,out1,0.0,3,21.98085568299939,22.12335819299915,1.5262871230006567,0.139892578125,0.1424560546875,-0.0091552734375,4063878.0,0.7159071,0.6122703,0.04701579468146909,0.3361056971337813,0.9406500281213438,0.8682694,0.0008261425,18680.0,6480.0,32688.0,0.01675882,1.9139704136783553
2026-09-18T18:50:52.227710+00:00,20.454568559998734,7,1,forward,7,0.14,0.139892578125,0.0,0.46566128730773926,dc,out1,0.0,4,22.123544872998536,22.267411289998563,1.6689763129998028,0.139892578125,0.1424560546875,-0.0091552734375,4064029.0,0.7277801,0.5985373,0.04197767607335224,0.3626614347119,0.9309750579280773,0.8612964,0.0008301657,18698.0,6480.0,32576.0,0.01676553,1.9422618441583055
2026-09-18T18:50:54.071241+00:00,22.298093818999405,8,1,forward,8,0.16,0.159912109375,0.0,0.46566128730773926,dc,out1,0.0,0,23.38362430699999,23.526605618999383,1.085530488000586,0.159912109375,0.14208984375,-0.009033203125,4065284.0,0.6628078,0.6750546,0.053133991529078946,0.2123535938802108,0.9757472675392672,0.8681354,0.0008297853,18848.0,6352.0,32864.0,0.01673893,1.7850866024178205
2026-09-18T18:50:54.071241+00:00,22.298093818999405,8,1,forward,8,0.16,0.159912109375,0.0,0.46566128730773926,dc,out1,0.0,1,23.52682954899865,23.670249592998516,1.2287357299992436,0.159912109375,0.14208984375,-0.009033203125,4065418.0,0.6215636,0.6991748,0.05522507968735767,0.16246368862042615,0.9851678742495464,0.8694202,0.0008320057,18864.0,6352.0,32896.0,0.01679005,1.7342349882208945
2026-09-18T18:50:54.071241+00:00,22.298093818999405,8,1,forward,8,0.16,0.159912109375,0.0,0.46566128730773926,dc,out1,0.0,2,23.67039020699849,23.813503456000035,1.3722963879990857,0.159912109375,0.14208984375,-0.009033203125,4065569.0,0.6328085,0.688404,0.057921670550990234,0.18386644775480082,0.9812431958850026,0.8667878,0.0008305329,18882.0,6352.0,32896.0,0.01677612,1.7560294304894117
2026-09-18T18:50:54.071241+00:00,22.298093818999405,8,1,forward,8,0.16,0.159912109375,0.0,0.46566128730773926,dc,out1,0.0,3,23.813705735999974,23.957334220998746,1.5156119170005695,0.159912109375,0.14208984375,-0.009033203125,4065703.0,0.6142825,0.6994094,0.057429839807672675,0.16120684048685732,0.9852482773798237,0.8720426,0.000828529,18898.0,6352.0,32912.0,0.0167488,1.7329797347174
2026-09-18T18:50:54.071241+00:00,22.298093818999405,8,1,forward,8,0.16,0.159912109375,0.0,0.46566128730773926,dc,out1,0.0,4,23.95751795599972,24.100601318999907,1.6594241370003147,0.159912109375,0.14208984375,-0.009033203125,4065854.0,0.2703375,0.7477317,0.06452647465309135,0.03873830986577004,0.9971638167410546,0.8636582,0.0008394254,18916.0,6304.0,33008.0,0.01677852,1.609625292329978
2026-09-18T18:50:55.902135+00:00,24.128994052000053,9,1,forward,9,0.18,0.179931640625,0.0,0.46566128730773926,dc,out1,0.0,0,25.216695061999417,25.36144527599936,1.087701009999364,0.179931640625,0.1412353515625,-0.009033203125,4067112.0,-0.5151811,0.7072167,0.08012259845350676,-0.13353323696214842,0.9878002044155837,0.8712392,0.0008355801,19066.0,6352.0,33072.0,0.01683767,1.436428433509051
2026-09-18T18:50:55.902135+00:00,24.128994052000053,9,1,forward,9,0.18,0.179931640625,0.0,0.46566128730773926,dc,out1,0.0,1,25.36162039499868,25.506149332999485,1.2326263429986284,0.179931640625,0.1412353515625,-0.009033203125,4067263.0,-0.5261318,0.7048939,0.07945251077067657,-0.13924009326710138,0.9870661046552072,0.870713,0.0008333908,19084.0,6352.0,33072.0,0.01677387,1.4306563953586222
2026-09-18T18:50:55.902135+00:00,24.128994052000053,9,1,forward,9,0.18,0.179931640625,0.0,0.46566128730773926,dc,out1,0.0,2,25.50629344399931,25.65042370499941,1.3772993919992587,0.179931640625,0.1412353515625,-0.009033203125,4067398.0,-0.4917177,0.7154121,0.07731477876265376,-0.11613355957037327,0.9902198853418348,0.870331,0.0008312706,19100.0,6336.0,33056.0,0.01676027,1.4540490761838327
2026-09-18T18:50:55.902135+00:00,24.128994052000053,9,1,forward,9,0.18,0.179931640625,0.0,0.46566128730773926,dc,out1,0.0,3,25.650583864999135,25.793550352998864,1.521589812999082,0.179931640625,0.1412353515625,-0.009033203125,4067549.0,-0.3920474,0.7339638,0.07270553155467427,-0.07251625468679666,0.9947136766364238,0.8690812,0.000838977,19118.0,6336.0,33072.0,0.01682312,1.498023429072508
2026-09-18T18:50:55.902135+00:00,24.128994052000053,9,1,forward,9,0.18,0.179931640625,0.0,0.46566128730773926,dc,out1,0.0,4,25.793782497999928,25.938392018999366,1.664788445999875,0.179931640625,0.1412353515625,-0.009033203125,4067700.0,-0.3183804,0.7412783,0.07085500027734053,-0.05239876648257919,0.9961094007220302,0.867502,0.0008359311,19136.0,6304.0,33040.0,0.01682503,1.518241341069191
2026-09-18T18:50:57.739889+00:00,25.966748210999867,10,1,forward,10,0.2,0.199951171875,0.0,0.46566128730773926,dc,out1,0.0,0,27.051850975998605,27.196609381999224,1.0851027649987373,0.199951171875,0.1412353515625,-0.009033203125,4068941.0,-0.5320597,0.70041,0.08208853423863109,-0.1479062054221882,0.9855887717218387,0.866752,0.0008374345,19284.0,6368.0,33072.0,0.01680618,1.421839013271531
2026-09-18T18:50:57.739889+00:00,25.966748210999867,10,1,forward,10,0.2,0.199951171875,0.0,0.46566128730773926,dc,out1,0.0,1,27.19680029999836,27.340194104999682,1.230052088998491,0.199951171875,0.1412353515625,-0.009033203125,4069092.0,-0.4953841,0.7113784,0.08083666510802902,-0.12337545476089644,0.9890621470548523,0.873989,0.000830911,19302.0,6336.0,33056.0,0.01676035,1.4466974971996132
2026-09-18T18:50:57.739889+00:00,25.966748210999867,10,1,forward,10,0.2,0.199951171875,0.0,0.46566128730773926,dc,out1,0.0,2,27.340359844998602,27.48331127899837,1.3736116339987348,0.199951171875,0.1412353515625,-0.009033203125,4069243.0,-0.4247676,0.7253359,0.0791314706603954,-0.08999354606566183,0.9927937207787177,0.8729744,0.0008362321,19320.0,6336.0,33072.0,0.01682248,1.4803966144807723
2026-09-18T18:50:57.739889+00:00,25.966748210999867,10,1,forward,10,0.2,0.199951171875,0.0,0.46566128730773926,dc,out1,0.0,3,27.483462291998876,27.627105212999595,1.5167140809990087,0.199951171875,0.1412353515625,-0.009033203125,4069378.0,-0.4395154,0.7250601,0.07679233974756833,-0.09270981739085996,0.9927274682990531,0.8640116,0.0008399946,19336.0,6320.0,33072.0,0.01679848,1.4776774205537802
2026-09-18T18:50:57.739889+00:00,25.966748210999867,10,1,forward,10,0.2,0.199951171875,0.0,0.46566128730773926,dc,out1,0.0,4,27.627249694000056,27.771468805998666,1.6605014830001892,0.199951171875,0.1412353515625,-0.009033203125,4069529.0,-0.4265261,0.7278801,0.07549101035930218,-0.08646471662040567,0.9933906382358778,0.8638454,0.0008352442,19354.0,6336.0,33056.0,0.01678633,1.4839751414611342
2026-09-18T18:50:59.572838+00:00,27.79969671699837,11,1,forward,11,0.22,0.219970703125,0.0,0.46566128730773926,dc,out1,0.0,0,28.888066678999166,29.03048990899879,1.0883699620007974,0.219970703125,0.1414794921875,-0.009033203125,4070786.0,-0.6269068,0.6190195,0.10181724794649676,-0.3103766959769925,0.9451452558284399,0.8701184,0.000835217,19504.0,6512.0,32976.0,0.01676738,1.2535009251875464
2026-09-18T18:50:59.572838+00:00,27.79969671699837,11,1,forward,11,0.22,0.219970703125,0.0,0.46566128730773926,dc,out1,0.0,1,29.030719749998752,29.174285613999018,1.2310230330003833,0.219970703125,0.1414794921875,-0.009033203125,4070937.0,-0.635369,0.6201074,0.0959419133775963,-0.3100900586290139,0.9458537438721171,0.863793,0.000836036,19522.0,6496.0,32960.0,0.01677342,1.2539965878562533
2026-09-18T18:50:59.572838+00:00,27.79969671699837,11,1,forward,11,0.22,0.219970703125,0.0,0.46566128730773926,dc,out1,0.0,2,29.17444532299851,29.317745295998975,1.3747486060001393,0.219970703125,0.1414794921875,-0.009033203125,4071071.0,-0.6444612,0.6194777,0.0906188303926044,-0.312927291571661,0.9454442012979407,0.869215,0.0008380135,19538.0,6544.0,33024.0,0.01679272,1.251161290604183
2026-09-18T18:50:59.572838+00:00,27.79969671699837,11,1,forward,11,0.22,0.219970703125,0.0,0.46566128730773926,dc,out1,0.0,3,29.31791547499961,29.460430754999834,1.5182187580012396,0.219970703125,0.1414794921875,-0.009033203125,4071221.0,-0.6516698,0.6188032,0.08643501835646727,-0.3154309672553417,0.9450038584567138,0.8720916,0.0008360342,19556.0,6544.0,33056.0,0.01679098,1.2486366098060357
2026-09-18T18:50:59.572838+00:00,27.79969671699837,11,1,forward,11,0.22,0.219970703125,0.0,0.46566128730773926,dc,out1,0.0,4,29.460695240999485,29.605265184998643,1.6609985240011156,0.219970703125,0.1414794921875,-0.009033203125,4071356.0,-0.6512124,0.6045407,0.0938350477406969,-0.34121126081789316,0.9352913232285248,0.8671524,0.000835205,19572.0,6512.0,32992.0,0.01673338,1.2209819421142618
2026-09-18T18:51:01.406637+00:00,29.633496110000124,12,1,forward,12,0.24,0.239990234375,0.0,0.46566128730773926,dc,out1,0.0,0,30.71125677099917,30.855220644998553,1.077760660999047,0.239990234375,0.1419677734375,-0.009033203125,4072613.0,-0.6677978,0.5337902,0.11238157112853402,-0.4689679177225125,0.8760362290554501,0.8741618,0.000830694,19722.0,6864.0,32752.0,0.01674633,1.0792862852302856
2026-09-18T18:51:01.406637+00:00,29.633496110000124,12,1,forward,12,0.24,0.239990234375,0.0,0.46566128730773926,dc,out1,0.0,1,30.85536840199893,30.998266676999265,1.2218722919988068,0.239990234375,0.1419677734375,-0.009033203125,4072747.0,-0.6670643,0.5367745,0.11184147207657973,-0.46371127140838,0.8788989372462385,0.879195,0.0008295446,19738.0,6832.0,32752.0,0.01678897,1.085309559045317
2026-09-18T18:51:01.406637+00:00,29.633496110000124,12,1,forward,12,0.24,0.239990234375,0.0,0.46566128730773926,dc,out1,0.0,2,30.998402320999958,31.141394892998505,1.364906210999834,0.239990234375,0.1419677734375,-0.009033203125,4072899.0,-0.6708269,0.5378214,0.1079305845748348,-0.462746608785359,0.8798957693789556,0.8673496,0.0008330888,19756.0,6848.0,32720.0,0.01675257,1.0866356604678336
2026-09-18T18:51:01.406637+00:00,29.633496110000124,12,1,forward,12,0.24,0.239990234375,0.0,0.46566128730773926,dc,out1,0.0,3,31.141556876998948,31.283276008998655,1.508060766998824,0.239990234375,0.1419677734375,-0.009033203125,4073033.0,-0.667975,0.5235941,0.11634865111803779,-0.4862829318416847,0.866020728148275,0.8789218,0.0008274437,19772.0,6800.0,32880.0,0.0167205,1.059156042850297
2026-09-18T18:51:01.406637+00:00,29.633496110000124,12,1,forward,12,0.24,0.239990234375,0.0,0.46566128730773926,dc,out1,0.0,4,31.283434335999118,31.426370699999097,1.6499382259989943,0.239990234375,0.1419677734375,-0.009033203125,4073183.0,-0.6730228,0.5191705,0.11313665162837688,-0.49488272705036357,0.8615632214327134,0.8754664,0.0008270322,19790.0,7024.0,32704.0,0.01667612,1.049412370579266
2026-09-18T18:51:03.230266+00:00,31.457126209999842,13,1,forward,13,0.26,0.2598876953125,0.0,0.46566128730773926,dc,out1,0.0,0,32.54238956199879,32.68645659399954,1.0852633519989467,0.2598876953125,0.14306640625,-0.009033203125,4074442.0,-0.6944441,0.435955,0.11638903036271298,-0.632750159947828,0.7655591608081151,0.8772494,0.0008290424,19940.0,7360.0,32320.0,0.01676272,0.8800923741617266
2026-09-18T18:51:03.230266+00:00,31.457126209999842,13,1,forward,13,0.26,0.2598876953125,0.0,0.46566128730773926,dc,out1,0.0,1,32.68664677099878,32.82935762899979,1.2295205609989353,0.2598876953125,0.14306640625,-0.009033203125,4074593.0,-0.6970974,0.4542921,0.10802217837867258,-0.6052996045237702,0.7886340074722201,0.870782,0.0008320501,19958.0,7568.0,32432.0,0.01670877,0.9161706149639471
2026-09-18T18:51:03.230266+00:00,31.457126209999842,13,1,forward,13,0.26,0.2598876953125,0.0,0.46566128730773926,dc,out1,0.0,2,32.82952156600004,32.973246355999436,1.3723953560001974,0.2598876953125,0.14306640625,-0.009033203125,4074727.0,-0.6916656,0.4691448,0.11017548570974268,-0.580811027945722,0.8065481462164897,0.866438,0.0008317257,19974.0,7456.0,32416.0,0.01673672,0.9466945932064978
2026-09-18T18:51:03.230266+00:00,31.457126209999842,13,1,forward,13,0.26,0.2598876953125,0.0,0.46566128730773926,dc,out1,0.0,3,32.97339758899943,33.117343353998876,1.5162713789995905,0.2598876953125,0.14306640625,-0.009033203125,4074877.0,-0.6778039,0.4714674,0.1254317708368366,-0.5738674077849094,0.8092855300491686,0.8797676,0.0008246054,19992.0,7184.0,32480.0,0.01670838,0.9539865554938175
2026-09-18T18:51:03.230266+00:00,31.457126209999842,13,1,forward,13,0.26,0.2598876953125,0.0,0.46566128730773926,dc,out1,0.0,4,33.11749855499875,33.26153113100008,1.6603723449989047,0.2598876953125,0.14306640625,-0.009033203125,4075011.0,-0.6848617,0.4779351,0.11521854121356856,-0.5652753323417407,0.8168160664473684,0.874602,0.0008309781,20008.0,7088.0,32560.0,0.01674302,0.965427727258632
2026-09-18T18:51:05.062813+00:00,33.289671153999734,14,1,forward,14,0.28,0.2799072265625,0.0,0.46566128730773926,dc,out1,0.0,0,34.36672518699925,34.5092827619992,1.0770540329995129,0.2799072265625,0.1434326171875,-0.009033203125,4076269.0,-0.6903566,0.4029989,0.1308208410978471,-0.679920655669657,0.7215218704434367,0.8786732,0.0008240376,20158.0,7888.0,31888.0,0.01682897,0.8150740160698187
2026-09-18T18:51:05.062813+00:00,33.289671153999734,14,1,forward,14,0.28,0.2799072265625,0.0,0.46566128730773926,dc,out1,0.0,1,34.50940656399871,34.65525737600001,1.2197354099989752,0.2799072265625,0.1434326171875,-0.009033203125,4076403.0,-0.7007929,0.3760464,0.12297897737159746,-0.7198311682128957,0.6831685446461172,0.8618166,0.0008282762,20174.0,8080.0,31472.0,0.01673143,0.7592725116975301
2026-09-18T18:51:05.062813+00:00,33.289671153999734,14,1,forward,14,0.28,0.2799072265625,0.0,0.46566128730773926,dc,out1,0.0,2,34.655474833998596,34.79865522599903,1.3658036799988622,0.2799072265625,0.1434326171875,-0.009033203125,4076554.0,-0.7002157,0.3511766,0.12941549733151098,-0.7522734260606248,0.6460157285186231,0.8814584,0.0008223,20192.0,8496.0,31456.0,0.01677827,0.7095527141649076
2026-09-18T18:51:05.062813+00:00,33.289671153999734,14,1,forward,14,0.28,0.2799072265625,0.0,0.46566128730773926,dc,out1,0.0,3,34.79886773499857,34.942616803999044,1.5091965809988324,0.2799072265625,0.1434326171875,-0.009033203125,4076705.0,-0.6976699,0.3418097,0.13533312888814403,-0.7633886846898145,0.6316032459645057,0.8661296,0.0008229277,20210.0,8560.0,30992.0,0.01677288,0.6912073115886345
2026-09-18T18:51:05.062813+00:00,33.289671153999734,14,1,forward,14,0.28,0.2799072265625,0.0,0.46566128730773926,dc,out1,0.0,4,34.94290607699986,35.08719754399863,1.6532349230001273,0.2799072265625,0.1434326171875,-0.009033203125,4076838.0,-0.7040373,0.3267625,0.12862281635844766,-0.7834575592400609,0.6079888354087002,0.856616,0.0008250606,20226.0,8816.0,31040.0,0.01673208,0.659955051069566
2026-09-18T18:51:06.888607+00:00,35.11546595699838,15,1,forward,15,0.3,0.2999267578125,0.0,0.46566128730773926,dc,out1,0.0,0,36.20374210099908,36.34658647799915,1.0882761440007016,0.2999267578125,0.1446533203125,-0.0091552734375,4078095.0,-0.706764,0.336994,0.12237395696749273,-0.7716962908244862,0.6241069214356209,0.8807488,0.0008253533,20376.0,8272.0,31440.0,0.01675357,0.6800516596311764
2026-09-18T18:51:06.888607+00:00,35.11546595699838,15,1,forward,15,0.3,0.2999267578125,0.0,0.46566128730773926,dc,out1,0.0,1,36.34678837699903,36.490273153998714,1.2313224200006516,0.2999267578125,0.1446533203125,-0.0091552734375,4078246.0,-0.687799,0.334956,0.15204151064173432,-0.7689898879788826,0.6209170083255934,0.8866442,0.0008136987,20394.0,8448.0,31232.0,0.0166906,0.6792640935465836
2026-09-18T18:51:06.888607+00:00,35.11546595699838,15,1,forward,15,0.3,0.2999267578125,0.0,0.46566128730773926,dc,out1,0.0,2,36.49041833699994,36.633279895999294,1.3749523800015595,0.2999267578125,0.1446533203125,-0.0091552734375,4078380.0,-0.6854026,0.3438398,0.153509235824416,-0.7573193473340574,0.6347458709358583,0.8854934,0.0008117251,20410.0,8416.0,31440.0,0.01672598,0.6975731343811593
2026-09-18T18:51:06.888607+00:00,35.11546595699838,15,1,forward,15,0.3,0.2999267578125,0.0,0.46566128730773926,dc,out1,0.0,3,36.633428764998825,36.77734920999865,1.5179628080004477,0.2999267578125,0.1446533203125,-0.0091552734375,4078531.0,-0.7147563,0.3550211,0.10678422166161033,-0.7507783584974308,0.6518657733122881,0.8643072,0.0008346215,20428.0,8400.0,31568.0,0.0167429,0.7149960491046898
2026-09-18T18:51:06.888607+00:00,35.11546595699838,15,1,forward,15,0.3,0.2999267578125,0.0,0.46566128730773926,dc,out1,0.0,4,36.777559253998334,36.920464894999895,1.6620932969999558,0.2999267578125,0.1446533203125,-0.0091552734375,4078681.0,-0.694073,0.3507138,0.13875602901139333,-0.7512144589530524,0.6453089191022096,0.878386,0.0008194791,20446.0,8352.0,31296.0,0.01671315,0.7097079032844936
2026-09-18T18:51:08.724455+00:00,36.951311943999826,16,1,forward,16,0.32,0.3199462890625,0.0,0.46566128730773926,dc,out1,0.0,0,38.03893730699929,38.182543458999135,1.0876253629994608,0.3199462890625,0.1468505859375,-0.009033203125,4079938.0,-0.699938,0.2101743,0.1552825059732753,-0.8996438698603656,0.40807873108179177,0.8773168,0.0008061453,20596.0,10000.0,29328.0,0.01679537,0.425843902952327
2026-09-18T18:51:08.724455+00:00,36.951311943999826,16,1,forward,16,0.32,0.3199462890625,0.0,0.46566128730773926,dc,out1,0.0,1,38.182789941998635,38.32638702499935,1.2314779979988089,0.3199462890625,0.1468505859375,-0.009033203125,4080089.0,-0.7118045,0.2087344,0.13406132558475287,-0.9042342230363656,0.4054479385473296,0.85941,0.0008171267,20614.0,10576.0,29504.0,0.01674065,0.42151272801355105
2026-09-18T18:51:08.724455+00:00,36.951311943999826,16,1,forward,16,0.32,0.3199462890625,0.0,0.46566128730773926,dc,out1,0.0,2,38.326534140998774,38.47029859799841,1.3752221969989478,0.3199462890625,0.1468505859375,-0.009033203125,4080223.0,-0.7080692,0.1849914,0.14361863706892886,-0.9212054949819103,0.3615993958811282,0.871972,0.0008121117,20630.0,10656.0,29632.0,0.01679668,0.3740488670562075
2026-09-18T18:51:08.724455+00:00,36.951311943999826,16,1,forward,16,0.32,0.3199462890625,0.0,0.46566128730773926,dc,out1,0.0,3,38.470442296998954,38.61380408900004,1.5191303529991274,0.3199462890625,0.1468505859375,-0.009033203125,4080374.0,-0.7122691,0.1777563,0.13662402570399296,-0.9274591551098005,0.3480709571386988,0.8608092,0.00081363,20648.0,10944.0,28656.0,0.01681993,0.35902943931616715
2026-09-18T18:51:08.724455+00:00,36.951311943999826,16,1,forward,16,0.32,0.3199462890625,0.0,0.46566128730773926,dc,out1,0.0,4,38.61401235899939,38.75747669299926,1.6627004149995628,0.3199462890625,0.1468505859375,-0.009033203125,4080508.0,-0.714576,0.1463811,0.13516438227481056,-0.9478616928221327,0.28859799210082826,0.8672564,0.0008141415,20664.0,11216.0,28848.0,0.01674913,0.2955551047225241
2026-09-18T18:51:10.559293+00:00,38.786151886999505,17,1,forward,17,0.34,0.3399658203125,0.0,0.46566128730773926,dc,out1,0.0,0,39.86933358399983,40.01329862399871,1.0831816970003274,0.3399658203125,0.150146484375,-0.009033203125,4081763.0,-0.6983122,0.06384414,0.17188186329998809,-0.9768524688228792,0.12734158481489885,0.858876,0.0007914591,20814.0,12560.0,26688.0,0.01675295,0.12962809588012872
2026-09-18T18:51:10.559293+00:00,38.786151886999505,17,1,forward,17,0.34,0.3399658203125,0.0,0.46566128730773926,dc,out1,0.0,1,40.01352470799975,40.15724576999855,1.2273728210002446,0.3399658203125,0.150146484375,-0.009033203125,4081914.0,-0.7024076,0.08204691,0.16300061800034807,-0.9730081369610561,0.16335839108867145,0.8865296,0.0007952202,20832.0,12112.0,27792.0,0.01674812,0.16633876599648656
2026-09-18T18:51:10.559293+00:00,38.786151886999505,17,1,forward,17,0.34,0.3399658203125,0.0,0.46566128730773926,dc,out1,0.0,2,40.15739684399887,40.30116095499943,1.3712449569993623,0.3399658203125,0.150146484375,-0.009033203125,4082048.0,-0.7002276,0.1048238,0.16580682389238777,-0.9639482085081101,0.20811522881500896,0.8618428,0.0007950132,20848.0,11728.0,27536.0,0.01675817,0.21263505741255095
2026-09-18T18:51:10.559293+00:00,38.786151886999505,17,1,forward,17,0.34,0.3399658203125,0.0,0.46566128730773926,dc,out1,0.0,3,40.30130354299945,40.44457057099862,1.5151516559999436,0.3399658203125,0.150146484375,-0.009033203125,4082199.0,-0.7038353,0.1187031,0.15784802017579816,-0.9590480977823115,0.23518237320579696,0.8718836,0.0007995554,20866.0,11088.0,28208.0,0.01677503,0.2404793275448507
2026-09-18T18:51:10.559293+00:00,38.786151886999505,17,1,forward,17,0.34,0.3399658203125,0.0,0.46566128730773926,dc,out1,0.0,4,40.4447793319996,40.58917174099952,1.6586274450000928,0.3399658203125,0.150146484375,-0.009033203125,4082350.0,-0.7016529,0.1301081,0.16109617381397548,-0.9528117057293549,0.257289479395514,0.8828684,0.0007985796,20884.0,11840.0,28400.0,0.01666632,0.26374149253302775
2026-09-18T18:51:12.392400+00:00,40.6192590619994,18,1,forward,18,0.36,0.3599853515625,0.0,0.46566128730773926,dc,out1,0.0,0,41.69937897699856,41.84222153599876,1.080119914999159,0.3599853515625,0.150146484375,-0.0091552734375,4083602.0,-0.7054209,0.04222529,0.15870569082274186,-0.9837161896562874,0.08435023360128659,0.8893546,0.0007917189,21034.0,12640.0,26448.0,0.0166588,0.08553728639284305
2026-09-18T18:51:12.392400+00:00,40.6192590619994,18,1,forward,18,0.36,0.3599853515625,0.0,0.46566128730773926,dc,out1,0.0,1,41.842358662999686,41.986257883998405,1.2230996010002855,0.3599853515625,0.150146484375,-0.0091552734375,4083736.0,-0.7041736,0.0418554,0.1611692211686211,-0.9833785319846776,0.08361306703835465,0.8807556,0.0007928373,21050.0,12880.0,26576.0,0.01666715,0.08482231505319697
2026-09-18T18:51:12.392400+00:00,40.6192590619994,18,1,forward,18,0.36,0.3599853515625,0.0,0.46566128730773926,dc,out1,0.0,2,41.98640065099971,42.129492487998505,1.3671415890003118,0.3599853515625,0.150146484375,-0.0091552734375,4083886.0,-0.6977518,0.04525468,0.17368255074591257,-0.980645079637294,0.09038583600077468,0.8854398,0.0007869313,21068.0,12896.0,26720.0,0.01670562,0.09191009470704556
2026-09-18T18:51:12.392400+00:00,40.6192590619994,18,1,forward,18,0.36,0.3599853515625,0.0,0.46566128730773926,dc,out1,0.0,3,42.129675420999774,42.27335913599927,1.5104163590003736,0.3599853515625,0.150146484375,-0.0091552734375,4084020.0,-0.7164417,0.05108258,0.13675931397876828,-0.9853402635396324,0.10198752417675593,0.8424362,0.0008049811,21084.0,12848.0,26544.0,0.01675017,0.10313761143166382
2026-09-18T18:51:12.392400+00:00,40.6192590619994,18,1,forward,18,0.36,0.3599853515625,0.0,0.46566128730773926,dc,out1,0.0,4,42.27355254899885,42.416480644998956,1.6542934869994497,0.3599853515625,0.150146484375,-0.0091552734375,4084170.0,-0.702075,0.04575955,0.16518189145385076,-0.9820196308340666,0.09139139670806941,0.8602862,0.0007899988,21102.0,12608.0,26128.0,0.01673012,0.09279744336294286
2026-09-18T18:51:14.217470+00:00,42.44432838499961,19,1,forward,19,0.38,0.3798828125,0.0,0.46566128730773926,dc,out1,0.0,0,43.533787615999245,43.676687917999516,1.089459230999637,0.3798828125,0.15234375,-0.009033203125,4085440.0,-0.7063599,-0.07010515,0.15587419661866037,-0.9778408837274956,-0.1397513539809819,0.8756848,0.0007844239,21254.0,12112.0,26528.0,0.01664438,-0.14195698529297562
2026-09-18T18:51:14.217470+00:00,42.44432838499961,19,1,forward,19,0.38,0.3798828125,0.0,0.46566128730773926,dc,out1,0.0,1,43.676856954998584,43.819287584999984,1.2325285699989763,0.3798828125,0.15234375,-0.009033203125,4085573.0,-0.6991969,-0.0785384,0.1694377662250066,-0.9730467495771863,-0.15643166723509866,0.872391,0.0007790314,21270.0,12000.0,26240.0,0.01670278,-0.15940088406467803
2026-09-18T18:51:14.217470+00:00,42.44432838499961,19,1,forward,19,0.38,0.3798828125,0.0,0.46566128730773926,dc,out1,0.0,2,43.819412428998476,43.96252124199964,1.3750840439988679,0.3798828125,0.15234375,-0.009033203125,4085723.0,-0.6997783,-0.0817783,0.1681299315934031,-0.9722238682204427,-0.1628283641288485,0.860738,0.0007784922,21288.0,12144.0,26336.0,0.0166042,-0.16594023507824895
2026-09-18T18:51:14.217470+00:00,42.44432838499961,19,1,forward,19,0.38,0.3798828125,0.0,0.46566128730773926,dc,out1,0.0,3,43.96271509500002,44.10721883399856,1.5183867100004136,0.3798828125,0.15234375,-0.009033203125,4085856.0,-0.702473,-0.07993265,0.16298592967623596,-0.9737020338178324,-0.15918522565423546,0.8620876,0.0007804496,21304.0,11648.0,26576.0,0.01663637,-0.16205096214926026
2026-09-18T18:51:14.217470+00:00,42.44432838499961,19,1,forward,19,0.38,0.3798828125,0.0,0.46566128730773926,dc,out1,0.0,4,44.10736838499906,44.251283097999476,1.6630399999994552,0.3798828125,0.15234375,-0.009033203125,4086007.0,-0.7141112,-0.08424102,0.14007944194332428,-0.9758376554026481,-0.16768607647359884,0.85323,0.000789633,21322.0,11888.0,26688.0,0.01675927,-0.17017607176753527
2026-09-18T18:51:16.052222+00:00,44.279079559999445,20,1,forward,20,0.4,0.39990234375,0.0,0.46566128730773926,dc,out1,0.0,0,45.35911961599959,45.50242450099904,1.0800400560001435,0.39990234375,0.154296875,-0.0091552734375,4087260.0,-0.7037021,-0.1593417,0.15447564364845548,-0.9370005499947717,-0.31331652498534274,0.8788034,0.0007716292,21472.0,10704.0,27696.0,0.01678245,-0.32269444804649056
2026-09-18T18:51:16.052222+00:00,44.279079559999445,20,1,forward,20,0.4,0.39990234375,0.0,0.46566128730773926,dc,out1,0.0,1,45.50260789499953,45.645596485999704,1.2235283350000827,0.39990234375,0.154296875,-0.0091552734375,4087394.0,-0.7009025,-0.1495008,0.16072580121842836,-0.9420180148234779,-0.2945662515814192,0.8337711,0.0007758246,21488.0,10768.0,27328.0,0.0168233,-0.30306437455226437
2026-09-18T18:51:16.052222+00:00,44.279079559999445,20,1,forward,20,0.4,0.39990234375,0.0,0.46566128730773926,dc,out1,0.0,2,45.64584936999927,45.790185458999986,1.3667698099998233,0.39990234375,0.154296875,-0.0091552734375,4087545.0,-0.7095206,-0.1225113,0.14665805156172693,-0.958982381809723,-0.24257824983017054,0.864222,0.0007828405,21506.0,11200.0,27008.0,0.01669302,-0.24775678418989386
2026-09-18T18:51:16.052222+00:00,44.279079559999445,20,1,forward,20,0.4,0.39990234375,0.0,0.46566128730773926,dc,out1,0.0,3,45.7903243389992,45.93447309599833,1.5112447789997532,0.39990234375,0.154296875,-0.0091552734375,4087696.0,-0.7049827,-0.1047413,0.15663762064044431,-0.9655153322141536,-0.20795383877075438,0.8551134,0.0007811758,21524.0,11504.0,26704.0,0.01671355,-0.2121404770582383
2026-09-18T18:51:16.052222+00:00,44.279079559999445,20,1,forward,20,0.4,0.39990234375,0.0,0.46566128730773926,dc,out1,0.0,4,45.934686946999136,46.07731717699971,1.6556073869996908,0.39990234375,0.154296875,-0.0091552734375,4087830.0,-0.7068832,-0.1030312,0.153076907395202,-0.9668005763605372,-0.20460719921658146,0.8693358,0.0007824893,21540.0,11392.0,26784.0,0.01676037,-0.2085559957621045
2026-09-18T18:51:17.878239+00:00,46.10509791899858,21,1,forward,21,0.42,0.419921875,0.0,0.46566128730773926,dc,out1,0.0,0,47.190949605999776,47.334311523,1.0858516870011954,0.419921875,0.154541015625,-0.0091552734375,4089085.0,-0.6987016,-0.187086,0.16058863720474104,-0.9168531065764604,-0.3655019433078544,0.8363672,0.0007710343,21690.0,10752.0,27536.0,0.01669935,-0.37934058600801135
2026-09-18T18:51:17.878239+00:00,46.10509791899858,21,1,forward,21,0.42,0.419921875,0.0,0.46566128730773926,dc,out1,0.0,1,47.3344458749998,47.47835536799903,1.2293479560012202,0.419921875,0.154541015625,-0.0091552734375,4089235.0,-0.7022339,-0.1961496,0.15298528462727504,-0.9112801650652312,-0.3823139592614906,0.8664398,0.0007732171,21708.0,10000.0,27840.0,0.01669912,-0.39723268504998105
2026-09-18T18:51:17.878239+00:00,46.10509791899858,21,1,forward,21,0.42,0.419921875,0.0,0.46566128730773926,dc,out1,0.0,2,47.47855815799994,47.62225234699872,1.3734602390013606,0.419921875,0.154541015625,-0.0091552734375,4089369.0,-0.696639,-0.2133132,0.16075937115383956,-0.8960604731053868,-0.41380194915487317,0.8541598,0.0007681137,21724.0,9936.0,27888.0,0.01668643,-0.432624488525903
2026-09-18T18:51:17.878239+00:00,46.10509791899858,21,1,forward,21,0.42,0.419921875,0.0,0.46566128730773926,dc,out1,0.0,3,47.62242248599978,47.765270868998414,1.5173245670011966,0.419921875,0.154541015625,-0.0091552734375,4089519.0,-0.7001087,-0.2013741,0.15617051708088203,-0.9066352266757951,-0.3919481283859122,0.8412764,0.0007723433,21742.0,10176.0,27840.0,0.01672793,-0.40804656187585137
2026-09-18T18:51:17.878239+00:00,46.10509791899858,21,1,forward,21,0.42,0.419921875,0.0,0.46566128730773926,dc,out1,0.0,4,47.765416831998664,47.90861918900009,1.6603189130000828,0.419921875,0.154541015625,-0.0091552734375,4089669.0,-0.6921957,-0.2314394,0.165825451416983,-0.8792704998920097,-0.4465258197260369,0.8607878,0.0007636536,21760.0,9440.0,28032.0,0.01670378,-0.46989728815527293
2026-09-18T18:51:19.710580+00:00,47.93743849800012,22,1,forward,22,0.44,0.43994140625,0.0,0.46566128730773926,dc,out1,0.0,0,49.01477692899971,49.16020771199874,1.077338430999589,0.43994140625,0.1588134765625,-0.0091552734375,4090921.0,-0.6813156,-0.4374792,0.13247820615741246,-0.6271901076965231,-0.7675168361025951,0.8359508,0.0007535201,21910.0,7728.0,29264.0,0.0166942,-0.8856744753245241
2026-09-18T18:51:19.710580+00:00,47.93743849800012,22,1,forward,22,0.44,0.43994140625,0.0,0.46566128730773926,dc,out1,0.0,1,49.16034186399884,49.30326767799852,1.222903365998718,0.43994140625,0.1588134765625,-0.0091552734375,4091054.0,-0.6856604,-0.4452079,0.12465728337751401,-0.616614436013468,-0.7773333898661057,0.8340711,0.0007583403,21926.0,7680.0,29328.0,0.01668923,-0.9001889772665727
2026-09-18T18:51:19.710580+00:00,47.93743849800012,22,1,forward,22,0.44,0.43994140625,0.0,0.46566128730773926,dc,out1,0.0,2,49.303409663998536,49.446317111998724,1.3659711659984168,0.43994140625,0.1588134765625,-0.0091552734375,4091204.0,-0.6711303,-0.449453,0.1410207730072325,-0.6062819101833351,-0.782646399700969,0.83961,0.0007518266,21944.0,7568.0,29168.0,0.0166448,-0.9117010659545914
2026-09-18T18:51:19.710580+00:00,47.93743849800012,22,1,forward,22,0.44,0.43994140625,0.0,0.46566128730773926,dc,out1,0.0,3,49.44646496899986,49.59011089199885,1.5090264709997427,0.43994140625,0.1588134765625,-0.0091552734375,4091338.0,-0.6845388,-0.4387437,0.12804305673745453,-0.6261273784800837,-0.7691355417213451,0.8359392,0.0007559764,21960.0,7552.0,29248.0,0.0166986,-0.887536987367245
2026-09-18T18:51:19.710580+00:00,47.93743849800012,22,1,forward,22,0.44,0.43994140625,0.0,0.46566128730773926,dc,out1,0.0,4,49.590261724999436,49.73427521699887,1.6528232269993168,0.43994140625,0.1588134765625,-0.0091552734375,4091488.0,-0.6819668,-0.4262047,0.13518210965603986,-0.6441389524796204,-0.7528683863248607,0.846934,0.0007544622,21978.0,7520.0,29328.0,0.01668008,-0.8630718310588201
2026-09-18T18:51:21.538700+00:00,49.76555910599927,23,1,forward,23,0.46,0.4599609375,0.0,0.46566128730773926,dc,out1,0.0,0,50.848215912999876,50.99210528000003,1.0826568070006033,0.4599609375,0.159423828125,-0.0091552734375,4092740.0,-0.6732428,-0.4728775,0.1301532212081964,-0.5704718896165838,-0.8109389386177078,0.8361773,0.0007544025,22128.0,7184.0,29312.0,0.016638,-0.9577447414883037
2026-09-18T18:51:21.538700+00:00,49.76555910599927,23,1,forward,23,0.46,0.4599609375,0.0,0.46566128730773926,dc,out1,0.0,1,50.99225197499982,51.13527222099947,1.2266928690005443,0.4599609375,0.159423828125,-0.0091552734375,4092889.0,-0.672621,-0.488989,0.12495155184024194,-0.5445489429564015,-0.8293693739328581,0.8372761,0.0007502417,22146.0,7312.0,29392.0,0.01670373,-0.9898079984758521
2026-09-18T18:51:21.538700+00:00,49.76555910599927,23,1,forward,23,0.46,0.4599609375,0.0,0.46566128730773926,dc,out1,0.0,2,51.135412463998364,51.27860159699958,1.3698533579990908,0.4599609375,0.159423828125,-0.0091552734375,4093040.0,-0.6549407,-0.5067866,0.136419799775621,-0.5109327966469666,-0.8487268792371837,0.85038,0.0007424519,22164.0,7200.0,29440.0,0.01668323,-1.0289082143655015
2026-09-18T18:51:21.538700+00:00,49.76555910599927,23,1,forward,23,0.46,0.4599609375,0.0,0.46566128730773926,dc,out1,0.0,3,51.27881641899876,51.42240125199896,1.5132573129994853,0.4599609375,0.159423828125,-0.0091552734375,4093173.0,-0.6590256,-0.5200952,0.12654579755153542,-0.4899784516811578,-0.8625005959477252,0.8414268,0.000745177,22180.0,7088.0,29408.0,0.01665003,-1.0541701732929918
2026-09-18T18:51:21.538700+00:00,49.76555910599927,23,1,forward,23,0.46,0.4599609375,0.0,0.46566128730773926,dc,out1,0.0,4,51.4225224490001,51.566151283999716,1.6569633430008253,0.4599609375,0.159423828125,-0.0091552734375,4093323.0,-0.6589577,-0.4991747,0.135527872767929,-0.5244623864672393,-0.840578015941464,0.84595,0.0007494154,22198.0,7056.0,29424.0,0.01666962,-1.0129663530307134
2026-09-18T18:51:23.373586+00:00,51.60044433599978,24,1,forward,24,0.48,0.47998046875,0.0,0.46566128730773926,dc,out1,0.0,0,52.68001289199856,52.823304991999976,1.079568555998776,0.47998046875,0.1595458984375,-0.009033203125,4094573.0,-0.6670736,-0.4766325,0.13575017651163873,-0.5628862270867483,-0.8153103611098688,0.8470756,0.0007488572,22348.0,7296.0,29360.0,0.01658842,-0.9665457757113299
2026-09-18T18:51:23.373586+00:00,51.60044433599978,24,1,forward,24,0.48,0.47998046875,0.0,0.46566128730773926,dc,out1,0.0,1,52.82349393699951,52.96624104500006,1.2230496009997296,0.47998046875,0.1595458984375,-0.009033203125,4094723.0,-0.6835501,-0.4572402,0.12343807875783326,-0.5975867285627173,-0.7922456327164473,0.8319658,0.0007595554,22366.0,7376.0,29280.0,0.01667735,-0.9245522337831131
2026-09-18T18:51:23.373586+00:00,51.60044433599978,24,1,forward,24,0.48,0.47998046875,0.0,0.46566128730773926,dc,out1,0.0,2,52.96637607899902,53.109482400999696,1.365931742999237,0.47998046875,0.1595458984375,-0.009033203125,4094873.0,-0.6670485,-0.4783329,0.1351274625312619,-0.5601807651458763,-0.8172747880795314,0.8419266,0.0007477805,22384.0,7408.0,29280.0,0.01658475,-0.9699192034265167
2026-09-18T18:51:23.373586+00:00,51.60044433599978,24,1,forward,24,0.48,0.47998046875,0.0,0.46566128730773926,dc,out1,0.0,3,53.109696862999044,53.25227440399976,1.509252526999262,0.47998046875,0.1595458984375,-0.009033203125,4095006.0,-0.6572847,-0.4974282,0.13802523593218863,-0.5268430558207365,-0.8386807669067724,0.8437912,0.000743522,22400.0,7216.0,29312.0,0.01663742,-1.009913048668655
2026-09-18T18:51:23.373586+00:00,51.60044433599978,24,1,forward,24,0.48,0.47998046875,0.0,0.46566128730773926,dc,out1,0.0,4,53.25241822299904,53.39540370599934,1.651973886999258,0.47998046875,0.1595458984375,-0.009033203125,4095156.0,-0.6612103,-0.5219157,0.12363086624693073,-0.48747946090547783,-0.8643374249136376,0.8386258,0.0007497726,22418.0,6912.0,29440.0,0.01664853,-1.0572741407082573
2026-09-18T18:51:25.196935+00:00,53.42379163199985,25,1,forward,25,0.5,0.5,0.0,0.46566128730773926,dc,out1,0.0,0,54.51069307999933,54.65432925099958,1.0869014479994803,0.5,0.160888671875,-0.009033203125,4096406.0,-0.5788082,-0.6453949,0.1109658569249181,-0.25310568952449186,-0.9610536345736642,0.8358065,0.0007400792,22568.0,6720.0,29392.0,0.01670162,-1.3132810715840058
2026-09-18T18:51:25.196935+00:00,53.42379163199985,25,1,forward,25,0.5,0.5,0.0,0.46566128730773926,dc,out1,0.0,1,54.654464032999385,54.79807790199993,1.2306724009995378,0.5,0.160888671875,-0.009033203125,4096556.0,-0.5715191,-0.6494299,0.11142274872394724,-0.24439615901230416,-0.9632525569791303,0.8374563,0.0007389199,22586.0,6640.0,29392.0,0.01673613,-1.3223198361970416
2026-09-18T18:51:25.196935+00:00,53.42379163199985,25,1,forward,25,0.5,0.5,0.0,0.46566128730773926,dc,out1,0.0,2,54.79820829699929,54.94144534899897,1.374416664999444,0.5,0.160888671875,-0.009033203125,4096690.0,-0.5693098,-0.6530469,0.10958002187286368,-0.2375676267604657,-0.965170369168958,0.840536,0.0007380831,22602.0,6608.0,29376.0,0.01669613,-1.3294533129666612
2026-09-18T18:51:25.196935+00:00,53.42379163199985,25,1,forward,25,0.5,0.5,0.0,0.46566128730773926,dc,out1,0.0,3,54.94161637899924,55.08531857299931,1.5178247469993948,0.5,0.160888671875,-0.009033203125,4096840.0,-0.5959545,-0.6392656,0.10657257726630055,-0.26768748941510895,-0.9575936997419388,0.8271168,0.0007461703,22620.0,6768.0,29392.0,0.01674142,-1.2982125407604177
2026-09-18T18:51:25.196935+00:00,53.42379163199985,25,1,forward,25,0.5,0.5,0.0,0.46566128730773926,dc,out1,0.0,4,55.08546824399855,55.228510490998815,1.6616766119987005,0.5,0.160888671875,-0.009033203125,4096990.0,-0.5915793,-0.6381761,0.10969931941496618,-0.2686758463372239,-0.9569636089814856,0.8341859,0.0007423476,22638.0,6720.0,29408.0,0.01664177,-1.2970842321806098
2026-09-18T18:51:27.029986+00:00,55.256845255998996,26,1,forward,26,0.52,0.5198974609375,0.0,0.46566128730773926,dc,out1,0.0,0,56.344732743998975,56.48840156000006,1.0878874879999785,0.5198974609375,0.161376953125,-0.0091552734375,4098241.0,0.1199129,-0.7397629,0.08853526603728008,0.02164971261541909,-0.9958377360852408,0.8324283,0.000738499,22788.0,6560.0,29264.0,0.01663107,-1.5925331037659813
2026-09-18T18:51:27.029986+00:00,55.256845255998996,26,1,forward,26,0.52,0.5198974609375,0.0,0.46566128730773926,dc,out1,0.0,1,56.48858120699879,56.63128613599838,1.2317359509997914,0.5198974609375,0.161376953125,-0.0091552734375,4098391.0,-0.01451364,-0.7408632,0.08891472933247095,-0.0025816778778080035,-0.9960358958627288,0.8283242,0.0007408722,22806.0,6576.0,29248.0,0.01668083,-1.5682043799512844
2026-09-18T18:51:27.029986+00:00,55.256845255998996,26,1,forward,26,0.52,0.5198974609375,0.0,0.46566128730773926,dc,out1,0.0,2,56.6314137749996,56.77534533399921,1.3745685190006043,0.5198974609375,0.161376953125,-0.0091552734375,4098524.0,-0.1330977,-0.7368436,0.0935416385114018,-0.02550566284666637,-0.9952886129296137,0.8304706,0.000740886,22822.0,6576.0,29248.0,0.01666733,-1.545175535579095
2026-09-18T18:51:27.029986+00:00,55.256845255998996,26,1,forward,26,0.52,0.5198974609375,0.0,0.46566128730773926,dc,out1,0.0,3,56.775516494999465,56.91951473900008,1.5186712390004686,0.5198974609375,0.161376953125,-0.0091552734375,4098674.0,-0.119617,-0.7385638,0.09086800703202218,-0.0221631596046679,-0.9956162913765355,0.8249858,0.0007408916,22840.0,6576.0,29248.0,0.01664987,-1.548539258516108
2026-09-18T18:51:27.029986+00:00,55.256845255998996,26,1,forward,26,0.52,0.5198974609375,0.0,0.46566128730773926,dc,out1,0.0,4,56.919720704998326,57.06312501499997,1.6628754489993298,0.5198974609375,0.161376953125,-0.0091552734375,4098824.0,-0.02873144,-0.7396554,0.09120717424993986,-0.005246803131559115,-0.9958181171389883,0.8211918,0.000743451,22858.0,6592.0,29232.0,0.01667093,-1.5655275387596856
2026-09-18T18:51:28.864894+00:00,57.091751887999635,27,1,forward,27,0.54,0.5399169921875,0.0,0.46566128730773926,dc,out1,0.0,0,58.1783922300001,58.321502933999,1.0866403420004644,0.5399169921875,0.1612548828125,-0.0091552734375,4100073.0,0.6271988,-0.6734317,0.06909498189124329,0.2110431659074709,-0.9750316228724074,0.8321452,0.0007386838,23008.0,6608.0,29136.0,0.01667772,-1.7839556286459923
2026-09-18T18:51:28.864894+00:00,57.091751887999635,27,1,forward,27,0.54,0.5399169921875,0.0,0.46566128730773926,dc,out1,0.0,1,58.321692018998874,58.46424596899851,1.229940130999239,0.5399169921875,0.1612548828125,-0.0091552734375,4100223.0,0.6548503,-0.6599019,0.06411289777167949,0.23994783243328222,-0.9686663894498909,0.8211736,0.0007438933,23026.0,6608.0,29152.0,0.01670453,-1.8136180324845956
2026-09-18T18:51:28.864894+00:00,57.091751887999635,27,1,forward,27,0.54,0.5399169921875,0.0,0.46566128730773926,dc,out1,0.0,2,58.464379358998485,58.60734430999946,1.3726274709988502,0.5399169921875,0.1612548828125,-0.0091552734375,4100357.0,0.6322541,-0.672905,0.06726736877177017,0.21271013778747982,-0.9747971575568704,0.8298535,0.0007384362,23042.0,6608.0,29168.0,0.01663003,-1.7856382855757582
2026-09-18T18:51:28.864894+00:00,57.091751887999635,27,1,forward,27,0.54,0.5399169921875,0.0,0.46566128730773926,dc,out1,0.0,3,58.607500461999734,58.7514646769996,1.5157485740000993,0.5399169921875,0.1612548828125,-0.0091552734375,4100507.0,0.6228718,-0.6694589,0.07339061440601939,0.217772122755791,-0.9732364154035461,0.8284707,0.0007388837,23060.0,6624.0,29168.0,0.01669047,-1.7909309328216463
2026-09-18T18:51:28.864894+00:00,57.091751887999635,27,1,forward,27,0.54,0.5399169921875,0.0,0.46566128730773926,dc,out1,0.0,4,58.75171740099904,58.895441134000066,1.6599655129994062,0.5399169921875,0.1612548828125,-0.0091552734375,4100657.0,0.6147008,-0.6683461,0.0776644893035287,0.21858424027167936,-0.972722548831924,0.8299478,0.0007371084,23078.0,6608.0,29136.0,0.0166726,-1.7918384018676474
2026-09-18T18:51:30.696282+00:00,58.9231425099988,28,1,forward,28,0.56,0.5599365234375,0.0,0.46566128730773926,dc,out1,0.0,0,60.00380196799961,60.147148610998556,1.0806594580008095,0.5599365234375,0.16064453125,-0.0091552734375,4101907.0,0.7333219,-0.5255689,0.05162699689482624,0.4938927977707636,-0.8679888003320027,0.8301318,0.0007404954,23228.0,6976.0,28912.0,0.01666478,-2.088115997056702
2026-09-18T18:51:30.696282+00:00,58.9231425099988,28,1,forward,28,0.56,0.5599365234375,0.0,0.46566128730773926,dc,out1,0.0,1,60.147274637998635,60.29226705600013,1.2241321279998374,0.5599365234375,0.16064453125,-0.0091552734375,4102040.0,0.7240306,-0.5402334,0.05765300901686962,0.4673741421719435,-0.8821777268670643,0.8343318,0.0007382211,23244.0,6896.0,28992.0,0.016718,-2.0579955512301633
2026-09-18T18:51:30.696282+00:00,58.9231425099988,28,1,forward,28,0.56,0.5599365234375,0.0,0.46566128730773926,dc,out1,0.0,2,60.29241321999871,60.4372478009991,1.3692707099999097,0.5599365234375,0.16064453125,-0.0091552734375,4102190.0,0.720274,-0.5579672,0.05706141886319425,0.4356169442561853,-0.8983216975862393,0.8327356,0.0007402655,23262.0,6800.0,29008.0,0.01667165,-2.022309831567602
2026-09-18T18:51:30.696282+00:00,58.9231425099988,28,1,forward,28,0.56,0.5599365234375,0.0,0.46566128730773926,dc,out1,0.0,3,60.43741309100005,60.58109630299987,1.5142705810012558,0.5599365234375,0.16064453125,-0.0091552734375,4102340.0,0.7326833,-0.5572775,0.046363909879876035,0.4381306768212012,-0.8977148199115612,0.8276962,0.0007431064,23280.0,6864.0,29008.0,0.01666403,-2.024839177687631
2026-09-18T18:51:30.696282+00:00,58.9231425099988,28,1,forward,28,0.56,0.5599365234375,0.0,0.46566128730773926,dc,out1,0.0,4,60.58124075399974,60.72449348800001,1.6580982440009393,0.5599365234375,0.16064453125,-0.0091552734375,4102473.0,0.7285717,-0.5625063,0.048897753555712575,0.42838346690002443,-0.9022730268515847,0.8303831,0.0007411756,23296.0,6880.0,29024.0,0.0166403,-2.014067209057423
2026-09-18T18:51:32.525409+00:00,60.75226924299932,29,1,forward,29,0.58,0.5799560546875,0.0,0.46566128730773926,dc,out1,0.0,0,61.83658630099853,61.979315410999334,1.0843170579992147,0.5799560546875,0.1605224609375,-0.0091552734375,4103738.0,0.7437956,-0.5128406,0.043093470508815596,0.5167227012680465,-0.8550676013004813,0.824069,0.0007445624,23448.0,7104.0,28800.0,0.01655952,-2.114376177564804
2026-09-18T18:51:32.525409+00:00,60.75226924299932,29,1,forward,29,0.58,0.5799560546875,0.0,0.46566128730773926,dc,out1,0.0,1,61.97946210599912,62.1224587179986,1.2271928629998001,0.5799560546875,0.1605224609375,-0.0091552734375,4103871.0,0.7331937,-0.5023179,0.055902793858129095,0.5334745935332975,-0.843966667406562,0.8382813,0.000737925,23464.0,6928.0,28880.0,0.01662582,-2.1344877384706495
2026-09-18T18:51:32.525409+00:00,60.75226924299932,29,1,forward,29,0.58,0.5799560546875,0.0,0.46566128730773926,dc,out1,0.0,2,62.1227066729989,62.26545080999858,1.3704374299995834,0.5799560546875,0.1605224609375,-0.0091552734375,4104021.0,0.7353832,-0.5171131,0.051049180051758646,0.508635787280815,-0.8594670541174156,0.8355238,0.0007367301,23482.0,6928.0,28944.0,0.0166753,-2.1051673419438672
2026-09-18T18:51:32.525409+00:00,60.75226924299932,29,1,forward,29,0.58,0.5799560546875,0.0,0.46566128730773926,dc,out1,0.0,3,62.26564677699935,62.409485715999836,1.5133775340000284,0.5799560546875,0.1605224609375,-0.0091552734375,4104171.0,0.7389089,-0.4956485,0.05084218389741003,0.5452397537442492,-0.8367369259650564,0.8322555,0.0007401773,23500.0,7088.0,28928.0,0.0166635,-2.1483139388054515
2026-09-18T18:51:32.525409+00:00,60.75226924299932,29,1,forward,29,0.58,0.5799560546875,0.0,0.46566128730773926,dc,out1,0.0,4,62.409692012999585,62.552494087000014,1.6574227700002666,0.5799560546875,0.1605224609375,-0.0091552734375,4104304.0,0.7434798,-0.477827,0.048323405354750104,0.5750479398379653,-0.8166913219711792,0.8356788,0.0007396125,23516.0,7152.0,28848.0,0.01658855,-2.1842814260878947
2026-09-18T18:51:34.358200+00:00,62.58505875999981,30,1,forward,30,0.6,0.5999755859375,0.0,0.46566128730773926,dc,out1,0.0,0,63.66468732799876,63.80824255099833,1.0796285679989523,0.5999755859375,0.15869140625,-0.009033203125,4105568.0,0.7901799,-0.3273424,-0.007586012850335068,0.7932036211051225,-0.6089092443663143,0.8181193,0.0007633424,23668.0,8336.0,28016.0,0.01665975,-2.4868857650199354
2026-09-18T18:51:34.358200+00:00,62.58505875999981,30,1,forward,30,0.6,0.5999755859375,0.0,0.46566128730773926,dc,out1,0.0,1,63.80842512399977,63.95150605799972,1.2233663639999577,0.5999755859375,0.15869140625,-0.009033203125,4105701.0,0.7740616,-0.344742,0.01749250460003044,0.7713760521110781,-0.6361391345549693,0.8253891,0.0007530998,23684.0,8144.0,28080.0,0.01660563,-2.451982479380243
2026-09-18T18:51:34.358200+00:00,62.58505875999981,30,1,forward,30,0.6,0.5999755859375,0.0,0.46566128730773926,dc,out1,0.0,2,63.951696644999174,64.09628066799996,1.3666378849993635,0.5999755859375,0.15869140625,-0.009033203125,4105851.0,0.772266,-0.3471507,0.020181837978784145,0.7682358411722722,-0.6398487209912429,0.8362036,0.0007495522,23702.0,8192.0,28048.0,0.01661527,-2.4471216294215403
2026-09-18T18:51:34.358200+00:00,62.58505875999981,30,1,forward,30,0.6,0.5999755859375,0.0,0.46566128730773926,dc,out1,0.0,3,64.09644623799977,64.23932230799983,1.5113874779999605,0.5999755859375,0.15869140625,-0.009033203125,4106001.0,0.7579476,-0.3659396,0.040821526942749355,0.7427990504515507,-0.6682687884274837,0.8484054,0.0007421496,23720.0,7760.0,28080.0,0.01670127,-2.408963795924289
2026-09-18T18:51:34.358200+00:00,62.58505875999981,30,1,forward,30,0.6,0.5999755859375,0.0,0.46566128730773926,dc,out1,0.0,4,64.23946691999845,64.3832063159989,1.6544081599986384,0.5999755859375,0.15869140625,-0.009033203125,4106134.0,0.754363,-0.3649289,0.046229406046879196,0.7438340256872804,-0.6667636644617094,0.8521428,0.0007389137,23736.0,7888.0,28192.0,0.0166823,-2.410776891369678
2026-09-18T18:51:36.184220+00:00,64.41107630499937,31,1,forward,31,0.62,0.6199951171875,0.0,0.46566128730773926,dc,out1,0.0,0,65.49544086499918,65.63929478299906,1.0843645599998126,0.6199951171875,0.1578369140625,-0.0091552734375,4107400.0,0.7776422,-0.2755406,0.013214994022905628,0.8518563973747697,-0.5236086727553823,0.8299071,0.0007546951,23888.0,8896.0,27376.0,0.01656278,-2.5904577805506768
2026-09-18T18:51:36.184220+00:00,64.41107630499937,31,1,forward,31,0.62,0.6199951171875,0.0,0.46566128730773926,dc,out1,0.0,1,65.6394503449992,65.7825892919991,1.228374039999835,0.6199951171875,0.1578369140625,-0.0091552734375,4107533.0,0.7762165,-0.2719343,0.01571285950399204,0.8555690073321356,-0.5174502678894967,0.8353157,0.0007540812,23904.0,8688.0,27488.0,0.01661782,-2.5976493896273314
2026-09-18T18:51:36.184220+00:00,64.41107630499937,31,1,forward,31,0.62,0.6199951171875,0.0,0.46566128730773926,dc,out1,0.0,2,65.78277113299919,65.92549406099897,1.3716948279998178,0.6199951171875,0.1578369140625,-0.0091552734375,4107683.0,0.7880563,-0.2478807,-0.004676207852354141,0.8795943356712442,-0.47570152168684937,0.8260986,0.000760744,23922.0,9424.0,27440.0,0.01662515,-2.645825340541657
2026-09-18T18:51:36.184220+00:00,64.41107630499937,31,1,forward,31,0.62,0.6199951171875,0.0,0.46566128730773926,dc,out1,0.0,3,65.92569251299938,66.06830343000001,1.5146162080000067,0.6199951171875,0.1578369140625,-0.0091552734375,4107816.0,0.777261,-0.2334803,0.01453136681297057,0.8928224238062541,-0.4501743650267889,0.8347902,0.0007545381,23938.0,9552.0,27408.0,0.01663543,-2.674578816328374
2026-09-18T18:51:36.184220+00:00,64.41107630499937,31,1,forward,31,0.62,0.6199951171875,0.0,0.46566128730773926,dc,out1,0.0,4,66.06843302299967,66.2122270889995,1.657356718000301,0.6199951171875,0.1578369140625,-0.0091552734375,4107965.0,0.7826184,-0.2371281,0.004945911043155124,0.8896188954354698,-0.45667686480500397,0.8354588,0.0007578081,23956.0,9168.0,27072.0,0.01659448,-2.6673301748920824
2026-09-18T18:51:38.016439+00:00,66.24329653599852,32,1,forward,32,0.64,0.639892578125,0.0,0.46566128730773926,dc,out1,0.0,0,67.32077493699944,67.46375274599995,1.077478401000917,0.639892578125,0.1558837890625,-0.009033203125,4109217.0,0.7901551,-0.1260414,-0.009213048518159498,0.9683512013012453,-0.24942147196149153,0.8624578,0.0007678566,24106.0,10256.0,26224.0,0.01669432,-2.8894989219259655
2026-09-18T18:51:38.016439+00:00,66.24329653599852,32,1,forward,32,0.64,0.639892578125,0.0,0.46566128730773926,dc,out1,0.0,1,67.46393747299953,67.60649173899947,1.2206409370010078,0.639892578125,0.1558837890625,-0.009033203125,4109367.0,0.7780159,-0.1292783,0.01427323594863694,0.9666546706828093,-0.2556853972808459,0.8332352,0.0007591666,24124.0,11072.0,25872.0,0.01676007,-2.8830091090953456
2026-09-18T18:51:38.016439+00:00,66.24329653599852,32,1,forward,32,0.64,0.639892578125,0.0,0.46566128730773926,dc,out1,0.0,2,67.60666439299894,67.75051660200006,1.3633678570004122,0.639892578125,0.1558837890625,-0.009033203125,4109501.0,0.7861956,-0.1153886,-0.001552590730709282,0.9734876787323491,-0.22873418812745375,0.851766,0.0007664967,24140.0,10704.0,25648.0,0.01667278,-2.9108151703952685
2026-09-18T18:51:38.016439+00:00,66.24329653599852,32,1,forward,32,0.64,0.639892578125,0.0,0.46566128730773926,dc,out1,0.0,3,67.75067241399847,67.8953895149989,1.507375877999948,0.639892578125,0.1558837890625,-0.009033203125,4109651.0,0.7830825,-0.1585377,0.004400445622611649,0.9501411486273537,-0.31178908538211453,0.8274815,0.0007622995,24158.0,10624.0,26256.0,0.01667137,-2.824514076437894
2026-09-18T18:51:38.016439+00:00,66.24329653599852,32,1,forward,32,0.64,0.639892578125,0.0,0.46566128730773926,dc,out1,0.0,4,67.89555755999936,68.03841183899931,1.6522610240008362,0.639892578125,0.1558837890625,-0.009033203125,4109802.0,0.7765434,-0.1858312,0.01649954474272765,0.9315788047280416,-0.36316483255507553,0.826745,0.0007555104,24176.0,10432.0,26992.0,0.0167071,-2.76987718675519
2026-09-18T18:51:39.839702+00:00,68.06655928599866,33,1,forward,33,0.66,0.659912109375,0.0,0.46566128730773926,dc,out1,0.0,0,69.1515579809984,69.29442390699842,1.08499869499974,0.659912109375,0.1541748046875,-0.009033203125,4111056.0,0.7839058,-0.05451133,0.0029670018097845384,0.9940584861058162,-0.10880681550929469,0.8338613,0.000768061,24326.0,11984.0,25312.0,0.01676787,-3.032569511807612
2026-09-18T18:51:39.839702+00:00,68.06655928599866,33,1,forward,33,0.66,0.659912109375,0.0,0.46566128730773926,dc,out1,0.0,1,69.29466589099866,69.43726947399955,1.2281066049999936,0.659912109375,0.1541748046875,-0.009033203125,4111190.0,0.7805708,-0.06286888,0.009578357947261909,0.9920591786111039,-0.1254067031402067,0.8399932,0.0007673467,24342.0,11984.0,24976.0,0.0167601,-3.0158490946966876
2026-09-18T18:51:39.839702+00:00,68.06655928599866,33,1,forward,33,0.66,0.659912109375,0.0,0.46566128730773926,dc,out1,0.0,2,69.43740435699874,69.5813330839992,1.3708450710000761,0.659912109375,0.1541748046875,-0.009033203125,4111340.0,0.7806453,-0.05663961,0.00944466014325641,0.9935458777434706,-0.11303710547309248,0.8661962,0.0007645226,24360.0,11728.0,24976.0,0.01673858,-3.02830835918234
2026-09-18T18:51:39.839702+00:00,68.06655928599866,33,1,forward,33,0.66,0.659912109375,0.0,0.46566128730773926,dc,out1,0.0,3,69.58147224499953,69.72543590799978,1.514912959000867,0.659912109375,0.1541748046875,-0.009033203125,4111474.0,0.7972709,-0.0504099,-0.023622673318316835,0.9946415085377783,-0.10064908742253229,0.8359411,0.0007781767,24376.0,11536.0,25184.0,0.0167249,-3.0407446157588156
2026-09-18T18:51:39.839702+00:00,68.06655928599866,33,1,forward,33,0.66,0.659912109375,0.0,0.46566128730773926,dc,out1,0.0,4,69.72559611799988,69.86944205100008,1.6590368320012203,0.659912109375,0.1541748046875,-0.009033203125,4111624.0,0.7831245,-0.05640672,0.004518405275581679,0.9936330365514142,-0.11257429852049484,0.8593794,0.0007684998,24394.0,11856.0,25136.0,0.01667772,-3.0287780570627736
2026-09-18T18:51:41.670274+00:00,69.89713234999908,34,1,forward,34,0.68,0.679931640625,0.0,0.46566128730773926,dc,out1,0.0,0,70.97511558299993,71.1191801419991,1.0779832330008503,0.679931640625,0.151123046875,-0.0091552734375,4112879.0,0.7800675,0.1019691,0.010440189862535792,0.9792209265181189,0.20252747839399754,0.8591086,0.0007773794,24544.0,11136.0,26352.0,0.01670177,2.9376431815790065
2026-09-18T18:51:41.670274+00:00,69.89713234999908,34,1,forward,34,0.68,0.679931640625,0.0,0.46566128730773926,dc,out1,0.0,1,71.11934073299926,71.26229418899857,1.2222083830001793,0.679931640625,0.151123046875,-0.0091552734375,4113013.0,0.791041,0.1058749,-0.011033369578040634,0.9776023943478442,0.21017093833619435,0.848165,0.0007890602,24560.0,11408.0,26512.0,0.01668988,2.929829767516471
2026-09-18T18:51:41.670274+00:00,69.89713234999908,34,1,forward,34,0.68,0.679931640625,0.0,0.46566128730773926,dc,out1,0.0,2,71.26244523199966,71.40530338699864,1.3653128820005804,0.679931640625,0.151123046875,-0.0091552734375,4113163.0,0.7942761,0.09612802,-0.017427817235595437,0.9814209360751277,0.191073853312856,0.8621372,0.0007894624,24578.0,11392.0,26304.0,0.01673337,2.949307044791656
2026-09-18T18:51:41.670274+00:00,69.89713234999908,34,1,forward,34,0.68,0.679931640625,0.0,0.46566128730773926,dc,out1,0.0,3,71.4054601709995,71.54923847099963,1.508327821000421,0.679931640625,0.151123046875,-0.0091552734375,4113297.0,0.7955868,0.0741986,-0.020151918570944366,0.9888039995318202,0.14785313891759716,0.8311611,0.0007903158,24594.0,11856.0,25408.0,0.01673058,2.9931650890816393
2026-09-18T18:51:41.670274+00:00,69.89713234999908,34,1,forward,34,0.68,0.679931640625,0.0,0.46566128730773926,dc,out1,0.0,4,71.54936756299867,71.69260572999883,1.6522352129995852,0.679931640625,0.151123046875,-0.0091552734375,4113447.0,0.7809302,0.06648411,0.008856929204987363,0.9911331709356367,0.1325767410827702,0.8873696,0.00077498,24612.0,11536.0,25936.0,0.01674007,3.0086191869645567
2026-09-18T18:51:43.493988+00:00,71.72084571899904,35,1,forward,35,0.7000000000000001,0.699951171875,0.0,0.46566128730773926,dc,out1,0.0,0,72.81611588599844,72.95840990099896,1.0952701669993985,0.699951171875,0.1507568359375,-0.009033203125,4114718.0,0.7911448,0.1145485,-0.011192728951763754,0.9738075404590832,0.22709820995253002,0.8373243,0.0007909072,24764.0,11344.0,26352.0,0.0166171,2.912481045433102
2026-09-18T18:51:43.493988+00:00,71.72084571899904,35,1,forward,35,0.7000000000000001,0.699951171875,0.0,0.46566128730773926,dc,out1,0.0,1,72.95867682099924,73.10144348199901,1.2378311020002002,0.699951171875,0.1507568359375,-0.009033203125,4114851.0,0.7921251,0.1239254,-0.013042354991008545,0.969354167740196,0.24532100289416844,0.8130471,0.0007917244,24780.0,10816.0,26192.0,0.01670985,2.8937203281727473
2026-09-18T18:51:43.493988+00:00,71.72084571899904,35,1,forward,35,0.7000000000000001,0.699951171875,0.0,0.46566128730773926,dc,out1,0.0,2,73.10164791499847,73.24441808199845,1.380802195999422,0.699951171875,0.1507568359375,-0.009033203125,4115001.0,0.7892822,0.1418974,-0.007457273774858718,0.9599708421081555,0.2800006631599385,0.8567114,0.0007887159,24798.0,10816.0,26944.0,0.01674442,2.8577897432934862
2026-09-18T18:51:43.493988+00:00,71.72084571899904,35,1,forward,35,0.7000000000000001,0.699951171875,0.0,0.46566128730773926,dc,out1,0.0,3,73.2445566919996,73.38834191899878,1.5237109730005614,0.699951171875,0.1507568359375,-0.009033203125,4115135.0,0.7754998,0.1611241,0.018776479837121184,0.9483399487374279,0.3166998349125218,0.8330156,0.0007811046,24814.0,10640.0,27088.0,0.01678703,2.819285580590636
2026-09-18T18:51:43.493988+00:00,71.72084571899904,35,1,forward,35,0.7000000000000001,0.699951171875,0.0,0.46566128730773926,dc,out1,0.0,4,73.38851155699922,73.53124798799945,1.6676658380001754,0.699951171875,0.1507568359375,-0.009033203125,4115286.0,0.7704305,0.1634062,0.02834662944614394,0.9466461405749833,0.3210257826616609,0.889687,0.0007753331,24832.0,10288.0,27696.0,0.01671342,2.814643982936642
2026-09-18T18:51:45.335424+00:00,73.5622834879996,36,1,forward,36,0.72,0.719970703125,0.0,0.46566128730773926,dc,out1,0.0,0,74.64255878299991,74.7872208109984,1.0802752950003196,0.719970703125,0.146484375,-0.0091552734375,4116540.0,0.7701367,0.330327,0.024096888812312693,0.7892233018178885,0.6136333757360637,0.8523698,0.0007985734,24982.0,8400.0,29968.0,0.01673638,2.480712904517355
2026-09-18T18:51:45.335424+00:00,73.5622834879996,36,1,forward,36,0.72,0.719970703125,0.0,0.46566128730773926,dc,out1,0.0,1,74.78738381699986,74.93358036299833,1.22510032900027,0.719970703125,0.146484375,-0.0091552734375,4116690.0,0.7803282,0.3264058,0.00805480801276537,0.7943382742040108,0.6074222799687802,0.8442028,0.0008090456,25000.0,8368.0,29968.0,0.01673638,2.488756246915464
2026-09-18T18:51:45.335424+00:00,73.5622834879996,36,1,forward,36,0.72,0.719970703125,0.0,0.46566128730773926,dc,out1,0.0,2,74.93373863999841,75.07817818100011,1.3714551519988163,0.719970703125,0.146484375,-0.0091552734375,4116841.0,0.7818704,0.2924658,0.005882495631942056,0.8337291022356098,0.5521423551318484,0.8699486,0.0008025836,25018.0,8720.0,29792.0,0.01669953,2.5566495952567143
2026-09-18T18:51:45.335424+00:00,73.5622834879996,36,1,forward,36,0.72,0.719970703125,0.0,0.46566128730773926,dc,out1,0.0,3,75.0783456549998,75.22459684399837,1.5160621670002001,0.719970703125,0.146484375,-0.0091552734375,4116974.0,0.7814677,0.2906986,0.006569278479684766,0.8356703142206457,0.549192107108818,0.8331453,0.0008044704,25034.0,8832.0,29424.0,0.01677202,2.5601812729010875
2026-09-18T18:51:45.335424+00:00,73.5622834879996,36,1,forward,36,0.72,0.719970703125,0.0,0.46566128730773926,dc,out1,0.0,4,75.22479519599983,75.36754844299867,1.6625117080002383,0.719970703125,0.146484375,-0.0091552734375,4117125.0,0.7795732,0.2779789,0.009895169746412552,0.8493377045594105,0.5277570930167033,0.8721906,0.0007971111,25052.0,8800.0,29584.0,0.01664795,2.585604432364444
2026-09-18T18:51:47.171845+00:00,75.39870464699925,37,1,forward,37,0.74,0.739990234375,0.0,0.46566128730773926,dc,out1,0.0,0,76.48348957999951,76.62635476399919,1.0847849330002646,0.739990234375,0.1448974609375,-0.009033203125,4118374.0,0.7721553,0.4187452,0.017725605130491137,0.6690947268928968,0.7429657121071455,0.8693542,0.0008120643,25202.0,7312.0,31696.0,0.01666303,2.3039278138741506
2026-09-18T18:51:47.171845+00:00,75.39870464699925,37,1,forward,37,0.74,0.739990234375,0.0,0.46566128730773926,dc,out1,0.0,1,76.6264996459995,76.76953422799852,1.2277949990002526,0.739990234375,0.1448974609375,-0.009033203125,4118524.0,0.7680486,0.411016,0.02361613949611547,0.6803243407057383,0.7325305928072919,0.8710562,0.0008070419,25220.0,7632.0,31216.0,0.01663473,2.319260400179359
2026-09-18T18:51:47.171845+00:00,75.39870464699925,37,1,forward,37,0.74,0.739990234375,0.0,0.46566128730773926,dc,out1,0.0,2,76.76977942799931,76.91777811700013,1.3710747810000612,0.739990234375,0.1448974609375,-0.009033203125,4118674.0,0.7693528,0.4025722,0.022235285962414697,0.6926503359870055,0.7209307207459382,0.8551478,0.0008105278,25238.0,7728.0,30896.0,0.01665198,2.3361909591078946
2026-09-18T18:51:47.171845+00:00,75.39870464699925,37,1,forward,37,0.74,0.739990234375,0.0,0.46566128730773926,dc,out1,0.0,3,76.9179869489999,77.06131367799935,1.5192823020006472,0.739990234375,0.1448974609375,-0.009033203125,4118825.0,0.7808276,0.3969265,0.006408783141174192,0.7010738148123256,0.7130599089018695,0.8625662,0.0008125066,25256.0,7728.0,31024.0,0.01664663,2.3477187662430614
2026-09-18T18:51:47.171845+00:00,75.39870464699925,37,1,forward,37,0.74,0.739990234375,0.0,0.46566128730773926,dc,out1,0.0,4,77.0614822839998,77.20458668699939,1.662777637000545,0.739990234375,0.1448974609375,-0.009033203125,4118958.0,0.7872002,0.4002899,-0.0025094771110889245,0.6962861470292017,0.7177599208508775,0.8451366,0.0008184241,25272.0,7664.0,30880.0,0.0166493,2.34100960774396
2026-09-18T18:51:49.005656+00:00,77.23251525999876,38,1,forward,38,0.76,0.7598876953125,0.0,0.46566128730773926,dc,out1,0.0,0,78.31211822899968,78.4554215600001,1.0796029690009163,0.7598876953125,0.1444091796875,-0.0091552734375,4120211.0,0.7706477,0.4516326,0.01825986858827614,0.6187795790771187,0.7853524111609277,0.8650824,0.0008194236,25422.0,7168.0,31488.0,0.01672668,2.2381158749555037
2026-09-18T18:51:49.005656+00:00,77.23251525999876,38,1,forward,38,0.76,0.7598876953125,0.0,0.46566128730773926,dc,out1,0.0,1,78.45559739999953,78.59840176499893,1.2230821400007699,0.7598876953125,0.1444091796875,-0.0091552734375,4120361.0,0.7694283,0.4454018,0.0200798822882897,0.6284666683149002,0.7775772920709926,0.8699688,0.0008130155,25440.0,7312.0,31568.0,0.01664307,2.2505396340739368
2026-09-18T18:51:49.005656+00:00,77.23251525999876,38,1,forward,38,0.76,0.7598876953125,0.0,0.46566128730773926,dc,out1,0.0,2,78.59858158199859,78.74314297099954,1.3660663219998241,0.7598876953125,0.1444091796875,-0.0091552734375,4120495.0,0.7715186,0.4466632,0.017397843927527128,0.6265822076955729,0.7791611207099691,0.8583852,0.0008205091,25456.0,7184.0,31568.0,0.0167628,2.2480780654982966
2026-09-18T18:51:49.005656+00:00,77.23251525999876,38,1,forward,38,0.76,0.7598876953125,0.0,0.46566128730773926,dc,out1,0.0,3,78.74330815099893,78.88755145399955,1.5107928910001647,0.7598876953125,0.1444091796875,-0.0091552734375,4120646.0,0.7602167,0.443282,0.03181985895434993,0.6312768843786364,0.7749045049716301,0.8639182,0.0008085968,25474.0,7344.0,31312.0,0.0167194,2.2544072994265436
2026-09-18T18:51:49.005656+00:00,77.23251525999876,38,1,forward,38,0.76,0.7598876953125,0.0,0.46566128730773926,dc,out1,0.0,4,78.88773015900006,79.03049981899858,1.6552148990012938,0.7598876953125,0.1444091796875,-0.0091552734375,4120779.0,0.7755635,0.4420288,0.0124699141030008,0.6338959162847186,0.7733178315284219,0.8672398,0.0008171686,25490.0,7296.0,31664.0,0.0166348,2.257440205463014
2026-09-18T18:51:50.831565+00:00,79.05842394199863,39,1,forward,39,0.78,0.7799072265625,0.0,0.46566128730773926,dc,out1,0.0,0,80.1419121809995,80.28455421799845,1.0834882390008715,0.7799072265625,0.142822265625,-0.0091552734375,4122047.0,0.7492167,0.566096,0.030704008191770917,0.4235649120092774,0.9053452541409452,0.8629284,0.0008272053,25642.0,6608.0,32384.0,0.01670635,2.0083939772005097
2026-09-18T18:51:50.831565+00:00,79.05842394199863,39,1,forward,39,0.78,0.7799072265625,0.0,0.46566128730773926,dc,out1,0.0,1,80.28470320699853,80.427555106,1.2262792649999028,0.7799072265625,0.142822265625,-0.0091552734375,4122180.0,0.744599,0.5792803,0.03265681665334708,0.39932565108832097,0.9162273499022817,0.8649746,0.0008270975,25658.0,6592.0,32528.0,0.0167484,1.9818099690933433
2026-09-18T18:51:50.831565+00:00,79.05842394199863,39,1,forward,39,0.78,0.7799072265625,0.0,0.46566128730773926,dc,out1,0.0,2,80.42771957399964,80.57059005799965,1.3692956320010126,0.7799072265625,0.142822265625,-0.0091552734375,4122331.0,0.7376653,0.5742098,0.039074798185863596,0.40806289244937255,0.9121172270890325,0.8667146,0.0008232038,25676.0,6608.0,32496.0,0.01671077,1.991469221028849
2026-09-18T18:51:50.831565+00:00,79.05842394199863,39,1,forward,39,0.78,0.7799072265625,0.0,0.46566128730773926,dc,out1,0.0,3,80.57077140799993,80.71437458499895,1.5123474660013017,0.7799072265625,0.142822265625,-0.0091552734375,4122464.0,0.7466873,0.5692109,0.032409470074202786,0.41777276306263234,0.9079733171699061,0.8672116,0.000825038,25692.0,6608.0,32496.0,0.01669593,2.002030542930536
2026-09-18T18:51:50.831565+00:00,79.05842394199863,39,1,forward,39,0.78,0.7799072265625,0.0,0.46566128730773926,dc,out1,0.0,4,80.71452442599912,80.85741103999862,1.6561004840004898,0.7799072265625,0.142822265625,-0.0091552734375,4122614.0,0.7518831,0.5616774,0.028979565238598955,0.4316887274602294,0.9015570017377434,0.8718112,0.0008217232,25710.0,6640.0,32448.0,0.01667373,2.0173615184060187
2026-09-18T18:51:52.661652+00:00,80.8885104359997,40,1,forward,40,0.8,0.7999267578125,0.0,0.46566128730773926,dc,out1,0.0,0,81.96587140999873,82.11039514000004,1.0773609739990206,0.7999267578125,0.1419677734375,-0.0091552734375,4123866.0,0.7142027,0.6364954,0.04163973572307021,0.29045345707461806,0.9559826994681001,0.8676466,0.0008293219,25860.0,6416.0,32720.0,0.01672848,1.8657605189477768
2026-09-18T18:51:52.661652+00:00,80.8885104359997,40,1,forward,40,0.8,0.7999267578125,0.0,0.46566128730773926,dc,out1,0.0,1,82.11054435000005,82.25341773599939,1.2220339140003489,0.7999267578125,0.1419677734375,-0.0091552734375,4124016.0,0.7044709,0.6341271,0.0480139275501653,0.2940536949742135,0.9545821532132369,0.8718962,0.0008234239,25878.0,6416.0,32688.0,0.01662305,1.8696168755992082
2026-09-18T18:51:52.661652+00:00,80.8885104359997,40,1,forward,40,0.8,0.7999267578125,0.0,0.46566128730773926,dc,out1,0.0,2,82.25356029299837,82.39728250899861,1.3650498569986667,0.7999267578125,0.1419677734375,-0.0091552734375,4124150.0,0.7068894,0.6440577,0.04361733854218311,0.275499775461657,0.9603110962074077,0.8662652,0.0008298549,25894.0,6416.0,32720.0,0.01665867,1.8501789008033098
2026-09-18T18:51:52.661652+00:00,80.8885104359997,40,1,forward,40,0.8,0.7999267578125,0.0,0.46566128730773926,dc,out1,0.0,3,82.39740698199967,82.54058316299961,1.50889654599996,0.7999267578125,0.1419677734375,-0.0091552734375,4124301.0,0.7007081,0.6415038,0.04784605088828909,0.2797707880196414,0.9588738507151314,0.8717786,0.0008232874,25912.0,6400.0,32720.0,0.01667415,1.8546858235472554
2026-09-18T18:51:52.661652+00:00,80.8885104359997,40,1,forward,40,0.8,0.7999267578125,0.0,0.46566128730773926,dc,out1,0.0,4,82.54080050099947,82.6834921239988,1.652290064999761,0.7999267578125,0.1419677734375,-0.0091552734375,4124434.0,0.7125992,0.6492346,0.03902377060020521,0.266127610176728,0.9631475693941017,0.8631904,0.0008328009,25928.0,6384.0,32816.0,0.01668212,1.8403803203834599
2026-09-18T18:51:54.484668+00:00,82.71152816499853,41,1,reverse,0,0.8,0.7999267578125,0.0,0.46566128730773926,dc,out1,0.0,0,83.79522021199955,83.94019824899988,1.0836920470010227,0.7999267578125,0.1417236328125,-0.0091552734375,4125688.0,0.6849615,0.6665771,0.046970555457864174,0.23067818301464182,0.9718957468787705,0.8702154,0.0008281914,26078.0,6368.0,32800.0,0.01672552,1.8038328923460265
2026-09-18T18:51:54.484668+00:00,82.71152816499853,41,1,reverse,0,0.8,0.7999267578125,0.0,0.46566128730773926,dc,out1,0.0,1,83.9403868319987,84.084327483999,1.2288586670001678,0.7999267578125,0.1417236328125,-0.0091552734375,4125838.0,0.6490118,0.6848294,0.05382235983907029,0.19239756188370008,0.9798399521159369,0.8691716,0.0008289955,26096.0,6336.0,32896.0,0.01672953,1.764685704122329
2026-09-18T18:51:54.484668+00:00,82.71152816499853,41,1,reverse,0,0.8,0.7999267578125,0.0,0.46566128730773926,dc,out1,0.0,2,84.08450992599865,84.22819530999914,1.3729817610001191,0.7999267578125,0.1417236328125,-0.0091552734375,4125989.0,0.6405885,0.687614,0.0554965080321845,0.18623097923214535,0.9809373884048206,0.8628738,0.0008321343,26114.0,6336.0,32912.0,0.01666227,1.758413511442887
2026-09-18T18:51:54.484668+00:00,82.71152816499853,41,1,reverse,0,0.8,0.7999267578125,0.0,0.46566128730773926,dc,out1,0.0,3,84.22836079999979,84.3724234579986,1.5168326350012649,0.7999267578125,0.1417236328125,-0.0091552734375,4126122.0,0.6362869,0.6905754,0.05538855212249643,0.1801899715210903,0.9820711188386522,0.8720992,0.0008268538,26130.0,6352.0,32896.0,0.01659775,1.7522575639998288
2026-09-18T18:51:54.484668+00:00,82.71152816499853,41,1,reverse,0,0.8,0.7999267578125,0.0,0.46566128730773926,dc,out1,0.0,4,84.3726129939987,84.51732209399961,1.661084829000174,0.7999267578125,0.1417236328125,-0.0091552734375,4126272.0,0.612403,0.7040052,0.05496185055440753,0.15246379302422589,0.9867796039644825,0.868284,0.0008330009,26148.0,6320.0,32896.0,0.01669712,1.7240905999813583
2026-09-18T18:51:56.318806+00:00,84.54565389799973,42,1,reverse,1,0.78,0.7799072265625,0.0,0.46566128730773926,dc,out1,0.0,0,85.6251921009989,85.76827642199896,1.0795382029991742,0.7799072265625,0.1427001953125,-0.0091552734375,4127524.0,0.743748,0.5733459,0.0342388557992077,0.41007792664373455,0.9114075898483274,0.8693836,0.0008236795,26298.0,6544.0,32480.0,0.01659995,1.9935996218226246
2026-09-18T18:51:56.318806+00:00,84.54565389799973,42,1,reverse,1,0.78,0.7799072265625,0.0,0.46566128730773926,dc,out1,0.0,1,85.76842276599928,85.91313264499877,1.222768867999548,0.7799072265625,0.1427001953125,-0.0091552734375,4127673.0,0.7519194,0.5754766,0.027272650893237535,0.406703812949126,0.9131528957660365,0.8676352,0.0008244717,26316.0,6560.0,32576.0,0.01665375,1.9898050730144903
2026-09-18T18:51:56.318806+00:00,84.54565389799973,42,1,reverse,1,0.78,0.7799072265625,0.0,0.46566128730773926,dc,out1,0.0,2,85.91328608299955,86.05812565499946,1.3676321849998203,0.7799072265625,0.1427001953125,-0.0091552734375,4127807.0,0.7407327,0.5841651,0.03494338836382006,0.3901268076533685,0.9200978391235612,0.8605072,0.000830482,26332.0,6560.0,32496.0,0.01670267,1.9718245648989647
2026-09-18T18:51:56.318806+00:00,84.54565389799973,42,1,reverse,1,0.78,0.7799072265625,0.0,0.46566128730773926,dc,out1,0.0,3,86.05827612699977,86.20251776799887,1.5126222290000442,0.7799072265625,0.1427001953125,-0.0091552734375,4127957.0,0.7282629,0.5835031,0.04479998327940259,0.3903440271285969,0.9195784371021292,0.868892,0.0008205569,26350.0,6576.0,32448.0,0.01666393,1.972227711457782
2026-09-18T18:51:56.318806+00:00,84.54565389799973,42,1,reverse,1,0.78,0.7799072265625,0.0,0.46566128730773926,dc,out1,0.0,4,86.20271086999855,86.34711408199837,1.657056971998827,0.7799072265625,0.1427001953125,-0.0091552734375,4128107.0,0.7354005,0.5880046,0.038395311588521004,0.3826904218077144,0.923078458802205,0.8639024,0.0008257702,26368.0,6608.0,32448.0,0.01662897,1.963808654517088
2026-09-18T18:51:58.148020+00:00,86.37487935299941,43,1,reverse,2,0.76,0.7598876953125,0.0,0.46566128730773926,dc,out1,0.0,0,87.4656508879998,87.608265122999,1.0907715350003855,0.7598876953125,0.1434326171875,-0.0091552734375,4129357.0,0.7451416,0.5137193,0.04158137812861083,0.5153382111769919,0.8559775213718077,0.8735248,0.0008117021,26518.0,6848.0,32064.0,0.01669943,2.1127191968114403
2026-09-18T18:51:58.148020+00:00,86.37487935299941,43,1,reverse,2,0.76,0.7598876953125,0.0,0.46566128730773926,dc,out1,0.0,1,87.60842032399887,87.75216280399945,1.2335409709994565,0.7598876953125,0.1434326171875,-0.0091552734375,4129507.0,0.7557624,0.5081376,0.03119033714657411,0.5256116250926676,0.8501526818378733,0.8694212,0.0008159147,26536.0,6896.0,32064.0,0.01669593,2.124531002563324
2026-09-18T18:51:58.148020+00:00,86.37487935299941,43,1,reverse,2,0.76,0.7598876953125,0.0,0.46566128730773926,dc,out1,0.0,2,87.7523154699993,87.89531863399861,1.3774361169998883,0.7598876953125,0.1434326171875,-0.0091552734375,4129657.0,0.7563629,0.4974954,0.03160224930465946,0.5435927684826469,0.8387539567073634,0.8649484,0.0008159137,26554.0,6976.0,32000.0,0.01671675,2.1458316289086
2026-09-18T18:51:58.148020+00:00,86.37487935299941,43,1,reverse,2,0.76,0.7598876953125,0.0,0.46566128730773926,dc,out1,0.0,3,87.89546681199863,88.03949177100003,1.5205874589992163,0.7598876953125,0.1434326171875,-0.0091552734375,4129791.0,0.7617105,0.4985842,0.025700160984903173,0.5420739552144694,0.8399376934055832,0.8638044,0.0008199869,26570.0,6864.0,32144.0,0.01665577,2.1439126543755447
2026-09-18T18:51:58.148020+00:00,86.37487935299941,43,1,reverse,2,0.76,0.7598876953125,0.0,0.46566128730773926,dc,out1,0.0,4,88.03969144599978,88.18335243299953,1.6648120930003643,0.7598876953125,0.1434326171875,-0.0091552734375,4129941.0,0.7605399,0.4895264,0.027720900233441554,0.5571197084683822,0.8299693862585248,0.8631024,0.0008168143,26588.0,7024.0,31824.0,0.01671192,2.1619675893461614
2026-09-18T18:51:59.984732+00:00,88.21158949799974,44,1,reverse,3,0.74,0.739990234375,0.0,0.46566128730773926,dc,out1,0.0,0,89.290890192,89.43458569899849,1.079300694000267,0.739990234375,0.14556884765625,-0.0091552734375,4131193.0,0.7825503,0.3787304,0.004138395780491821,0.7265711958746988,0.6870787225679267,0.8610542,0.0008147541,26738.0,7696.0,30928.0,0.01659535,2.3841237558732766
2026-09-18T18:51:59.984732+00:00,88.21158949799974,44,1,reverse,3,0.74,0.739990234375,0.0,0.46566128730773926,dc,out1,0.0,1,89.43481346599947,89.57774775599864,1.2232239679997292,0.739990234375,0.14556884765625,-0.0091552734375,4131326.0,0.7699927,0.3852119,0.022106903079156207,0.7172749890041112,0.6964394266448453,0.8650992,0.0008062768,26754.0,7696.0,30912.0,0.01661998,2.3709315924923744
2026-09-18T18:51:59.984732+00:00,88.21158949799974,44,1,reverse,3,0.74,0.739990234375,0.0,0.46566128730773926,dc,out1,0.0,2,89.57791537999947,89.7203193360001,1.3663258819997282,0.739990234375,0.14556884765625,-0.0091552734375,4131475.0,0.7662334,0.3979107,0.026812533050922818,0.6991842435292375,0.7144385779560348,0.8518562,0.0008089153,26772.0,7568.0,30672.0,0.01659927,2.345403958134386
2026-09-18T18:51:59.984732+00:00,88.21158949799974,44,1,reverse,3,0.74,0.739990234375,0.0,0.46566128730773926,dc,out1,0.0,3,89.7204741759997,89.86330155499854,1.5088846779999585,0.739990234375,0.14556884765625,-0.0091552734375,4131625.0,0.7860058,0.4012015,-0.0008445914491668897,0.6949803795812072,0.719028204358108,0.8454904,0.0008217601,26790.0,7696.0,31216.0,0.01666222,2.3391892845809776
2026-09-18T18:51:59.984732+00:00,88.21158949799974,44,1,reverse,3,0.74,0.739990234375,0.0,0.46566128730773926,dc,out1,0.0,4,89.86344866099898,90.00778981799886,1.6518591629992443,0.739990234375,0.14556884765625,-0.0091552734375,4131759.0,0.7694472,0.4005169,0.022198850146384667,0.6956106113722894,0.718075962832936,0.8603794,0.0008094132,26806.0,7728.0,31056.0,0.01668687,2.3403045036371157
2026-09-18T18:52:01.808768+00:00,90.0356259909986,45,1,reverse,4,0.72,0.719970703125,0.0,0.46566128730773926,dc,out1,0.0,0,91.12259335199997,91.2671342099984,1.0869673610013706,0.719970703125,0.1463623046875,-0.0091552734375,4133024.0,0.7919281,0.3341296,-0.010250422547578124,0.7848345545400668,0.6196205700567817,0.8635806,0.0008125052,26958.0,8272.0,30448.0,0.01668185,2.4732919767603954
2026-09-18T18:52:01.808768+00:00,90.0356259909986,45,1,reverse,4,0.72,0.719970703125,0.0,0.46566128730773926,dc,out1,0.0,1,91.26727729799859,91.41028022199862,1.2316513069999928,0.719970703125,0.1463623046875,-0.0091552734375,4133174.0,0.7797159,0.3267584,0.009022678198317362,0.793899290668356,0.607982325034545,0.8683264,0.000801326,26976.0,8352.0,30016.0,0.01664733,2.488044681197289
2026-09-18T18:52:01.808768+00:00,90.0356259909986,45,1,reverse,4,0.72,0.719970703125,0.0,0.46566128730773926,dc,out1,0.0,2,91.41043995099972,91.55330577699897,1.37481396000112,0.719970703125,0.1463623046875,-0.0091552734375,4133308.0,0.7829215,0.3061971,0.004053162503661741,0.8182640723536505,0.5748282176171754,0.8652642,0.0008050078,26992.0,8384.0,29984.0,0.0167078,2.5291926832214533
2026-09-18T18:52:01.808768+00:00,90.0356259909986,45,1,reverse,4,0.72,0.719970703125,0.0,0.46566128730773926,dc,out1,0.0,3,91.55346036699848,91.6963037810001,1.5178343759998825,0.719970703125,0.1463623046875,-0.0091552734375,4133458.0,0.7740525,0.299144,0.018748258676727268,0.8260883522862514,0.5632286720450022,0.8661024,0.0007975985,27010.0,8624.0,29648.0,0.01670388,2.543184822209083
2026-09-18T18:52:01.808768+00:00,90.0356259909986,45,1,reverse,4,0.72,0.719970703125,0.0,0.46566128730773926,dc,out1,0.0,4,91.69645331099855,91.83944996299942,1.660827319999953,0.719970703125,0.1463623046875,-0.0091552734375,4133591.0,0.7869077,0.2878156,-0.002532542289463965,0.8388450437826407,0.5443643804942161,0.871155,0.0008038701,27026.0,8768.0,29840.0,0.01659878,2.5659593724954104
2026-09-18T18:52:03.640267+00:00,91.86712721599906,46,1,reverse,5,0.7000000000000001,0.699951171875,0.0,0.46566128730773926,dc,out1,0.0,0,92.94764526199833,93.09029578199988,1.0805180459992698,0.699951171875,0.1483154296875,-0.0091552734375,4134842.0,0.783014,0.2371116,0.00424211495616678,0.8896375998711279,0.4566475066790989,0.8635836,0.0007906206,27176.0,9568.0,28912.0,0.01663677,2.6673648350544568
2026-09-18T18:52:03.640267+00:00,91.86712721599906,46,1,reverse,5,0.7000000000000001,0.699951171875,0.0,0.46566128730773926,dc,out1,0.0,1,93.0904452119994,93.23435565399996,1.2233179960003326,0.699951171875,0.1483154296875,-0.0091552734375,4134992.0,0.7737801,0.2483057,0.020427413210965775,0.878964764036713,0.47644901550049834,0.8581832,0.0007916264,27194.0,9104.0,29248.0,0.0166538,2.6448681506947116
2026-09-18T18:52:03.640267+00:00,91.86712721599906,46,1,reverse,5,0.7000000000000001,0.699951171875,0.0,0.46566128730773926,dc,out1,0.0,2,93.23448186999849,93.37849556299989,1.3673546539994277,0.699951171875,0.1483154296875,-0.0091552734375,4135142.0,0.7806814,0.2531022,0.008250356604099382,0.874552226862372,0.48486114930562496,0.8508256,0.0007951096,27212.0,9424.0,28816.0,0.01663188,2.6353693844457067
2026-09-18T18:52:03.640267+00:00,91.86712721599906,46,1,reverse,5,0.7000000000000001,0.699951171875,0.0,0.46566128730773926,dc,out1,0.0,3,93.3786550320001,93.52149791999909,1.5115278160010348,0.699951171875,0.1483154296875,-0.0091552734375,4135275.0,0.7754953,0.2468858,0.01743882375214918,0.8803788747134385,0.4739503395762485,0.8661812,0.0007885032,27228.0,9152.0,29168.0,0.0167368,2.647739189948113
2026-09-18T18:52:03.640267+00:00,91.86712721599906,46,1,reverse,5,0.7000000000000001,0.699951171875,0.0,0.46566128730773926,dc,out1,0.0,4,93.52168732499922,93.66528976599875,1.6545601090001583,0.699951171875,0.1483154296875,-0.0091552734375,4135425.0,0.7836082,0.2512654,0.003137320937145026,0.8763608069027333,0.48164498683379625,0.8637802,0.0007954838,27246.0,9280.0,29312.0,0.01669282,2.639059148804829
2026-09-18T18:52:05.466343+00:00,93.69320052699914,47,1,reverse,6,0.68,0.679931640625,0.0,0.46566128730773926,dc,out1,0.0,0,94.77617848699992,94.91852165599994,1.0829779600007896,0.679931640625,0.1502685546875,-0.0091552734375,4136676.0,0.7803111,0.1360484,0.009799646471920007,0.963159643803916,0.26875168367200764,0.8473912,0.0007817546,27396.0,10640.0,26768.0,0.01666923,2.8694824551770304
2026-09-18T18:52:05.466343+00:00,93.69320052699914,47,1,reverse,6,0.68,0.679931640625,0.0,0.46566128730773926,dc,out1,0.0,1,94.91867721800008,95.06145251599992,1.2254766910009494,0.679931640625,0.1502685546875,-0.0091552734375,4136809.0,0.7905847,0.160199,-0.009845012460908983,0.9490590834379379,0.31494433138824013,0.8556056,0.0007915033,27412.0,10544.0,27280.0,0.01660963,2.8211785711307003
2026-09-18T18:52:05.466343+00:00,93.69320052699914,47,1,reverse,6,0.68,0.679931640625,0.0,0.46566128730773926,dc,out1,0.0,2,95.06162971899903,95.2043701019993,1.368429191999894,0.679931640625,0.1502685546875,-0.0091552734375,4136959.0,0.779123,0.1628323,0.011890348191217495,0.9473636896688015,0.3199385239651618,0.8656376,0.0007817078,27430.0,10560.0,27696.0,0.01658912,2.815904179734824
2026-09-18T18:52:05.466343+00:00,93.69320052699914,47,1,reverse,6,0.68,0.679931640625,0.0,0.46566128730773926,dc,out1,0.0,3,95.20455715299977,95.34830971099836,1.5113566260006337,0.679931640625,0.1502685546875,-0.0091552734375,4137109.0,0.7867059,0.1711538,-0.0024637274444502134,0.9419793793975548,0.33566170296427467,0.850299,0.0007910626,27448.0,10224.0,27632.0,0.0166652,2.7992839721152527
2026-09-18T18:52:05.466343+00:00,93.69320052699914,47,1,reverse,6,0.68,0.679931640625,0.0,0.46566128730773926,dc,out1,0.0,4,95.34846836899851,95.49229887299953,1.6552678419993754,0.679931640625,0.1502685546875,-0.0091552734375,4137242.0,0.7765638,0.1869617,0.01644698693559039,0.9307561091409132,0.3652705325065366,0.872717,0.0007824995,27464.0,9984.0,28112.0,0.01664493,2.7676161717104213
2026-09-18T18:52:07.293906+00:00,95.52076479300013,48,1,reverse,7,0.66,0.659912109375,0.0,0.46566128730773926,dc,out1,0.0,0,96.59895711699937,96.74326292899968,1.0781923239992466,0.659912109375,0.150390625,-0.0091552734375,4138506.0,0.7817683,0.1221769,0.0070440064766079105,0.9702682934129585,0.2419293714501455,0.8606686,0.0007816697,27616.0,11120.0,26736.0,0.01667837,2.89723266756997
2026-09-18T18:52:07.293906+00:00,95.52076479300013,48,1,reverse,7,0.66,0.659912109375,0.0,0.46566128730773926,dc,out1,0.0,1,96.74343645399858,96.88631206599894,1.2226716609984578,0.659912109375,0.150390625,-0.0091552734375,4138639.0,0.7885382,0.1130525,-0.006120186143338196,0.9745277617933658,0.22418337319164358,0.8678932,0.0007859121,27632.0,10992.0,26672.0,0.01638748,2.915483345226645
2026-09-18T18:52:07.293906+00:00,95.52076479300013,48,1,reverse,7,0.66,0.659912109375,0.0,0.46566128730773926,dc,out1,0.0,2,96.88648620200001,97.0292045189999,1.3657214089998888,0.659912109375,0.150390625,-0.0091552734375,4138785.0,0.7837834,0.0962434,0.0031698769139357212,0.981526426254567,0.19130035662352676,0.8639468,0.0007792181,27650.0,11408.0,26432.0,0.01620687,2.9491048743937847
2026-09-18T18:52:07.293906+00:00,95.52076479300013,48,1,reverse,7,0.66,0.659912109375,0.0,0.46566128730773926,dc,out1,0.0,3,97.029344261,97.17236720899928,1.5085794679998799,0.659912109375,0.150390625,-0.0091552734375,4138931.0,0.7904877,0.07339084,-0.010069442683831921,0.9891956469615575,0.14625518232303006,0.8386832,0.0007868551,27668.0,11584.0,26112.0,0.01615312,2.9948034777428836
2026-09-18T18:52:07.293906+00:00,95.52076479300013,48,1,reverse,7,0.66,0.659912109375,0.0,0.46566128730773926,dc,out1,0.0,4,97.17255163399932,97.31547093599875,1.6517868409991934,0.659912109375,0.150390625,-0.0091552734375,4139077.0,0.7919402,0.06872874,-0.012960289022764658,0.990482798517114,0.1370250223504911,0.8263404,0.0007883292,27686.0,12000.0,25888.0,0.0163952,3.0041235545507576
2026-09-18T18:52:09.116971+00:00,97.34383004499978,49,1,reverse,8,0.64,0.639892578125,0.0,0.46566128730773926,dc,out1,0.0,0,98.42937461499969,98.57238496399987,1.085544569999911,0.639892578125,0.15478515625,-0.0091552734375,4140322.0,0.7767203,-0.1050208,0.016973434674058836,0.9778749451011293,-0.20850058575176417,0.8646234,0.0007580107,27834.0,11024.0,25552.0,0.01690913,-2.931520337686438
2026-09-18T18:52:09.116971+00:00,97.34383004499978,49,1,reverse,8,0.64,0.639892578125,0.0,0.46566128730773926,dc,out1,0.0,1,98.57255298899872,98.71553116799987,1.228722943998946,0.639892578125,0.15478515625,-0.0091552734375,4140474.0,0.7815479,-0.1177806,0.00748779132285871,0.9723546866002355,-0.23338872386570714,0.8314959,0.000763386,27852.0,10784.0,26032.0,0.01695847,-2.906024724778268
2026-09-18T18:52:09.116971+00:00,97.34383004499978,49,1,reverse,8,0.64,0.639892578125,0.0,0.46566128730773926,dc,out1,0.0,2,98.71576810199986,98.85911770699931,1.3719380570000794,0.639892578125,0.15478515625,-0.0091552734375,4140609.0,0.7856909,-0.1267601,-0.0005667588196178715,0.9680353428987449,-0.25081318482757176,0.8564056,0.0007647397,27868.0,10800.0,26272.0,0.01686287,-2.8880724119771064
2026-09-18T18:52:09.116971+00:00,97.34383004499978,49,1,reverse,8,0.64,0.639892578125,0.0,0.46566128730773926,dc,out1,0.0,3,98.8592615359994,99.00240720900001,1.5154314909996174,0.639892578125,0.15478515625,-0.0091552734375,4140761.0,0.7902948,-0.1377203,-0.009423969641744955,0.9622593145111694,-0.27197095512698766,0.8353079,0.0007690188,27886.0,10768.0,26432.0,0.01678112,-2.866139502627162
2026-09-18T18:52:09.116971+00:00,97.34383004499978,49,1,reverse,8,0.64,0.639892578125,0.0,0.46566128730773926,dc,out1,0.0,4,99.0025753639984,99.14648215299894,1.6587453189986263,0.639892578125,0.15478515625,-0.0091552734375,4140895.0,0.7927732,-0.1647941,-0.013955654846542414,0.9460727788977501,-0.3236534206933293,0.8365682,0.0007691437,27902.0,10384.0,26320.0,0.016901,-2.8119711382097923
2026-09-18T18:52:10.947448+00:00,99.17430689999856,50,1,reverse,9,0.62,0.6199951171875,0.0,0.46566128730773926,dc,out1,0.0,0,100.25413415799994,100.39813263399992,1.0798272580013872,0.6199951171875,0.1571044921875,-0.0091552734375,4142160.0,0.7770837,-0.2356901,0.014814732588478447,0.8908191861550856,-0.45411639617648997,0.8345183,0.0007531409,28052.0,9520.0,27136.0,0.01684593,-2.670156509669421
2026-09-18T18:52:10.947448+00:00,99.17430689999856,50,1,reverse,9,0.62,0.6199951171875,0.0,0.46566128730773926,dc,out1,0.0,1,100.39827708499979,100.54148421799982,1.2239701850012352,0.6199951171875,0.1571044921875,-0.0091552734375,4142294.0,0.7707852,-0.2322732,0.02612498614292241,0.8936430875869216,-0.44801731786522,0.8490114,0.0007482113,28068.0,9360.0,27008.0,0.01680748,-2.6768751463678084
2026-09-18T18:52:10.947448+00:00,99.17430689999856,50,1,reverse,9,0.62,0.6199951171875,0.0,0.46566128730773926,dc,out1,0.0,2,100.54166403499949,100.68455677800011,1.3673571350009297,0.6199951171875,0.1571044921875,-0.0091552734375,4142445.0,0.77466,-0.2207458,0.019415583597364148,0.9039068299490369,-0.4272885183164376,0.8279258,0.0007522588,28086.0,9696.0,26928.0,0.0167914,-2.700011948964905
2026-09-18T18:52:10.947448+00:00,99.17430689999856,50,1,reverse,9,0.62,0.6199951171875,0.0,0.46566128730773926,dc,out1,0.0,3,100.68481624499873,100.82818154399865,1.5105093450001732,0.6199951171875,0.1571044921875,-0.0091552734375,4142580.0,0.7757201,-0.2033565,0.01777606189995979,0.9182540516413629,-0.39559260390905954,0.8479306,0.0007537052,28102.0,9456.0,26560.0,0.01681813,-2.734811583806689
2026-09-18T18:52:10.947448+00:00,99.17430689999856,50,1,reverse,9,0.62,0.6199951171875,0.0,0.46566128730773926,dc,out1,0.0,4,100.82834362799986,100.97238222899978,1.6540367280013015,0.6199951171875,0.1571044921875,-0.0091552734375,4142731.0,0.7827834,-0.186958,0.004868165821424119,0.9308913854260455,-0.3652636438260899,0.8301214,0.0007606219,28120.0,10192.0,26720.0,0.01686378,-2.767672004045995
2026-09-18T18:52:12.773539+00:00,101.00039858399941,51,1,reverse,10,0.6,0.5999755859375,0.0,0.46566128730773926,dc,out1,0.0,0,102.08429670799887,102.23007970599974,1.083898123999461,0.5999755859375,0.156494140625,-0.009033203125,4143979.0,0.7761253,-0.1965392,0.017130342073696743,0.923575455345248,-0.3830338492408417,0.837896,0.000754807,28268.0,9920.0,26832.0,0.01679777,-2.7484533990150997
2026-09-18T18:52:12.773539+00:00,101.00039858399941,51,1,reverse,10,0.6,0.5999755859375,0.0,0.46566128730773926,dc,out1,0.0,1,102.23022997799853,102.37435659899893,1.2298313939991203,0.5999755859375,0.156494140625,-0.009033203125,4144130.0,0.7680592,-0.192973,0.03212067474981576,0.9258857440562998,-0.3764357198871126,0.8485498,0.0007469813,28286.0,10096.0,26768.0,0.0168695,-2.7554368725182816
2026-09-18T18:52:12.773539+00:00,101.00039858399941,51,1,reverse,10,0.6,0.5999755859375,0.0,0.46566128730773926,dc,out1,0.0,2,102.3745363959988,102.51745861899872,1.3741378119993897,0.5999755859375,0.156494140625,-0.009033203125,4144265.0,0.7743887,-0.2007539,0.020266185096761036,0.9202496534128599,-0.39080667488559495,0.833634,0.0007525786,28302.0,9456.0,26800.0,0.01686923,-2.7399976354375015
2026-09-18T18:52:12.773539+00:00,101.00039858399941,51,1,reverse,10,0.6,0.5999755859375,0.0,0.46566128730773926,dc,out1,0.0,3,102.5177579809988,102.66037519199926,1.5173593969993817,0.5999755859375,0.156494140625,-0.009033203125,4144417.0,0.7939751,-0.2040976,-0.015743717210612927,0.9177037026956986,-0.39695346002648363,0.8481132,0.0007675947,28320.0,9120.0,26864.0,0.01690738,-2.733343843868214
2026-09-18T18:52:12.773539+00:00,101.00039858399941,51,1,reverse,10,0.6,0.5999755859375,0.0,0.46566128730773926,dc,out1,0.0,4,102.66051667799911,102.8033580299998,1.6601180939996993,0.5999755859375,0.156494140625,-0.009033203125,4144552.0,0.7881755,-0.2097301,-0.005073106477679517,0.9132948266038747,-0.40726750826608343,0.8177241,0.0007613167,28336.0,9792.0,26816.0,0.01684007,-2.722126715214284
2026-09-18T18:52:14.604623+00:00,102.83147968099911,52,1,reverse,11,0.58,0.5799560546875,0.0,0.46566128730773926,dc,out1,0.0,0,103.90862879899942,104.05145579099917,1.0771491180003068,0.5799560546875,0.15771484375,-0.009033203125,4145799.0,0.7613088,-0.2788925,0.04086044658348139,0.8474451164819271,-0.5293082263255801,0.8495098,0.0007392813,28484.0,8912.0,27536.0,0.01687912,-2.583286117987799
2026-09-18T18:52:14.604623+00:00,102.83147968099911,52,1,reverse,11,0.58,0.5799560546875,0.0,0.46566128730773926,dc,out1,0.0,1,104.05162385599942,104.1942545109996,1.2201441750003141,0.5799560546875,0.15771484375,-0.009033203125,4145951.0,0.7781627,-0.2630177,0.012514086160419135,0.8647139751415637,-0.5021086922594,0.838935,0.0007544393,28502.0,8768.0,27168.0,0.01682905,-2.6155117856978927
2026-09-18T18:52:14.604623+00:00,102.83147968099911,52,1,reverse,11,0.58,0.5799560546875,0.0,0.46566128730773926,dc,out1,0.0,2,104.19438923300004,104.33838961299989,1.3629095520009287,0.5799560546875,0.15771484375,-0.009033203125,4146102.0,0.7716657,-0.2766462,0.02336419488844249,0.8504781409796742,-0.525491242660591,0.8297428,0.0007471809,28520.0,8912.0,27408.0,0.016864,-2.588131594160594
2026-09-18T18:52:14.604623+00:00,102.83147968099911,52,1,reverse,11,0.58,0.5799560546875,0.0,0.46566128730773926,dc,out1,0.0,3,104.33855851999942,104.48226238399911,1.5070788390003145,0.5799560546875,0.15771484375,-0.009033203125,4146237.0,0.779436,-0.2651986,0.01028575452059352,0.8625448785395311,-0.5058760082857929,0.8271175,0.0007540575,28536.0,8720.0,27472.0,0.01683367,-2.6111644285581517
2026-09-18T18:52:14.604623+00:00,102.83147968099911,52,1,reverse,11,0.58,0.5799560546875,0.0,0.46566128730773926,dc,out1,0.0,4,104.48239925999951,104.62723002599887,1.6509195790004014,0.5799560546875,0.15771484375,-0.009033203125,4146388.0,0.7733649,-0.2496379,0.021126675040662894,0.8776752965875126,-0.4787898676473301,0.8434628,0.0007496393,28554.0,9072.0,27216.0,0.01677065,-2.6421951012173603
2026-09-18T18:52:16.428474+00:00,104.65533274099835,53,1,reverse,12,0.56,0.5599365234375,0.0,0.46566128730773926,dc,out1,0.0,0,105.73759727200013,105.88043644199934,1.0822645310017833,0.5599365234375,0.158447265625,-0.009033203125,4147630.0,0.7645255,-0.3341939,0.032753127604470994,0.7841380560996343,-0.6197215032645003,0.8505822,0.0007425489,28702.0,8208.0,28048.0,0.01675747,-2.472780895062619
2026-09-18T18:52:16.428474+00:00,104.65533274099835,53,1,reverse,12,0.56,0.5599365234375,0.0,0.46566128730773926,dc,out1,0.0,1,105.88064943099926,106.02434830299899,1.2253166900009091,0.5599365234375,0.158447265625,-0.009033203125,4147781.0,0.7634144,-0.3565818,0.03324174955043684,0.7555650466294235,-0.6542296587580718,0.8356568,0.0007418822,28720.0,7952.0,28176.0,0.01682033,-2.4279506149869006
2026-09-18T18:52:16.428474+00:00,104.65533274099835,53,1,reverse,12,0.56,0.5599365234375,0.0,0.46566128730773926,dc,out1,0.0,2,106.02452939199975,106.16840583699923,1.3691966510014026,0.5599365234375,0.158447265625,-0.009033203125,4147932.0,0.7657257,-0.3804153,0.028488744530500314,0.7237030265299993,-0.6895232561896626,0.8381258,0.0007449081,28738.0,7936.0,28288.0,0.01682885,-2.3803754077638155
2026-09-18T18:52:16.428474+00:00,104.65533274099835,53,1,reverse,12,0.56,0.5599365234375,0.0,0.46566128730773926,dc,out1,0.0,3,106.16857653699844,106.31233939699996,1.513243796000097,0.5599365234375,0.158447265625,-0.009033203125,4148067.0,0.7632444,-0.3938171,0.031249791971488618,0.7048314843651821,-0.7086861287970245,0.8300574,0.0007455695,28754.0,7552.0,28368.0,0.01673258,-2.353467509756429
2026-09-18T18:52:16.428474+00:00,104.65533274099835,53,1,reverse,12,0.56,0.5599365234375,0.0,0.46566128730773926,dc,out1,0.0,4,106.31247880799856,106.45735602599962,1.6571460670002125,0.5599365234375,0.158447265625,-0.009033203125,4148218.0,0.7708413,-0.4003723,0.020265309140681403,0.695877352738346,-0.7178746598058078,0.8249542,0.000748851,28772.0,7744.0,28400.0,0.01682633,-2.340636222577844
2026-09-18T18:52:18.258149+00:00,106.48500769499879,54,1,reverse,13,0.54,0.5399169921875,0.0,0.46566128730773926,dc,out1,0.0,0,107.56348654499925,107.7062387269998,1.0784788500004652,0.5399169921875,0.1605224609375,-0.0091552734375,4149461.0,0.7198223,-0.5616638,0.05658482399630283,0.42896893881832754,-0.9015452330429047,0.8386593,0.0007354965,28920.0,6736.0,29056.0,0.01684747,-2.014909595243479
2026-09-18T18:52:18.258149+00:00,106.48500769499879,54,1,reverse,13,0.54,0.5399169921875,0.0,0.46566128730773926,dc,out1,0.0,1,107.70637911999984,107.84939107899845,1.2213714250010526,0.5399169921875,0.1605224609375,-0.0091552734375,4149612.0,0.7199185,-0.5644372,0.0558484066528418,0.42401537346913737,-0.903931368266511,0.837063,0.0007391389,28938.0,6784.0,28992.0,0.01676572,-2.009402722211006
2026-09-18T18:52:18.258149+00:00,106.48500769499879,54,1,reverse,13,0.54,0.5399169921875,0.0,0.46566128730773926,dc,out1,0.0,2,107.84955947499839,107.99431205600013,1.3645517799996014,0.5399169921875,0.1605224609375,-0.0091552734375,4149746.0,0.7343288,-0.5538869,0.04554143325745611,0.4443266215961146,-0.8947065615037367,0.8228257,0.0007425265,28954.0,6896.0,28976.0,0.01676055,-2.0317339945377557
2026-09-18T18:52:18.258149+00:00,106.48500769499879,54,1,reverse,13,0.54,0.5399169921875,0.0,0.46566128730773926,dc,out1,0.0,3,107.99444407400006,108.13746594199984,1.5094363790012721,0.5399169921875,0.1605224609375,-0.0091552734375,4149897.0,0.7294212,-0.561566,0.0483593430148967,0.4301513592841929,-0.9014605826374933,0.8263231,0.0007411253,28972.0,6864.0,29024.0,0.01677958,-2.0160149756628587
2026-09-18T18:52:18.258149+00:00,106.48500769499879,54,1,reverse,13,0.54,0.5399169921875,0.0,0.46566128730773926,dc,out1,0.0,4,108.13760399999956,108.28130477999912,1.6525963050007704,0.5399169921875,0.1605224609375,-0.0091552734375,4150031.0,0.7335142,-0.5625068,0.0446607695290937,0.42884498670779664,-0.9022734580162817,0.8260967,0.0007422321,28988.0,6848.0,29008.0,0.01674438,-2.0144843559622325
2026-09-18T18:52:20.082363+00:00,108.30922253599965,55,1,reverse,14,0.52,0.5198974609375,0.0,0.46566128730773926,dc,out1,0.0,0,109.39314432299943,109.5363066989994,1.083921786999781,0.5198974609375,0.1612548828125,-0.0091552734375,4151289.0,0.2893493,-0.7342488,0.08549265478251454,0.0558532073162151,-0.9947720468583392,0.8369984,0.0007364328,29138.0,6576.0,29184.0,0.01676972,-1.6268841779327479
2026-09-18T18:52:20.082363+00:00,108.30922253599965,55,1,reverse,14,0.52,0.5198974609375,0.0,0.46566128730773926,dc,out1,0.0,1,109.5364792119999,109.67954816299971,1.227256676000252,0.5198974609375,0.1612548828125,-0.0091552734375,4151440.0,0.3515102,-0.7319692,0.08136609976156897,0.06895490441584214,-0.9942961223733061,0.8290262,0.0007385841,29156.0,6576.0,29200.0,0.01674627,-1.6400359374621352
2026-09-18T18:52:20.082363+00:00,108.30922253599965,55,1,reverse,14,0.52,0.5198974609375,0.0,0.46566128730773926,dc,out1,0.0,2,109.67974491199857,109.82328378300008,1.3705223759989167,0.5198974609375,0.1612548828125,-0.0091552734375,4151574.0,0.24425,-0.7376972,0.08411577535973488,0.04470441652876677,-0.9954526867101485,0.8365088,0.0007370945,29172.0,6592.0,29216.0,0.0167871,-1.615674803062792
2026-09-18T18:52:20.082363+00:00,108.30922253599965,55,1,reverse,14,0.52,0.5198974609375,0.0,0.46566128730773926,dc,out1,0.0,3,109.82344828199894,109.96628640999916,1.5142257459992834,0.5198974609375,0.1612548828125,-0.0091552734375,4151725.0,0.21381,-0.7403101,0.08194508221510925,0.03734594396281669,-0.9959368875437264,0.8340056,0.0007376356,29190.0,6592.0,29200.0,0.01683975,-1.608277069656426
2026-09-18T18:52:20.082363+00:00,108.30922253599965,55,1,reverse,14,0.52,0.5198974609375,0.0,0.46566128730773926,dc,out1,0.0,4,109.9664296789997,110.11021195699868,1.6572071430000506,0.5198974609375,0.1612548828125,-0.0091552734375,4151859.0,0.3348974,-0.7337253,0.08087364775128399,0.06404547787457035,-0.9946645815867876,0.8328662,0.0007382713,29206.0,6576.0,29200.0,0.0167906,-1.635096583269708
2026-09-18T18:52:21.911244+00:00,110.13810400399962,56,1,reverse,15,0.5,0.5,0.0,0.46566128730773926,dc,out1,0.0,0,111.2142089659992,111.35924807499941,1.0761049619995902,0.5,0.1610107421875,-0.0091552734375,4153119.0,-0.3051975,-0.7269227,0.09561381561883833,-0.06688253114813034,-0.9931690315802372,0.835849,0.0007354202,29356.0,6576.0,29200.0,0.01684168,-1.5035553046346757
2026-09-18T18:52:21.911244+00:00,110.13810400399962,56,1,reverse,15,0.5,0.5,0.0,0.46566128730773926,dc,out1,0.0,1,111.3594165809991,111.50231903499844,1.2213125769994804,0.5,0.1610107421875,-0.0091552734375,4153254.0,-0.1107944,-0.7390393,0.09032119275646322,-0.020348304791700893,-0.9957047899006782,0.8289024,0.0007390605,29372.0,6576.0,29184.0,0.01683118,-1.5503630889549642
2026-09-18T18:52:21.911244+00:00,110.13810400399962,56,1,reverse,15,0.5,0.5,0.0,0.46566128730773926,dc,out1,0.0,2,111.50246163199881,111.64714770899991,1.3643576279991976,0.5,0.1610107421875,-0.0091552734375,4153404.0,-0.0131933,-0.7392726,0.09208826780162649,-0.0024304603848608573,-0.9957478816425439,0.8391032,0.0007342514,29390.0,6576.0,29168.0,0.01680885,-1.5683554925204404
2026-09-18T18:52:21.911244+00:00,110.13810400399962,56,1,reverse,15,0.5,0.5,0.0,0.46566128730773926,dc,out1,0.0,3,111.64728358299908,111.79145157899984,1.5091795789994649,0.5,0.1610107421875,-0.0091552734375,4153556.0,0.1077909,-0.7417258,0.08521443197827601,0.018660668357731773,-0.9961878738667032,0.8393016,0.0007345166,29408.0,6560.0,29200.0,0.01677533,-1.5895262136848416
2026-09-18T18:52:21.911244+00:00,110.13810400399962,56,1,reverse,15,0.5,0.5,0.0,0.46566128730773926,dc,out1,0.0,4,111.7916434589988,111.93434564699965,1.6535394549991906,0.5,0.1610107421875,-0.0091552734375,4153690.0,0.2699883,-0.7369426,0.08299263028390169,0.049745601304497074,-0.9953077908212181,0.8287462,0.0007390107,29424.0,6576.0,29184.0,0.0168281,-1.6207348905522019
2026-09-18T18:52:23.735303+00:00,111.96216229299898,57,1,reverse,16,0.48,0.47998046875,0.0,0.46566128730773926,dc,out1,0.0,0,113.04454282199913,113.18810327699975,1.0823805290001474,0.47998046875,0.1610107421875,-0.0091552734375,4154949.0,-0.3429514,-0.7213475,0.09885999864133124,-0.08091405694934253,-0.9918062391700481,0.834378,0.0007371509,29574.0,6576.0,29248.0,0.01681332,-1.4893940792695324
2026-09-18T18:52:23.735303+00:00,111.96216229299898,57,1,reverse,16,0.48,0.47998046875,0.0,0.46566128730773926,dc,out1,0.0,1,113.18827614099973,113.33230682499925,1.2261138480007503,0.47998046875,0.1610107421875,-0.0091552734375,4155083.0,-0.27536,-0.7300878,0.09407309189535489,-0.057769937429314154,-0.9938877641417371,0.8318033,0.0007386484,29590.0,6544.0,29200.0,0.0168251,-1.5127364414407485
2026-09-18T18:52:23.735303+00:00,111.96216229299898,57,1,reverse,16,0.48,0.47998046875,0.0,0.46566128730773926,dc,out1,0.0,2,113.3324530689988,113.4754091679988,1.3702907759998197,0.47998046875,0.1610107421875,-0.0091552734375,4155234.0,-0.2501851,-0.7314545,0.0944773518103928,-0.051658635549081115,-0.9941858052537778,0.8282288,0.0007394344,29608.0,6592.0,29200.0,0.01677975,-1.5188822690133341
2026-09-18T18:52:23.735303+00:00,111.96216229299898,57,1,reverse,16,0.48,0.47998046875,0.0,0.46566128730773926,dc,out1,0.0,3,113.47562370099877,113.6183712889997,1.5134614079997846,0.47998046875,0.1610107421875,-0.0091552734375,4155368.0,-0.223273,-0.7338615,0.09280185211639576,-0.04443372915501751,-0.9946926459752004,0.8299616,0.0007385369,29624.0,6576.0,29216.0,0.0167402,-1.5261551915568872
2026-09-18T18:52:23.735303+00:00,111.96216229299898,57,1,reverse,16,0.48,0.47998046875,0.0,0.46566128730773926,dc,out1,0.0,4,113.6185563759991,113.76163090799855,1.656394083000123,0.47998046875,0.1610107421875,-0.0091552734375,4155519.0,-0.01358995,-0.7408174,0.08901054976169286,-0.0024198937672089277,-0.9960277436624326,0.8317358,0.0007385127,29642.0,6560.0,29168.0,0.01683155,-1.5683667870342508
2026-09-18T18:52:25.565099+00:00,113.79195648399946,58,1,reverse,17,0.46,0.4599609375,0.0,0.46566128730773926,dc,out1,0.0,0,114.87046639499931,115.01448623499891,1.0785099109998555,0.4599609375,0.160888671875,-0.009033203125,4156777.0,-0.3859242,-0.717996,0.09631152322943365,-0.0937362630861568,-0.990927647952094,0.8284551,0.0007407191,29792.0,6592.0,29264.0,0.01679785,-1.4764825115401132
2026-09-18T18:52:25.565099+00:00,113.79195648399946,58,1,reverse,17,0.46,0.4599609375,0.0,0.46566128730773926,dc,out1,0.0,1,115.01474699399841,115.15733539199937,1.2227905099989584,0.4599609375,0.160888671875,-0.009033203125,4156912.0,-0.3954982,-0.7174956,0.0951963833956415,-0.09626825896222435,-0.9907926477849803,0.8378865,0.0007354113,29808.0,6576.0,29280.0,0.01679027,-1.4739374940768486
2026-09-18T18:52:25.565099+00:00,113.79195648399946,58,1,reverse,17,0.46,0.4599609375,0.0,0.46566128730773926,dc,out1,0.0,2,115.15752505699857,115.30112421800004,1.3655685729991092,0.4599609375,0.160888671875,-0.009033203125,4157063.0,-0.4336122,-0.7106288,0.0963832541285916,-0.11360418784967621,-0.9888399045480512,0.8383582,0.0007357234,29826.0,6576.0,29264.0,0.01679668,-1.4564114875519567
2026-09-18T18:52:25.565099+00:00,113.79195648399946,58,1,reverse,17,0.46,0.4599609375,0.0,0.46566128730773926,dc,out1,0.0,3,115.3012726959987,115.44446102599977,1.5093162119992485,0.4599609375,0.160888671875,-0.009033203125,4157197.0,-0.4584422,-0.7060567,0.09612160495799116,-0.12542036489532096,-0.9874362607934876,0.8278592,0.0007418429,29842.0,6608.0,29280.0,0.01681117,-1.444456682381322
2026-09-18T18:52:25.565099+00:00,113.79195648399946,58,1,reverse,17,0.46,0.4599609375,0.0,0.46566128730773926,dc,out1,0.0,4,115.44466286399984,115.58839012399949,1.6527063800003816,0.4599609375,0.160888671875,-0.009033203125,4157349.0,-0.4675937,-0.7023469,0.09815687815407464,-0.13305063440152448,-0.986236663259077,0.8274519,0.0007420371,29860.0,6592.0,29312.0,0.01678482,-1.4366985321970858
2026-09-18T18:52:27.389949+00:00,115.61680565999995,59,1,reverse,18,0.44,0.43994140625,0.0,0.46566128730773926,dc,out1,0.0,0,116.70083411899941,116.84349403599845,1.0840284589994553,0.43994140625,0.159423828125,-0.009033203125,4158608.0,-0.6486358,-0.548334,0.12332993029345991,-0.4395902562521478,-0.8896910333941673,0.841933,0.0007423437,30010.0,6960.0,29392.0,0.01683517,-1.1118853439237832
2026-09-18T18:52:27.389949+00:00,115.61680565999995,59,1,reverse,18,0.44,0.43994140625,0.0,0.46566128730773926,dc,out1,0.0,1,116.84367913299866,116.98728283799937,1.2268734729987045,0.43994140625,0.159423828125,-0.009033203125,4158742.0,-0.6613805,-0.528601,0.12061679869437214,-0.4762752376473363,-0.8709842052969128,0.8326237,0.0007471866,30026.0,7152.0,29376.0,0.01683852,-1.0703946225193006
2026-09-18T18:52:27.389949+00:00,115.61680565999995,59,1,reverse,18,0.44,0.43994140625,0.0,0.46566128730773926,dc,out1,0.0,2,116.9874287219991,117.13141354199979,1.3706230619991402,0.43994140625,0.159423828125,-0.009033203125,4158893.0,-0.6720522,-0.5191721,0.11409648455931326,-0.4946594874301096,-0.8615648459092256,0.8231548,0.0007534464,30044.0,7216.0,29376.0,0.01679135,-1.049608035381522
2026-09-18T18:52:27.389949+00:00,115.61680565999995,59,1,reverse,18,0.44,0.43994140625,0.0,0.46566128730773926,dc,out1,0.0,3,117.13160883799901,117.27428639699974,1.514803177999056,0.43994140625,0.159423828125,-0.009033203125,4159027.0,-0.6580757,-0.5409938,0.11828665111800864,-0.45443199375030363,-0.8828928764144666,0.8332418,0.0007492101,30060.0,6928.0,29392.0,0.01681682,-1.0954516999418635
2026-09-18T18:52:27.389949+00:00,115.61680565999995,59,1,reverse,18,0.44,0.43994140625,0.0,0.46566128730773926,dc,out1,0.0,4,117.27443880200008,117.41822934599986,1.6576331420001225,0.43994140625,0.159423828125,-0.009033203125,4159178.0,-0.645461,-0.5673313,0.11669218040556704,-0.4060012680822457,-0.9063916953215112,0.8311124,0.0007457366,30078.0,6960.0,29408.0,0.01686908,-1.1496640114185286
2026-09-18T18:52:29.219529+00:00,117.44638744799886,60,1,reverse,19,0.42,0.419921875,0.0,0.46566128730773926,dc,out1,0.0,0,118.52464603899898,118.66736322799989,1.0782585910001217,0.419921875,0.1590576171875,-0.0091552734375,4160423.0,-0.6711625,-0.4695643,0.1337397364908418,-0.5751468533301209,-0.8070438525804038,0.837574,0.0007489922,30226.0,7312.0,29360.0,0.016906,-0.9516249923161869
2026-09-18T18:52:29.219529+00:00,117.44638744799886,60,1,reverse,19,0.42,0.419921875,0.0,0.46566128730773926,dc,out1,0.0,1,118.66750992299967,118.81144121799844,1.2211224750008114,0.419921875,0.1590576171875,-0.0091552734375,4160574.0,-0.6786034,-0.4614428,0.12792805420198183,-0.5898076261317498,-0.7973464598936431,0.8297647,0.0007505891,30244.0,7728.0,29264.0,0.01682962,-0.9339114031166866
2026-09-18T18:52:29.219529+00:00,117.44638744799886,60,1,reverse,19,0.42,0.419921875,0.0,0.46566128730773926,dc,out1,0.0,2,118.81170284799919,118.95553302400003,1.365315400000327,0.419921875,0.1590576171875,-0.0091552734375,4160709.0,-0.6846091,-0.4438391,0.12637909258098126,-0.6184335958119582,-0.7756082854956484,0.8235094,0.0007587222,30260.0,7792.0,29232.0,0.01685073,-0.8976714923011856
2026-09-18T18:52:29.219529+00:00,117.44638744799886,60,1,reverse,19,0.42,0.419921875,0.0,0.46566128730773926,dc,out1,0.0,3,118.95570213999963,119.09942997399958,1.5093146920007712,0.419921875,0.1590576171875,-0.0091552734375,4160860.0,-0.6863215,-0.4273907,0.12921507383879022,-0.6435391901661139,-0.7544274487405521,0.823988,0.0007575582,30278.0,7824.0,29120.0,0.01678847,-0.8645535351194618
2026-09-18T18:52:29.219529+00:00,117.44638744799886,60,1,reverse,19,0.42,0.419921875,0.0,0.46566128730773926,dc,out1,0.0,4,119.09964350399969,119.24425548399995,1.6532560560008278,0.419921875,0.1590576171875,-0.0091552734375,4160994.0,-0.683016,-0.4198714,0.13575843764563575,-0.6537063144853998,-0.7444714239041895,0.8436682,0.0007537022,30294.0,7552.0,29328.0,0.01678582,-0.8502239206468301
2026-09-18T18:52:31.052473+00:00,119.27933167099945,61,1,reverse,20,0.4,0.39990234375,0.0,0.46566128730773926,dc,out1,0.0,0,120.36201867599993,120.50518720599939,1.08268700500048,0.39990234375,0.1572265625,-0.0091552734375,4162254.0,-0.6889799,-0.340065,0.1490011782344878,-0.7630798489656415,-0.6288941031583204,0.8523818,0.0007579469,30444.0,8208.0,28912.0,0.01682015,-0.6892955097760224
2026-09-18T18:52:31.052473+00:00,119.27933167099945,61,1,reverse,20,0.4,0.39990234375,0.0,0.46566128730773926,dc,out1,0.0,1,120.50533119600004,120.64943612199932,1.2259995250005886,0.39990234375,0.1572265625,-0.0091552734375,4162405.0,-0.6968183,-0.3323006,0.13872522000923937,-0.7748423039914173,-0.61674526125351,0.8430734,0.000761145,30462.0,8560.0,28896.0,0.01680557,-0.6722740753358905
2026-09-18T18:52:31.052473+00:00,119.27933167099945,61,1,reverse,20,0.4,0.39990234375,0.0,0.46566128730773926,dc,out1,0.0,2,120.64958061200014,120.79253067299942,1.370248941000682,0.39990234375,0.1572265625,-0.0091552734375,4162556.0,-0.7040947,-0.3288221,0.12812634025019357,-0.7809942893707343,-0.6112540886606758,0.8400254,0.0007711537,30480.0,8400.0,28816.0,0.0167442,-0.664078851107905
2026-09-18T18:52:31.052473+00:00,119.27933167099945,61,1,reverse,20,0.4,0.39990234375,0.0,0.46566128730773926,dc,out1,0.0,3,120.79274367199832,120.93734943599884,1.5134120009988692,0.39990234375,0.1572265625,-0.0091552734375,4162690.0,-0.6941691,-0.3302659,0.14328288790838875,-0.7765581157124715,-0.6135368831241752,0.8491284,0.0007636934,30496.0,8256.0,28912.0,0.01675032,-0.6686579458158571
2026-09-18T18:52:31.052473+00:00,119.27933167099945,61,1,reverse,20,0.4,0.39990234375,0.0,0.46566128730773926,dc,out1,0.0,4,120.93750581899985,121.08221276199947,1.6581741480003984,0.39990234375,0.1572265625,-0.0091552734375,4162842.0,-0.69646,-0.3123054,0.14353194114647855,-0.798391545597111,-0.5847816017880352,0.8463284,0.0007637352,30514.0,8464.0,28688.0,0.01682032,-0.6321739380596465
2026-09-18T18:52:32.885689+00:00,121.11254761300006,62,1,reverse,21,0.38,0.3798828125,0.0,0.46566128730773926,dc,out1,0.0,0,122.19065753799987,122.33352403799836,1.0781099249998078,0.3798828125,0.15576171875,-0.009033203125,4164086.0,-0.6900792,-0.2668104,0.16314134798019866,-0.8453732520056128,-0.5086540724034936,0.8508762,0.000758689,30662.0,8848.0,28352.0,0.01686658,-0.541662471853417
2026-09-18T18:52:32.885689+00:00,121.11254761300006,62,1,reverse,21,0.38,0.3798828125,0.0,0.46566128730773926,dc,out1,0.0,1,122.33374202599953,122.47645192199889,1.2211944129994663,0.3798828125,0.15576171875,-0.009033203125,4164237.0,-0.690266,-0.2683258,0.16253320731002455,-0.8439164530000941,-0.5112611630832684,0.8656992,0.0007566938,30680.0,8992.0,28544.0,0.01677003,-0.544687664046011
2026-09-18T18:52:32.885689+00:00,121.11254761300006,62,1,reverse,21,0.38,0.3798828125,0.0,0.46566128730773926,dc,out1,0.0,2,122.4766324100001,122.6212251449997,1.3640847970000323,0.3798828125,0.15576171875,-0.009033203125,4164371.0,-0.695549,-0.2833999,0.1507831779978406,-0.8300392747247439,-0.53693503857291,0.8429698,0.0007594555,30696.0,9216.0,28464.0,0.01681978,-0.574178119270842
2026-09-18T18:52:32.885689+00:00,121.11254761300006,62,1,reverse,21,0.38,0.3798828125,0.0,0.46566128730773926,dc,out1,0.0,3,122.62137849200008,122.7644973539991,1.5088308790000156,0.3798828125,0.15576171875,-0.009033203125,4164522.0,-0.6920385,-0.2923852,0.15479071655189147,-0.8193455070884196,-0.5520079474820744,0.867166,0.0007561431,30714.0,8608.0,28752.0,0.01677102,-0.5928685317950716
2026-09-18T18:52:32.885689+00:00,121.11254761300006,62,1,reverse,21,0.38,0.3798828125,0.0,0.46566128730773926,dc,out1,0.0,4,122.76467403599963,122.90827727599935,1.6521264229995722,0.3798828125,0.15576171875,-0.009033203125,4164657.0,-0.6893341,-0.2934687,0.15899132047245929,-0.8173201820489249,-0.5538135787699108,0.8661762,0.0007555457,30730.0,8832.0,28528.0,0.0167495,-0.5955315276956846
2026-09-18T18:52:34.709794+00:00,122.93665178099945,63,1,reverse,22,0.36,0.3599853515625,0.0,0.46566128730773926,dc,out1,0.0,0,124.02026974499859,124.16344648299855,1.0836179639991315,0.3599853515625,0.1539306640625,-0.0091552734375,4165919.0,-0.700953,-0.153487,0.16023081682223791,-0.9396893438451058,-0.3021754827983782,0.851045,0.0007706911,30880.0,10960.0,27344.0,0.01684392,-0.3111260557058529
2026-09-18T18:52:34.709794+00:00,122.93665178099945,63,1,reverse,22,0.36,0.3599853515625,0.0,0.46566128730773926,dc,out1,0.0,1,124.16362713199851,124.30719402999966,1.226975350999055,0.3599853515625,0.1539306640625,-0.0091552734375,4166070.0,-0.7025448,-0.1389698,0.15861912157017274,-0.9484505184355221,-0.2743749047411153,0.8461304,0.0007728369,30898.0,11392.0,27088.0,0.01679198,-0.2816000942963322
2026-09-18T18:52:34.709794+00:00,122.93665178099945,63,1,reverse,22,0.36,0.3599853515625,0.0,0.46566128730773926,dc,out1,0.0,2,124.30734192699856,124.4503764459987,1.3706901459991059,0.3599853515625,0.1539306640625,-0.0091552734375,4166205.0,-0.701505,-0.1372452,0.1607482638756446,-0.9490460455966043,-0.27105644983732474,0.878149,0.0007750388,30914.0,10544.0,27344.0,0.01680538,-0.27820266525198123
2026-09-18T18:52:34.709794+00:00,122.93665178099945,63,1,reverse,22,0.36,0.3599853515625,0.0,0.46566128730773926,dc,out1,0.0,3,124.4505228199996,124.59346399499918,1.5138710390001506,0.3599853515625,0.1539306640625,-0.0091552734375,4166356.0,-0.7046669,-0.1443791,0.1541060559291321,-0.9461299562045694,-0.2847620576873027,0.8516396,0.0007765345,30932.0,10528.0,27216.0,0.01683182,-0.29235162546784743
2026-09-18T18:52:34.709794+00:00,122.93665178099945,63,1,reverse,22,0.36,0.3599853515625,0.0,0.46566128730773926,dc,out1,0.0,4,124.59362898399922,124.7363947699996,1.6569772029997694,0.3599853515625,0.1539306640625,-0.0091552734375,4166491.0,-0.7054217,-0.1381491,0.15323085455768273,-0.9497908073173174,-0.272796128174578,0.8430818,0.0007795122,30948.0,11072.0,27008.0,0.0168298,-0.2796884689195405
2026-09-18T18:52:36.539932+00:00,124.76679032099855,64,1,reverse,23,0.34,0.3399658203125,0.0,0.46566128730773926,dc,out1,0.0,0,125.84580745899984,125.98833632899914,1.0790171380012907,0.3399658203125,0.1514892578125,-0.009033203125,4167752.0,-0.7135035,-0.03040617,0.14302947612412897,-0.9878506895094653,-0.06077486483186179,0.8573188,0.0007928525,31098.0,12960.0,25984.0,0.01682727,-0.06144487381325859
2026-09-18T18:52:36.539932+00:00,124.76679032099855,64,1,reverse,23,0.34,0.3399658203125,0.0,0.46566128730773926,dc,out1,0.0,1,125.98848601899954,126.13145162699948,1.2216956980009854,0.3399658203125,0.1514892578125,-0.009033203125,4167887.0,-0.7092099,-0.02961297,0.15152141352433762,-0.9866801146799079,-0.059191321482379516,0.8424194,0.0007896046,31114.0,12800.0,25680.0,0.01681592,-0.05991857615152802
2026-09-18T18:52:36.539932+00:00,124.76679032099855,64,1,reverse,23,0.34,0.3399658203125,0.0,0.46566128730773926,dc,out1,0.0,2,126.13166909399843,126.27537922699958,1.364878772999873,0.3399658203125,0.1514892578125,-0.009033203125,4168038.0,-0.7022169,-0.0543256,0.1646197222711029,-0.980378316800091,-0.10843755340104928,0.8683176,0.0007818751,31132.0,12800.0,26112.0,0.01671048,-0.11016008568675816
2026-09-18T18:52:36.539932+00:00,124.76679032099855,64,1,reverse,23,0.34,0.3399658203125,0.0,0.46566128730773926,dc,out1,0.0,3,126.27553592999902,126.41926662900005,1.5087456090004707,0.3399658203125,0.1514892578125,-0.009033203125,4168172.0,-0.6986912,-0.07134216,0.17079263195103123,-0.9749917167116235,-0.14220066531124603,0.8437636,0.0007757934,31148.0,12592.0,26128.0,0.01680282,-0.14482693317682993
2026-09-18T18:52:36.539932+00:00,124.76679032099855,64,1,reverse,23,0.34,0.3399658203125,0.0,0.46566128730773926,dc,out1,0.0,4,126.41948290499931,126.5626201619998,1.6526925840007607,0.3399658203125,0.1514892578125,-0.009033203125,4168323.0,-0.7096682,-0.0892238,0.14848557306318072,-0.9728540798153719,-0.17750203936486178,0.8410082,0.0007865846,31166.0,12224.0,26384.0,0.01679293,-0.1804698191335787
2026-09-18T18:52:38.366942+00:00,126.59380085399971,65,1,reverse,24,0.32,0.3199462890625,0.0,0.46566128730773926,dc,out1,0.0,0,127.68040308199852,127.8244018209989,1.0866022279988101,0.3199462890625,0.150634765625,-0.0091552734375,4169583.0,-0.7062537,0.02029043,0.15749898186761085,-0.9866854454708831,0.04056972278178456,0.850852,0.0007931244,31316.0,13712.0,26304.0,0.01684672,0.04109403197979762
2026-09-18T18:52:38.366942+00:00,126.59380085399971,65,1,reverse,24,0.32,0.3199462890625,0.0,0.46566128730773926,dc,out1,0.0,1,127.82455798299998,127.9683299069984,1.230757129000267,0.3199462890625,0.150634765625,-0.0091552734375,4169717.0,-0.707911,0.01902461,0.15424301429329543,-0.9873003838334428,0.03804003974833475,0.8663178,0.0007929784,31332.0,13072.0,26096.0,0.01683943,0.03851029889685382
2026-09-18T18:52:38.366942+00:00,126.59380085399971,65,1,reverse,24,0.32,0.3199462890625,0.0,0.46566128730773926,dc,out1,0.0,2,127.96850692899898,128.1124988949996,1.374706074999267,0.3199462890625,0.150634765625,-0.0091552734375,4169868.0,-0.7033069,0.01307931,0.16338998796983148,-0.986214781116857,0.026155636827424666,0.8892152,0.0007877806,31350.0,13040.0,26112.0,0.01672718,0.026515022385177237
2026-09-18T18:52:38.366942+00:00,126.59380085399971,65,1,reverse,24,0.32,0.3199462890625,0.0,0.46566128730773926,dc,out1,0.0,3,128.11269407100008,128.25529756499964,1.5188932170003682,0.3199462890625,0.150634765625,-0.0091552734375,4170019.0,-0.7120672,0.02604266,0.14593853487000658,-0.9879228288857363,0.05206177298556159,0.8633432,0.0007962343,31368.0,12976.0,25936.0,0.01674378,0.05264951673062183
2026-09-18T18:52:38.366942+00:00,126.59380085399971,65,1,reverse,24,0.32,0.3199462890625,0.0,0.46566128730773926,dc,out1,0.0,4,128.25544961000014,128.39855244699902,1.6616487560004316,0.3199462890625,0.150634765625,-0.0091552734375,4170154.0,-0.7115182,0.03631888,0.14683461870874204,-0.9864951209353892,0.07257390108937353,0.8500246,0.0007984897,31384.0,13184.0,25984.0,0.01679225,0.07343512984371119
2026-09-18T18:52:40.200168+00:00,128.4270262559985,66,1,reverse,25,0.3,0.2999267578125,0.0,0.46566128730773926,dc,out1,0.0,0,129.50578500199845,129.65016982899942,1.0787587459999486,0.2999267578125,0.14892578125,-0.0091552734375,4171398.0,-0.7159968,0.1023449,0.13546911719971483,-0.9697072187263398,0.20326344539822347,0.8665974,0.0008076189,31532.0,11968.0,27392.0,0.01680948,0.20662171488350498
2026-09-18T18:52:40.200168+00:00,128.4270262559985,66,1,reverse,25,0.3,0.2999267578125,0.0,0.46566128730773926,dc,out1,0.0,1,129.65032838599836,129.79516129399963,1.2233021299998654,0.2999267578125,0.14892578125,-0.0091552734375,4171549.0,-0.7081394,0.1002671,0.15081921580359156,-0.9682849637705462,0.199192853988946,0.8566548,0.000799708,31550.0,11664.0,27024.0,0.01678695,0.2028867575091929
2026-09-18T18:52:40.200168+00:00,128.4270262559985,66,1,reverse,25,0.3,0.2999267578125,0.0,0.46566128730773926,dc,out1,0.0,2,129.7954000509999,129.93918350199965,1.3683737950013892,0.2999267578125,0.14892578125,-0.0091552734375,4171700.0,-0.7022457,0.1044672,0.16193932559040403,-0.964755719018119,0.20741759194715734,0.8711246,0.000793483,31568.0,11776.0,27328.0,0.01676932,0.21177131765678858
2026-09-18T18:52:40.200168+00:00,128.4270262559985,66,1,reverse,25,0.3,0.2999267578125,0.0,0.46566128730773926,dc,out1,0.0,3,129.93932599899927,130.08233181200012,1.5122997430007672,0.2999267578125,0.14892578125,-0.0091552734375,4171834.0,-0.6956054,0.1033772,0.17481755520041137,-0.9629626639755896,0.20528451033330938,0.8925006,0.0007888131,31584.0,12016.0,27712.0,0.01672488,0.21003605210407617
2026-09-18T18:52:40.200168+00:00,128.4270262559985,66,1,reverse,25,0.3,0.2999267578125,0.0,0.46566128730773926,dc,out1,0.0,4,130.0824718449985,130.2261690939995,1.65544558900001,0.2999267578125,0.14892578125,-0.0091552734375,4171985.0,-0.6937907,0.1090155,0.17787828723405713,-0.9599845371136577,0.21630765921102887,0.874098,0.0007899481,31602.0,11728.0,28272.0,0.01677308,0.22162291128211892
2026-09-18T18:52:42.030842+00:00,130.25770022100005,67,1,reverse,26,0.28,0.2799072265625,0.0,0.46566128730773926,dc,out1,0.0,0,131.34419674299897,131.48814444599884,1.0864965219989244,0.2799072265625,0.1463623046875,-0.0091552734375,4173242.0,-0.7005582,0.2324208,0.15094885282164122,-0.8810552744135877,0.4482812144846448,0.8629712,0.0008097491,31752.0,9872.0,29584.0,0.01684768,0.4706630622834274
2026-09-18T18:52:42.030842+00:00,130.25770022100005,67,1,reverse,26,0.28,0.2799072265625,0.0,0.46566128730773926,dc,out1,0.0,1,131.48830448599983,131.63127664199965,1.2306042649997835,0.2799072265625,0.1463623046875,-0.0091552734375,4173393.0,-0.7080632,0.2328138,0.13765338235465438,-0.8828732669252766,0.4489836755106055,0.853986,0.0008147647,31770.0,10016.0,29584.0,0.01677777,0.47046281851904215
2026-09-18T18:52:42.030842+00:00,130.25770022100005,67,1,reverse,26,0.28,0.2799072265625,0.0,0.46566128730773926,dc,out1,0.0,2,131.63142063199848,131.77443640899946,1.3737204109984305,0.2799072265625,0.1463623046875,-0.0091552734375,4173527.0,-0.7076527,0.2306378,0.13867946632519948,-0.8846819936298524,0.44509075003516707,0.8815376,0.0008121011,31786.0,9936.0,29952.0,0.01676858,0.4661310623953206
2026-09-18T18:52:42.030842+00:00,130.25770022100005,67,1,reverse,26,0.28,0.2799072265625,0.0,0.46566128730773926,dc,out1,0.0,3,131.7746124389996,131.91730368799836,1.516912217999561,0.2799072265625,0.1463623046875,-0.0091552734375,4173678.0,-0.7002977,0.2462715,0.14924667365598449,-0.8684014946467755,0.472868136479791,0.8788696,0.0008106036,31804.0,9680.0,29888.0,0.0168078,0.4986316504082384
2026-09-18T18:52:42.030842+00:00,130.25770022100005,67,1,reverse,26,0.28,0.2799072265625,0.0,0.46566128730773926,dc,out1,0.0,4,131.9174828139985,132.06034531399928,1.6597825929984538,0.2799072265625,0.1463623046875,-0.0091552734375,4173812.0,-0.7024526,0.2451093,0.14568377070377594,-0.8701183476972403,0.4708187548878592,0.8606742,0.0008125651,31820.0,9936.0,29872.0,0.01667035,0.49598249903186337
2026-09-18T18:52:43.861868+00:00,132.0887257359991,68,1,reverse,27,0.26,0.2598876953125,0.0,0.46566128730773926,dc,out1,0.0,0,133.1662607929993,133.3092403189985,1.0775350570002047,0.2598876953125,0.1455078125,-0.0091552734375,4175071.0,-0.7003024,0.2522137,0.1482761700616517,-0.8628031406443218,0.4833062361341333,0.8689652,0.0008104662,31970.0,9792.0,29968.0,0.01677317,0.5106087302407568
2026-09-18T18:52:43.861868+00:00,132.0887257359991,68,1,reverse,27,0.26,0.2598876953125,0.0,0.46566128730773926,dc,out1,0.0,1,133.30937546199857,133.4523429839992,1.2206497259994649,0.2598876953125,0.1455078125,-0.0091552734375,4175205.0,-0.7063844,0.2439525,0.13900812426050266,-0.8723104131503939,0.468776369390529,0.874754,0.0008139548,31986.0,9888.0,30320.0,0.01673735,0.493115180631872
2026-09-18T18:52:43.861868+00:00,132.0887257359991,68,1,reverse,27,0.26,0.2598876953125,0.0,0.46566128730773926,dc,out1,0.0,2,133.4524818439986,133.59558909799853,1.3637561079995066,0.2598876953125,0.1455078125,-0.0091552734375,4175356.0,-0.7017699,0.2692934,0.14291026236212906,-0.8464551250989609,0.5129233647488577,0.8763748,0.0008132243,32004.0,9200.0,30000.0,0.01681923,0.5447950135702818
2026-09-18T18:52:43.861868+00:00,132.0887257359991,68,1,reverse,27,0.26,0.2598876953125,0.0,0.46566128730773926,dc,out1,0.0,3,133.59584193199953,133.73845819599956,1.5071161960004247,0.2598876953125,0.1455078125,-0.0091552734375,4175490.0,-0.7013542,0.2708212,0.14335108213108677,-0.8447868684141367,0.5155439983230162,0.8799516,0.0008121595,32020.0,9264.0,30272.0,0.01679407,0.5479332463859267
2026-09-18T18:52:43.861868+00:00,132.0887257359991,68,1,reverse,27,0.26,0.2598876953125,0.0,0.46566128730773926,dc,out1,0.0,4,133.73867945999882,133.88134137999987,1.6499537239997153,0.2598876953125,0.1455078125,-0.0091552734375,4175641.0,-0.7042453,0.2791398,0.1370588616110691,-0.8370205085995027,0.5297277948510042,0.8659784,0.000816786,32038.0,9040.0,30160.0,0.01683658,0.5642408742141619
2026-09-18T18:52:45.682308+00:00,133.90916746199946,69,1,reverse,28,0.24,0.239990234375,0.0,0.46566128730773926,dc,out1,0.0,0,134.99331602899838,135.13745351099897,1.0841485669989197,0.239990234375,0.1431884765625,-0.0091552734375,4176901.0,-0.6898775,0.4094019,0.12970708101075212,-0.6706677891234212,0.7303292338171685,0.881018,0.0008221306,32188.0,7744.0,31936.0,0.01684063,0.8279574393524144
2026-09-18T18:52:45.682308+00:00,133.90916746199946,69,1,reverse,28,0.24,0.239990234375,0.0,0.46566128730773926,dc,out1,0.0,1,135.13761542499924,135.2803517100001,1.2284479629997804,0.239990234375,0.1431884765625,-0.0091552734375,4177036.0,-0.6971595,0.4133388,0.11891279026819143,-0.6668037109571563,0.7356850952441528,0.8729002,0.0008280818,32204.0,7664.0,31808.0,0.01685047,0.8344724090145764
2026-09-18T18:52:45.682308+00:00,133.90916746199946,69,1,reverse,28,0.24,0.239990234375,0.0,0.46566128730773926,dc,out1,0.0,2,135.28049753300002,135.42339819500012,1.371330071000557,0.239990234375,0.1431884765625,-0.0091552734375,4177188.0,-0.6858074,0.4294403,0.12926368922164094,-0.6403691880939446,0.7571117497362679,0.8795528,0.0008230311,32222.0,7440.0,31920.0,0.01683997,0.8687425042205078
2026-09-18T18:52:45.682308+00:00,133.90916746199946,69,1,reverse,28,0.24,0.239990234375,0.0,0.46566128730773926,dc,out1,0.0,3,135.42354390799846,135.5663391929993,1.5143764459990052,0.239990234375,0.1431884765625,-0.0091552734375,4177322.0,-0.6900737,0.422754,0.12570247322009664,-0.651332280252898,0.7483081911397945,0.8674046,0.0008254047,32238.0,7760.0,32064.0,0.01681577,0.8545739108385166
2026-09-18T18:52:45.682308+00:00,133.90916746199946,69,1,reverse,28,0.24,0.239990234375,0.0,0.46566128730773926,dc,out1,0.0,4,135.5664900949996,135.70951145399886,1.657322633000149,0.239990234375,0.1431884765625,-0.0091552734375,4177474.0,-0.692998,0.4113383,0.12499828171765093,-0.66867893651946,0.7329692417986166,0.862911,0.0008252022,32256.0,7552.0,31760.0,0.01680258,0.8312336858699629
2026-09-18T18:52:47.510470+00:00,135.73732913999993,70,1,reverse,29,0.22,0.219970703125,0.0,0.46566128730773926,dc,out1,0.0,0,136.81481894699937,136.95727031499882,1.0774898069994379,0.219970703125,0.1424560546875,-0.0091552734375,4178718.0,-0.6924532,0.4753605,0.10739894720689791,-0.5710854302461851,0.8138346868371854,0.8702564,0.0008345401,32404.0,7168.0,32400.0,0.01678838,0.9589158179087955
2026-09-18T18:52:47.510470+00:00,135.73732913999993,70,1,reverse,29,0.22,0.219970703125,0.0,0.46566128730773926,dc,out1,0.0,1,136.9573929549988,137.10043338600008,1.2200638149988663,0.219970703125,0.1424560546875,-0.0091552734375,4178852.0,-0.6876127,0.4853692,0.10973434796375299,-0.5539255246794258,0.8253029055962379,0.863488,0.000831832,32420.0,7120.0,32384.0,0.01675055,0.9796766820959877
2026-09-18T18:52:47.510470+00:00,135.73732913999993,70,1,reverse,29,0.22,0.219970703125,0.0,0.46566128730773926,dc,out1,0.0,2,137.10059693199946,137.24355293499866,1.363267791999533,0.219970703125,0.1424560546875,-0.0091552734375,4179003.0,-0.6882209,0.4790411,0.11106899878757735,-0.5642624903481004,0.8180901658707829,0.878568,0.0008285485,32438.0,7152.0,32448.0,0.01678478,0.9669953250263477
2026-09-18T18:52:47.510470+00:00,135.73732913999993,70,1,reverse,29,0.22,0.219970703125,0.0,0.46566128730773926,dc,out1,0.0,3,137.243736249,137.38652372399883,1.5064071090000652,0.219970703125,0.1424560546875,-0.0091552734375,4179137.0,-0.6817661,0.4589209,0.12502075730567536,-0.5945330713190659,0.7942922871025716,0.8784324,0.0008232188,32454.0,7248.0,32272.0,0.0166677,0.9282516372976154
2026-09-18T18:52:47.510470+00:00,135.73732913999993,70,1,reverse,29,0.22,0.219970703125,0.0,0.46566128730773926,dc,out1,0.0,4,137.38672828699964,137.53013027399902,1.6493991469997127,0.219970703125,0.1424560546875,-0.0091552734375,4179287.0,-0.6712404,0.4637673,0.13575890284250577,-0.5842428687064766,0.8001436062761645,0.8747018,0.0008202317,32472.0,7296.0,32272.0,0.01674072,0.9401060377670692
2026-09-18T18:52:49.331241+00:00,137.5580990419985,71,1,reverse,30,0.2,0.199951171875,0.0,0.46566128730773926,dc,out1,0.0,0,138.6408756619985,138.7833494159986,1.0827766200000042,0.199951171875,0.1416015625,-0.009033203125,4180546.0,-0.6680565,0.5645197,0.09941531597524161,-0.4158089929315205,0.9040019227561508,0.8801588,0.0008317905,32622.0,6640.0,32896.0,0.01678187,1.1396867034792184
2026-09-18T18:52:49.331241+00:00,137.5580990419985,71,1,reverse,30,0.2,0.199951171875,0.0,0.46566128730773926,dc,out1,0.0,1,138.7835315379998,138.92637628800003,1.2254324960013037,0.199951171875,0.1416015625,-0.009033203125,4180680.0,-0.6790268,0.5612884,0.09150065964968837,-0.42359169736515095,0.9012201191756553,0.861676,0.000836459,32638.0,6848.0,32832.0,0.0168142,1.1314188611077172
2026-09-18T18:52:49.331241+00:00,137.5580990419985,71,1,reverse,30,0.2,0.199951171875,0.0,0.46566128730773926,dc,out1,0.0,2,138.92655918999844,139.06935369599887,1.36846014799994,0.199951171875,0.1416015625,-0.009033203125,4180831.0,-0.6756999,0.5595929,0.09498168223226915,-0.4259538414300489,0.8997454112199256,0.870582,0.0008348885,32656.0,6656.0,32896.0,0.01674912,1.1286412145776457
2026-09-18T18:52:49.331241+00:00,137.5580990419985,71,1,reverse,30,0.2,0.199951171875,0.0,0.46566128730773926,dc,out1,0.0,3,139.069509809,139.21340117,1.5114107670015073,0.199951171875,0.1416015625,-0.009033203125,4180965.0,-0.6640697,0.5705559,0.10009787583108043,-0.4043793603763895,0.9090972160092053,0.8765352,0.0008288452,32672.0,6720.0,32880.0,0.01670548,1.1522632659050394
2026-09-18T18:52:49.331241+00:00,137.5580990419985,71,1,reverse,30,0.2,0.199951171875,0.0,0.46566128730773926,dc,out1,0.0,4,139.21356452599866,139.35670372599998,1.6554654840001604,0.199951171875,0.1416015625,-0.009033203125,4181115.0,-0.6517651,0.5721063,0.10927302080555953,-0.39907306381440605,0.9103845872277335,0.8793344,0.0008293685,32690.0,6544.0,32848.0,0.01674195,1.1576671554062798
2026-09-18T18:52:51.157967+00:00,139.38482518899946,72,1,reverse,31,0.18,0.179931640625,0.0,0.46566128730773926,dc,out1,0.0,0,140.46580789499967,140.60970584299866,1.0809827060002135,0.179931640625,0.1409912109375,-0.0091552734375,4182372.0,-0.6202524,0.6393966,0.09336202402610133,-0.2723110763882806,0.9576691548473333,0.8788628,0.0008295098,32840.0,6416.0,33008.0,0.01682107,1.2937605175499896
2026-09-18T18:52:51.157967+00:00,139.38482518899946,72,1,reverse,31,0.18,0.179931640625,0.0,0.46566128730773926,dc,out1,0.0,1,140.60989619999964,140.75233770999876,1.225071011000182,0.179931640625,0.1409912109375,-0.0091552734375,4182506.0,-0.634217,0.6354347,0.08797809542257812,-0.28204749855812233,0.9553580811836584,0.8707494,0.0008342151,32856.0,6480.0,32976.0,0.01678358,1.283724164908279
2026-09-18T18:52:51.157967+00:00,139.38482518899946,72,1,reverse,31,0.18,0.179931640625,0.0,0.46566128730773926,dc,out1,0.0,2,140.75254762299846,140.89710727199963,1.3677224339990062,0.179931640625,0.1409912109375,-0.0091552734375,4182657.0,-0.6215399,0.6447127,0.08937789512866288,-0.2628951220533133,0.9606756719429004,0.8726026,0.0008335117,32874.0,6448.0,32976.0,0.01670527,1.3036796050049382
2026-09-18T18:52:51.157967+00:00,139.38482518899946,72,1,reverse,31,0.18,0.179931640625,0.0,0.46566128730773926,dc,out1,0.0,3,140.89727257199957,141.04062327499923,1.512447383000108,0.179931640625,0.1409912109375,-0.0091552734375,4182791.0,-0.6024304,0.6531012,0.09357693154555857,-0.24420213221121762,0.9651987756446921,0.8748618,0.0008328173,32890.0,6448.0,32976.0,0.0166889,1.322989471203598
2026-09-18T18:52:51.157967+00:00,139.38482518899946,72,1,reverse,31,0.18,0.179931640625,0.0,0.46566128730773926,dc,out1,0.0,4,141.04084507099833,141.1834793119997,1.6560198819988727,0.179931640625,0.1409912109375,-0.0091552734375,4182942.0,-0.6189279,0.6469177,0.08936454171296859,-0.2584181583630985,0.9618908639303398,0.8696008,0.000834456,32908.0,6464.0,32976.0,0.01670797,1.3083372010772725
2026-09-18T18:52:52.984307+00:00,141.21116586899916,73,1,reverse,32,0.16,0.159912109375,0.0,0.46566128730773926,dc,out1,0.0,0,142.30132975499873,142.44443378199867,1.0901638859995728,0.159912109375,0.140869140625,-0.0091552734375,4184199.0,-0.512844,0.7073479,0.08061148185221728,-0.13293563258284008,0.9878410330530868,0.8728126,0.0008329516,33058.0,6336.0,33024.0,0.01679867,1.4370280722727264
2026-09-18T18:52:52.984307+00:00,141.21116586899916,73,1,reverse,32,0.16,0.159912109375,0.0,0.46566128730773926,dc,out1,0.0,1,142.44462611199924,142.59017024999957,1.2334602430000814,0.159912109375,0.140869140625,-0.0091552734375,4184351.0,-0.4921114,0.715554,0.07706775815522325,-0.11596034757401279,0.9902594399668413,0.870763,0.0008340685,33076.0,6320.0,33008.0,0.01680887,1.4542262434196085
2026-09-18T18:52:52.984307+00:00,141.21116586899916,73,1,reverse,32,0.16,0.159912109375,0.0,0.46566128730773926,dc,out1,0.0,2,142.59028932299952,142.734145729999,1.3791234540003643,0.159912109375,0.140869140625,-0.0091552734375,4184485.0,-0.4741599,0.7175544,0.07886993790285203,-0.10989961433965448,0.9908085625705884,0.8710822,0.0008372096,33092.0,6336.0,33008.0,0.01676375,1.4603287588818532
2026-09-18T18:52:52.984307+00:00,141.21116586899916,73,1,reverse,32,0.16,0.159912109375,0.0,0.46566128730773926,dc,out1,0.0,3,142.73429451799893,142.87814257899845,1.5231286489997728,0.159912109375,0.140869140625,-0.0091552734375,4184635.0,-0.4970601,0.7144721,0.07708441744453326,-0.11851335257441126,0.9899558464137732,0.8652756,0.0008355142,33110.0,6336.0,33008.0,0.01674348,1.4516475793328856
2026-09-18T18:52:52.984307+00:00,141.21116586899916,73,1,reverse,32,0.16,0.159912109375,0.0,0.46566128730773926,dc,out1,0.0,4,142.8783493969986,143.02232919400012,1.6671835279994411,0.159912109375,0.140869140625,-0.0091552734375,4184786.0,-0.4511979,0.7255717,0.07397587491868557,-0.09368137117587906,0.9928501249557368,0.8691504,0.0008337486,33128.0,6304.0,33008.0,0.01675823,1.4767188545279073
2026-09-18T18:52:54.824754+00:00,143.0516121619985,74,1,reverse,33,0.14,0.139892578125,0.0,0.46566128730773926,dc,out1,0.0,0,144.13554160399872,144.2793158329987,1.0839294420002261,0.139892578125,0.1409912109375,-0.009033203125,4186041.0,0.2290057,0.7478238,0.0673399914288047,0.033196896116612584,0.9971776630283048,0.8700674,0.0008291754,33278.0,6288.0,32944.0,0.01679472,1.6040748905515838
2026-09-18T18:52:54.824754+00:00,143.0516121619985,74,1,reverse,33,0.14,0.139892578125,0.0,0.46566128730773926,dc,out1,0.0,1,144.279528862,144.4225535149999,1.227916700001515,0.139892578125,0.1409912109375,-0.009033203125,4186175.0,0.2028847,0.7495611,0.06579774407165706,0.028267410136653282,0.9974325091951068,0.8722636,0.0008285131,33294.0,6288.0,32960.0,0.01681583,1.5991289164376425
2026-09-18T18:52:54.824754+00:00,143.0516121619985,74,1,reverse,33,0.14,0.139892578125,0.0,0.46566128730773926,dc,out1,0.0,2,144.42281052699946,144.5653030329995,1.3711983650009643,0.139892578125,0.1409912109375,-0.009033203125,4186326.0,0.1892488,0.7483151,0.0688535486537882,0.027381106796985948,0.9972509532852563,0.874218,0.0008281226,33312.0,6288.0,32960.0,0.01678443,1.598246016637357
2026-09-18T18:52:54.824754+00:00,143.0516121619985,74,1,reverse,33,0.14,0.139892578125,0.0,0.46566128730773926,dc,out1,0.0,3,144.56545970599836,144.70928172299864,1.5138475439998729,0.139892578125,0.1409912109375,-0.009033203125,4186461.0,0.0004928243,0.7525758,0.06559755871523794,6.465616284898233e-05,0.9978461585385703,0.867432,0.0008313913,33328.0,6288.0,32976.0,0.01681447,1.5708611225173688
2026-09-18T18:52:54.824754+00:00,143.0516121619985,74,1,reverse,33,0.14,0.139892578125,0.0,0.46566128730773926,dc,out1,0.0,4,144.70947872299985,144.85228158999962,1.6578665610013559,0.139892578125,0.1409912109375,-0.009033203125,4186612.0,-0.08373087,0.7495449,0.07064285043706812,-0.011941813733830403,0.9974301884176519,0.8695194,0.0008352531,33346.0,6288.0,33008.0,0.01678012,1.558824317795198
2026-09-18T18:52:56.653415+00:00,144.88027431999944,75,1,reverse,34,0.12,0.1199951171875,0.0,0.46566128730773926,dc,out1,0.0,0,145.97115033499904,146.11325536299955,1.0908760149995942,0.1199951171875,0.1417236328125,-0.009033203125,4187866.0,0.6813299,0.6600585,0.05125881141354869,0.2427083534051709,0.9687441300156718,0.8686264,0.000827427,33496.0,6368.0,32784.0,0.0167426,1.8162823826654795
2026-09-18T18:52:56.653415+00:00,144.88027431999944,75,1,reverse,34,0.12,0.1199951171875,0.0,0.46566128730773926,dc,out1,0.0,1,146.1135301079994,146.25718938699902,1.2332557879999513,0.1199951171875,0.1417236328125,-0.009033203125,4188016.0,0.707379,0.6356792,0.04584212672312172,0.29139935204103806,0.9555024421986394,0.8604588,0.0008329035,33514.0,6416.0,32656.0,0.01670215,1.8668062761953645
2026-09-18T18:52:56.653415+00:00,144.88027431999944,75,1,reverse,34,0.12,0.1199951171875,0.0,0.46566128730773926,dc,out1,0.0,2,146.25734493899836,146.40150902200003,1.3770706189989141,0.1199951171875,0.1417236328125,-0.009033203125,4188150.0,0.7147576,0.6126164,0.04769668035347137,0.33535200876935517,0.9408847203019173,0.8615036,0.0008247024,33530.0,6528.0,32528.0,0.01677208,1.91318080435609
2026-09-18T18:52:56.653415+00:00,144.88027431999944,75,1,reverse,34,0.12,0.1199951171875,0.0,0.46566128730773926,dc,out1,0.0,3,146.40171459699923,146.5443488639994,1.5214402769997832,0.1199951171875,0.1417236328125,-0.009033203125,4188301.0,0.7181259,0.609857,0.0461323112703542,0.3408061996127011,0.9390010352296758,0.8636398,0.000826878,33548.0,6496.0,32656.0,0.01677607,1.9189570156212603
2026-09-18T18:52:56.653415+00:00,144.88027431999944,75,1,reverse,34,0.12,0.1199951171875,0.0,0.46566128730773926,dc,out1,0.0,4,146.5445139429994,146.6875932639996,1.6642396229999576,0.1199951171875,0.1417236328125,-0.009033203125,4188452.0,0.7299298,0.6049152,0.039100103940963825,0.3510070308034788,0.935556116007122,0.8700774,0.0008238276,33566.0,6480.0,32576.0,0.01667297,1.9297295626019697
2026-09-18T18:52:58.494020+00:00,146.7208784589984,76,1,reverse,35,0.1,0.0999755859375,0.0,0.46566128730773926,dc,out1,0.0,0,147.79818415499903,147.9413533019997,1.0773056960006215,0.0999755859375,0.1427001953125,-0.009033203125,4189691.0,0.7424509,0.5666886,0.03634045486314816,0.4220413163995791,0.9058479445205193,0.8683538,0.000820767,33714.0,6608.0,32464.0,0.01674172,2.006799870414196
2026-09-18T18:52:58.494020+00:00,146.7208784589984,76,1,reverse,35,0.1,0.0999755859375,0.0,0.46566128730773926,dc,out1,0.0,1,147.9415130109992,148.08432906599955,1.2206345520007744,0.0999755859375,0.1427001953125,-0.009033203125,4189842.0,0.7386029,0.5656967,0.03975523731346727,0.42353747027338423,0.9050058189760838,0.8621486,0.0008230286,33732.0,6672.0,32464.0,0.01673525,2.008513056017964
2026-09-18T18:52:58.494020+00:00,146.7208784589984,76,1,reverse,35,0.1,0.0999755859375,0.0,0.46566128730773926,dc,out1,0.0,2,148.08447527999851,148.22736503399938,1.363596821000101,0.0999755859375,0.1427001953125,-0.009033203125,4189976.0,0.7337851,0.5617835,0.04456286279874974,0.43016695271637817,0.9016487919638583,0.8618554,0.0008207905,33748.0,6624.0,32320.0,0.01682058,2.015947929057984
2026-09-18T18:52:58.494020+00:00,146.7208784589984,76,1,reverse,35,0.1,0.0999755859375,0.0,0.46566128730773926,dc,out1,0.0,3,148.22752523399868,148.37068423899836,1.506646775000263,0.0999755859375,0.1427001953125,-0.009033203125,4190127.0,0.7511068,0.5613616,0.02968878604472957,0.4322112121250556,0.9012835536592135,0.8496028,0.0008306283,33766.0,6672.0,32288.0,0.01677118,2.0179511200239135
2026-09-18T18:52:58.494020+00:00,146.7208784589984,76,1,reverse,35,0.1,0.0999755859375,0.0,0.46566128730773926,dc,out1,0.0,4,148.370867231999,148.5142602959986,1.6499887730005867,0.0999755859375,0.1427001953125,-0.009033203125,4190278.0,0.7466708,0.559772,0.03374368928875184,0.4347853889387354,0.8999016774062468,0.859022,0.0008254612,33784.0,6608.0,32384.0,0.01672742,2.020871399401914
2026-09-18T18:53:00.315236+00:00,148.54209419699873,77,1,reverse,36,0.08,0.0799560546875,0.0,0.46566128730773926,dc,out1,0.0,0,149.630385253,149.7732271119985,1.0882910560012533,0.0799560546875,0.1434326171875,-0.0091552734375,4191535.0,0.7464935,0.5386908,0.036816127779350824,0.4722030220030495,0.880720658748574,0.858242,0.0008232151,33934.0,6736.0,32048.0,0.01676322,2.0629480872201484
2026-09-18T18:53:00.315236+00:00,148.54209419699873,77,1,reverse,36,0.08,0.0799560546875,0.0,0.46566128730773926,dc,out1,0.0,1,149.77340572699904,149.91715625799952,1.231311530000312,0.0799560546875,0.1434326171875,-0.0091552734375,4191669.0,0.7480943,0.5549472,0.033151466378980365,0.44351884830611354,0.8956517244298378,0.8613512,0.0008219317,33950.0,6720.0,32464.0,0.01684502,2.030589497270623
2026-09-18T18:53:00.315236+00:00,148.54209419699873,77,1,reverse,36,0.08,0.0799560546875,0.0,0.46566128730773926,dc,out1,0.0,2,149.91742632399837,150.06219101499846,1.3753321269996377,0.0799560546875,0.1434326171875,-0.0091552734375,4191820.0,0.7452255,0.5734723,0.03300843478590865,0.40994763823950614,0.9115115891390715,0.855947,0.0008285932,33968.0,6656.0,32416.0,0.01680512,1.99343804543652
2026-09-18T18:53:00.315236+00:00,148.54209419699873,77,1,reverse,36,0.08,0.0799560546875,0.0,0.46566128730773926,dc,out1,0.0,3,150.06235852899954,150.20733851399928,1.5202643320008065,0.0799560546875,0.1434326171875,-0.0091552734375,4191971.0,0.7396132,0.6016796,0.03284823893041265,0.3577198030118378,0.9332510571825475,0.8656582,0.0008282096,33986.0,6528.0,32640.0,0.0168062,1.9368281451990284
2026-09-18T18:53:00.315236+00:00,148.54209419699873,77,1,reverse,36,0.08,0.0799560546875,0.0,0.46566128730773926,dc,out1,0.0,4,150.20749915499982,150.35144644299908,1.6654049580010906,0.0799560546875,0.1434326171875,-0.0091552734375,4192106.0,0.7283536,0.5996895,0.041317336539590424,0.36057699153876377,0.9318138820999227,0.8597882,0.0008298306,34002.0,6480.0,32576.0,0.01679607,1.9400131678767798
2026-09-18T18:53:02.152461+00:00,150.37932082799853,78,1,reverse,37,0.06,0.0599365234375,0.0,0.46566128730773926,dc,out1,0.0,0,151.45732475899968,151.60120051000013,1.0780039310011489,0.0599365234375,0.144775390625,-0.0091552734375,4193362.0,0.7713571,0.4275686,0.018422682364931994,0.6558562853814546,0.7546609422118788,0.857722,0.0008154483,34152.0,7360.0,31008.0,0.01678862,2.286260196418247
2026-09-18T18:53:02.152461+00:00,150.37932082799853,78,1,reverse,37,0.06,0.0599365234375,0.0,0.46566128730773926,dc,out1,0.0,1,151.6013600089991,151.7462014399989,1.2220391810005822,0.0599365234375,0.144775390625,-0.0091552734375,4193496.0,0.7743331,0.4024525,0.01533890280143007,0.6930099779460437,0.7207647941791222,0.859994,0.0008110433,34168.0,7664.0,31344.0,0.01670773,2.336565301725782
2026-09-18T18:53:02.152461+00:00,150.37932082799853,78,1,reverse,37,0.06,0.0599365234375,0.0,0.46566128730773926,dc,out1,0.0,2,151.74635467699954,151.89013151299878,1.367033849001018,0.0599365234375,0.144775390625,-0.0091552734375,4193645.0,0.769717,0.412984,0.02125533055707131,0.6775122699353457,0.7352042811422992,0.8693636,0.000807808,34186.0,7472.0,31040.0,0.01648652,2.3153795284232763
2026-09-18T18:53:02.152461+00:00,150.37932082799853,78,1,reverse,37,0.06,0.0599365234375,0.0,0.46566128730773926,dc,out1,0.0,3,151.89027286799865,152.03329819600003,1.5109520400001202,0.0599365234375,0.144775390625,-0.0091552734375,4193792.0,0.7667946,0.4274326,0.024414155692675684,0.6558659772381262,0.7544824510240722,0.8663176,0.0008100433,34204.0,7296.0,31312.0,0.0163656,2.2863846332546736
2026-09-18T18:53:02.152461+00:00,150.37932082799853,78,1,reverse,37,0.06,0.0599365234375,0.0,0.46566128730773926,dc,out1,0.0,4,152.03344468999967,152.1772159559987,1.6541238620011427,0.0599365234375,0.144775390625,-0.0091552734375,4193939.0,0.7708553,0.4426494,0.01841036259363743,0.6327904691581393,0.7741041794821887,0.8717262,0.0008134833,34222.0,7312.0,31424.0,0.01632407,2.2560865456606294
2026-09-18T18:53:03.978651+00:00,152.20550993699908,79,1,reverse,38,0.04,0.0399169921875,0.0,0.46566128730773926,dc,out1,0.0,0,153.2899042379995,153.43329853299838,1.0843943010004296,0.0399169921875,0.1461181640625,-0.0091552734375,4195185.0,0.783255,0.3469396,0.0032951934886023067,0.7687639010818863,0.6395242028987116,0.8690442,0.00080704,34372.0,8288.0,30608.0,0.01664353,2.4477089371501366
2026-09-18T18:53:03.978651+00:00,152.20550993699908,79,1,reverse,38,0.04,0.0399169921875,0.0,0.46566128730773926,dc,out1,0.0,1,153.43345474499984,153.57740530199953,1.227944808000757,0.0399169921875,0.1461181640625,-0.0091552734375,4195336.0,0.7814005,0.3496363,0.006118843065500946,0.7652861276404894,0.6436611706484743,0.860491,0.000809392,34390.0,8208.0,30272.0,0.0167041,2.4423043085670244
2026-09-18T18:53:03.978651+00:00,152.20550993699908,79,1,reverse,38,0.04,0.0399169921875,0.0,0.46566128730773926,dc,out1,0.0,2,153.57754487300008,153.72220026099967,1.3720349360010005,0.0399169921875,0.1461181640625,-0.0091552734375,4195486.0,0.7815617,0.3560483,0.005808299296079737,0.7569712920934284,0.6534223187232685,0.8468316,0.0008122487,34408.0,8016.0,30032.0,0.01674153,2.4294814928491193
2026-09-18T18:53:03.978651+00:00,152.20550993699908,79,1,reverse,38,0.04,0.0399169921875,0.0,0.46566128730773926,dc,out1,0.0,3,153.72233995199895,153.8654336339987,1.5168300149998686,0.0399169921875,0.1461181640625,-0.0091552734375,4195620.0,0.7742907,0.3476542,0.017056465630934842,0.7676667085412237,0.6406222768353163,0.858595,0.0008060189,34424.0,8208.0,30192.0,0.01672765,2.4461628624427187
2026-09-18T18:53:03.978651+00:00,152.20550993699908,79,1,reverse,38,0.04,0.0399169921875,0.0,0.46566128730773926,dc,out1,0.0,4,153.8655927619984,154.00925502899918,1.6600828249993356,0.0399169921875,0.1461181640625,-0.0091552734375,4195770.0,0.765135,0.3393446,0.031536907442494384,0.7777571474144999,0.627773241795653,0.8588204,0.0007960903,34442.0,8208.0,30032.0,0.01665092,2.46250202834157
2026-09-18T18:53:05.810965+00:00,154.03782502600006,80,1,reverse,39,0.02,0.0198974609375,0.0,0.46566128730773926,dc,out1,0.0,0,155.11619034999967,155.25843703200007,1.0783653239996056,0.0198974609375,0.1488037109375,-0.0091552734375,4197022.0,0.7804333,0.2152102,0.00902389225980616,0.908745614110638,0.4172528947810462,0.8623656,0.0007932401,34592.0,9744.0,28256.0,0.01670655,2.711153558747093
2026-09-18T18:53:05.810965+00:00,154.03782502600006,80,1,reverse,39,0.02,0.0198974609375,0.0,0.46566128730773926,dc,out1,0.0,1,155.25858948799942,155.4023488619987,1.2207644619993516,0.0198974609375,0.1488037109375,-0.0091552734375,4197155.0,0.7871529,0.2063864,-0.003214713092321884,0.9160063937050326,0.4011507850063798,0.8580954,0.0007958462,34608.0,9616.0,28352.0,0.0166872,2.728817590694337
2026-09-18T18:53:05.810965+00:00,154.03782502600006,80,1,reverse,39,0.02,0.0198974609375,0.0,0.46566128730773926,dc,out1,0.0,2,155.40252974099894,155.5463426949991,1.3647047149988794,0.0198974609375,0.1488037109375,-0.0091552734375,4197305.0,0.7786432,0.2038009,0.01240273698567147,0.9179903481357463,0.39640874466247045,0.869152,0.0007892708,34626.0,9712.0,28400.0,0.01672537,2.7339576393916576
2026-09-18T18:53:05.810965+00:00,154.03782502600006,80,1,reverse,39,0.02,0.0198974609375,0.0,0.46566128730773926,dc,out1,0.0,3,155.5464944790001,155.6895206199988,1.5086694530000386,0.0198974609375,0.1488037109375,-0.0091552734375,4197439.0,0.7914869,0.2244265,-0.010970967501492929,0.900878615235936,0.43393243538904036,0.8455758,0.0008021606,34642.0,9616.0,28528.0,0.01665827,2.6927106650904182
2026-09-18T18:53:05.810965+00:00,154.03782502600006,80,1,reverse,39,0.02,0.0198974609375,0.0,0.46566128730773926,dc,out1,0.0,4,155.6897552999999,155.83346709399848,1.6519302739998238,0.0198974609375,0.1488037109375,-0.0091552734375,4197589.0,0.7853012,0.2289267,0.00017395299548298633,0.8970033944774158,0.4420236193195437,0.8648462,0.0007956511,34660.0,9552.0,28704.0,0.01664185,2.6837392461341483
2026-09-18T18:53:07.641150+00:00,155.8680093999992,81,1,reverse,40,0.0,0.0,0.0,0.46566128730773926,dc,out1,0.0,0,156.96014815599847,157.10354453799846,1.0921387559992581,0.0,0.1505126953125,-0.0091552734375,4198855.0,0.7912262,0.137025,-0.01122084631884777,0.9626173366417294,0.2706325106203465,0.8580288,0.0007908861,34812.0,10704.0,27424.0,0.0166977,2.8675249541259533
2026-09-18T18:53:07.641150+00:00,155.8680093999992,81,1,reverse,40,0.0,0.0,0.0,0.46566128730773926,dc,out1,0.0,1,157.10371707099875,157.24624458499966,1.2357076709995454,0.0,0.1505126953125,-0.0091552734375,4199005.0,0.7914073,0.1368085,-0.011570912803856788,0.9627302944798483,0.2702156436397237,0.8447878,0.0007903844,34830.0,11056.0,26944.0,0.016612,2.8679568636889594
2026-09-18T18:53:07.641150+00:00,155.8680093999992,81,1,reverse,40,0.0,0.0,0.0,0.46566128730773926,dc,out1,0.0,2,157.246370810999,157.39035897899885,1.378361410999787,0.0,0.1505126953125,-0.0091552734375,4199155.0,0.7774219,0.1182949,0.015507478526862654,0.972019244356406,0.2343887939099063,0.8596136,0.0007790213,34848.0,11008.0,26688.0,0.01664128,2.9049738575320214
2026-09-18T18:53:07.641150+00:00,155.8680093999992,81,1,reverse,40,0.0,0.0,0.0,0.46566128730773926,dc,out1,0.0,3,157.39049667699874,157.5342687609991,1.5224872769995272,0.0,0.1505126953125,-0.0091552734375,4199288.0,0.7719594,0.09256512,0.026415070630798763,0.9825572778411941,0.18407454958486874,0.8696834,0.0007692415,34864.0,11328.0,26320.0,0.01670003,2.9563970429786397
2026-09-18T18:53:07.641150+00:00,155.8680093999992,81,1,reverse,40,0.0,0.0,0.0,0.46566128730773926,dc,out1,0.0,4,157.53441648699845,157.67742476999956,1.666407086999243,0.0,0.1505126953125,-0.0091552734375,4199438.0,0.7818439,0.06285662,0.007052370403405452,0.9920834257714163,0.1253823766776806,0.8555864,0.0007772003,34882.0,12080.0,26064.0,0.01668713,3.0158762706660043
2026-09-18T18:53:09.479543+00:00,157.70640159699906,82,2,forward,0,0.0,0.0,0.0,0.46566128730773926,dc,out1,0.0,0,158.7888910139991,158.93142579699997,1.0824894170000334,0.0,0.15087890625,-0.0091552734375,4200696.0,0.7753713,0.1155548,0.01951924664234808,0.9732171084233182,0.22905776320105498,0.851706,0.000775162,35032.0,11424.0,26512.0,0.01671435,2.9104382130874358
2026-09-18T18:53:09.479543+00:00,157.70640159699906,82,2,forward,0,0.0,0.0,0.0,0.46566128730773926,dc,out1,0.0,1,158.9315664099995,159.07528872799958,1.2251648130004469,0.0,0.15087890625,-0.0091552734375,4200829.0,0.787417,0.1156424,-0.003930150133845749,0.9733647516011743,0.2292283016128457,0.8507342,0.0007839201,35048.0,11072.0,26848.0,0.01672835,2.910306034800069
2026-09-18T18:53:09.479543+00:00,157.70640159699906,82,2,forward,0,0.0,0.0,0.0,0.46566128730773926,dc,out1,0.0,2,159.07546415699835,159.21849393699995,1.3690625599992927,0.0,0.15087890625,-0.0091552734375,4200980.0,0.7816902,0.1089634,0.007240457336323026,0.9763209379071653,0.21620592494571933,0.8684868,0.0007796515,35066.0,11248.0,26640.0,0.01667338,2.923660048854726
2026-09-18T18:53:09.479543+00:00,157.70640159699906,82,2,forward,0,0.0,0.0,0.0,0.46566128730773926,dc,out1,0.0,3,159.21863466099967,159.36235388099885,1.5122330640006112,0.0,0.15087890625,-0.0091552734375,4201113.0,0.7842582,0.133496,0.002199144491493238,0.9645663562451314,0.26383121150367284,0.8399372,0.0007870901,35082.0,10992.0,26832.0,0.01667362,2.874599992177775
2026-09-18T18:53:09.479543+00:00,157.70640159699906,82,2,forward,0,0.0,0.0,0.0,0.46566128730773926,dc,out1,0.0,4,159.362479636,159.5056570609995,1.6560780390009313,0.0,0.15087890625,-0.0091552734375,4201263.0,0.7786485,0.1291795,0.013050895118626563,0.9667224554576832,0.25549436050619617,0.8480736,0.0007807978,35100.0,11056.0,26864.0,0.01672057,2.883211145050217
2026-09-18T18:53:11.312751+00:00,159.53960841699882,83,2,forward,1,0.02,0.0198974609375,0.0,0.46566128730773926,dc,out1,0.0,0,160.6271166739989,160.7713960609999,1.0875082570000814,0.0198974609375,0.1490478515625,-0.0091552734375,4202531.0,0.786972,0.1841345,-0.002936622863152733,0.9329472830435014,0.3600010323706149,0.8414654,0.0007948861,35252.0,10192.0,27648.0,0.0167351,2.773321989741236
2026-09-18T18:53:11.312751+00:00,159.53960841699882,83,2,forward,1,0.02,0.0198974609375,0.0,0.46566128730773926,dc,out1,0.0,1,160.77157742099917,160.91528610899877,1.231969004000348,0.0198974609375,0.1490478515625,-0.0091552734375,4202665.0,0.796208,0.1600142,-0.020520367722966434,0.9490046535466496,0.31459351877512925,0.8454306,0.0007979839,35268.0,10752.0,27568.0,0.01667737,2.8214944524662484
2026-09-18T18:53:11.312751+00:00,159.53960841699882,83,2,forward,1,0.02,0.0198974609375,0.0,0.46566128730773926,dc,out1,0.0,2,160.91544099899875,161.05883751199872,1.37583258199993,0.0198974609375,0.1490478515625,-0.0091552734375,4202815.0,0.7886934,0.1514423,-0.006290429710606837,0.9544593295552825,0.29827473697739926,0.8592282,0.0007898151,35286.0,10640.0,27152.0,0.01663622,2.8387018706708527
2026-09-18T18:53:11.312751+00:00,159.53960841699882,83,2,forward,1,0.02,0.0198974609375,0.0,0.46566128730773926,dc,out1,0.0,3,161.05902975199933,161.20244132299922,1.5194213350005157,0.0198974609375,0.1490478515625,-0.0091552734375,4202965.0,0.7792205,0.1460479,0.011831684672822687,0.9575693796991649,0.28795988314409254,0.8680646,0.0007815507,35304.0,10384.0,27440.0,0.01672037,2.849475804237261
2026-09-18T18:53:11.312751+00:00,159.53960841699882,83,2,forward,1,0.02,0.0198974609375,0.0,0.46566128730773926,dc,out1,0.0,4,161.20259220599837,161.34616164,1.6629837889995542,0.0198974609375,0.1490478515625,-0.0091552734375,4203098.0,0.7883557,0.1523634,-0.005642526709836016,0.9539122690375129,0.30003257301838476,0.8338142,0.0007899879,35320.0,10816.0,26992.0,0.01666862,2.8368608465581264
2026-09-18T18:53:13.155694+00:00,161.38255284599836,84,2,forward,2,0.04,0.0399169921875,0.0,0.46566128730773926,dc,out1,0.0,0,162.46116152899958,162.60342170900003,1.078608683001221,0.0399169921875,0.1484375,-0.0091552734375,4204366.0,0.7756207,0.2176859,0.017729582189012213,0.9065399433698761,0.42174754651372304,0.848463,0.0007892699,35472.0,9408.0,28304.0,0.01670492,2.7061477296852123
2026-09-18T18:53:13.155694+00:00,161.38255284599836,84,2,forward,2,0.04,0.0399169921875,0.0,0.46566128730773926,dc,out1,0.0,1,162.6036260009987,162.74761232499986,1.2210731550003402,0.0399169921875,0.1484375,-0.0091552734375,4204499.0,0.7924097,0.2190181,-0.01269868787060073,0.905497339238356,0.42416189357204503,0.842509,0.0008002653,35488.0,9392.0,27952.0,0.01668838,2.703518683689394
2026-09-18T18:53:13.155694+00:00,161.38255284599836,84,2,forward,2,0.04,0.0399169921875,0.0,0.46566128730773926,dc,out1,0.0,2,162.7477496219999,162.89249905499855,1.3651967760015395,0.0399169921875,0.1484375,-0.0091552734375,4204649.0,0.8000499,0.2131655,-0.02667667551104717,0.910098239580872,0.41353300871330206,0.8482798,0.0008026245,35506.0,9808.0,28656.0,0.01673225,2.715099951118458
2026-09-18T18:53:13.155694+00:00,161.38255284599836,84,2,forward,2,0.04,0.0399169921875,0.0,0.46566128730773926,dc,out1,0.0,3,162.8926791319991,163.0363383119984,1.510126286000741,0.0399169921875,0.1484375,-0.0091552734375,4204800.0,0.7995602,0.2283739,-0.025417217943904863,0.897131580694156,0.44103162239594235,0.8405366,0.0008051116,35524.0,9664.0,28976.0,0.01673088,2.684686038112901
2026-09-18T18:53:13.155694+00:00,161.38255284599836,84,2,forward,2,0.04,0.0399169921875,0.0,0.46566128730773926,dc,out1,0.0,4,163.03648614899976,163.18044401899897,1.653933303001395,0.0399169921875,0.1484375,-0.0091552734375,4204933.0,0.7840799,0.2241551,0.0023759846294086097,0.9011776890081966,0.43344333831642484,0.8356969,0.0007965482,35540.0,9648.0,28208.0,0.01668542,2.6932810959654065
2026-09-18T18:53:14.990947+00:00,163.21780694500012,85,2,forward,3,0.06,0.0599365234375,0.0,0.46566128730773926,dc,out1,0.0,0,164.30457246699916,164.44817235199844,1.086765521999041,0.0599365234375,0.1455078125,-0.0091552734375,4206199.0,0.7873451,0.3819889,-0.002811719375816124,0.7220844175033728,0.6917992398326023,0.8649992,0.00081473,35692.0,7792.0,30992.0,0.01664433,2.377611066495404
2026-09-18T18:53:14.990947+00:00,163.21780694500012,85,2,forward,3,0.06,0.0599365234375,0.0,0.46566128730773926,dc,out1,0.0,1,164.4483158309995,164.5926785039992,1.2305088859993702,0.0599365234375,0.1455078125,-0.0091552734375,4206348.0,0.7723813,0.3912875,0.018458436667874823,0.7088599540899236,0.705107687948025,0.856469,0.0008105011,35710.0,7824.0,30832.0,0.01660857,2.3588481982563136
2026-09-18T18:53:14.990947+00:00,163.21780694500012,85,2,forward,3,0.06,0.0599365234375,0.0,0.46566128730773926,dc,out1,0.0,2,164.5928880169995,164.7352828439998,1.3750810719993751,0.0599365234375,0.1455078125,-0.0091552734375,4206498.0,0.7710507,0.3802855,0.020784972373147494,0.724144286359713,0.6893352141418786,0.8627044,0.0008086819,35728.0,7664.0,30784.0,0.01668527,2.3808160272821364
2026-09-18T18:53:14.990947+00:00,163.21780694500012,85,2,forward,3,0.06,0.0599365234375,0.0,0.46566128730773926,dc,out1,0.0,3,164.7354207929984,164.87839519599947,1.517613847998291,0.0599365234375,0.1455078125,-0.0091552734375,4206632.0,0.7833372,0.3860906,0.0029529010536387245,0.7163844670256239,0.6976994881607556,0.8528616,0.0008154473,35744.0,7824.0,31040.0,0.0166443,2.369407207491081
2026-09-18T18:53:14.990947+00:00,163.21780694500012,85,2,forward,3,0.06,0.0599365234375,0.0,0.46566128730773926,dc,out1,0.0,4,164.8785681699992,165.02136458899986,1.660761224999078,0.0599365234375,0.1455078125,-0.0091552734375,4206781.0,0.781092,0.3551837,0.006529116638114289,0.7580942254686656,0.6521123491753471,0.8728256,0.0008085858,35762.0,7744.0,30800.0,0.01654035,2.4312069186580207
2026-09-18T18:53:16.822709+00:00,165.0495672629986,86,2,forward,4,0.08,0.0799560546875,0.0,0.46566128730773926,dc,out1,0.0,0,166.13231606999943,166.27529149199836,1.0827488070008258,0.0799560546875,0.14501953125,-0.0091552734375,4208027.0,0.7723409,0.4174597,0.01752705551629581,0.6710085605911583,0.7412424123984747,0.8547728,0.0008153183,35912.0,7440.0,31040.0,0.01659775,2.3065035805698315
2026-09-18T18:53:16.822709+00:00,165.0495672629986,86,2,forward,4,0.08,0.0799560546875,0.0,0.46566128730773926,dc,out1,0.0,1,166.27544422799838,166.41846164699928,1.2258769649997703,0.0799560546875,0.14501953125,-0.0091552734375,4208176.0,0.7755828,0.4069079,0.013480136992826451,0.6865973683100025,0.7269128831823203,0.8663696,0.0008129245,35930.0,7440.0,31344.0,0.01657932,2.3276806621411756
2026-09-18T18:53:16.822709+00:00,165.0495672629986,86,2,forward,4,0.08,0.0799560546875,0.0,0.46566128730773926,dc,out1,0.0,2,166.41865816599966,166.56149556699893,1.3690909030010516,0.0799560546875,0.14501953125,-0.0091552734375,4208326.0,0.7654706,0.4115632,0.027091603450172155,0.6793920814296536,0.7332751493901737,0.8543152,0.000809068,35948.0,7504.0,30912.0,0.01666318,2.3180701827991546
2026-09-18T18:53:16.822709+00:00,165.0495672629986,86,2,forward,4,0.08,0.0799560546875,0.0,0.46566128730773926,dc,out1,0.0,3,166.56171144199834,166.70532321399878,1.5121441789997334,0.0799560546875,0.14501953125,-0.0091552734375,4208459.0,0.7775715,0.4047855,0.010797366138390488,0.6897245796160989,0.7239913129022124,0.856353,0.0008137436,35964.0,7680.0,30928.0,0.01667642,2.3319604661861053
2026-09-18T18:53:16.822709+00:00,165.0495672629986,86,2,forward,4,0.08,0.0799560546875,0.0,0.46566128730773926,dc,out1,0.0,4,166.70553273699988,166.84830083899942,1.6559654740012775,0.0799560546875,0.14501953125,-0.0091552734375,4208609.0,0.7813725,0.4053046,0.005547763706801392,0.6890347357375501,0.7247070823891111,0.8600668,0.0008165074,35982.0,7520.0,31104.0,0.01666207,2.3309672680588993
2026-09-18T18:53:18.649503+00:00,166.87636044399915,87,2,forward,5,0.1,0.0999755859375,0.0,0.46566128730773926,dc,out1,0.0,0,167.97147281099933,168.11527729199952,1.0951123670001834,0.0999755859375,0.1444091796875,-0.0091552734375,4209875.0,0.7772314,0.4452617,0.010273416820178276,0.6289213185968874,0.777401075328039,0.864149,0.0008178827,36134.0,7184.0,31504.0,0.01655962,2.2510040243082714
2026-09-18T18:53:18.649503+00:00,166.87636044399915,87,2,forward,5,0.1,0.0999755859375,0.0,0.46566128730773926,dc,out1,0.0,1,168.1155283219996,168.2594463759997,1.239167878000444,0.0999755859375,0.1444091796875,-0.0091552734375,4210025.0,0.7803955,0.4639474,0.005998295707789988,0.5994902188757455,0.800359605378053,0.8562192,0.0008224017,36152.0,7264.0,31616.0,0.01669535,2.2136738362030153
2026-09-18T18:53:18.649503+00:00,166.87636044399915,87,2,forward,5,0.1,0.0999755859375,0.0,0.46566128730773926,dc,out1,0.0,2,168.25967410199883,168.40315690899843,1.383313657999679,0.0999755859375,0.1444091796875,-0.0091552734375,4210158.0,0.7641542,0.4755599,0.0246683688169973,0.5802477294959923,0.814066363384862,0.8577082,0.0008199078,36168.0,7120.0,31536.0,0.01669828,2.190046044832632
2026-09-18T18:53:18.649503+00:00,166.87636044399915,87,2,forward,5,0.1,0.0999755859375,0.0,0.46566128730773926,dc,out1,0.0,3,168.40331745899857,168.54654677100007,1.5269570149994252,0.0999755859375,0.1444091796875,-0.0091552734375,4210308.0,0.7655515,0.4790272,0.022822143041856247,0.5746597158226362,0.8180741780533255,0.86728,0.0008173419,36186.0,6912.0,31888.0,0.01659927,2.183167567081886
2026-09-18T18:53:18.649503+00:00,166.87636044399915,87,2,forward,5,0.1,0.0999755859375,0.0,0.46566128730773926,dc,out1,0.0,4,168.54668370799845,168.68936495199887,1.6703232639993075,0.0999755859375,0.1444091796875,-0.0091552734375,4210442.0,0.758817,0.4918681,0.029433581819340138,0.5531331987569893,0.8325727167606113,0.8591746,0.0008169452,36202.0,7008.0,31744.0,0.01670933,2.1572046303931134
2026-09-18T18:53:20.490406+00:00,168.71726405599838,88,2,forward,6,0.12,0.1199951171875,0.0,0.46566128730773926,dc,out1,0.0,0,169.7980957889995,169.9424719669987,1.080831733001105,0.1199951171875,0.142578125,-0.009033203125,4211692.0,0.7494897,0.5702372,0.029933646640874178,0.4160880677738492,0.9088315006947129,0.8618706,0.0008276494,36352.0,6544.0,32352.0,0.01669503,2.0001405183595597
2026-09-18T18:53:20.490406+00:00,168.71726405599838,88,2,forward,6,0.12,0.1199951171875,0.0,0.46566128730773926,dc,out1,0.0,1,169.94265132299915,170.085290817,1.2253872670007695,0.1199951171875,0.142578125,-0.009033203125,4211843.0,0.7472137,0.5641147,0.03267401212639841,0.4270122441727409,0.9036553282408749,0.8629268,0.0008245314,36370.0,6576.0,32368.0,0.016697,2.0122346662904214
2026-09-18T18:53:20.490406+00:00,168.71726405599838,88,2,forward,6,0.12,0.1199951171875,0.0,0.46566128730773926,dc,out1,0.0,2,170.08544276199973,170.22850017899873,1.3681787060013448,0.1199951171875,0.142578125,-0.009033203125,4211993.0,0.745022,0.566051,0.03426291398132522,0.423373635068532,0.9053070296061805,0.8644864,0.0008234672,36388.0,6592.0,32400.0,0.01663538,2.008236829784323
2026-09-18T18:53:20.490406+00:00,168.71726405599838,88,2,forward,6,0.12,0.1199951171875,0.0,0.46566128730773926,dc,out1,0.0,3,170.2287125369985,170.37131076199876,1.5114484810001159,0.1199951171875,0.142578125,-0.009033203125,4212127.0,0.7453612,0.5800264,0.031938651608306765,0.3980117113331827,0.9168241926209596,0.8694078,0.0008225803,36404.0,6544.0,32640.0,0.01662157,1.9803662602631216
2026-09-18T18:53:20.490406+00:00,168.71726405599838,88,2,forward,6,0.12,0.1199951171875,0.0,0.46566128730773926,dc,out1,0.0,4,170.37146670399852,170.51437380700008,1.6542026480001368,0.1199951171875,0.142578125,-0.009033203125,4212277.0,0.7389901,0.5873919,0.03575174525040867,0.3840821887374841,0.9226064626947794,0.8695638,0.0008234469,36422.0,6544.0,32528.0,0.01662283,1.965276012881197
2026-09-18T18:53:22.315656+00:00,170.54251290899992,89,2,forward,7,0.14,0.139892578125,0.0,0.46566128730773926,dc,out1,0.0,0,171.62930198100003,171.7731208309997,1.0867890720001014,0.139892578125,0.141845703125,-0.0091552734375,4213523.0,0.7150057,0.6418609,0.0397313738988966,0.28034627076367014,0.9590763193807931,0.8599602,0.0008340694,36572.0,6352.0,32704.0,0.01657433,1.8551819536081338
2026-09-18T18:53:22.315656+00:00,170.54251290899992,89,2,forward,7,0.14,0.139892578125,0.0,0.46566128730773926,dc,out1,0.0,1,171.77327767499992,171.9181274349994,1.230764765999993,0.139892578125,0.141845703125,-0.0091552734375,4213673.0,0.7028641,0.6368314,0.04810956297123822,0.28880083159863507,0.9561796638805142,0.8665124,0.0008268715,36590.0,6368.0,32624.0,0.0166101,1.8641201072666418
2026-09-18T18:53:22.315656+00:00,170.54251290899992,89,2,forward,7,0.14,0.139892578125,0.0,0.46566128730773926,dc,out1,0.0,2,171.91828093299955,172.06230509599845,1.3757680239996262,0.139892578125,0.141845703125,-0.0091552734375,4213822.0,0.6878182,0.6541273,0.0503301144015755,0.25460915987393795,0.9657334286916922,0.8639134,0.0008314682,36608.0,6352.0,32624.0,0.01660863,1.828573966044059
2026-09-18T18:53:22.315656+00:00,170.54251290899992,89,2,forward,7,0.14,0.139892578125,0.0,0.46566128730773926,dc,out1,0.0,3,172.06247509499917,172.20523298599983,1.5199621859992476,0.139892578125,0.141845703125,-0.0091552734375,4213955.0,0.6725449,0.6709101,0.05079710506506184,0.22122341297178963,0.973899304687154,0.8685158,0.0008274276,36624.0,6352.0,32864.0,0.01663882,1.7941583597969106
2026-09-18T18:53:22.315656+00:00,170.54251290899992,89,2,forward,7,0.14,0.139892578125,0.0,0.46566128730773926,dc,out1,0.0,4,172.20537607499864,172.3491654169993,1.662863165998715,0.139892578125,0.141845703125,-0.0091552734375,4214105.0,0.6606174,0.677863,0.052709323625356644,0.20680467607976039,0.9769613877500496,0.864629,0.0008300256,36642.0,6336.0,32768.0,0.01661265,1.7793984766568383
2026-09-18T18:53:24.150546+00:00,172.37740440499874,90,2,forward,8,0.16,0.159912109375,0.0,0.46566128730773926,dc,out1,0.0,0,173.45729518400003,173.60155617700002,1.079890779001289,0.159912109375,0.1412353515625,-0.0091552734375,4215352.0,0.447177,0.7366318,0.060960943838583595,0.07593596618143347,0.9952474528309034,0.8679002,0.0008327262,36792.0,6288.0,32944.0,0.01662137,1.646947363866527
2026-09-18T18:53:24.150546+00:00,172.37740440499874,90,2,forward,8,0.16,0.159912109375,0.0,0.46566128730773926,dc,out1,0.0,1,173.6017138619991,173.74421470800007,1.224309457000345,0.159912109375,0.1412353515625,-0.0091552734375,4215501.0,0.4327007,0.7383852,0.060870473887042316,0.07148172718221019,0.995582818296808,0.8645404,0.0008354081,36810.0,6288.0,32960.0,0.0167633,1.6424722065847595
2026-09-18T18:53:24.150546+00:00,172.37740440499874,90,2,forward,8,0.16,0.159912109375,0.0,0.46566128730773926,dc,out1,0.0,2,173.7443590389994,173.88922924299914,1.366954634000649,0.159912109375,0.1412353515625,-0.0091552734375,4215653.0,0.3724452,0.7428,0.06255737732583408,0.057684002144536534,0.9963729876099122,0.8659806,0.0008330636,36828.0,6288.0,32976.0,0.01690592,1.628625759555213
2026-09-18T18:53:24.150546+00:00,172.37740440499874,90,2,forward,8,0.16,0.159912109375,0.0,0.46566128730773926,dc,out1,0.0,3,173.88943495799867,174.03419511599895,1.5120305529999314,0.159912109375,0.1412353515625,-0.0091552734375,4215788.0,0.4082469,0.7418249,0.05960074003227022,0.06342761869895716,0.9962051440209418,0.8706056,0.0008340382,36844.0,6288.0,32960.0,0.01689348,1.6343797362134755
2026-09-18T18:53:24.150546+00:00,172.37740440499874,90,2,forward,8,0.16,0.159912109375,0.0,0.46566128730773926,dc,out1,0.0,4,174.03432668200003,174.177336671999,1.6569222770012857,0.159912109375,0.1412353515625,-0.0091552734375,4215940.0,0.3123753,0.7453476,0.06490129109663967,0.04680066411576103,0.9967936196888064,0.8671088,0.000830557,36862.0,6288.0,32944.0,0.01685217,1.6177130799018031
2026-09-18T18:53:25.978287+00:00,174.2051468869995,91,2,forward,9,0.18,0.179931640625,0.0,0.46566128730773926,dc,out1,0.0,0,175.291730171999,175.43454224599918,1.0865832849995058,0.179931640625,0.1409912109375,-0.0091552734375,4217186.0,-0.5583304,0.6863089,0.08637010958988785,-0.17692780878370884,0.9804268226891929,0.8769192,0.0008297686,37010.0,6336.0,33024.0,0.01674073,1.3922578760381132
2026-09-18T18:53:25.978287+00:00,174.2051468869995,91,2,forward,9,0.18,0.179931640625,0.0,0.46566128730773926,dc,out1,0.0,1,175.43476648599972,175.57729692299836,1.2296195990002161,0.179931640625,0.1409912109375,-0.0091552734375,4217337.0,-0.5680583,0.6918634,0.07832003308974843,-0.16868510129924905,0.9825534636936979,0.8683256,0.0008362141,37028.0,6352.0,33008.0,0.01679355,1.4007734934835687
2026-09-18T18:53:25.978287+00:00,174.2051468869995,91,2,forward,9,0.18,0.179931640625,0.0,0.46566128730773926,dc,out1,0.0,2,175.57747551699867,175.72045883200008,1.3723286299991742,0.179931640625,0.1409912109375,-0.0091552734375,4217471.0,-0.529549,0.7049967,0.078399666726062,-0.13960289750424032,0.9870990443038951,0.870622,0.0008301728,37044.0,6336.0,33008.0,0.0168511,1.4303006539764274
2026-09-18T18:53:25.978287+00:00,174.2051468869995,91,2,forward,9,0.18,0.179931640625,0.0,0.46566128730773926,dc,out1,0.0,3,175.72064970999963,175.8633083269997,1.5155028230001335,0.179931640625,0.1409912109375,-0.0091552734375,4217623.0,-0.3920228,0.7332808,0.07367113155905847,-0.07347211087379724,0.9945724776498475,0.8702284,0.0008319128,37062.0,6304.0,32992.0,0.01674988,1.4970572106718847
2026-09-18T18:53:25.978287+00:00,174.2051468869995,91,2,forward,9,0.18,0.179931640625,0.0,0.46566128730773926,dc,out1,0.0,4,175.86348782299865,176.00632697799847,1.6583409359991492,0.179931640625,0.1409912109375,-0.0091552734375,4217758.0,-0.2928806,0.7392767,0.0767562895152666,-0.05092272519043075,0.9957486369958175,0.8731106,0.0008322714,37078.0,6288.0,33008.0,0.01688278,1.5197006989831634
2026-09-18T18:53:27.807258+00:00,176.03411590199903,92,2,forward,10,0.2,0.199951171875,0.0,0.46566128730773926,dc,out1,0.0,0,177.11485058199833,177.25726750299873,1.0807346799992956,0.199951171875,0.1409912109375,-0.009033203125,4219008.0,-0.550059,0.6931145,0.08322521625414665,-0.16356528918250005,0.9830157473581467,0.8692754,0.0008356951,37226.0,6352.0,33008.0,0.01689382,1.4059155648168034
2026-09-18T18:53:27.807258+00:00,176.03411590199903,92,2,forward,10,0.2,0.199951171875,0.0,0.46566128730773926,dc,out1,0.0,1,177.25742393699875,177.4002983729988,1.223308034999718,0.199951171875,0.1409912109375,-0.009033203125,4219159.0,-0.5707295,0.6908439,0.07825153798407472,-0.1709223553625378,0.9821722075280125,0.8684102,0.0008342836,37244.0,6384.0,33008.0,0.01682327,1.3984970057336494
2026-09-18T18:53:27.807258+00:00,176.03411590199903,92,2,forward,10,0.2,0.199951171875,0.0,0.46566128730773926,dc,out1,0.0,2,177.40045804199872,177.54343252699982,1.3663421399996878,0.199951171875,0.1409912109375,-0.009033203125,4219294.0,-0.5829463,0.6722986,0.08834875276071388,-0.20614029153211025,0.9745258734855031,0.8710052,0.0008346209,37260.0,6384.0,32992.0,0.01682742,1.3623403532574831
2026-09-18T18:53:27.807258+00:00,176.03411590199903,92,2,forward,10,0.2,0.199951171875,0.0,0.46566128730773926,dc,out1,0.0,3,177.5436215209993,177.68647002899888,1.5095056190002651,0.199951171875,0.1409912109375,-0.009033203125,4219446.0,-0.6193919,0.6462383,0.08955062627188534,-0.259736377199371,0.9615184344013687,0.8691996,0.0008332616,37278.0,6432.0,32992.0,0.01684303,1.306961969920436
2026-09-18T18:53:27.807258+00:00,176.03411590199903,92,2,forward,10,0.2,0.199951171875,0.0,0.46566128730773926,dc,out1,0.0,4,177.6866961830001,177.83020636999936,1.6525802810010646,0.199951171875,0.1409912109375,-0.009033203125,4219580.0,-0.6254396,0.6371942,0.091857721176636,-0.27726662475746544,0.9563918537167903,0.8689126,0.0008350763,37294.0,6432.0,32960.0,0.01686832,1.2886228292823927
2026-09-18T18:53:29.631649+00:00,177.8585087349984,93,2,forward,11,0.22,0.219970703125,0.0,0.46566128730773926,dc,out1,0.0,0,178.95368467499975,179.09715761999905,1.0951759400013543,0.219970703125,0.1412353515625,-0.0091552734375,4220858.0,-0.6450954,0.6008531,0.09990992167756158,-0.3466566361345535,0.9326559838301898,0.8732588,0.0008309368,37446.0,6544.0,32928.0,0.01669602,1.2149328626949827
2026-09-18T18:53:29.631649+00:00,177.8585087349984,93,2,forward,11,0.22,0.219970703125,0.0,0.46566128730773926,dc,out1,0.0,1,179.09737092999967,179.24040512399915,1.2388621950012748,0.219970703125,0.1412353515625,-0.0091552734375,4220992.0,-0.6524378,0.6100697,0.09027492285859444,-0.3314406107723032,0.9391472514114906,0.8716902,0.0008355328,37462.0,6528.0,32960.0,0.0166928,1.2315256084153952
2026-09-18T18:53:29.631649+00:00,177.8585087349984,93,2,forward,11,0.22,0.219970703125,0.0,0.46566128730773926,dc,out1,0.0,2,179.24059710299844,179.38439241099877,1.3820883680000406,0.219970703125,0.1412353515625,-0.0091552734375,4221142.0,-0.6416476,0.6100131,0.0974361130488737,-0.3295173636736079,0.9391083595153024,0.8740126,0.0008332873,37480.0,6512.0,32960.0,0.016681,1.233334892602967
2026-09-18T18:53:29.631649+00:00,177.8585087349984,93,2,forward,11,0.22,0.219970703125,0.0,0.46566128730773926,dc,out1,0.0,3,179.38454789199932,179.52730994400008,1.5260391570009233,0.219970703125,0.1412353515625,-0.0091552734375,4221292.0,-0.6424724,0.59569,0.104437265531907,-0.35534911598906543,0.9288809737173045,0.8723138,0.0008310663,37498.0,6592.0,32896.0,0.0166561,1.2054176112381074
2026-09-18T18:53:29.631649+00:00,177.8585087349984,93,2,forward,11,0.22,0.219970703125,0.0,0.46566128730773926,dc,out1,0.0,4,179.52746458299953,179.67135079099899,1.6689558480011328,0.219970703125,0.1412353515625,-0.0091552734375,4221425.0,-0.6543136,0.593072,0.09725245946389165,-0.36241507081148777,0.9269289485051853,0.864326,0.0008370744,37514.0,6528.0,32896.0,0.01663752,1.1980858060682282
2026-09-18T18:53:31.472867+00:00,179.69972431799943,94,2,forward,12,0.24,0.239990234375,0.0,0.46566128730773926,dc,out1,0.0,0,180.78118655899925,180.92440875099965,1.0814622409998265,0.239990234375,0.142333984375,-0.0091552734375,4222676.0,-0.6785613,0.4816501,0.12104183366145611,-0.5578322148281337,0.8210798344885906,0.8780096,0.0008247649,37664.0,7088.0,32448.0,0.0167097,0.9740379211129349
2026-09-18T18:53:31.472867+00:00,179.69972431799943,94,2,forward,12,0.24,0.239990234375,0.0,0.46566128730773926,dc,out1,0.0,1,180.9245842299988,181.06735373399897,1.2248599119993742,0.239990234375,0.142333984375,-0.0091552734375,4222827.0,-0.6812123,0.4790519,0.11896355309196664,-0.5626329435427683,0.8181025876234196,0.882758,0.000823442,37682.0,7232.0,32448.0,0.01670848,0.9683534386488736
2026-09-18T18:53:31.472867+00:00,179.69972431799943,94,2,forward,12,0.24,0.239990234375,0.0,0.46566128730773926,dc,out1,0.0,2,181.06757511799879,181.21128027399936,1.3678507999993599,0.239990234375,0.142333984375,-0.0091552734375,4222960.0,-0.6801541,0.4689741,0.1235746431115245,-0.5783900011811062,0.8063462743223778,0.8761808,0.0008248876,37698.0,7248.0,32384.0,0.01656682,0.9485555252564964
2026-09-18T18:53:31.472867+00:00,179.69972431799943,94,2,forward,12,0.24,0.239990234375,0.0,0.46566128730773926,dc,out1,0.0,3,181.21143908199883,181.35517518399865,1.5117147639994073,0.239990234375,0.142333984375,-0.0091552734375,4223109.0,-0.6937859,0.4765709,0.1055171265487235,-0.5694308366019019,0.8152390191420912,0.866039,0.0008341637,37716.0,7280.0,32496.0,0.01660168,0.961089010459671
2026-09-18T18:53:31.472867+00:00,179.69972431799943,94,2,forward,12,0.24,0.239990234375,0.0,0.46566128730773926,dc,out1,0.0,4,181.3553255959996,181.49929369299934,1.6556012780001765,0.239990234375,0.142333984375,-0.0091552734375,4223258.0,-0.6739435,0.4745769,0.1287435767908429,-0.5679624091858246,0.8129229933929377,0.8776166,0.0008230895,37734.0,7280.0,32320.0,0.01660167,0.9609656031095959
2026-09-18T18:53:33.303372+00:00,181.53023029999895,95,2,forward,13,0.26,0.2598876953125,0.0,0.46566128730773926,dc,out1,0.0,0,182.61927784899854,182.76335401599863,1.0890475489995879,0.2598876953125,0.1427001953125,-0.0091552734375,4224515.0,-0.6911246,0.4351075,0.12083030547451151,-0.6332372315899082,0.7644675570665411,0.874465,0.0008260255,37886.0,7408.0,32208.0,0.01654105,0.8790135973792189
2026-09-18T18:53:33.303372+00:00,181.53023029999895,95,2,forward,13,0.26,0.2598876953125,0.0,0.46566128730773926,dc,out1,0.0,1,182.7635248759998,182.90747076799926,1.2332945760008442,0.2598876953125,0.1427001953125,-0.0091552734375,4224664.0,-0.6905769,0.4237852,0.12475571693673948,-0.6499414310903012,0.7496746942800533,0.8681236,0.000822711,37904.0,7664.0,32064.0,0.01657622,0.8565355063382868
2026-09-18T18:53:33.303372+00:00,181.53023029999895,95,2,forward,13,0.26,0.2598876953125,0.0,0.46566128730773926,dc,out1,0.0,2,182.90765238899985,183.0505462709989,1.377422089000902,0.2598876953125,0.1427001953125,-0.0091552734375,4224813.0,-0.69695,0.4054339,0.12122396301343938,-0.6781195525636965,0.7248852483132268,0.8765476,0.0008251651,37922.0,7760.0,32112.0,0.01658627,0.8187183540815975
2026-09-18T18:53:33.303372+00:00,181.53023029999895,95,2,forward,13,0.26,0.2598876953125,0.0,0.46566128730773926,dc,out1,0.0,3,183.0508064679998,183.1961152039985,1.5205761680008436,0.2598876953125,0.1427001953125,-0.0091552734375,4224946.0,-0.7024261,0.4120684,0.112191151151544,-0.6698606225321264,0.7339617782856022,0.8597748,0.0008295455,37938.0,7568.0,32080.0,0.01660138,0.8310283377891424
2026-09-18T18:53:33.303372+00:00,181.53023029999895,95,2,forward,13,0.26,0.2598876953125,0.0,0.46566128730773926,dc,out1,0.0,4,183.1962407989995,183.34021896099875,1.6660104990005493,0.2598876953125,0.1427001953125,-0.0091552734375,4225096.0,-0.6973474,0.3985264,0.12242781391763975,-0.6880100646928258,0.7152996443873864,0.8796556,0.0008236544,37956.0,7760.0,32032.0,0.01663063,0.8048422962701666
2026-09-18T18:53:35.141766+00:00,183.36862417599878,96,2,forward,14,0.28,0.2799072265625,0.0,0.46566128730773926,dc,out1,0.0,0,184.45047992299988,184.59439909199864,1.0818557470011,0.2799072265625,0.1441650390625,-0.009033203125,4226360.0,-0.6988096,0.3342916,0.13521398725971517,-0.7729633583982055,0.6198748456124807,0.8864386,0.0008163056,38108.0,8416.0,31216.0,0.01678762,0.6759263798246898
2026-09-18T18:53:35.141766+00:00,183.36862417599878,96,2,forward,14,0.28,0.2799072265625,0.0,0.46566128730773926,dc,out1,0.0,1,184.59456163599862,184.73739393899996,1.225937459999841,0.2799072265625,0.1441650390625,-0.009033203125,4226494.0,-0.7011174,0.3644594,0.1251346525841825,-0.7353234995663139,0.6660635628137792,0.8662152,0.0008234422,38124.0,7984.0,31840.0,0.01675917,0.7360159261570423
2026-09-18T18:53:35.141766+00:00,183.36862417599878,96,2,forward,14,0.28,0.2799072265625,0.0,0.46566128730773926,dc,out1,0.0,2,184.73755958899892,184.88125881499946,1.3689354130001448,0.2799072265625,0.1441650390625,-0.009033203125,4226645.0,-0.6916358,0.3697223,0.13774070958759385,-0.7258900697022759,0.6738776622132027,0.8865826,0.0008155926,38142.0,7936.0,31808.0,0.01672033,0.7482573663021649
2026-09-18T18:53:35.141766+00:00,183.36862417599878,96,2,forward,14,0.28,0.2799072265625,0.0,0.46566128730773926,dc,out1,0.0,3,184.88142552799945,185.02510279299895,1.512801352000679,0.2799072265625,0.1441650390625,-0.009033203125,4226779.0,-0.7090321,0.3852451,0.10917029536375272,-0.7092161879629425,0.696487074784237,0.8582568,0.0008314889,38158.0,8080.0,31664.0,0.01677518,0.7763430764470574
2026-09-18T18:53:35.141766+00:00,183.36862417599878,96,2,forward,14,0.28,0.2799072265625,0.0,0.46566128730773926,dc,out1,0.0,4,185.0252795139986,185.16848710900013,1.6566553379998368,0.2799072265625,0.1441650390625,-0.009033203125,4226930.0,-0.7034831,0.3620097,0.12218493348963282,-0.7391180992062215,0.6624011454201421,0.8842532,0.0008224779,38176.0,8144.0,31760.0,0.01673097,0.7307143127637513
2026-09-18T18:53:36.969985+00:00,185.19684430399866,97,2,forward,15,0.3,0.2999267578125,0.0,0.46566128730773926,dc,out1,0.0,0,186.28453234599874,186.42822785099997,1.0876880420000816,0.2999267578125,0.1451416015625,-0.0091552734375,4228189.0,-0.7067298,0.2739167,0.13375782246548232,-0.8431107046043088,0.5208389239591436,0.856385,0.0008173585,38326.0,9136.0,30336.0,0.01681702,0.553375091605464
2026-09-18T18:53:36.969985+00:00,185.19684430399866,97,2,forward,15,0.3,0.2999267578125,0.0,0.46566128730773926,dc,out1,0.0,1,186.4284492959996,186.5713495609998,1.231604992000939,0.2999267578125,0.1451416015625,-0.0091552734375,4228323.0,-0.7002126,0.2726987,0.14495027801826404,-0.8425435785777262,0.5187578771448844,0.878391,0.000811557,38342.0,9072.0,30256.0,0.01676732,0.5518869724740652
2026-09-18T18:53:36.969985+00:00,185.19684430399866,97,2,forward,15,0.3,0.2999267578125,0.0,0.46566128730773926,dc,out1,0.0,2,186.571513167999,186.71425332299987,1.3746688640003413,0.2999267578125,0.1451416015625,-0.0091552734375,4228474.0,-0.7079232,0.2724252,0.13198429794973443,-0.8449588496289583,0.5182901576611535,0.8812304,0.0008157518,38360.0,9232.0,30560.0,0.01677492,0.5502076861552502
2026-09-18T18:53:36.969985+00:00,185.19684430399866,97,2,forward,15,0.3,0.2999267578125,0.0,0.46566128730773926,dc,out1,0.0,3,186.71441952499845,186.85733175299902,1.5175752209997881,0.2999267578125,0.1451416015625,-0.0091552734375,4228609.0,-0.695909,0.2758329,0.1516148778023337,-0.8380484236544555,0.5241066384231989,0.8828588,0.0008088027,38376.0,9232.0,30464.0,0.01680153,0.558879316553471
2026-09-18T18:53:36.969985+00:00,185.19684430399866,97,2,forward,15,0.3,0.2999267578125,0.0,0.46566128730773926,dc,out1,0.0,4,186.85750566799834,187.00153170199883,1.6606613639996795,0.2999267578125,0.1451416015625,-0.0091552734375,4228760.0,-0.6883923,0.2847853,0.16236055545122302,-0.8263331000208877,0.5392704867164899,0.8567918,0.0008054222,38394.0,9088.0,30608.0,0.0167662,0.5782054903607652
2026-09-18T18:53:38.803116+00:00,187.02997562899873,98,2,forward,16,0.32,0.3199462890625,0.0,0.46566128730773926,dc,out1,0.0,0,188.10727182699884,188.252245923999,1.0772961980001128,0.3199462890625,0.146240234375,-0.0091552734375,4230002.0,-0.6999449,0.2202392,0.15384163337105705,-0.8913694277318631,0.4263722495035247,0.8666074,0.0008052197,38542.0,9968.0,29680.0,0.0167661,0.44616501456009205
2026-09-18T18:53:38.803116+00:00,187.02997562899873,98,2,forward,16,0.32,0.3199462890625,0.0,0.46566128730773926,dc,out1,0.0,1,188.25240339899938,188.39527620899935,1.2224277700006496,0.3199462890625,0.146240234375,-0.0091552734375,4230153.0,-0.7069857,0.2271525,0.140340671775015,-0.8875391704358984,0.4388379163058894,0.8340404,0.0008137819,38560.0,9552.0,29648.0,0.0168211,0.45919248449653866
2026-09-18T18:53:38.803116+00:00,187.02997562899873,98,2,forward,16,0.32,0.3199462890625,0.0,0.46566128730773926,dc,out1,0.0,2,188.39546307899946,188.53929181899912,1.3654874500007281,0.3199462890625,0.146240234375,-0.0091552734375,4230288.0,-0.6981805,0.2193589,0.15711617055258179,-0.8915589009472062,0.42477904267124783,0.8623018,0.0008050974,38576.0,10192.0,29840.0,0.01678027,0.4446269058970833
2026-09-18T18:53:38.803116+00:00,187.02997562899873,98,2,forward,16,0.32,0.3199462890625,0.0,0.46566128730773926,dc,out1,0.0,3,188.5394857729989,188.6822189710001,1.50951014400016,0.3199462890625,0.146240234375,-0.0091552734375,4230438.0,-0.711408,0.2043755,0.13529435939195955,-0.9075892109797875,0.3974635334591162,0.8738182,0.0008137684,38594.0,10192.0,29520.0,0.01669677,0.4127740672006736
2026-09-18T18:53:38.803116+00:00,187.02997562899873,98,2,forward,16,0.32,0.3199462890625,0.0,0.46566128730773926,dc,out1,0.0,4,188.68234117999964,188.82731106799838,1.652365551000912,0.3199462890625,0.146240234375,-0.0091552734375,4230589.0,-0.7117895,0.2028599,0.13477793706436508,-0.908879763880313,0.394680228146205,0.8730452,0.0008122957,38612.0,10336.0,29680.0,0.01670975,0.40967857090830684
2026-09-18T18:53:40.629692+00:00,188.85654960099964,99,2,forward,17,0.34,0.3399658203125,0.0,0.46566128730773926,dc,out1,0.0,0,189.94081060499957,190.08341927799847,1.0842610039999272,0.3399658203125,0.14794921875,-0.0091552734375,4231847.0,-0.7028638,0.143739,0.15757675453197353,-0.9459268901985604,0.2835346272158849,0.8549894,0.0008003381,38762.0,10944.0,27776.0,0.01674893,0.2912206714487397
2026-09-18T18:53:40.629692+00:00,188.85654960099964,99,2,forward,17,0.34,0.3399658203125,0.0,0.46566128730773926,dc,out1,0.0,1,190.08360896299928,190.22632536799938,1.2270593619996362,0.3399658203125,0.14794921875,-0.0091552734375,4231981.0,-0.6886488,0.1363279,0.18519000424733567,-0.9450859841426555,0.2692900757621417,0.897041,0.0007870196,38778.0,11392.0,28656.0,0.0167409,0.27758099724391266
2026-09-18T18:53:40.629692+00:00,188.85654960099964,99,2,forward,17,0.34,0.3399658203125,0.0,0.46566128730773926,dc,out1,0.0,2,190.2264501009995,190.36947126499945,1.3699004999998579,0.3399658203125,0.14794921875,-0.0091552734375,4232132.0,-0.7054578,0.1521797,0.15188346341779865,-0.9418715755876328,0.29968207927783136,0.8627902,0.0008038248,38796.0,11072.0,28240.0,0.0167266,0.3080486053275062
2026-09-18T18:53:40.629692+00:00,188.85654960099964,99,2,forward,17,0.34,0.3399658203125,0.0,0.46566128730773926,dc,out1,0.0,3,190.36967561799975,190.51320416099952,1.5131260170001042,0.3399658203125,0.14794921875,-0.0091552734375,4232266.0,-0.7054515,0.1480938,0.15228015816716017,-0.9442558907923853,0.2918759430519475,0.8682918,0.0008041385,38812.0,10944.0,28672.0,0.0167815,0.29979060055721213
2026-09-18T18:53:40.629692+00:00,188.85654960099964,99,2,forward,17,0.34,0.3399658203125,0.0,0.46566128730773926,dc,out1,0.0,4,190.51336950099903,190.6562879919984,1.656819899999391,0.3399658203125,0.14794921875,-0.0091552734375,4232416.0,-0.6983806,0.1355446,0.16683415870544696,-0.9489255451002288,0.2677810175223021,0.8721244,0.000795705,38830.0,11280.0,27856.0,0.016759,0.27504196163210887
2026-09-18T18:53:42.463181+00:00,190.6900393169999,100,2,forward,18,0.36,0.3599853515625,0.0,0.46566128730773926,dc,out1,0.0,0,191.7666292929989,191.90949418199853,1.0765899759990134,0.3599853515625,0.1507568359375,-0.0091552734375,4233672.0,-0.6930371,-0.004711962,0.18366523879531685,-0.9829436770963852,-0.009423784510298058,0.8881184,0.0007767678,38980.0,13520.0,25664.0,0.01670152,-0.00958701501629205
2026-09-18T18:53:42.463181+00:00,190.6900393169999,100,2,forward,18,0.36,0.3599853515625,0.0,0.46566128730773926,dc,out1,0.0,1,191.9097341609995,192.05350822299988,1.219694843999605,0.3599853515625,0.1507568359375,-0.0091552734375,4233806.0,-0.6979301,-0.00913778,0.17401617519220702,-0.9845732130527263,-0.01827454268938185,0.878948,0.0007819566,38996.0,13312.0,25920.0,0.01676585,-0.018558746385317126
2026-09-18T18:53:42.463181+00:00,190.6900393169999,100,2,forward,18,0.36,0.3599853515625,0.0,0.46566128730773926,dc,out1,0.0,2,192.05368321999958,192.19752432699897,1.3636439029996836,0.3599853515625,0.1507568359375,-0.0091552734375,4233957.0,-0.6949029,-0.023524,0.17980482500045653,-0.9825773981401177,-0.0470306450173907,0.8939366,0.0007761949,39014.0,12816.0,25808.0,0.01676673,-0.047828067684306245
2026-09-18T18:53:42.463181+00:00,190.6900393169999,100,2,forward,18,0.36,0.3599853515625,0.0,0.46566128730773926,dc,out1,0.0,3,192.19771514499917,192.34030714099936,1.5076758279992646,0.3599853515625,0.1507568359375,-0.0091552734375,4234091.0,-0.719807,-0.03816215,0.13042558712860436,-0.9885216590577076,-0.07625021833382505,0.8377177,0.0007983631,39030.0,12752.0,26240.0,0.01670158,-0.07698316786339794
2026-09-18T18:53:42.463181+00:00,190.6900393169999,100,2,forward,18,0.36,0.3599853515625,0.0,0.46566128730773926,dc,out1,0.0,4,192.3404444379994,192.48367521,1.650405120999494,0.3599853515625,0.1507568359375,-0.0091552734375,4234242.0,-0.7056819,-0.04582737,0.1580915922878315,-0.983173409965418,-0.09152646822023654,0.883316,0.0007854445,39048.0,12560.0,26096.0,0.01673582,-0.09282537076651184
2026-09-18T18:53:44.284786+00:00,192.51164509499904,101,2,forward,19,0.38,0.3798828125,0.0,0.46566128730773926,dc,out1,0.0,0,193.5999710019987,193.74314921299992,1.0883259069996711,0.3798828125,0.1527099609375,-0.0091552734375,4235501.0,-0.7043084,-0.0930272,0.15868283373494835,-0.9698459194783112,-0.18498283906653565,0.8604902,0.0007786138,39198.0,12048.0,26624.0,0.01682093,-0.18847052307897413
2026-09-18T18:53:44.284786+00:00,192.51164509499904,101,2,forward,19,0.38,0.3798828125,0.0,0.46566128730773926,dc,out1,0.0,1,193.74327597999945,193.88634609899964,1.2316308850004134,0.3798828125,0.1527099609375,-0.0091552734375,4235652.0,-0.6981445,-0.09582434,0.17044419767922553,-0.9667817959451035,-0.1904776483124601,0.8697224,0.0007752787,39216.0,11632.0,26672.0,0.01670497,-0.19453082907299013
2026-09-18T18:53:44.284786+00:00,192.51164509499904,101,2,forward,19,0.38,0.3798828125,0.0,0.46566128730773926,dc,out1,0.0,2,193.88649273400006,194.03015939999932,1.3748476390010183,0.3798828125,0.1527099609375,-0.0091552734375,4235786.0,-0.7197816,-0.08221779,0.12909162601855195,-0.9780281789410291,-0.1636955506089906,0.8464936,0.0007943065,39232.0,11648.0,26640.0,0.0168082,-0.1658358818395628
2026-09-18T18:53:44.284786+00:00,192.51164509499904,101,2,forward,19,0.38,0.3798828125,0.0,0.46566128730773926,dc,out1,0.0,3,194.03031618399837,194.17416475999926,1.5186710889993265,0.3798828125,0.1527099609375,-0.0091552734375,4235937.0,-0.6928551,-0.07557136,0.18193317304637957,-0.9717147838049293,-0.1505679231450568,0.8709872,0.0007728392,39250.0,11664.0,26160.0,0.01675888,-0.15372819378374558
2026-09-18T18:53:44.284786+00:00,192.51164509499904,101,2,forward,19,0.38,0.3798828125,0.0,0.46566128730773926,dc,out1,0.0,4,194.17432474999987,194.31913764099954,1.6626796550008294,0.3798828125,0.1527099609375,-0.0091552734375,4236071.0,-0.6980779,-0.0693813,0.17208400286056508,-0.9753231801396067,-0.13831771485189182,0.890734,0.0007757872,39266.0,11920.0,26448.0,0.01675517,-0.14087787547723335
2026-09-18T18:53:46.120556+00:00,194.34741518199917,102,2,forward,20,0.4,0.39990234375,0.0,0.46566128730773926,dc,out1,0.0,0,195.42655026600005,195.5711620179991,1.0791350840008818,0.39990234375,0.15380859375,-0.0091552734375,4237329.0,-0.704904,-0.1599402,0.15216261197765202,-0.9369983092615933,-0.31445302981058054,0.8376409,0.0007795604,39416.0,10688.0,27296.0,0.01680487,-0.323785709508688
2026-09-18T18:53:46.120556+00:00,194.34741518199917,102,2,forward,20,0.4,0.39990234375,0.0,0.46566128730773926,dc,out1,0.0,1,195.57131104699874,195.71516645299926,1.2238958649995766,0.39990234375,0.15380859375,-0.0091552734375,4237480.0,-0.7110263,-0.1612979,0.1405512645856832,-0.9379432943152447,-0.3170295233451163,0.8464476,0.0007838891,39434.0,10304.0,27408.0,0.01678417,-0.32594914550911036
2026-09-18T18:53:46.120556+00:00,194.34741518199917,102,2,forward,20,0.4,0.39990234375,0.0,0.46566128730773926,dc,out1,0.0,2,195.71533646099851,195.85919092399854,1.3679212789993471,0.39990234375,0.15380859375,-0.0091552734375,4237613.0,-0.7045153,-0.1624914,0.15263058234657642,-0.9352840282917997,-0.3192924862172753,0.8579608,0.0007759854,39450.0,10304.0,27328.0,0.01670237,-0.32897999170146486
2026-09-18T18:53:46.120556+00:00,194.34741518199917,102,2,forward,20,0.4,0.39990234375,0.0,0.46566128730773926,dc,out1,0.0,3,195.85940759000005,196.0032425069985,1.5119924080008786,0.39990234375,0.15380859375,-0.0091552734375,4237764.0,-0.6968332,-0.187475,0.16396344930234755,-0.9159664305194318,-0.36622600324713067,0.8819632,0.0007666074,39468.0,9776.0,27728.0,0.01680118,-0.3803552472456156
2026-09-18T18:53:46.120556+00:00,194.34741518199917,102,2,forward,20,0.4,0.39990234375,0.0,0.46566128730773926,dc,out1,0.0,4,196.00340184599918,196.14635197499956,1.655986664000011,0.39990234375,0.15380859375,-0.0091552734375,4237898.0,-0.691084,-0.2148834,0.17045996335426117,-0.8929383116282666,-0.41665882028312384,0.879658,0.0007630223,39484.0,9680.0,27888.0,0.01676198,-0.43658510902958936
2026-09-18T18:53:47.947329+00:00,196.17418824999913,103,2,forward,21,0.42,0.419921875,0.0,0.46566128730773926,dc,out1,0.0,0,197.26582039999994,197.40842418699867,1.0916321500008053,0.419921875,0.1573486328125,-0.009033203125,4239171.0,-0.7034224,-0.3462579,0.12561946255423082,-0.7593212951747986,-0.6384754664994204,0.8335575,0.0007664929,39636.0,8528.0,28992.0,0.01678133,-0.6991580944235677
2026-09-18T18:53:47.947329+00:00,196.17418824999913,103,2,forward,21,0.42,0.419921875,0.0,0.46566128730773926,dc,out1,0.0,1,197.4086294109984,197.55159822199857,1.2344411609992676,0.419921875,0.1573486328125,-0.009033203125,4239305.0,-0.6939255,-0.3260723,0.14459231396869499,-0.7815208290232871,-0.6068922940225328,0.8501056,0.0007616097,39652.0,8224.0,28768.0,0.01677653,-0.6602795448432537
2026-09-18T18:53:47.947329+00:00,196.17418824999913,103,2,forward,21,0.42,0.419921875,0.0,0.46566128730773926,dc,out1,0.0,2,197.55177337999885,197.69522856099866,1.3775851299997157,0.419921875,0.1573486328125,-0.009033203125,4239456.0,-0.6926633,-0.3349315,0.14455884908418262,-0.7704625274098463,-0.6208785976410269,0.8469702,0.0007626694,39670.0,8384.0,28688.0,0.01669028,-0.6782989281568814
2026-09-18T18:53:47.947329+00:00,196.17418824999913,103,2,forward,21,0.42,0.419921875,0.0,0.46566128730773926,dc,out1,0.0,3,197.69535848499982,197.838479439999,1.5211702350006817,0.419921875,0.1573486328125,-0.009033203125,4239590.0,-0.6806842,-0.3534382,0.15808623682076997,-0.7437796337063578,-0.6494617757893714,0.8526688,0.0007517945,39686.0,8208.0,28864.0,0.01676873,-0.7178045857091718
2026-09-18T18:53:47.947329+00:00,196.17418824999913,103,2,forward,21,0.42,0.419921875,0.0,0.46566128730773926,dc,out1,0.0,4,197.8386616909993,197.98156563099838,1.6644734410001547,0.419921875,0.1573486328125,-0.009033203125,4239740.0,-0.6930953,-0.3542698,0.13937871599951665,-0.7464112894831296,-0.650725564626485,0.8485138,0.0007589368,39704.0,8224.0,28944.0,0.01673862,-0.7170179324210231
2026-09-18T18:53:49.782592+00:00,198.00945070499984,104,2,forward,22,0.44,0.43994140625,0.0,0.46566128730773926,dc,out1,0.0,0,199.08721445299852,199.23224155599928,1.077763747998688,0.43994140625,0.158447265625,-0.0091552734375,4240993.0,-0.6709494,-0.4213724,0.15098560963329155,-0.6480604559625996,-0.7464723645930978,0.8554532,0.0007455174,39854.0,7744.0,29168.0,0.016642,-0.8558511686202591
2026-09-18T18:53:49.782592+00:00,198.00945070499984,104,2,forward,22,0.44,0.43994140625,0.0,0.46566128730773926,dc,out1,0.0,1,199.23237727999913,199.3755988799985,1.222926574999292,0.43994140625,0.158447265625,-0.0091552734375,4241127.0,-0.6870084,-0.389653,0.13908753867870224,-0.6976723222578434,-0.7027858758822978,0.846266,0.0007566378,39870.0,7664.0,29040.0,0.01659437,-0.7890494904461745
2026-09-18T18:53:49.782592+00:00,198.00945070499984,104,2,forward,22,0.44,0.43994140625,0.0,0.46566128730773926,dc,out1,0.0,2,199.37578046999988,199.5185435709991,1.3663297650000459,0.43994140625,0.158447265625,-0.0091552734375,4241277.0,-0.6924029,-0.3779431,0.13455966781350157,-0.7151143450054767,-0.6859337937186855,0.8366448,0.0007595789,39888.0,8064.0,28912.0,0.01672683,-0.7645735163672441
2026-09-18T18:53:49.782592+00:00,198.00945070499984,104,2,forward,22,0.44,0.43994140625,0.0,0.46566128730773926,dc,out1,0.0,3,199.51876407399868,199.66136373900008,1.5093133689988463,0.43994140625,0.158447265625,-0.0091552734375,4241427.0,-0.6954832,-0.3750138,0.130868148985278,-0.7198712367496826,-0.6816589543764899,0.8356222,0.0007589279,39906.0,8256.0,28960.0,0.01670678,-0.7581402289615823
2026-09-18T18:53:49.782592+00:00,198.00945070499984,104,2,forward,22,0.44,0.43994140625,0.0,0.46566128730773926,dc,out1,0.0,4,199.6615054239992,199.80458730200007,1.6520547189993522,0.43994140625,0.158447265625,-0.0091552734375,4241560.0,-0.6814429,-0.373457,0.15146568309633043,-0.7179862979240942,-0.6793775260026018,0.8559088,0.000754912,39922.0,7920.0,28992.0,0.01665553,-0.7577754705139029
2026-09-18T18:53:51.606202+00:00,199.8330600369991,105,2,forward,23,0.46,0.4599609375,0.0,0.46566128730773926,dc,out1,0.0,0,200.91835074199844,201.06134594600007,1.0852907049993519,0.4599609375,0.1593017578125,-0.0091552734375,4242813.0,-0.6548097,-0.4905663,0.1435901279775062,-0.5372230317428718,-0.8311277214197592,0.8561682,0.0007374191,40072.0,7120.0,29328.0,0.01673267,-0.9969712398878354
2026-09-18T18:53:51.606202+00:00,199.8330600369991,105,2,forward,23,0.46,0.4599609375,0.0,0.46566128730773926,dc,out1,0.0,1,201.061543025,201.2044589699999,1.2284829880009056,0.4599609375,0.1593017578125,-0.0091552734375,4242964.0,-0.6651026,-0.4675806,0.14146222920891577,-0.5765888749726419,-0.8046947911879555,0.8519842,0.0007486479,40090.0,7296.0,29360.0,0.01670758,-0.9490615842519108
2026-09-18T18:53:51.606202+00:00,199.8330600369991,105,2,forward,23,0.46,0.4599609375,0.0,0.46566128730773926,dc,out1,0.0,2,201.20460231799916,201.34843465799895,1.3715422810000746,0.4599609375,0.1593017578125,-0.0091552734375,4243114.0,-0.6630518,-0.4598986,0.14680399531088012,-0.5879304005076214,-0.7954787433487529,0.8505508,0.0007464262,40108.0,7296.0,29296.0,0.01674367,-0.9343142475786926
2026-09-18T18:53:51.606202+00:00,199.8330600369991,105,2,forward,23,0.46,0.4599609375,0.0,0.46566128730773926,dc,out1,0.0,3,201.3486040049993,201.49132144599935,1.5155439680002019,0.4599609375,0.1593017578125,-0.0091552734375,4243248.0,-0.6728053,-0.4500273,0.13878812577843627,-0.6058742752363323,-0.7833608483641227,0.8488182,0.0007431784,40124.0,7664.0,29264.0,0.01673233,-0.9124682751272697
2026-09-18T18:53:51.606202+00:00,199.8330600369991,105,2,forward,23,0.46,0.4599609375,0.0,0.46566128730773926,dc,out1,0.0,4,201.49149269699956,201.6343089639995,1.6584326600004715,0.4599609375,0.1593017578125,-0.0091552734375,4243399.0,-0.6774966,-0.448038,0.13376374989248369,-0.610189355146171,-0.780881687633281,0.8391356,0.0007503329,40142.0,7408.0,29280.0,0.01673052,-0.9074935110379724
2026-09-18T18:53:53.435550+00:00,201.66240900999946,106,2,forward,24,0.48,0.47998046875,0.0,0.46566128730773926,dc,out1,0.0,0,202.7442172329993,202.88830917699852,1.0818082229998254,0.47998046875,0.16015625,-0.0091552734375,4244653.0,-0.6475837,-0.5565638,0.12025260607792829,-0.42517968780000026,-0.897085025966748,0.8324752,0.0007450343,40292.0,6896.0,29424.0,0.01671632,-1.1281993649654507
2026-09-18T18:53:53.435550+00:00,201.66240900999946,106,2,forward,24,0.48,0.47998046875,0.0,0.46566128730773926,dc,out1,0.0,1,202.88851076399988,203.03229776599983,1.2261017540004104,0.47998046875,0.16015625,-0.0091552734375,4244786.0,-0.6450286,-0.5310697,0.13493238809942634,-0.46793886033424453,-0.8733993780801966,0.8471434,0.0007429257,40308.0,6992.0,29376.0,0.01670062,-1.0789459292515435
2026-09-18T18:53:53.435550+00:00,201.66240900999946,106,2,forward,24,0.48,0.47998046875,0.0,0.46566128730773926,dc,out1,0.0,2,203.03248971599896,203.17554086999917,1.3700807059994986,0.47998046875,0.16015625,-0.0091552734375,4244937.0,-0.6545228,-0.5159908,0.13278085436343132,-0.4956413671256275,-0.858317470350194,0.8421946,0.0007469882,40326.0,7104.0,29376.0,0.01672335,-1.047117563012639
2026-09-18T18:53:53.435550+00:00,201.66240900999946,106,2,forward,24,0.48,0.47998046875,0.0,0.46566128730773926,dc,out1,0.0,3,203.17571128899908,203.31881163399885,1.5133022789996176,0.47998046875,0.16015625,-0.0091552734375,4245071.0,-0.6620888,-0.5119733,0.12694546946017196,-0.5042655655035794,-0.8541668965904098,0.8358229,0.0007469257,40342.0,7168.0,29392.0,0.01677865,-1.037495566546824
2026-09-18T18:53:53.435550+00:00,201.66240900999946,106,2,forward,24,0.48,0.47998046875,0.0,0.46566128730773926,dc,out1,0.0,4,203.3189868519985,203.4623939009998,1.6565778419990238,0.47998046875,0.16015625,-0.0091552734375,4245222.0,-0.6535642,-0.5125109,0.13528449299383852,-0.5011411138457248,-0.8547255056267283,0.839999,0.0007496443,40360.0,6976.0,29408.0,0.0167181,-1.04049772601319
2026-09-18T18:53:55.263564+00:00,203.4904219809996,107,2,forward,25,0.5,0.5,0.0,0.46566128730773926,dc,out1,0.0,0,204.57418828299888,204.71746613699906,1.083766301999276,0.5,0.1610107421875,-0.0091552734375,4246475.0,-0.4794098,-0.6985346,0.09930262435061163,-0.14148388385361638,-0.9849473586983102,0.8363569,0.0007408848,40510.0,6576.0,29296.0,0.01673977,-1.4281261428589964
2026-09-18T18:53:55.263564+00:00,203.4904219809996,107,2,forward,25,0.5,0.5,0.0,0.46566128730773926,dc,out1,0.0,1,204.71766124299938,204.86211098199965,1.2272392619997845,0.5,0.1610107421875,-0.0091552734375,4246625.0,-0.4789961,-0.6983423,0.09963752491137848,-0.1417115437217416,-0.9848808059889965,0.8251986,0.0007414688,40528.0,6608.0,29328.0,0.01673612,-1.427890158832745
2026-09-18T18:53:55.263564+00:00,203.4904219809996,107,2,forward,25,0.5,0.5,0.0,0.46566128730773926,dc,out1,0.0,2,204.86224782799945,205.00528253799894,1.3718258469998545,0.5,0.1610107421875,-0.0091552734375,4246759.0,-0.4612891,-0.7027218,0.09938019104942446,-0.1312128889061634,-0.9863603577860774,0.8340994,0.0007409138,40544.0,6576.0,29264.0,0.0167236,-1.438545460762826
2026-09-18T18:53:55.263564+00:00,203.4904219809996,107,2,forward,25,0.5,0.5,0.0,0.46566128730773926,dc,out1,0.0,3,205.00542736899843,205.14912509999886,1.5150053879988263,0.5,0.1610107421875,-0.0091552734375,4246909.0,-0.4630319,-0.701632,0.10021403618454769,-0.13327648395619282,-0.9859992524215608,0.8265962,0.0007416575,40562.0,6608.0,29312.0,0.0167057,-1.4364416762576215
2026-09-18T18:53:55.263564+00:00,203.4904219809996,107,2,forward,25,0.5,0.5,0.0,0.46566128730773926,dc,out1,0.0,4,205.14926785699936,205.29313408300004,1.6588458759997593,0.5,0.1610107421875,-0.0091552734375,4247043.0,-0.4578589,-0.7022581,0.10083526077446531,-0.1312533597000278,-0.9862072833598425,0.8290562,0.0007395239,40578.0,6592.0,29312.0,0.01670638,-1.4384848491832714
2026-09-18T18:53:57.094141+00:00,205.32099543000004,108,2,forward,26,0.52,0.5198974609375,0.0,0.46566128730773926,dc,out1,0.0,0,206.40072080499885,206.54345345399997,1.0797253749988158,0.5198974609375,0.1612548828125,-0.0091552734375,4248309.0,0.2845913,-0.7349584,0.08483098711755925,0.05427621726896137,-0.9949159742730203,0.8236868,0.000741516,40730.0,6576.0,29232.0,0.01668518,-1.6252958734333316
2026-09-18T18:53:57.094141+00:00,205.32099543000004,108,2,forward,26,0.52,0.5198974609375,0.0,0.46566128730773926,dc,out1,0.0,1,206.54368812399844,206.6864111349987,1.2226926939983969,0.5198974609375,0.1612548828125,-0.0091552734375,4248443.0,0.08859194,-0.7392211,0.0907790516048255,0.016255046000316416,-0.9957383879660642,0.8325675,0.0007385697,40746.0,6576.0,29200.0,0.01661317,-1.587119492071305
2026-09-18T18:53:57.094141+00:00,205.32099543000004,108,2,forward,26,0.52,0.5198974609375,0.0,0.46566128730773926,dc,out1,0.0,2,206.68661501699899,206.831410109,1.365619586998946,0.5198974609375,0.1612548828125,-0.0091552734375,4248593.0,-0.02412305,-0.7401501,0.09026749776245965,-0.004358436939803714,-0.995908019284485,0.8298852,0.0007405512,40764.0,6576.0,29200.0,0.0166518,-1.566420009875167
2026-09-18T18:53:57.094141+00:00,205.32099543000004,108,2,forward,26,0.52,0.5198974609375,0.0,0.46566128730773926,dc,out1,0.0,3,206.83159440399868,206.9751774059987,1.5105989739986398,0.5198974609375,0.1612548828125,-0.0091552734375,4248726.0,-0.07969605,-0.7398731,0.08977181420712607,-0.014431338921717291,-0.9958578000050448,0.8337974,0.0007381469,40780.0,6576.0,29264.0,0.01664742,-1.5563059760070486
2026-09-18T18:53:57.094141+00:00,205.32099543000004,108,2,forward,26,0.52,0.5198974609375,0.0,0.46566128730773926,dc,out1,0.0,4,206.9753055659985,207.11946699100008,1.6543101359984576,0.5198974609375,0.1612548828125,-0.0091552734375,4248876.0,-0.1831298,-0.7353463,0.09330816886167768,-0.03578986701035573,-0.9949938045249637,0.8330936,0.0007367062,40798.0,6576.0,29264.0,0.01667407,-1.5348418882783623
2026-09-18T18:53:58.920877+00:00,207.14773683299973,109,2,forward,27,0.54,0.5399169921875,0.0,0.46566128730773926,dc,out1,0.0,0,208.23415065599875,208.37630246299886,1.0864138229990203,0.5399169921875,0.1612548828125,-0.0091552734375,4250142.0,0.6604082,-0.6449335,0.06858702481730365,0.2686310509468408,-0.9607981986316931,0.8319609,0.0007379251,40950.0,6656.0,29104.0,0.0166542,-1.8434262277485942
2026-09-18T18:53:58.920877+00:00,207.14773683299973,109,2,forward,27,0.54,0.5399169921875,0.0,0.46566128730773926,dc,out1,0.0,1,208.37652551099927,208.51955855899905,1.228788677999546,0.5399169921875,0.1612548828125,-0.0091552734375,4250275.0,0.6521999,-0.6539897,0.06839458211014245,0.25063747736996805,-0.9656619678104744,0.8239218,0.0007419526,40966.0,6672.0,29120.0,0.01670532,-1.8247427491911494
2026-09-18T18:53:58.920877+00:00,207.14773683299973,109,2,forward,27,0.54,0.5399169921875,0.0,0.46566128730773926,dc,out1,0.0,2,208.51976382299836,208.66418443899965,1.3720269899986306,0.5399169921875,0.1612548828125,-0.0091552734375,4250425.0,0.645904,-0.6586028,0.06908854669898506,0.24118100672233886,-0.9680178173522538,0.826291,0.0007390725,40984.0,6640.0,29120.0,0.01670417,-1.8149742148810528
2026-09-18T18:53:58.920877+00:00,207.14773683299973,109,2,forward,27,0.54,0.5399169921875,0.0,0.46566128730773926,dc,out1,0.0,3,208.66435752299913,208.80762316699838,1.5166206899993995,0.5399169921875,0.1612548828125,-0.0091552734375,4250559.0,0.6482559,-0.6554219,0.06961996919691324,0.24742652144292113,-0.9664021814832976,0.8259712,0.0007394422,41000.0,6608.0,29168.0,0.01669232,-1.8214407947408422
2026-09-18T18:53:58.920877+00:00,207.14773683299973,109,2,forward,27,0.54,0.5399169921875,0.0,0.46566128730773926,dc,out1,0.0,4,208.80778529099916,208.95060678199843,1.6600484579994372,0.5399169921875,0.1612548828125,-0.0091552734375,4250709.0,0.6315025,-0.6660384,0.07163621510848088,0.22534628997846692,-0.9716415503043662,0.8249718,0.0007419808,41018.0,6640.0,29136.0,0.01667405,-1.7986905906290247
2026-09-18T18:54:00.752382+00:00,208.97924176699962,110,2,forward,28,0.56,0.5599365234375,0.0,0.46566128730773926,dc,out1,0.0,0,210.05537902600008,210.20016338200003,1.0761372590004612,0.5599365234375,0.1610107421875,-0.009033203125,4251960.0,0.7157232,-0.5884118,0.05331788754134375,0.3801388712474825,-0.9233913804204686,0.8299693,0.0007370705,41168.0,6800.0,29056.0,0.016637,-1.9613282640131502
2026-09-18T18:54:00.752382+00:00,208.97924176699962,110,2,forward,28,0.56,0.5599365234375,0.0,0.46566128730773926,dc,out1,0.0,1,210.2003123609993,210.34429566399922,1.2210705939996842,0.5599365234375,0.1610107421875,-0.009033203125,4252093.0,0.7104534,-0.5675942,0.06301106617182829,0.41723042333711957,-0.9066136880622404,0.8289099,0.0007372456,41184.0,6784.0,28992.0,0.01661222,-2.002106319248683
2026-09-18T18:54:00.752382+00:00,208.97924176699962,110,2,forward,28,0.56,0.5599365234375,0.0,0.46566128730773926,dc,out1,0.0,2,210.34443938299955,210.48808928199833,1.3651976159999322,0.5599365234375,0.1610107421875,-0.009033203125,4252243.0,0.7214629,-0.5791243,0.0511293965794775,0.39767117213904163,-0.9161022997760563,0.8252691,0.000741034,41202.0,6800.0,29056.0,0.01665602,-1.9803413221739004
2026-09-18T18:54:00.752382+00:00,208.97924176699962,110,2,forward,28,0.56,0.5599365234375,0.0,0.46566128730773926,dc,out1,0.0,3,210.48822847299925,210.63216482799908,1.5089867059996322,0.5599365234375,0.1610107421875,-0.009033203125,4252394.0,0.7372228,-0.564589,0.041116911551269154,0.4254207345354472,-0.904061169507797,0.8196281,0.0007477975,41220.0,6832.0,29024.0,0.01667415,-2.010620964709799
2026-09-18T18:54:00.752382+00:00,208.97924176699962,110,2,forward,28,0.56,0.5599365234375,0.0,0.46566128730773926,dc,out1,0.0,4,210.63230207499873,210.7752047549984,1.6530603079991124,0.5599365234375,0.1610107421875,-0.009033203125,4252527.0,0.7199444,-0.5465062,0.06002113223887066,0.4558781686465786,-0.8880160803928078,0.833241,0.0007389145,41236.0,6800.0,29008.0,0.01665662,-2.045080277821383
2026-09-18T18:54:02.576373+00:00,210.80323010699976,111,2,forward,29,0.58,0.5799560546875,0.0,0.46566128730773926,dc,out1,0.0,0,211.88672445499833,212.02926539500004,1.0834943479985668,0.5799560546875,0.159912109375,-0.009033203125,4253793.0,0.7545464,-0.4441233,0.03889626149068524,0.6295731768022109,-0.7759669425260461,0.8379824,0.0007423661,41388.0,7296.0,28592.0,0.01671672,-2.252413877984427
2026-09-18T18:54:02.576373+00:00,210.80323010699976,111,2,forward,29,0.58,0.5799560546875,0.0,0.46566128730773926,dc,out1,0.0,1,212.02940391499942,212.1725077889987,1.2261738079996576,0.5799560546875,0.159912109375,-0.009033203125,4253927.0,0.7489932,-0.4615059,0.04389624640482706,0.6018224720391754,-0.79742261800141,0.8314876,0.0007436477,41404.0,7056.0,28768.0,0.01671642,-2.2173047457078803
2026-09-18T18:54:02.576373+00:00,210.80323010699976,111,2,forward,29,0.58,0.5799560546875,0.0,0.46566128730773926,dc,out1,0.0,2,212.17270445699978,212.3166197899991,1.3694743500000186,0.5799560546875,0.159912109375,-0.009033203125,4254077.0,0.7555649,-0.4836916,0.03383805170757651,0.566446355039234,-0.8234036149540523,0.8192306,0.0007463538,41422.0,7248.0,28816.0,0.01672507,-2.1733775048244217
2026-09-18T18:54:02.576373+00:00,210.80323010699976,111,2,forward,29,0.58,0.5799560546875,0.0,0.46566128730773926,dc,out1,0.0,3,212.31679272399924,212.46121062699967,1.5135626169994794,0.5799560546875,0.159912109375,-0.009033203125,4254211.0,0.7602096,-0.4572313,0.030727948455332044,0.6094422538833282,-0.7922347709898471,0.8260204,0.0007470231,41438.0,7264.0,28672.0,0.01668698,-2.226516450014374
2026-09-18T18:54:02.576373+00:00,210.80323010699976,111,2,forward,29,0.58,0.5799560546875,0.0,0.46566128730773926,dc,out1,0.0,4,212.46139088400014,212.60440044999996,1.6581607770003757,0.5799560546875,0.159912109375,-0.009033203125,4254362.0,0.7467489,-0.4624628,0.04647920180635868,0.6000967261929663,-0.7985759844948556,0.8319055,0.0007426205,41456.0,7168.0,28768.0,0.0166903,-2.215230234095387
2026-09-18T18:54:04.406547+00:00,212.63340580599834,112,2,forward,30,0.6,0.5999755859375,0.0,0.46566128730773926,dc,out1,0.0,0,213.71220245899895,213.8551706849994,1.0787966530006088,0.5999755859375,0.1591796875,-0.0091552734375,4255613.0,0.7642298,-0.3509412,0.032319859648493425,0.7629438968016156,-0.6456562839510411,0.84166,0.0007437633,41606.0,7808.0,28496.0,0.01668557,-2.43926822540127
2026-09-18T18:54:04.406547+00:00,212.63340580599834,112,2,forward,30,0.6,0.5999755859375,0.0,0.46566128730773926,dc,out1,0.0,1,213.855304454999,214.00015985499886,1.22189864900065,0.5999755859375,0.1591796875,-0.0091552734375,4255763.0,0.7613737,-0.3625776,0.0359458132972637,0.747532749271757,-0.6632516017866875,0.84287,0.0007415869,41624.0,7808.0,28224.0,0.01671765,-2.41586420279532
2026-09-18T18:54:04.406547+00:00,212.63340580599834,112,2,forward,30,0.6,0.5999755859375,0.0,0.46566128730773926,dc,out1,0.0,2,214.00031292199856,214.14356729399879,1.3669071160002204,0.5999755859375,0.1591796875,-0.0091552734375,4255896.0,0.7769522,-0.3540354,0.012830801134213369,0.7595096106279426,-0.6503695271966894,0.8178163,0.0007521953,41640.0,8208.0,28160.0,0.01664368,-2.4334513665564774
2026-09-18T18:54:04.406547+00:00,212.63340580599834,112,2,forward,30,0.6,0.5999755859375,0.0,0.46566128730773926,dc,out1,0.0,3,214.1437494749989,214.2882492889985,1.5103436690005765,0.5999755859375,0.1591796875,-0.0091552734375,4256046.0,0.7675361,-0.351119,0.027265944915127828,0.762911436054644,-0.6459277892960839,0.8238162,0.000745574,41658.0,8480.0,28144.0,0.01673055,-2.439039919459393
2026-09-18T18:54:04.406547+00:00,212.63340580599834,112,2,forward,30,0.6,0.5999755859375,0.0,0.46566128730773926,dc,out1,0.0,4,214.28841108199958,214.432137926,1.6550052760012477,0.5999755859375,0.1591796875,-0.0091552734375,4256197.0,0.7656938,-0.3410333,0.03058395740285064,0.7756688801538039,-0.6303986119198903,0.8258831,0.0007469784,41676.0,8256.0,28080.0,0.01673177,-2.459145924794879
2026-09-18T18:54:06.233353+00:00,214.46021129699875,113,2,forward,31,0.62,0.6199951171875,0.0,0.46566128730773926,dc,out1,0.0,0,215.55714211899976,215.70140307099973,1.0969308220010134,0.6199951171875,0.1568603515625,-0.009033203125,4257463.0,0.7762869,-0.2042982,0.016721512126851888,0.9175270489617375,-0.39732166497154037,0.8242335,0.0007556909,41828.0,9568.0,26928.0,0.01673472,-2.732935709864527
2026-09-18T18:54:06.233353+00:00,214.46021129699875,113,2,forward,31,0.62,0.6199951171875,0.0,0.46566128730773926,dc,out1,0.0,1,215.70156842100005,215.84725470299963,1.241357124001297,0.6199951171875,0.1568603515625,-0.009033203125,4257596.0,0.7908659,-0.1848073,-0.010196760756573825,0.9324108891916763,-0.36125608615891946,0.8309118,0.0007639081,41844.0,9968.0,26656.0,0.01666475,-2.7719579111583528
2026-09-18T18:54:06.233353+00:00,214.46021129699875,113,2,forward,31,0.62,0.6199951171875,0.0,0.46566128730773926,dc,out1,0.0,2,215.84739210999942,215.99246508399847,1.3871808130006684,0.6199951171875,0.1568603515625,-0.009033203125,4257746.0,0.7995453,-0.1933679,-0.026201107374789697,0.9257744458527248,-0.3771673068790757,0.8134033,0.0007730713,41862.0,9456.0,26800.0,0.01668667,-2.754716991396895
2026-09-18T18:54:06.233353+00:00,214.46021129699875,113,2,forward,31,0.62,0.6199951171875,0.0,0.46566128730773926,dc,out1,0.0,3,215.992648337,216.1364283289986,1.5324370400012413,0.6199951171875,0.1568603515625,-0.009033203125,4257896.0,0.789225,-0.1856107,-0.007132273415879164,0.9318576790177909,-0.36275390656958745,0.8297646,0.0007638746,41880.0,9872.0,26736.0,0.01644895,-2.7703613522681825
2026-09-18T18:54:06.233353+00:00,214.46021129699875,113,2,forward,31,0.62,0.6199951171875,0.0,0.46566128730773926,dc,out1,0.0,4,216.1366256989986,216.27938447799897,1.676414401999864,0.6199951171875,0.1568603515625,-0.009033203125,4258042.0,0.7857591,-0.1974909,-0.0006662914858839356,0.9230033272302909,-0.3847913902070426,0.8469196,0.0007614832,41898.0,9600.0,26704.0,0.01624873,-2.7466107610516777
2026-09-18T18:54:08.082957+00:00,216.30981579299987,114,2,forward,32,0.64,0.639892578125,0.0,0.46566128730773926,dc,out1,0.0,0,217.39395782799875,217.53631335799946,1.0841420349988766,0.639892578125,0.156005859375,-0.009033203125,4259293.0,0.785903,-0.1573631,-0.0009600790764963458,0.9508806863408056,-0.30955613156938994,0.846423,0.0007639667,42050.0,10160.0,26416.0,0.0167146,-2.8268663035530985
2026-09-18T18:54:08.082957+00:00,216.30981579299987,114,2,forward,32,0.64,0.639892578125,0.0,0.46566128730773926,dc,out1,0.0,1,217.53645366099954,217.6804946379998,1.2266378679996706,0.639892578125,0.156005859375,-0.009033203125,4259444.0,0.7656799,-0.1837204,0.03679458915452019,0.9325241182241805,-0.3592282382262907,0.8471286,0.0007463114,42068.0,9680.0,26384.0,0.0167873,-2.7738910139641537
2026-09-18T18:54:08.082957+00:00,216.30981579299987,114,2,forward,32,0.64,0.639892578125,0.0,0.46566128730773926,dc,out1,0.0,2,217.6806494479988,217.82353385899842,1.3708336549989326,0.639892578125,0.156005859375,-0.009033203125,4259579.0,0.7807585,-0.175537,0.008713198995347084,0.9389634723005484,-0.34390649579291843,0.8353701,0.0007579129,42084.0,10128.0,26560.0,0.01696017,-2.7905047500914804
2026-09-18T18:54:08.082957+00:00,216.30981579299987,114,2,forward,32,0.64,0.639892578125,0.0,0.46566128730773926,dc,out1,0.0,3,217.82374039599927,217.9663234419986,1.5139246029993956,0.639892578125,0.156005859375,-0.009033203125,4259716.0,0.788869,-0.1733584,-0.006528545749304881,0.9404707903660849,-0.3398118163904706,0.8404978,0.0007633274,42100.0,9936.0,26544.0,0.01728535,-2.7948681534236366
2026-09-18T18:54:08.082957+00:00,216.30981579299987,114,2,forward,32,0.64,0.639892578125,0.0,0.46566128730773926,dc,out1,0.0,4,217.9664673520001,218.11137962999965,1.6566515590002382,0.639892578125,0.156005859375,-0.009033203125,4259872.0,0.7925689,-0.1787141,-0.013434627343626562,0.9367033686453702,-0.34986613147967516,0.8297796,0.0007655615,42118.0,9968.0,26512.0,0.01723622,-2.784130745205413
2026-09-18T18:54:09.912612+00:00,218.13947071299845,115,2,forward,33,0.66,0.659912109375,0.0,0.46566128730773926,dc,out1,0.0,0,219.22198725699855,219.36437140699854,1.0825165440001001,0.659912109375,0.1546630859375,-0.009033203125,4261118.0,0.7770549,-0.07589573,0.016493895969954393,0.9883641628853513,-0.15120923556341095,0.8609754,0.0007622608,42266.0,11440.0,25216.0,0.01676125,-2.989780381931657
2026-09-18T18:54:09.912612+00:00,218.13947071299845,115,2,forward,33,0.66,0.659912109375,0.0,0.46566128730773926,dc,out1,0.0,1,219.36458469599893,219.50732131699988,1.2251139830004831,0.659912109375,0.1546630859375,-0.009033203125,4261269.0,0.7871348,-0.05284334,-0.003453886644160585,0.994414361149222,-0.10549004221837195,0.8502602,0.0007704818,42284.0,11776.0,25232.0,0.01662162,-3.0359053408407117
2026-09-18T18:54:09.912612+00:00,218.13947071299845,115,2,forward,33,0.66,0.659912109375,0.0,0.46566128730773926,dc,out1,0.0,2,219.50750033199984,219.6503641499985,1.3680296190013905,0.659912109375,0.1546630859375,-0.009033203125,4261402.0,0.7714536,-0.04111291,0.027791296496632263,0.9962337988948123,-0.08213319535149606,0.8840546,0.0007575468,42300.0,11312.0,25040.0,0.0166497,-3.0593349895338156
2026-09-18T18:54:09.912612+00:00,218.13947071299845,115,2,forward,33,0.66,0.659912109375,0.0,0.46566128730773926,dc,out1,0.0,3,219.65053092299968,219.7936073889996,1.511060210001233,0.659912109375,0.1546630859375,-0.009033203125,4261553.0,0.7872232,-0.02229332,-0.0036464375939475645,0.99899952553382,-0.04457186866259964,0.852314,0.000773436,42318.0,12320.0,24384.0,0.01670373,-3.097005716966962
2026-09-18T18:54:09.912612+00:00,218.13947071299845,115,2,forward,33,0.66,0.659912109375,0.0,0.46566128730773926,dc,out1,0.0,4,219.79387395899903,219.93747584899938,1.6544032460005837,0.659912109375,0.1546630859375,-0.009033203125,4261703.0,0.7914802,-0.01365097,-0.012159240099870978,0.9995533713309429,-0.027298548333926496,0.8462122,0.0007778696,42336.0,12304.0,24496.0,0.01668252,-3.114288694607646
2026-09-18T18:54:11.738645+00:00,219.96550337199915,116,2,forward,34,0.68,0.679931640625,0.0,0.46566128730773926,dc,out1,0.0,0,221.04362420599864,221.1863090279985,1.0781208339994919,0.679931640625,0.1502685546875,-0.009033203125,4262942.0,0.7909041,0.1321491,-0.010629282879912858,0.9652175463763286,0.2612319017898057,0.856427,0.0007918474,42484.0,10960.0,27264.0,0.01670828,2.8772791641945568
2026-09-18T18:54:11.738645+00:00,219.96550337199915,116,2,forward,34,0.68,0.679931640625,0.0,0.46566128730773926,dc,out1,0.0,1,221.18648830299935,221.3304959599991,1.2209849310002028,0.679931640625,0.1502685546875,-0.009033203125,4263093.0,0.7918836,0.138662,-0.012474926097643611,0.961710617621631,0.27378287779311444,0.8723774,0.0007905057,42502.0,10688.0,27504.0,0.01668597,2.864246501057981
2026-09-18T18:54:11.738645+00:00,219.96550337199915,116,2,forward,34,0.68,0.679931640625,0.0,0.46566128730773926,dc,out1,0.0,2,221.33074500699877,221.47343984500003,1.3652416349996201,0.679931640625,0.1502685546875,-0.009033203125,4263226.0,0.7790967,0.1537697,0.012011296050338195,0.9530056236895571,0.3027144033297219,0.8174826,0.000782214,42518.0,10736.0,26576.0,0.016713,2.8340303395610422
2026-09-18T18:54:11.738645+00:00,219.96550337199915,116,2,forward,34,0.68,0.679931640625,0.0,0.46566128730773926,dc,out1,0.0,3,221.47360833999846,221.61753297099858,1.5081049679993157,0.679931640625,0.1502685546875,-0.009033203125,4263377.0,0.7822522,0.1467622,0.006022782078283451,0.9572111687056059,0.28932767686705285,0.858379,0.0007848701,42536.0,10640.0,27264.0,0.0166608,2.848062771450017
2026-09-18T18:54:11.738645+00:00,219.96550337199915,116,2,forward,34,0.68,0.679931640625,0.0,0.46566128730773926,dc,out1,0.0,4,221.61769992399968,221.76045124699885,1.6521965520005324,0.679931640625,0.1502685546875,-0.009033203125,4263511.0,0.8029041,0.1575454,-0.033281376663195146,0.9501855624654878,0.309902802261527,0.8345763,0.0008029467,42552.0,10576.0,27296.0,0.0166891,2.8263211789642595
2026-09-18T18:54:13.562004+00:00,221.78886206700008,117,2,forward,35,0.7000000000000001,0.699951171875,0.0,0.46566128730773926,dc,out1,0.0,0,222.88166049699976,223.02523021099842,1.0927984299996751,0.699951171875,0.149169921875,-0.0091552734375,4264787.0,0.7926386,0.2011141,-0.013324703586425783,0.9200945279375464,0.39146968201090293,0.8362745,0.0008019009,42706.0,9904.0,27856.0,0.01644695,2.7393266818845654
2026-09-18T18:54:13.562004+00:00,221.78886206700008,117,2,forward,35,0.7000000000000001,0.699951171875,0.0,0.46566128730773926,dc,out1,0.0,1,223.02542634899874,223.16833000599945,1.2365642819986533,0.699951171875,0.149169921875,-0.0091552734375,4264919.0,0.7877611,0.209253,-0.004318000641213447,0.9136869119982972,0.4063958436222967,0.8425088,0.0007983683,42722.0,9792.0,28112.0,0.01651438,2.723082507020886
2026-09-18T18:54:13.562004+00:00,221.78886206700008,117,2,forward,35,0.7000000000000001,0.699951171875,0.0,0.46566128730773926,dc,out1,0.0,2,223.1684949949995,223.31226837899885,1.3796329279994097,0.699951171875,0.149169921875,-0.0091552734375,4265068.0,0.7886879,0.1982071,-0.006069200781849409,0.9224314796812049,0.3861131053137311,0.872778,0.0007934789,42740.0,9824.0,28288.0,0.01655357,2.7451707442579485
2026-09-18T18:54:13.562004+00:00,221.78886206700008,117,2,forward,35,0.7000000000000001,0.699951171875,0.0,0.46566128730773926,dc,out1,0.0,3,223.31241920199864,223.45559003699964,1.5235571349985548,0.699951171875,0.149169921875,-0.0091552734375,4265218.0,0.8037423,0.1826858,-0.03425883219890218,0.9333625351152053,0.35729639021362164,0.8461284,0.0008076697,42758.0,10096.0,28112.0,0.01668563,2.7759963540466637
2026-09-18T18:54:13.562004+00:00,221.78886206700008,117,2,forward,35,0.7000000000000001,0.699951171875,0.0,0.46566128730773926,dc,out1,0.0,4,223.45579721499962,223.60041991899925,1.6669351479995385,0.699951171875,0.149169921875,-0.0091552734375,4265351.0,0.790757,0.1628915,-0.010153733672211855,0.9473460044434184,0.3200506984176169,0.8809734,0.0007892014,42774.0,10256.0,27904.0,0.01670418,2.8157922378627993
2026-09-18T18:54:15.405721+00:00,223.63257968699872,118,2,forward,36,0.72,0.719970703125,0.0,0.46566128730773926,dc,out1,0.0,0,224.71207641199908,224.85535427600007,1.0794967250003538,0.719970703125,0.1473388671875,-0.0091552734375,4266620.0,0.7932118,0.277403,-0.013282683010120129,0.8498988631056565,0.5267784096029042,0.8509628,0.0008128617,42926.0,8832.0,29248.0,0.01667495,2.586731975398815
2026-09-18T18:54:15.405721+00:00,223.63257968699872,118,2,forward,36,0.72,0.719970703125,0.0,0.46566128730773926,dc,out1,0.0,1,224.85552534599992,224.99938095200014,1.2229456590011978,0.719970703125,0.1473388671875,-0.0091552734375,4266753.0,0.7888584,0.2850686,-0.005825794207801071,0.8418067710146983,0.5397475524684254,0.836677,0.000807891,42942.0,8576.0,29040.0,0.01667635,2.5714445727924824
2026-09-18T18:54:15.405721+00:00,223.63257968699872,118,2,forward,36,0.72,0.719970703125,0.0,0.46566128730773926,dc,out1,0.0,2,224.99953650299904,225.14315188899855,1.366956816000311,0.719970703125,0.1473388671875,-0.0091552734375,4266903.0,0.791757,0.2817417,-0.01075122653341472,0.845331274215758,0.5341342976825117,0.8708948,0.0008070125,42960.0,8912.0,29808.0,0.01668795,2.578072734739297
2026-09-18T18:54:15.405721+00:00,223.63257968699872,118,2,forward,36,0.72,0.719970703125,0.0,0.46566128730773926,dc,out1,0.0,3,225.14329494699996,225.28637118199913,1.5107152600012341,0.719970703125,0.1473388671875,-0.0091552734375,4267038.0,0.7842401,0.2761285,0.0019718157524447268,0.8513403630967952,0.5246100438467178,0.868536,0.0008024291,42976.0,8912.0,29840.0,0.01700958,2.589334455646373
2026-09-18T18:54:15.405721+00:00,223.63257968699872,118,2,forward,36,0.72,0.719970703125,0.0,0.46566128730773926,dc,out1,0.0,4,225.28651419999915,225.4293040169996,1.6539345130004222,0.719970703125,0.1473388671875,-0.0091552734375,4267192.0,0.7719611,0.2649901,0.023184664638004525,0.8625055273462169,0.5055162575257572,0.8670562,0.0007942379,42994.0,8896.0,29424.0,0.01723597,2.611454916359124
2026-09-18T18:54:17.236543+00:00,225.463401392999,119,2,forward,37,0.74,0.739990234375,0.0,0.46566128730773926,dc,out1,0.0,0,226.55619265399946,226.70133792999877,1.0927912610004569,0.739990234375,0.1474609375,-0.0091552734375,4268461.0,0.776996,0.2761212,0.014305695446853093,0.8512301041820989,0.5245976141881652,0.8787322,0.0007946274,43144.0,8720.0,29456.0,0.01673885,2.589287189653621
2026-09-18T18:54:17.236543+00:00,225.463401392999,119,2,forward,37,0.74,0.739990234375,0.0,0.46566128730773926,dc,out1,0.0,1,226.70154153099975,226.84516265399907,1.2381401380007446,0.739990234375,0.1474609375,-0.0091552734375,4268595.0,0.7934792,0.2661384,-0.013925506117692185,0.8615413019070981,0.507496468349868,0.8714086,0.0008040912,43160.0,9024.0,29760.0,0.0168163,2.609258736949456
2026-09-18T18:54:17.236543+00:00,225.463401392999,119,2,forward,37,0.74,0.739990234375,0.0,0.46566128730773926,dc,out1,0.0,2,226.84530392799934,226.98922782699992,1.3819025350003358,0.739990234375,0.1474609375,-0.0091552734375,4268746.0,0.7950655,0.2824366,-0.016330139603048,0.8444986104843921,0.5353087178726647,0.8483722,0.0008096579,43178.0,8992.0,29376.0,0.01674287,2.576634931057639
2026-09-18T18:54:17.236543+00:00,225.463401392999,119,2,forward,37,0.74,0.739990234375,0.0,0.46566128730773926,dc,out1,0.0,3,226.98935351299951,227.13356721499986,1.525952120000511,0.739990234375,0.1474609375,-0.0091552734375,4268897.0,0.7872886,0.2910214,-0.0031583123996343815,0.8353354315072251,0.5497315180444216,0.8436852,0.0008052236,43196.0,8976.0,29264.0,0.01682052,2.5595465713483594
2026-09-18T18:54:17.236543+00:00,225.463401392999,119,2,forward,37,0.74,0.739990234375,0.0,0.46566128730773926,dc,out1,0.0,4,227.13378912000007,227.2764875539997,1.6703877270010707,0.739990234375,0.1474609375,-0.0091552734375,4269031.0,0.7812288,0.2848068,0.007022039056413846,0.8420801485284485,0.5393066979203914,0.85247,0.0008003277,43212.0,8720.0,29584.0,0.01683038,2.5719632635934913
2026-09-18T18:54:19.077790+00:00,227.3046494350001,120,2,forward,38,0.76,0.7598876953125,0.0,0.46566128730773926,dc,out1,0.0,0,228.38357935299973,228.52629431499918,1.0789299179996306,0.7598876953125,0.1448974609375,-0.0091552734375,4270290.0,0.7838913,0.4324045,0.0019552592044763156,0.6487825267387729,0.7609713594872654,0.857727,0.0008204488,43362.0,7232.0,31632.0,0.01675348,2.2767814115274048
2026-09-18T18:54:19.077790+00:00,227.3046494350001,120,2,forward,38,0.76,0.7598876953125,0.0,0.46566128730773926,dc,out1,0.0,1,228.52645488599956,228.66966664799838,1.2218054509994545,0.7598876953125,0.1448974609375,-0.0091552734375,4270423.0,0.7640258,0.4369367,0.027427826104036504,0.6412748789676007,0.7668208682347499,0.8712764,0.0008110381,43378.0,7120.0,31760.0,0.01647385,2.267269507469312
2026-09-18T18:54:19.077790+00:00,227.3046494350001,120,2,forward,38,0.76,0.7598876953125,0.0,0.46566128730773926,dc,out1,0.0,2,228.6698322079992,228.81259529899944,1.3651827729991055,0.7598876953125,0.1448974609375,-0.0091552734375,4270570.0,0.7639281,0.4446332,0.027043190987827655,0.6294012087353702,0.7766098018076071,0.8723038,0.0008083129,43396.0,7248.0,31440.0,0.01629787,2.2518751048503347
2026-09-18T18:54:19.077790+00:00,227.3046494350001,120,2,forward,38,0.76,0.7598876953125,0.0,0.46566128730773926,dc,out1,0.0,3,228.8127943519994,228.9562210969998,1.5081449169992993,0.7598876953125,0.1448974609375,-0.0091552734375,4270716.0,0.7683182,0.4627846,0.02053909898389148,0.60102907879854,0.7989631980582763,0.8582104,0.0008186206,43414.0,7120.0,31472.0,0.0162641,2.2157430852546227
2026-09-18T18:54:19.077790+00:00,227.3046494350001,120,2,forward,38,0.76,0.7598876953125,0.0,0.46566128730773926,dc,out1,0.0,4,228.95635021899943,229.100445004,1.6517007839993312,0.7598876953125,0.1448974609375,-0.0091552734375,4270864.0,0.7719947,0.4702295,0.015798573914132894,0.5892055254585306,0.8078287280305253,0.86988,0.0008202603,43432.0,6976.0,31760.0,0.01650018,2.2009625597280595
2026-09-18T18:54:20.904428+00:00,229.13128660199982,121,2,forward,39,0.78,0.7799072265625,0.0,0.46566128730773926,dc,out1,0.0,0,230.2183523269996,230.36150653799996,1.0870657249997748,0.7799072265625,0.1429443359375,-0.0091552734375,4272120.0,0.7631834,0.5524047,0.019955829145166193,0.44886133240622395,0.8933785698983596,0.858657,0.0008320813,43584.0,6576.0,32336.0,0.01651313,2.0363870622730995
2026-09-18T18:54:20.904428+00:00,229.13128660199982,121,2,forward,39,0.78,0.7799072265625,0.0,0.46566128730773926,dc,out1,0.0,1,230.361704818999,230.50541669299855,1.230418216999169,0.7799072265625,0.1429443359375,-0.0091552734375,4272269.0,0.7529759,0.5528275,0.029065576080948608,0.447606415793597,0.8937581825233781,0.8611514,0.0008260708,43602.0,6656.0,32208.0,0.01654322,2.035094749644011
2026-09-18T18:54:20.904428+00:00,229.13128660199982,121,2,forward,39,0.78,0.7799072265625,0.0,0.46566128730773926,dc,out1,0.0,2,230.50562876000004,230.64833929999986,1.3743421580002178,0.7799072265625,0.1429443359375,-0.0091552734375,4272402.0,0.7486969,0.5431125,0.03416233486166619,0.46457471607611345,0.8848747188498483,0.8579802,0.0008259564,43618.0,6576.0,32144.0,0.01655865,2.0542570500162047
2026-09-18T18:54:20.904428+00:00,229.13128660199982,121,2,forward,39,0.78,0.7799072265625,0.0,0.46566128730773926,dc,out1,0.0,3,230.6484887890001,230.7913713809994,1.5172021870002936,0.7799072265625,0.1429443359375,-0.0091552734375,4272551.0,0.7628947,0.5347738,0.02161947406894357,0.4800344302062629,0.8769832063144258,0.8592578,0.0008290669,43636.0,6736.0,32256.0,0.0165768,2.071618218008378
2026-09-18T18:54:20.904428+00:00,229.13128660199982,121,2,forward,39,0.78,0.7799072265625,0.0,0.46566128730773926,dc,out1,0.0,4,230.79153000799852,230.93530819699845,1.660243405998699,0.7799072265625,0.1429443359375,-0.0091552734375,4272700.0,0.7484948,0.5235753,0.03687286604141715,0.49867930955778694,0.8660019272316087,0.870734,0.0008144708,43654.0,6800.0,32208.0,0.0165392,2.093262318621011
2026-09-18T18:54:22.736499+00:00,230.96335720499883,122,2,forward,40,0.8,0.7999267578125,0.0,0.46566128730773926,dc,out1,0.0,0,232.04111548499895,232.1833722829997,1.0777582800001255,0.7999267578125,0.141845703125,-0.0091552734375,4273939.0,0.7329726,0.6284948,0.03230635241155397,0.30698645898823274,0.9511653976000843,0.8707498,0.0008272056,43802.0,6416.0,32704.0,0.01693892,1.8829897646684046
2026-09-18T18:54:22.736499+00:00,230.96335720499883,122,2,forward,40,0.8,0.7999267578125,0.0,0.46566128730773926,dc,out1,0.0,1,232.18352137199872,232.32730876499954,1.2201641669998935,0.7999267578125,0.141845703125,-0.0091552734375,4274093.0,0.7120591,0.6519138,0.038556374011280516,0.2609759938489129,0.9645750031271153,0.867797,0.0008275923,43820.0,6400.0,32752.0,0.0172972,1.8350305987743951
2026-09-18T18:54:22.736499+00:00,230.96335720499883,122,2,forward,40,0.8,0.7999267578125,0.0,0.46566128730773926,dc,out1,0.0,2,232.32746961599878,232.4711122459994,1.364112410999951,0.7999267578125,0.141845703125,-0.0091552734375,4274232.0,0.7038558,0.6604106,0.04016527924452455,0.244097409021919,0.9689185751403445,0.8625784,0.0008323678,43836.0,6384.0,32816.0,0.01738182,1.817588452726036
2026-09-18T18:54:22.736499+00:00,230.96335720499883,122,2,forward,40,0.8,0.7999267578125,0.0,0.46566128730773926,dc,out1,0.0,3,232.47125312999924,232.61527813700013,1.5078959250004118,0.7999267578125,0.141845703125,-0.0091552734375,4274371.0,0.6861592,0.6639391,0.0474282746934774,0.23581385255627577,0.9706401937392491,0.860445,0.0008325101,43852.0,6352.0,32720.0,0.0173904,1.809125672557975
2026-09-18T18:54:22.736499+00:00,230.96335720499883,122,2,forward,40,0.8,0.7999267578125,0.0,0.46566128730773926,dc,out1,0.0,4,232.61545162199945,232.75827844499872,1.652094417000626,0.7999267578125,0.141845703125,-0.0091552734375,4274509.0,0.6945566,0.6611909,0.04442462492022852,0.24182072426418053,0.9693034561049724,0.8680536,0.0008301148,43868.0,6416.0,32720.0,0.0171253,1.8152844480575694
2026-09-18T18:54:24.559342+00:00,232.7862015269984,123,2,reverse,0,0.8,0.7999267578125,0.0,0.46566128730773926,dc,out1,0.0,0,233.86969852499897,234.0125585779988,1.0834969980005553,0.7999267578125,0.1412353515625,-0.0091552734375,4275763.0,0.6528216,0.6897989,0.049800198860403135,0.1833944222047865,0.9817771774173796,0.8671004,0.0008326426,44018.0,6336.0,32896.0,0.0166899,1.755466434724539
2026-09-18T18:54:24.559342+00:00,232.7862015269984,123,2,reverse,0,0.8,0.7999267578125,0.0,0.46566128730773926,dc,out1,0.0,1,234.01272046099984,234.15612065599998,1.226518934001433,0.7999267578125,0.1412353515625,-0.0091552734375,4275913.0,0.6358453,0.6948011,0.05310003042977241,0.17220327860283768,0.9836292073778568,0.8680532,0.0008280432,44036.0,6320.0,32816.0,0.01668848,1.7441092349909861
2026-09-18T18:54:24.559342+00:00,232.7862015269984,123,2,reverse,0,0.8,0.7999267578125,0.0,0.46566128730773926,dc,out1,0.0,2,234.15628422199916,234.30014709199895,1.3700826950007468,0.7999267578125,0.1412353515625,-0.0091552734375,4276063.0,0.6518274,0.6878732,0.05116253543129505,0.1869407631686684,0.9810379941848111,0.8666106,0.0008333703,44054.0,6288.0,32912.0,0.0166448,1.7590929647829572
2026-09-18T18:54:24.559342+00:00,232.7862015269984,123,2,reverse,0,0.8,0.7999267578125,0.0,0.46566128730773926,dc,out1,0.0,3,234.30028521099848,234.44345690599948,1.5140836840000702,0.7999267578125,0.1412353515625,-0.0091552734375,4276196.0,0.6579188,0.6835949,0.05099661875199798,0.1956662045501733,0.9793436992561871,0.871645,0.0008286846,44070.0,6336.0,32832.0,0.0167012,1.7679930256883758
2026-09-18T18:54:24.559342+00:00,232.7862015269984,123,2,reverse,0,0.8,0.7999267578125,0.0,0.46566128730773926,dc,out1,0.0,4,234.44362458999967,234.5864326539995,1.6574230630012607,0.7999267578125,0.1412353515625,-0.0091552734375,4276347.0,0.6336767,0.6958487,0.05323047840772883,0.17000423381233457,0.9840046121103119,0.8681456,0.0008293613,44088.0,6304.0,32832.0,0.01668282,1.7418752279987566
2026-09-18T18:54:26.395645+00:00,234.62250254899845,124,2,reverse,1,0.78,0.7799072265625,0.0,0.46566128730773926,dc,out1,0.0,0,235.70420620099867,235.84818370299945,1.0817036520002148,0.7799072265625,0.1424560546875,-0.0091552734375,4277612.0,0.7432407,0.5743667,0.034498129583019295,0.40818800388632226,0.9122458180438938,0.8667544,0.0008223052,44240.0,6576.0,32384.0,0.01666208,1.9915309479845877
2026-09-18T18:54:26.395645+00:00,234.62250254899845,124,2,reverse,1,0.78,0.7799072265625,0.0,0.46566128730773926,dc,out1,0.0,1,235.84835343099985,235.99311361799846,1.2258508820013958,0.7799072265625,0.1424560546875,-0.0091552734375,4277745.0,0.7456413,0.5795684,0.031782373289299067,0.3988665313451942,0.9164580573712868,0.8546742,0.0008311413,44256.0,6496.0,32272.0,0.01662542,1.9812966506196
2026-09-18T18:54:26.395645+00:00,234.62250254899845,124,2,reverse,1,0.78,0.7799072265625,0.0,0.46566128730773926,dc,out1,0.0,2,235.9932732769994,236.13629332599885,1.3707707280009345,0.7799072265625,0.1424560546875,-0.0091552734375,4277895.0,0.7482609,0.5648735,0.031677804600659616,0.4257116424513463,0.9043042155033114,0.8617852,0.000824715,44274.0,6528.0,32448.0,0.01659853,2.0107807817448884
2026-09-18T18:54:26.395645+00:00,234.62250254899845,124,2,reverse,1,0.78,0.7799072265625,0.0,0.46566128730773926,dc,out1,0.0,3,236.13646292399972,236.27927905999968,1.5139603750012611,0.7799072265625,0.1424560546875,-0.0091552734375,4278044.0,0.7516628,0.5682842,0.028364084872586074,0.41975286990180916,0.9071951316550015,0.8608532,0.00082816,44292.0,6592.0,32288.0,0.01663292,2.0041555042222767
2026-09-18T18:54:26.395645+00:00,234.62250254899845,124,2,reverse,1,0.78,0.7799072265625,0.0,0.46566128730773926,dc,out1,0.0,4,236.27943716699883,236.42240835199846,1.6569346180003777,0.7799072265625,0.1424560546875,-0.0091552734375,4278178.0,0.7391498,0.5565704,0.04081106733361293,0.43995732580983404,0.8970908584136563,0.8664152,0.0008192375,44308.0,6592.0,32336.0,0.01664442,2.0267560219861407
2026-09-18T18:54:28.226895+00:00,236.45375366999906,125,2,reverse,2,0.76,0.7598876953125,0.0,0.46566128730773926,dc,out1,0.0,0,237.53768610799852,237.68134626199935,1.083932437999465,0.7598876953125,0.1436767578125,-0.0091552734375,4279444.0,0.762134,0.4875468,0.026097187169285756,0.5604833394138765,0.8277544098712616,0.8582652,0.000820227,44460.0,6960.0,31616.0,0.01666682,2.1659962377362314
2026-09-18T18:54:28.226895+00:00,236.45375366999906,125,2,reverse,2,0.76,0.7598876953125,0.0,0.46566128730773926,dc,out1,0.0,1,237.68152679999912,237.8245051670001,1.2277731300000596,0.7598876953125,0.1436767578125,-0.0091552734375,4279577.0,0.7700478,0.4798594,0.017611784900979477,0.5734799515287113,0.8190302620948926,0.8623084,0.0008183674,44476.0,7120.0,31808.0,0.0166645,2.181652379225648
2026-09-18T18:54:28.226895+00:00,236.45375366999906,125,2,reverse,2,0.76,0.7598876953125,0.0,0.46566128730773926,dc,out1,0.0,2,237.82474416500008,237.96851710899864,1.370990495001024,0.7598876953125,0.1436767578125,-0.0091552734375,4279727.0,0.7610439,0.4773021,0.028139077195772116,0.5772463675673007,0.8160850589643993,0.8749984,0.0008114011,44494.0,7056.0,31808.0,0.01668682,2.1864288529758205
2026-09-18T18:54:28.226895+00:00,236.45375366999906,125,2,reverse,2,0.76,0.7598876953125,0.0,0.46566128730773926,dc,out1,0.0,3,237.96874472599848,238.11243004599964,1.5149910559994169,0.7598876953125,0.1436767578125,-0.0091552734375,4279877.0,0.7645877,0.472489,0.024372865341142216,0.5852534259541127,0.8104840472483321,0.868665,0.0008160613,44512.0,6992.0,31824.0,0.01660232,2.196203385934217
2026-09-18T18:54:28.226895+00:00,236.45375366999906,125,2,reverse,2,0.76,0.7598876953125,0.0,0.46566128730773926,dc,out1,0.0,4,238.11259340200013,238.2553087569995,1.65883973200107,0.7598876953125,0.1436767578125,-0.0091552734375,4280010.0,0.7678237,0.4866547,0.0197695396764323,0.5622190889238742,0.8267519950690115,0.8668204,0.0008183902,44528.0,7024.0,31792.0,0.01670495,2.167995921925079
2026-09-18T18:54:30.056089+00:00,238.28294812499917,126,2,reverse,3,0.74,0.739990234375,0.0,0.46566128730773926,dc,out1,0.0,0,239.36053712899957,239.50435612699948,1.0775890040004015,0.739990234375,0.145263671875,-0.0091552734375,4281265.0,0.7641719,0.3886481,0.03025160165865832,0.7121702390913912,0.7013546828457029,0.8606232,0.0008018336,44680.0,7824.0,30640.0,0.01650712,2.3638458198712224
2026-09-18T18:54:30.056089+00:00,238.28294812499917,126,2,reverse,3,0.74,0.739990234375,0.0,0.46566128730773926,dc,out1,0.0,1,239.50449770199884,239.64819629299927,1.2215495769996778,0.739990234375,0.145263671875,-0.0091552734375,4281414.0,0.7843295,0.390562,0.0015177629115645833,0.7101209810577522,0.7040780415957594,0.8507516,0.0008162936,44698.0,7488.0,30992.0,0.01650085,2.360467511589182
2026-09-18T18:54:30.056089+00:00,238.28294812499917,126,2,reverse,3,0.74,0.739990234375,0.0,0.46566128730773926,dc,out1,0.0,2,239.6483370469996,239.79237927199938,1.3653889220004203,0.739990234375,0.145263671875,-0.0091552734375,4281546.0,0.7749643,0.3838746,0.015012732937764364,0.7193190644907804,0.6945176033117144,0.8652264,0.0008085248,44714.0,7760.0,30656.0,0.01663762,2.3737346475831735
2026-09-18T18:54:30.056089+00:00,238.28294812499917,126,2,reverse,3,0.74,0.739990234375,0.0,0.46566128730773926,dc,out1,0.0,3,239.79254008299904,239.93535178399907,1.5095919579998736,0.739990234375,0.145263671875,-0.0091552734375,4281696.0,0.7922204,0.3870389,-0.009756396256682613,0.7149994468621661,0.6990569388246418,0.8556738,0.0008204623,44732.0,7696.0,30912.0,0.01663658,2.3674683211132015
2026-09-18T18:54:30.056089+00:00,238.28294812499917,126,2,reverse,3,0.74,0.739990234375,0.0,0.46566128730773926,dc,out1,0.0,4,239.9354985689988,240.0784041959996,1.652550443999644,0.739990234375,0.145263671875,-0.0091552734375,4281829.0,0.7777565,0.3719071,0.011246429760048518,0.7358053812507919,0.6770996667699882,0.8679774,0.0008062895,44748.0,7936.0,30848.0,0.01663538,2.3977202578625154
2026-09-18T18:54:31.879435+00:00,240.10629357200014,127,2,reverse,4,0.72,0.719970703125,0.0,0.46566128730773926,dc,out1,0.0,0,241.191376630999,241.33478271199965,1.0850830589988618,0.719970703125,0.146240234375,-0.009033203125,4283094.0,0.7768647,0.3385722,0.013300721847050511,0.7792516233545088,0.6265700266512197,0.8587948,0.0008034579,44900.0,8304.0,30048.0,0.01662613,2.4643771291075374
2026-09-18T18:54:31.879435+00:00,240.10629357200014,127,2,reverse,4,0.72,0.719970703125,0.0,0.46566128730773926,dc,out1,0.0,1,241.33493674999954,241.47924695299844,1.2286431779994018,0.719970703125,0.146240234375,-0.009033203125,4283244.0,0.7778392,0.3499695,0.011562981800598783,0.7647940773194651,0.6441710306657286,0.8631696,0.0008040609,44918.0,8080.0,30736.0,0.01673463,2.4415973455276165
2026-09-18T18:54:31.879435+00:00,240.10629357200014,127,2,reverse,4,0.72,0.719970703125,0.0,0.46566128730773926,dc,out1,0.0,2,241.47944060599912,241.62344257199948,1.3731470339989755,0.719970703125,0.146240234375,-0.009033203125,4283380.0,0.7770521,0.3380481,0.013019612653526974,0.7799128047253877,0.6257527520608531,0.8712308,0.0008040185,44934.0,8208.0,30288.0,0.01707248,2.4654284503807236
2026-09-18T18:54:31.879435+00:00,240.10629357200014,127,2,reverse,4,0.72,0.719970703125,0.0,0.46566128730773926,dc,out1,0.0,3,241.62362748799933,241.76637088799907,1.5173339159991883,0.719970703125,0.146240234375,-0.009033203125,4283517.0,0.7695869,0.3428797,0.024469808191943967,0.773551441127086,0.6332609228566516,0.848969,0.0008022858,44950.0,8256.0,30128.0,0.01714408,2.455588152023928
2026-09-18T18:54:31.879435+00:00,240.10629357200014,127,2,reverse,4,0.72,0.719970703125,0.0,0.46566128730773926,dc,out1,0.0,4,241.76656210599867,241.9095346739996,1.6602685339985328,0.719970703125,0.146240234375,-0.009033203125,4283671.0,0.7742496,0.3321419,0.01755437813062978,0.7871628068139785,0.6164953847168573,0.8390776,0.0008061906,44968.0,8368.0,29920.0,0.01699273,2.477188178089876
2026-09-18T18:54:33.710947+00:00,241.9378023879999,128,2,reverse,5,0.7000000000000001,0.699951171875,0.0,0.46566128730773926,dc,out1,0.0,0,243.01585959599834,243.1601278679991,1.0780572079984267,0.699951171875,0.149169921875,-0.0091552734375,4284924.0,0.7891681,0.1784867,-0.0070644830767327554,0.9369320959169859,0.3494400388041737,0.8628954,0.0007927318,45116.0,10144.0,28032.0,0.01684707,2.784609946798051
2026-09-18T18:54:33.710947+00:00,241.9378023879999,128,2,reverse,5,0.7000000000000001,0.699951171875,0.0,0.46566128730773926,dc,out1,0.0,1,243.16028474199993,243.3051896449997,1.2224823540000216,0.699951171875,0.149169921875,-0.0091552734375,4285059.0,0.7719774,0.1694623,0.025311546598939024,0.9427730316624214,0.3324730611325021,0.8471328,0.0007791163,45132.0,10384.0,27536.0,0.01683392,2.802555069418024
2026-09-18T18:54:33.710947+00:00,241.9378023879999,128,2,reverse,5,0.7000000000000001,0.699951171875,0.0,0.46566128730773926,dc,out1,0.0,2,243.30534512599843,243.44830052899852,1.3675427379985194,0.699951171875,0.149169921875,-0.0091552734375,4285210.0,0.782973,0.1700033,0.004572639610367549,0.9427413750730516,0.3334933143143435,0.8495568,0.0007849848,45150.0,10384.0,27712.0,0.01680092,2.801582355303715
2026-09-18T18:54:33.710947+00:00,241.9378023879999,128,2,reverse,5,0.7000000000000001,0.699951171875,0.0,0.46566128730773926,dc,out1,0.0,3,243.44843039199986,243.59215474399934,1.5106280039999547,0.699951171875,0.149169921875,-0.0091552734375,4285345.0,0.7841591,0.1835307,0.002313046394201633,0.9333830956795511,0.3588741374298741,0.8400998,0.0007932663,45166.0,10176.0,27648.0,0.01686127,2.7745302250492454
2026-09-18T18:54:33.710947+00:00,241.9378023879999,128,2,reverse,5,0.7000000000000001,0.699951171875,0.0,0.46566128730773926,dc,out1,0.0,4,243.59229064899955,243.7364174739996,1.654488260999642,0.699951171875,0.149169921875,-0.0091552734375,4285497.0,0.781633,0.1832007,0.007030416951720701,0.9335961445205314,0.3582580245770971,0.8588348,0.0007894616,45184.0,9968.0,28240.0,0.01685177,2.7751817699811716
2026-09-18T18:54:35.539917+00:00,243.7667754209997,129,2,reverse,6,0.68,0.679931640625,0.0,0.46566128730773926,dc,out1,0.0,0,244.85155815299913,244.9951668369995,1.0847827319994394,0.679931640625,0.1512451171875,-0.009033203125,4286746.0,0.7758519,0.07267496,0.018890053834759616,0.989274949595315,0.14483866876392737,0.8445754,0.000774323,45332.0,11680.0,26128.0,0.0169221,2.996216609460439
2026-09-18T18:54:35.539917+00:00,243.7667754209997,129,2,reverse,6,0.68,0.679931640625,0.0,0.46566128730773926,dc,out1,0.0,1,244.99530331200003,245.13843654599987,1.2285278910003399,0.679931640625,0.1512451171875,-0.009033203125,4286897.0,0.7792114,0.08376056,0.012199999974238842,0.985925641613416,0.16673868540264594,0.850808,0.0007777856,45350.0,11520.0,26192.0,0.0168991,2.9740589473044317
2026-09-18T18:54:35.539917+00:00,243.7667754209997,129,2,reverse,6,0.68,0.679931640625,0.0,0.46566128730773926,dc,out1,0.0,2,245.13860351899893,245.2831686919999,1.3718280979992414,0.679931640625,0.1512451171875,-0.009033203125,4287049.0,0.7795788,0.08779052,0.01145952507977882,0.9845585209992416,0.1746802736794626,0.8588906,0.000775459,45368.0,11600.0,26192.0,0.01684938,2.9659999637653316
2026-09-18T18:54:35.539917+00:00,243.7667754209997,129,2,reverse,6,0.68,0.679931640625,0.0,0.46566128730773926,dc,out1,0.0,3,245.28332515500006,245.42633069799922,1.516549734000364,0.679931640625,0.1512451171875,-0.009033203125,4287184.0,0.7924614,0.08533882,-0.013920751070341608,0.9853715687093861,0.16985018183340567,0.8627302,0.0007845781,45384.0,11616.0,26592.0,0.01685442,2.9708983110796248
2026-09-18T18:54:35.539917+00:00,243.7667754209997,129,2,reverse,6,0.68,0.679931640625,0.0,0.46566128730773926,dc,out1,0.0,4,245.4264604809996,245.57014930199875,1.6596850599999016,0.679931640625,0.1512451171875,-0.009033203125,4287336.0,0.7900348,0.08920548,-0.009125947146393202,0.9840846216918818,0.17746598107306905,0.8434528,0.0007837876,45402.0,11584.0,26240.0,0.01689468,2.963174183980878
2026-09-18T18:54:37.371846+00:00,245.5987044529993,130,2,reverse,7,0.66,0.659912109375,0.0,0.46566128730773926,dc,out1,0.0,0,246.67929055199966,246.8222655849986,1.0805860990003566,0.659912109375,0.1534423828125,-0.0091552734375,4288586.0,0.7703107,-0.0440378,0.03005340306354202,0.995670386995572,-0.08796177251731746,0.8587928,0.0007564126,45550.0,12144.0,24944.0,0.01690573,-3.053477148064667
2026-09-18T18:54:37.371846+00:00,245.5987044529993,130,2,reverse,7,0.66,0.659912109375,0.0,0.46566128730773926,dc,out1,0.0,1,246.8224124799999,246.96527303899893,1.2237080270006118,0.659912109375,0.1534423828125,-0.0091552734375,4288721.0,0.7904737,-0.04479983,-0.010110179912338485,0.9959373201488467,-0.08947982228901512,0.856584,0.0007727614,45566.0,11936.0,24784.0,0.01678493,-3.0519884016954433
2026-09-18T18:54:37.371846+00:00,245.5987044529993,130,2,reverse,7,0.66,0.659912109375,0.0,0.46566128730773926,dc,out1,0.0,2,246.96540635899873,247.10920604700004,1.3667019059994345,0.659912109375,0.1534423828125,-0.0091552734375,4288873.0,0.7903126,-0.06755367,-0.009739144677134841,0.9908390157776693,-0.13469667358066914,0.8274259,0.0007713188,45584.0,11344.0,25328.0,0.01692192,-3.006478866324827
2026-09-18T18:54:37.371846+00:00,245.5987044529993,130,2,reverse,7,0.66,0.659912109375,0.0,0.46566128730773926,dc,out1,0.0,3,247.10938117399928,247.25250252099977,1.5106767209999816,0.659912109375,0.1534423828125,-0.0091552734375,4289008.0,0.7811674,-0.07227055,0.008373191000620409,0.9895366840550617,-0.14403833025198606,0.841061,0.0007630206,45600.0,11760.0,25040.0,0.01694853,-2.9970464508240577
2026-09-18T18:54:37.371846+00:00,245.5987044529993,130,2,reverse,7,0.66,0.659912109375,0.0,0.46566128730773926,dc,out1,0.0,4,247.25266385299983,247.39532582899847,1.6539594000005309,0.659912109375,0.1534423828125,-0.0091552734375,4289160.0,0.7713529,-0.0300301,0.02803619009929774,0.9978031267233078,-0.060024098043256424,0.8516194,0.0007584637,45618.0,12640.0,24768.0,0.01693287,-3.0815088067103655
2026-09-18T18:54:39.196993+00:00,247.42385110299983,131,2,reverse,8,0.64,0.639892578125,0.0,0.46566128730773926,dc,out1,0.0,0,248.5071712329991,248.65048384500005,1.0833201299992652,0.639892578125,0.15380859375,-0.0091552734375,4290415.0,0.7811916,-0.06850589,0.00833418536516203,0.990593501589045,-0.13658351278193775,0.8180726,0.000764011,45768.0,11472.0,25328.0,0.0166534,-3.00457608501233
2026-09-18T18:54:39.196993+00:00,247.42385110299983,131,2,reverse,8,0.64,0.639892578125,0.0,0.46566128730773926,dc,out1,0.0,1,248.65067988199917,248.79418576499847,1.2268287789993337,0.639892578125,0.15380859375,-0.0091552734375,4290548.0,0.7782892,-0.08666556,0.014004409742571357,0.984916174534923,-0.17246450547070566,0.8754604,0.0007595998,45784.0,10832.0,25728.0,0.01663693,-2.9682443615960135
2026-09-18T18:54:39.196993+00:00,247.42385110299983,131,2,reverse,8,0.64,0.639892578125,0.0,0.46566128730773926,dc,out1,0.0,2,248.7943524379989,248.93741779599986,1.3705013349990622,0.639892578125,0.15380859375,-0.0091552734375,4290697.0,0.7923432,-0.09659992,-0.013631208542049935,0.9813002197830459,-0.19200017918592896,0.8320597,0.00077198,45802.0,11216.0,25664.0,0.01638958,-2.94837463509712
2026-09-18T18:54:39.196993+00:00,247.42385110299983,131,2,reverse,8,0.64,0.639892578125,0.0,0.46566128730773926,dc,out1,0.0,3,248.93760234199908,249.0812289810001,1.513751238999248,0.639892578125,0.15380859375,-0.0091552734375,4290844.0,0.7835781,-0.1074486,0.0035563899134075233,0.9769918482979321,-0.21324699400032399,0.8432012,0.000764067,45820.0,10832.0,25584.0,0.01622158,-2.9266940732626456
2026-09-18T18:54:39.196993+00:00,247.42385110299983,131,2,reverse,8,0.64,0.639892578125,0.0,0.46566128730773926,dc,out1,0.0,4,249.08139594399836,249.22426743999858,1.6575448409985256,0.639892578125,0.15380859375,-0.0091552734375,4290990.0,0.7825813,-0.1234431,0.005462872538975566,0.9696627015449673,-0.24438576524858935,0.8268067,0.0007625967,45838.0,10784.0,25920.0,0.01620157,-2.8947026928750805
2026-09-18T18:54:41.243259+00:00,249.47011764299896,132,2,reverse,9,0.62,0.6199951171875,0.0,0.46566128730773926,dc,out1,0.0,0,250.5490770409997,250.69152948800001,1.078959398000734,0.6199951171875,0.156005859375,-0.0091552734375,4292443.0,0.7871869,-0.1624019,-0.0033904119072697375,0.9477072919982127,-0.3191228506398648,0.8283518,0.000762778,46014.0,10352.0,26560.0,0.01668648,-2.816786918238885
2026-09-18T18:54:41.243259+00:00,249.47011764299896,132,2,reverse,9,0.62,0.6199951171875,0.0,0.46566128730773926,dc,out1,0.0,1,250.69170276199839,250.83531973999925,1.2215851189994282,0.6199951171875,0.156005859375,-0.0091552734375,4292593.0,0.7779588,-0.1626433,0.014097953893224045,0.9474542918611933,-0.31958036943753176,0.8530066,0.0007548268,46032.0,9744.0,26496.0,0.01670855,-2.816272532114115
2026-09-18T18:54:41.243259+00:00,249.47011764299896,132,2,reverse,9,0.62,0.6199951171875,0.0,0.46566128730773926,dc,out1,0.0,2,250.8354665049992,250.978448975,1.3653488620002463,0.6199951171875,0.156005859375,-0.0091552734375,4292743.0,0.7835226,-0.1662065,0.003545773074593892,0.945251023932596,-0.32632488297352125,0.8177277,0.0007607634,46050.0,9856.0,26832.0,0.01669412,-2.8091774834079946
2026-09-18T18:54:41.243259+00:00,249.47011764299896,132,2,reverse,9,0.62,0.6199951171875,0.0,0.46566128730773926,dc,out1,0.0,3,250.9786178109989,251.12310445599906,1.508500167999955,0.6199951171875,0.156005859375,-0.0091552734375,4292877.0,0.7753131,-0.1594817,0.01915146688224147,0.9493678374192706,-0.31358241435086226,0.8257669,0.0007554512,46066.0,10304.0,26400.0,0.01669918,-2.822568673939772
2026-09-18T18:54:41.243259+00:00,249.47011764299896,132,2,reverse,9,0.62,0.6199951171875,0.0,0.46566128730773926,dc,out1,0.0,4,251.12324209399958,251.26708602599865,1.6531244510006218,0.6199951171875,0.156005859375,-0.0091552734375,4293027.0,0.7802286,-0.1399909,0.009936349003642321,0.961009100780706,-0.27633815730936745,0.8298875,0.0007575031,46084.0,10672.0,25872.0,0.016752,-2.861596658214811
2026-09-18T18:54:43.074553+00:00,251.30140998399838,133,2,reverse,10,0.6,0.5999755859375,0.0,0.46566128730773926,dc,out1,0.0,0,252.38597733299866,252.5294234969988,1.084567349000281,0.5999755859375,0.15869140625,-0.0091552734375,4294290.0,0.7667192,-0.3561263,0.028269325611123764,0.7563635293191712,-0.6535404017697296,0.817902,0.0007450587,46232.0,8272.0,28368.0,0.01690313,-2.428994778866935
2026-09-18T18:54:43.074553+00:00,251.30140998399838,133,2,reverse,10,0.6,0.5999755859375,0.0,0.46566128730773926,dc,out1,0.0,1,252.52956973099936,252.6742303789997,1.2281597470009729,0.5999755859375,0.15869140625,-0.0091552734375,4294424.0,0.7654993,-0.3356617,0.03115336164849447,0.7823791685553618,-0.622022752532911,0.8391678,0.0007432694,46248.0,8080.0,28176.0,0.01678985,-2.4698834132364698
2026-09-18T18:54:43.074553+00:00,251.30140998399838,133,2,reverse,10,0.6,0.5999755859375,0.0,0.46566128730773926,dc,out1,0.0,2,252.67438244299956,252.8177086830001,1.3729724590011756,0.5999755859375,0.15869140625,-0.0091552734375,4294575.0,0.7764172,-0.3170886,0.01446862256159162,0.8054295446971529,-0.5925149006481669,0.8232144,0.0007506137,46266.0,8624.0,28160.0,0.0167791,-2.507338450787555
2026-09-18T18:54:43.074553+00:00,251.30140998399838,133,2,reverse,10,0.6,0.5999755859375,0.0,0.46566128730773926,dc,out1,0.0,3,252.81789224599925,252.96213724599875,1.5164822620008636,0.5999755859375,0.15869140625,-0.0091552734375,4294725.0,0.7675936,-0.3115725,0.028910176765658886,0.811532291579776,-0.58359193054964,0.8433274,0.0007435646,46284.0,8448.0,27840.0,0.01674822,-2.5181471021439155
2026-09-18T18:54:43.074553+00:00,251.30140998399838,133,2,reverse,10,0.6,0.5999755859375,0.0,0.46566128730773926,dc,out1,0.0,4,252.96227825999995,253.10551888899863,1.6608682760015654,0.5999755859375,0.15869140625,-0.0091552734375,4294859.0,0.7752654,-0.3114025,0.016459455318681038,0.812078667893976,-0.5833158008164684,0.845698,0.0007500991,46300.0,8112.0,27824.0,0.0167833,-2.518690351805904
2026-09-18T18:54:44.912232+00:00,253.1390911489998,134,2,reverse,11,0.58,0.5799560546875,0.0,0.46566128730773926,dc,out1,0.0,0,254.21936782099874,254.36414199699902,1.080276671998945,0.5799560546875,0.158447265625,-0.0091552734375,4296116.0,0.7815748,-0.3239181,0.0060973750396333135,0.7973681236342286,-0.6034624242068893,0.828765,0.0007519073,46450.0,8272.0,27888.0,0.01667702,-2.493742385053695
2026-09-18T18:54:44.912232+00:00,253.1390911489998,134,2,reverse,11,0.58,0.5799560546875,0.0,0.46566128730773926,dc,out1,0.0,1,254.36428495499968,254.5074849349985,1.2251938059998793,0.5799560546875,0.158447265625,-0.0091552734375,4296267.0,0.773489,-0.3201677,0.019098001136283228,0.8016679614526416,-0.5974644306843417,0.8500726,0.0007511007,46468.0,7952.0,27888.0,0.0167875,-2.501121334338648
2026-09-18T18:54:44.912232+00:00,253.1390911489998,134,2,reverse,11,0.58,0.5799560546875,0.0,0.46566128730773926,dc,out1,0.0,2,254.50773856900014,254.65140769699974,1.3686474200003431,0.5799560546875,0.158447265625,-0.0091552734375,4296417.0,0.7883814,-0.3363162,-0.004666853790277669,0.7821703461299454,-0.6230471652376419,0.8143254,0.000761523,46486.0,7872.0,27824.0,0.01674625,-2.4689515792019523
2026-09-18T18:54:44.912232+00:00,253.1390911489998,134,2,reverse,11,0.58,0.5799560546875,0.0,0.46566128730773926,dc,out1,0.0,3,254.65159715199843,254.79433031699955,1.5125060029986344,0.5799560546875,0.158447265625,-0.0091552734375,4296551.0,0.7676105,-0.3477651,0.027305918026150997,0.7672283017820652,-0.6407925715747314,0.8427238,0.0007463116,46502.0,7856.0,28176.0,0.01666625,-2.445751066261298
2026-09-18T18:54:44.912232+00:00,253.1390911489998,134,2,reverse,11,0.58,0.5799560546875,0.0,0.46566128730773926,dc,out1,0.0,4,254.79448696999862,254.9373217859993,1.6553958209988195,0.5799560546875,0.158447265625,-0.0091552734375,4296702.0,0.7795418,-0.3679777,0.00868115438569213,0.7411388953877702,-0.6712955945795619,0.828414,0.0007531821,46520.0,7872.0,28112.0,0.0168234,-2.405603123248982
2026-09-18T18:54:46.738436+00:00,254.96529483299855,135,2,reverse,12,0.56,0.5599365234375,0.0,0.46566128730773926,dc,out1,0.0,0,256.054063607,256.197408955999,1.0887687740014371,0.5599365234375,0.1600341796875,-0.009033203125,4297955.0,0.7485451,-0.4801149,0.04221980908559875,0.5717750866305104,-0.8193233415626873,0.8259718,0.0007414634,46670.0,7264.0,28688.0,0.01664412,-2.18008632839069
2026-09-18T18:54:46.738436+00:00,254.96529483299855,135,2,reverse,12,0.56,0.5599365234375,0.0,0.46566128730773926,dc,out1,0.0,1,256.1975752369999,256.3423680249998,1.232280404001358,0.5599365234375,0.1600341796875,-0.009033203125,4298105.0,0.7488201,-0.4538473,0.04499213880355895,0.6139177791423418,-0.7880867134388297,0.8404112,0.0007369936,46688.0,7184.0,28720.0,0.01664847,-2.2325991849259466
2026-09-18T18:54:46.738436+00:00,254.96529483299855,135,2,reverse,12,0.56,0.5599365234375,0.0,0.46566128730773926,dc,out1,0.0,2,256.342506003999,256.48730471199997,1.3772111710004538,0.5599365234375,0.1600341796875,-0.009033203125,4298238.0,0.7637399,-0.4404904,0.027557796847345318,0.635797949803213,-0.7713634259277216,0.8182194,0.0007476682,46704.0,7488.0,28576.0,0.01664303,-2.2601512152643615
2026-09-18T18:54:46.738436+00:00,254.96529483299855,135,2,reverse,12,0.56,0.5599365234375,0.0,0.46566128730773926,dc,out1,0.0,3,256.48745371099903,256.6311509979987,1.5221588780004822,0.5599365234375,0.1600341796875,-0.009033203125,4298388.0,0.7555962,-0.4344042,0.03846566760073424,0.6445901716690419,-0.763560019254351,0.8357204,0.0007416403,46722.0,7232.0,28720.0,0.0166668,-2.2719080369057556
2026-09-18T18:54:46.738436+00:00,254.96529483299855,135,2,reverse,12,0.56,0.5599365234375,0.0,0.46566128730773926,dc,out1,0.0,4,256.6313026709995,256.7753693699997,1.6660078380009509,0.5599365234375,0.1600341796875,-0.009033203125,4298538.0,0.759039,-0.4312338,0.0342808368542427,0.6496616078756402,-0.759450208688503,0.8382026,0.0007444121,46740.0,7248.0,28496.0,0.01669685,-2.2784382408958312
2026-09-18T18:54:48.576264+00:00,256.8031081779991,136,2,reverse,13,0.54,0.5399169921875,0.0,0.46566128730773926,dc,out1,0.0,0,257.8801192229985,258.02321446099995,1.0770110449993808,0.5399169921875,0.16064453125,-0.0091552734375,4299780.0,0.7284014,-0.5428046,0.05304854089430943,0.46334702409713685,-0.8845876935438973,0.8298804,0.0007426929,46888.0,6784.0,28944.0,0.01676707,-2.0533021398018017
2026-09-18T18:54:48.576264+00:00,256.8031081779991,136,2,reverse,13,0.54,0.5399169921875,0.0,0.46566128730773926,dc,out1,0.0,1,258.02336390099845,258.16811837399837,1.2202557229993545,0.5399169921875,0.16064453125,-0.0091552734375,4299930.0,0.732275,-0.5538993,0.047363806908338725,0.44411374397208464,-0.8947176382581531,0.8265047,0.0007418865,46906.0,6864.0,28944.0,0.01671702,-2.03153818714717
2026-09-18T18:54:48.576264+00:00,256.8031081779991,136,2,reverse,13,0.54,0.5399169921875,0.0,0.46566128730773926,dc,out1,0.0,2,258.16824412999995,258.31219234299897,1.3651359520008555,0.5399169921875,0.16064453125,-0.0091552734375,4300064.0,0.7073289,-0.5590167,0.06802587886895121,0.4321301942403537,-0.8992418890542749,0.832259,0.0007323599,46922.0,6736.0,29056.0,0.01676758,-2.018762767447279
2026-09-18T18:54:48.576264+00:00,256.8031081779991,136,2,reverse,13,0.54,0.5399169921875,0.0,0.46566128730773926,dc,out1,0.0,3,258.3123362030001,258.45640319799895,1.5092280250009935,0.5399169921875,0.16064453125,-0.0091552734375,4300214.0,0.7215726,-0.5604569,0.05535970514041554,0.43132158254341013,-0.9004981929348967,0.8353449,0.0007388185,46940.0,6752.0,29008.0,0.01675133,-2.0174878388488353
2026-09-18T18:54:48.576264+00:00,256.8031081779991,136,2,reverse,13,0.54,0.5399169921875,0.0,0.46566128730773926,dc,out1,0.0,4,258.4565850579984,258.59928754799876,1.653476879999289,0.5399169921875,0.16064453125,-0.0091552734375,4300365.0,0.7136983,-0.5932374,0.053580818129600846,0.37108190825519277,-0.9270530261502021,0.8287745,0.0007410399,46958.0,6768.0,28992.0,0.0167636,-1.9515451039394727
2026-09-18T18:54:50.410011+00:00,258.6368704239994,137,2,reverse,14,0.52,0.5198974609375,0.0,0.46566128730773926,dc,out1,0.0,0,259.7202674079999,259.86335434600005,1.083396984000501,0.5198974609375,0.1611328125,-0.0091552734375,4301618.0,0.61969,-0.6662383,0.07681313035390303,0.22322381630799315,-0.9717360088203635,0.8299106,0.0007362044,47108.0,6592.0,29136.0,0.01674015,-1.7965954627353933
2026-09-18T18:54:50.410011+00:00,258.6368704239994,137,2,reverse,14,0.52,0.5198974609375,0.0,0.46566128730773926,dc,out1,0.0,1,259.86350449699967,260.00744107599894,1.2266340730002412,0.5198974609375,0.1611328125,-0.0091552734375,4301768.0,0.649889,-0.6616766,0.06556974621640521,0.23598567697394676,-0.9695418343961566,0.825169,0.0007405879,47126.0,6640.0,29136.0,0.01668443,-1.8095528596186314
2026-09-18T18:54:50.410011+00:00,258.6368704239994,137,2,reverse,14,0.52,0.5198974609375,0.0,0.46566128730773926,dc,out1,0.0,2,260.007563535999,260.1513351759986,1.3706931119995716,0.5198974609375,0.1611328125,-0.0091552734375,4301902.0,0.6475185,-0.6613503,0.06686007533414151,0.23628092753492924,-0.9693817893944296,0.8288968,0.0007372545,47142.0,6640.0,29120.0,0.01674582,-1.8098783127811258
2026-09-18T18:54:50.410011+00:00,258.6368704239994,137,2,reverse,14,0.52,0.5198974609375,0.0,0.46566128730773926,dc,out1,0.0,3,260.15148113899886,260.2944157109996,1.514610714999435,0.5198974609375,0.1611328125,-0.0091552734375,4302052.0,0.6368682,-0.6560353,0.07488957570627085,0.24464302645121605,-0.9667167843062022,0.8315903,0.0007357432,47160.0,6640.0,29120.0,0.01668052,-1.8186584288944925
2026-09-18T18:54:50.410011+00:00,258.6368704239994,137,2,reverse,14,0.52,0.5198974609375,0.0,0.46566128730773926,dc,out1,0.0,4,260.294561404,260.4381539569986,1.6576909800005524,0.5198974609375,0.1611328125,-0.0091552734375,4302200.0,0.6454956,-0.661665,0.0676469591860581,0.2354220447501658,-0.9695361518574388,0.8302822,0.0007363677,47178.0,6640.0,29120.0,0.01628173,-1.8090053056553632
2026-09-18T18:54:52.239077+00:00,260.46593582399873,138,2,reverse,15,0.5,0.5,0.0,0.46566128730773926,dc,out1,0.0,0,261.5441026209992,261.6864632759989,1.0781667970004492,0.5,0.1611328125,-0.0091552734375,4303448.0,0.2335879,-0.734091,0.09145786126269347,0.046132996121722086,-0.9947397681213349,0.8232395,0.0007379552,47330.0,6560.0,29184.0,0.01674085,-1.6171400697551577
2026-09-18T18:54:52.239077+00:00,260.46593582399873,138,2,reverse,15,0.5,0.5,0.0,0.46566128730773926,dc,out1,0.0,1,261.6866328039996,261.8292324359991,1.2206969800008665,0.5,0.1611328125,-0.0091552734375,4303582.0,0.1667956,-0.7378882,0.08964667744720159,0.03106637098917879,-0.9954890023582581,0.8338616,0.0007364839,47346.0,6560.0,29184.0,0.01674417,-1.6019933483291322
2026-09-18T18:54:52.239077+00:00,260.46593582399873,138,2,reverse,15,0.5,0.5,0.0,0.46566128730773926,dc,out1,0.0,2,261.82937188699907,261.9733776619996,1.3634360630003357,0.5,0.1611328125,-0.0091552734375,4303733.0,0.34361,-0.7293399,0.08648603256085309,0.07097676154316833,-0.9937215231103366,0.8269418,0.0007392913,47364.0,6576.0,29168.0,0.01675263,-1.6421004402790145
2026-09-18T18:54:52.239077+00:00,260.46593582399873,138,2,reverse,15,0.5,0.5,0.0,0.46566128730773926,dc,out1,0.0,3,261.97351416699894,262.1162889979987,1.5075783430002048,0.5,0.1611328125,-0.0091552734375,4303883.0,0.428206,-0.7207147,0.08451884325331412,0.09746390415812484,-0.9916437629115495,0.834828,0.0007352492,47382.0,6576.0,29136.0,0.01674378,-1.6687668694205895
2026-09-18T18:54:52.239077+00:00,260.46593582399873,138,2,reverse,15,0.5,0.5,0.0,0.46566128730773926,dc,out1,0.0,4,262.11644364699896,262.259346457,1.6505078230002255,0.5,0.1611328125,-0.0091552734375,4304017.0,0.4816095,-0.7144165,0.08077208277646507,0.11616553307081158,-0.9899401191841485,0.8260738,0.0007353937,47398.0,6592.0,29152.0,0.01674058,-1.6876081319651153
2026-09-18T18:54:54.061801+00:00,262.28865877799944,139,2,reverse,16,0.48,0.47998046875,0.0,0.46566128730773926,dc,out1,0.0,0,263.37471858499885,263.5175730709998,1.0860598069994012,0.47998046875,0.160888671875,-0.009033203125,4305280.0,-0.4050833,-0.7141237,0.09793758625901386,-0.10291336793272747,-0.9898570946851375,0.8310065,0.0007389357,47548.0,6592.0,29248.0,0.01735667,-1.4672006189286506
2026-09-18T18:54:54.061801+00:00,262.28865877799944,139,2,reverse,16,0.48,0.47998046875,0.0,0.46566128730773926,dc,out1,0.0,1,263.51772748999974,263.6605414599999,1.2290687120002985,0.47998046875,0.160888671875,-0.009033203125,4305419.0,-0.4715985,-0.6988817,0.10109923771495682,-0.13936182814188564,-0.9850671169978248,0.836471,0.0007371455,47564.0,6576.0,29312.0,0.01737843,-1.4302545731624117
2026-09-18T18:54:54.061801+00:00,262.28865877799944,139,2,reverse,16,0.48,0.47998046875,0.0,0.46566128730773926,dc,out1,0.0,2,263.660777522,263.80421174299954,1.3721187440005451,0.47998046875,0.160888671875,-0.009033203125,4305557.0,-0.512295,-0.6868173,0.10175327597327444,-0.1673855548577879,-0.9806265073174685,0.8349844,0.0007380304,47580.0,6608.0,29312.0,0.01713407,-1.4017332327834007
2026-09-18T18:54:54.061801+00:00,262.28865877799944,139,2,reverse,16,0.48,0.47998046875,0.0,0.46566128730773926,dc,out1,0.0,3,263.80438145099833,263.94733673500014,1.5157226729988906,0.47998046875,0.160888671875,-0.009033203125,4305711.0,-0.5263543,-0.6775368,0.10600349493929492,-0.18596274519611602,-0.9768219471632378,0.8410492,0.0007385117,47598.0,6608.0,29296.0,0.01712112,-1.382672207228156
2026-09-18T18:54:54.061801+00:00,262.28865877799944,139,2,reverse,16,0.48,0.47998046875,0.0,0.46566128730773926,dc,out1,0.0,4,263.9475002509989,264.09128524900007,1.6588414729994838,0.47998046875,0.160888671875,-0.009033203125,4305848.0,-0.5444536,-0.6768954,0.09978458848654584,-0.19078747434291662,-0.9765465557434636,0.8305701,0.0007406286,47614.0,6656.0,29312.0,0.01704632,-1.3778570484300396
2026-09-18T18:54:55.895495+00:00,264.12234284699844,140,2,reverse,17,0.46,0.4599609375,0.0,0.46566128730773926,dc,out1,0.0,0,265.2025292039998,265.34628856999916,1.0801863570013666,0.4599609375,0.1602783203125,-0.0091552734375,4307112.0,-0.625522,-0.5956626,0.11643757039530706,-0.3516534338617742,-0.9288606755879273,0.8376692,0.0007448585,47764.0,6736.0,29376.0,0.01678358,-1.2088856799700989
2026-09-18T18:54:55.895495+00:00,264.12234284699844,140,2,reverse,17,0.46,0.4599609375,0.0,0.46566128730773926,dc,out1,0.0,1,265.3464279109994,265.48962972299887,1.224085064000974,0.4599609375,0.1602783203125,-0.0091552734375,4307246.0,-0.6230285,-0.5969206,0.11744378599460513,-0.34885241348555257,-0.9297897346908915,0.83338,0.0007466849,47780.0,6784.0,29392.0,0.01679408,-1.2118547519703429
2026-09-18T18:54:55.895495+00:00,264.12234284699844,140,2,reverse,17,0.46,0.4599609375,0.0,0.46566128730773926,dc,out1,0.0,2,265.4898302679994,265.63415216700014,1.3674874210009875,0.4599609375,0.1602783203125,-0.0091552734375,4307398.0,-0.6240453,-0.6036737,0.11274104889266182,-0.3371493519481618,-0.9346762917585515,0.8296361,0.0007473338,47798.0,6784.0,29376.0,0.01688308,-1.224610201456807
2026-09-18T18:54:55.895495+00:00,264.12234284699844,140,2,reverse,17,0.46,0.4599609375,0.0,0.46566128730773926,dc,out1,0.0,3,265.63427159099956,265.7773115,1.5119287440011249,0.4599609375,0.1602783203125,-0.0091552734375,4307533.0,-0.6135432,-0.6082037,0.11693871176869781,-0.3267206219728887,-0.9378587169011792,0.8397244,0.0007433567,47814.0,6672.0,29376.0,0.01689017,-1.2355755199203564
2026-09-18T18:54:55.895495+00:00,264.12234284699844,140,2,reverse,17,0.46,0.4599609375,0.0,0.46566128730773926,dc,out1,0.0,4,265.77745799399963,265.92129379299877,1.6551151470011973,0.4599609375,0.1602783203125,-0.0091552734375,4307685.0,-0.6275904,-0.5998563,0.11255958805448771,-0.3447138964149642,-0.9319349058573873,0.8287139,0.0007457294,47832.0,6784.0,29376.0,0.01689912,-1.2165126991009039
2026-09-18T18:54:57.723520+00:00,265.9503785369998,141,2,reverse,18,0.44,0.43994140625,0.0,0.46566128730773926,dc,out1,0.0,0,267.0351581369996,267.1783032309995,1.0847795999998198,0.43994140625,0.1590576171875,-0.009033203125,4308933.0,-0.677409,-0.4887379,0.11982054603121486,-0.5461272572025285,-0.8290886898813811,0.8257523,0.000755872,47982.0,7248.0,29296.0,0.01659747,-0.9883239069374017
2026-09-18T18:54:57.723520+00:00,265.9503785369998,141,2,reverse,18,0.44,0.43994140625,0.0,0.46566128730773926,dc,out1,0.0,1,267.1784678690001,267.3224825799989,1.2280893320003088,0.43994140625,0.1590576171875,-0.009033203125,4309083.0,-0.6673098,-0.4868758,0.13154782322361522,-0.5465940390822294,-0.8270006811635059,0.8379694,0.0007453816,48000.0,7296.0,29328.0,0.0166252,-0.9867720147151028
2026-09-18T18:54:57.723520+00:00,265.9503785369998,141,2,reverse,18,0.44,0.43994140625,0.0,0.46566128730773926,dc,out1,0.0,2,267.32272520399965,267.4672767489992,1.3723466669998743,0.43994140625,0.1590576171875,-0.009033203125,4309232.0,-0.6618765,-0.4876365,0.1371717218364351,-0.5439116882844084,-0.8278550562000768,0.8492468,0.0007409918,48018.0,7360.0,29328.0,0.01662042,-0.9895067109561198
2026-09-18T18:54:57.723520+00:00,265.9503785369998,141,2,reverse,18,0.44,0.43994140625,0.0,0.46566128730773926,dc,out1,0.0,3,267.4674692999997,267.61034092999944,1.517090762999942,0.43994140625,0.1590576171875,-0.009033203125,4309365.0,-0.6807319,-0.4723919,0.1217579073158961,-0.5731274079804773,-0.8103702772360504,0.8330217,0.0007566702,48034.0,7152.0,29328.0,0.01661917,-0.9552268791041116
2026-09-18T18:54:57.723520+00:00,265.9503785369998,141,2,reverse,18,0.44,0.43994140625,0.0,0.46566128730773926,dc,out1,0.0,4,267.61051446499914,267.7544441459995,1.660135927999363,0.43994140625,0.1590576171875,-0.009033203125,4309515.0,-0.6636606,-0.4872568,0.1353815864713731,-0.5450076548840136,-0.8274288381258669,0.8436012,0.0007469601,48052.0,7280.0,29328.0,0.01659785,-0.9883460278267305
2026-09-18T18:54:59.555410+00:00,267.7822690409994,142,2,reverse,19,0.42,0.419921875,0.0,0.46566128730773926,dc,out1,0.0,0,268.86466481299976,269.00832476699907,1.0823957720003818,0.419921875,0.1588134765625,-0.009033203125,4310762.0,-0.6643339,-0.4510091,0.14866381920983823,-0.6019414697313951,-0.7845798467176891,0.8548772,0.0007417195,48202.0,7488.0,29296.0,0.01665582,-0.9163683132057474
2026-09-18T18:54:59.555410+00:00,267.7822690409994,142,2,reverse,19,0.42,0.419921875,0.0,0.46566128730773926,dc,out1,0.0,1,269.00850585599983,269.15212745899953,1.2262368150004477,0.419921875,0.1588134765625,-0.009033203125,4310912.0,-0.6771055,-0.4254267,0.14168989852649763,-0.6439375225949944,-0.7518433611130525,0.8499256,0.0007535516,48220.0,7504.0,29216.0,0.01661763,-0.862553279053096
2026-09-18T18:54:59.555410+00:00,267.7822690409994,142,2,reverse,19,0.42,0.419921875,0.0,0.46566128730773926,dc,out1,0.0,2,269.1522670300001,269.29727944499973,1.3699979890006944,0.419921875,0.1588134765625,-0.009033203125,4311062.0,-0.6763,-0.4022771,0.15010669036707627,-0.6769908646454573,-0.7205215823926712,0.8552436,0.0007485689,48238.0,7872.0,29120.0,0.01665177,-0.8165368109128363
2026-09-18T18:54:59.555410+00:00,267.7822690409994,142,2,reverse,19,0.42,0.419921875,0.0,0.46566128730773926,dc,out1,0.0,3,269.2974617759992,269.4404874109987,1.5151927349998005,0.419921875,0.1588134765625,-0.009033203125,4311195.0,-0.6836871,-0.3869014,0.1444979487607636,-0.7005102903450446,-0.6988602692417369,0.8576346,0.0007554885,48254.0,7952.0,29120.0,0.01662712,-0.784219047310347
2026-09-18T18:54:59.555410+00:00,267.7822690409994,142,2,reverse,19,0.42,0.419921875,0.0,0.46566128730773926,dc,out1,0.0,4,269.440662478999,269.5833228699994,1.6583934379996208,0.419921875,0.1588134765625,-0.009033203125,4311344.0,-0.6825676,-0.3866691,0.14613231850228797,-0.7005027762719515,-0.6985278848581737,0.8581002,0.0007512259,48272.0,7792.0,29056.0,0.01664723,-0.7839865502306395
2026-09-18T18:55:01.389187+00:00,269.61604429,143,2,reverse,20,0.4,0.39990234375,0.0,0.46566128730773926,dc,out1,0.0,0,270.70612701499886,270.84913105799933,1.0900827249988652,0.39990234375,0.156982421875,-0.009033203125,4312616.0,-0.6944147,-0.3193042,0.14530100816962524,-0.789669449676719,-0.5960786670164921,0.8535196,0.0007574876,48424.0,8576.0,28880.0,0.01721105,-0.6465952136858327
2026-09-18T18:55:01.389187+00:00,269.61604429,143,2,reverse,20,0.4,0.39990234375,0.0,0.46566128730773926,dc,out1,0.0,1,270.84926758299844,270.99242934099857,1.2332232929984457,0.39990234375,0.156982421875,-0.009033203125,4312753.0,-0.6944297,-0.3140874,0.14639466876411508,-0.795747314035749,-0.5876689656280448,0.8485914,0.0007622411,48440.0,8592.0,28576.0,0.01705055,-0.6361081767563637
2026-09-18T18:55:01.389187+00:00,269.61604429,143,2,reverse,20,0.4,0.39990234375,0.0,0.46566128730773926,dc,out1,0.0,2,270.992605251,271.13624161699954,1.3765609609999956,0.39990234375,0.156982421875,-0.009033203125,4312889.0,-0.68612,-0.3048487,0.16171322387402495,-0.803713783858185,-0.5726194083862579,0.8577768,0.000756111,48456.0,8672.0,28624.0,0.01706015,-0.6190440503734991
2026-09-18T18:55:01.389187+00:00,269.61604429,143,2,reverse,20,0.4,0.39990234375,0.0,0.46566128730773926,dc,out1,0.0,3,271.1363919189989,271.2811855199998,1.520347628998934,0.39990234375,0.156982421875,-0.009033203125,4313042.0,-0.6853433,-0.3014617,0.1637288127994538,-0.8072446647456497,-0.5670528433038361,0.8530686,0.0007588296,48474.0,8672.0,28448.0,0.01700767,-0.612371543513337
2026-09-18T18:55:01.389187+00:00,269.61604429,143,2,reverse,20,0.4,0.39990234375,0.0,0.46566128730773926,dc,out1,0.0,4,271.28133653299847,271.424475976999,1.6652922429984756,0.39990234375,0.156982421875,-0.009033203125,4313178.0,-0.701362,-0.2841553,0.14098730814272256,-0.8309354256412688,-0.5382089718288171,0.8441798,0.0007684335,48490.0,9056.0,28528.0,0.01686625,-0.5747669046800344
2026-09-18T18:55:03.233201+00:00,271.4600585219996,144,2,reverse,21,0.38,0.3798828125,0.0,0.46566128730773926,dc,out1,0.0,0,272.54514974799895,272.68923365799856,1.0850912259993493,0.3798828125,0.153564453125,-0.009033203125,4314453.0,-0.7001432,-0.1467072,0.16243289896112525,-0.94338007629776,-0.2892223798040485,0.8749406,0.0007716844,48644.0,10928.0,27376.0,0.0164588,-0.29748339361021364
2026-09-18T18:55:03.233201+00:00,271.4600585219996,144,2,reverse,21,0.38,0.3798828125,0.0,0.46566128730773926,dc,out1,0.0,1,272.689408455999,272.8337252319998,1.2293499339994014,0.3798828125,0.153564453125,-0.009033203125,4314585.0,-0.7035452,-0.1556592,0.15514154466558988,-0.9392033213936146,-0.3063139275350983,0.8655128,0.0007746816,48660.0,10768.0,27488.0,0.01665565,-0.3152647194716666
2026-09-18T18:55:03.233201+00:00,271.4600585219996,144,2,reverse,21,0.38,0.3798828125,0.0,0.46566128730773926,dc,out1,0.0,2,272.8339092769984,272.97627620299863,1.3738507549987844,0.3798828125,0.153564453125,-0.009033203125,4314735.0,-0.6844716,-0.1726861,0.18864642849690877,-0.9218451640886749,-0.3385469220974913,0.8842258,0.0007571876,48678.0,10512.0,27504.0,0.01665333,-0.351958215910573
2026-09-18T18:55:03.233201+00:00,271.4600585219996,144,2,reverse,21,0.38,0.3798828125,0.0,0.46566128730773926,dc,out1,0.0,3,272.9764063769999,273.11930776400004,1.5163478550002765,0.3798828125,0.153564453125,-0.009033203125,4314885.0,-0.6913336,-0.1763353,0.17551087264544102,-0.9218954022712536,-0.34540527044959723,0.8572036,0.0007636438,48696.0,10512.0,27600.0,0.01662347,-0.3584801063642705
2026-09-18T18:55:03.233201+00:00,271.4600585219996,144,2,reverse,21,0.38,0.3798828125,0.0,0.46566128730773926,dc,out1,0.0,4,273.1194605799992,273.26236074400003,1.659402057999614,0.3798828125,0.153564453125,-0.009033203125,4315018.0,-0.6917396,-0.1854541,0.17356014754976545,-0.9156954501873886,-0.36246202240872,0.883829,0.0007603606,48712.0,10640.0,27776.0,0.01660582,-0.376908552822323
2026-09-18T18:55:05.063083+00:00,273.28994237199913,145,2,reverse,22,0.36,0.3599853515625,0.0,0.46566128730773926,dc,out1,0.0,0,274.3760710239985,274.518439169,1.0861286519993882,0.3599853515625,0.15185546875,-0.0091552734375,4316285.0,-0.7014599,-0.05367998,0.16612708296034712,-0.9802651923965805,-0.10715383746175909,0.8480542,0.0007832077,48864.0,12400.0,26560.0,0.01666777,-0.1088787827004599
2026-09-18T18:55:05.063083+00:00,273.28994237199913,145,2,reverse,22,0.36,0.3599853515625,0.0,0.46566128730773926,dc,out1,0.0,1,274.5186018229997,274.6613048349991,1.228659451000567,0.3599853515625,0.15185546875,-0.0091552734375,4316418.0,-0.6922965,-0.06694847,0.18347213726904613,-0.9739181027731891,-0.13349720572581333,0.8616108,0.0007701149,48880.0,12752.0,26608.0,0.01666673,-0.1362233859029354
2026-09-18T18:55:05.063083+00:00,273.28994237199913,145,2,reverse,22,0.36,0.3599853515625,0.0,0.46566128730773926,dc,out1,0.0,2,274.6614572409999,274.8043695239994,1.3715148690007481,0.3599853515625,0.15185546875,-0.0091552734375,4316568.0,-0.7094273,-0.08232533,0.1493107611481633,-0.9751105342977053,-0.1639077255866846,0.848558,0.0007858465,48898.0,11792.0,26576.0,0.0166787,-0.1665346139976867
2026-09-18T18:55:05.063083+00:00,273.28994237199913,145,2,reverse,22,0.36,0.3599853515625,0.0,0.46566128730773926,dc,out1,0.0,3,274.8045104879984,274.947297187,1.5145681159992819,0.3599853515625,0.15185546875,-0.0091552734375,4316701.0,-0.6945316,-0.09485566,0.17749182146645542,-0.9658861066526478,-0.1885754021284585,0.8735074,0.0007705913,48914.0,12128.0,26848.0,0.01661943,-0.1928102853298947
2026-09-18T18:55:05.063083+00:00,273.28994237199913,145,2,reverse,22,0.36,0.3599853515625,0.0,0.46566128730773926,dc,out1,0.0,4,274.94744880100006,275.09033972499856,1.6575064290009323,0.3599853515625,0.15185546875,-0.0091552734375,4316851.0,-0.7118125,-0.094717,0.1440173697840406,-0.9714941885705421,-0.18830305035806133,0.867037,0.0007885077,48932.0,11296.0,26768.0,0.01668382,-0.19145423467873085
2026-09-18T18:55:06.891958+00:00,275.11881464399994,146,2,reverse,23,0.34,0.3399658203125,0.0,0.46566128730773926,dc,out1,0.0,0,276.2053284329995,276.3500868989995,1.0865137889995822,0.3399658203125,0.150146484375,-0.009033203125,4318102.0,-0.7009897,0.008074637,0.16799430325271142,-0.9856556892217326,0.016148572056598517,0.8983474,0.0007851653,49082.0,13296.0,26432.0,0.01667565,0.01638211759903928
2026-09-18T18:55:06.891958+00:00,275.11881464399994,146,2,reverse,23,0.34,0.3399658203125,0.0,0.46566128730773926,dc,out1,0.0,1,276.350218354999,276.49329852899973,1.231403710999075,0.3399658203125,0.150146484375,-0.009033203125,4318251.0,-0.697771,0.009329082,0.17432822571398113,-0.9845108343899411,0.018657081450139532,0.8652102,0.0007841825,49100.0,13504.0,26048.0,0.01662427,0.018948342534699892
2026-09-18T18:55:06.891958+00:00,275.11881464399994,146,2,reverse,23,0.34,0.3399658203125,0.0,0.46566128730773926,dc,out1,0.0,2,276.4934456739993,276.6366037249991,1.3746310299993638,0.3399658203125,0.150146484375,-0.009033203125,4318401.0,-0.7027487,0.01017729,0.16451310501679414,-0.986164888122109,0.020353174515082423,0.8668394,0.0007901328,49118.0,13312.0,26128.0,0.01679313,0.020635783775040533
2026-09-18T18:55:06.891958+00:00,275.11881464399994,146,2,reverse,23,0.34,0.3399658203125,0.0,0.46566128730773926,dc,out1,0.0,3,276.63676990599924,276.74132643199846,1.5179552619993046,0.3399658203125,0.150146484375,-0.009033203125,4318503.0,-0.699006,0.03927296,0.17139580735937765,-0.9820726514151451,0.07846518057109103,0.872271,0.0007862664,49130.0,13136.0,26240.0,0.01708883,0.07972816798022883
2026-09-18T18:55:06.891958+00:00,275.11881464399994,146,2,reverse,23,0.34,0.3399658203125,0.0,0.46566128730773926,dc,out1,0.0,4,276.74147626299964,276.88616284399905,1.6226616189997003,0.3399658203125,0.150146484375,-0.009033203125,4318641.0,-0.7043894,0.02011009,0.16117918379470642,-0.9861057143743016,0.04020933709501506,0.8716152,0.0007915193,49146.0,13184.0,26688.0,0.01719227,0.04075331246924327
2026-09-18T18:55:08.690241+00:00,276.91709862899916,147,2,reverse,24,0.32,0.3199462890625,0.0,0.46566128730773926,dc,out1,0.0,0,278.0034458909995,278.14711303199874,1.086347262000345,0.3199462890625,0.1490478515625,-0.0091552734375,4319898.0,-0.7095939,0.07756274,0.14921487703246877,-0.9766593119727223,0.15450407376232453,0.8635652,0.0007981113,49294.0,12240.0,26992.0,0.01679615,0.15689627518805652
2026-09-18T18:55:08.690241+00:00,276.91709862899916,147,2,reverse,24,0.32,0.3199462890625,0.0,0.46566128730773926,dc,out1,0.0,1,278.14726118,278.29327257799923,1.2301625510008307,0.3199462890625,0.1490478515625,-0.0091552734375,4320049.0,-0.7167325,0.06786725,0.13564087963598168,-0.9814736704771192,0.13531809166459774,0.8490088,0.0008052576,49312.0,12608.0,26672.0,0.01677017,0.13700859524778256
2026-09-18T18:55:08.690241+00:00,276.91709862899916,147,2,reverse,24,0.32,0.3199462890625,0.0,0.46566128730773926,dc,out1,0.0,2,278.2934177899988,278.43737246699857,1.3763191609996284,0.3199462890625,0.1490478515625,-0.0091552734375,4320200.0,-0.704792,0.04092292,0.15997760736355493,-0.9837293164159936,0.08175449324626942,0.8474552,0.0007944084,49330.0,13184.0,26576.0,0.01678582,0.08291615335398751
2026-09-18T18:55:08.690241+00:00,276.91709862899916,147,2,reverse,24,0.32,0.3199462890625,0.0,0.46566128730773926,dc,out1,0.0,3,278.4375956349995,278.58049040900005,1.5204970060003689,0.3199462890625,0.1490478515625,-0.0091552734375,4320334.0,-0.7051169,0.03062578,0.1595737138960117,-0.9852863369445558,0.06121326705717607,0.8642176,0.000792206,49346.0,13296.0,26432.0,0.01682642,0.06204763977121575
2026-09-18T18:55:08.690241+00:00,276.91709862899916,147,2,reverse,24,0.32,0.3199462890625,0.0,0.46566128730773926,dc,out1,0.0,4,278.580695613,278.72330414099997,1.663596984000833,0.3199462890625,0.1490478515625,-0.0091552734375,4320485.0,-0.7009833,0.01560764,0.16794697356512825,-0.9853018506045509,0.031210210918245915,0.8641912,0.0007858423,49364.0,12752.0,25840.0,0.01678998,0.03166519870733395
2026-09-18T18:55:10.524549+00:00,278.75140877599915,148,2,reverse,25,0.3,0.2999267578125,0.0,0.46566128730773926,dc,out1,0.0,0,279.83096653399843,279.9736031029988,1.0795577579992823,0.2999267578125,0.1473388671875,-0.0091552734375,4321729.0,-0.7066693,0.1920187,0.14538593024983434,-0.9156897401645884,0.3746668267176836,0.8682378,0.0008081956,49512.0,10304.0,28944.0,0.01684702,0.38838090788108653
2026-09-18T18:55:10.524549+00:00,278.75140877599915,148,2,reverse,25,0.3,0.2999267578125,0.0,0.46566128730773926,dc,out1,0.0,1,279.9738284750001,280.11623209699974,1.222419699000966,0.2999267578125,0.1473388671875,-0.0091552734375,4321880.0,-0.7113025,0.2080049,0.13505630720158257,-0.9046832722897069,0.40411380912344436,0.8790902,0.0008131571,49530.0,10128.0,29552.0,0.0168151,0.42009869298652075
2026-09-18T18:55:10.524549+00:00,278.75140877599915,148,2,reverse,25,0.3,0.2999267578125,0.0,0.46566128730773926,dc,out1,0.0,2,280.11639296799876,280.25934205199883,1.3649841919996106,0.2999267578125,0.1473388671875,-0.0091552734375,4322015.0,-0.7021598,0.2200917,0.1499123848717116,-0.8921661695128381,0.42610538935674774,0.8581688,0.000809621,49546.0,10048.0,29264.0,0.01676768,0.44557379513774087
2026-09-18T18:55:10.524549+00:00,278.75140877599915,148,2,reverse,25,0.3,0.2999267578125,0.0,0.46566128730773926,dc,out1,0.0,3,280.25949343499997,280.40326068799914,1.508084659000815,0.2999267578125,0.1473388671875,-0.0091552734375,4322166.0,-0.7131923,0.2248188,0.12960629336299398,-0.891230042617988,0.43463918352565123,0.871086,0.0008170984,49564.0,9744.0,29760.0,0.01683117,0.45374685326986275
2026-09-18T18:55:10.524549+00:00,278.75140877599915,148,2,reverse,25,0.3,0.2999267578125,0.0,0.46566128730773926,dc,out1,0.0,4,280.4034264389993,280.5471095639987,1.6520176630001515,0.2999267578125,0.1473388671875,-0.0091552734375,4322300.0,-0.6976763,0.2384962,0.1550623066904209,-0.8747424031869355,0.4591093650870024,0.8478126,0.0008090822,49580.0,9888.0,29072.0,0.01677785,0.4833301351679718
2026-09-18T18:55:12.355439+00:00,280.582298198,149,2,reverse,26,0.28,0.2799072265625,0.0,0.46566128730773926,dc,out1,0.0,0,281.66580597399843,281.80915058499886,1.0835077759984415,0.2799072265625,0.1456298828125,-0.009033203125,4323575.0,-0.7060391,0.2575702,0.13754107552372033,-0.8592854590321334,0.49265703327945504,0.8479776,0.0008163667,49732.0,9456.0,30128.0,0.01679367,0.5205808656948134
2026-09-18T18:55:12.355439+00:00,280.582298198,149,2,reverse,26,0.28,0.2799072265625,0.0,0.46566128730773926,dc,out1,0.0,1,281.80929717899926,281.9534022129992,1.2269989809992694,0.2799072265625,0.1456298828125,-0.009033203125,4323709.0,-0.7059742,0.2450148,0.13956586357786843,-0.8712106862847123,0.4706520050175973,0.8774654,0.0008145413,49748.0,9680.0,30048.0,0.01682052,0.49530941504126935
2026-09-18T18:55:12.355439+00:00,280.582298198,149,2,reverse,26,0.28,0.2799072265625,0.0,0.46566128730773926,dc,out1,0.0,2,281.9535519129986,282.09668020799836,1.371253714998602,0.2799072265625,0.1456298828125,-0.009033203125,4323861.0,-0.706545,0.2556492,0.13696783967486156,-0.8612871346979931,0.48931000653831136,0.8637334,0.0008154853,49766.0,9168.0,30096.0,0.01681963,0.5166445081828671
2026-09-18T18:55:12.355439+00:00,280.582298198,149,2,reverse,26,0.28,0.2799072265625,0.0,0.46566128730773926,dc,out1,0.0,3,282.09686102699925,282.2397056909995,1.51456282899926,0.2799072265625,0.1456298828125,-0.009033203125,4323995.0,-0.6973455,0.2441976,0.1547137270270364,-0.8694287097854588,0.46920931498660173,0.8809528,0.0008093454,49782.0,9808.0,30256.0,0.01673907,0.49488193833985983
2026-09-18T18:55:12.355439+00:00,280.582298198,149,2,reverse,26,0.28,0.2799072265625,0.0,0.46566128730773926,dc,out1,0.0,4,282.2398679449998,282.3822645989985,1.6575697469997976,0.2799072265625,0.1456298828125,-0.009033203125,4324147.0,-0.6991986,0.2403102,0.15211161301210552,-0.8735637373190965,0.46232937828776144,0.8713226,0.0008096209,49800.0,9936.0,30064.0,0.01682007,0.4867690895959222
2026-09-18T18:55:14.403304+00:00,282.6301634119991,150,2,reverse,27,0.26,0.2598876953125,0.0,0.46566128730773926,dc,out1,0.0,0,283.70723213899873,283.85038427499967,1.0770687269996415,0.2598876953125,0.1446533203125,-0.0091552734375,4325607.0,-0.6876031,0.3231379,0.15515220772488786,-0.7831104308216947,0.6022174404451874,0.8703184,0.0008109775,49974.0,8656.0,30784.0,0.01675515,0.6555550573817175
2026-09-18T18:55:14.403304+00:00,282.6301634119991,150,2,reverse,27,0.26,0.2598876953125,0.0,0.46566128730773926,dc,out1,0.0,1,283.85052919699956,283.99327535299926,1.2203657850004674,0.2598876953125,0.1446533203125,-0.0091552734375,4325758.0,-0.6987276,0.3133887,0.13969076101477707,-0.7977844035984177,0.5865377538251305,0.8756794,0.0008158814,49992.0,8624.0,30784.0,0.01671615,0.6339670468965761
2026-09-18T18:55:14.403304+00:00,282.6301634119991,150,2,reverse,27,0.26,0.2598876953125,0.0,0.46566128730773926,dc,out1,0.0,2,283.99345713299954,284.13624541899844,1.3632937210004457,0.2598876953125,0.1446533203125,-0.0091552734375,4325892.0,-0.6981405,0.3081445,0.14168781810139916,-0.8036342474666051,0.5780108636526206,0.8883118,0.0008141289,50008.0,8736.0,30960.0,0.01679188,0.6235264195566487
2026-09-18T18:55:14.403304+00:00,282.6301634119991,150,2,reverse,27,0.26,0.2598876953125,0.0,0.46566128730773926,dc,out1,0.0,3,284.1363924039997,284.28021398300007,1.506228992000615,0.2598876953125,0.1446533203125,-0.0091552734375,4326043.0,-0.6775011,0.317434,0.17240129538593318,-0.7864758724595347,0.5930712397244245,0.8653932,0.0008027362,50026.0,8848.0,30496.0,0.01681772,0.6461116684542543
2026-09-18T18:55:14.403304+00:00,282.6301634119991,150,2,reverse,27,0.26,0.2598876953125,0.0,0.46566128730773926,dc,out1,0.0,4,284.2804045289995,284.424163108999,1.6502411170004052,0.2598876953125,0.1446533203125,-0.0091552734375,4326178.0,-0.7027723,0.2954672,0.1366046907168542,-0.8191076160772964,0.5571372108900293,0.8778306,0.0008190919,50042.0,8784.0,30736.0,0.01666362,0.59729688902378
2026-09-18T18:55:16.225440+00:00,284.45229941099933,151,2,reverse,28,0.24,0.239990234375,0.0,0.46566128730773926,dc,out1,0.0,0,285.5351635099996,285.6783064759984,1.0828640990002896,0.239990234375,0.1424560546875,-0.0091552734375,4327431.0,-0.6815252,0.4551359,0.12654375408365015,-0.6003391855357798,0.7896705266202185,0.8776176,0.0008254793,50194.0,7280.0,32320.0,0.01672983,0.9207737134889353
2026-09-18T18:55:16.225440+00:00,284.45229941099933,151,2,reverse,28,0.24,0.239990234375,0.0,0.46566128730773926,dc,out1,0.0,1,285.67845763900004,285.8212692249999,1.2261582280007133,0.239990234375,0.1424560546875,-0.0091552734375,4327582.0,-0.6915753,0.4449796,0.11742050440998124,-0.6183945626434156,0.7770460668693744,0.8676466,0.0008303357,50212.0,7408.0,32384.0,0.01673493,0.8986048274301641
2026-09-18T18:55:16.225440+00:00,284.45229941099933,151,2,reverse,28,0.24,0.239990234375,0.0,0.46566128730773926,dc,out1,0.0,2,285.82141675099956,285.96426533499834,1.3691173400002299,0.239990234375,0.1424560546875,-0.0091552734375,4327716.0,-0.7006092,0.431489,0.10972811801649546,-0.6408516302323208,0.7597821583487827,0.8640612,0.0008329321,50228.0,7632.0,32192.0,0.01672692,0.8701069060334784
2026-09-18T18:55:16.225440+00:00,284.45229941099933,151,2,reverse,28,0.24,0.239990234375,0.0,0.46566128730773926,dc,out1,0.0,3,285.96441076799965,286.1085308619986,1.5121113570003217,0.239990234375,0.1424560546875,-0.0091552734375,4327866.0,-0.6924004,0.4237775,0.12238669107205453,-0.6504034376703055,0.7496645023709488,0.8659616,0.0008291777,50246.0,7440.0,32144.0,0.01670622,0.8561770535083442
2026-09-18T18:55:16.225440+00:00,284.45229941099933,151,2,reverse,28,0.24,0.239990234375,0.0,0.46566128730773926,dc,out1,0.0,4,286.1087529279994,286.2521479049992,1.6564535170000454,0.239990234375,0.1424560546875,-0.0091552734375,4328016.0,-0.702578,0.3973778,0.1154944660718159,-0.6908720126981113,0.7136924340198983,0.8730364,0.0008295694,50264.0,7664.0,31984.0,0.01669353,0.8016440634561766
2026-09-18T18:55:18.053107+00:00,286.27996637199976,152,2,reverse,29,0.22,0.219970703125,0.0,0.46566128730773926,dc,out1,0.0,0,287.3579250849998,287.5014333709987,1.0779587130000436,0.219970703125,0.1427001953125,-0.0091552734375,4329257.0,-0.6784819,0.480606,0.12149399664118446,-0.5594872979829824,0.8198860726807435,0.8795854,0.0008266411,50410.0,7184.0,32592.0,0.01704092,0.9719828233056078
2026-09-18T18:55:18.053107+00:00,286.27996637199976,152,2,reverse,29,0.22,0.219970703125,0.0,0.46566128730773926,dc,out1,0.0,1,287.50161862799905,287.64523354299854,1.2216522559992882,0.219970703125,0.1427001953125,-0.0091552734375,4329410.0,-0.6759824,0.5021326,0.11651356939869892,-0.5239088203039286,0.8437678212362216,0.8703112,0.0008306354,50428.0,6976.0,32576.0,0.01682073,1.015139315197599
2026-09-18T18:55:18.053107+00:00,286.27996637199976,152,2,reverse,29,0.22,0.219970703125,0.0,0.46566128730773926,dc,out1,0.0,2,287.6453581459991,287.79024666499936,1.365391773999363,0.219970703125,0.1427001953125,-0.0091552734375,4329545.0,-0.6632592,0.5183054,0.12313848678898155,-0.4940249599616298,0.8606835957575989,0.8763136,0.0008247425,50444.0,6960.0,32608.0,0.01687052,1.0497203863461926
2026-09-18T18:55:18.053107+00:00,286.27996637199976,152,2,reverse,29,0.22,0.219970703125,0.0,0.46566128730773926,dc,out1,0.0,3,287.79037344300014,287.9333295749984,1.5104070710003725,0.219970703125,0.1427001953125,-0.0091552734375,4329696.0,-0.6846951,0.5144969,0.10316059624920881,-0.5052573500926792,0.8567805445730147,0.8703006,0.0008347571,50462.0,6928.0,32704.0,0.01687557,1.0379727758966713
2026-09-18T18:55:18.053107+00:00,286.27996637199976,152,2,reverse,29,0.22,0.219970703125,0.0,0.46566128730773926,dc,out1,0.0,4,287.9334773419996,288.0764792299997,1.653510969999843,0.219970703125,0.1427001953125,-0.0091552734375,4329830.0,-0.6758518,0.5237265,0.10862397835611025,-0.48783156807411243,0.8661530999289005,0.8626408,0.0008340732,50478.0,6976.0,32640.0,0.01651415,1.057862879147507
2026-09-18T18:55:19.877595+00:00,288.10445026199886,153,2,reverse,30,0.2,0.199951171875,0.0,0.46566128730773926,dc,out1,0.0,0,289.2006690069993,289.34340434299884,1.0962187450004421,0.199951171875,0.141357421875,-0.0091552734375,4331101.0,-0.6152613,0.6593657,0.08323742671297403,-0.23510416332887868,0.9683994853259837,0.8626434,0.000836115,50632.0,6432.0,33072.0,0.01658895,1.3326281840348566
2026-09-18T18:55:19.877595+00:00,288.10445026199886,153,2,reverse,30,0.2,0.199951171875,0.0,0.46566128730773926,dc,out1,0.0,1,289.34355633799896,289.4865989989994,1.2391060760000983,0.199951171875,0.141357421875,-0.0091552734375,4331250.0,-0.6095299,0.6470284,0.09413232408986413,-0.25649298398691045,0.9619513785669893,0.8707706,0.0008364559,50650.0,6400.0,33024.0,0.01656933,1.3102205120786932
2026-09-18T18:55:19.877595+00:00,288.10445026199886,153,2,reverse,30,0.2,0.199951171875,0.0,0.46566128730773926,dc,out1,0.0,2,289.48682462099896,289.6322926519988,1.3823743590000959,0.199951171875,0.141357421875,-0.0091552734375,4331383.0,-0.6559007,0.6274408,0.0795695364916012,-0.300324020016222,0.9505125837482677,0.8656834,0.0008390446,50666.0,6480.0,33072.0,0.01660408,1.2647623387384936
2026-09-18T18:55:19.877595+00:00,288.10445026199886,153,2,reverse,30,0.2,0.199951171875,0.0,0.46566128730773926,dc,out1,0.0,3,289.6324760649986,289.77552030900006,1.528025802999764,0.199951171875,0.141357421875,-0.0091552734375,4331533.0,-0.6243279,0.6208216,0.10233759037951254,-0.30661414911756824,0.9463164276056,0.8655242,0.000834957,50684.0,6496.0,32960.0,0.01663478,1.2574618656567738
2026-09-18T18:55:19.877595+00:00,288.10445026199886,153,2,reverse,30,0.2,0.199951171875,0.0,0.46566128730773926,dc,out1,0.0,4,289.77572426000006,289.9193208379984,1.6712739980011975,0.199951171875,0.141357421875,-0.0091552734375,4331682.0,-0.6415859,0.6260814,0.08886667286006646,-0.30040020417975277,0.9496643784956582,0.8688074,0.0008385406,50702.0,6496.0,33008.0,0.01660412,1.2644328440902384
2026-09-18T18:55:21.720152+00:00,289.9470095809993,154,2,reverse,31,0.18,0.179931640625,0.0,0.46566128730773926,dc,out1,0.0,0,291.0278659889991,291.17130858699966,1.0808564079998177,0.179931640625,0.1412353515625,-0.009033203125,4332925.0,-0.3894004,0.7336234,0.0735703971985628,-0.07260600436547471,0.9946435365426783,0.8665052,0.0008396304,50852.0,6320.0,33072.0,0.01677062,1.4979285600549508
2026-09-18T18:55:21.720152+00:00,289.9470095809993,154,2,reverse,31,0.18,0.179931640625,0.0,0.46566128730773926,dc,out1,0.0,1,291.17146132199923,291.3143723639987,1.224451740999939,0.179931640625,0.1412353515625,-0.009033203125,4333077.0,-0.4634199,0.7217981,0.07616064494661749,-0.10145123803332834,0.9919209658348896,0.8707724,0.0008369502,50870.0,6336.0,33072.0,0.01682428,1.4688731946384692
2026-09-18T18:55:21.720152+00:00,289.9470095809993,154,2,reverse,31,0.18,0.179931640625,0.0,0.46566128730773926,dc,out1,0.0,2,291.31451409999863,291.4581424529988,1.3675045189993398,0.179931640625,0.1412353515625,-0.009033203125,4333211.0,-0.5435137,0.6953906,0.08327696155713041,-0.15849878494509023,0.9838409845319224,0.8695996,0.0008373583,50886.0,6352.0,33072.0,0.0168037,1.41106672240281
2026-09-18T18:55:21.720152+00:00,289.9470095809993,154,2,reverse,31,0.18,0.179931640625,0.0,0.46566128730773926,dc,out1,0.0,3,291.4582733879997,291.60172610299924,1.5112638070004323,0.179931640625,0.1412353515625,-0.009033203125,4333362.0,-0.5688382,0.6775012,0.08986842789749153,-0.19435104458099123,0.9768067040809614,0.872113,0.0008314299,50904.0,6384.0,33056.0,0.01675635,1.3743954689895994
2026-09-18T18:55:21.720152+00:00,289.9470095809993,154,2,reverse,31,0.18,0.179931640625,0.0,0.46566128730773926,dc,out1,0.0,4,291.6018799909998,291.7464029189996,1.6548704100005125,0.179931640625,0.1412353515625,-0.009033203125,4333513.0,-0.5755453,0.6730014,0.09083198188279852,-0.2035589092932202,0.9748401517759706,0.8722074,0.0008308371,50922.0,6352.0,33072.0,0.01674255,1.364941648567189
2026-09-18T18:55:23.547665+00:00,291.7745236989995,155,2,reverse,32,0.16,0.159912109375,0.0,0.46566128730773926,dc,out1,0.0,0,292.8662008149986,293.01116456599993,1.0916771159991185,0.159912109375,0.1412353515625,-0.0091552734375,4334769.0,-0.1973114,0.7473481,0.07018340932246436,-0.0292292240279219,0.9971057825118662,0.8753506,0.000832368,51070.0,6288.0,33056.0,0.01680682,1.541490653826331
2026-09-18T18:55:23.547665+00:00,291.7745236989995,155,2,reverse,32,0.16,0.159912109375,0.0,0.46566128730773926,dc,out1,0.0,1,293.01130885599923,293.15430878199913,1.2367851569997583,0.159912109375,0.1412353515625,-0.0091552734375,4334920.0,-0.0134033,0.7504601,0.06979419261385046,-0.0018713932824038235,0.9975596566444351,0.8722804,0.0008318455,51088.0,6288.0,33040.0,0.0167666,1.5689203576990816
2026-09-18T18:55:23.547665+00:00,291.7745236989995,155,2,reverse,32,0.16,0.159912109375,0.0,0.46566128730773926,dc,out1,0.0,2,293.1544606159987,293.2982732019991,1.3799369169992133,0.159912109375,0.1412353515625,-0.0091552734375,4335055.0,0.1640316,0.7490499,0.06875888835181389,0.023402931168158704,0.9973587709973584,0.8656924,0.0008342222,51104.0,6288.0,33024.0,0.01682837,1.5942569289717508
2026-09-18T18:55:23.547665+00:00,291.7745236989995,155,2,reverse,32,0.16,0.159912109375,0.0,0.46566128730773926,dc,out1,0.0,3,293.2984157889987,293.44251193499986,1.523892089999208,0.159912109375,0.1412353515625,-0.0091552734375,4335206.0,0.3025983,0.7458157,0.06503648373905274,0.044991779599698745,0.9968680933560428,0.8702704,0.0008329594,51122.0,6288.0,33024.0,0.01683495,1.6158988511606671
2026-09-18T18:55:23.547665+00:00,291.7745236989995,155,2,reverse,32,0.16,0.159912109375,0.0,0.46566128730773926,dc,out1,0.0,4,293.44269312399956,293.5853886579989,1.6681694250000874,0.159912109375,0.1412353515625,-0.0091552734375,4335340.0,0.3344924,0.7445952,0.06394487797158904,0.05055501842783908,0.996672083833474,0.8662332,0.0008351419,51138.0,6288.0,33040.0,0.01688677,1.6214767143404183
2026-09-18T18:55:25.389277+00:00,293.6161347009984,156,2,reverse,33,0.14,0.139892578125,0.0,0.46566128730773926,dc,out1,0.0,0,294.69398598599946,294.83815802199933,1.0778512850010884,0.139892578125,0.1416015625,-0.0091552734375,4336604.0,0.5598424,0.7164858,0.05989686250621143,0.12364484256698745,0.9905171976136996,0.8743076,0.0008300153,51288.0,6336.0,33008.0,0.0168332,1.6949825224112924
2026-09-18T18:55:25.389277+00:00,293.6161347009984,156,2,reverse,33,0.14,0.139892578125,0.0,0.46566128730773926,dc,out1,0.0,1,294.83830866399876,294.98155964599937,1.2221739630003867,0.139892578125,0.1416015625,-0.0091552734375,4336738.0,0.5061247,0.7270221,0.061732845899263526,0.09878406777934147,0.9931922088347976,0.8663742,0.000833705,51304.0,6304.0,32960.0,0.0168052,1.6699314644516754
2026-09-18T18:55:25.389277+00:00,293.6161347009984,156,2,reverse,33,0.14,0.139892578125,0.0,0.46566128730773926,dc,out1,0.0,2,294.98192500999903,295.12611133299833,1.3657903090006585,0.139892578125,0.1416015625,-0.0091552734375,4336889.0,0.5672514,0.7193609,0.055650343174317954,0.11935463212552941,0.991290830732717,0.8669094,0.000835784,51322.0,6304.0,32992.0,0.01684293,1.6906227539025018
2026-09-18T18:55:25.389277+00:00,293.6161347009984,156,2,reverse,33,0.14,0.139892578125,0.0,0.46566128730773926,dc,out1,0.0,3,295.1262559629995,295.270487890999,1.510121262001121,0.139892578125,0.1416015625,-0.0091552734375,4337024.0,0.5972944,0.7080485,0.056609467271907805,0.14330717502978732,0.9880579040725157,0.8673484,0.0008358857,51338.0,6320.0,32976.0,0.01685135,1.714831187738441
2026-09-18T18:55:25.389277+00:00,293.6161347009984,156,2,reverse,33,0.14,0.139892578125,0.0,0.46566128730773926,dc,out1,0.0,4,295.2707101369997,295.4135033399998,1.6545754360013234,0.139892578125,0.1416015625,-0.0091552734375,4337176.0,0.5870145,0.7047549,0.062057503015946036,0.14811288353120253,0.987021499285349,0.8676684,0.0008298627,51356.0,6288.0,32848.0,0.01687952,1.7197453869356352
2026-09-18T18:55:27.216053+00:00,295.44291204,157,2,reverse,34,0.12,0.1199951171875,0.0,0.46566128730773926,dc,out1,0.0,0,296.53324086299835,296.67654072299956,1.0903288229983445,0.1199951171875,0.1419677734375,-0.0091552734375,4338438.0,0.6494271,0.6918873,0.049942208760643175,0.1791005286631743,0.9825623524319868,0.866362,0.0008296353,51506.0,6320.0,32928.0,0.01678017,1.7510959073232437
2026-09-18T18:55:27.216053+00:00,295.44291204,157,2,reverse,34,0.12,0.1199951171875,0.0,0.46566128730773926,dc,out1,0.0,1,296.6767223329989,296.81935814999997,1.2338102929988963,0.1199951171875,0.1419677734375,-0.0091552734375,4338573.0,0.6236421,0.6935901,0.05804383754708998,0.17311440250748802,0.9831898680149641,0.8641272,0.0008320038,51522.0,6336.0,32912.0,0.0168781,1.7450841155665577
2026-09-18T18:55:27.216053+00:00,295.44291204,157,2,reverse,34,0.12,0.1199951171875,0.0,0.46566128730773926,dc,out1,0.0,2,296.81952552299845,296.9643036899997,1.3766134829984367,0.1199951171875,0.1419677734375,-0.0091552734375,4338724.0,0.6577109,0.6823399,0.051698759357514334,0.19802279618737484,0.9788330861137803,0.866204,0.0008322676,51540.0,6352.0,32896.0,0.01683678,1.7704072164531788
2026-09-18T18:55:27.216053+00:00,295.44291204,157,2,reverse,34,0.12,0.1199951171875,0.0,0.46566128730773926,dc,out1,0.0,3,296.9644605639987,297.1082571829993,1.5215485239987174,0.1199951171875,0.1419677734375,-0.0091552734375,4338859.0,0.6909919,0.6621692,0.0457914633974975,0.2396345658227667,0.9697826646949561,0.8639764,0.0008332377,51556.0,6368.0,32880.0,0.01677383,1.813044954861368
2026-09-18T18:55:27.216053+00:00,295.44291204,157,2,reverse,34,0.12,0.1199951171875,0.0,0.46566128730773926,dc,out1,0.0,4,297.1084048299999,297.2535419779997,1.6654927899999166,0.1199951171875,0.1419677734375,-0.0091552734375,4339011.0,0.699692,0.6487608,0.04603558929227521,0.26593086432733753,0.962892257688589,0.8695274,0.0008266254,51574.0,6400.0,32864.0,0.01677548,1.8402585488312233
2026-09-18T18:55:29.060911+00:00,297.2877704169987,158,2,reverse,35,0.1,0.0999755859375,0.0,0.46566128730773926,dc,out1,0.0,0,298.36581264099914,298.5083917189986,1.0780422240004555,0.0999755859375,0.1431884765625,-0.0091552734375,4340273.0,0.7346934,0.5583769,0.044402230474067654,0.43634871562170974,0.8986813897618066,0.8599338,0.0008242323,51724.0,6672.0,32192.0,0.01687022,2.02281182187448
2026-09-18T18:55:29.060911+00:00,297.2877704169987,158,2,reverse,35,0.1,0.0999755859375,0.0,0.46566128730773926,dc,out1,0.0,1,298.50854238099964,298.6531520179997,1.22077196400096,0.0999755859375,0.1431884765625,-0.0091552734375,4340408.0,0.7460324,0.5454017,0.03631853742231527,0.46034245570226034,0.886998189015917,0.8608568,0.0008225501,51740.0,6704.0,32304.0,0.01687842,2.0495196126714856
2026-09-18T18:55:29.060911+00:00,297.2877704169987,158,2,reverse,35,0.1,0.0999755859375,0.0,0.46566128730773926,dc,out1,0.0,2,298.65331356099887,298.7962951819991,1.3655431440001848,0.0999755859375,0.1431884765625,-0.0091552734375,4340560.0,0.7528921,0.5325825,0.03146708767756669,0.48333663339716715,0.874868859435164,0.8613624,0.0008229445,51758.0,6800.0,32432.0,0.01681095,2.075532016504172
2026-09-18T18:55:29.060911+00:00,297.2877704169987,158,2,reverse,35,0.1,0.0999755859375,0.0,0.46566128730773926,dc,out1,0.0,3,298.79644756699963,298.9393631139992,1.508677150000949,0.0999755859375,0.1431884765625,-0.0091552734375,4340695.0,0.751781,0.5242819,0.03351231816820888,0.49768931387873044,0.8667077196967333,0.8679652,0.0008194665,51774.0,6784.0,32192.0,0.0168197,2.0920515130281703
2026-09-18T18:55:29.060911+00:00,297.2877704169987,158,2,reverse,35,0.1,0.0999755859375,0.0,0.46566128730773926,dc,out1,0.0,4,298.9395221019986,299.0831624759994,1.6517516849999083,0.0999755859375,0.1431884765625,-0.0091552734375,4340846.0,0.7657979,0.5250628,0.019495782179114223,0.49707992420345626,0.867485713675511,0.8642214,0.0008241543,51792.0,6896.0,32384.0,0.0167833,2.0911354623256857
2026-09-18T18:55:30.890568+00:00,299.1174264909987,159,2,reverse,36,0.08,0.0799560546875,0.0,0.46566128730773926,dc,out1,0.0,0,300.2040695479991,300.34731989899956,1.0866430570004013,0.0799560546875,0.14404296875,-0.0091552734375,4342108.0,0.7559366,0.4941373,0.03239671530224581,0.5491767882343251,0.8350780251582821,0.86162,0.000819619,51944.0,6928.0,31936.0,0.01646175,2.1525203572944407
2026-09-18T18:55:30.890568+00:00,299.1174264909987,159,2,reverse,36,0.08,0.0799560546875,0.0,0.46566128730773926,dc,out1,0.0,1,300.34749090900004,300.4911990159999,1.2300644180013478,0.0799560546875,0.14404296875,-0.0091552734375,4342256.0,0.7647059,0.4867125,0.023270951712456158,0.5619893900611738,0.8268170222395439,0.861699,0.0008219222,51962.0,7040.0,31696.0,0.01654197,2.1677693527895765
2026-09-18T18:55:30.890568+00:00,299.1174264909987,159,2,reverse,36,0.08,0.0799560546875,0.0,0.46566128730773926,dc,out1,0.0,2,300.49132262700005,300.6362300889996,1.373896136001349,0.0799560546875,0.14404296875,-0.0091552734375,4342389.0,0.7686276,0.4700634,0.019775011888912418,0.5893539527375284,0.8076328790344314,0.8605166,0.0008216942,51978.0,7120.0,31680.0,0.0165738,2.201197934257352
2026-09-18T18:55:30.890568+00:00,299.1174264909987,159,2,reverse,36,0.08,0.0799560546875,0.0,0.46566128730773926,dc,out1,0.0,3,300.6363925329988,300.77940241299984,1.5189660420001019,0.0799560546875,0.14404296875,-0.0091552734375,4342538.0,0.7749347,0.4543948,0.012862862148529459,0.614566319993053,0.7887602836778386,0.8691616,0.0008218867,51996.0,7152.0,31712.0,0.01656342,2.2326968816161408
2026-09-18T18:55:30.890568+00:00,299.1174264909987,159,2,reverse,36,0.08,0.0799560546875,0.0,0.46566128730773926,dc,out1,0.0,4,300.7796145100001,300.92393715699836,1.6621880190014053,0.0799560546875,0.14404296875,-0.0091552734375,4342687.0,0.7815551,0.4361154,0.004943052265639027,0.6431008826258501,0.7657655130652932,0.8639684,0.000824497,52014.0,7232.0,31616.0,0.01654557,2.269347306504042
2026-09-18T18:55:32.734646+00:00,300.9615032319998,160,2,reverse,37,0.06,0.0599365234375,0.0,0.46566128730773926,dc,out1,0.0,0,302.04014166399975,302.18236282699945,1.0786384319999343,0.0599365234375,0.147216796875,-0.0091552734375,4343945.0,0.7814441,0.3211998,0.006331658123692626,0.8006353839056148,0.5991184291471207,0.8542532,0.0008074414,52164.0,8432.0,30272.0,0.01682448,2.499178053815182
2026-09-18T18:55:32.734646+00:00,300.9615032319998,160,2,reverse,37,0.06,0.0599365234375,0.0,0.46566128730773926,dc,out1,0.0,1,302.182533616,302.3252624279994,1.221030384000187,0.0599365234375,0.147216796875,-0.0091552734375,4344080.0,0.7693968,0.3251879,0.02546522483700457,0.7954488001918261,0.6054855312865743,0.8735788,0.000796413,52180.0,8304.0,30320.0,0.01685827,2.490970030260202
2026-09-18T18:55:32.734646+00:00,300.9615032319998,160,2,reverse,37,0.06,0.0599365234375,0.0,0.46566128730773926,dc,out1,0.0,2,302.32539627799997,302.46854652799993,1.3638930460001575,0.0599365234375,0.147216796875,-0.0091552734375,4344231.0,0.7780166,0.3606666,0.011085612608104287,0.7508441389801094,0.6603863930702397,0.855992,0.0008097128,52198.0,8160.0,30784.0,0.01684605,2.4202054104287463
2026-09-18T18:55:32.734646+00:00,300.9615032319998,160,2,reverse,37,0.06,0.0599365234375,0.0,0.46566128730773926,dc,out1,0.0,3,302.4686765409988,302.61139507199914,1.507173308998972,0.0599365234375,0.147216796875,-0.0091552734375,4344366.0,0.7833138,0.3779802,0.003033211258259415,0.7276067338555899,0.6859877844958053,0.8457004,0.0008159696,52214.0,8080.0,31056.0,0.01681725,2.3856279165330285
2026-09-18T18:55:32.734646+00:00,300.9615032319998,160,2,reverse,37,0.06,0.0599365234375,0.0,0.46566128730773926,dc,out1,0.0,4,302.61155322800005,302.7546553079992,1.6500499960002344,0.0599365234375,0.147216796875,-0.0091552734375,4344517.0,0.7673438,0.3867245,0.0258303762671189,0.7150390322708489,0.6986071671483673,0.8600828,0.0008086725,52232.0,7696.0,30800.0,0.01679322,2.367817713276495
2026-09-18T18:55:34.568891+00:00,302.7957508969994,161,2,reverse,38,0.04,0.0399169921875,0.0,0.46566128730773926,dc,out1,0.0,0,303.88387400600004,304.0294160499998,1.0881231090006622,0.0399169921875,0.1470947265625,-0.0091552734375,4345793.0,0.7682772,0.320382,0.02744430922730208,0.8011693475914307,0.597808068171514,0.8551108,0.0007979216,52384.0,8560.0,29680.0,0.01681282,2.500547626404962
2026-09-18T18:55:34.568891+00:00,302.7957508969994,161,2,reverse,38,0.04,0.0399169921875,0.0,0.46566128730773926,dc,out1,0.0,1,304.0295896849984,304.17232973499995,1.2338387879990478,0.0399169921875,0.1470947265625,-0.0091552734375,4345927.0,0.79053,0.3313666,-0.008090850214495179,0.7882719905480859,0.615273765945018,0.8538212,0.0008143255,52400.0,8400.0,30416.0,0.01674983,2.478833905795708
2026-09-18T18:55:34.568891+00:00,302.7957508969994,161,2,reverse,38,0.04,0.0399169921875,0.0,0.46566128730773926,dc,out1,0.0,2,304.17250040399995,304.3163263759998,1.376749507000568,0.0399169921875,0.1470947265625,-0.0091552734375,4346078.0,0.7776032,0.3356422,0.012206783395122175,0.7829282718127129,0.6219922150923621,0.8581634,0.0008083789,52418.0,8192.0,30192.0,0.01674232,2.470249064532556
2026-09-18T18:55:34.568891+00:00,302.7957508969994,161,2,reverse,38,0.04,0.0399169921875,0.0,0.46566128730773926,dc,out1,0.0,3,304.3164694930001,304.45925669999997,1.5207185960007337,0.0399169921875,0.1470947265625,-0.0091552734375,4346212.0,0.7805343,0.3209853,0.00779098246415097,0.8008794733615079,0.5987748907063798,0.8748362,0.0008003426,52434.0,8368.0,30448.0,0.01676045,2.499599362582151
2026-09-18T18:55:34.568891+00:00,302.7957508969994,161,2,reverse,38,0.04,0.0399169921875,0.0,0.46566128730773926,dc,out1,0.0,4,304.4594007199994,304.6032945070001,1.6636498230000143,0.0399169921875,0.1470947265625,-0.0091552734375,4346363.0,0.7855098,0.3174405,-0.00017976669568008498,0.8051422588286512,0.5930817066241654,0.8480204,0.0008113337,52452.0,8640.0,30272.0,0.01679787,2.5067116416875073
2026-09-18T18:55:36.404687+00:00,304.6315458779991,162,2,reverse,39,0.02,0.0198974609375,0.0,0.46566128730773926,dc,out1,0.0,0,305.71336929300014,305.8572981749985,1.081823415001054,0.0198974609375,0.1624755859375,-0.0091552734375,4347622.0,0.7832877,-0.2859913,0.003549069003129139,0.8408219565412937,-0.5413001399475913,0.8509668,0.000781335,52602.0,8416.0,28432.0,0.01675698,-2.569605999122634
2026-09-18T18:55:36.404687+00:00,304.6315458779991,162,2,reverse,39,0.02,0.0198974609375,0.0,0.46566128730773926,dc,out1,0.0,1,305.8574599879994,306.0013797619995,1.2259141100003035,0.0198974609375,0.1624755859375,-0.0091552734375,4347756.0,0.7556045,-0.3028587,0.048957391497186725,0.8206348043145208,-0.5693519928528039,0.8856222,0.0007587359,52618.0,7920.0,28816.0,0.016788,-2.5350435421213824
2026-09-18T18:55:36.404687+00:00,304.6315458779991,162,2,reverse,39,0.02,0.0198974609375,0.0,0.46566128730773926,dc,out1,0.0,2,306.00153551399853,306.14526296799886,1.3699896359994455,0.0198974609375,0.1624755859375,-0.0091552734375,4347907.0,0.7804221,-0.2965865,0.008251880355613599,0.8291301033955829,-0.5589947925641408,0.8742286,0.0007764455,52636.0,8192.0,28912.0,0.01678948,-2.548396699241824
2026-09-18T18:55:36.404687+00:00,304.6315458779991,162,2,reverse,39,0.02,0.0198974609375,0.0,0.46566128730773926,dc,out1,0.0,3,306.1454336179995,306.2893957109991,1.5138877400004276,0.0198974609375,0.1624755859375,-0.0091552734375,4348042.0,0.7700684,-0.3090336,0.024983598573363804,0.8146169378536874,-0.5794610119448992,0.8509018,0.0007712366,52652.0,8432.0,28944.0,0.01683795,-2.5233034375905374
2026-09-18T18:55:36.404687+00:00,304.6315458779991,162,2,reverse,39,0.02,0.0198974609375,0.0,0.46566128730773926,dc,out1,0.0,4,306.28961572299886,306.4323972149996,1.6580698449997726,0.0198974609375,0.1624755859375,-0.0091552734375,4348193.0,0.772516,-0.307905,0.021029243776093973,0.8160349254655008,-0.5776199194338091,0.8665766,0.000774845,52670.0,8080.0,28736.0,0.01676605,-2.5256261318390147
2026-09-18T18:55:38.233284+00:00,306.46014306899997,163,2,reverse,40,0.0,0.0,0.0,0.46566128730773926,dc,out1,0.0,0,307.54283411399956,307.6856638649988,1.0826910449995921,0.0,0.163330078125,-0.0091552734375,4349450.0,0.7735706,-0.3487575,0.018128561263654624,0.7662262783480078,-0.6423150672648675,0.8478404,0.000771183,52822.0,8016.0,29248.0,0.01653225,-2.443939901447298
2026-09-18T18:55:38.233284+00:00,306.46014306899997,163,2,reverse,40,0.0,0.0,0.0,0.46566128730773926,dc,out1,0.0,1,307.68586743599917,307.82944243199927,1.2257243669992022,0.0,0.163330078125,-0.0091552734375,4349582.0,0.7584554,-0.3615521,0.04038140765460807,0.7486669982610686,-0.6617152466360386,0.8718694,0.0007623644,52838.0,7648.0,29168.0,0.01652175,-2.4177677540304523
2026-09-18T18:55:38.233284+00:00,306.46014306899997,163,2,reverse,40,0.0,0.0,0.0,0.46566128730773926,dc,out1,0.0,2,307.829597902999,307.9722832339994,1.3694548339990433,0.0,0.163330078125,-0.0091552734375,4349730.0,0.7710136,-0.3977514,0.020133475004296048,0.699636115692566,-0.7142156178654103,0.8449844,0.0007685172,52856.0,7760.0,29424.0,0.01648045,-2.3458829525058693
2026-09-18T18:55:38.233284+00:00,306.46014306899997,163,2,reverse,40,0.0,0.0,0.0,0.46566128730773926,dc,out1,0.0,3,307.97243434699885,308.1163746969996,1.5122912779988837,0.0,0.163330078125,-0.0091552734375,4349879.0,0.7627172,-0.4177808,0.030416589490538264,0.670071268843584,-0.7416733281938305,0.8506116,0.0007675519,52874.0,7376.0,29488.0,0.01653075,-2.305519065138226
2026-09-18T18:55:38.233284+00:00,306.46014306899997,163,2,reverse,40,0.0,0.0,0.0,0.46566128730773926,dc,out1,0.0,4,308.11653840299914,308.2594462999987,1.6563953339991713,0.0,0.163330078125,-0.0091552734375,4350012.0,0.7591182,-0.4179996,0.035221878705058614,0.6695108014232415,-0.741966782300997,0.8514886,0.0007620036,52890.0,7360.0,29568.0,0.01675092,-2.3049060824057515
2026-09-18T18:55:40.060728+00:00,308.2875855399998,164,3,forward,0,0.0,0.0,0.0,0.46566128730773926,dc,out1,0.0,0,309.36737214499954,309.51139243099897,1.0797866049997538,0.0,0.1634521484375,-0.0091552734375,4351271.0,0.7644705,-0.3444562,0.03230027835090717,0.7712617885023416,-0.6356979987498963,0.8742292,0.0007671181,53038.0,7616.0,29104.0,0.0167368,-2.452250254097877
2026-09-18T18:55:40.060728+00:00,308.2875855399998,164,3,forward,0,0.0,0.0,0.0,0.46566128730773926,dc,out1,0.0,1,309.5115280049995,309.65434606099916,1.223942464999709,0.0,0.1634521484375,-0.0091552734375,4351419.0,0.7742538,-0.356942,0.0168449696365804,0.7556367056439423,-0.6547743245435889,0.8531812,0.0007725144,53056.0,7728.0,29104.0,0.01634218,-2.4275857125888174
2026-09-18T18:55:40.060728+00:00,308.2875855399998,164,3,forward,0,0.0,0.0,0.0,0.46566128730773926,dc,out1,0.0,2,309.65449316599916,309.79729456099994,1.3669076259993744,0.0,0.1634521484375,-0.0091552734375,4351566.0,0.7506861,-0.3764889,0.050615038655534635,0.7278981854890385,-0.6838145577740093,0.8687646,0.0007599773,53074.0,7600.0,29216.0,0.01619702,-2.38741139832857
2026-09-18T18:55:40.060728+00:00,308.2875855399998,164,3,forward,0,0.0,0.0,0.0,0.46566128730773926,dc,out1,0.0,3,309.79744888999994,309.9405354779992,1.5098633500001597,0.0,0.1634521484375,-0.0091552734375,4351695.0,0.7692426,-0.3896275,0.022983340662315437,0.7110659427190595,-0.7027495934947633,0.8515018,0.000769905,53090.0,7600.0,29328.0,0.01617102,-2.3620766248111815
2026-09-18T18:55:40.060728+00:00,308.2875855399998,164,3,forward,0,0.0,0.0,0.0,0.46566128730773926,dc,out1,0.0,4,309.9407598479993,310.08437196999876,1.6531743079995067,0.0,0.1634521484375,-0.0091552734375,4351842.0,0.7512993,-0.4184098,0.04564532569857251,0.6682706519029685,-0.7425165587696025,0.8570286,0.0007597449,53108.0,7296.0,29520.0,0.01643365,-2.303615706245697
2026-09-18T18:55:41.885113+00:00,310.111972531,165,3,forward,1,0.02,0.0198974609375,0.0,0.46566128730773926,dc,out1,0.0,0,311.1968807989997,311.34111856899835,1.0849082679997082,0.0198974609375,0.1627197265625,-0.0091552734375,4353101.0,0.7891858,-0.2751402,-0.006456933916036028,0.8523534704117282,-0.5229262562555902,0.8619896,0.0007824204,53260.0,8720.0,28880.0,0.01670638,-2.5912994643059792
2026-09-18T18:55:41.885113+00:00,310.111972531,165,3,forward,1,0.02,0.0198974609375,0.0,0.46566128730773926,dc,out1,0.0,1,311.3412620069994,311.4845174080001,1.2292894759993942,0.0198974609375,0.1627197265625,-0.0091552734375,4353252.0,0.7885278,-0.2820389,-0.005289564589522115,0.8450654472085314,-0.5346367088413384,0.8487146,0.0007841144,53278.0,8656.0,28480.0,0.01667042,-2.5775060028391503
2026-09-18T18:55:41.885113+00:00,310.111972531,165,3,forward,1,0.02,0.0198974609375,0.0,0.46566128730773926,dc,out1,0.0,2,311.4847396339992,311.6282772629984,1.3727671029992052,0.0198974609375,0.1627197265625,-0.0091552734375,4353385.0,0.7758122,-0.2626675,0.0165856911527593,0.864996992015641,-0.5015028600645051,0.8658618,0.0007740155,53294.0,8288.0,28288.0,0.01664115,-2.6161779063243342
2026-09-18T18:55:41.885113+00:00,310.111972531,165,3,forward,1,0.02,0.0198974609375,0.0,0.46566128730773926,dc,out1,0.0,3,311.62843236299886,311.77223842499916,1.5164598319988727,0.0198974609375,0.1627197265625,-0.0091552734375,4353535.0,0.7723132,-0.2535196,0.022874774365893618,0.8738867426741984,-0.48559108895858943,0.8693146,0.0007708289,53312.0,8688.0,28320.0,0.0166281,-2.6344080622691948
2026-09-18T18:55:41.885113+00:00,310.111972531,165,3,forward,1,0.02,0.0198974609375,0.0,0.46566128730773926,dc,out1,0.0,4,311.7723739989997,311.91552569599844,1.6604014679996908,0.0198974609375,0.1627197265625,-0.0091552734375,4353667.0,0.774649,-0.2297228,0.019267433484339506,0.8960913678704584,-0.44345126726053824,0.8749716,0.0007715014,53328.0,9104.0,28096.0,0.01659415,-2.682055190343504
2026-09-18T18:55:43.717016+00:00,311.94387536799877,166,3,forward,2,0.04,0.0399169921875,0.0,0.46566128730773926,dc,out1,0.0,0,313.0203253239997,313.16444630299884,1.0764499560009426,0.0399169921875,0.1610107421875,-0.0091552734375,4354931.0,0.7777422,-0.201842,0.014080605880346445,0.9195123271188842,-0.3928088807734068,0.8511286,0.0007775149,53480.0,9280.0,27872.0,0.01659155,-2.7378663035296813
2026-09-18T18:55:43.717016+00:00,311.94387536799877,166,3,forward,2,0.04,0.0399169921875,0.0,0.46566128730773926,dc,out1,0.0,1,313.16459924899937,313.30744974999834,1.2207238810005947,0.0399169921875,0.1610107421875,-0.0091552734375,4355064.0,0.7834054,-0.2011004,0.0036674789511523457,0.9201944237914177,-0.39144446863038374,0.8630726,0.000781066,53496.0,9792.0,27728.0,0.01655773,-2.7393889927270383
2026-09-18T18:55:43.717016+00:00,311.94387536799877,166,3,forward,2,0.04,0.0399169921875,0.0,0.46566128730773926,dc,out1,0.0,2,313.3076100189992,313.45047821299886,1.3637346510004136,0.0399169921875,0.1610107421875,-0.0091552734375,4355213.0,0.7798997,-0.2044286,0.010090310024801258,0.9175202728219123,-0.3975609822460034,0.8434678,0.0007812595,53514.0,9520.0,27872.0,0.0165963,-2.732713395084035
2026-09-18T18:55:43.717016+00:00,311.94387536799877,166,3,forward,2,0.04,0.0399169921875,0.0,0.46566128730773926,dc,out1,0.0,3,313.4506335829992,313.593555767,1.5067582150004455,0.0399169921875,0.1610107421875,-0.0091552734375,4355346.0,0.793928,-0.1876594,-0.015871393244992756,0.9302554232722039,-0.36656915629812,0.8432462,0.0007922749,53530.0,9856.0,27456.0,0.0166111,-2.7662242198586555
2026-09-18T18:55:43.717016+00:00,311.94387536799877,166,3,forward,2,0.04,0.0399169921875,0.0,0.46566128730773926,dc,out1,0.0,4,313.59387275099834,313.7392392689999,1.6499973829995724,0.0399169921875,0.1610107421875,-0.0091552734375,4355496.0,0.778471,-0.1985622,0.012775732751077849,0.9220884946820822,-0.38676813290084383,0.8562722,0.0007792764,53548.0,9088.0,28032.0,0.01665062,-2.7444340214279648
2026-09-18T18:55:45.541979+00:00,313.7688372859993,167,3,forward,3,0.06,0.0599365234375,0.0,0.46566128730773926,dc,out1,0.0,0,314.8517291139997,314.99441174799904,1.0828918280003563,0.0599365234375,0.15966796875,-0.0091552734375,4356759.0,0.7863749,-0.1180633,-0.0018992658570378277,0.9722495482266481,-0.2339384721722423,0.8498704,0.0007886149,53700.0,10640.0,26544.0,0.01662903,-2.9054656196137114
2026-09-18T18:55:45.541979+00:00,313.7688372859993,167,3,forward,3,0.06,0.0599365234375,0.0,0.46566128730773926,dc,out1,0.0,1,314.99461144199995,315.13735210399864,1.2257741560006252,0.0599365234375,0.15966796875,-0.0091552734375,4356892.0,0.7939988,-0.1010574,-0.016850297243370733,0.9794993137831461,-0.20074152978682813,0.8637262,0.0007963858,53716.0,10896.0,27216.0,0.0166099,-2.939448756619784
2026-09-18T18:55:45.541979+00:00,313.7688372859993,167,3,forward,3,0.06,0.0599365234375,0.0,0.46566128730773926,dc,out1,0.0,2,315.1375169029998,315.2816147549984,1.3686796170004527,0.0599365234375,0.15966796875,-0.0091552734375,4357042.0,0.7913745,-0.1097053,-0.011665840893712129,0.9759561845313618,-0.21765439125188607,0.8498454,0.0007945525,53734.0,10992.0,26624.0,0.01662075,-2.92216687773169
2026-09-18T18:55:45.541979+00:00,313.7688372859993,167,3,forward,3,0.06,0.0599365234375,0.0,0.46566128730773926,dc,out1,0.0,3,315.28184858199893,315.42446369799836,1.513011295999604,0.0599365234375,0.15966796875,-0.0091552734375,4357192.0,0.7875559,-0.1282402,-0.0041742959904773795,0.9672798043192229,-0.25367766044559376,0.843274,0.0007900758,53752.0,10752.0,26976.0,0.01662358,-2.8851099686837256
2026-09-18T18:55:45.541979+00:00,313.7688372859993,167,3,forward,3,0.06,0.0599365234375,0.0,0.46566128730773926,dc,out1,0.0,4,315.4246722989992,315.5682882379988,1.6558350129998871,0.0599365234375,0.15966796875,-0.0091552734375,4357325.0,0.7810937,-0.1215572,0.008355660564624185,0.9705569973954458,-0.24072660372976126,0.8887182,0.0007823748,53768.0,10496.0,27024.0,0.01665022,-2.898469595108153
2026-09-18T18:55:47.373199+00:00,315.60005749799893,168,3,forward,4,0.08,0.0799560546875,0.0,0.46566128730773926,dc,out1,0.0,0,316.6803070369988,316.8241834519995,1.0802495389998512,0.0799560546875,0.158447265625,-0.0091552734375,4358578.0,0.7811364,-0.06165697,0.008458700681192196,0.9923704167029024,-0.12300165216652117,0.85293,0.0007881444,53916.0,12080.0,26288.0,0.01698387,-3.018274279320094
2026-09-18T18:55:47.373199+00:00,315.60005749799893,168,3,forward,4,0.08,0.0799560546875,0.0,0.46566128730773926,dc,out1,0.0,1,316.8243336229989,316.9682001889996,1.2242761249999603,0.0799560546875,0.158447265625,-0.0091552734375,4358730.0,0.7864308,-0.04932946,-0.002055228640745037,0.9951350327760594,-0.09849894708587138,0.868168,0.0007927516,53934.0,12112.0,25696.0,0.01696258,-3.0429335245445364
2026-09-18T18:55:47.373199+00:00,315.60005749799893,168,3,forward,4,0.08,0.0799560546875,0.0,0.46566128730773926,dc,out1,0.0,2,316.9683586149986,317.11237070399875,1.3683011169996462,0.0799560546875,0.158447265625,-0.0091552734375,4358866.0,0.7912358,-0.03912819,-0.011639276970219803,0.9968715852063899,-0.07817652997997562,0.8494708,0.0007978645,53950.0,11680.0,25728.0,0.01698773,-3.063330961397327
2026-09-18T18:55:47.373199+00:00,315.60005749799893,168,3,forward,4,0.08,0.0799560546875,0.0,0.46566128730773926,dc,out1,0.0,3,317.1125335689994,317.25533844799975,1.512476071000492,0.0799560546875,0.158447265625,-0.0091552734375,4359019.0,0.7799092,-0.0363298,0.010948741095078972,0.99730135456059,-0.07259568348080585,0.8645542,0.0007890035,53968.0,12528.0,25520.0,0.01697305,-3.068928690484307
2026-09-18T18:55:47.373199+00:00,315.60005749799893,168,3,forward,4,0.08,0.0799560546875,0.0,0.46566128730773926,dc,out1,0.0,4,317.2555074339998,317.398453505999,1.6554499360008776,0.0799560546875,0.158447265625,-0.0091552734375,4359154.0,0.7863403,-0.02606179,-0.001881713010670101,0.9986401009019757,-0.052099981061774,0.8609624,0.0007988696,53984.0,12864.0,25936.0,0.0168204,-3.0894689812251563
2026-09-18T18:55:49.198986+00:00,317.42584344999887,169,3,forward,5,0.1,0.0999755859375,0.0,0.46566128730773926,dc,out1,0.0,0,318.5129655469991,318.6563322839993,1.0871220970002469,0.0999755859375,0.156005859375,-0.0091552734375,4360410.0,0.783136,0.04676248,0.004504538887865704,0.9956195378361786,0.09338867708818865,0.8635188,0.0008007335,54134.0,12064.0,26048.0,0.01674335,3.0480667419476157
2026-09-18T18:55:49.198986+00:00,317.42584344999887,169,3,forward,5,0.1,0.0999755859375,0.0,0.46566128730773926,dc,out1,0.0,1,318.656514504999,318.79957541099975,1.2306710550001299,0.0999755859375,0.156005859375,-0.0091552734375,4360561.0,0.7948321,0.0386115,-0.018810526770467625,0.9968423230109759,0.07714627104856521,0.864463,0.0008070619,54152.0,12048.0,26320.0,0.01670677,3.064355960590611
2026-09-18T18:55:49.198986+00:00,317.42584344999887,169,3,forward,5,0.1,0.0999755859375,0.0,0.46566128730773926,dc,out1,0.0,2,318.7997587639984,318.9433210070001,1.3739153139995324,0.0999755859375,0.156005859375,-0.0091552734375,4360712.0,0.7892449,0.03825023,-0.00767089617374951,0.9970457585378107,0.07642586429771786,0.891639,0.0008014443,54170.0,12544.0,26112.0,0.0166696,3.0650899383442494
2026-09-18T18:55:49.198986+00:00,317.42584344999887,169,3,forward,5,0.1,0.0999755859375,0.0,0.46566128730773926,dc,out1,0.0,3,318.94345550899925,319.0863328509986,1.5176120590003848,0.0999755859375,0.156005859375,-0.0091552734375,4360846.0,0.7753765,0.03326281,0.019997651671908763,0.9975875704801335,0.06647656091551175,0.8757406,0.0007904115,54186.0,12512.0,26128.0,0.01678938,3.0750537079291145
2026-09-18T18:55:49.198986+00:00,317.42584344999887,169,3,forward,5,0.1,0.0999755859375,0.0,0.46566128730773926,dc,out1,0.0,4,319.08649926199905,319.23127163999925,1.6606558120001864,0.0999755859375,0.156005859375,-0.0091552734375,4360997.0,0.7902585,0.04238083,-0.009685622292278956,0.99636280496015,0.08466020087829654,0.8513202,0.0008031136,54204.0,12176.0,26176.0,0.01676325,3.0568270079599458
2026-09-18T18:55:51.031761+00:00,319.25861979599904,170,3,forward,6,0.12,0.1199951171875,0.0,0.46566128730773926,dc,out1,0.0,0,320.33889205099877,320.4822016479993,1.080272254999727,0.1199951171875,0.1551513671875,-0.0091552734375,4362239.0,0.7960413,0.1024318,-0.02083957661625768,0.9788669351364485,0.2034336140932242,0.8512786,0.0008172893,54352.0,11472.0,27104.0,0.01672773,2.93668392082215
2026-09-18T18:55:51.031761+00:00,319.25861979599904,170,3,forward,6,0.12,0.1199951171875,0.0,0.46566128730773926,dc,out1,0.0,1,320.4823644829994,320.625280242999,1.2237446870003623,0.1199951171875,0.1551513671875,-0.0091552734375,4362390.0,0.7848001,0.0931198,0.0011754424625493713,0.9827067723826348,0.18516483966542222,0.8946912,0.0008029427,54370.0,11504.0,27280.0,0.01680047,2.9553529234208216
2026-09-18T18:55:51.031761+00:00,319.25861979599904,170,3,forward,6,0.12,0.1199951171875,0.0,0.46566128730773926,dc,out1,0.0,2,320.62542290999954,320.768451291,1.3668031140005041,0.1199951171875,0.1551513671875,-0.0091552734375,4362525.0,0.7745207,0.08822082,0.02141548165800673,0.9842415591396019,0.17552757734271004,0.8834028,0.0007953726,54386.0,11616.0,27344.0,0.01679737,2.965110114129564
2026-09-18T18:55:51.031761+00:00,319.25861979599904,170,3,forward,6,0.12,0.1199951171875,0.0,0.46566128730773926,dc,out1,0.0,3,320.76860601099906,320.91139363099865,1.5099862150000263,0.1199951171875,0.1551513671875,-0.0091552734375,4362675.0,0.7806902,0.09792216,0.009235792816560947,0.9808402368296522,0.19459478396658378,0.869004,0.0008032596,54404.0,11648.0,27120.0,0.01672952,2.9457398718398564
2026-09-18T18:55:51.031761+00:00,319.25861979599904,170,3,forward,6,0.12,0.1199951171875,0.0,0.46566128730773926,dc,out1,0.0,4,320.91161233099956,321.05439042299986,1.6529925350005215,0.1199951171875,0.1551513671875,-0.0091552734375,4362810.0,0.7798025,0.1069937,0.01093584593620182,0.9771307349487145,0.21235803279425272,0.8609986,0.0008035351,54420.0,11408.0,27152.0,0.01678968,2.9275922577855047
2026-09-18T18:55:52.855357+00:00,321.0822150999993,171,3,forward,7,0.14,0.139892578125,0.0,0.46566128730773926,dc,out1,0.0,0,322.1664080499995,322.3103475729986,1.0841929500002152,0.139892578125,0.1544189453125,-0.0091552734375,4364071.0,0.7837544,0.1241884,0.0031866358363644583,0.9693074931264896,0.24583089537502578,0.865625,0.0008081474,54570.0,11072.0,27664.0,0.01693128,2.8932145659013426
2026-09-18T18:55:52.855357+00:00,321.0822150999993,171,3,forward,7,0.14,0.139892578125,0.0,0.46566128730773926,dc,out1,0.0,1,322.3105183429998,322.45360687299944,1.2283032430004823,0.139892578125,0.1544189453125,-0.0091552734375,4364205.0,0.7933725,0.129647,-0.015414875266972975,0.9664483101376042,0.2563982165551719,0.8433492,0.0008175942,54586.0,11248.0,27520.0,0.01674908,2.882267131834836
2026-09-18T18:55:52.855357+00:00,321.0822150999993,171,3,forward,7,0.14,0.139892578125,0.0,0.46566128730773926,dc,out1,0.0,2,322.45376914699955,322.5982274609996,1.3715540470002452,0.139892578125,0.1544189453125,-0.0091552734375,4364355.0,0.7812543,0.1376719,0.007975451601246544,0.9622987335434346,0.27187780268432715,0.895581,0.0008011742,54604.0,10704.0,28160.0,0.0166154,2.8662398679136034
2026-09-18T18:55:52.855357+00:00,321.0822150999993,171,3,forward,7,0.14,0.139892578125,0.0,0.46566128730773926,dc,out1,0.0,3,322.5983732329987,322.74139886599914,1.5161581329994078,0.139892578125,0.1544189453125,-0.0091552734375,4364504.0,0.79983,0.1587415,-0.027417379981592365,0.9496284638197998,0.31217634115703297,0.868745,0.0008254681,54622.0,10416.0,28704.0,0.01652775,2.823986075639386
2026-09-18T18:55:52.855357+00:00,321.0822150999993,171,3,forward,7,0.14,0.139892578125,0.0,0.46566128730773926,dc,out1,0.0,4,322.74165421399994,322.88522091899904,1.6594391140006337,0.139892578125,0.1544189453125,-0.0091552734375,4364637.0,0.7831846,0.1509899,0.004226783491839257,0.9547401900624777,0.297411001445436,0.8929538,0.0008081654,54638.0,10448.0,28624.0,0.01658243,2.839610070907749
2026-09-18T18:55:54.686662+00:00,322.91352107499915,172,3,forward,8,0.16,0.159912109375,0.0,0.46566128730773926,dc,out1,0.0,0,323.9996505449999,324.1453985600001,1.086129470000742,0.159912109375,0.1513671875,-0.0091552734375,4365905.0,0.7985427,0.2826439,-0.022196842702347758,0.8441426887592284,0.5356588664330943,0.8568246,0.000837102,54790.0,9152.0,30624.0,0.01674697,2.5761485183758537
2026-09-18T18:55:54.686662+00:00,322.91352107499915,172,3,forward,8,0.16,0.159912109375,0.0,0.46566128730773926,dc,out1,0.0,1,324.14560705999975,324.28933552599847,1.2320859850005945,0.159912109375,0.1513671875,-0.0091552734375,4366056.0,0.7598551,0.2650711,0.044054630462296594,0.8616096399366554,0.5056560272587063,0.9112564,0.0008020076,54808.0,8592.0,30608.0,0.0166698,2.6108807668999074
2026-09-18T18:55:54.686662+00:00,322.91352107499915,172,3,forward,8,0.16,0.159912109375,0.0,0.46566128730773926,dc,out1,0.0,2,324.2894948639987,324.4324245839998,1.375973788999545,0.159912109375,0.1513671875,-0.0091552734375,4366190.0,0.7729385,0.2769324,0.021191646159471483,0.8502340241090148,0.5259781539003715,0.8950244,0.0008140354,54824.0,8768.0,30528.0,0.01670168,2.5875889355246593
2026-09-18T18:55:54.686662+00:00,322.91352107499915,172,3,forward,8,0.16,0.159912109375,0.0,0.46566128730773926,dc,out1,0.0,3,324.4326068049995,324.5756630019987,1.51908573000037,0.159912109375,0.1513671875,-0.0091552734375,4366340.0,0.7767151,0.2833555,0.014650565797681543,0.8435440531452141,0.5368601226810873,0.8731772,0.0008220435,54842.0,8656.0,30320.0,0.01677707,2.574813349604503
2026-09-18T18:55:54.686662+00:00,322.91352107499915,172,3,forward,8,0.16,0.159912109375,0.0,0.46566128730773926,dc,out1,0.0,4,324.57589006599846,324.7182582459991,1.6623689909993118,0.159912109375,0.1513671875,-0.0091552734375,4366474.0,0.7810095,0.2850128,0.007389423847572694,0.8418547304037763,0.5396536012221045,0.8683804,0.0008268914,54858.0,8752.0,30080.0,0.01675482,2.571549552198472
2026-09-18T18:55:56.518763+00:00,324.7456207359992,173,3,forward,9,0.18,0.179931640625,0.0,0.46566128730773926,dc,out1,0.0,0,325.83132307399865,325.9751957769986,1.0857023379994644,0.179931640625,0.1495361328125,-0.0091552734375,4367730.0,0.7867363,0.3631708,-0.002000803776619894,0.7476064087643837,0.6641390324010997,0.8683898,0.0008363865,55008.0,8128.0,31760.0,0.0166415,2.4152492754533528
2026-09-18T18:55:56.518763+00:00,324.7456207359992,173,3,forward,9,0.18,0.179931640625,0.0,0.46566128730773926,dc,out1,0.0,1,325.9753423809998,326.1191128729988,1.229721645000609,0.179931640625,0.1495361328125,-0.0091552734375,4367880.0,0.7722742,0.3580196,0.019799464576536984,0.7541516536203686,0.6564017554395677,0.8976794,0.0008267189,55026.0,7664.0,31824.0,0.01670482,2.425382846030481
2026-09-18T18:55:56.518763+00:00,324.7456207359992,173,3,forward,9,0.18,0.179931640625,0.0,0.46566128730773926,dc,out1,0.0,2,326.11926007799957,326.2633257409998,1.3736393420003878,0.179931640625,0.1495361328125,-0.0091552734375,4368031.0,0.7803617,0.3749765,0.007370446470780813,0.731683783789634,0.6816043698936397,0.8662948,0.0008362398,55044.0,7680.0,31280.0,0.01669112,2.3916143508637555
2026-09-18T18:55:56.518763+00:00,324.7456207359992,173,3,forward,9,0.18,0.179931640625,0.0,0.46566128730773926,dc,out1,0.0,3,326.2635069099997,326.40762267599894,1.5178861740005232,0.179931640625,0.1495361328125,-0.0091552734375,4368165.0,0.7822847,0.3652261,0.004638238221636214,0.7448583266861722,0.6672065346745899,0.8735138,0.0008373604,55060.0,7952.0,31776.0,0.01680228,2.411130818335503
2026-09-18T18:55:56.518763+00:00,324.7456207359992,173,3,forward,9,0.18,0.179931640625,0.0,0.46566128730773926,dc,out1,0.0,4,326.40777776699906,326.55035522399885,1.6621570309998788,0.179931640625,0.1495361328125,-0.0091552734375,4368316.0,0.7730164,0.3706645,0.018263011781123006,0.7373456383549328,0.6752687405764013,0.8842744,0.0008329032,55078.0,7552.0,31712.0,0.01671242,2.4001109229465083
2026-09-18T18:55:58.351600+00:00,326.5784588609986,174,3,forward,10,0.2,0.199951171875,0.0,0.46566128730773926,dc,out1,0.0,0,327.6592947099998,327.80436273599844,1.0808358490012324,0.199951171875,0.1485595703125,-0.0091552734375,4369568.0,0.7822706,0.4042718,0.004319465610825463,0.6905390437252378,0.7232822210644134,0.88921,0.0008417452,55230.0,7328.0,32336.0,0.01664613,2.3330392823561033
2026-09-18T18:55:58.351600+00:00,326.5784588609986,174,3,forward,10,0.2,0.199951171875,0.0,0.46566128730773926,dc,out1,0.0,1,327.80449908099945,327.9474607359989,1.2260402200008684,0.199951171875,0.1485595703125,-0.0091552734375,4369701.0,0.7808991,0.4034719,0.006223999280784735,0.6916807735331065,0.7221765499914797,0.8667416,0.0008467198,55246.0,7056.0,31808.0,0.01666105,2.334628630553031
2026-09-18T18:55:58.351600+00:00,326.5784588609986,174,3,forward,10,0.2,0.199951171875,0.0,0.46566128730773926,dc,out1,0.0,2,327.94760596800006,328.0902641649991,1.3691471070014813,0.199951171875,0.1485595703125,-0.0091552734375,4369851.0,0.770657,0.4107459,0.020078380140043896,0.6808337250898816,0.7321627533760423,0.8749472,0.0008378036,55264.0,7120.0,32128.0,0.01662505,2.3198840896252504
2026-09-18T18:55:58.351600+00:00,326.5784588609986,174,3,forward,10,0.2,0.199951171875,0.0,0.46566128730773926,dc,out1,0.0,3,328.0904048979992,328.2344434480001,1.5119460370005982,0.199951171875,0.1485595703125,-0.0091552734375,4370001.0,0.7646043,0.4121568,0.028232463483691118,0.6784738527167337,0.7340818477427119,0.8955532,0.0008325594,55282.0,7120.0,32112.0,0.01663672,2.316847868026511
2026-09-18T18:55:58.351600+00:00,326.5784588609986,174,3,forward,10,0.2,0.199951171875,0.0,0.46566128730773926,dc,out1,0.0,4,328.2346634489986,328.3781745209999,1.656204588000037,0.199951171875,0.1485595703125,-0.0091552734375,4370134.0,0.7726342,0.4105652,0.017392694201458593,0.6811722725762742,0.7319165452848354,0.8805168,0.0008402212,55298.0,7168.0,32048.0,0.01665403,2.3202997349188705
2026-09-18T18:56:00.178829+00:00,328.405686529999,175,3,forward,11,0.22,0.219970703125,0.0,0.46566128730773926,dc,out1,0.0,0,329.4889244299993,329.6324327349994,1.083237900000313,0.219970703125,0.146484375,-0.0091552734375,4371397.0,0.7502514,0.541082,0.03296992895913312,0.46825944170293976,0.8829756956114255,0.876713,0.0008518512,55450.0,6384.0,33248.0,0.01659242,2.058404494970387
2026-09-18T18:56:00.178829+00:00,328.405686529999,175,3,forward,11,0.22,0.219970703125,0.0,0.46566128730773926,dc,out1,0.0,1,329.63264832799905,329.7764401029999,1.2269617980000476,0.219970703125,0.146484375,-0.0091552734375,4371530.0,0.7577656,0.5443044,0.0256144124738041,0.46301042220666466,0.8859826470093124,0.8674526,0.000857722,55466.0,6384.0,33328.0,0.01658303,2.052356396702137
2026-09-18T18:56:00.178829+00:00,328.405686529999,175,3,forward,11,0.22,0.219970703125,0.0,0.46566128730773926,dc,out1,0.0,2,329.77659454199966,329.919259287999,1.3709080120006547,0.219970703125,0.146484375,-0.0091552734375,4371679.0,0.7544154,0.5374254,0.02946826397719975,0.4749501722921052,0.8795191613932409,0.8872452,0.0008479472,55484.0,6464.0,33408.0,0.0166141,2.065938239212901
2026-09-18T18:56:00.178829+00:00,328.405686529999,175,3,forward,11,0.22,0.219970703125,0.0,0.46566128730773926,dc,out1,0.0,3,329.9194007419992,330.0633364459991,1.5137142120001954,0.219970703125,0.146484375,-0.0091552734375,4371829.0,0.7381115,0.5366618,0.045063724229062053,0.47507361615850324,0.8787913973114952,0.8917016,0.0008385331,55502.0,6528.0,33200.0,0.01657645,2.0663931216061937
2026-09-18T18:56:00.178829+00:00,328.405686529999,175,3,forward,11,0.22,0.219970703125,0.0,0.46566128730773926,dc,out1,0.0,4,330.06347577699853,330.2081330209985,1.6577892469995277,0.219970703125,0.146484375,-0.0091552734375,4371961.0,0.7475932,0.5355978,0.03618833001292934,0.4777063545630367,0.8777739137049868,0.8686678,0.0008520618,55518.0,6512.0,33280.0,0.01655105,2.069194812217263
2026-09-18T18:56:02.009093+00:00,330.23595160399964,176,3,forward,12,0.24,0.239990234375,0.0,0.46566128730773926,dc,out1,0.0,0,331.31555165399914,331.4591345249992,1.0796000499994989,0.239990234375,0.145751953125,-0.0091552734375,4373226.0,0.731042,0.6010333,0.039106139376611414,0.35830307442275305,0.9327859436774657,0.8841822,0.0008527764,55670.0,6224.0,33728.0,0.01662638,1.9375397923428879
2026-09-18T18:56:02.009093+00:00,330.23595160399964,176,3,forward,12,0.24,0.239990234375,0.0,0.46566128730773926,dc,out1,0.0,1,331.45928233199993,331.6032431989988,1.2233307280002919,0.239990234375,0.145751953125,-0.0091552734375,4373359.0,0.7246186,0.608401,0.0420344339208523,0.3440892384901129,0.9379955769193412,0.8884996,0.0008480434,55686.0,6256.0,33760.0,0.01670592,1.9223891499580015
2026-09-18T18:56:02.009093+00:00,330.23595160399964,176,3,forward,12,0.24,0.239990234375,0.0,0.46566128730773926,dc,out1,0.0,2,331.60339124599886,331.74748122599885,1.3674396419992263,0.239990234375,0.145751953125,-0.0091552734375,4373509.0,0.7268384,0.6170241,0.038610178368639544,0.32815602467843713,0.9438341366964784,0.8801348,0.0008582256,55704.0,6192.0,33712.0,0.0166496,1.905406403292226
2026-09-18T18:56:02.009093+00:00,330.23595160399964,176,3,forward,12,0.24,0.239990234375,0.0,0.46566128730773926,dc,out1,0.0,3,331.7476449019996,331.8904234879992,1.5116932979999547,0.239990234375,0.145751953125,-0.0091552734375,4373643.0,0.7269235,0.6168396,0.038594960748848536,0.32850846483574847,0.9437121476043713,0.8832606,0.0008558,55720.0,6176.0,33920.0,0.01667363,1.905779635983855
2026-09-18T18:56:02.009093+00:00,330.23595160399964,176,3,forward,12,0.24,0.239990234375,0.0,0.46566128730773926,dc,out1,0.0,4,331.8905975639991,332.0341346189998,1.6546459599994705,0.239990234375,0.145751953125,-0.0091552734375,4373793.0,0.7170909,0.6136295,0.04587148311324521,0.3336815922378363,0.9415691169736896,0.8841924,0.0008510834,55738.0,6288.0,33712.0,0.01666967,1.9113756676847555
2026-09-18T18:56:03.834879+00:00,332.0617367849991,177,3,forward,13,0.26,0.2598876953125,0.0,0.46566128730773926,dc,out1,0.0,0,333.15318628599925,333.2975142790001,1.0914495010001701,0.2598876953125,0.144775390625,-0.0091552734375,4375060.0,0.6097005,0.704376,0.05553320509672469,0.15147737869036149,0.9868995221788194,0.8810656,0.0008606316,55890.0,6064.0,34096.0,0.01667665,1.723095906913592
2026-09-18T18:56:03.834879+00:00,332.0617367849991,177,3,forward,13,0.26,0.2598876953125,0.0,0.46566128730773926,dc,out1,0.0,1,333.2976926029987,333.44118050199904,1.2359558179996384,0.2598876953125,0.144775390625,-0.0091552734375,4375194.0,0.6202086,0.7029348,0.05326028405380515,0.15530110040300277,0.9864303879930527,0.889482,0.0008562794,55906.0,6080.0,34032.0,0.01671032,1.7269520240726897
2026-09-18T18:56:03.834879+00:00,332.0617367849991,177,3,forward,13,0.26,0.2598876953125,0.0,0.46566128730773926,dc,out1,0.0,2,333.44132552299925,333.58515293799974,1.379588738000166,0.2598876953125,0.144775390625,-0.0091552734375,4375345.0,0.620555,0.6979908,0.05630779278448374,0.16455873881004304,0.9847587795764949,0.8888414,0.0008550268,55924.0,6128.0,33936.0,0.01681153,1.7363720757628511
2026-09-18T18:56:03.834879+00:00,332.0617367849991,177,3,forward,13,0.26,0.2598876953125,0.0,0.46566128730773926,dc,out1,0.0,3,333.5853052629991,333.7293620769997,1.5235684780000156,0.2598876953125,0.144775390625,-0.0091552734375,4375481.0,0.6181849,0.7012831,0.05495766951536913,0.15816145640161292,0.9858826544119539,0.8885708,0.0008549058,55940.0,6096.0,34064.0,0.01721383,1.7298671709195115
2026-09-18T18:56:03.834879+00:00,332.0617367849991,177,3,forward,13,0.26,0.2598876953125,0.0,0.46566128730773926,dc,out1,0.0,4,333.72954692299936,333.87238931499996,1.6678101380002772,0.2598876953125,0.144775390625,-0.0091552734375,4375637.0,0.6195982,0.7012515,0.05453067596855527,0.15837508082205526,0.9858720703788194,0.8870408,0.0008582356,55958.0,6128.0,34048.0,0.01734048,1.7300800916349448
2026-09-18T18:56:05.676825+00:00,333.9036821769987,178,3,forward,14,0.28,0.2799072265625,0.0,0.46566128730773926,dc,out1,0.0,0,334.98260334399856,335.1271437409996,1.0789211669998622,0.2799072265625,0.1446533203125,-0.0091552734375,4376889.0,0.5623718,0.7148162,0.060697167684272524,0.12692948475158664,0.9900529075437353,0.8892674,0.000853977,56106.0,6080.0,34112.0,0.01669867,1.698305512178718
2026-09-18T18:56:05.676825+00:00,333.9036821769987,178,3,forward,14,0.28,0.2799072265625,0.0,0.46566128730773926,dc,out1,0.0,1,335.12728780999896,335.2702921829987,1.2236056330002612,0.2799072265625,0.1446533203125,-0.0091552734375,4377023.0,0.5617937,0.7118665,0.06336863175985182,0.1321233117533394,0.989205664662417,0.8818606,0.0008569528,56122.0,6080.0,34000.0,0.01673677,1.7035755290307835
2026-09-18T18:56:05.676825+00:00,333.9036821769987,178,3,forward,14,0.28,0.2799072265625,0.0,0.46566128730773926,dc,out1,0.0,2,335.2704362730001,335.413503492,1.3667540960013866,0.2799072265625,0.1446533203125,-0.0091552734375,4377174.0,0.5783329,0.7122788,0.058636083287511805,0.13339999502316838,0.989326160103188,0.8888536,0.0008547904,56140.0,6096.0,34096.0,0.01674163,1.7048271762220302
2026-09-18T18:56:05.676825+00:00,333.9036821769987,178,3,forward,14,0.28,0.2799072265625,0.0,0.46566128730773926,dc,out1,0.0,3,335.4136686919992,335.5565132539996,1.5099865150004916,0.2799072265625,0.1446533203125,-0.0091552734375,4377324.0,0.5816134,0.7103573,0.05926618557436808,0.13727138443543518,0.9887588615343195,0.8799394,0.0008529434,56158.0,6064.0,34032.0,0.01674333,1.7087465518173883
2026-09-18T18:56:05.676825+00:00,333.9036821769987,178,3,forward,14,0.28,0.2799072265625,0.0,0.46566128730773926,dc,out1,0.0,4,335.5567351189984,335.69927562299927,1.6530529419997038,0.2799072265625,0.1446533203125,-0.0091552734375,4377458.0,0.5831342,0.7121665,0.057439866935868646,0.13416115978981827,0.9892934068769692,0.8817882,0.0008590348,56174.0,6080.0,34016.0,0.0168362,1.7055871459516712
2026-09-18T18:56:07.500396+00:00,335.7272541530001,179,3,forward,15,0.3,0.2999267578125,0.0,0.46566128730773926,dc,out1,0.0,0,336.8133521749987,336.9565068159991,1.0860980219986232,0.2999267578125,0.144287109375,-0.0091552734375,4378724.0,-0.4127411,0.7306076,0.07416956819144375,-0.0803673514796933,0.9940019939469107,0.890867,0.0008545472,56326.0,6096.0,34128.0,0.01625105,1.4901195146269757
2026-09-18T18:56:07.500396+00:00,335.7272541530001,179,3,forward,15,0.3,0.2999267578125,0.0,0.46566128730773926,dc,out1,0.0,1,336.9566856709989,337.0993935059996,1.229431517998819,0.2999267578125,0.144287109375,-0.0091552734375,4378855.0,-0.3048829,0.7386803,0.07648553910807432,-0.05343052718845505,0.9956380572636379,0.8888124,0.000859064,56342.0,6080.0,34144.0,0.01648302,1.5171831448827187
2026-09-18T18:56:07.500396+00:00,335.7272541530001,179,3,forward,15,0.3,0.2999267578125,0.0,0.46566128730773926,dc,out1,0.0,2,337.0995613299983,337.243408798,1.3723071769982198,0.2999267578125,0.144287109375,-0.0091552734375,4379004.0,-0.4966285,0.7086757,0.08344704217671163,-0.12805358817198928,0.9882504084027675,0.8857944,0.0008576412,56360.0,6112.0,34160.0,0.0165423,1.4419382458142969
2026-09-18T18:56:07.500396+00:00,335.7272541530001,179,3,forward,15,0.3,0.2999267578125,0.0,0.46566128730773926,dc,out1,0.0,3,337.2435963689986,337.3864614869999,1.5163422159985203,0.2999267578125,0.144287109375,-0.0091552734375,4379153.0,-0.5332309,0.6906431,0.09102885599478822,-0.16492406881618615,0.9820966341971619,0.8903824,0.0008595804,56378.0,6144.0,34128.0,0.01652773,1.404418137174923
2026-09-18T18:56:07.500396+00:00,335.7272541530001,179,3,forward,15,0.3,0.2999267578125,0.0,0.46566128730773926,dc,out1,0.0,4,337.386711273999,337.5295033149996,1.6594571209989226,0.2999267578125,0.144287109375,-0.0091552734375,4379285.0,-0.5343297,0.6970707,0.08458244219176927,-0.15404381363079708,0.984437054338649,0.8841466,0.000860668,56394.0,6112.0,34160.0,0.01656237,1.4155759631997644
2026-09-18T18:56:09.330377+00:00,337.5572347119996,180,3,forward,16,0.32,0.3199462890625,0.0,0.46566128730773926,dc,out1,0.0,0,338.63648097199984,338.78023696499986,1.0792462600002182,0.3199462890625,0.1444091796875,-0.0091552734375,4380534.0,-0.5953097,0.6485365,0.10031089767937916,-0.25101703576952,0.9627710899067549,0.8897496,0.0008538994,56544.0,6208.0,34096.0,0.0167486,1.3157507116065161
2026-09-18T18:56:09.330377+00:00,337.5572347119996,180,3,forward,16,0.32,0.3199462890625,0.0,0.46566128730773926,dc,out1,0.0,1,338.7803931469989,338.923357529,1.2231584349992772,0.3199462890625,0.1444091796875,-0.0091552734375,4380684.0,-0.5894205,0.6634547,0.09224304138808602,-0.22316371687005726,0.9704067068957308,0.8896556,0.0008610228,56562.0,6192.0,34112.0,0.01675497,1.3447571300635053
2026-09-18T18:56:09.330377+00:00,337.5572347119996,180,3,forward,16,0.32,0.3199462890625,0.0,0.46566128730773926,dc,out1,0.0,2,338.9235302419984,339.0672850739993,1.3662955299987516,0.3199462890625,0.1444091796875,-0.0091552734375,4380835.0,-0.623868,0.65211,0.08363121346155909,-0.24980254845678165,0.9646784474214423,0.89221,0.0008580466,56580.0,6208.0,34128.0,0.01671757,1.317412942727429
2026-09-18T18:56:09.330377+00:00,337.5572347119996,180,3,forward,16,0.32,0.3199462890625,0.0,0.46566128730773926,dc,out1,0.0,3,339.0674244239999,339.21163268300006,1.5101897120002832,0.3199462890625,0.1444091796875,-0.0091552734375,4380969.0,-0.6128844,0.6412332,0.09617409499866539,-0.2675935595560283,0.9587201000997747,0.89225,0.0008559304,56596.0,6224.0,34112.0,0.0166921,1.298608086456671
2026-09-18T18:56:09.330377+00:00,337.5572347119996,180,3,forward,16,0.32,0.3199462890625,0.0,0.46566128730773926,dc,out1,0.0,4,339.21187138999994,339.35458482099966,1.6546366780003154,0.3199462890625,0.1444091796875,-0.0091552734375,4381119.0,-0.5970747,0.654785,0.09499120388082498,-0.2401618688622909,0.9660739867783644,0.896702,0.0008510192,56614.0,6160.0,34144.0,0.01666467,1.3271397647617067
2026-09-18T18:56:11.155715+00:00,339.3825709039993,181,3,forward,17,0.34,0.3399658203125,0.0,0.46566128730773926,dc,out1,0.0,0,340.4661710979999,340.6086257029983,1.08360019400061,0.3399658203125,0.1451416015625,-0.0091552734375,4382370.0,-0.6602466,0.5419594,0.1158899378533571,-0.45328852936396535,0.8837980716495134,0.8946584,0.0008493856,56764.0,6544.0,33936.0,0.01668865,1.0968923597651892
2026-09-18T18:56:11.155715+00:00,339.3825709039993,181,3,forward,17,0.34,0.3399658203125,0.0,0.46566128730773926,dc,out1,0.0,1,340.60884217799867,340.7521170179989,1.226271273999373,0.3399658203125,0.1451416015625,-0.0091552734375,4382504.0,-0.6793115,0.5381027,0.09995872095531712,-0.4640273912647437,0.8801629589235243,0.8830684,0.0008583326,56780.0,6672.0,33872.0,0.016693,1.0856213709174831
2026-09-18T18:56:11.155715+00:00,339.3825709039993,181,3,forward,17,0.34,0.3399658203125,0.0,0.46566128730773926,dc,out1,0.0,2,340.7522660259983,340.8962337019984,1.3696951219990297,0.3399658203125,0.1451416015625,-0.0091552734375,4382654.0,-0.6862047,0.545494,0.09097769595420582,-0.45255504615827974,0.8870834171798847,0.8792838,0.000861741,56798.0,6720.0,33920.0,0.01670575,1.0990532832031907
2026-09-18T18:56:11.155715+00:00,339.3825709039993,181,3,forward,17,0.34,0.3399658203125,0.0,0.46566128730773926,dc,out1,0.0,3,340.8963986809995,341.03973646899976,1.5138277770001878,0.3399658203125,0.1451416015625,-0.0091552734375,4382804.0,-0.6579576,0.5609072,0.10943683434201414,-0.42002589902188514,0.9008894623870654,0.8848284,0.000856875,56816.0,6496.0,33920.0,0.01668308,1.1345239694789713
2026-09-18T18:56:11.155715+00:00,339.3825709039993,181,3,forward,17,0.34,0.3399658203125,0.0,0.46566128730773926,dc,out1,0.0,4,341.039929098999,341.18410440299886,1.6573581949996878,0.3399658203125,0.1451416015625,-0.0091552734375,4382938.0,-0.6571055,0.5468598,0.11653139731735347,-0.44415158932558524,0.8883410376307186,0.8978092,0.0008485378,56832.0,6544.0,33984.0,0.01669522,1.1071657649868398
2026-09-18T18:56:12.988926+00:00,341.21578447699903,182,3,forward,18,0.36,0.3599853515625,0.0,0.46566128730773926,dc,out1,0.0,0,342.2947662679999,342.4391982899997,1.0789817910008423,0.3599853515625,0.1455078125,-0.0091552734375,4384191.0,-0.6691059,0.4875586,0.12932307483720323,-0.5459636046900478,0.8277676513783927,0.891214,0.0008494526,56982.0,6928.0,33520.0,0.01665617,0.9877288867558754
2026-09-18T18:56:12.988926+00:00,341.21578447699903,182,3,forward,18,0.36,0.3599853515625,0.0,0.46566128730773926,dc,out1,0.0,1,342.4393638699985,342.583284544,1.2235793929994543,0.3599853515625,0.1455078125,-0.0091552734375,4384341.0,-0.7025523,0.4794504,0.09474176214925423,-0.5665531253122396,0.8185606603690333,0.8796436,0.0008625868,57000.0,7152.0,33680.0,0.01668008,0.9653695337627364
2026-09-18T18:56:12.988926+00:00,341.21578447699903,182,3,forward,18,0.36,0.3599853515625,0.0,0.46566128730773926,dc,out1,0.0,2,342.5834447139987,342.72716872099954,1.3676602369996544,0.3599853515625,0.1455078125,-0.0091552734375,4384490.0,-0.6871384,0.4567411,0.11930064962368092,-0.5992324975063102,0.791636134175113,0.8888984,0.0008511768,57018.0,7216.0,33520.0,0.01665337,0.9228592048254618
2026-09-18T18:56:12.988926+00:00,341.21578447699903,182,3,forward,18,0.36,0.3599853515625,0.0,0.46566128730773926,dc,out1,0.0,3,342.72734327799844,342.8705674789999,1.5115588009994099,0.3599853515625,0.1455078125,-0.0091552734375,4384624.0,-0.6833868,0.4220998,0.1346000177456856,-0.6505511866897085,0.747439622123067,0.9036444,0.00084294,57034.0,7216.0,33296.0,0.01667172,0.854593006368434
2026-09-18T18:56:12.988926+00:00,341.21578447699903,182,3,forward,18,0.36,0.3599853515625,0.0,0.46566128730773926,dc,out1,0.0,4,342.87079593699855,343.01468257799934,1.655011459999514,0.3599853515625,0.1455078125,-0.0091552734375,4384774.0,-0.6706252,0.4259062,0.14985945534633727,-0.6413447047852059,0.7524753240387863,0.8987794,0.000836965,57052.0,7488.0,32912.0,0.01670538,0.8649608216396266
2026-09-18T18:56:14.815857+00:00,343.04271650899864,183,3,forward,19,0.38,0.3798828125,0.0,0.46566128730773926,dc,out1,0.0,0,344.12780476399894,344.27245775699885,1.0850882550003007,0.3798828125,0.1463623046875,-0.0091552734375,4386037.0,-0.6946668,0.4111201,0.1228235211878328,-0.669406957685834,0.732672305771699,0.886519,0.000849814,57202.0,7504.0,32928.0,0.0173017,0.8304900958921171
2026-09-18T18:56:14.815857+00:00,343.04271650899864,183,3,forward,19,0.38,0.3798828125,0.0,0.46566128730773926,dc,out1,0.0,1,344.27266427299946,344.4153594219988,1.2299477640008263,0.3798828125,0.1463623046875,-0.0091552734375,4386175.0,-0.6873786,0.4061604,0.1339767654053645,-0.6746410878164868,0.7258854103515949,0.9028828,0.0008449672,57218.0,7440.0,32960.0,0.01711617,0.8219711755337366
2026-09-18T18:56:14.815857+00:00,343.04271650899864,183,3,forward,19,0.38,0.3798828125,0.0,0.46566128730773926,dc,out1,0.0,2,344.4154985419991,344.55833698899914,1.372782033000476,0.3798828125,0.1463623046875,-0.0091552734375,4386311.0,-0.70019,0.4055237,0.11680515290369023,-0.6787625266930888,0.7250089576083592,0.8999076,0.0008498208,57234.0,7536.0,33216.0,0.01690677,0.8183306679894976
2026-09-18T18:56:14.815857+00:00,343.04271650899864,183,3,forward,19,0.38,0.3798828125,0.0,0.46566128730773926,dc,out1,0.0,3,344.55849082699933,344.70129340699896,1.5157743180006946,0.3798828125,0.1463623046875,-0.0091552734375,4386464.0,-0.6939886,0.3956888,0.12778276459890375,-0.6911528564596938,0.7113222153701282,0.874504,0.0008472612,57252.0,7808.0,32432.0,0.01699215,0.7997784322579188
2026-09-18T18:56:14.815857+00:00,343.04271650899864,183,3,forward,19,0.38,0.3798828125,0.0,0.46566128730773926,dc,out1,0.0,4,344.70143203599946,344.8455990989987,1.6587155270008225,0.3798828125,0.1463623046875,-0.0091552734375,4386600.0,-0.7030163,0.3917304,0.1162036084628442,-0.6988805906089366,0.7057355322288358,0.89284,0.0008518798,57268.0,7760.0,33104.0,0.01708375,0.7902784200648707
2026-09-18T18:56:16.646221+00:00,344.8730801349993,184,3,forward,20,0.4,0.39990234375,0.0,0.46566128730773926,dc,out1,0.0,0,345.9513610409995,346.0951456069997,1.0782809060001455,0.39990234375,0.147216796875,-0.0091552734375,4387847.0,-0.6842644,0.3525749,0.1529815136420634,-0.7459899068188067,0.648147911674682,0.9107684,0.000833245,57416.0,7872.0,32528.0,0.01673682,0.7153320402553163
2026-09-18T18:56:16.646221+00:00,344.8730801349993,184,3,forward,20,0.4,0.39990234375,0.0,0.46566128730773926,dc,out1,0.0,1,346.0952757699997,346.238473727999,1.2221956350003893,0.39990234375,0.147216796875,-0.0091552734375,4387999.0,-0.6852222,0.3765117,0.14520569026996114,-0.7150296873415837,0.6838478293695326,0.880583,0.0008406202,57434.0,7840.0,32640.0,0.016821,0.7631112264256363
2026-09-18T18:56:16.646221+00:00,344.8730801349993,184,3,forward,20,0.4,0.39990234375,0.0,0.46566128730773926,dc,out1,0.0,2,346.23865093899985,346.3815351389985,1.3655708040005266,0.39990234375,0.147216796875,-0.0091552734375,4388150.0,-0.7002796,0.3567853,0.1280835522111869,-0.7451009148994385,0.6545374170121857,0.8995286,0.000846079,57452.0,8208.0,32672.0,0.0167204,0.7207833095924434
2026-09-18T18:56:16.646221+00:00,344.8730801349993,184,3,forward,20,0.4,0.39990234375,0.0,0.46566128730773926,dc,out1,0.0,3,346.3819555049995,346.52611941899886,1.508875370000169,0.39990234375,0.147216796875,-0.0091552734375,4388284.0,-0.7039032,0.3440604,0.12534337721125585,-0.7622033052625651,0.6350867336325787,0.889207,0.0008491222,57468.0,8320.0,32400.0,0.01677655,0.6946742490058252
2026-09-18T18:56:16.646221+00:00,344.8730801349993,184,3,forward,20,0.4,0.39990234375,0.0,0.46566128730773926,dc,out1,0.0,4,346.5262841169988,346.66927289199884,1.653203981999468,0.39990234375,0.147216796875,-0.0091552734375,4388434.0,-0.7044773,0.3470643,0.12385107963546699,-0.7585673726353749,0.6397159144856359,0.875874,0.000851301,57486.0,8576.0,32528.0,0.01667875,0.7006038500516341
2026-09-18T18:56:18.470300+00:00,346.69716007699935,185,3,forward,21,0.42,0.419921875,0.0,0.46566128730773926,dc,out1,0.0,0,347.7858539439985,347.92934239199894,1.088693866999165,0.419921875,0.1494140625,-0.009033203125,4389696.0,-0.7010647,0.231496,0.15019519629408157,-0.8820236006857617,0.4466271049136029,0.9037372,0.0008323224,57638.0,9664.0,30736.0,0.01659518,0.46872773884951907
2026-09-18T18:56:18.470300+00:00,346.69716007699935,185,3,forward,21,0.42,0.419921875,0.0,0.46566128730773926,dc,out1,0.0,1,347.9294863409996,348.07309053599965,1.2323262640002213,0.419921875,0.1494140625,-0.009033203125,4389828.0,-0.6899892,0.2272392,0.17040947024611974,-0.8821820250328688,0.43899372109330204,0.9306174,0.0008203258,57654.0,9680.0,31248.0,0.01658185,0.4617438883096413
2026-09-18T18:56:18.470300+00:00,346.69716007699935,185,3,forward,21,0.42,0.419921875,0.0,0.46566128730773926,dc,out1,0.0,2,348.0732213809988,348.2163616170001,1.3760613039994496,0.419921875,0.1494140625,-0.009033203125,4389977.0,-0.707668,0.2360972,0.13789166953132598,-0.8798323477385893,0.4548416508485845,0.8639278,0.0008399144,57672.0,9680.0,30528.0,0.01655648,0.4771265255099382
2026-09-18T18:56:18.470300+00:00,346.69716007699935,185,3,forward,21,0.42,0.419921875,0.0,0.46566128730773926,dc,out1,0.0,3,348.21662107299926,348.35936232199856,1.519460995999907,0.419921875,0.1494140625,-0.009033203125,4390126.0,-0.6917432,0.2178057,0.16882620166172996,-0.8907544193627541,0.42196478291226586,0.9237496,0.0008196674,57690.0,10000.0,30688.0,0.01659637,0.44240033535121953
2026-09-18T18:56:18.470300+00:00,346.69716007699935,185,3,forward,21,0.42,0.419921875,0.0,0.46566128730773926,dc,out1,0.0,4,348.3595094969987,348.5033183830001,1.662349419999373,0.419921875,0.1494140625,-0.009033203125,4390259.0,-0.7054087,0.2091897,0.14555777179186472,-0.9020805737478483,0.4062801663110571,0.8961298,0.0008332857,57706.0,10000.0,30608.0,0.01653082,0.4231709194092321
2026-09-18T18:56:20.304683+00:00,348.5315422579988,186,3,forward,22,0.44,0.43994140625,0.0,0.46566128730773926,dc,out1,0.0,0,349.61359176099904,349.75714600899846,1.0820495030002348,0.43994140625,0.1527099609375,-0.0091552734375,4391510.0,-0.7102482,0.06506386,0.14846872715496384,-0.9803668578814629,0.1297607838470939,0.9122082,0.0008205059,57856.0,12416.0,28384.0,0.01672445,0.13159450387715244
2026-09-18T18:56:20.304683+00:00,348.5315422579988,186,3,forward,22,0.44,0.43994140625,0.0,0.46566128730773926,dc,out1,0.0,1,349.7572973919996,349.9004322359997,1.2257551340007922,0.43994140625,0.1527099609375,-0.0091552734375,4391660.0,-0.6934016,0.06366489,0.18147562375973547,-0.9751621172912912,0.12698599521593276,0.874468,0.000806274,57874.0,12544.0,27536.0,0.01668025,0.1294917292696424
2026-09-18T18:56:20.304683+00:00,348.5315422579988,186,3,forward,22,0.44,0.43994140625,0.0,0.46566128730773926,dc,out1,0.0,2,349.90055940399907,350.04745400199863,1.3690171460002603,0.43994140625,0.1527099609375,-0.0091552734375,4391810.0,-0.7048157,0.05622487,0.1594546590393288,-0.9808070534557084,0.11221290301111682,0.8774164,0.0008152051,57892.0,12496.0,26960.0,0.0166875,0.11391344888927399
2026-09-18T18:56:20.304683+00:00,348.5315422579988,186,3,forward,22,0.44,0.43994140625,0.0,0.46566128730773926,dc,out1,0.0,3,350.04769332899923,350.19042384599925,1.5161510710004222,0.43994140625,0.1527099609375,-0.0091552734375,4391944.0,-0.6921422,0.05069098,0.1844803009868325,-0.9776113148928227,0.10120837683380707,0.8576974,0.0008076297,57908.0,12688.0,28064.0,0.0166921,0.10315869919989447
2026-09-18T18:56:20.304683+00:00,348.5315422579988,186,3,forward,22,0.44,0.43994140625,0.0,0.46566128730773926,dc,out1,0.0,4,350.1906318349993,350.3342374879994,1.6590895770004863,0.43994140625,0.1527099609375,-0.0091552734375,4392094.0,-0.714221,0.05078976,0.1411426906246529,-0.9847820992456034,0.1014049204361204,0.9093874,0.0008213891,57926.0,12688.0,28016.0,0.01664952,0.1026102904591228
2026-09-18T18:56:22.136113+00:00,350.3629717169988,187,3,forward,23,0.46,0.4599609375,0.0,0.46566128730773926,dc,out1,0.0,0,351.44508490799853,351.587308021999,1.0821131909997348,0.4599609375,0.1549072265625,-0.0091552734375,4393349.0,-0.7125096,-0.002517756,0.14525951590763936,-0.9893807744602129,-0.005035490719633427,0.886359,0.0008156864,58076.0,13296.0,26512.0,0.01674378,-0.005089493723273787
2026-09-18T18:56:22.136113+00:00,350.3629717169988,187,3,forward,23,0.46,0.4599609375,0.0,0.46566128730773926,dc,out1,0.0,1,351.58745941599955,351.7310910349988,1.224487699000747,0.4599609375,0.1549072265625,-0.0091552734375,4393499.0,-0.6943638,0.0161644,0.18096988103818737,-0.9829573311749603,0.03232316887966792,0.8737154,0.0008053254,58094.0,13312.0,27472.0,0.01674013,0.032871748070643296
2026-09-18T18:56:22.136113+00:00,350.3629717169988,187,3,forward,23,0.46,0.4599609375,0.0,0.46566128730773926,dc,out1,0.0,2,351.7312346539984,351.8753041529999,1.3682629369995993,0.4599609375,0.1549072265625,-0.0091552734375,4393633.0,-0.6980631,0.02388543,0.17358503941125047,-0.9836604670436089,0.04775269278421506,0.8948418,0.0008075646,58110.0,13504.0,27264.0,0.01669307,0.048507827983598435
2026-09-18T18:56:22.136113+00:00,350.3629717169988,187,3,forward,23,0.46,0.4599609375,0.0,0.46566128730773926,dc,out1,0.0,3,351.87546911199934,352.01942078999855,1.512497395000537,0.4599609375,0.1549072265625,-0.0091552734375,4393783.0,-0.7044673,0.04422423,0.16052591609370093,-0.9830710449266297,0.08833318113337954,0.888697,0.0008143596,58128.0,13264.0,27520.0,0.01671987,0.08961366372598725
2026-09-18T18:56:22.136113+00:00,350.3629717169988,187,3,forward,23,0.46,0.4599609375,0.0,0.46566128730773926,dc,out1,0.0,4,352.0195765009994,352.1641693089987,1.6566047840005922,0.4599609375,0.1549072265625,-0.0091552734375,4393917.0,-0.709544,0.04471982,0.1505229939516797,-0.9845631959130325,0.08932044304266609,0.8868192,0.0008185808,58144.0,13104.0,27712.0,0.01671272,0.09047321935804449
2026-09-18T18:56:23.965254+00:00,352.19211342999915,188,3,forward,24,0.48,0.47998046875,0.0,0.46566128730773926,dc,out1,0.0,0,353.2729576249985,353.41726484599894,1.0808441949993721,0.47998046875,0.1563720703125,-0.0091552734375,4395174.0,-0.6888809,-0.1036641,0.18772961184835854,-0.9604087640694352,-0.20584605591044103,0.8871246,0.0007888404,58294.0,11280.0,27312.0,0.0167939,-0.21113731239254366
2026-09-18T18:56:23.965254+00:00,352.19211342999915,188,3,forward,24,0.48,0.47998046875,0.0,0.46566128730773926,dc,out1,0.0,1,353.41751795899836,353.5604602759995,1.2254045289992064,0.47998046875,0.1563720703125,-0.0091552734375,4395325.0,-0.7041374,-0.1173653,0.15736978919382333,-0.9597608224966022,-0.23258098170258276,0.8657924,0.0008000745,58312.0,11600.0,27792.0,0.01674188,-0.2377490218697471
2026-09-18T18:56:23.965254+00:00,352.19211342999915,188,3,forward,24,0.48,0.47998046875,0.0,0.46566128730773926,dc,out1,0.0,2,353.5605962509999,353.704317275,1.3684828210007254,0.47998046875,0.1563720703125,-0.0091552734375,4395459.0,-0.6886825,-0.1153113,0.18713799399314923,-0.9553684475685537,-0.22858368400800588,0.9052274,0.0007872555,58328.0,10960.0,27520.0,0.01675087,-0.23484737293016164
2026-09-18T18:56:23.965254+00:00,352.19211342999915,188,3,forward,24,0.48,0.47998046875,0.0,0.46566128730773926,dc,out1,0.0,3,353.7044879139994,353.84929964799994,1.5123744840002473,0.47998046875,0.1563720703125,-0.0091552734375,4395609.0,-0.6916056,-0.1159778,0.1814925685632572,-0.9561459547482581,-0.22988118838837868,0.8835914,0.000791779,58346.0,11056.0,27472.0,0.0167304,-0.23594659470566243
2026-09-18T18:56:23.965254+00:00,352.19211342999915,188,3,forward,24,0.48,0.47998046875,0.0,0.46566128730773926,dc,out1,0.0,4,353.84950232699885,353.99343842399867,1.6573888969996915,0.47998046875,0.1563720703125,-0.0091552734375,4395760.0,-0.6865601,-0.1188712,0.1908671797836381,-0.9529455227896941,-0.23550912992178627,0.9040002,0.0007832357,58364.0,10960.0,27760.0,0.0167321,-0.24228328587614045
2026-09-18T18:56:25.794368+00:00,354.02122499899997,189,3,forward,25,0.5,0.5,0.0,0.46566128730773926,dc,out1,0.0,0,355.1048082769994,355.24840033799956,1.0835832779994234,0.5,0.1572265625,-0.0091552734375,4397014.0,-0.6902111,-0.1332095,0.18255035015096613,-0.9472907772988306,-0.2632784702635914,0.8897188,0.0007890527,58514.0,10864.0,27856.0,0.01680313,-0.27108614858993146
2026-09-18T18:56:25.794368+00:00,354.02122499899997,189,3,forward,25,0.5,0.5,0.0,0.46566128730773926,dc,out1,0.0,1,355.2485547969991,355.3912619109997,1.2273297979991185,0.5,0.1572265625,-0.0091552734375,4397148.0,-0.7112092,-0.1152614,0.14392343379009445,-0.9628499119966192,-0.22848652514791967,0.875643,0.0008055472,58530.0,11520.0,27664.0,0.01673252,-0.23299267444903535
2026-09-18T18:56:25.794368+00:00,354.02122499899997,189,3,forward,25,0.5,0.5,0.0,0.46566128730773926,dc,out1,0.0,2,355.3913970329995,355.53522792999865,1.3701720339995518,0.5,0.1572265625,-0.0091552734375,4397299.0,-0.7099408,-0.1014351,0.1472593489791381,-0.9683593811329497,-0.20148149570134513,0.887113,0.0008024439,58548.0,11536.0,27792.0,0.0168064,-0.20513800712537514
2026-09-18T18:56:25.794368+00:00,354.02122499899997,189,3,forward,25,0.5,0.5,0.0,0.46566128730773926,dc,out1,0.0,3,355.53537296099967,355.6793301739999,1.5141479619996971,0.5,0.1572265625,-0.0091552734375,4397433.0,-0.6892326,-0.1021997,0.18716845091843834,-0.9611282205147222,-0.2029790991974191,0.895002,0.0007847042,58564.0,11664.0,27376.0,0.01673803,-0.20813009512808128
2026-09-18T18:56:25.794368+00:00,354.02122499899997,189,3,forward,25,0.5,0.5,0.0,0.46566128730773926,dc,out1,0.0,4,355.6794990899998,355.82336571299857,1.6582740909998392,0.5,0.1572265625,-0.0091552734375,4397584.0,-0.7028523,-0.1306641,0.1587629901670859,-0.9529125964310502,-0.2583638839238959,0.8594034,0.0007988761,58582.0,11456.0,27664.0,0.01672902,-0.26476543102658856
2026-09-18T18:56:27.629756+00:00,355.8566149669987,190,3,forward,26,0.52,0.5198974609375,0.0,0.46566128730773926,dc,out1,0.0,0,356.93684248499994,357.079267920999,1.0802275180012657,0.5198974609375,0.1602783203125,-0.0091552734375,4398838.0,-0.6889803,-0.2980771,0.15858463306784532,-0.8121630579248801,-0.5614642299353046,0.8779762,0.0007753697,58732.0,8800.0,29440.0,0.01668557,-0.6048763956152985
2026-09-18T18:56:27.629756+00:00,355.8566149669987,190,3,forward,26,0.52,0.5198974609375,0.0,0.46566128730773926,dc,out1,0.0,1,357.07942376199935,357.2222845219985,1.2228087950006739,0.5198974609375,0.1602783203125,-0.0091552734375,4398988.0,-0.6963898,-0.2975244,0.14664202930863415,-0.8150341993314738,-0.5605491674780626,0.8575592,0.0007841564,58750.0,9056.0,29376.0,0.01671467,-0.6024649147359744
2026-09-18T18:56:27.629756+00:00,355.8566149669987,190,3,forward,26,0.52,0.5198974609375,0.0,0.46566128730773926,dc,out1,0.0,2,357.2224205169987,357.36610820199894,1.3658055500000046,0.5198974609375,0.1602783203125,-0.0091552734375,4399122.0,-0.6951825,-0.2685146,0.15419259814708086,-0.845283839802867,-0.511585645659428,0.8799654,0.0007827285,58766.0,8736.0,29328.0,0.0167444,-0.5442514610212623
2026-09-18T18:56:27.629756+00:00,355.8566149669987,190,3,forward,26,0.52,0.5198974609375,0.0,0.46566128730773926,dc,out1,0.0,3,357.3662548659995,357.509363748999,1.509639899000831,0.5198974609375,0.1602783203125,-0.0091552734375,4399272.0,-0.6912647,-0.2591282,0.16258009544937582,-0.853334627894409,-0.49536625379610016,0.8792858,0.0007788817,58784.0,9024.0,29168.0,0.0167283,-0.5259626746390883
2026-09-18T18:56:27.629756+00:00,355.8566149669987,190,3,forward,26,0.52,0.5198974609375,0.0,0.46566128730773926,dc,out1,0.0,4,357.50953553,357.65533230099936,1.6529205630013166,0.5198974609375,0.1602783203125,-0.0091552734375,4399423.0,-0.7069757,-0.2567236,0.13606132579515529,-0.8603642882607594,-0.4911828652431001,0.8508882,0.0007953656,58802.0,9104.0,29104.0,0.0167551,-0.51874834484498
2026-09-18T18:56:29.456192+00:00,357.6830493849993,191,3,forward,27,0.54,0.5399169921875,0.0,0.46566128730773926,dc,out1,0.0,0,358.7690180929985,358.9114335359991,1.0859687079992,0.5399169921875,0.1611328125,-0.009033203125,4400672.0,-0.6946226,-0.3485606,0.13843068590546476,-0.7540928358376351,-0.6420131931184094,0.8662574,0.0007809808,58954.0,7824.0,29840.0,0.01660425,-0.705289786057468
2026-09-18T18:56:29.456192+00:00,357.6830493849993,191,3,forward,27,0.54,0.5399169921875,0.0,0.46566128730773926,dc,out1,0.0,1,358.9116146849992,359.05536523699993,1.2285652999999002,0.5399169921875,0.1611328125,-0.009033203125,4400821.0,-0.6693027,-0.3469494,0.17689916067788555,-0.7481284703852136,-0.6395392706867501,0.910693,0.00076113,58972.0,7856.0,29840.0,0.0166017,-0.7073042815879953
2026-09-18T18:56:29.456192+00:00,357.6830493849993,191,3,forward,27,0.54,0.5399169921875,0.0,0.46566128730773926,dc,out1,0.0,2,359.05550381600005,359.19948360599847,1.3724544310007332,0.5399169921875,0.1611328125,-0.009033203125,4400954.0,-0.6871677,-0.3401947,0.15173405111231095,-0.762374775627912,-0.6290957631548136,0.8766356,0.0007769608,58988.0,8080.0,29744.0,0.0165963,-0.6899066277856891
2026-09-18T18:56:29.456192+00:00,357.6830493849993,191,3,forward,27,0.54,0.5399169921875,0.0,0.46566128730773926,dc,out1,0.0,3,359.19967766899936,359.3432420909994,1.516628284000035,0.5399169921875,0.1611328125,-0.009033203125,4401103.0,-0.6742311,-0.3547782,0.16728776638039966,-0.7399770769951297,-0.6514972975701439,0.8929504,0.0007609511,59006.0,7760.0,29776.0,0.01657198,-0.721896586256309
2026-09-18T18:56:29.456192+00:00,357.6830493849993,191,3,forward,27,0.54,0.5399169921875,0.0,0.46566128730773926,dc,out1,0.0,4,359.343371383,359.48642080099853,1.6603219980006543,0.5399169921875,0.1611328125,-0.009033203125,4401252.0,-0.6923594,-0.3827213,0.13340303143493967,-0.7086281797673384,-0.6928562145521949,0.8605402,0.000777316,59024.0,7888.0,29840.0,0.01659498,-0.7741448811594496
2026-09-18T18:56:31.286924+00:00,359.51378162799847,192,3,forward,28,0.56,0.5599365234375,0.0,0.46566128730773926,dc,out1,0.0,0,360.5947470840001,360.7374387009986,1.0809654560016497,0.5599365234375,0.1629638671875,-0.009033203125,4402497.0,-0.6750031,-0.4860309,0.12342822969015863,-0.5499160899033261,-0.8260494937841136,0.853969,0.0007722654,59174.0,7152.0,30272.0,0.01659255,-0.9834507188385975
2026-09-18T18:56:31.286924+00:00,359.51378162799847,192,3,forward,28,0.56,0.5599365234375,0.0,0.46566128730773926,dc,out1,0.0,1,360.73757265199856,360.88042315599887,1.2237910240000929,0.5599365234375,0.1629638671875,-0.009033203125,4402646.0,-0.6639994,-0.4789741,0.13828893254908606,-0.558328527964454,-0.8180130964694149,0.8790314,0.0007655114,59192.0,6896.0,30336.0,0.01658042,-0.9718832897358939
2026-09-18T18:56:31.286924+00:00,359.51378162799847,192,3,forward,28,0.56,0.5599365234375,0.0,0.46566128730773926,dc,out1,0.0,2,360.8806183709985,361.0234523449999,1.3668367430000217,0.5599365234375,0.1629638671875,-0.009033203125,4402779.0,-0.6647581,-0.4818185,0.1363274103158018,-0.5540099972266221,-0.8212720378592864,0.873068,0.0007656467,59208.0,6800.0,30288.0,0.01659753,-0.9773383434192295
2026-09-18T18:56:31.286924+00:00,359.51378162799847,192,3,forward,28,0.56,0.5599365234375,0.0,0.46566128730773926,dc,out1,0.0,3,361.02361410699996,361.1671097189992,1.5098324790014885,0.5599365234375,0.1629638671875,-0.009033203125,4402928.0,-0.6529752,-0.4708192,0.154036706397263,-0.5679460593731368,-0.8085233247871139,0.8884774,0.0007551348,59226.0,6960.0,30272.0,0.01658168,-0.9584289115009125
2026-09-18T18:56:31.286924+00:00,359.51378162799847,192,3,forward,28,0.56,0.5599365234375,0.0,0.46566128730773926,dc,out1,0.0,4,361.16724823799996,361.31131636899954,1.6534666100014874,0.5599365234375,0.1629638671875,-0.009033203125,4403078.0,-0.6627746,-0.44506,0.15279612138403614,-0.6104878900392041,-0.7771472713749149,0.8679438,0.0007558404,59244.0,7616.0,30096.0,0.0166034,-0.904928793364623
2026-09-18T18:56:33.114766+00:00,361.34162365799966,193,3,forward,29,0.58,0.5799560546875,0.0,0.46566128730773926,dc,out1,0.0,0,362.42548324699965,362.56917950999923,1.0838595889999851,0.5799560546875,0.163330078125,-0.009033203125,4404338.0,-0.6388143,-0.5322166,0.1401583161341359,-0.4643065923903063,-0.8745141706578262,0.8709596,0.0007589708,59394.0,6656.0,30336.0,0.01683868,-1.0827112755589365
2026-09-18T18:56:33.114766+00:00,361.34162365799966,193,3,forward,29,0.58,0.5799560546875,0.0,0.46566128730773926,dc,out1,0.0,1,362.56931537499986,362.712332047,1.227691717000198,0.5799560546875,0.163330078125,-0.009033203125,4404472.0,-0.6331936,-0.5715797,0.12430433253534137,-0.395654535324349,-0.9099483070978355,0.865785,0.0007601685,59410.0,6560.0,30336.0,0.01679935,-1.1606460313287499
2026-09-18T18:56:33.114766+00:00,361.34162365799966,193,3,forward,29,0.58,0.5799560546875,0.0,0.46566128730773926,dc,out1,0.0,2,362.7124926469987,362.8565225249986,1.3708689889990637,0.5799560546875,0.163330078125,-0.009033203125,4404623.0,-0.6203429,-0.6000196,0.11744554950516863,-0.34275823565198904,-0.9320532896750939,0.85531,0.0007612068,59428.0,6528.0,30336.0,0.01677833,-1.218401043324488
2026-09-18T18:56:33.114766+00:00,361.34162365799966,193,3,forward,29,0.58,0.5799560546875,0.0,0.46566128730773926,dc,out1,0.0,3,362.85668455799896,362.9992958619987,1.5150608999992983,0.5799560546875,0.163330078125,-0.009033203125,4404757.0,-0.6145212,-0.6059601,0.11770863743929616,-0.33091040714929143,-0.9362921441048593,0.864859,0.0007578003,59444.0,6480.0,30320.0,0.01678335,-1.2310722593533372
2026-09-18T18:56:33.114766+00:00,361.34162365799966,193,3,forward,29,0.58,0.5799560546875,0.0,0.46566128730773926,dc,out1,0.0,4,362.9994199140001,363.14352016299927,1.657796256000438,0.5799560546875,0.163330078125,-0.009033203125,4404909.0,-0.6130389,-0.60368,0.120130756995633,-0.3345750402770946,-0.9346807709839957,0.8571998,0.000761913,59462.0,6464.0,30336.0,0.01686417,-1.2270509868466342
2026-09-18T18:56:34.944280+00:00,363.17113754899947,194,3,forward,30,0.6,0.5999755859375,0.0,0.46566128730773926,dc,out1,0.0,0,364.24896332999924,364.391324021999,1.077825780999774,0.5999755859375,0.164306640625,-0.0091552734375,4406154.0,-0.5919808,-0.6293846,0.11581415516808487,-0.2843044605124586,-0.9517132210889069,0.8644466,0.0007571588,59610.0,6464.0,30320.0,0.01659392,-1.2805058774936042
2026-09-18T18:56:34.944280+00:00,363.17113754899947,194,3,forward,30,0.6,0.5999755859375,0.0,0.46566128730773926,dc,out1,0.0,1,364.39148357999875,364.53522566599895,1.2203460309992806,0.5999755859375,0.164306640625,-0.0091552734375,4406304.0,-0.5946212,-0.6310755,0.11311208889510722,-0.28192340944638505,-0.9527459506877536,0.8603276,0.0007582324,59628.0,6464.0,30320.0,0.01683903,-1.283099554488152
2026-09-18T18:56:34.944280+00:00,363.17113754899947,194,3,forward,30,0.6,0.5999755859375,0.0,0.46566128730773926,dc,out1,0.0,2,364.5353627129989,364.67836342199917,1.3642251639994356,0.5999755859375,0.164306640625,-0.0091552734375,4406439.0,-0.5731361,-0.6390214,0.11886639739842166,-0.2629729787394302,-0.9574528667367557,0.8679156,0.0007532868,59644.0,6400.0,30272.0,0.01696635,-1.3027472347252367
2026-09-18T18:56:34.944280+00:00,363.17113754899947,194,3,forward,30,0.6,0.5999755859375,0.0,0.46566128730773926,dc,out1,0.0,3,364.6785027529986,364.82325125199895,1.507365203999143,0.5999755859375,0.164306640625,-0.0091552734375,4406575.0,-0.5716014,-0.6486092,0.1120380161347239,-0.24585289801540317,-0.9628103839687351,0.8592356,0.0007568712,59660.0,6368.0,30272.0,0.01700278,-1.3207894577514052
2026-09-18T18:56:34.944280+00:00,363.17113754899947,194,3,forward,30,0.6,0.5999755859375,0.0,0.46566128730773926,dc,out1,0.0,4,364.8234036169997,364.9671985419991,1.6522660680002446,0.5999755859375,0.164306640625,-0.0091552734375,4406728.0,-0.5600011,-0.6544169,0.11283105529482952,-0.2331052200486928,-0.965883589956422,0.8584086,0.0007575758,59678.0,6352.0,30288.0,0.0169449,-1.3339858134185978
2026-09-18T18:56:36.768853+00:00,364.9957128349997,195,3,forward,31,0.62,0.6199951171875,0.0,0.46566128730773926,dc,out1,0.0,0,366.08053606499925,366.22438413799864,1.0848232299995288,0.6199951171875,0.1649169921875,-0.0091552734375,4407980.0,-0.1850513,-0.7347216,0.09432883889460168,-0.03659781622922258,-0.9948681671458025,0.8617862,0.0007521788,59826.0,6288.0,30112.0,0.01687345,-1.5340263082973704
2026-09-18T18:56:36.768853+00:00,364.9957128349997,195,3,forward,31,0.62,0.6199951171875,0.0,0.46566128730773926,dc,out1,0.0,1,366.2246249389991,366.3682899279993,1.2289121039993915,0.6199951171875,0.1649169921875,-0.0091552734375,4408131.0,0.1354622,-0.7389676,0.08934538041199343,0.024816000633856673,-0.9956915029825134,0.8609498,0.0007550644,59844.0,6304.0,30096.0,0.01686102,-1.5957145510781223
2026-09-18T18:56:36.768853+00:00,364.9957128349997,195,3,forward,31,0.62,0.6199951171875,0.0,0.46566128730773926,dc,out1,0.0,2,366.3684300599998,366.51134436399843,1.3727172250000876,0.6199951171875,0.1649169921875,-0.0091552734375,4408266.0,0.2136972,-0.7360245,0.08971891756511245,0.04086437731487616,-0.9951284432160564,0.8595622,0.0007504766,59860.0,6304.0,30096.0,0.01688407,-1.6118376929783536
2026-09-18T18:56:36.768853+00:00,364.9957128349997,195,3,forward,31,0.62,0.6199951171875,0.0,0.46566128730773926,dc,out1,0.0,3,366.51149401399925,366.6554039719995,1.5157811789995321,0.6199951171875,0.1649169921875,-0.0091552734375,4408418.0,0.2013809,-0.7377541,0.08753075908889714,0.037292700128367884,-0.9954635205422935,0.857054,0.0007530166,59878.0,6288.0,30096.0,0.01685982,-1.6082414645504262
2026-09-18T18:56:36.768853+00:00,364.9957128349997,195,3,forward,31,0.62,0.6199951171875,0.0,0.46566128730773926,dc,out1,0.0,4,366.65559116199984,366.7991272299987,1.659878327000115,0.6199951171875,0.1649169921875,-0.0091552734375,4408553.0,0.1971587,-0.7383408,0.08676405126990508,0.0361034599684449,-0.9955744771665956,0.8464724,0.0007606314,59894.0,6288.0,30080.0,0.01689863,-1.6070443896303408
2026-09-18T18:56:38.599956+00:00,366.8268141039989,196,3,forward,32,0.64,0.639892578125,0.0,0.46566128730773926,dc,out1,0.0,0,367.90995464499974,368.05321829199966,1.0831405410008301,0.639892578125,0.1649169921875,-0.0091552734375,4409822.0,0.5189272,-0.7074015,0.07893440437614441,0.13381531021010937,-0.9878576934757128,0.8495674,0.0007556518,60044.0,6304.0,30064.0,0.01674375,-1.7054369001353227
2026-09-18T18:56:38.599956+00:00,366.8268141039989,196,3,forward,32,0.64,0.639892578125,0.0,0.46566128730773926,dc,out1,0.0,1,368.05338250899877,368.19740355299837,1.2265684049998526,0.639892578125,0.1649169921875,-0.0091552734375,4409956.0,0.5120999,-0.7051395,0.08307629353046216,0.13654159854999226,-0.9871447316977654,0.8527766,0.000756338,60060.0,6320.0,30032.0,0.01672033,-1.7082439254333357
2026-09-18T18:56:38.599956+00:00,366.8268141039989,196,3,forward,32,0.64,0.639892578125,0.0,0.46566128730773926,dc,out1,0.0,2,368.1975338859993,368.3413189469993,1.3707197820003785,0.639892578125,0.1649169921875,-0.0091552734375,4410106.0,0.6019396,-0.6854498,0.0712342205973536,0.1853509702101315,-0.9800870898333732,0.8486548,0.000759566,60078.0,6320.0,30032.0,0.0166309,-1.7577057435823873
2026-09-18T18:56:38.599956+00:00,366.8268141039989,196,3,forward,32,0.64,0.639892578125,0.0,0.46566128730773926,dc,out1,0.0,3,368.341473597,368.48512114999903,1.5146594930010906,0.639892578125,0.1649169921875,-0.0091552734375,4410239.0,0.6062131,-0.6701987,0.08009897731807492,0.21385778088852392,-0.973575371189121,0.8550338,0.0007536257,60094.0,6368.0,30032.0,0.0166978,-1.787024475193271
2026-09-18T18:56:38.599956+00:00,366.8268141039989,196,3,forward,32,0.64,0.639892578125,0.0,0.46566128730773926,dc,out1,0.0,4,368.48526488899915,368.62843196299946,1.658450785000241,0.639892578125,0.1649169921875,-0.0091552734375,4410389.0,0.6253646,-0.665762,0.07456603799048474,0.2249597520574439,-0.9715106875030531,0.8468246,0.0007581203,60112.0,6336.0,30016.0,0.01669567,-1.798342643659058
2026-09-18T18:56:40.429630+00:00,368.65648879999935,197,3,forward,33,0.66,0.659912109375,0.0,0.46566128730773926,dc,out1,0.0,0,369.744011707,369.8862939849987,1.0875229070006753,0.659912109375,0.16455078125,-0.0091552734375,4411640.0,0.7206717,-0.5792179,0.05173646776767364,0.3974197007681647,-0.9161773405538182,0.8400246,0.000763371,60262.0,6528.0,29840.0,0.01665215,-1.980080416906705
2026-09-18T18:56:40.429630+00:00,368.65648879999935,197,3,forward,33,0.66,0.659912109375,0.0,0.46566128730773926,dc,out1,0.0,1,369.88646090699876,370.03038200099945,1.229972106999412,0.659912109375,0.16455078125,-0.0091552734375,4411790.0,0.7026958,-0.593298,0.061714344103747105,0.36970229043606045,-0.9270984608865313,0.8598392,0.0007534034,60280.0,6464.0,29984.0,0.0167179,-1.950244922224452
2026-09-18T18:56:40.429630+00:00,368.65648879999935,197,3,forward,33,0.66,0.659912109375,0.0,0.46566128730773926,dc,out1,0.0,2,370.0305632499985,370.1733530469992,1.3740744499991706,0.659912109375,0.16455078125,-0.0091552734375,4411941.0,0.6680777,-0.6134526,0.07838595607673837,0.3279142330977865,-0.9414498911900867,0.8647198,0.0007478967,60298.0,6384.0,30016.0,0.01676183,-1.9059627219875421
2026-09-18T18:56:40.429630+00:00,368.65648879999935,197,3,forward,33,0.66,0.659912109375,0.0,0.46566128730773926,dc,out1,0.0,3,370.173540677999,370.31639876199915,1.51705187799962,0.659912109375,0.16455078125,-0.0091552734375,4412075.0,0.6887713,-0.6190581,0.06272018521474743,0.3204979878499789,-0.9451704704182958,0.8522344,0.0007588215,60314.0,6400.0,30016.0,0.01679895,-1.897719029151174
2026-09-18T18:56:40.429630+00:00,368.65648879999935,197,3,forward,33,0.66,0.659912109375,0.0,0.46566128730773926,dc,out1,0.0,4,370.3165240469989,370.45956222699897,1.6600352469995414,0.659912109375,0.16455078125,-0.0091552734375,4412226.0,0.6858853,-0.6210054,0.06384075799973614,0.31651981582176475,-0.9464351873267262,0.8590356,0.0007515836,60332.0,6352.0,30016.0,0.0168132,-1.8935368786545967
2026-09-18T18:56:42.261363+00:00,370.4882201269993,198,3,forward,34,0.68,0.679931640625,0.0,0.46566128730773926,dc,out1,0.0,0,371.5688432759998,371.7112226829995,1.0806231490005302,0.679931640625,0.1641845703125,-0.0091552734375,4413481.0,0.7361253,-0.5283715,0.04837760275023009,0.4893251117055692,-0.8707586017987266,0.8503944,0.0007595236,60482.0,6768.0,29808.0,0.01679085,-2.08276990567045
2026-09-18T18:56:42.261363+00:00,370.4882201269993,198,3,forward,34,0.68,0.679931640625,0.0,0.46566128730773926,dc,out1,0.0,1,371.7113735549992,371.8543735429994,1.2231534279999323,0.679931640625,0.1641845703125,-0.0091552734375,4413615.0,0.7229153,-0.5360143,0.059621113427208314,0.4746135999410882,-0.8781726786826498,0.855055,0.0007543804,60498.0,6768.0,29776.0,0.01678805,-2.06628249121727
2026-09-18T18:56:42.261363+00:00,370.4882201269993,198,3,forward,34,0.68,0.679931640625,0.0,0.46566128730773926,dc,out1,0.0,2,371.85453888199845,371.9982182699987,1.3663187549991562,0.679931640625,0.1641845703125,-0.0091552734375,4413766.0,0.7266944,-0.5140962,0.060486263262829874,0.5128128009886938,-0.8563670025746146,0.8629808,0.0007533997,60516.0,6608.0,29696.0,0.01677905,-2.110350403542736
2026-09-18T18:56:42.261363+00:00,370.4882201269993,198,3,forward,34,0.68,0.679931640625,0.0,0.46566128730773926,dc,out1,0.0,3,371.9983630609986,372.1431652399988,1.5101429339993047,0.679931640625,0.1641845703125,-0.0091552734375,4413899.0,0.7495679,-0.5081365,0.03769971327572767,0.5251867465809094,-0.8501515234560764,0.8449546,0.0007631309,60532.0,6784.0,29728.0,0.01654127,-2.1241699676212438
2026-09-18T18:56:42.261363+00:00,370.4882201269993,198,3,forward,34,0.68,0.679931640625,0.0,0.46566128730773926,dc,out1,0.0,4,372.1433161919995,372.2862443549984,1.6550960650001798,0.679931640625,0.1641845703125,-0.0091552734375,4414049.0,0.7293424,-0.5064121,0.05923508185371965,0.5261430309489704,-0.8483305464626474,0.8568742,0.0007508249,60550.0,6976.0,29888.0,0.01669582,-2.1259436813732338
2026-09-18T18:56:44.087326+00:00,372.3141862649991,199,3,forward,35,0.7000000000000001,0.699951171875,0.0,0.46566128730773926,dc,out1,0.0,0,373.3994968119987,373.54233982299957,1.085310546999608,0.699951171875,0.162353515625,-0.0091552734375,4415312.0,0.769276,-0.3563848,0.024390336220148898,0.7561603918519759,-0.6539316273841894,0.847887,0.0007656882,60702.0,8064.0,29072.0,0.01619472,-2.4285658125242895
2026-09-18T18:56:44.087326+00:00,372.3141862649991,199,3,forward,35,0.7000000000000001,0.699951171875,0.0,0.46566128730773926,dc,out1,0.0,1,373.54250543299895,373.68552150699907,1.2283191679998708,0.699951171875,0.162353515625,-0.0091552734375,4415441.0,0.7744369,-0.3543595,0.01664216708573646,0.7590138261186464,-0.650861774907256,0.8532708,0.0007707366,60718.0,7840.0,29072.0,0.01615827,-2.432754902719054
2026-09-18T18:56:44.087326+00:00,372.3141862649991,199,3,forward,35,0.7000000000000001,0.699951171875,0.0,0.46566128730773926,dc,out1,0.0,2,373.68568725799923,373.8285087179993,1.3715009930001543,0.699951171875,0.162353515625,-0.0091552734375,4415587.0,0.7665771,-0.3682848,0.02787784796233589,0.7402525337248892,-0.6717507066664469,0.8610276,0.0007635078,60736.0,7808.0,29072.0,0.0163958,-2.4046704135228025
2026-09-18T18:56:44.087326+00:00,372.3141862649991,199,3,forward,35,0.7000000000000001,0.699951171875,0.0,0.46566128730773926,dc,out1,0.0,3,373.82873002199995,373.97133808299986,1.5145437570008653,0.699951171875,0.162353515625,-0.0091552734375,4415735.0,0.7692091,-0.3762078,0.023633203372429367,0.7296575362842527,-0.6834042372139288,0.8643604,0.0007652808,60754.0,7360.0,29184.0,0.01650167,-2.388915487615653
2026-09-18T18:56:44.087326+00:00,372.3141862649991,199,3,forward,35,0.7000000000000001,0.699951171875,0.0,0.46566128730773926,dc,out1,0.0,4,373.9714767229998,374.1143454309986,1.6572904580007162,0.699951171875,0.162353515625,-0.0091552734375,4415868.0,0.756108,-0.4262491,0.03852991570371989,0.6569753692821334,-0.7529268289498446,0.8522146,0.0007589525,60770.0,7120.0,29328.0,0.01652645,-2.288243865092705
2026-09-18T18:56:45.915516+00:00,374.14237528599915,200,3,forward,36,0.72,0.719970703125,0.0,0.46566128730773926,dc,out1,0.0,0,375.22037982599977,375.3634006759985,1.0780045400006202,0.719970703125,0.1605224609375,-0.0091552734375,4417125.0,0.7840042,-0.2185103,0.0025259049337955195,0.9060131687055333,-0.4232419614551756,0.8479214,0.0007783284,60922.0,9328.0,27488.0,0.01668108,-2.7045705633410764
2026-09-18T18:56:45.915516+00:00,374.14237528599915,200,3,forward,36,0.72,0.719970703125,0.0,0.46566128730773926,dc,out1,0.0,1,375.36356925199834,375.508293158,1.2211939659991913,0.719970703125,0.1605224609375,-0.0091552734375,4417275.0,0.7843727,-0.2154237,0.0018634957331490024,0.9086102560937337,-0.417640910238607,0.839429,0.000779876,60940.0,9728.0,27776.0,0.01665268,-2.710744455498623
2026-09-18T18:56:45.915516+00:00,374.14237528599915,200,3,forward,36,0.72,0.719970703125,0.0,0.46566128730773926,dc,out1,0.0,2,375.5084415249985,375.6524773639994,1.3660662389993377,0.719970703125,0.1605224609375,-0.0091552734375,4417408.0,0.7633584,-0.1811095,0.041205983837035075,0.9342045064258802,-0.3543501193305845,0.8949722,0.0007608769,60956.0,9568.0,27328.0,0.01663952,-2.7790515176732633
2026-09-18T18:56:45.915516+00:00,374.14237528599915,200,3,forward,36,0.72,0.719970703125,0.0,0.46566128730773926,dc,out1,0.0,3,375.652630229999,375.79530717799935,1.5102549439998256,0.719970703125,0.1605224609375,-0.0091552734375,4417558.0,0.7777986,-0.1720249,0.014307852078103204,0.9412876466795497,-0.337302314811782,0.879094,0.0007738078,60974.0,9648.0,27248.0,0.01664207,-2.7975061730917226
2026-09-18T18:56:45.915516+00:00,374.14237528599915,200,3,forward,36,0.72,0.719970703125,0.0,0.46566128730773926,dc,out1,0.0,4,375.79545345099905,375.9394359099988,1.6530781649998971,0.719970703125,0.1605224609375,-0.0091552734375,4417707.0,0.7773329,-0.1832819,0.015058232892347957,0.9334429706516949,-0.3584096401648521,0.854055,0.0007717881,60992.0,9808.0,27200.0,0.01663673,-2.7749853193557064
2026-09-18T18:56:47.743587+00:00,375.9704452979986,201,3,forward,37,0.74,0.739990234375,0.0,0.46566128730773926,dc,out1,0.0,0,377.0618896679989,377.205316046,1.0914443700003176,0.739990234375,0.158935546875,-0.0091552734375,4418972.0,0.7824046,-0.1430516,0.005743721139454233,0.9593337015971553,-0.28221597872440296,0.8553536,0.0007798036,61144.0,10528.0,26704.0,0.01660282,-2.855484601019144
2026-09-18T18:56:47.743587+00:00,375.9704452979986,201,3,forward,37,0.74,0.739990234375,0.0,0.46566128730773926,dc,out1,0.0,1,377.20548994099954,377.3491086369995,1.235044643000947,0.739990234375,0.158935546875,-0.0091552734375,4419104.0,0.7824999,-0.140009,0.00557072356847741,0.9610343182839832,-0.2763729475172328,0.881175,0.0007787675,61160.0,10320.0,26896.0,0.01662373,-2.861570191349581
2026-09-18T18:56:47.743587+00:00,375.9704452979986,201,3,forward,37,0.74,0.739990234375,0.0,0.46566128730773926,dc,out1,0.0,2,377.34925288699924,377.4923742819992,1.378807589000644,0.739990234375,0.158935546875,-0.0091552734375,4419254.0,0.7806375,-0.1538792,0.009073830118074302,0.95297179834739,-0.3029231208764527,0.8561668,0.000776935,61178.0,10384.0,26992.0,0.01663893,-2.8338211674455587
2026-09-18T18:56:47.743587+00:00,375.9704452979986,201,3,forward,37,0.74,0.739990234375,0.0,0.46566128730773926,dc,out1,0.0,3,377.492511258999,377.6353403469984,1.5220659610004077,0.739990234375,0.158935546875,-0.0091552734375,4419404.0,0.7789983,-0.1516845,0.012214899641729626,0.9542572870699709,-0.2987370521053616,0.8878474,0.0007731322,61196.0,10160.0,27008.0,0.01663113,-2.838200298151083
2026-09-18T18:56:47.743587+00:00,375.9704452979986,201,3,forward,37,0.74,0.739990234375,0.0,0.46566128730773926,dc,out1,0.0,4,377.63546948899966,377.7791320369997,1.6650241910010664,0.739990234375,0.158935546875,-0.0091552734375,4419537.0,0.7738068,-0.1698778,0.021855554890091406,0.9425827945912156,-0.3332566729430343,0.8630214,0.0007743748,61212.0,9872.0,27216.0,0.01669067,-2.801752603831064
2026-09-18T18:56:49.582100+00:00,377.8089572989993,202,3,forward,38,0.76,0.7598876953125,0.0,0.46566128730773926,dc,out1,0.0,0,378.894228449999,379.03925411599994,1.085271150999688,0.7598876953125,0.1583251953125,-0.0091552734375,4420805.0,0.7880604,-0.1121528,-0.005191064218611454,0.9749349772218999,-0.2224294113682178,0.8182129,0.000788999,61364.0,11488.0,26624.0,0.01661737,-2.9172839796019767
2026-09-18T18:56:49.582100+00:00,377.8089572989993,202,3,forward,38,0.76,0.7598876953125,0.0,0.46566128730773926,dc,out1,0.0,1,379.0394280419987,379.1831884109997,1.2304707429993869,0.7598876953125,0.1583251953125,-0.0091552734375,4420939.0,0.7804399,-0.09352736,0.009743385365067444,0.9825079066919834,-0.1859658025803796,0.8824602,0.0007789611,61380.0,10880.0,26256.0,0.01661082,-2.954528949031368
2026-09-18T18:56:49.582100+00:00,377.8089572989993,202,3,forward,38,0.76,0.7598876953125,0.0,0.46566128730773926,dc,out1,0.0,2,379.1833405749985,379.3264889490001,1.3743832759992074,0.7598876953125,0.1583251953125,-0.0091552734375,4421088.0,0.7924444,-0.08019267,-0.013911147380307085,0.987067795546123,-0.159698612937873,0.859037,0.0007930979,61398.0,11392.0,26304.0,0.01664038,-2.9811916579604025
2026-09-18T18:56:49.582100+00:00,377.8089572989993,202,3,forward,38,0.76,0.7598876953125,0.0,0.46566128730773926,dc,out1,0.0,3,379.32663179599876,379.47135204000006,1.5176744969994616,0.7598876953125,0.1583251953125,-0.0091552734375,4421238.0,0.7911639,-0.0958309,-0.011320069902103151,0.9816237643444635,-0.19049052808897568,0.8264838,0.0007917137,61416.0,11648.0,26160.0,0.01662723,-2.949918419616408
2026-09-18T18:56:49.582100+00:00,377.8089572989993,202,3,forward,38,0.76,0.7598876953125,0.0,0.46566128730773926,dc,out1,0.0,4,379.47152890100006,379.6143862689987,1.662571602000753,0.7598876953125,0.1583251953125,-0.0091552734375,4421371.0,0.7848192,-0.08989554,0.001139262004192891,0.9838804145840638,-0.17882402489591956,0.8878772,0.0007832996,61432.0,11104.0,26496.0,0.01662087,-2.961801455638986
2026-09-18T18:56:51.415898+00:00,379.6427559169988,203,3,forward,39,0.78,0.7799072265625,0.0,0.46566128730773926,dc,out1,0.0,0,380.72591621899846,380.86874280899974,1.0831603019996692,0.7799072265625,0.15576171875,-0.0091552734375,4422637.0,0.7800551,0.02954171,0.010667277359880113,0.998198085951431,0.05904905076821349,0.8492386,0.0007938743,61584.0,12832.0,26192.0,0.01673273,3.082505867810155
2026-09-18T18:56:51.415898+00:00,379.6427559169988,203,3,forward,39,0.78,0.7799072265625,0.0,0.46566128730773926,dc,out1,0.0,1,380.8689848319991,381.01233295699967,1.2262289150003198,0.7799072265625,0.15576171875,-0.0091552734375,4422771.0,0.7922428,0.04809885,-0.013625556213791192,0.995283304905868,0.09604939975615587,0.8750012,0.0008040518,61600.0,12272.0,25904.0,0.01673617,3.0453859948609696
2026-09-18T18:56:51.415898+00:00,379.6427559169988,203,3,forward,39,0.78,0.7799072265625,0.0,0.46566128730773926,dc,out1,0.0,2,381.0125172319986,381.15548186999877,1.3697613149997778,0.7799072265625,0.15576171875,-0.0091552734375,4422920.0,0.8026819,0.05605061,-0.03434366076595787,0.9931295896448873,0.1118665773900792,0.881573,0.0008130815,61618.0,11856.0,26688.0,0.01658145,3.029424985255624
2026-09-18T18:56:51.415898+00:00,379.6427559169988,203,3,forward,39,0.78,0.7799072265625,0.0,0.46566128730773926,dc,out1,0.0,3,381.1556817439996,381.2991970109997,1.5129258270007995,0.7799072265625,0.15576171875,-0.0091552734375,4423053.0,0.7957343,0.05155276,-0.020561025139825804,0.9944768039383189,0.10292293560633464,0.8506266,0.0008082026,61634.0,11984.0,25840.0,0.01648002,3.038465254842333
2026-09-18T18:56:51.415898+00:00,379.6427559169988,203,3,forward,39,0.78,0.7799072265625,0.0,0.46566128730773926,dc,out1,0.0,4,381.2993599549991,381.4424434140001,1.656604038000296,0.7799072265625,0.15576171875,-0.0091552734375,4423200.0,0.7883657,0.07006179,-0.005876867530382998,0.9901813040425776,0.1396654844711846,0.861518,0.0008013284,61652.0,11584.0,26384.0,0.01643368,3.0014666377997394
2026-09-18T18:56:53.243573+00:00,381.4704303359995,204,3,forward,40,0.8,0.7999267578125,0.0,0.46566128730773926,dc,out1,0.0,0,382.55027366299873,382.69318487799865,1.079843326999253,0.7999267578125,0.1533203125,-0.0091552734375,4424458.0,0.8011479,0.1668343,-0.02975726741170882,0.9443784878537274,0.32751149096679827,0.8502334,0.0008259071,61804.0,10384.0,28400.0,0.01656237,2.8077704783626842
2026-09-18T18:56:53.243573+00:00,381.4704303359995,204,3,forward,40,0.8,0.7999267578125,0.0,0.46566128730773926,dc,out1,0.0,1,382.6933255309996,382.837521509,1.222895195000092,0.7999267578125,0.1533203125,-0.0091552734375,4424591.0,0.7939102,0.1505425,-0.016257464851621318,0.9548768999631698,0.2965565726017968,0.8399988,0.0008173808,61820.0,10240.0,27840.0,0.01652777,2.8404666084489834
2026-09-18T18:56:53.243573+00:00,381.4704303359995,204,3,forward,40,0.8,0.7999267578125,0.0,0.46566128730773926,dc,out1,0.0,2,382.83773569000004,382.9812635979997,1.367305354000564,0.7999267578125,0.1533203125,-0.0091552734375,4424740.0,0.7938144,0.1462785,-0.01611649299858253,0.9573739204320798,0.2884015172115716,0.8972044,0.0008129686,61838.0,10608.0,28032.0,0.01659445,2.848996528739874
2026-09-18T18:56:53.243573+00:00,381.4704303359995,204,3,forward,40,0.8,0.7999267578125,0.0,0.46566128730773926,dc,out1,0.0,3,382.9814126269994,383.12429673099905,1.5109822909998911,0.7999267578125,0.1533203125,-0.0091552734375,4424889.0,0.7875465,0.129378,-0.004153620042540073,0.9667001151093384,0.25587816414874875,0.8786248,0.0008093397,61856.0,11104.0,28032.0,0.01660977,2.882834370270034
2026-09-18T18:56:53.243573+00:00,381.4704303359995,204,3,forward,40,0.8,0.7999267578125,0.0,0.46566128730773926,dc,out1,0.0,4,383.124428617999,383.2676532389996,1.6539982819995203,0.7999267578125,0.1533203125,-0.0091552734375,4425024.0,0.781661,0.136091,0.007199104341115881,0.963159690162918,0.26883374814549865,0.8725268,0.0008061889,61872.0,10688.0,27792.0,0.01705698,2.8694034206038994
2026-09-18T18:56:55.075101+00:00,383.30196120399887,205,3,reverse,0,0.8,0.7999267578125,0.0,0.46566128730773926,dc,out1,0.0,0,384.38699610099866,384.52932249999867,1.0850348969997867,0.7999267578125,0.15234375,-0.0091552734375,4426299.0,0.7858861,0.1965954,-0.0009014053960108233,0.9236908085518832,0.3831376745571758,0.889392,0.0008140385,62022.0,10096.0,29104.0,0.0167646,2.7484016850747714
2026-09-18T18:56:55.075101+00:00,383.30196120399887,205,3,reverse,0,0.8,0.7999267578125,0.0,0.46566128730773926,dc,out1,0.0,1,384.5294810059986,384.67244978599956,1.2275198019997333,0.7999267578125,0.15234375,-0.0091552734375,4426432.0,0.7860571,0.1990921,-0.0012147711268415582,0.9217657805546696,0.3877452386935912,0.885793,0.0008151612,62038.0,9600.0,29184.0,0.0165741,2.743408143216067
2026-09-18T18:56:55.075101+00:00,383.30196120399887,205,3,reverse,0,0.8,0.7999267578125,0.0,0.46566128730773926,dc,out1,0.0,2,384.67261150800005,384.8161160799991,1.370650304001174,0.7999267578125,0.15234375,-0.0091552734375,4426580.0,0.7783555,0.1666776,0.013309486514457772,0.9448560556481959,0.3272153597764858,0.89801,0.0008046439,62056.0,9856.0,28704.0,0.0163329,2.8082067790847476
2026-09-18T18:56:55.075101+00:00,383.30196120399887,205,3,reverse,0,0.8,0.7999267578125,0.0,0.46566128730773926,dc,out1,0.0,3,384.81628768099836,384.959247974999,1.5143264769994857,0.7999267578125,0.15234375,-0.0091552734375,4426727.0,0.788799,0.1571221,-0.00646854720595124,0.9510082680603756,0.3090977709040444,0.8655094,0.0008127485,62074.0,10000.0,27856.0,0.01640505,2.827341653742627
2026-09-18T18:56:55.075101+00:00,383.30196120399887,205,3,reverse,0,0.8,0.7999267578125,0.0,0.46566128730773926,dc,out1,0.0,4,384.9593835589985,385.10252221599876,1.6574223549996532,0.7999267578125,0.15234375,-0.0091552734375,4426859.0,0.8047644,0.1520446,-0.036946190386371064,0.9534044657901013,0.29942428696988754,0.8408946,0.0008299613,62090.0,10448.0,27776.0,0.01655942,2.837289039739008
2026-09-18T18:56:56.910219+00:00,385.1370764009989,206,3,reverse,1,0.78,0.7799072265625,0.0,0.46566128730773926,dc,out1,0.0,0,386.2180844169998,386.360240132999,1.081008016000851,0.7799072265625,0.1556396484375,-0.0091552734375,4428119.0,0.7847992,0.04232121,0.0011936378937689473,0.9964192535686531,0.08454138836254468,0.8969778,0.0007951835,62242.0,12416.0,26336.0,0.01659858,3.0569501731472655
2026-09-18T18:56:56.910219+00:00,385.1370764009989,206,3,reverse,1,0.78,0.7799072265625,0.0,0.46566128730773926,dc,out1,0.0,1,386.3603865469995,386.50350827999864,1.2233101460005855,0.7799072265625,0.1556396484375,-0.0091552734375,4428268.0,0.7957242,0.04821059,-0.02055468474745241,0.9951428223960345,0.09627184411128509,0.863957,0.0008059036,62260.0,11616.0,25792.0,0.01662302,3.0451510349979642
2026-09-18T18:56:56.910219+00:00,385.1370764009989,206,3,reverse,1,0.78,0.7799072265625,0.0,0.46566128730773926,dc,out1,0.0,2,386.50370768299945,386.64726009100013,1.366631282000526,0.7799072265625,0.1556396484375,-0.0091552734375,4428401.0,0.801211,0.05467666,-0.031431529153587094,0.9935298184847196,0.10913550639818013,0.8465424,0.0008145502,62276.0,12016.0,25808.0,0.01661758,3.0321850595440667
2026-09-18T18:56:56.910219+00:00,385.1370764009989,206,3,reverse,1,0.78,0.7799072265625,0.0,0.46566128730773926,dc,out1,0.0,3,386.64738081699943,386.79113530299946,1.5103044160005084,0.7799072265625,0.1556396484375,-0.0091552734375,4428551.0,0.7793284,0.04864178,0.012081830541221006,0.9951983505887921,0.09713018251872442,0.8794808,0.0007936325,62294.0,12112.0,26688.0,0.01658478,3.0443019700518783
2026-09-18T18:56:56.910219+00:00,385.1370764009989,206,3,reverse,1,0.78,0.7799072265625,0.0,0.46566128730773926,dc,out1,0.0,4,386.7912856849998,386.9344236779998,1.654209284000899,0.7799072265625,0.1556396484375,-0.0091552734375,4428700.0,0.7946595,0.06079291,-0.018384879095554793,0.9924472721291302,0.12128647189233387,0.8527984,0.0008106869,62312.0,11776.0,25984.0,0.01657545,3.019986178236094
2026-09-18T18:56:58.739205+00:00,386.96606146699924,207,3,reverse,2,0.76,0.7598876953125,0.0,0.46566128730773926,dc,out1,0.0,0,388.0541728199987,388.196537935999,1.0881113529994764,0.7598876953125,0.1568603515625,-0.0091552734375,4429960.0,0.7929052,-0.002449842,-0.015013328913169345,0.9998752888454414,-0.004899664395650201,0.8956286,0.0007977039,62464.0,12688.0,25680.0,0.0166913,-3.1366924172975095
2026-09-18T18:56:58.739205+00:00,386.96606146699924,207,3,reverse,2,0.76,0.7598876953125,0.0,0.46566128730773926,dc,out1,0.0,1,388.1967742979996,388.33936641799846,1.2307128310003463,0.7598876953125,0.1568603515625,-0.0091552734375,4430094.0,0.7645013,-0.008801688,0.04177508745458928,0.9989719691905982,-0.017602466861777733,0.892189,0.0007720636,62480.0,12624.0,25056.0,0.01669883,-3.1239738955292506
2026-09-18T18:56:58.739205+00:00,386.96606146699924,207,3,reverse,2,0.76,0.7598876953125,0.0,0.46566128730773926,dc,out1,0.0,2,388.339540863999,388.48341196599904,1.3734793969997554,0.7598876953125,0.1568603515625,-0.0091552734375,4430244.0,0.7861835,-0.003733874,-0.0015706287634422035,0.9999708830269762,-0.007467678590885911,0.843955,0.0007942468,62498.0,12784.0,25408.0,0.01670892,-3.1341248963786055
2026-09-18T18:56:58.739205+00:00,386.96606146699924,207,3,reverse,2,0.76,0.7598876953125,0.0,0.46566128730773926,dc,out1,0.0,3,388.483568439,388.62635864799995,1.5175069720007741,0.7598876953125,0.1568603515625,-0.0091552734375,4430394.0,0.7775799,-0.005059463,0.015635089118330434,0.9998265623694808,-0.010118753316920106,0.8842276,0.0007881376,62516.0,11856.0,25824.0,0.01669317,-3.1314724905046094
2026-09-18T18:56:58.739205+00:00,386.96606146699924,207,3,reverse,2,0.76,0.7598876953125,0.0,0.46566128730773926,dc,out1,0.0,4,388.62651676399946,388.7703046299994,1.660455297000226,0.7598876953125,0.1568603515625,-0.0091552734375,4430528.0,0.7703352,0.009636752,0.030115775707707945,0.9993606046322592,0.019272310773971766,0.893249,0.000781161,62532.0,12864.0,25840.0,0.01672012,3.1223104024081314
2026-09-18T18:57:00.571071+00:00,388.7979301239993,208,3,reverse,3,0.74,0.739990234375,0.0,0.46566128730773926,dc,out1,0.0,0,389.87904135200006,390.021450156999,1.0811112280007364,0.739990234375,0.158203125,-0.009033203125,4431777.0,0.7859463,-0.07269907,-0.001084705441013851,0.9894477046651442,-0.1448863801293405,0.8963306,0.0007856594,62680.0,11216.0,26096.0,0.0164287,-2.996194427445109
2026-09-18T18:57:00.571071+00:00,388.7979301239993,208,3,reverse,3,0.74,0.739990234375,0.0,0.46566128730773926,dc,out1,0.0,1,390.02166232299896,390.16825221899853,1.2237321989996417,0.739990234375,0.158203125,-0.009033203125,4431926.0,0.7776719,-0.09430436,0.01517788825859585,0.9821487695268719,-0.18749246978175174,0.8534828,0.0007802439,62698.0,11152.0,26688.0,0.01651227,-2.952961943684329
2026-09-18T18:57:00.571071+00:00,388.7979301239993,208,3,reverse,3,0.74,0.739990234375,0.0,0.46566128730773926,dc,out1,0.0,2,390.1684629529991,390.3114889519984,1.3705328289997851,0.739990234375,0.158203125,-0.009033203125,4432074.0,0.7835416,-0.07890232,0.003666981523850928,0.9875678568991685,-0.15715050514105078,0.8735018,0.0007838047,62716.0,11136.0,26048.0,0.01653868,-2.983786943703297
2026-09-18T18:57:00.571071+00:00,388.7979301239993,208,3,reverse,3,0.74,0.739990234375,0.0,0.46566128730773926,dc,out1,0.0,3,390.3116453139992,390.4551266039998,1.513715189999857,0.739990234375,0.158203125,-0.009033203125,4432223.0,0.8052396,-0.05717274,-0.03941338502358293,0.99268755470924,-0.11409646710732316,0.851765,0.000807247,62734.0,12176.0,26256.0,0.01654268,-3.027157866975335
2026-09-18T18:57:00.571071+00:00,388.7979301239993,208,3,reverse,3,0.74,0.739990234375,0.0,0.46566128730773926,dc,out1,0.0,4,390.4552739899991,390.59847715899923,1.6573438659997919,0.739990234375,0.158203125,-0.009033203125,4432356.0,0.7817108,-0.07762738,0.007285958782642736,0.9879453027387894,-0.1546318000961614,0.87672,0.0007835659,62750.0,11648.0,26368.0,0.01653695,-2.986333739126195
2026-09-18T18:57:02.400585+00:00,390.6274422279985,209,3,reverse,4,0.72,0.719970703125,0.0,0.46566128730773926,dc,out1,0.0,0,391.7114044579994,391.85448596899914,1.0839622300009069,0.719970703125,0.160888671875,-0.0091552734375,4433614.0,0.7813995,-0.2068311,0.007322713320759785,0.9156256077050603,-0.4019653273410043,0.8744354,0.0007756175,62902.0,9168.0,28016.0,0.01656795,-2.727918683238312
2026-09-18T18:57:02.400585+00:00,390.6274422279985,209,3,reverse,4,0.72,0.719970703125,0.0,0.46566128730773926,dc,out1,0.0,1,391.854693416999,391.9972657949984,1.2272511890005262,0.719970703125,0.160888671875,-0.0091552734375,4433764.0,0.7834482,-0.2236259,0.003516317465679786,0.9016322160720729,-0.4324892859394824,0.8432398,0.0007754176,62920.0,9536.0,27824.0,0.01655663,-2.694337888122587
2026-09-18T18:57:02.400585+00:00,390.6274422279985,209,3,reverse,4,0.72,0.719970703125,0.0,0.46566128730773926,dc,out1,0.0,2,391.9974225779988,392.14033963099973,1.3699803500003327,0.719970703125,0.160888671875,-0.0091552734375,4433896.0,0.7956144,-0.1912778,-0.01895416598775208,0.9275200326801134,-0.37329255091521746,0.8455898,0.0007890255,62936.0,9696.0,27856.0,0.01652417,-2.758964753625621
2026-09-18T18:57:02.400585+00:00,390.6274422279985,209,3,reverse,4,0.72,0.719970703125,0.0,0.46566128730773926,dc,out1,0.0,3,392.1404888099987,392.2834666459985,1.5130465820002428,0.719970703125,0.160888671875,-0.0091552734375,4434045.0,0.7794824,-0.1932084,0.010958878339231344,0.9262005795872194,-0.37687184739357343,0.8485484,0.000776171,62954.0,10032.0,27696.0,0.01651922,-2.755151419186105
2026-09-18T18:57:02.400585+00:00,390.6274422279985,209,3,reverse,4,0.72,0.719970703125,0.0,0.46566128730773926,dc,out1,0.0,4,392.2836253329988,392.4264952959984,1.6561831050003093,0.719970703125,0.160888671875,-0.0091552734375,4434193.0,0.7672013,-0.1982485,0.033562872104587076,0.9218086660796886,-0.38618948296979333,0.853263,0.0007678023,62972.0,9648.0,27344.0,0.01652662,-2.744859633600964
2026-09-18T18:57:04.227798+00:00,392.45465679099834,210,3,reverse,5,0.7000000000000001,0.699951171875,0.0,0.46566128730773926,dc,out1,0.0,0,393.539904235,393.6842512099993,1.0852474440016522,0.699951171875,0.162109375,-0.0091552734375,4435445.0,0.7779143,-0.311032,0.0121634801218457,0.8125864358199326,-0.5827137668467975,0.8382748,0.0007713594,63122.0,8640.0,28656.0,0.01675885,-2.5194756043435245
2026-09-18T18:57:04.227798+00:00,392.45465679099834,210,3,reverse,5,0.7000000000000001,0.699951171875,0.0,0.46566128730773926,dc,out1,0.0,1,393.68440073999955,393.8285120929995,1.2297439490012039,0.699951171875,0.162109375,-0.0091552734375,4435596.0,0.7625023,-0.29903,0.037830408170998774,0.8255631562624478,-0.563040260762586,0.8580692,0.0007626211,63140.0,8336.0,28560.0,0.01673968,-2.543044536055315
2026-09-18T18:57:04.227798+00:00,392.45465679099834,210,3,reverse,5,0.7000000000000001,0.699951171875,0.0,0.46566128730773926,dc,out1,0.0,2,393.8287125379993,393.9713777369998,1.3740557470009662,0.699951171875,0.162109375,-0.0091552734375,4435730.0,0.7840525,-0.2701056,0.002308079279434584,0.8575969708142783,-0.5143171282586394,0.8493854,0.0007767765,63156.0,9024.0,28608.0,0.01670403,-2.6013798561681347
2026-09-18T18:57:04.227798+00:00,392.45465679099834,210,3,reverse,5,0.7000000000000001,0.699951171875,0.0,0.46566128730773926,dc,out1,0.0,3,393.9715788129997,394.11454880199926,1.5169220220013813,0.699951171875,0.162109375,-0.0091552734375,4435880.0,0.7759099,-0.2488839,0.01667273496565927,0.8784923482687482,-0.4774654060160015,0.866124,0.0007751603,63174.0,8768.0,28048.0,0.01673175,-2.6437493080385845
2026-09-18T18:57:04.227798+00:00,392.45465679099834,210,3,reverse,5,0.7000000000000001,0.699951171875,0.0,0.46566128730773926,dc,out1,0.0,4,394.11474418799844,394.25809233399923,1.6600873970000976,0.699951171875,0.162109375,-0.0091552734375,4436014.0,0.7724327,-0.2502083,0.022748798413306473,0.8770877918205489,-0.47979109788542784,0.8774334,0.0007684115,63190.0,8704.0,28272.0,0.01676758,-2.6410344952587255
2026-09-18T18:57:06.059232+00:00,394.2860884490001,211,3,reverse,6,0.68,0.679931640625,0.0,0.46566128730773926,dc,out1,0.0,0,395.36847197599855,395.5123589979994,1.0823835269984556,0.679931640625,0.1632080078125,-0.0091552734375,4437271.0,0.752954,-0.4076217,0.044462140964849725,0.6842482014019242,-0.727892517408342,0.8592838,0.0007544047,63340.0,7360.0,29312.0,0.01677812,-2.3252978331734555
2026-09-18T18:57:06.059232+00:00,394.2860884490001,211,3,reverse,6,0.68,0.679931640625,0.0,0.46566128730773926,dc,out1,0.0,1,395.5125547439984,395.6553323099997,1.2264662949983176,0.679931640625,0.1632080078125,-0.0091552734375,4437422.0,0.7574539,-0.3832834,0.04023535128434916,0.71917176545782,-0.6936664099373036,0.8609256,0.0007590677,63358.0,7488.0,29216.0,0.0167672,-2.3742450962812742
2026-09-18T18:57:06.059232+00:00,394.2860884490001,211,3,reverse,6,0.68,0.679931640625,0.0,0.46566128730773926,dc,out1,0.0,2,395.65546517799885,395.7984358859994,1.369376728998759,0.679931640625,0.1632080078125,-0.0091552734375,4437556.0,0.7671215,-0.3771659,0.02663154836954287,0.7282425004052034,-0.684801884660825,0.8503386,0.0007645804,63374.0,7824.0,29120.0,0.01677558,-2.386927380563976
2026-09-18T18:57:06.059232+00:00,394.2860884490001,211,3,reverse,6,0.68,0.679931640625,0.0,0.46566128730773926,dc,out1,0.0,3,395.79866418299935,395.9412750569991,1.512575733999256,0.679931640625,0.1632080078125,-0.0091552734375,4437707.0,0.7715589,-0.3854132,0.019852244818167566,0.7170603803850508,-0.696728282228966,0.8387448,0.0007658246,63392.0,7968.0,29136.0,0.0167872,-2.3705747841949107
2026-09-18T18:57:06.059232+00:00,394.2860884490001,211,3,reverse,6,0.68,0.679931640625,0.0,0.46566128730773926,dc,out1,0.0,4,395.9414364589993,396.0843696060001,1.6553480099992157,0.679931640625,0.1632080078125,-0.0091552734375,4437841.0,0.7837999,-0.3443739,0.002467850277813634,0.7720385377115918,-0.635570929167747,0.8491278,0.000778019,63408.0,7840.0,28880.0,0.0167538,-2.452842346713645
2026-09-18T18:57:07.885112+00:00,396.11196446099893,212,3,reverse,7,0.66,0.659912109375,0.0,0.46566128730773926,dc,out1,0.0,0,397.19512123499953,397.337315969,1.0831567740005994,0.659912109375,0.163818359375,-0.009033203125,4439096.0,0.7587979,-0.4608778,0.032140427411988366,0.6035673200111137,-0.7966639712829849,0.8370495,0.0007627094,63556.0,7232.0,29568.0,0.0169898,-2.2191554377493112
2026-09-18T18:57:07.885112+00:00,396.11196446099893,212,3,reverse,7,0.66,0.659912109375,0.0,0.46566128730773926,dc,out1,0.0,1,397.337457833999,397.4806136349998,1.225493373000063,0.659912109375,0.163818359375,-0.009033203125,4439249.0,0.7419704,-0.462789,0.052166911132661496,0.5991059715086565,-0.7989684901706361,0.8528834,0.0007545416,63574.0,6976.0,29648.0,0.01696798,-2.2142009873667177
2026-09-18T18:57:07.885112+00:00,396.11196446099893,212,3,reverse,7,0.66,0.659912109375,0.0,0.46566128730773926,dc,out1,0.0,2,397.48078876199907,397.62335260599866,1.3688243010001315,0.659912109375,0.163818359375,-0.009033203125,4439385.0,0.7623633,-0.4574889,0.02808375908262748,0.6091611501760759,-0.7925490493287778,0.855524,0.0007661912,63590.0,6944.0,29520.0,0.0169757,-2.2261018561451307
2026-09-18T18:57:07.885112+00:00,396.11196446099893,212,3,reverse,7,0.66,0.659912109375,0.0,0.46566128730773926,dc,out1,0.0,3,397.6235165620001,397.7682823639989,1.5115521010011435,0.659912109375,0.163818359375,-0.009033203125,4439521.0,0.7444083,-0.475874,0.04751631967326097,0.5783115722175272,-0.814431043615112,0.8526954,0.0007596729,63606.0,6976.0,29648.0,0.0169782,-2.1882557120362987
2026-09-18T18:57:07.885112+00:00,396.11196446099893,212,3,reverse,7,0.66,0.659912109375,0.0,0.46566128730773926,dc,out1,0.0,4,397.76843794499837,397.91129048899893,1.6564734839994344,0.659912109375,0.163818359375,-0.009033203125,4439673.0,0.7479562,-0.4667345,0.044518014733410695,0.5933819499071776,-0.8036889994821078,0.8625458,0.0007591795,63624.0,6976.0,29712.0,0.0168037,-2.206782074283048
2026-09-18T18:57:09.712426+00:00,397.9392841689987,213,3,reverse,8,0.64,0.639892578125,0.0,0.46566128730773926,dc,out1,0.0,0,399.02899097499903,399.1721754679984,1.089706806000322,0.639892578125,0.164794921875,-0.0091552734375,4440934.0,0.7139643,-0.5740664,0.05840390520938775,0.4060119132219673,-0.9119996218081072,0.8515748,0.0007592797,63774.0,6592.0,29872.0,0.01683242,-1.9896419647027328
2026-09-18T18:57:09.712426+00:00,397.9392841689987,213,3,reverse,8,0.64,0.639892578125,0.0,0.46566128730773926,dc,out1,0.0,1,399.1723304879997,399.31550923899886,1.233046319001005,0.639892578125,0.164794921875,-0.0091552734375,4441085.0,0.7026273,-0.5840326,0.06458524095148657,0.3865744034934073,-0.9199940093364493,0.8513756,0.0007561911,63792.0,6464.0,30016.0,0.01679158,-1.9685877762658686
2026-09-18T18:57:09.712426+00:00,397.9392841689987,213,3,reverse,8,0.64,0.639892578125,0.0,0.46566128730773926,dc,out1,0.0,2,399.31567810499837,399.4584253079993,1.3763939359996584,0.639892578125,0.164794921875,-0.0091552734375,4441220.0,0.6958559,-0.5876578,0.06862445652366478,0.3790905889064053,-0.9228114701115426,0.8625476,0.0007511013,63808.0,6448.0,30032.0,0.01687232,-1.9605779017769915
2026-09-18T18:57:09.712426+00:00,397.9392841689987,213,3,reverse,8,0.64,0.639892578125,0.0,0.46566128730773926,dc,out1,0.0,3,399.4586167559992,399.6014910879985,1.5193325870004628,0.639892578125,0.164794921875,-0.0091552734375,4441355.0,0.7096364,-0.5983355,0.05516390570229001,0.36127116961733075,-0.9308276346945199,0.8484676,0.0007610103,63824.0,6496.0,29904.0,0.01686945,-1.9410180177711267
2026-09-18T18:57:09.712426+00:00,397.9392841689987,213,3,reverse,8,0.64,0.639892578125,0.0,0.46566128730773926,dc,out1,0.0,4,399.6016515479987,399.7453327589992,1.6623673789999884,0.639892578125,0.164794921875,-0.0091552734375,4441507.0,0.7023469,-0.5997983,0.05997431304443058,0.3577412833584103,-0.9318928350169489,0.8494878,0.0007580074,63842.0,6416.0,30016.0,0.01684288,-1.9373352407154976
2026-09-18T18:57:11.549358+00:00,399.7762164529995,214,3,reverse,9,0.62,0.6199951171875,0.0,0.46566128730773926,dc,out1,0.0,0,400.8552183969987,400.99865945700003,1.0790019439991738,0.6199951171875,0.1651611328125,-0.0091552734375,4442768.0,0.466041,-0.7147019,0.084012512234481,0.11314094922611571,-0.9900207186702027,0.8591056,0.0007532416,63992.0,6320.0,30096.0,0.01683118,-1.6845840707549762
2026-09-18T18:57:11.549358+00:00,399.7762164529995,214,3,reverse,9,0.62,0.6199951171875,0.0,0.46566128730773926,dc,out1,0.0,1,400.9988496529986,401.14253606199964,1.222633199999109,0.6199951171875,0.1651611328125,-0.0091552734375,4442903.0,0.5037338,-0.7157591,0.07413478523720575,0.11737683587814474,-0.9903164706380827,0.8531058,0.0007610122,64008.0,6320.0,30096.0,0.01683918,-1.6887705165449838
2026-09-18T18:57:11.549358+00:00,399.7762164529995,214,3,reverse,9,0.62,0.6199951171875,0.0,0.46566128730773926,dc,out1,0.0,2,401.1427275499991,401.2873425149992,1.3665110969996022,0.6199951171875,0.1651611328125,-0.0091552734375,4443054.0,0.5427953,-0.6967582,0.08224923847532975,0.15599797578680075,-0.9843270261049674,0.8563936,0.0007560245,64026.0,6304.0,30096.0,0.016816,-1.7279709915507202
2026-09-18T18:57:11.549358+00:00,399.7762164529995,214,3,reverse,9,0.62,0.6199951171875,0.0,0.46566128730773926,dc,out1,0.0,3,401.28754320999906,401.43028026199863,1.5113267569995514,0.6199951171875,0.1651611328125,-0.0091552734375,4443189.0,0.5820967,-0.6901528,0.07488266575351456,0.17390374578941156,-0.9819114387611844,0.8483656,0.0007603218,64042.0,6336.0,30080.0,0.01680647,-1.7460860019140332
2026-09-18T18:57:11.549358+00:00,399.7762164529995,214,3,reverse,9,0.62,0.6199951171875,0.0,0.46566128730773926,dc,out1,0.0,4,401.4304200839997,401.57443470499857,1.6542036310002004,0.6199951171875,0.1651611328125,-0.0091552734375,4443340.0,0.5952675,-0.6905629,0.06997736935631438,0.17506782243351682,-0.9820664057620323,0.8482666,0.000759625,64060.0,6352.0,30080.0,0.0168371,-1.7472079657418356
2026-09-18T18:57:13.382291+00:00,401.6091478620001,215,3,reverse,10,0.6,0.5999755859375,0.0,0.46566128730773926,dc,out1,0.0,0,402.69515436599977,402.83737125399966,1.0860065039996698,0.5999755859375,0.165283203125,-0.0091552734375,4444603.0,0.3448246,-0.7294529,0.08614010121252903,0.07104374854490836,-0.9937467830165706,0.8512402,0.000756726,64210.0,6288.0,30144.0,0.01675818,-1.6421657000216254
2026-09-18T18:57:13.382291+00:00,401.6091478620001,215,3,reverse,10,0.6,0.5999755859375,0.0,0.46566128730773926,dc,out1,0.0,1,402.8375484249991,402.9804994059996,1.2284005629990133,0.5999755859375,0.165283203125,-0.0091552734375,4444738.0,0.2420516,-0.7354352,0.08829659282846991,0.04642964653857391,-0.9950115575294523,0.8532774,0.0007556066,64226.0,6288.0,30144.0,0.01683903,-1.6174249230100592
2026-09-18T18:57:13.382291+00:00,401.6091478620001,215,3,reverse,10,0.6,0.5999755859375,0.0,0.46566128730773926,dc,out1,0.0,2,402.9806953419993,403.1232892649987,1.371547479999208,0.5999755859375,0.165283203125,-0.0091552734375,4444889.0,0.08694278,-0.738463,0.0923190387144217,0.016216722111304312,-0.9955974151306389,0.8519186,0.0007555599,64244.0,6304.0,30160.0,0.01685275,-1.587083319834193
2026-09-18T18:57:13.382291+00:00,401.6091478620001,215,3,reverse,10,0.6,0.5999755859375,0.0,0.46566128730773926,dc,out1,0.0,3,403.1234414899991,403.26639003499986,1.5142936279989954,0.5999755859375,0.165283203125,-0.0091552734375,4445024.0,0.2103388,-0.7385305,0.08543752981046052,0.038223514058541325,-0.9956100599496287,0.8481026,0.000761033,64260.0,6288.0,30128.0,0.01678997,-1.6091695336760579
2026-09-18T18:57:13.382291+00:00,401.6091478620001,215,3,reverse,10,0.6,0.5999755859375,0.0,0.46566128730773926,dc,out1,0.0,4,403.2665647719987,403.4094752759993,1.6574169099985738,0.5999755859375,0.165283203125,-0.0091552734375,4445175.0,0.4550586,-0.7166587,0.08409888229681874,0.10820839729616478,-0.990564647436512,0.8597664,0.0007538471,64278.0,6304.0,30128.0,0.01677158,-1.6796039950533854
2026-09-18T18:57:15.211950+00:00,403.438809321,216,3,reverse,11,0.58,0.5799560546875,0.0,0.46566128730773926,dc,out1,0.0,0,404.5151824879995,404.6591083489984,1.076373166999474,0.5799560546875,0.1651611328125,-0.0091552734375,4446420.0,-0.3046969,-0.7272758,0.09510558177863065,-0.06638530556618351,-0.9932511865180089,0.8570548,0.000757186,64426.0,6288.0,30208.0,0.01680683,-1.5040592107248179
2026-09-18T18:57:15.211950+00:00,403.438809321,216,3,reverse,11,0.58,0.5799560546875,0.0,0.46566128730773926,dc,out1,0.0,1,404.65924440399976,404.8024083199998,1.2204350829997566,0.5799560546875,0.1651611328125,-0.0091552734375,4446572.0,-0.4422214,-0.7043093,0.10232543670076875,-0.12490530637605908,-0.9868779911635986,0.8618964,0.0007577558,64444.0,6304.0,30208.0,0.01682608,-1.4448996166437695
2026-09-18T18:57:15.211950+00:00,403.438809321,216,3,reverse,11,0.58,0.5799560546875,0.0,0.46566128730773926,dc,out1,0.0,2,404.80258636299914,404.94548889,1.3637770419991284,0.5799560546875,0.1651611328125,-0.0091552734375,4446706.0,-0.4814537,-0.6926064,0.1053860276704082,-0.15146432608255134,-0.9828287455585589,0.854046,0.0007603099,64460.0,6320.0,30256.0,0.01681873,-1.4178886784629905
2026-09-18T18:57:15.211950+00:00,403.438809321,216,3,reverse,11,0.58,0.5799560546875,0.0,0.46566128730773926,dc,out1,0.0,3,404.9456238319999,405.0892046379995,1.5068145109999023,0.5799560546875,0.1651611328125,-0.0091552734375,4446858.0,-0.4863594,-0.6947073,0.10156877282218099,-0.14907684414482814,-0.9835953837463933,0.853599,0.0007608744,64478.0,6320.0,30240.0,0.01678835,-1.4203779485242625
2026-09-18T18:57:15.211950+00:00,403.438809321,216,3,reverse,11,0.58,0.5799560546875,0.0,0.46566128730773926,dc,out1,0.0,4,405.08935236399884,405.23328698099976,1.6505430429988337,0.5799560546875,0.1651611328125,-0.0091552734375,4446992.0,-0.478199,-0.6938235,0.10499027548160364,-0.14881979706436316,-0.9832749920830992,0.8576556,0.0007541919,64494.0,6352.0,30288.0,0.01687957,-1.4205852274631345
2026-09-18T18:57:17.037578+00:00,405.26443667199965,217,3,reverse,12,0.56,0.5599365234375,0.0,0.46566128730773926,dc,out1,0.0,0,406.3511212959984,406.49451733299975,1.0866846239987353,0.5599365234375,0.1644287109375,-0.0091552734375,4448256.0,-0.6146171,-0.6050586,0.11821043170744566,-0.332523054342038,-0.9356573690013783,0.8594618,0.0007589876,64644.0,6576.0,30352.0,0.01678225,-1.229328025727892
2026-09-18T18:57:17.037578+00:00,405.26443667199965,217,3,reverse,12,0.56,0.5599365234375,0.0,0.46566128730773926,dc,out1,0.0,1,406.49472994999996,406.6381201469994,1.2302932780003175,0.5599365234375,0.1644287109375,-0.0091552734375,4448407.0,-0.6142085,-0.6093937,0.11575416210727786,-0.32477245840757724,-0.9386819611640252,0.8527344,0.0007622024,64662.0,6512.0,30384.0,0.01677105,-1.237700358181804
2026-09-18T18:57:17.037578+00:00,405.26443667199965,217,3,reverse,12,0.56,0.5599365234375,0.0,0.46566128730773926,dc,out1,0.0,2,406.638262262999,406.782331249,1.3738255909993313,0.5599365234375,0.1644287109375,-0.0091552734375,4448541.0,-0.6064782,-0.6125976,0.11865211546720603,-0.31730361824750875,-0.9408719835037049,0.8612402,0.0007641817,64678.0,6448.0,30352.0,0.01676795,-1.2455301327400001
2026-09-18T18:57:17.037578+00:00,405.26443667199965,217,3,reverse,12,0.56,0.5599365234375,0.0,0.46566128730773926,dc,out1,0.0,3,406.78255371499836,406.927201262999,1.5181170429987105,0.5599365234375,0.1644287109375,-0.0091552734375,4448692.0,-0.6059492,-0.6190187,0.11473404391201372,-0.3058390630659651,-0.9451447331866843,0.8561596,0.000762727,64696.0,6416.0,30352.0,0.01682962,-1.257840560167713
2026-09-18T18:57:17.037578+00:00,405.26443667199965,217,3,reverse,12,0.56,0.5599365234375,0.0,0.46566128730773926,dc,out1,0.0,4,406.92735158399955,407.07034716199996,1.6629149119999056,0.5599365234375,0.1644287109375,-0.0091552734375,4448827.0,-0.6065078,-0.6138632,0.11779894679749207,-0.3150789002061538,-0.941726443707663,0.8645818,0.0007597628,64712.0,6384.0,30352.0,0.01688267,-1.2479279485792703
2026-09-18T18:57:18.874846+00:00,407.10170487100004,218,3,reverse,13,0.54,0.5399169921875,0.0,0.46566128730773926,dc,out1,0.0,0,408.18252449699867,408.32651687699945,1.080819625998629,0.5399169921875,0.1634521484375,-0.0091552734375,4450087.0,-0.6562087,-0.5257804,0.1267900945693269,-0.47974488478847127,-0.8681987776070624,0.8601188,0.0007643437,64862.0,6704.0,30352.0,0.01677013,-1.0659783466575012
2026-09-18T18:57:18.874846+00:00,407.10170487100004,218,3,reverse,13,0.54,0.5399169921875,0.0,0.46566128730773926,dc,out1,0.0,1,408.32679319399904,408.4694072359998,1.2250883229989995,0.5399169921875,0.1634521484375,-0.0091552734375,4450238.0,-0.6604075,-0.5154319,0.12717566070770425,-0.4980990492489,-0.8577433698145971,0.863938,0.000762477,64880.0,6912.0,30368.0,0.01679133,-1.0446823805662335
2026-09-18T18:57:18.874846+00:00,407.10170487100004,218,3,reverse,13,0.54,0.5399169921875,0.0,0.46566128730773926,dc,out1,0.0,2,408.46955483199963,408.6123540899989,1.3678499609995924,0.5399169921875,0.1634521484375,-0.0091552734375,4450372.0,-0.6394397,-0.5198065,0.14578044864114664,-0.4851236801742839,-0.8622082554279709,0.876347,0.0007578097,64896.0,6608.0,30336.0,0.01682392,-1.0582909845208441
2026-09-18T18:57:18.874846+00:00,407.10170487100004,218,3,reverse,13,0.54,0.5399169921875,0.0,0.46566128730773926,dc,out1,0.0,3,408.6125046519992,408.7562345309998,1.5107997809991502,0.5399169921875,0.1634521484375,-0.0091552734375,4450523.0,-0.651398,-0.5289452,0.12994216065042397,-0.4731940705012195,-0.8713222173960596,0.8669564,0.0007639246,64914.0,6704.0,30368.0,0.01682993,-1.0732846854126146
2026-09-18T18:57:18.874846+00:00,407.10170487100004,218,3,reverse,13,0.54,0.5399169921875,0.0,0.46566128730773926,dc,out1,0.0,4,408.75641732199983,408.8994753749994,1.6547124509997957,0.5399169921875,0.1634521484375,-0.0091552734375,4450658.0,-0.6554011,-0.5011397,0.13840470572105862,-0.5202886083134334,-0.8427003628179698,0.8685518,0.0007629057,64930.0,6928.0,30336.0,0.0168162,-1.0176762133720572
2026-09-18T18:57:20.700428+00:00,408.9272863899987,219,3,reverse,14,0.52,0.5198974609375,0.0,0.46566128730773926,dc,out1,0.0,0,410.011236250999,410.15446638399953,1.083949861000292,0.5198974609375,0.16162109375,-0.0091552734375,4451920.0,-0.6822189,-0.35177,0.15624565463133808,-0.7463781039175922,-0.6469211863907416,0.8771288,0.0007742789,65080.0,7904.0,29760.0,0.01680857,-0.7141367284592027
2026-09-18T18:57:20.700428+00:00,408.9272863899987,219,3,reverse,14,0.52,0.5198974609375,0.0,0.46566128730773926,dc,out1,0.0,1,410.1546768569988,410.298101983999,1.2273904670000775,0.5198974609375,0.16162109375,-0.0091552734375,4452054.0,-0.6958054,-0.3454759,0.13734974597459032,-0.7583012353305558,-0.6372709657413153,0.856158,0.0007858619,65096.0,8128.0,29840.0,0.01682065,-0.6988901324061815
2026-09-18T18:57:20.700428+00:00,408.9272863899987,219,3,reverse,14,0.52,0.5198974609375,0.0,0.46566128730773926,dc,out1,0.0,2,410.29824202599957,410.4412876419992,1.370955636000872,0.5198974609375,0.16162109375,-0.0091552734375,4452206.0,-0.6938705,-0.3518624,0.1387900438980855,-0.7496985846493962,-0.6470620958528319,0.8715446,0.0007814016,65114.0,7984.0,29952.0,0.01673447,-0.7120481935184156
2026-09-18T18:57:20.700428+00:00,408.9272863899987,219,3,reverse,14,0.52,0.5198974609375,0.0,0.46566128730773926,dc,out1,0.0,3,410.4414563779992,410.58650476,1.5141699880005035,0.5198974609375,0.16162109375,-0.0091552734375,4452340.0,-0.6856038,-0.3613718,0.14869845270164275,-0.7351050886221888,-0.66144484187716,0.8748026,0.000770498,65130.0,8016.0,29968.0,0.01683135,-0.7327025512233736
2026-09-18T18:57:20.700428+00:00,408.9272863899987,219,3,reverse,14,0.52,0.5198974609375,0.0,0.46566128730773926,dc,out1,0.0,4,410.5867234689995,410.73155636799856,1.6594370790007815,0.5198974609375,0.16162109375,-0.0091552734375,4452491.0,-0.6779508,-0.3574005,0.16104735770953965,-0.7378526795663057,-0.6554671401615784,0.8848136,0.000772618,65148.0,7792.0,29760.0,0.01676622,-0.7263379776895426
2026-09-18T18:57:22.532756+00:00,410.75961392299905,220,3,reverse,15,0.5,0.5,0.0,0.46566128730773926,dc,out1,0.0,0,411.83978711099917,411.9831405619989,1.080173188000117,0.5,0.160888671875,-0.0091552734375,4453748.0,-0.6985739,-0.3188108,0.13882883225430304,-0.7914297660541278,-0.5952860495076422,0.8654742,0.0007879449,65300.0,8144.0,29648.0,0.01659093,-0.6448854950594123
2026-09-18T18:57:22.532756+00:00,410.75961392299905,220,3,reverse,15,0.5,0.5,0.0,0.46566128730773926,dc,out1,0.0,1,411.98330263499884,412.1265234879993,1.2236887119997846,0.5,0.160888671875,-0.0091552734375,4453881.0,-0.6762468,-0.3019324,0.17827141891541531,-0.8036110111562219,-0.5678280056023648,0.8824052,0.0007632717,65316.0,8976.0,29424.0,0.01658777,-0.6151388399219652
2026-09-18T18:57:22.532756+00:00,410.75961392299905,220,3,reverse,15,0.5,0.5,0.0,0.46566128730773926,dc,out1,0.0,2,412.1267059289985,412.2692199189987,1.3670920059994387,0.5,0.160888671875,-0.0091552734375,4454030.0,-0.6901196,-0.2904873,0.158329778921777,-0.8207968998206018,-0.5488388928925046,0.8873838,0.000775217,65334.0,8720.0,29504.0,0.01657272,-0.5893854072545626
2026-09-18T18:57:22.532756+00:00,410.75961392299905,220,3,reverse,15,0.5,0.5,0.0,0.46566128730773926,dc,out1,0.0,3,412.269355122,412.41321489799884,1.5097411990009277,0.5,0.160888671875,-0.0091552734375,4454179.0,-0.6902775,-0.3024069,0.15555177575112644,-0.8077670116602071,-0.5686089165095901,0.8912172,0.0007794126,65352.0,8528.0,29584.0,0.01660567,-0.6133565986392868
2026-09-18T18:57:22.532756+00:00,410.75961392299905,220,3,reverse,15,0.5,0.5,0.0,0.46566128730773926,dc,out1,0.0,4,412.41334505099985,412.5565169909987,1.6537311280007998,0.5,0.160888671875,-0.0091552734375,4454312.0,-0.7024042,-0.310321,0.13441283891620376,-0.8023241264749259,-0.5815575507297053,0.8575748,0.0007924408,65368.0,8752.0,29520.0,0.01659765,-0.6272040698726685
2026-09-18T18:57:24.360603+00:00,412.58746174599946,221,3,reverse,16,0.48,0.47998046875,0.0,0.46566128730773926,dc,out1,0.0,0,413.67586954499893,413.8193612619998,1.0884077989994694,0.47998046875,0.1590576171875,-0.0091552734375,4455587.0,-0.6903243,-0.2285007,0.16960831613068814,-0.8812056098668121,-0.4412592120721928,0.8893564,0.0007776923,65522.0,9792.0,28960.0,0.01653698,-0.46424334877355844
2026-09-18T18:57:24.360603+00:00,412.58746174599946,221,3,reverse,16,0.48,0.47998046875,0.0,0.46566128730773926,dc,out1,0.0,1,413.8195214309999,413.96425794599963,1.2320596850004222,0.47998046875,0.1590576171875,-0.0091552734375,4455720.0,-0.7030248,-0.2183893,0.1486057887901115,-0.8938501668198755,-0.4230226930250308,0.8876652,0.0007928236,65538.0,9328.0,28928.0,0.01656107,-0.4420269305530637
2026-09-18T18:57:24.360603+00:00,412.58746174599946,221,3,reverse,16,0.48,0.47998046875,0.0,0.46566128730773926,dc,out1,0.0,2,413.96439244700014,414.1091206459987,1.3769307010006742,0.47998046875,0.1590576171875,-0.0091552734375,4455869.0,-0.6840308,-0.2323461,0.17999768120509443,-0.8756509052512687,-0.4481476619301086,0.9248968,0.0007720965,65556.0,9088.0,29120.0,0.01655022,-0.47303350880891143
2026-09-18T18:57:24.360603+00:00,412.58746174599946,221,3,reverse,16,0.48,0.47998046875,0.0,0.46566128730773926,dc,out1,0.0,3,414.1092593659996,414.2533983729991,1.521797620000143,0.47998046875,0.1590576171875,-0.0091552734375,4456018.0,-0.6754001,-0.236954,0.19417552327312237,-0.8683461097297412,-0.45636706704015484,0.9094692,0.0007634696,65574.0,9616.0,28928.0,0.01657728,-0.48388507575709416
2026-09-18T18:57:24.360603+00:00,412.58746174599946,221,3,reverse,16,0.48,0.47998046875,0.0,0.46566128730773926,dc,out1,0.0,4,414.253569692999,414.39811863499926,1.6661079469995457,0.47998046875,0.1590576171875,-0.0091552734375,4456167.0,-0.6876971,-0.2287862,0.17418721123168393,-0.8800549519388484,-0.4417715439129596,0.8994444,0.0007740577,65592.0,9600.0,28992.0,0.01658208,-0.4652317692073743
2026-09-18T18:57:26.198711+00:00,414.42556911499923,222,3,reverse,17,0.46,0.4599609375,0.0,0.46566128730773926,dc,out1,0.0,0,415.5075189459985,415.65114759599965,1.0819498309992923,0.4599609375,0.15673828125,-0.0091552734375,4457418.0,-0.7081994,-0.1065643,0.1503052764980747,-0.9657474543444509,-0.2115187421578765,0.9010052,0.0008024695,65742.0,11408.0,27792.0,0.01713495,-0.2156160811951922
2026-09-18T18:57:26.198711+00:00,414.42556911499923,222,3,reverse,17,0.46,0.4599609375,0.0,0.46566128730773926,dc,out1,0.0,1,415.6513051699985,415.7963281079992,1.2257360549992882,0.4599609375,0.15673828125,-0.0091552734375,4457555.0,-0.7011774,-0.1302711,0.16198815460410604,-0.9525753325205606,-0.25760449072424907,0.873611,0.0007945887,65758.0,11232.0,27856.0,0.01720703,-0.2641121274820036
2026-09-18T18:57:26.198711+00:00,414.42556911499923,222,3,reverse,17,0.46,0.4599609375,0.0,0.46566128730773926,dc,out1,0.0,2,415.796484520999,415.94045738399836,1.3709154059997672,0.4599609375,0.15673828125,-0.0091552734375,4457709.0,-0.707724,-0.1578651,0.14707620572113794,-0.9391228458959233,-0.31051066008595474,0.8675806,0.0007995364,65776.0,10224.0,28240.0,0.0170396,-0.3193237181104983
2026-09-18T18:57:26.198711+00:00,414.42556911499923,222,3,reverse,17,0.46,0.4599609375,0.0,0.46566128730773926,dc,out1,0.0,3,415.9406602129984,416.0843673499985,1.515091097999175,0.4599609375,0.15673828125,-0.0091552734375,4457845.0,-0.6944338,-0.1767719,0.16973678160102917,-0.9226689297051628,-0.34622459636550074,0.8683612,0.0007893462,65792.0,10240.0,28144.0,0.01698478,-0.3589832565435763
2026-09-18T18:57:26.198711+00:00,414.42556911499923,222,3,reverse,17,0.46,0.4599609375,0.0,0.46566128730773926,dc,out1,0.0,4,416.0845726139996,416.22815481699945,1.6590034990003915,0.4599609375,0.15673828125,-0.0091552734375,4457998.0,-0.7147433,-0.1903253,0.13075902563360264,-0.919168952701999,-0.371524580080593,0.84796,0.000804186,65810.0,10384.0,28560.0,0.01683607,-0.3841185318769859
2026-09-18T18:57:28.029071+00:00,416.2559299329987,223,3,reverse,18,0.44,0.43994140625,0.0,0.46566128730773926,dc,out1,0.0,0,417.3421453029987,417.48630070499894,1.0862153699999908,0.43994140625,0.155517578125,-0.0091552734375,4459248.0,-0.694717,-0.01731985,0.18026152071178544,-0.9830088276230606,-0.03463277300203191,0.8930876,0.0007999917,65960.0,12992.0,26368.0,0.0162705,-0.03521682956181346
2026-09-18T18:57:28.029071+00:00,416.2559299329987,223,3,reverse,18,0.44,0.43994140625,0.0,0.46566128730773926,dc,out1,0.0,1,417.48648492899883,417.6294819249997,1.2305549960001372,0.43994140625,0.155517578125,-0.0091552734375,4459395.0,-0.695504,0.01606024,0.1787290767675137,-0.9833740624261871,0.032114957033285214,0.8785496,0.0008029521,65978.0,13280.0,26384.0,0.01653953,0.03264632276158535
2026-09-18T18:57:28.029071+00:00,416.2559299329987,223,3,reverse,18,0.44,0.43994140625,0.0,0.46566128730773926,dc,out1,0.0,2,417.6296785729992,417.7724614479994,1.3737486400004855,0.43994140625,0.155517578125,-0.0091552734375,4459528.0,-0.6999004,0.0005834574,0.17016332525802624,-0.9854151820667261,0.0011669145351706199,0.9161088,0.0008025563,65994.0,13136.0,26624.0,0.01659963,0.0011841851140050594
2026-09-18T18:57:28.029071+00:00,416.2559299329987,223,3,reverse,18,0.44,0.43994140625,0.0,0.46566128730773926,dc,out1,0.0,3,417.772657133999,417.91638847299873,1.5167272010003217,0.43994140625,0.155517578125,-0.0091552734375,4459678.0,-0.6998592,0.008235539,0.17022154594384914,-0.9852681632017908,0.01647033325271274,0.8800502,0.0008076141,66012.0,13616.0,26384.0,0.01665315,0.01671504260722499
2026-09-18T18:57:28.029071+00:00,416.2559299329987,223,3,reverse,18,0.44,0.43994140625,0.0,0.46566128730773926,dc,out1,0.0,4,417.9165477409988,418.06021949799833,1.6606178080000973,0.43994140625,0.155517578125,-0.0091552734375,4459828.0,-0.711164,-0.008294223,0.14790313153756335,-0.9888627368752808,-0.016587685218603238,0.8852294,0.0008180088,66030.0,13120.0,26944.0,0.01660468,-0.01677293422613743
2026-09-18T18:57:29.861011+00:00,418.0878697600001,224,3,reverse,19,0.42,0.419921875,0.0,0.46566128730773926,dc,out1,0.0,0,419.1662605379988,419.309605122,1.0783907779987203,0.419921875,0.1533203125,-0.0091552734375,4461070.0,-0.7161083,0.05741066,0.13722700512631067,-0.9838915847307508,0.11456918678281454,0.8805068,0.0008278441,66180.0,12880.0,27664.0,0.0165295,0.11592286225955564
2026-09-18T18:57:29.861011+00:00,418.0878697600001,224,3,reverse,19,0.42,0.419921875,0.0,0.46566128730773926,dc,out1,0.0,1,419.30979484699856,419.45318953399874,1.2219250869984535,0.419921875,0.1533203125,-0.0091552734375,4461219.0,-0.690463,0.04553755,0.18794936130514966,-0.977958727282243,0.09094924583239662,0.8986114,0.0007990402,66198.0,12048.0,27440.0,0.01659848,0.09273233542291585
2026-09-18T18:57:29.861011+00:00,418.0878697600001,224,3,reverse,19,0.42,0.419921875,0.0,0.46566128730773926,dc,out1,0.0,2,419.45337237499916,419.5965320819996,1.365502614999059,0.419921875,0.1533203125,-0.0091552734375,4461352.0,-0.6916388,0.0584453,0.1851495665155652,-0.9757655158923427,0.11662459438063923,0.9199316,0.0008003284,66214.0,12320.0,27360.0,0.01658703,0.11895682442688933
2026-09-18T18:57:29.861011+00:00,418.0878697600001,224,3,reverse,19,0.42,0.419921875,0.0,0.46566128730773926,dc,out1,0.0,3,419.59674243599875,419.7402632489993,1.5088726759986457,0.419921875,0.1533203125,-0.0091552734375,4461501.0,-0.7109327,0.03570026,0.14800291361250373,-0.9864105437073638,0.07133986841277863,0.8961882,0.0008197307,66232.0,12944.0,27456.0,0.01659002,0.07219699241288612
2026-09-18T18:57:29.861011+00:00,418.0878697600001,224,3,reverse,19,0.42,0.419921875,0.0,0.46566128730773926,dc,out1,0.0,4,419.74040098599835,419.88341537199994,1.6525312259982456,0.419921875,0.1533203125,-0.0091552734375,4461650.0,-0.6892424,0.02187687,0.19094539964300256,-0.9806256604376592,0.04373978105087843,0.9044986,0.000796828,66250.0,12880.0,26768.0,0.01659473,0.04457440840265956
2026-09-18T18:57:31.684795+00:00,419.911654214,225,3,reverse,20,0.4,0.39990234375,0.0,0.46566128730773926,dc,out1,0.0,0,420.99492018099954,421.13733840999885,1.0832659669995337,0.39990234375,0.1512451171875,-0.0091552734375,4462896.0,-0.7130766,0.1335878,0.13902528901944453,-0.9544483147564091,0.26400830189922175,0.8795086,0.0008355684,66400.0,11136.0,29232.0,0.01658662,0.2698607956922503
2026-09-18T18:57:31.684795+00:00,419.911654214,225,3,reverse,20,0.4,0.39990234375,0.0,0.46566128730773926,dc,out1,0.0,1,421.13747428399984,421.2803467319991,1.225820069999827,0.39990234375,0.1512451171875,-0.0091552734375,4463045.0,-0.6913945,0.1280712,0.18080394596485813,-0.9503280248134556,0.2533507023430026,0.9145878,0.0008098287,66418.0,10880.0,29312.0,0.016613,0.2605335194753426
2026-09-18T18:57:31.684795+00:00,419.911654214,225,3,reverse,20,0.4,0.39990234375,0.0,0.46566128730773926,dc,out1,0.0,2,421.28048525099985,421.42331317499884,1.3688310369998362,0.39990234375,0.1512451171875,-0.0091552734375,4463178.0,-0.7042052,0.1403607,0.1553446388345909,-0.9482151444556911,0.27704888198695804,0.9136334,0.000824535,66434.0,11088.0,29520.0,0.01662177,0.28426653052164486
2026-09-18T18:57:31.684795+00:00,419.911654214,225,3,reverse,20,0.4,0.39990234375,0.0,0.46566128730773926,dc,out1,0.0,3,421.423498922999,421.5674703449986,1.5118447089989786,0.39990234375,0.1512451171875,-0.0091552734375,4463328.0,-0.6999682,0.1307577,0.16424868244870566,-0.9519332940148075,0.25854472351990093,0.8860622,0.0008198143,66452.0,10944.0,29184.0,0.01660383,0.2652021670890093
2026-09-18T18:57:31.684795+00:00,419.911654214,225,3,reverse,20,0.4,0.39990234375,0.0,0.46566128730773926,dc,out1,0.0,4,421.5676979809996,421.7104061809987,1.6560437669995736,0.39990234375,0.1512451171875,-0.0091552734375,4463477.0,-0.7046478,0.1341828,0.15504385314990998,-0.951658423746103,0.26515589398222295,0.9045122,0.0008234521,66470.0,11280.0,29408.0,0.01660753,0.27173327535313946
2026-09-18T18:57:33.515252+00:00,421.7421093919984,226,3,reverse,21,0.38,0.3798828125,0.0,0.46566128730773926,dc,out1,0.0,0,422.8214053949996,422.9646604259997,1.0792960030012182,0.3798828125,0.1502685546875,-0.0091552734375,4464720.0,-0.6974936,0.1640262,0.16557746302104034,-0.9320790343622137,0.3221999029204064,0.919643,0.0008196836,66618.0,10896.0,30096.0,0.01710997,0.33281996652839024
2026-09-18T18:57:33.515252+00:00,421.7421093919984,226,3,reverse,21,0.38,0.3798828125,0.0,0.46566128730773926,dc,out1,0.0,1,422.96487683099986,423.1082030749985,1.2227674390014727,0.3798828125,0.1502685546875,-0.0091552734375,4464873.0,-0.7096895,0.1760118,0.1415894547272536,-0.9279368257633275,0.34479801870416693,0.8801982,0.0008364422,66636.0,10688.0,29824.0,0.01667108,0.3557644529891007
2026-09-18T18:57:33.515252+00:00,421.7421093919984,226,3,reverse,21,0.38,0.3798828125,0.0,0.46566128730773926,dc,out1,0.0,2,423.1083464739986,423.2524103579999,1.3662370820002252,0.3798828125,0.1502685546875,-0.0091552734375,4465021.0,-0.6964689,0.1651202,0.1673621904251366,-0.9310416607348408,0.3242704476084887,0.9215638,0.0008190997,66654.0,10608.0,30112.0,0.01641318,0.33514865664400334
2026-09-18T18:57:33.515252+00:00,421.7421093919984,226,3,reverse,21,0.38,0.3798828125,0.0,0.46566128730773926,dc,out1,0.0,3,423.2525750659988,423.395439083999,1.510465674000443,0.3798828125,0.1502685546875,-0.0091552734375,4465152.0,-0.7071523,0.1554706,0.14837996274912166,-0.9404121564695086,0.30595483754786085,0.9118542,0.0008290768,66670.0,10896.0,30048.0,0.01634223,0.31454048923016853
2026-09-18T18:57:33.515252+00:00,421.7421093919984,226,3,reverse,21,0.38,0.3798828125,0.0,0.46566128730773926,dc,out1,0.0,4,423.39560920199983,423.5394624109995,1.653499810001449,0.3798828125,0.1502685546875,-0.0091552734375,4465299.0,-0.6939587,0.1715373,0.17126325438443926,-0.9260208592278363,0.33638410481559755,0.9039338,0.0008191049,66688.0,10608.0,29840.0,0.01642635,0.3484364248351671
2026-09-18T18:57:35.341647+00:00,423.5685054259993,227,3,reverse,22,0.36,0.3599853515625,0.0,0.46566128730773926,dc,out1,0.0,0,424.6604068050001,424.804320023999,1.0919013790007739,0.3599853515625,0.147705078125,-0.0091552734375,4466560.0,-0.6848533,0.337612,0.15590827152240125,-0.7648381406570258,0.6250721794058672,0.8897214,0.0008362509,66840.0,8112.0,32064.0,0.01660567,0.6851775225963811
2026-09-18T18:57:35.341647+00:00,423.5685054259993,227,3,reverse,22,0.36,0.3599853515625,0.0,0.46566128730773926,dc,out1,0.0,1,424.80444903499847,424.9472786489987,1.2359436089991505,0.3599853515625,0.147705078125,-0.0091552734375,4466710.0,-0.6944502,0.3352943,0.14172292077382215,-0.7705309503915304,0.6214472368721755,0.89534,0.0008408536,66858.0,8352.0,32128.0,0.01657048,0.6787028376969906
2026-09-18T18:57:35.341647+00:00,423.5685054259993,227,3,reverse,22,0.36,0.3599853515625,0.0,0.46566128730773926,dc,out1,0.0,2,424.94741509399864,425.0903097579994,1.3789096679993236,0.3599853515625,0.147705078125,-0.0091552734375,4466859.0,-0.711078,0.3382211,0.115484108396402,-0.771206277501914,0.6260226020276976,0.8779176,0.0008529918,66876.0,8512.0,32240.0,0.01657138,0.6818614245348774
2026-09-18T18:57:35.341647+00:00,423.5685054259993,227,3,reverse,22,0.36,0.3599853515625,0.0,0.46566128730773926,dc,out1,0.0,3,425.0904559819992,425.23522444099945,1.5219505559998652,0.3599853515625,0.147705078125,-0.0091552734375,4466991.0,-0.6925069,0.3436198,0.14278522999079343,-0.7596983897834393,0.6344058122817964,0.8856244,0.0008413584,66892.0,8272.0,32096.0,0.01657873,0.6957657919200111
2026-09-18T18:57:35.341647+00:00,423.5685054259993,227,3,reverse,22,0.36,0.3599853515625,0.0,0.46566128730773926,dc,out1,0.0,4,425.2353996689999,425.3786224059986,1.66689424300057,0.3599853515625,0.147705078125,-0.0091552734375,4467141.0,-0.7019499,0.3645839,0.12388261079321035,-0.7353672612697751,0.6662492700150959,0.8665544,0.0008525444,66910.0,8144.0,32336.0,0.01658938,0.7361250242770283
2026-09-18T18:57:37.180062+00:00,425.4069207269986,228,3,reverse,23,0.34,0.3399658203125,0.0,0.46566128730773926,dc,out1,0.0,0,426.4876236939999,426.63041240799976,1.0807029670013435,0.3399658203125,0.1470947265625,-0.0091552734375,4468396.0,-0.7045721,0.360603,0.12087431263689684,-0.7412188392183808,0.6602908699446888,0.8908788,0.0008493952,67060.0,8016.0,32656.0,0.01681688,0.7277187894062915
2026-09-18T18:57:37.180062+00:00,425.4069207269986,228,3,reverse,23,0.34,0.3399658203125,0.0,0.46566128730773926,dc,out1,0.0,1,426.63056903100005,426.7761178559995,1.2236483040014718,0.3399658203125,0.1470947265625,-0.0091552734375,4468530.0,-0.6859935,0.3426519,0.1529115370089684,-0.758976421168343,0.6329082508231735,0.9064334,0.0008325036,67076.0,8480.0,32656.0,0.01671873,0.6950709097833845
2026-09-18T18:57:37.180062+00:00,425.4069207269986,228,3,reverse,23,0.34,0.3399658203125,0.0,0.46566128730773926,dc,out1,0.0,2,426.77625324899964,426.91927943799965,1.3693325220010593,0.3399658203125,0.1470947265625,-0.0091552734375,4468681.0,-0.6885686,0.3525043,0.14657175651747748,-0.7473689764072946,0.648040379370988,0.8887674,0.0008379449,67094.0,8240.0,32416.0,0.01671218,0.7143356175111686
2026-09-18T18:57:37.180062+00:00,425.4069207269986,228,3,reverse,23,0.34,0.3399658203125,0.0,0.46566128730773926,dc,out1,0.0,3,426.91942240499884,427.0632674339995,1.5125016780002625,0.3399658203125,0.1470947265625,-0.0091552734375,4468832.0,-0.6960517,0.3655874,0.13231053796783585,-0.7325374143143142,0.66774460549851,0.8770666,0.0008444468,67112.0,7936.0,32240.0,0.0167548,0.7391598870269585
2026-09-18T18:57:37.180062+00:00,425.4069207269986,228,3,reverse,23,0.34,0.3399658203125,0.0,0.46566128730773926,dc,out1,0.0,4,427.0634243079985,427.2064270719984,1.6565035809999245,0.3399658203125,0.1470947265625,-0.0091552734375,4468966.0,-0.696688,0.3537693,0.13412679531065946,-0.7480342807774311,0.6499651664216198,0.9097172,0.000839217,67128.0,8208.0,32656.0,0.01679102,0.7153632840010639
2026-09-18T18:57:39.008363+00:00,427.23521915699894,229,3,reverse,24,0.32,0.3199462890625,0.0,0.46566128730773926,dc,out1,0.0,0,428.3189266729987,428.4615677779984,1.0837075159997767,0.3199462890625,0.146240234375,-0.0091552734375,4470226.0,-0.6774323,0.4248871,0.1414427547720062,-0.6448221649808198,0.7511313617949622,0.9153786,0.0008381466,67278.0,7408.0,33360.0,0.01680545,0.8614067046815002
2026-09-18T18:57:39.008363+00:00,427.23521915699894,229,3,reverse,24,0.32,0.3199462890625,0.0,0.46566128730773926,dc,out1,0.0,1,428.4617034519997,428.60430684699895,1.2264842950007733,0.3199462890625,0.146240234375,-0.0091552734375,4470360.0,-0.7006875,0.4412495,0.10710622719377175,-0.6261282758089116,0.7723287113197823,0.8816288,0.000858002,67294.0,7136.0,33360.0,0.01678655,0.8895638771397013
2026-09-18T18:57:39.008363+00:00,427.23521915699894,229,3,reverse,24,0.32,0.3199462890625,0.0,0.46566128730773926,dc,out1,0.0,2,428.60443592799857,428.74744139499853,1.3692167709996284,0.3199462890625,0.146240234375,-0.0091552734375,4470511.0,-0.6902605,0.4258424,0.12458255515225702,-0.6468280697560469,0.7523912779447948,0.8965118,0.0008456202,67312.0,7568.0,33456.0,0.01682042,0.8606998708934585
2026-09-18T18:57:39.008363+00:00,427.23521915699894,229,3,reverse,24,0.32,0.3199462890625,0.0,0.46566128730773926,dc,out1,0.0,3,428.7476090079999,428.89040082499923,1.5123898510009894,0.3199462890625,0.146240234375,-0.0091552734375,4470646.0,-0.698035,0.439742,0.11083060808284352,-0.6278415393073439,0.7704100063162291,0.8783602,0.0008579474,67328.0,7152.0,33232.0,0.0167811,0.88700897001117
2026-09-18T18:57:39.008363+00:00,427.23521915699894,229,3,reverse,24,0.32,0.3199462890625,0.0,0.46566128730773926,dc,out1,0.0,4,428.8905551839998,429.03330561299845,1.6553360270008852,0.3199462890625,0.146240234375,-0.0091552734375,4470796.0,-0.7016793,0.4326676,0.10805754154119225,-0.6393173110625119,0.7613126450361066,0.8858328,0.0008578144,67346.0,7232.0,33232.0,0.01668902,0.8722792311603397
2026-09-18T18:57:40.838037+00:00,429.0648961409988,230,3,reverse,25,0.3,0.2999267578125,0.0,0.46566128730773926,dc,out1,0.0,0,430.1436154009989,430.28713779200007,1.0787192600000708,0.2999267578125,0.14501953125,-0.0091552734375,4472041.0,-0.6684034,0.5411862,0.10879683203239163,-0.45644762801253447,0.883073503294854,0.8926956,0.0008529062,67494.0,6656.0,33792.0,0.01678735,1.0937319827529552
2026-09-18T18:57:40.838037+00:00,429.0648961409988,230,3,reverse,25,0.3,0.2999267578125,0.0,0.46566128730773926,dc,out1,0.0,1,430.287294836,430.43036156499875,1.222398695001175,0.2999267578125,0.14501953125,-0.0091552734375,4472192.0,-0.681218,0.5366069,0.09873289348554806,-0.46697922308476963,0.8787389947823622,0.8906178,0.000858866,67512.0,6528.0,33936.0,0.0167967,1.082330028176462
2026-09-18T18:57:40.838037+00:00,429.0648961409988,230,3,reverse,25,0.3,0.2999267578125,0.0,0.46566128730773926,dc,out1,0.0,2,430.4305067459991,430.5733594739995,1.3656106050002563,0.2999267578125,0.14501953125,-0.0091552734375,4472343.0,-0.6696202,0.5409099,0.10779767264119477,-0.4571859366357066,0.8828140693915528,0.8916714,0.0008522664,67530.0,6672.0,33856.0,0.0167478,1.092952441008146
2026-09-18T18:57:40.838037+00:00,429.0648961409988,230,3,reverse,25,0.3,0.2999267578125,0.0,0.46566128730773926,dc,out1,0.0,3,430.57352702799835,430.71713406599883,1.5086308869995264,0.2999267578125,0.14501953125,-0.0091552734375,4472477.0,-0.6781445,0.5415144,0.09976073477467244,-0.45791401115097824,0.8833813186777493,0.8934248,0.0008568104,67546.0,6592.0,33968.0,0.01683167,1.0925648441075326
2026-09-18T18:57:40.838037+00:00,429.0648961409988,230,3,reverse,25,0.3,0.2999267578125,0.0,0.46566128730773926,dc,out1,0.0,4,430.7172840969997,430.8614030029985,1.6523879560008936,0.2999267578125,0.14501953125,-0.0091552734375,4472627.0,-0.6636096,0.5532949,0.10797760033958186,-0.43449759424017387,0.8941770956719964,0.8888782,0.000855849,67564.0,6640.0,33904.0,0.01647092,1.1184768819885358
2026-09-18T18:57:42.662824+00:00,430.8896832699993,231,3,reverse,26,0.28,0.2799072265625,0.0,0.46566128730773926,dc,out1,0.0,0,431.97944428999836,432.1232069889993,1.0897610199990595,0.2799072265625,0.144287109375,-0.0091552734375,4473882.0,-0.6305766,0.6372804,0.08895404205996668,-0.27803867636588,0.9564421952454331,0.8824762,0.0008576148,67716.0,6288.0,34128.0,0.01663075,1.2878924321105651
2026-09-18T18:57:42.662824+00:00,430.8896832699993,231,3,reverse,26,0.28,0.2799072265625,0.0,0.46566128730773926,dc,out1,0.0,1,432.1233976849999,432.2672305549986,1.233714415000577,0.2799072265625,0.144287109375,-0.0091552734375,4474031.0,-0.6228009,0.632286,0.09631464302620166,-0.285660787523592,0.9534785807820417,0.887384,0.0008588876,67734.0,6304.0,34048.0,0.01660737,1.2797078880072559
2026-09-18T18:57:42.662824+00:00,430.8896832699993,231,3,reverse,26,0.28,0.2799072265625,0.0,0.46566128730773926,dc,out1,0.0,2,432.2673953929989,432.4113218169987,1.3777121229995828,0.2799072265625,0.144287109375,-0.0091552734375,4474181.0,-0.6398821,0.6233976,0.09135115561923715,-0.30497435515189386,0.9479692025940064,0.8902596,0.0008591084,67752.0,6240.0,34064.0,0.01659327,1.2595399491948203
2026-09-18T18:57:42.662824+00:00,430.8896832699993,231,3,reverse,26,0.28,0.2799072265625,0.0,0.46566128730773926,dc,out1,0.0,3,432.4114547949994,432.55632495399914,1.5217715250000765,0.2799072265625,0.144287109375,-0.0091552734375,4474313.0,-0.6215762,0.6290469,0.09899978505672934,-0.2912662251989074,0.9515056639963321,0.891615,0.000856165,67768.0,6192.0,34064.0,0.01654077,1.273742702723305
2026-09-18T18:57:42.662824+00:00,430.8896832699993,231,3,reverse,26,0.28,0.2799072265625,0.0,0.46566128730773926,dc,out1,0.0,4,432.55653076899944,432.70040377199985,1.6668474990001414,0.2799072265625,0.144287109375,-0.0091552734375,4474462.0,-0.6443299,0.6323891,0.08387445280597283,-0.2893530165455002,0.9535407217222126,0.890027,0.0008591136,67786.0,6272.0,34096.0,0.01654545,1.2761763663404981
2026-09-18T18:57:44.509171+00:00,432.7360284030001,232,3,reverse,27,0.26,0.2598876953125,0.0,0.46566128730773926,dc,out1,0.0,0,433.82399097099915,433.9674772399994,1.0879625679990568,0.2598876953125,0.1441650390625,-0.009033203125,4475730.0,-0.5860617,0.6658553,0.09193035095516217,-0.21824275137303153,0.9715548939953881,0.8887754,0.0008563048,67936.0,6144.0,34128.0,0.01692177,1.349831756031892
2026-09-18T18:57:44.509171+00:00,432.7360284030001,232,3,reverse,27,0.26,0.2598876953125,0.0,0.46566128730773926,dc,out1,0.0,1,433.96768860499833,434.11129293499835,1.2316602019982383,0.2598876953125,0.1441650390625,-0.009033203125,4475865.0,-0.5911112,0.6714965,0.0855630826704715,-0.20900198115812996,0.9741648375690342,0.887754,0.0008621326,67952.0,6144.0,34112.0,0.0169946,1.359455314234959
2026-09-18T18:57:44.509171+00:00,432.7360284030001,232,3,reverse,27,0.26,0.2598876953125,0.0,0.46566128730773926,dc,out1,0.0,2,434.1114262439987,434.25438665,1.3753978409986303,0.2598876953125,0.1441650390625,-0.009033203125,4476018.0,-0.5737764,0.6752116,0.08978080645878962,-0.199305370116008,0.9758159540787035,0.895063,0.0008528408,67970.0,6144.0,34128.0,0.01688685,1.3693225450087703
2026-09-18T18:57:44.509171+00:00,432.7360284030001,232,3,reverse,27,0.26,0.2598876953125,0.0,0.46566128730773926,dc,out1,0.0,3,434.25457893899875,434.39852040799997,1.5185505359986564,0.2598876953125,0.1441650390625,-0.009033203125,4476153.0,-0.5972532,0.6672712,0.08601144779726655,-0.21768595325408358,0.9722216087928096,0.8902324,0.000855031,67986.0,6144.0,34128.0,0.01683478,1.3505237051986203
2026-09-18T18:57:44.509171+00:00,432.7360284030001,232,3,reverse,27,0.26,0.2598876953125,0.0,0.46566128730773926,dc,out1,0.0,4,434.3987398680001,434.543275267999,1.6627114650000294,0.2598876953125,0.1441650390625,-0.009033203125,4476304.0,-0.5890911,0.6569771,0.09719219171538959,-0.23469910096635713,0.9671969860763332,0.8909182,0.000851337,68004.0,6160.0,34128.0,0.01676052,1.3327386380575157
2026-09-18T18:57:46.344763+00:00,434.57162120700013,233,3,reverse,28,0.24,0.239990234375,0.0,0.46566128730773926,dc,out1,0.0,0,435.6638202589984,435.80776701600007,1.09219905199825,0.239990234375,0.1441650390625,-0.009033203125,4477567.0,-0.006586144,0.7496182,0.07149266537756635,-0.0009417764478212923,0.9974406808699622,0.8864802,0.0008589022,68156.0,6080.0,34096.0,0.01659302,1.569852134136607
2026-09-18T18:57:46.344763+00:00,434.57162120700013,233,3,reverse,28,0.24,0.239990234375,0.0,0.46566128730773926,dc,out1,0.0,1,435.8079611489993,435.95137190399873,1.2363399419991765,0.239990234375,0.1441650390625,-0.009033203125,4477716.0,0.05580544,0.7504629,0.06937930766086133,0.00777580011177069,0.9975600476167444,0.8908418,0.0008532484,68174.0,6064.0,34064.0,0.01657733,1.578590988030857
2026-09-18T18:57:46.344763+00:00,434.57162120700013,233,3,reverse,28,0.24,0.239990234375,0.0,0.46566128730773926,dc,out1,0.0,2,435.95152381799926,436.09519818699846,1.3799026109991246,0.239990234375,0.1441650390625,-0.009033203125,4477849.0,0.09711162,0.7509729,0.06750263014882288,0.013277960961795874,0.9976307386381438,0.8854198,0.0008572562,68190.0,6080.0,34064.0,0.0165898,1.584105035618553
2026-09-18T18:57:46.344763+00:00,434.57162120700013,233,3,reverse,28,0.24,0.239990234375,0.0,0.46566128730773926,dc,out1,0.0,3,436.0953387589998,436.23946470199917,1.5237175519996526,0.239990234375,0.1441650390625,-0.009033203125,4477998.0,-0.1200265,0.7495998,0.06948431817290848,-0.01700787649441092,0.997438049036228,0.8861486,0.0008538964,68208.0,6080.0,34064.0,0.01658243,1.5537464173604152
2026-09-18T18:57:46.344763+00:00,434.57162120700013,233,3,reverse,28,0.24,0.239990234375,0.0,0.46566128730773926,dc,out1,0.0,4,436.2396601069995,436.3823125129984,1.6680388999993738,0.239990234375,0.1441650390625,-0.009033203125,4478148.0,-0.2106056,0.745749,0.07229138856497977,-0.03238842738047165,0.9968575349121694,0.88388,0.0008566752,68226.0,6080.0,34112.0,0.0165894,1.538317224535714
2026-09-18T18:57:48.184190+00:00,436.4110484599987,234,3,reverse,29,0.22,0.219970703125,0.0,0.46566128730773926,dc,out1,0.0,0,437.4932449579992,437.63640329899863,1.082196498000485,0.219970703125,0.14453125,-0.009033203125,4479391.0,0.6417972,0.6939851,0.05150110344035705,0.17436245534906836,0.9833338042135386,0.8832186,0.0008583568,68376.0,6096.0,33936.0,0.01659292,1.7462899017060134
2026-09-18T18:57:48.184190+00:00,436.4110484599987,234,3,reverse,29,0.22,0.219970703125,0.0,0.46566128730773926,dc,out1,0.0,1,437.6365856599987,437.77939625,1.2255371999999625,0.219970703125,0.14453125,-0.009033203125,4479540.0,0.6425759,0.688799,0.05410060877499955,0.18421895309472744,0.9813951810819417,0.8826828,0.0008562098,68394.0,6096.0,33984.0,0.01657353,1.7563483807804716
2026-09-18T18:57:48.184190+00:00,436.4110484599987,234,3,reverse,29,0.22,0.219970703125,0.0,0.46566128730773926,dc,out1,0.0,2,437.7795684419998,437.9233301209988,1.3685199820010894,0.219970703125,0.14453125,-0.009033203125,4479690.0,0.6333727,0.6859615,0.05914854174523516,0.18850298500247387,0.9802897911610471,0.889509,0.0008495484,68412.0,6096.0,33888.0,0.01658058,1.7607705645794665
2026-09-18T18:57:48.184190+00:00,436.4110484599987,234,3,reverse,29,0.22,0.219970703125,0.0,0.46566128730773926,dc,out1,0.0,3,437.9235253759998,438.06716211099956,1.5124769160011056,0.219970703125,0.14453125,-0.009033203125,4479822.0,0.652932,0.684175,0.05264799477171254,0.19405113877968644,0.9795776356087478,0.8843458,0.0008564016,68428.0,6096.0,33920.0,0.01655072,1.7663611634731158
2026-09-18T18:57:48.184190+00:00,436.4110484599987,234,3,reverse,29,0.22,0.219970703125,0.0,0.46566128730773926,dc,out1,0.0,4,438.06731101999867,438.2113168549986,1.6562625599999592,0.219970703125,0.14453125,-0.009033203125,4479971.0,0.6593664,0.676652,0.05381656375606931,0.20896296992714544,0.9764416289081063,0.8872854,0.0008530962,68446.0,6128.0,33904.0,0.01655185,1.781620842197571
2026-09-18T18:57:50.014846+00:00,438.2417030779998,235,3,reverse,30,0.2,0.199951171875,0.0,0.46566128730773926,dc,out1,0.0,0,439.3353978790001,439.4785592729986,1.0936948010003107,0.199951171875,0.145751953125,-0.009033203125,4481240.0,0.7225412,0.5966966,0.04620460944231403,0.3655994846823576,0.929624736582605,0.8853896,0.000846548,68596.0,6320.0,33728.0,0.01679255,1.9454931066452266
2026-09-18T18:57:50.014846+00:00,438.2417030779998,235,3,reverse,30,0.2,0.199951171875,0.0,0.46566128730773926,dc,out1,0.0,1,439.47878544599916,439.6221653579996,1.2370823679993919,0.199951171875,0.145751953125,-0.009033203125,4481391.0,0.7294809,0.5953859,0.041397842818557726,0.36862597671695585,0.9286555378069095,0.8855876,0.0008500094,68614.0,6272.0,33568.0,0.0167464,1.9486670601817841
2026-09-18T18:57:50.014846+00:00,438.2417030779998,235,3,reverse,30,0.2,0.199951171875,0.0,0.46566128730773926,dc,out1,0.0,2,439.62236574300005,439.7664240839986,1.3806626650002727,0.199951171875,0.145751953125,-0.009033203125,4481524.0,0.7431941,0.5886299,0.03232846623599175,0.3820917931741554,0.9235587322199854,0.8752154,0.0008560498,68630.0,6288.0,33584.0,0.01648097,1.9630713484415472
2026-09-18T18:57:50.014846+00:00,438.2417030779998,235,3,reverse,30,0.2,0.199951171875,0.0,0.46566128730773926,dc,out1,0.0,3,439.76659657599885,439.9104250769997,1.5248934979990736,0.199951171875,0.145751953125,-0.009033203125,4481671.0,0.7309851,0.5905098,0.04127038381615304,0.37773403130832073,0.9249939226888099,0.881066,0.0008510052,68648.0,6320.0,33664.0,0.01635953,1.9584920158263448
2026-09-18T18:57:50.014846+00:00,438.2417030779998,235,3,reverse,30,0.2,0.199951171875,0.0,0.46566128730773926,dc,out1,0.0,4,439.91058795199933,440.0544837789985,1.6688848739995592,0.199951171875,0.145751953125,-0.009033203125,4481818.0,0.7217683,0.5948455,0.04720617923379214,0.36893893742789313,0.9282540800296675,0.8901984,0.0008433522,68666.0,6272.0,33616.0,0.01627548,1.9491065469464623
2026-09-18T18:57:51.855690+00:00,440.0825487509992,236,3,reverse,31,0.18,0.179931640625,0.0,0.46566128730773926,dc,out1,0.0,0,441.16542302999915,441.3087138430001,1.0828742789999524,0.179931640625,0.146728515625,-0.009033203125,4483073.0,0.7670066,0.5087748,0.019323423528269833,0.5250969553506172,0.8508230090827699,0.8696708,0.0008510434,68818.0,6720.0,33168.0,0.0165743,2.1237405907527838
2026-09-18T18:57:51.855690+00:00,440.0825487509992,236,3,reverse,31,0.18,0.179931640625,0.0,0.46566128730773926,dc,out1,0.0,1,441.3088744339984,441.45212447999984,1.2263256829992315,0.179931640625,0.146728515625,-0.009033203125,4483206.0,0.7709725,0.4944029,0.015857023724719036,0.5494590873653973,0.8353701371908014,0.8867868,0.0008483302,68834.0,6656.0,33168.0,0.01660495,2.1525957269812666
2026-09-18T18:57:51.855690+00:00,440.0825487509992,236,3,reverse,31,0.18,0.179931640625,0.0,0.46566128730773926,dc,out1,0.0,2,441.45225439299975,441.5951799529994,1.3697056420005538,0.179931640625,0.146728515625,-0.009033203125,4483355.0,0.7768276,0.499682,0.009270108000629903,0.5407579201096405,0.8411271823787126,0.86452,0.0008581798,68852.0,6640.0,33216.0,0.01656713,2.142161821486481
2026-09-18T18:57:51.855690+00:00,440.0825487509992,236,3,reverse,31,0.18,0.179931640625,0.0,0.46566128730773926,dc,out1,0.0,3,441.5953513539989,441.7385078059997,1.5128026029997272,0.179931640625,0.146728515625,-0.009033203125,4483504.0,0.747679,0.5045288,0.040144766752442974,0.5311435938688022,0.8463302431052105,0.8880488,0.00083364,68870.0,6720.0,32912.0,0.01653985,2.1312518746064693
2026-09-18T18:57:51.855690+00:00,440.0825487509992,236,3,reverse,31,0.18,0.179931640625,0.0,0.46566128730773926,dc,out1,0.0,4,441.7387306119999,441.88214528699973,1.6561818610007322,0.179931640625,0.146728515625,-0.009033203125,4483637.0,0.7561717,0.4993348,0.031629641887884696,0.5404966345077665,0.8407514221455841,0.8879776,0.0008423214,68886.0,6544.0,33168.0,0.01655133,2.1421452333743645
2026-09-18T18:57:53.684303+00:00,441.9111605049984,237,3,reverse,32,0.16,0.159912109375,0.0,0.46566128730773926,dc,out1,0.0,0,443.0012221859997,443.1445376539996,1.0900616810013162,0.159912109375,0.148193359375,-0.009033203125,4484910.0,0.7839906,0.4155378,0.001897622810842275,0.674078979828342,0.7386568404755008,0.8757862,0.0008456592,69040.0,7360.0,32496.0,0.01654948,2.310515080614486
2026-09-18T18:57:53.684303+00:00,441.9111605049984,237,3,reverse,32,0.16,0.159912109375,0.0,0.46566128730773926,dc,out1,0.0,1,443.1447391009988,443.2872553829984,1.2335785960003705,0.159912109375,0.148193359375,-0.009033203125,4485042.0,0.7586967,0.3995004,0.037226736877334424,0.696428898986112,0.716659583567022,0.8931226,0.0008216378,69056.0,7440.0,32240.0,0.01653138,2.3418788243314808
2026-09-18T18:57:53.684303+00:00,441.9111605049984,237,3,reverse,32,0.16,0.159912109375,0.0,0.46566128730773926,dc,out1,0.0,2,443.2873911070001,443.4305400919984,1.3762306020016695,0.159912109375,0.148193359375,-0.009033203125,4485191.0,0.7904543,0.3910429,-0.007173980330956619,0.7094088194936876,0.7047607117531336,0.8846608,0.0008475324,69074.0,7440.0,32192.0,0.0166457,2.3594812891934054
2026-09-18T18:57:53.684303+00:00,441.9111605049984,237,3,reverse,32,0.16,0.159912109375,0.0,0.46566128730773926,dc,out1,0.0,3,443.43074099799924,443.57341062699925,1.5195804930008308,0.159912109375,0.148193359375,-0.009033203125,4485341.0,0.792086,0.3938664,-0.009435641050673746,0.7053909132947042,0.7087556900083597,0.8650612,0.0008476418,69092.0,7312.0,32000.0,0.0166885,2.353815125594616
2026-09-18T18:57:53.684303+00:00,441.9111605049984,237,3,reverse,32,0.16,0.159912109375,0.0,0.46566128730773926,dc,out1,0.0,4,443.57356050699855,443.7173743149997,1.6624000020001404,0.159912109375,0.148193359375,-0.009033203125,4485475.0,0.7820824,0.3880833,0.004732251081304324,0.7135885682375763,0.7005490425946991,0.8882556,0.0008368021,69108.0,7472.0,31872.0,0.01668697,2.3654150610939366
2026-09-18T18:57:55.519456+00:00,443.7463048849986,238,3,reverse,33,0.14,0.139892578125,0.0,0.46566128730773926,dc,out1,0.0,0,444.83232306599893,444.9781718689992,1.0860181810003269,0.139892578125,0.1502685546875,-0.0091552734375,4486746.0,0.8013094,0.3181905,-0.025588960421178288,0.8038445645196066,0.5942887523728237,0.8636238,0.0008476298,69260.0,8240.0,31216.0,0.01672922,2.50496958804516
2026-09-18T18:57:55.519456+00:00,443.7463048849986,238,3,reverse,33,0.14,0.139892578125,0.0,0.46566128730773926,dc,out1,0.0,1,444.9783699189993,445.1221440720001,1.2320650340006978,0.139892578125,0.1502685546875,-0.0091552734375,4486880.0,0.7808202,0.3083061,0.007469687214922835,0.8158080171066068,0.5782745740541404,0.9009822,0.0008227424,69276.0,8448.0,31120.0,0.01673188,2.5249606782488287
2026-09-18T18:57:55.519456+00:00,443.7463048849986,238,3,reverse,33,0.14,0.139892578125,0.0,0.46566128730773926,dc,out1,0.0,2,445.12230401099987,445.26535844799946,1.3759991260012612,0.139892578125,0.1502685546875,-0.0091552734375,4487031.0,0.7891222,0.3313297,-0.005871700636963073,0.7883370503618193,0.6152155867323718,0.8911536,0.0008349059,69294.0,8064.0,31760.0,0.01672502,2.4789198007283075
2026-09-18T18:57:55.519456+00:00,443.7463048849986,238,3,reverse,33,0.14,0.139892578125,0.0,0.46566128730773926,dc,out1,0.0,3,445.2655036689994,445.41033148099996,1.5191987840007641,0.139892578125,0.1502685546875,-0.0091552734375,4487164.0,0.7716969,0.3503126,0.02094494617529783,0.7641522827508184,0.6446957406377268,0.8907548,0.0008216518,69310.0,8112.0,31424.0,0.01674313,2.4407823916432205
2026-09-18T18:57:55.519456+00:00,443.7463048849986,238,3,reverse,33,0.14,0.139892578125,0.0,0.46566128730773926,dc,out1,0.0,4,445.41050343299867,445.5551342660001,1.6641985480000585,0.139892578125,0.1502685546875,-0.0091552734375,4487315.0,0.7792437,0.3679254,0.009123884056636434,0.7412037961086652,0.6712180624609452,0.889391,0.0008317149,69328.0,7568.0,31600.0,0.01675367,2.4057041608985994
2026-09-18T18:57:57.356693+00:00,445.5835493609993,239,3,reverse,34,0.12,0.1199951171875,0.0,0.46566128730773926,dc,out1,0.0,0,446.6712047359997,446.81520600099975,1.087655375000395,0.1199951171875,0.1513671875,-0.0091552734375,4488571.0,0.7853202,0.2662632,0.0001343351649444203,0.8615271284503879,0.5077115213367649,0.9031776,0.0008198336,69478.0,8880.0,30480.0,0.01676175,2.609066248272416
2026-09-18T18:57:57.356693+00:00,445.5835493609993,239,3,reverse,34,0.12,0.1199951171875,0.0,0.46566128730773926,dc,out1,0.0,1,446.81534564199865,446.9592797109999,1.2317962809993332,0.1199951171875,0.1513671875,-0.0091552734375,4488723.0,0.7897868,0.2598406,-0.007618378191406021,0.8679441064551532,0.49660345184412313,0.8902382,0.0008234885,69496.0,8848.0,30208.0,0.01706142,2.6218948494158347
2026-09-18T18:57:57.356693+00:00,445.5835493609993,239,3,reverse,34,0.12,0.1199951171875,0.0,0.46566128730773926,dc,out1,0.0,2,446.9594522139996,447.1042585539999,1.375902853000298,0.1199951171875,0.1513671875,-0.0091552734375,4488861.0,0.7753927,0.2515445,0.017530351551798554,0.8759220267043282,0.4821340995082724,0.869956,0.0008155094,69512.0,9040.0,29840.0,0.01728467,2.638419071790959
2026-09-18T18:57:57.356693+00:00,445.5835493609993,239,3,reverse,34,0.12,0.1199951171875,0.0,0.46566128730773926,dc,out1,0.0,3,447.10445271699973,447.2483340279996,1.5209033560004173,0.1199951171875,0.1513671875,-0.0091552734375,4489017.0,0.7743221,0.2626068,0.01916482614299775,0.8650045832755814,0.5013978264324114,0.8945328,0.0008139237,69530.0,8896.0,30160.0,0.01723103,2.6162725975526424
2026-09-18T18:57:57.356693+00:00,445.5835493609993,239,3,reverse,34,0.12,0.1199951171875,0.0,0.46566128730773926,dc,out1,0.0,4,447.24854165599936,447.39413277199856,1.6649922950000473,0.1199951171875,0.1513671875,-0.0091552734375,4489153.0,0.7839929,0.2713614,0.002406666705054196,0.856302232242945,0.5164694521567759,0.845713,0.0008270514,69546.0,9040.0,30000.0,0.01707728,2.598868106883572
2026-09-18T18:57:59.195574+00:00,447.42243185000007,240,3,reverse,35,0.1,0.0999755859375,0.0,0.46566128730773926,dc,out1,0.0,0,448.5043810669995,448.6483249209996,1.0819492169994191,0.0999755859375,0.15380859375,-0.0091552734375,4490415.0,0.7897656,0.1194794,-0.008486563377237927,0.971547879506301,0.23669114066406083,0.874106,0.0008104923,69696.0,11264.0,27792.0,0.01675773,2.9026250803727787
2026-09-18T18:57:59.195574+00:00,447.42243185000007,240,3,reverse,35,0.1,0.0999755859375,0.0,0.46566128730773926,dc,out1,0.0,1,448.6485435699997,448.79237347199887,1.2261117199996079,0.0999755859375,0.15380859375,-0.0091552734375,4490549.0,0.7872172,0.1206913,-0.0035325918453411277,0.9710019729881659,0.23904537068921292,0.860113,0.0008096794,69712.0,11216.0,27152.0,0.01677403,2.9002085174935517
2026-09-18T18:57:59.195574+00:00,447.42243185000007,240,3,reverse,35,0.1,0.0999755859375,0.0,0.46566128730773926,dc,out1,0.0,2,448.7925148869999,448.93525645299997,1.3700830369998585,0.0999755859375,0.15380859375,-0.0091552734375,4490700.0,0.7845287,0.09547536,0.00170731961734532,0.9818227549620746,0.1897924205504693,0.8774962,0.0008047877,69730.0,11504.0,27392.0,0.01674247,2.9506416518515897
2026-09-18T18:57:59.195574+00:00,447.42243185000007,240,3,reverse,35,0.1,0.0999755859375,0.0,0.46566128730773926,dc,out1,0.0,3,448.93540744599886,449.0792344019992,1.512975595998796,0.0999755859375,0.15380859375,-0.0091552734375,4490834.0,0.7991809,0.1130116,-0.026860952019734482,0.974195073533471,0.2241036544987799,0.8936178,0.000815432,69746.0,11152.0,28160.0,0.01677592,2.9154864513085395
2026-09-18T18:57:59.195574+00:00,447.42243185000007,240,3,reverse,35,0.1,0.0999755859375,0.0,0.46566128730773926,dc,out1,0.0,4,449.079378340999,449.22239482199984,1.656946490998962,0.0999755859375,0.15380859375,-0.0091552734375,4490985.0,0.7951442,0.1039275,-0.01907131441973615,0.9782899352813708,0.20636154557832467,0.8504872,0.000812848,69764.0,11520.0,27712.0,0.01675308,2.9336992890333633
2026-09-18T18:58:01.024068+00:00,449.25092664399926,241,3,reverse,36,0.08,0.0799560546875,0.0,0.46566128730773926,dc,out1,0.0,0,450.33622314199965,450.48030952099907,1.085296498000389,0.0799560546875,0.1558837890625,-0.009033203125,4492235.0,0.7978562,0.04629999,-0.024806757985695687,0.9954066250902814,0.09246769968272685,0.8580122,0.0008105296,69912.0,12624.0,26272.0,0.01678598,3.048964086772697
2026-09-18T18:58:01.024068+00:00,449.25092664399926,241,3,reverse,36,0.08,0.0799560546875,0.0,0.46566128730773926,dc,out1,0.0,1,450.48051408299943,450.6232397579988,1.22958743900017,0.0799560546875,0.1558837890625,-0.009033203125,4492386.0,0.795672,0.05382316,-0.020427300179079573,0.9940018534182641,0.10743854433325875,0.8691476,0.0008060554,69930.0,12112.0,26320.0,0.01672598,3.033923780312985
2026-09-18T18:58:01.024068+00:00,449.25092664399926,241,3,reverse,36,0.08,0.0799560546875,0.0,0.46566128730773926,dc,out1,0.0,2,450.6233753109991,450.76646911399985,1.3724486669998441,0.0799560546875,0.1558837890625,-0.009033203125,4492536.0,0.786633,0.06196289,-0.002450730846372864,0.9923279965694746,0.12360882307801312,0.8375915,0.0008009075,69948.0,12464.0,25856.0,0.0166956,3.017666499517013
2026-09-18T18:58:01.024068+00:00,449.25092664399926,241,3,reverse,36,0.08,0.0799560546875,0.0,0.46566128730773926,dc,out1,0.0,3,450.76667303499926,450.9103222169997,1.5157463909999933,0.0799560546875,0.1558837890625,-0.009033203125,4492669.0,0.7953813,0.06337431,-0.01980479065937323,0.9917804212020032,0.1264095185787673,0.8528168,0.0008091743,69964.0,12144.0,26320.0,0.01650207,3.014819034933603
2026-09-18T18:58:01.024068+00:00,449.25092664399926,241,3,reverse,36,0.08,0.0799560546875,0.0,0.46566128730773926,dc,out1,0.0,4,450.91050375599843,451.05334463599866,1.6595771119991696,0.0799560546875,0.1558837890625,-0.009033203125,4492816.0,0.7853088,0.05454255,0.00017766446299279895,0.9940561022419452,0.10886888458549618,0.8342611,0.000802943,69982.0,11520.0,25824.0,0.01621792,3.0325075518613147
2026-09-18T18:58:02.857410+00:00,451.0842674589985,242,3,reverse,37,0.06,0.0599365234375,0.0,0.46566128730773926,dc,out1,0.0,0,452.16813966599875,452.3111140129986,1.0838722070002405,0.0599365234375,0.15576171875,-0.0091552734375,4494070.0,0.7910612,0.03954895,-0.01129041961849102,0.9968094530043905,0.07901544675521442,0.830204,0.0008046663,70134.0,11904.0,25216.0,0.01660357,3.0624897011194068
2026-09-18T18:58:02.857410+00:00,451.0842674589985,242,3,reverse,37,0.06,0.0599365234375,0.0,0.46566128730773926,dc,out1,0.0,1,452.3112662979984,452.45511985899975,1.2269988389998616,0.0599365234375,0.15576171875,-0.0091552734375,4494219.0,0.7847322,0.0380574,0.0013280700304204311,0.9971037824030646,0.07604132657638461,0.8889922,0.0007970185,70152.0,12528.0,25840.0,0.01658427,3.0654777863352747
2026-09-18T18:58:02.857410+00:00,451.0842674589985,242,3,reverse,37,0.06,0.0599365234375,0.0,0.46566128730773926,dc,out1,0.0,2,452.45524464199843,452.5983742089993,1.3709771829999227,0.0599365234375,0.15576171875,-0.0091552734375,4494368.0,0.779222,0.02615225,0.012335120453736801,0.9985562467727447,0.052280654495914666,0.8557158,0.0007917957,70170.0,12448.0,25472.0,0.01655283,3.0892841703013842
2026-09-18T18:58:02.857410+00:00,451.0842674589985,242,3,reverse,37,0.06,0.0599365234375,0.0,0.46566128730773926,dc,out1,0.0,3,452.59851922099915,452.7415634879999,1.5142517620006402,0.0599365234375,0.15576171875,-0.0091552734375,4494501.0,0.7956317,0.04100016,-0.020396876801358727,0.9964311177356899,0.0819084551481331,0.8483598,0.0008117983,70186.0,12112.0,25648.0,0.01655972,3.0595752325044265
2026-09-18T18:58:02.857410+00:00,451.0842674589985,242,3,reverse,37,0.06,0.0599365234375,0.0,0.46566128730773926,dc,out1,0.0,4,452.7417384349992,452.88489087499875,1.6574709760006954,0.0599365234375,0.15576171875,-0.0091552734375,4494650.0,0.7966092,0.03880257,-0.02235271489061718,0.9967396245152115,0.07752726654728591,0.8550294,0.0008110763,70204.0,12464.0,25840.0,0.01658977,3.0639680798116644
2026-09-18T18:58:04.692848+00:00,452.91970490399945,243,3,reverse,38,0.04,0.0399169921875,0.0,0.46566128730773926,dc,out1,0.0,0,454.00513553699966,454.14833279899904,1.0854306330002146,0.0399169921875,0.158447265625,-0.0091552734375,4495909.0,0.7871699,-0.07540533,-0.003503246069377528,0.9886434027019099,-0.15023964044474686,0.906506,0.0007871848,70356.0,11152.0,26592.0,0.01656833,-2.9907810610712944
2026-09-18T18:58:04.692848+00:00,452.91970490399945,243,3,reverse,38,0.04,0.0399169921875,0.0,0.46566128730773926,dc,out1,0.0,1,454.14849225799844,454.292166801999,1.228787353998996,0.0399169921875,0.158447265625,-0.0091552734375,4496058.0,0.7844094,-0.09253922,0.0019437529671670868,0.9829198969278208,-0.1840236344815654,0.8440184,0.0007861773,70374.0,11648.0,26800.0,0.01653245,-2.9565138599118175
2026-09-18T18:58:04.692848+00:00,452.91970490399945,243,3,reverse,38,0.04,0.0399169921875,0.0,0.46566128730773926,dc,out1,0.0,2,454.29232447699906,454.4363362309996,1.3726195729996107,0.0399169921875,0.158447265625,-0.0091552734375,4496207.0,0.7743236,-0.08374392,0.021837401130940914,0.9857648200365173,-0.16670587119300573,0.8879918,0.000775784,70392.0,11008.0,26128.0,0.0165633,-2.9740644862297696
2026-09-18T18:58:04.692848+00:00,452.91970490399945,243,3,reverse,38,0.04,0.0399169921875,0.0,0.46566128730773926,dc,out1,0.0,3,454.4365378179991,454.57938356199884,1.5168329139996786,0.0399169921875,0.158447265625,-0.0091552734375,4496339.0,0.7979599,-0.07301256,-0.024853475977535913,0.9890450446557969,-0.14550671590564723,0.8563052,0.0008003139,70408.0,11728.0,26064.0,0.01661132,-2.995522089555853
2026-09-18T18:58:04.692848+00:00,452.91970490399945,243,3,reverse,38,0.04,0.0399169921875,0.0,0.46566128730773926,dc,out1,0.0,4,454.5795730359987,454.7233441899989,1.6598681319992465,0.0399169921875,0.158447265625,-0.0091552734375,4496489.0,0.8034597,-0.05398377,-0.035904924734059075,0.9935285962066513,-0.10775789947601187,0.8333646,0.000806974,70426.0,12288.0,26192.0,0.0165594,-3.0335551801031415
2026-09-18T18:58:06.531372+00:00,454.7582314249994,244,3,reverse,39,0.02,0.0198974609375,0.0,0.46566128730773926,dc,out1,0.0,0,455.8368652809986,455.9794686309997,1.0786338559992146,0.0198974609375,0.1600341796875,-0.0091552734375,4497735.0,0.7848864,-0.1667549,0.0009671294732857175,0.944898697702826,-0.32736144510324583,0.872638,0.0007832017,70576.0,9824.0,27328.0,0.01670728,-2.80808269156495
2026-09-18T18:58:06.531372+00:00,454.7582314249994,244,3,reverse,39,0.02,0.0198974609375,0.0,0.46566128730773926,dc,out1,0.0,1,455.97962549399927,456.1236120099984,1.2213940689998708,0.0198974609375,0.1600341796875,-0.0091552734375,4497885.0,0.7816425,-0.1739373,0.0070613273042366,0.9400728654802649,-0.3409004917045824,0.8746744,0.000779809,70594.0,9648.0,27344.0,0.01669848,-2.793709012651583
2026-09-18T18:58:06.531372+00:00,454.7582314249994,244,3,reverse,39,0.02,0.0198974609375,0.0,0.46566128730773926,dc,out1,0.0,2,456.1237916559985,456.26661179999974,1.3655602309991082,0.0198974609375,0.1600341796875,-0.0091552734375,4498036.0,0.793617,-0.1853568,-0.015320356663140262,0.9319431411301666,-0.36228064863052306,0.855532,0.0007888386,70612.0,9680.0,27696.0,0.0167481,-2.770833430456181
2026-09-18T18:58:06.531372+00:00,454.7582314249994,244,3,reverse,39,0.02,0.0198974609375,0.0,0.46566128730773926,dc,out1,0.0,3,456.26682121199883,456.4112538399986,1.508589786999437,0.0198974609375,0.1600341796875,-0.0091552734375,4498170.0,0.769603,-0.2007859,0.029072409786562378,0.9199885270834711,-0.3908655843432467,0.86599,0.0007691789,70628.0,9088.0,27312.0,0.0168018,-2.7398412759248973
2026-09-18T18:58:06.531372+00:00,454.7582314249994,244,3,reverse,39,0.02,0.0198974609375,0.0,0.46566128730773926,dc,out1,0.0,4,456.41140421099954,456.55535089099976,1.653172786000141,0.0198974609375,0.1600341796875,-0.0091552734375,4498322.0,0.7944697,-0.1873408,-0.016883456619707547,0.9304710328207121,-0.365976236898146,0.8434946,0.0007882828,70646.0,9776.0,27440.0,0.01686642,-2.7668549915453666
2026-09-18T18:58:08.356230+00:00,456.5830876349992,245,3,reverse,40,0.0,0.0,0.0,0.46566128730773926,dc,out1,0.0,0,457.6819159939987,457.82552093399863,1.0988283589995262,0.0,0.161865234375,-0.0091552734375,4499581.0,0.7753667,-0.2873484,0.016838831429552975,0.8391882307656277,-0.5435803225840159,0.8374362,0.0007732878,70794.0,8640.0,28560.0,0.01679758,-2.56680401692189
2026-09-18T18:58:08.356230+00:00,456.5830876349992,245,3,reverse,40,0.0,0.0,0.0,0.46566128730773926,dc,out1,0.0,1,457.8257337619998,457.96831355499853,1.2426461270006257,0.0,0.161865234375,-0.0091552734375,4499732.0,0.7687885,-0.2518347,0.02908871550290694,0.8753342554607995,-0.48264250522232177,0.8567538,0.0007660829,70812.0,9168.0,28368.0,0.01679365,-2.6376899428643297
2026-09-18T18:58:08.356230+00:00,456.5830876349992,245,3,reverse,40,0.0,0.0,0.0,0.46566128730773926,dc,out1,0.0,2,457.96847868299847,458.1113735250001,1.385391047999292,0.0,0.161865234375,-0.0091552734375,4499883.0,0.7776516,-0.2408161,0.013730079784645449,0.8861336625714704,-0.4632263129041556,0.8489038,0.0007757478,70830.0,9296.0,28256.0,0.0167526,-2.659911178776408
2026-09-18T18:58:08.356230+00:00,456.5830876349992,245,3,reverse,40,0.0,0.0,0.0,0.46566128730773926,dc,out1,0.0,3,458.1115492439985,458.25522458499836,1.5284616089993506,0.0,0.161865234375,-0.0091552734375,4500017.0,0.7852699,-0.2290486,0.00023007775605991395,0.8968955898183704,-0.44224229561246586,0.8674906,0.0007799096,70846.0,8688.0,27792.0,0.01675588,-2.6834954405389775
2026-09-18T18:58:08.356230+00:00,456.5830876349992,245,3,reverse,40,0.0,0.0,0.0,0.46566128730773926,dc,out1,0.0,4,458.25541675399836,458.39827186,1.672329118999187,0.0,0.161865234375,-0.0091552734375,4500168.0,0.7874206,-0.2085076,-0.0036982253928278374,0.9142944751029964,-0.40503325286336694,0.8453392,0.0007814667,70864.0,9360.0,27712.0,0.01675163,-2.724574424148542
