sweep_axis,bias_axis,bias_rp_v,sweep_rp_v,rp_out1_v,rp_out2_v,pax_timestamp,theta,eta,s1,s2,s3,dop,pax_ptotal,u,v
phi1,phi2,0.0,0.0,0.0,0.0,3460714.0,-0.4024449,-0.3986421,0.4842992764818342,-0.5035566439381447,-0.715461331690906,0.9613612,0.0009060512,-2.1840820582788876,1.0652342530347
phi1,phi2,0.0,0.005,0.005,0.0,3461148.0,-0.400536,-0.3830315,0.501524283081009,-0.5174975732207598,-0.6933034365923079,0.962563,0.0008929818,-2.212004168677505,1.045436564589482
phi1,phi2,0.0,0.01,0.01,0.0,3461599.0,-0.3875395,-0.3904766,0.5073731686790929,-0.49700842302122883,-0.7039567423858429,0.962519,0.0008879752,-2.1855519812336532,1.0386626172918587
phi1,phi2,0.0,0.015,0.015,0.0,3462034.0,-0.3661702,-0.3935493,0.5249179488246091,-0.4719753316404037,-0.7083081485657892,0.9645022,0.0008722512,-2.1585739937861654,1.018177616613546
phi1,phi2,0.0,0.02,0.02,0.0,3462485.0,-0.376476,-0.4205645,0.4864161786903165,-0.4558330726106668,-0.7453962107648715,0.9626348,0.000904258,-2.119651567127215,1.062813041455906
phi1,phi2,0.0,0.025,0.025,0.0,3462919.0,-0.3787455,-0.4464613,0.455654982166472,-0.4309071236589653,-0.778907945784885,0.9589776,0.000928223,-2.0761080202904565,1.097688445457467
phi1,phi2,0.0,0.03,0.03,0.0,3463369.0,-0.3647142,-0.4523859,0.46065264575137965,-0.41177218264675824,-0.7862841786279173,0.9635106,0.0009241918,-2.0532188425102285,1.0920659596611608
phi1,phi2,0.0,0.035,0.035,0.0,3463820.0,-0.3497002,-0.4659196,0.4563505161436009,-0.38391122031016306,-0.802718120721982,0.9568018,0.0009274146,-2.016904465017261,1.0969069275745793
phi1,phi2,0.0,0.04,0.04,0.0,3464254.0,-0.3301554,-0.4689837,0.4671109983386132,-0.3627598212920663,-0.8063576298933695,0.9567258,0.00091848,-1.9935459705365777,1.084775746473055
phi1,phi2,0.0,0.045,0.045,0.0,3464689.0,-0.3006092,-0.4753449,0.4792204205519352,-0.32871020873982065,-0.8138165562313474,0.959007,0.0009093072,-1.9546704940867978,1.0710300426516
phi1,phi2,0.0,0.05,0.05,0.0,3465140.0,-0.252221,-0.4890185,0.48906848197903874,-0.2700070096425413,-0.829402335829006,0.9590282,0.0009011262,-1.88552023720953,1.0597748480803566
phi1,phi2,0.0,0.055,0.055,0.0,3465574.0,-0.2287682,-0.4936183,0.4943243005104003,-0.24339745790622347,-0.8345065388657489,0.959581,0.000897193,-1.8545901239136848,1.0537389786605482
phi1,phi2,0.0,0.06,0.06,0.0,3466025.0,-0.2223273,-0.4961176,0.493646660944542,-0.23521240316534925,-0.8372503207138744,0.9561744,0.0008974006,-1.8446712735823525,1.0545183494051702
phi1,phi2,0.0,0.065,0.065,0.0,3466459.0,-0.2327443,-0.4956215,0.48938156157526097,-0.24581800347706184,-0.8367073540711294,0.9560232,0.0008996286,-1.8565481065284646,1.0594158767204431
phi1,phi2,0.0,0.07,0.07,0.0,3466909.0,-0.2415913,-0.4965941,0.4835135220046645,-0.25368154357188216,-0.837771059711203,0.9583462,0.0009047014,-1.864824828708531,1.0661321353160118
phi1,phi2,0.0,0.075,0.075,0.0,3467359.0,-0.1996931,-0.5165714,0.47181790809031066,-0.19914013119439572,-0.8589127253412665,0.9563226,0.0009139218,-1.7986223984863792,1.07944485261436
phi1,phi2,0.0,0.08,0.08,0.0,3467794.0,-0.1820204,-0.5245178,0.4657445904716279,-0.17745949477062883,-0.86694296476883,0.9571884,0.0009191884,-1.7727028761549437,1.0863204797129495
phi1,phi2,0.0,0.085,0.085,0.0,3468227.0,-0.1158474,-0.5302772,0.475337961835776,-0.11214733522674551,-0.8726263789499779,0.9596228,0.0009126034,-1.6986127137903415,1.075448201512237
phi1,phi2,0.0,0.09,0.09,0.0,3468662.0,-0.05832304,-0.5371364,0.4731345979249909,-0.05544097352928746,-0.8792439654046436,0.9541,0.000914375,-1.6337682359743815,1.0779508945710774
phi1,phi2,0.0,0.095,0.095,0.0,3469097.0,-0.004317994,-0.5383087,0.4742912855590759,-0.0040960756799346834,-0.8803584489324466,0.953155,0.0009123044,-1.5754490294844263,1.076637490503402
phi1,phi2,0.0,0.1,0.1,0.0,3469547.0,0.03624427,-0.530558,0.48661693791753674,0.03533606522079645,-0.8729005202349646,0.9518702,0.0009036818,-1.5303372122771786,1.0625832534164246
phi1,phi2,0.0,0.105,0.105,0.0,3469996.0,0.06488288,-0.5231262,0.4966075374146851,0.06480682755225417,-0.8655524414416116,0.954685,0.0008964212,-1.4960624027102036,1.0511104197882397
phi1,phi2,0.0,0.11,0.11,0.0,3470446.0,0.07774648,-0.5236102,0.4939481047164359,0.07743050086296245,-0.8660368279600769,0.9547276,0.0008995348,-1.4816255641980676,1.0541716937580021
phi1,phi2,0.0,0.115,0.115,0.0,3470880.0,0.1141884,-0.5194108,0.4940658595267787,0.1148366281450045,-0.8618070986516364,0.953872,0.00089938,-1.4383257242657828,1.0540362590167556
phi1,phi2,0.0,0.12,0.12,0.0,3471314.0,0.1342681,-0.5062147,0.5108139235905699,0.1405672328809863,-0.8481214467906055,0.9550322,0.0008869,-1.406549883314324,1.0346650399082846
phi1,phi2,0.0,0.125,0.125,0.0,3471748.0,0.1804281,-0.4924366,0.5173547398484252,0.19523967972810166,-0.8332019806841775,0.950732,0.0008819562,-1.3406245624377278,1.0270393585986588
phi1,phi2,0.0,0.13,0.13,0.0,3472198.0,0.2050546,-0.4838274,0.5201960405165843,0.22616097111610062,-0.8235577056737983,0.9535758,0.000881808,-1.3027884531440908,1.0237158491029374
phi1,phi2,0.0,0.135,0.135,0.0,3472631.0,0.2205793,-0.4758494,0.5247410438484773,0.24778098183754477,-0.8144024938201213,0.9555328,0.0008779166,-1.2754461228704719,1.018385444907164
phi1,phi2,0.0,0.14,0.14,0.0,3473081.0,0.2389185,-0.4675519,0.5272316537512276,0.2730346528139702,-0.8046607121299637,0.9511842,0.0008763018,-1.243670626522468,1.0154570118887025
phi1,phi2,0.0,0.145,0.145,0.0,3473497.0,0.2490393,-0.4660142,0.5237688855873142,0.28483089795939687,-0.8028309374072892,0.9493716,0.0008791394,-1.229866710571447,1.0195270636226543
phi1,phi2,0.0,0.15,0.15,0.0,3473948.0,0.2675583,-0.4681549,0.5099010779430397,0.3022748976584077,-0.8053761710890912,0.9496318,0.0008935904,-1.21174392663385,1.0357265349251907
phi1,phi2,0.0,0.155,0.155,0.0,3474397.0,0.3224505,-0.4692013,0.4723648827620207,0.35530796656645025,-0.8066149430971613,0.9508852,0.0009271746,-1.1558767709742217,1.0788243830661766
phi1,phi2,0.0,0.16,0.16,0.0,3474831.0,0.366089,-0.4638316,0.44601314567379113,0.40089780382862694,-0.80022073502975,0.9486636,0.000949171,-1.1063618085863496,1.1084904118683943
phi1,phi2,0.0,0.165,0.165,0.0,3475281.0,0.4034814,-0.4463195,0.4339412178661547,0.4530723078342808,-0.7787300580500005,0.9498238,0.0009601792,-1.0438598140134117,1.121933578704078
phi1,phi2,0.0,0.17,0.17,0.0,3475712.0,0.4240258,-0.4289731,0.43258055025163294,0.490489878101781,-0.7565009894399971,0.9512692,0.0009613218,-0.9955703131077014,1.1234433038879466
phi1,phi2,0.0,0.17500000000000002,0.17500000000000002,0.0,3476160.0,0.4293728,-0.4217658,0.43439094597729566,0.5032911239515833,-0.7469956831230702,0.9487518,0.0009617146,-0.9779033336840106,1.121434342778203
phi1,phi2,0.0,0.18,0.18,0.0,3476608.0,0.438369,-0.4153221,0.4313881419513133,0.5183820608476467,-0.7383659729261229,0.9530604,0.0009623948,-0.9586847535044885,1.1247654387485286
phi1,phi2,0.0,0.185,0.185,0.0,3477040.0,0.4440758,-0.4090604,0.43124340411518214,0.5304053579748162,-0.7298625094075984,0.9472052,0.0009649346,-0.942361940223643,1.1249258662265518
phi1,phi2,0.0,0.19,0.19,0.0,3477470.0,0.4303795,-0.4056409,0.4488523289855752,0.5221680853190813,-0.725170378213582,0.9492956,0.0009497732,-0.9467320316872812,1.1053157170595327
phi1,phi2,0.0,0.195,0.195,0.0,3477901.0,0.4041992,-0.3936251,0.4874633350715001,0.5104189108893352,-0.7084151553767857,0.9453148,0.000920655,-0.946438676371343,1.0616141476241436
phi1,phi2,0.0,0.2,0.2,0.0,3478332.0,0.3889762,-0.3862802,0.510133799590181,0.502593135097803,-0.6979710932898628,0.9485534,0.0009008738,-0.9467223717733071,1.0354559799705008
phi1,phi2,0.0,0.20500000000000002,0.20500000000000002,0.0,3478778.0,0.391441,-0.3703898,0.5231155502699811,0.5204896634881694,-0.674863416750165,0.9453112,0.0008903876,-0.9138321861180474,1.0202938340979224
phi1,phi2,0.0,0.21,0.21,0.0,3479226.0,0.3981352,-0.3495352,0.5353318718873613,0.5471007997205144,-0.6435064116904722,0.950064,0.000881888,-0.8661936967308952,1.0058957142120808
phi1,phi2,0.0,0.215,0.215,0.0,3479674.0,0.4190666,-0.3280561,0.529978024217403,0.5890444814599818,-0.6100408942916523,0.952341,0.0008897406,-0.8029067309518201,1.0122216761522758
phi1,phi2,0.0,0.22,0.22,0.0,3480105.0,0.4398418,-0.3046009,0.5227308176469061,0.6319214629076959,-0.5722130346285328,0.9435924,0.0008983506,-0.7358525655769586,1.020745197005246
phi1,phi2,0.0,0.225,0.225,0.0,3480535.0,0.4389072,-0.2820547,0.5398564474363103,0.6501461764737987,-0.5346634131656536,0.951323,0.000885646,-0.6882356083411194,1.0005297659007786
phi1,phi2,0.0,0.23,0.23,0.0,3480983.0,0.4410718,-0.26181,0.5503502571835421,0.6686525355681556,-0.5000183807584331,0.9529636,0.000880109,-0.6420916353689017,0.9880126440013474
phi1,phi2,0.0,0.23500000000000001,0.23500000000000001,0.0,3481430.0,0.4532588,-0.2474637,0.5425143930202816,0.6928807662581273,-0.4749677642907839,0.9462426,0.0008898948,-0.6009260228813229,0.9973689409866238
phi1,phi2,0.0,0.24,0.24,0.0,3481861.0,0.4606696,-0.2207094,0.5467863002676948,0.7200732660672564,-0.42722269758850645,0.9493272,0.0008873096,-0.5354817812261818,0.9922752185040409
phi1,phi2,0.0,0.245,0.245,0.0,3482324.0,0.4557936,-0.1928689,0.5674866429137034,0.732393504704654,-0.376242826351505,0.9516766,0.0008745468,-0.4745607131620373,0.9673461717989673
phi1,phi2,0.0,0.25,0.25,0.0,3482754.0,0.4550933,-0.1645077,0.5806855736549079,0.7472638683306443,-0.3231113981842672,0.9491982,0.0008666772,-0.40811558123130665,0.9512257930215288
phi1,phi2,0.0,0.255,0.255,0.0,3483184.0,0.456878,-0.1397363,0.5870785845462222,0.761082257681859,-0.27584874951517996,0.9483486,0.0008644206,-0.34771638974240915,0.943351008565442
phi1,phi2,0.0,0.26,0.26,0.0,3483630.0,0.4653502,-0.1080857,0.5833713494902059,0.7833716705102154,-0.21449171181192653,0.94565,0.0008706444,-0.26725563983622536,0.9479229360914232
phi1,phi2,0.0,0.265,0.265,0.0,3484060.0,0.4630277,-0.0885714,0.5915865986171064,0.7867481047820724,-0.1762178082897979,0.9550864,0.0008654562,-0.22034576152291896,0.9377710083924339
phi1,phi2,0.0,0.27,0.27,0.0,3484511.0,0.4486492,-0.06050531,0.619162730738018,0.7759286573828159,-0.12071549824749699,0.9510214,0.0008471206,-0.15433826094910907,0.903120300590062
phi1,phi2,0.0,0.275,0.275,0.0,3484947.0,0.4349343,-0.05232797,0.6413982977262112,0.7600626868665736,-0.1044649975211001,0.9502936,0.000826383,-0.13658683446509423,0.8744768670567635
phi1,phi2,0.0,0.28,0.28,0.0,3485400.0,0.4314133,-0.04102802,0.6481047014620054,0.7571275986567807,-0.08196398779379663,0.9439756,0.0008226013,-0.10783655122744573,0.8657032678958955
phi1,phi2,0.0,0.28500000000000003,0.28500000000000003,0.0,3485836.0,0.4318989,-0.02179674,0.6489375291417082,0.7595925850725738,-0.04357967386545458,0.9476608,0.0008259024,-0.057309606983990236,0.8646091645585483
phi1,phi2,0.0,0.29,0.29,0.0,3486271.0,0.439551,0.002133265,0.6378372053101187,0.7701593967188802,0.0042665170558729955,0.9459468,0.0008406838,0.005539727788175686,0.8791095378384761
phi1,phi2,0.0,0.295,0.295,0.0,3486706.0,0.4613212,0.01028354,0.6035880635458871,0.7970310561114815,0.020565630035143275,0.9423878,0.0008722384,0.025797072282991884,0.92280255445902
phi1,phi2,0.0,0.3,0.3,0.0,3487157.0,0.4791649,0.01870059,0.5744853560064996,0.8176603082000944,0.037392460847233154,0.9460754,0.0008958678,0.045699206005194615,0.9588210709738214
phi1,phi2,0.0,0.305,0.305,0.0,3487592.0,0.4839826,0.02905059,0.5660201211353212,0.8223437676540436,0.05806849636858781,0.9483542,0.0009036594,0.07049639290248377,0.9691261748409196
phi1,phi2,0.0,0.31,0.31,0.0,3488041.0,0.4832468,0.04316197,0.566072723985417,0.8198343369536181,0.08621676815765698,0.9498574,0.000905575,0.10477851655967907,0.9690623653436083
phi1,phi2,0.0,0.315,0.315,0.0,3488490.0,0.4754946,0.06465581,0.5760283622837911,0.8071944164983081,0.12895154058253597,0.9423918,0.000902732,0.15841418991578138,0.9569346918738677
phi1,phi2,0.0,0.32,0.32,0.0,3488922.0,0.4613862,0.08562758,0.5947822499471799,0.7856152642693357,0.17041928205104115,0.9473896,0.0008878244,0.21361500292783075,0.9338015767647029
phi1,phi2,0.0,0.325,0.325,0.0,3489371.0,0.4332904,0.1129535,0.6309856865331044,0.7427552492523398,0.22399040849652785,0.9487548,0.0008590378,0.29289370973405493,0.8879732195851396
phi1,phi2,0.0,0.33,0.33,0.0,3489802.0,0.4131249,0.1369436,0.6523806323894911,0.7079847185356567,0.2704757822857247,0.9404922,0.0008432754,0.3649250674669817,0.8600749943889283
phi1,phi2,0.0,0.335,0.335,0.0,3490233.0,0.39745,0.162467,0.6637077713801484,0.6764420391423394,0.31924624021364845,0.941768,0.0008367594,0.4409561688397097,0.8450314327364727
phi1,phi2,0.0,0.34,0.34,0.0,3490682.0,0.3869586,0.188544,0.6649304269045236,0.6498349900149503,0.3682146291619026,0.9334174,0.0008404422,0.5155196553234882,0.8433956611388782
phi1,phi2,0.0,0.34500000000000003,0.34500000000000003,0.0,3491130.0,0.3763805,0.2049902,0.6693242179459256,0.6270008174724007,0.398591352339732,0.9359214,0.000836731,0.566264597179849,0.8374974803008904
phi1,phi2,0.0,0.35000000000000003,0.35000000000000003,0.0,3491583.0,0.3529657,0.2248515,0.6853454071863438,0.5842424584286928,0.43469808214182587,0.9498368,0.0008249954,0.6396739367426658,0.8157184154589547
phi1,phi2,0.0,0.355,0.355,0.0,3492004.0,0.3290841,0.2455291,0.697631510068099,0.5393904839124625,0.47155930912747696,0.9357194,0.0008159835,0.7184020981687222,0.7987100121220618
phi1,phi2,0.0,0.36,0.36,0.0,3492440.0,0.3074781,0.2522794,0.7150156686536564,0.5050311603234621,0.48342126627001225,0.9446822,0.0008027329,0.7635392943678805,0.7741498081987515
phi1,phi2,0.0,0.365,0.365,0.0,3492891.0,0.2930317,0.285246,0.7011869711085456,0.46549643912093314,0.5400461986842932,0.938518,0.0008162742,0.8594016081271478,0.7937353812819429
phi1,phi2,0.0,0.37,0.37,0.0,3493310.0,0.2691208,0.2967378,0.7117905567043357,0.4249687980513676,0.5592456741623557,0.9450304,0.0008099546,0.9209915233479338,0.778752171086872
phi1,phi2,0.0,0.375,0.375,0.0,3493745.0,0.2402085,0.2938934,0.7379702398244612,0.38458653486260286,0.5545206239048314,0.9453754,0.0007861088,0.9644138659391679,0.7407387310998423
phi1,phi2,0.0,0.38,0.38,0.0,3494197.0,0.2402362,0.280854,0.7505204360218969,0.3911798290902593,0.5326325341418954,0.9419034,0.0007730516,0.9373365230394493,0.7219470711182209
phi1,phi2,0.0,0.385,0.385,0.0,3494632.0,0.2447823,0.2738604,0.7534344382298173,0.401451721215731,0.5207427991074353,0.941372,0.0007663692,0.9140394805788059,0.7175264656065311
phi1,phi2,0.0,0.39,0.39,0.0,3495084.0,0.2493541,0.2566033,0.7650665668832222,0.4166754031994817,0.490973274838936,0.9508744,0.0007558081,0.8670735839924193,0.6996516301571122
phi1,phi2,0.0,0.395,0.395,0.0,3495518.0,0.2660666,0.2500016,0.7562350069436179,0.44526068150508424,0.4794283468659464,0.9398932,0.0007650485,0.8223317993950152,0.7132567368819032
phi1,phi2,0.0,0.4,0.4,0.0,3495953.0,0.285754,0.2437422,0.7431114562796843,0.4778936098478874,0.4684048048562715,0.9432624,0.000775622,0.7753712132922583,0.7330881539401533
phi1,phi2,0.0,0.405,0.405,0.0,3496406.0,0.2575303,0.2643298,0.751457990219867,0.4253414574322755,0.5043763808150674,0.9523532,0.0007695667,0.8702038496583526,0.7205272103969179
phi1,phi2,0.0,0.41000000000000003,0.41000000000000003,0.0,3496843.0,0.2237702,0.2931985,0.7509071182485844,0.36045428778583755,0.5533635388968188,0.9463826,0.0007714466,0.993446080933599,0.7213617455065413
phi1,phi2,0.0,0.41500000000000004,0.41500000000000004,0.0,3497281.0,0.2015972,0.3121386,0.7463226850497915,0.3183541928178977,0.5845109560096668,0.9448574,0.0007783816,1.0720694818594154,0.7282764395865826
phi1,phi2,0.0,0.42,0.42,0.0,3497731.0,0.1558065,0.3326045,0.748896315736761,0.2412246972654749,0.6172235848581012,0.9407462,0.0007784755,1.1982267730973852,0.7244012867939409
phi1,phi2,0.0,0.425,0.425,0.0,3498162.0,0.1174225,0.3299001,0.7684263996034935,0.1838535655984881,0.6129589992888062,0.9503698,0.0007591918,1.2793906226002898,0.6944178068786077
phi1,phi2,0.0,0.43,0.43,0.0,3498594.0,0.06758657,0.3323117,0.7799687501097652,0.10607768941271971,0.6167627361158173,0.9483218,0.0007482799,1.4004716539119384,0.6761804455477771
phi1,phi2,0.0,0.435,0.435,0.0,3499032.0,0.04905158,0.3348432,0.7802466164815212,0.07679116882131008,0.6207401500307477,0.9439248,0.0007485531,1.4477126314096491,0.675736317863104
phi1,phi2,0.0,0.44,0.44,0.0,3499471.0,0.03583767,0.3330672,0.7841976156757245,0.05630408177588618,0.6179514139023252,0.9435686,0.0007434351,1.4799331229250052,0.6693943606164386
phi1,phi2,0.0,0.445,0.445,0.0,3499911.0,0.01178679,0.3418054,0.7750817972360193,0.018274838071575837,0.6315965784318658,0.936688,0.0007525721,1.5418700447704232,0.6839517875749364
phi1,phi2,0.0,0.45,0.45,0.0,3500350.0,-0.01224435,0.3617395,0.7492824576214858,-0.01835262213394693,0.6619962084192891,0.9426546,0.0007777366,1.598512380587513,0.7238184037478818
phi1,phi2,0.0,0.455,0.455,0.0,3500803.0,-0.02851475,0.3763689,0.7286334400344776,-0.04159870859545464,0.683639420679289,0.9459728,0.000798754,1.6315702964074585,0.7544717576787606
phi1,phi2,0.0,0.46,0.46,0.0,3501240.0,-0.02397374,0.3708606,0.7364595236147227,-0.035338463011565416,0.6755579642851942,0.947261,0.000793434,1.6230587306300173,0.742974650522873
phi1,phi2,0.0,0.465,0.465,0.0,3501673.0,-0.0256657,0.3601837,0.750573485899111,-0.03856186283145858,0.6596608408873645,0.9346522,0.0007761422,1.6291869804884271,0.7218667919061902
phi1,phi2,0.0,0.47000000000000003,0.47000000000000003,0.0,3502120.0,-0.03581081,0.3468509,0.7669131891619744,-0.05502167796478791,0.6393878128673934,0.939101,0.000760313,1.656638535469468,0.6967790812628295
phi1,phi2,0.0,0.47500000000000003,0.47500000000000003,0.0,3502560.0,-0.07025939,0.323915,0.7895356288186614,-0.11168061699937004,0.6034574803683862,0.931987,0.0007359805,1.753793758665502,0.6607443668513581
phi1,phi2,0.0,0.48,0.48,0.0,3502996.0,-0.103503,0.2934041,0.8149343792203108,-0.17114796663571896,0.5537059969706537,0.9471562,0.0007072507,1.8705764797127813,0.6181803673614641
phi1,phi2,0.0,0.485,0.485,0.0,3503430.0,-0.1322192,0.286795,0.8107608524241315,-0.2195375684369607,0.5426509893304189,0.9460602,0.0007077197,1.955231797453619,0.625345615438116
phi1,phi2,0.0,0.49,0.49,0.0,3503877.0,-0.1646334,0.2805625,0.8011743039933494,-0.27376594785639125,0.5321390235784854,0.942485,0.0007167364,2.045947438821833,0.6415413738433922
phi1,phi2,0.0,0.495,0.495,0.0,3504325.0,-0.214899,0.2639051,0.7853391671687561,-0.35998106494919174,0.5036427557194983,0.9414254,0.0007276632,2.1913563386651047,0.667552520600116
phi1,phi2,0.0,0.5,0.5,0.0,3504756.0,-0.2371023,0.2717239,0.7614842816682734,-0.39084457015457547,0.5170901379380957,0.9484518,0.0007491665,2.218033382982105,0.7051963715538525
phi1,phi2,0.0,0.505,0.505,0.0,3505189.0,-0.2589814,0.2818422,0.7344149571152184,-0.4185136551776418,0.5343042122193142,0.9413416,0.0007745187,2.2352631407448333,0.7459920525323085
phi1,phi2,0.0,0.51,0.51,0.0,3505628.0,-0.276691,0.2729519,0.7271022721875949,-0.44918065237192367,0.5191907427086598,0.9494254,0.0007823109,2.2840233220492907,0.7567047026049575
phi1,phi2,0.0,0.515,0.515,0.0,3506058.0,-0.2849253,0.2644149,0.7269652641696956,-0.465808657743672,0.5045233384708018,0.9466172,0.0007808147,2.3163172549580935,0.7569042477241933
phi1,phi2,0.0,0.52,0.52,0.0,3506489.0,-0.3092848,0.2417134,0.7213490569549413,-0.513421476549097,0.46481601246983945,0.9465946,0.0007801957,2.4058404351806946,0.7650480835649478
phi1,phi2,0.0,0.525,0.525,0.0,3506937.0,-0.3307415,0.2232736,0.7117075446510931,-0.5540528801311896,0.43185388374431255,0.942012,0.0007836583,2.479511362699804,0.778870348842006
phi1,phi2,0.0,0.53,0.53,0.0,3507384.0,-0.3390205,0.1997684,0.717465496712926,-0.5778656812032238,0.38899166509580696,0.9498848,0.0007780644,2.5491133636148327,0.7706392812855504
phi1,phi2,0.0,0.535,0.535,0.0,3507832.0,-0.340853,0.1858056,0.723497772652495,-0.5871089545318241,0.3631171277637936,0.950652,0.0007669101,2.58769318100844,0.7619405321065512
phi1,phi2,0.0,0.54,0.54,0.0,3508249.0,-0.3398302,0.1708598,0.7328144635429981,-0.5921872607090304,0.33510775920011565,0.9518314,0.000757198,2.6266382410928886,0.7483472264038564
phi1,phi2,0.0,0.545,0.545,0.0,3508700.0,-0.3600277,0.1507053,0.717878448788118,-0.6296985106847409,0.29686750985411764,0.9606658,0.0007660074,2.701049787114653,0.7700462841874472
phi1,phi2,0.0,0.55,0.55,0.0,3509132.0,-0.3719216,0.1444935,0.7053573361626589,-0.6490428666856682,0.2849813775073165,0.9460558,0.0007764013,2.727857288516171,0.7878692017777779
phi1,phi2,0.0,0.555,0.555,0.0,3509583.0,-0.379027,0.1342767,0.7001460641859467,-0.6628663384805439,0.26533696710847765,0.9444254,0.0007833067,2.760838641323075,0.795194278905844
phi1,phi2,0.0,0.56,0.56,0.0,3510030.0,-0.4013917,0.1177668,0.6755264256916399,-0.6994328261946589,0.23336188599175622,0.9499156,0.0007975132,2.819562113405569,0.8291179013523456
phi1,phi2,0.0,0.5650000000000001,0.5650000000000001,0.0,3510464.0,-0.4119308,0.09576526,0.6669693816452913,-0.720357054548905,0.19036165031151506,0.9459182,0.000800982,2.88323836972679,0.840662462002095
phi1,phi2,0.0,0.5700000000000001,0.5700000000000001,0.0,3510914.0,-0.4102658,0.07707894,0.6737467104531298,-0.7228335739237571,0.15354802037862558,0.966006,0.0007926935,2.932278891032322,0.8315289514391823
phi1,phi2,0.0,0.5750000000000001,0.5750000000000001,0.0,3511349.0,-0.4228088,0.04735525,0.6602966434446885,-0.745026880427368,0.09456897005012878,0.9574974,0.0007999476,3.0153342276357993,0.8495826391212531
phi1,phi2,0.0,0.58,0.58,0.0,3511782.0,-0.4240376,0.03893268,0.6594238761640752,-0.7477361705415895,0.07778670071770206,0.9530524,0.0008021774,3.0379359024839374,0.8507441788959559
phi1,phi2,0.0,0.585,0.585,0.0,3512215.0,-0.4311174,0.01964912,0.6502397910240104,-0.7587124997952954,0.03928812573062136,0.9432492,0.0008062258,3.089856237127643,0.8628963056499115
phi1,phi2,0.0,0.59,0.59,0.0,3512666.0,-0.4299893,-0.01201616,0.6522652818159607,-0.757609768227237,-0.024030006746101663,0.952644,0.0008003797,-3.1098850988491273,0.8602271837464036
phi1,phi2,0.0,0.595,0.595,0.0,3513117.0,-0.4314575,-0.04169667,0.6479659178919046,-0.7571009355476636,-0.08329671448114856,0.964681,0.0007977539,-3.032012753185377,0.8658854917603888
phi1,phi2,0.0,0.6,0.6,0.0,3513537.0,-0.4267261,-0.04543042,0.6546739276560838,-0.7504459007995187,-0.09073587174076173,0.9594368,0.0007933483,-3.0212674543483993,0.8570451501156676
phi1,phi2,0.0,0.605,0.605,0.0,3513993.0,-0.433894,-0.0573413,0.6422688026525722,-0.7578893353341186,-0.11443137911446757,0.9481314,0.000800274,-2.9917376396218076,0.8733416882056106
phi1,phi2,0.0,0.61,0.61,0.0,3514425.0,-0.4305844,-0.08775962,0.6415408242989529,-0.7469494144127481,-0.17461942350801882,0.9610046,0.0007962061,-2.911940218424174,0.8742910795910407
phi1,phi2,0.0,0.615,0.615,0.0,3514856.0,-0.4310624,-0.1089211,0.6354441647785161,-0.7412836311259497,-0.21612332514946445,0.9625914,0.0007962844,-2.8579034785335033,0.8822127092415519
phi1,phi2,0.0,0.62,0.62,0.0,3515307.0,-0.43345,-0.1363054,0.623292828350769,-0.7341745325838511,-0.26924673782941594,0.9527224,0.0008047674,-2.790088537562032,0.8978498142973005
phi1,phi2,0.0,0.625,0.625,0.0,3515728.0,-0.432298,-0.1572876,0.6171023284462698,-0.7234974728585487,-0.3094125449840163,0.9590628,0.0008079284,-2.737469233392839,0.9057414332550541
phi1,phi2,0.0,0.63,0.63,0.0,3516186.0,-0.4241701,-0.1787494,0.6194229969030519,-0.7027535544223387,-0.3499322686669677,0.958382,0.0008069978,-2.6795907946599486,0.9027888189271671
phi1,phi2,0.0,0.635,0.635,0.0,3516621.0,-0.4228579,-0.2018424,0.6098879209133085,-0.6882857903031391,-0.392809616469385,0.9589214,0.0008088128,-2.6229905549271377,0.9148771704812994
phi1,phi2,0.0,0.64,0.64,0.0,3517067.0,-0.4219602,-0.2151307,0.6039702142123401,-0.6791469427218119,-0.41710839183108733,0.9483148,0.0008123226,-2.590822649046169,0.922323159256232
phi1,phi2,0.0,0.645,0.645,0.0,3517499.0,-0.4090147,-0.2304329,0.6123328493065124,-0.6536583773768927,-0.4447237427270726,0.969151,0.0008030232,-2.544169103557189,0.9117883632592502
phi1,phi2,0.0,0.65,0.65,0.0,3517933.0,-0.3998722,-0.2440225,0.6155289982736474,-0.6334483522263358,-0.46890002915971357,0.957877,0.0007999033,-2.5043711173439585,0.9077393157906674
phi1,phi2,0.0,0.655,0.655,0.0,3518367.0,-0.3936183,-0.2565506,0.6149164703860402,-0.6171816071416414,-0.4908814503055038,0.9514512,0.0007980001,-2.469687502292095,0.9085162871064933
phi1,phi2,0.0,0.66,0.66,0.0,3518816.0,-0.3852122,-0.2751921,0.6116403716431131,-0.5935921560295968,-0.5230147302671401,0.9622526,0.0007974888,-2.4193175665388007,0.9126639551623427
phi1,phi2,0.0,0.665,0.665,0.0,3519250.0,-0.3627994,-0.2874932,0.6278071426105722,-0.5568790942774378,-0.5438233776180362,0.9603298,0.0007843972,-2.3680551925866764,0.8920635739009154
phi1,phi2,0.0,0.67,0.67,0.0,3519683.0,-0.3468805,-0.3071137,0.6283159786345509,-0.5225570414828484,-0.5763273109867337,0.9568508,0.0007802663,-2.3073017958066107,0.8914096805372176
phi1,phi2,0.0,0.675,0.675,0.0,3520136.0,-0.3340802,-0.3262049,0.6237495059259834,-0.49230320052225324,-0.6071030494180025,0.9529778,0.0007862493,-2.252151678801386,0.8972656830416536
phi1,phi2,0.0,0.68,0.68,0.0,3520570.0,-0.3292951,-0.3326264,0.6222143305214544,-0.481499566012922,-0.6172580455717901,0.9578772,0.0007845841,-2.2332611877093593,0.8992282309884525
phi1,phi2,0.0,0.685,0.685,0.0,3521005.0,-0.3182925,-0.3413369,0.6239157471486141,-0.46122920073044593,-0.6308698477923482,0.9619552,0.0007845343,-2.2020915656984474,0.8970529781230223
phi1,phi2,0.0,0.6900000000000001,0.6900000000000001,0.0,3521439.0,-0.3110131,-0.3555166,0.6157726510151721,-0.44149195075017406,-0.6526169624554307,0.9553288,0.0007882688,-2.165572162338323,0.9074301192850365
phi1,phi2,0.0,0.6950000000000001,0.6950000000000001,0.0,3521890.0,-0.2892639,-0.3654757,0.6233795913790814,-0.40710822773336286,-0.6675782920106449,0.9529948,0.0007839455,-2.118411295633601,0.8977388575981458
phi1,phi2,0.0,0.7000000000000001,0.7000000000000001,0.0,3522340.0,-0.2814471,-0.3744596,0.6194223594299871,-0.3908485008080175,-0.6808475527269764,0.9542442,0.0007850159,-2.0919251603031785,0.9027896309351109
phi1,phi2,0.0,0.705,0.705,0.0,3522775.0,-0.2699243,-0.3813178,0.6201948942624289,-0.37163556696476757,-0.6908294279325327,0.9644538,0.0007868709,-2.0643454030254422,0.9018052002606171
phi1,phi2,0.0,0.71,0.71,0.0,3523193.0,-0.249425,-0.3970176,0.6155479025195153,-0.33535678408864766,-0.7131876380515477,0.945296,0.0007892595,-2.0103393376814314,0.9077153288836495
phi1,phi2,0.0,0.715,0.715,0.0,3523643.0,-0.230499,-0.4018278,0.6216240136968852,-0.3087559002488735,-0.7198981731167835,0.9579688,0.000781228,-1.9759557801079488,0.8999820693940489
phi1,phi2,0.0,0.72,0.72,0.0,3524076.0,-0.2110191,-0.4207374,0.607894431221991,-0.27295642258489317,-0.7456266839772764,0.948915,0.000791592,-1.9217208150199385,0.9173902264931836
phi1,phi2,0.0,0.725,0.725,0.0,3524528.0,-0.1792294,-0.4318749,0.6083022322173841,-0.2278969728337854,-0.7602837391740959,0.9561152,0.0007946969,-1.8620260673025533,0.9168765337413813
phi1,phi2,0.0,0.73,0.73,0.0,3524978.0,-0.1714083,-0.4471536,0.5896298294215095,-0.21044424440946868,-0.7797755345298346,0.9468394,0.0008109008,-1.8343944265844423,0.9401958797710858
phi1,phi2,0.0,0.735,0.735,0.0,3525427.0,-0.1533442,-0.4571947,0.5817981292600367,-0.18424380756406672,-0.7921901010261468,0.9540004,0.0008177826,-1.7993091947130224,0.9498585647632334
phi1,phi2,0.0,0.74,0.74,0.0,3525860.0,-0.1435121,-0.4631109,0.5762776132289711,-0.1701026619554121,-0.7993554884322764,0.952668,0.000820034,-1.7804685180681672,0.9566297387614485
phi1,phi2,0.0,0.745,0.745,0.0,3526293.0,-0.122698,-0.4659707,0.5784128585038438,-0.14485972148040394,-0.8027790643819955,0.9532778,0.0008203868,-1.749322984293501,0.9540146175981435
phi1,phi2,0.0,0.75,0.75,0.0,3526725.0,-0.08351596,-0.4727148,0.5772474476095941,-0.09732555416989433,-0.810748494129796,0.958604,0.0008210237,-1.6902687032956933,0.9554425427213566
phi1,phi2,0.0,0.755,0.755,0.0,3527174.0,-0.06357596,-0.4786483,0.5710846478199011,-0.07300839127504906,-0.8176381227828414,0.9566018,0.0008282501,-1.6598519610151863,0.9629697726765981
phi1,phi2,0.0,0.76,0.76,0.0,3527606.0,-0.02951876,-0.4855714,0.5633732563041024,-0.03329885580886264,-0.8255311988550964,0.9509044,0.0008346168,-1.611110750059278,0.9723333386605962
phi1,phi2,0.0,0.765,0.765,0.0,3528055.0,-0.02377572,-0.4842846,0.5658388750370585,-0.02692675142257859,-0.8240760386970505,0.9574504,0.0008341553,-1.6034597867337297,0.9693460126711202
phi1,phi2,0.0,0.77,0.77,0.0,3528504.0,-0.0002067257,-0.4879512,0.5604208590802949,-0.0002317068019787635,-0.82820794914059,0.9542746,0.0008367723,-1.571076095657504,0.9759024578354151
phi1,phi2,0.0,0.775,0.775,0.0,3528936.0,0.01965355,-0.4870758,0.5614360715234923,0.022079796427698806,-0.8272254953650664,0.9460146,0.000835962,-1.5441112749513264,0.9746761546528471
phi1,phi2,0.0775,0.0,0.0,0.0775,3529385.0,-0.4582062,-0.5185672,0.3096243072579232,-0.40360596673563237,-0.8609500635753776,0.9527316,0.001023181,-2.009166810151085,1.2559984285782038
phi1,phi2,0.0775,0.005,0.005,0.0775,3529826.0,-0.4621135,-0.5220475,0.3028431412724634,-0.4012202831254109,-0.8644699625741729,0.9505994,0.001027511,-2.0053325701927727,1.26312184838867
phi1,phi2,0.0775,0.01,0.01,0.0775,3530261.0,-0.4428449,-0.5362161,0.30245035042190477,-0.37013178883476194,-0.8783656666922075,0.9528826,0.001026764,-1.9696026734084635,1.2635339664248453
phi1,phi2,0.0775,0.015,0.015,0.0775,3530691.0,-0.4145286,-0.5474379,0.30951757880781405,-0.3377966650545495,-0.8888713526078862,0.9516324,0.0010231,-1.933968454915853,1.2561106707748753
phi1,phi2,0.0775,0.02,0.02,0.0775,3531124.0,-0.3611568,-0.5673316,0.31694580483216794,-0.27928299622115643,-0.906391948784312,0.9517988,0.001018964,-1.8696914650016194,1.2482887974558385
phi1,phi2,0.0775,0.025,0.025,0.0775,3531573.0,-0.3361226,-0.5752505,0.31925313213761713,-0.2540983981995122,-0.9129684779075142,0.9499638,0.001018454,-1.8422475160017722,1.245855054306235
phi1,phi2,0.0775,0.03,0.03,0.0775,3532007.0,-0.2907499,-0.58477,0.32638016564798095,-0.21453429837563295,-0.9205710305522716,0.9494904,0.001014554,-1.7997546140779728,1.238324841966802
phi1,phi2,0.0775,0.035,0.035,0.0775,3532456.0,-0.2683874,-0.5924119,0.32351582626651637,-0.1925093870461414,-0.9264327531203828,0.950226,0.001016107,-1.7756770584894144,1.2413535448231021
phi1,phi2,0.0775,0.04,0.04,0.0775,3532889.0,-0.2549935,-0.6008595,0.31484927330257606,-0.1761083114953739,-0.9326606015711654,0.9484536,0.001021887,-1.757422595555748,1.250498480087672
phi1,phi2,0.0775,0.045,0.045,0.0775,3533321.0,-0.2415108,-0.6030934,0.31578966634859423,-0.1656182489158184,-0.9342630690835968,0.9502478,0.001020594,-1.7462451768719884,1.2495075344752335
phi1,phi2,0.0775,0.05,0.05,0.0775,3533754.0,-0.2142016,-0.6092817,0.3138174344878373,-0.1433172138687562,-0.9386047059440781,0.9503786,0.001021927,-1.7223177670868302,1.251585412682639
phi1,phi2,0.0775,0.055,0.055,0.0775,3534203.0,-0.1987349,-0.6191896,0.30088928538295756,-0.12631750913553044,-0.9452563275786776,0.9486568,0.001029611,-1.7036423529184532,1.265171311571257
phi1,phi2,0.0775,0.06,0.06,0.0775,3534636.0,-0.1138562,-0.6273006,0.3029254457999082,-0.07019740931467215,-0.9504254300114424,0.9481918,0.001029148,-1.6445213952328912,1.26303548724844
phi1,phi2,0.0775,0.065,0.065,0.0775,3535084.0,0.008667042,-0.6285562,0.3085185294853838,0.005348421797320559,-0.9512032965399427,0.9474594,0.0010263,-1.5651735903589414,1.2571611338414894
phi1,phi2,0.0775,0.07,0.07,0.0775,3535533.0,0.09278398,-0.6274129,0.3054042109333078,0.05733284662034823,-0.9504952459863286,0.9477152,0.001029506,-1.51055040182346,1.260433434427037
phi1,phi2,0.0775,0.075,0.075,0.0775,3535965.0,0.1192334,-0.6301873,0.29681609986475593,0.07215370640407189,-0.9522048338006011,0.9459082,0.001034685,-1.495165456624421,1.2694395633784235
phi1,phi2,0.0775,0.08,0.08,0.0775,3536396.0,0.1905285,-0.6250397,0.29263499134823495,0.11724095030238893,-0.9490096529597637,0.9472876,0.001036571,-1.44787881902159,1.27381502571045
phi1,phi2,0.0775,0.085,0.085,0.0775,3536844.0,0.2405164,-0.6126846,0.300173596959479,0.15666788741568433,-0.9409309139044773,0.9453106,0.001034274,-1.4058068270899526,1.2659216885105642
phi1,phi2,0.0775,0.09,0.09,0.0775,3537276.0,0.2770718,-0.5956422,0.3150272767839931,0.19494547477270052,-0.928845561300536,0.9461186,0.001026264,-1.36391971819732,1.2503109327247897
phi1,phi2,0.0775,0.095,0.095,0.0775,3537709.0,0.2960366,-0.5922783,0.31258667051850136,0.21023405672045212,-0.9263321298589505,0.9462064,0.001027789,-1.3476235640243448,1.252881381474247
phi1,phi2,0.0775,0.1,0.1,0.0775,3538141.0,0.2901126,-0.5914301,0.31636932033571047,0.20737704043724586,-0.925691750125175,0.9452014,0.001026038,-1.3504111811083794,1.248896557333421
phi1,phi2,0.0775,0.105,0.105,0.0775,3538578.0,0.3146716,-0.5732231,0.3328473098236327,0.2423492052130342,-0.9113064967812867,0.945335,0.001016289,-1.3108762160290117,1.2314748761737093
phi1,phi2,0.0775,0.11,0.11,0.0775,3539032.0,0.3723123,-0.5512822,0.3318667876997484,0.305850367937301,-0.8923676303264635,0.9455178,0.001017805,-1.2406035096451182,1.232514497016996
phi1,phi2,0.0775,0.115,0.115,0.0775,3539459.0,0.4198629,-0.523947,0.33343071177971884,0.3717809311965173,-0.8663734181291117,0.9443464,0.00101858,-1.1654384842540066,1.2308561300150183
phi1,phi2,0.0775,0.12,0.12,0.0775,3539908.0,0.4692248,-0.4831102,0.33595458459696625,0.45850639072535093,-0.8227432204231717,0.9433686,0.001020022,-1.0623735866252257,1.2281777891371675
phi1,phi2,0.0775,0.125,0.125,0.0775,3540341.0,0.5099571,-0.4563463,0.32014459902272935,0.5211368900849287,-0.791153447511407,0.9434332,0.001031554,-0.9883257791171349,1.244914211177425
phi1,phi2,0.0775,0.13,0.13,0.0775,3540790.0,0.5376807,-0.4533401,0.2930279714164928,0.5422530737334238,-0.7874618797085922,0.9396668,0.001047256,-0.9677565367111982,1.273404029224324
phi1,phi2,0.0775,0.135,0.135,0.0775,3541223.0,0.5215954,-0.4768436,0.29134561974388534,0.49998817547109914,-0.8155547524508289,0.9430096,0.001045713,-1.020825464104603,1.2751631468351337
phi1,phi2,0.0775,0.14,0.14,0.0775,3541675.0,0.5003429,-0.4916284,0.29917762792603686,0.46664513467399416,-0.8323070738817734,0.9422688,0.001041057,-1.059802190216879,1.2669656362331658
phi1,phi2,0.0775,0.145,0.145,0.0775,3542108.0,0.492251,-0.4818712,0.31561757360094317,0.4751831407429047,-0.8213321678760439,0.943242,0.001032556,-1.0462969297511693,1.2496889027882045
phi1,phi2,0.0775,0.15,0.15,0.0775,3542541.0,0.4972059,-0.4488216,0.3397802416121923,0.522728187162309,-0.7818597251144008,0.9425948,0.001019599,-0.9814769842712296,1.2241130991571323
phi1,phi2,0.0775,0.155,0.155,0.0775,3542990.0,0.5013603,-0.4237377,0.3560974978017963,0.5579217619491277,-0.7496118192790723,0.9450676,0.001010531,-0.9309654990103802,1.2067080351554187
phi1,phi2,0.0775,0.16,0.16,0.0775,3543440.0,0.5336741,-0.4083085,0.33032816843602447,0.5997372298168567,-0.7288336959206155,0.9416112,0.001028054,-0.8822634829918687,1.2341450874295712
phi1,phi2,0.0775,0.165,0.165,0.0775,3543879.0,0.5652536,-0.3904339,0.3027318587907685,0.6425602875083047,-0.7038960850795598,0.9404578,0.001045136,-0.830920190817594,1.2632386119758232
phi1,phi2,0.0775,0.17,0.17,0.0775,3544313.0,0.5824059,-0.3824117,0.28493910501219855,0.6628564428585756,-0.6924095916404707,0.9404132,0.001054888,-0.8072008686276564,1.281853427744626
phi1,phi2,0.0775,0.17500000000000002,0.17500000000000002,0.0775,3544764.0,0.5922956,-0.3658965,0.2802383031754679,0.6891799661353034,-0.6682046600489079,0.9422014,0.001058366,-0.7699466573341125,1.2867539761227658
phi1,phi2,0.0775,0.18,0.18,0.0775,3545198.0,0.5900715,-0.3474843,0.2924768243099487,0.7102074936990904,-0.6403613223292175,0.943464,0.001051627,-0.733728081058997,1.2739804294227128
phi1,phi2,0.0775,0.185,0.185,0.0775,3545632.0,0.5822475,-0.3235275,0.31532685876027766,0.732907721945897,-0.6028393179417312,0.941415,0.001041675,-0.6883291639171754,1.2499952619163086
phi1,phi2,0.0775,0.19,0.19,0.0775,3546082.0,0.5653248,-0.3050706,0.349194775867024,0.7414534874059439,-0.5729831886894612,0.944245,0.001024013,-0.6579239514452571,1.2140846789528497
phi1,phi2,0.0775,0.195,0.195,0.0775,3546514.0,0.5531665,-0.2887983,0.375276540288728,0.7490249744870915,-0.5460120016112601,0.9431902,0.001008576,-0.6299013714051278,1.1861012248144387
phi1,phi2,0.0775,0.2,0.2,0.0775,3546962.0,0.5404879,-0.2655769,0.4056480209511224,0.76084068657875,-0.5065285112852129,0.9385428,0.0009918952,-0.5873666488437137,1.153108635920336
phi1,phi2,0.0775,0.20500000000000002,0.20500000000000002,0.0775,3547395.0,0.5342722,-0.2380927,0.42784474382033355,0.7789899747211524,-0.4583922932044684,0.9428696,0.0009769972,-0.5318794089140964,1.1286894220777943
phi1,phi2,0.0775,0.21,0.21,0.0775,3547844.0,0.5335917,-0.2276609,0.4334262538488507,0.7866132667178191,-0.43975135144541966,0.9419778,0.0009746238,-0.5097601810530175,1.1225050845770468
phi1,phi2,0.0775,0.215,0.215,0.0775,3548277.0,0.5375655,-0.2189154,0.43075371601327955,0.7966779096391369,-0.4239758771837923,0.9444684,0.0009756832,-0.4890588034069916,1.1254685455561804
phi1,phi2,0.0775,0.22,0.22,0.0775,3548711.0,0.539281,-0.2144349,0.4297960852101019,0.8014672412290632,-0.41584322331227835,0.9440946,0.0009779618,-0.47861555149005763,1.1265293997711798
phi1,phi2,0.0775,0.225,0.225,0.0775,3549144.0,0.5418238,-0.1929693,0.433676752982718,0.8186731851716291,-0.3764288642005367,0.9420134,0.0009779334,-0.4309766152517285,1.1222271008544473
phi1,phi2,0.0775,0.23,0.23,0.0775,3549584.0,0.5442484,-0.1649888,0.43879447608990824,0.8381343907290516,-0.32402183696507914,0.948216,0.0009765634,-0.3689005958522529,1.1165396701460983
phi1,phi2,0.0775,0.23500000000000001,0.23500000000000001,0.0775,3550034.0,0.5520375,-0.1385942,0.43278508377363656,0.858959489381758,-0.2736524563457742,0.9432284,0.0009835376,-0.3084197503460424,1.1232164341844522
phi1,phi2,0.0775,0.24,0.24,0.0775,3550467.0,0.5530902,-0.1100395,0.43727189088779667,0.8724307824608422,-0.2183067182983007,0.9443104,0.0009824116,-0.245193356846368,1.1182333912688263
phi1,phi2,0.0775,0.245,0.245,0.0775,3550915.0,0.5484963,-0.07080049,0.45170758054870014,0.8809330726027936,-0.14112825113860356,0.9494168,0.0009760678,-0.15885333283109926,1.1021179413797901
phi1,phi2,0.0775,0.25,0.25,0.0775,3551348.0,0.5491836,-0.02656421,0.4544086109280939,0.8892091092922182,-0.053103429890544875,0.9425766,0.0009791886,-0.05964900006928664,1.0990881154692915
phi1,phi2,0.0775,0.255,0.255,0.0775,3551797.0,0.5514002,-0.01968967,0.4507488875714622,0.8917822095998982,-0.039369162985928276,0.943785,0.000983843,-0.044117965800706926,1.1031922173066357
phi1,phi2,0.0775,0.26,0.26,0.0775,3552230.0,0.5576744,-0.01006155,0.4397752095370825,0.8978824425160717,-0.0201217419223169,0.9429396,0.000992797,-0.022406468246478628,1.11544796212821
phi1,phi2,0.0775,0.265,0.265,0.0775,3552664.0,0.5620035,0.002027696,0.432068702822375,0.9018315751443147,0.0040553808840416,0.9450478,0.0009980922,0.004496797030519417,1.124010939690014
phi1,phi2,0.0775,0.27,0.27,0.0775,3553114.0,0.5567627,0.02781975,0.44081785086201836,0.8958722351133646,0.05561079674285946,0.9402096,0.000995653,0.06199492739758439,1.1142867006511055
phi1,phi2,0.0775,0.275,0.275,0.0775,3553546.0,0.5473836,0.0510182,0.45586993292704897,0.8841986540421911,0.10185943472779362,0.9464102,0.0009852548,0.11469413252589833,1.0974469552737007
phi1,phi2,0.0775,0.28,0.28,0.0775,3554001.0,0.5345544,0.06249013,0.4771547957246053,0.8699335578933217,0.124655147378987,0.9443686,0.000972099,0.14232389600682982,1.0733820011883344
phi1,phi2,0.0775,0.28500000000000003,0.28500000000000003,0.0775,3554435.0,0.5275919,0.08255778,0.4863617999354927,0.8581584424114911,0.16436632039864893,0.9427172,0.00096882,0.18924185777336522,1.0628752780555335
phi1,phi2,0.0775,0.29,0.29,0.0775,3554868.0,0.5243708,0.0986578,0.488986353836371,0.8499773851031529,0.1960377274277015,0.9468294,0.0009665696,0.22667496756402805,1.0598690027482214
phi1,phi2,0.0775,0.295,0.295,0.0775,3555315.0,0.5160678,0.09359936,0.504024651445406,0.8433998030652733,0.18610728874709687,0.9381972,0.0009581224,0.21718278778082878,1.04254401584843
phi1,phi2,0.0775,0.3,0.3,0.0775,3555747.0,0.5036108,0.1087214,0.5216320587289787,0.8254448001917558,0.21573334731227753,0.9388698,0.0009450054,0.25563595837228226,1.022033558562162
phi1,phi2,0.0775,0.305,0.305,0.0775,3556196.0,0.4963879,0.08641736,0.5382269071272503,0.825067400960928,0.17197552243215733,0.9443728,0.0009285032,0.2054958433697056,1.0024644463284582
phi1,phi2,0.0775,0.31,0.31,0.0775,3556643.0,0.494048,0.1000445,0.5393019498894366,0.8183209873386407,0.19875655593354405,0.9488058,0.0009281748,0.2382695207511598,1.001188365043603
phi1,phi2,0.0775,0.315,0.315,0.0775,3557092.0,0.497209,0.1207906,0.529164911044477,0.8140943290777569,0.23923820824175962,0.9473346,0.0009417984,0.28582384448666076,1.013180236188875
phi1,phi2,0.0775,0.32,0.32,0.0775,3557523.0,0.5089612,0.1560481,0.4997669381825972,0.8099078325798571,0.307054246388794,0.944348,0.0009650496,0.362379970539334,1.0474666469021883
phi1,phi2,0.0775,0.325,0.325,0.0775,3557972.0,0.5054367,0.1848906,0.4952205460673547,0.7900242964332621,0.36141143008748366,0.9377814,0.0009731716,0.4290475573456942,1.0527076526015997
phi1,phi2,0.0775,0.33,0.33,0.0775,3558404.0,0.4952984,0.2247128,0.49375371860150535,0.7533007283212685,0.4344482455688271,0.9449838,0.0009757284,0.5231305763718161,1.0543952425791188
phi1,phi2,0.0775,0.335,0.335,0.0775,3558835.0,0.4850136,0.2487285,0.49676488965652177,0.724922171534062,0.4771922983692043,0.9402558,0.0009771588,0.5821648412295826,1.0509291238210505
phi1,phi2,0.0775,0.34,0.34,0.0775,3559300.0,0.4585719,0.2848446,0.5120535938748115,0.6684913850703318,0.5393703598517803,0.9410288,0.0009683992,0.6789021028340501,1.0332224264412935
phi1,phi2,0.0775,0.34500000000000003,0.34500000000000003,0.0775,3559732.0,0.4372329,0.312897,0.5198591095010552,0.621815081197614,0.58574099315651,0.9438876,0.000964452,0.7555334115222014,1.024110312871895
phi1,phi2,0.0775,0.35000000000000003,0.35000000000000003,0.0775,3560163.0,0.4111081,0.3465249,0.5235857021802701,0.5636330596190436,0.6388863643691803,0.9419776,0.0009635934,0.8478963628434735,1.019742088641235
phi1,phi2,0.0775,0.355,0.355,0.0775,3560610.0,0.3811539,0.3755856,0.5286119683941548,0.5047470907429803,0.6824952463255365,0.9365644,0.0009661118,0.9340095100526344,1.013831760052484
phi1,phi2,0.0775,0.36,0.36,0.0775,3561058.0,0.3668886,0.3915548,0.5263334110988162,0.47461742042155025,0.705486672158644,0.9417462,0.0009653728,0.9785927698634298,1.0165137679365985
phi1,phi2,0.0775,0.365,0.365,0.0775,3561489.0,0.3689016,0.389861,0.5261837352687084,0.4783374522419689,0.7030817580632653,0.9379988,0.0009663608,0.9733844798402123,1.0166897899306508
phi1,phi2,0.0775,0.37,0.37,0.0775,3561936.0,0.3717162,0.3865108,0.5269389280101897,0.4844694682790486,0.6983012963276582,0.9382096,0.0009658518,0.9642551402941759,1.0158014711458487
phi1,phi2,0.0775,0.375,0.375,0.0775,3562384.0,0.3744243,0.3860002,0.5248292854365754,0.4878015798835419,0.6975699533460813,0.9359866,0.0009677206,0.9605490655361546,1.0182817818549192
phi1,phi2,0.0775,0.38,0.38,0.0775,3562831.0,0.3699039,0.3859567,0.5292627157625411,0.4830777436997416,0.6975076137545929,0.9429776,0.0009647046,0.9650696214525034,1.0130649668389229
phi1,phi2,0.0775,0.385,0.385,0.0775,3563262.0,0.3617958,0.3930252,0.5295831495401435,0.4678562293114948,0.7075678316723931,0.9401764,0.0009649788,0.9865757203452263,1.0126872562876204
phi1,phi2,0.0775,0.39,0.39,0.0775,3563710.0,0.3343197,0.4133119,0.5315038621187943,0.4199103501720169,0.7356486541625832,0.9366786,0.0009654384,1.0521220355597727,1.0104213493580407
phi1,phi2,0.0775,0.395,0.395,0.0775,3564142.0,0.2934829,0.4367897,0.5346173171176828,0.355611451850897,0.7666321279142873,0.9370008,0.0009643742,1.1364748077732942,1.0067414731869224
phi1,phi2,0.0775,0.4,0.4,0.0775,3564573.0,0.2498217,0.4537791,0.5404079952593795,0.29497605912091024,0.7880027431457556,0.9378978,0.0009600628,1.2126098525363478,0.9998743941792971
phi1,phi2,0.0775,0.405,0.405,0.0775,3565019.0,0.1918618,0.4705538,0.5460671553253583,0.22046740603454773,0.8082108541409654,0.9368726,0.0009561748,1.3044909988763074,0.9931338920033813
phi1,phi2,0.0775,0.41000000000000003,0.41000000000000003,0.0775,3565466.0,0.1497599,0.4782194,0.5507698351906407,0.1700833307852259,0.8171439586958212,0.93933,0.0009525122,1.3655827320496474,0.9875100323023766
phi1,phi2,0.0775,0.41500000000000004,0.41500000000000004,0.0775,3565913.0,0.1348278,0.4821304,0.5494252381095189,0.15185420858170567,0.8216277789025407,0.9383748,0.0009555432,1.3880374767844126,0.9891201349847979
phi1,phi2,0.0775,0.42,0.42,0.0775,3566343.0,0.0964677,0.4900851,0.5465486077471872,0.10677676231142604,0.8305921637000319,0.935141,0.0009572186,1.4429425854259375,0.9925590813784464
phi1,phi2,0.0775,0.425,0.425,0.0775,3566781.0,0.0464041,0.4920635,0.5512079239699865,0.05130399987614512,0.8327891234576771,0.9376018,0.000952764,1.5092690527371477,0.9869850686303935
phi1,phi2,0.0775,0.43,0.43,0.0775,3567232.0,-0.006616483,0.4917007,0.5541459540438453,-0.0073334226291716315,0.8323872191050139,0.9372014,0.0009488966,1.579606208463451,0.9834596916599214
phi1,phi2,0.0775,0.435,0.435,0.0775,3567665.0,-0.05312678,0.4900088,0.5538666276310528,-0.05907277543254543,0.8305071739601656,0.9370788,0.000949529,1.6418052919997015,0.9837952138562632
phi1,phi2,0.0775,0.44,0.44,0.0775,3568098.0,-0.08511744,0.4926254,0.544665498428532,-0.0936272545749331,0.8334107222866524,0.9395092,0.0009532296,1.682669530409628,0.9948061193105967
phi1,phi2,0.0775,0.445,0.445,0.0775,3568564.0,-0.1276482,0.4986866,0.5249272192547179,-0.1370014567238108,0.8400488172368694,0.9391002,0.0009695588,1.7324605579662444,1.0181667249606343
phi1,phi2,0.0775,0.45,0.45,0.0775,3568994.0,-0.1309463,0.4900235,0.5379913201900266,-0.14420808889556413,0.8305235496343745,0.9382092,0.0009602804,1.7427174026218335,1.0027439502721103
phi1,phi2,0.0775,0.455,0.455,0.0775,3569442.0,-0.1374377,0.4686273,0.5697785045923375,-0.16068557274812995,0.8059358550251534,0.9376352,0.0009329016,1.7675933728933302,0.9645600220397025
phi1,phi2,0.0775,0.46,0.46,0.0775,3569889.0,-0.1824533,0.4471135,0.5848960581335516,-0.22343908184421687,0.779725322074669,0.939191,0.0009208182,1.8498788753374011,0.9460444229132948
phi1,phi2,0.0775,0.465,0.465,0.0775,3570336.0,-0.2268478,0.4326206,0.5828544430620124,-0.28421216963187745,0.7612516934864659,0.94107,0.0009199738,1.9281183115799418,0.9485592139020513
phi1,phi2,0.0775,0.47000000000000003,0.47000000000000003,0.0775,3570766.0,-0.2819022,0.4168607,0.5680989258245981,-0.3591873693157255,0.7404377382339358,0.9456838,0.0009288646,2.0224541592385403,0.9666023621200993
phi1,phi2,0.0775,0.47500000000000003,0.47500000000000003,0.0775,3571197.0,-0.3178299,0.4101192,0.5488295829555294,-0.4049370804502287,0.731308450483997,0.9437814,0.0009433674,2.0764879207583906,0.9898328639996343
phi1,phi2,0.0775,0.48,0.48,0.0775,3571643.0,-0.3585599,0.4033052,0.521523569835104,-0.4547606975346671,0.7219458941529016,0.9427842,0.00096126,2.132918401057087,1.02216071329883
phi1,phi2,0.0775,0.485,0.485,0.0775,3572090.0,-0.3928541,0.3818367,0.510585166842095,-0.5109018652212138,0.691579403622111,0.9436428,0.0009641724,2.2070562079091793,1.0349311106122052
phi1,phi2,0.0775,0.49,0.49,0.0775,3572536.0,-0.4081075,0.3449139,0.5283660239952761,-0.5619776062153536,0.6364043642212742,0.9488258,0.0009490122,2.294168117369656,1.0141214676370434
phi1,phi2,0.0775,0.495,0.495,0.0775,3572982.0,-0.3940404,0.3450975,0.5438007978819984,-0.5467262927893237,0.6366875630917761,0.9469764,0.0009366044,2.280321980540166,0.9958368328331548
phi1,phi2,0.0775,0.5,0.5,0.0775,3573412.0,-0.3901795,0.3504602,0.5431219169896618,-0.5376755558244036,0.6449213750174463,0.9461734,0.0009383412,2.2657551703235024,0.9966455691763441
phi1,phi2,0.0775,0.505,0.505,0.0775,3573859.0,-0.4167543,0.3377364,0.524656939613358,-0.577734427198621,0.6252663651157213,0.9474932,0.0009509096,2.316703887323783,1.0184842413803563
phi1,phi2,0.0775,0.51,0.51,0.0775,3574298.0,-0.4495719,0.3400397,0.48383721217062065,-0.6086404860806162,0.6288547613102037,0.9452102,0.000977382,2.339861112219973,1.0657623082906083
phi1,phi2,0.0775,0.515,0.515,0.0775,3574755.0,-0.4874645,0.3295615,0.44366643016555424,-0.6542913696501276,0.6124237930922618,0.9484626,0.001001784,2.389234546735265,1.1111106553345809
phi1,phi2,0.0775,0.52,0.52,0.0775,3575190.0,-0.5136212,0.3065928,0.42296039214304193,-0.6999516539336239,0.5754756196693206,0.9436558,0.001014425,2.4534819429609858,1.1340864814244191
phi1,phi2,0.0775,0.525,0.525,0.0775,3575621.0,-0.5206799,0.294833,0.4197580006175272,-0.7173384201280076,0.5560834576984196,0.9470918,0.001012199,2.4821552825452695,1.1376176491795253
phi1,phi2,0.0775,0.53,0.53,0.0775,3576070.0,-0.5155393,0.2753617,0.4379126959175549,-0.7310168225953618,0.523303808353045,0.9436514,0.001001713,2.5203032244594876,1.11752073119566
phi1,phi2,0.0775,0.535,0.535,0.0775,3576517.0,-0.5213392,0.2517748,0.4413610631860146,-0.7565433873360851,0.48253757882817083,0.9465892,0.0009960284,2.5738284001501484,1.113681425277675
phi1,phi2,0.0775,0.54,0.54,0.0775,3576948.0,-0.5284873,0.2359362,0.43779633563676157,-0.7757024204170088,0.45455486298379666,0.9525258,0.000994887,2.6115373596588682,1.1176501576116586
phi1,phi2,0.0775,0.545,0.545,0.0775,3577383.0,-0.5393682,0.2170243,0.4286331083480635,-0.7996333725448599,0.4205474146162481,0.9539026,0.0009998732,2.6574205649548377,1.1278170146129538
phi1,phi2,0.0775,0.55,0.55,0.0775,3577835.0,-0.556425,0.195348,0.40879165935169026,-0.8293710397374058,0.3808320596921774,0.9484162,0.001009335,2.7111294550793508,1.1496666814370262
phi1,phi2,0.0775,0.555,0.555,0.0775,3578288.0,-0.5697738,0.1738753,0.3929844058698254,-0.8540664955497896,0.34078391676022707,0.9528518,0.001017599,2.7619371430168975,1.1669214520549616
phi1,phi2,0.0775,0.56,0.56,0.0775,3578724.0,-0.5861423,0.1612853,0.36803307007653935,-0.8741047386949082,0.3170056231695952,0.9488972,0.001030251,2.7936814264899184,1.193903598491037
phi1,phi2,0.0775,0.5650000000000001,0.5650000000000001,0.0775,3579159.0,-0.5954509,0.145335,0.3552672819937494,-0.8897465548607496,0.28659418427142047,0.9442172,0.001035221,2.8299789936325315,1.20759634002104
phi1,phi2,0.0775,0.5700000000000001,0.5700000000000001,0.0775,3579595.0,-0.6013619,0.1219705,0.34916483516712793,-0.9053992213999051,0.24152881354231423,0.9555214,0.001037363,2.8808984691687805,1.2141166308406182
phi1,phi2,0.0775,0.5750000000000001,0.5750000000000001,0.0775,3580047.0,-0.6005075,0.09089024,0.35545670573658655,-0.9170434882778058,0.18078100274688022,0.9566974,0.00103021,2.94695379654119,1.2073936889937413
phi1,phi2,0.0775,0.58,0.58,0.0775,3580465.0,-0.595578,0.05587535,0.36827485452967035,-0.923004502313866,0.11151825065648582,0.9593136,0.001019646,3.0213545424136568,1.1936435494513193
phi1,phi2,0.0775,0.585,0.585,0.0775,3580917.0,-0.5900599,0.02870132,0.3801868229277958,-0.9231286660863313,0.057371120973357316,0.9660386,0.001009237,3.079523919795724,1.1807980482558178
phi1,phi2,0.0775,0.59,0.59,0.0775,3581353.0,-0.5920902,-0.0154481,0.3768763342142098,-0.9257483228362255,-0.030891284777019266,0.959475,0.001008834,-3.108236042550224,1.1843746827998525
phi1,phi2,0.0775,0.595,0.595,0.0775,3581798.0,-0.5876866,-0.04000656,0.38396631644975804,-0.9198811983593379,-0.07992777200068096,0.954472,0.001000772,-3.0549210988177053,1.1767082613563833
phi1,phi2,0.0775,0.6,0.6,0.0775,3582219.0,-0.5718124,-3.75311e-05,0.414298151886411,-0.9101412174542862,-7.50621999295124e-05,0.9565824,0.0009863356,-3.141510180454504,1.1436248012823802
phi1,phi2,0.0775,0.605,0.605,0.0775,3582652.0,-0.5622506,-0.01359333,0.431467013338026,-0.9017190715505594,-0.027183311114742544,0.953971,0.0009739084,-3.1114556831693347,1.1246780124903095
phi1,phi2,0.0775,0.61,0.61,0.0775,3583100.0,-0.5575997,-0.04155292,0.4384798635418914,-0.8948992760509836,-0.08301021016543415,0.961528,0.000965052,-3.0490980535168903,1.1168897592377265
phi1,phi2,0.0775,0.615,0.615,0.0775,3583531.0,-0.5561055,-0.0670551,0.43870508363370886,-0.8886280843099188,-0.13370855383865504,0.9405158,0.000965548,-2.992246726788486,1.1166391488168215
phi1,phi2,0.0775,0.62,0.62,0.0775,3583995.0,-0.5521977,-0.102211,0.4403116334147666,-0.874594858567568,-0.20300122868297066,0.9580896,0.0009574274,-2.9135222700508896,1.1148505924934295
phi1,phi2,0.0775,0.625,0.625,0.0775,3584425.0,-0.5494077,-0.1357967,0.43798612230434836,-0.8580216179055793,-0.268266769979982,0.957162,0.0009564658,-2.8385644357757625,1.1174390555361022
phi1,phi2,0.0775,0.63,0.63,0.0775,3584873.0,-0.5528585,-0.1479856,0.42899289486207953,-0.854923572288653,-0.2916689591010006,0.951817,0.0009636816,-2.8128113278925615,1.1274187533817905
phi1,phi2,0.0775,0.635,0.635,0.0775,3585305.0,-0.5577441,-0.141238,0.4223114363646773,-0.8625312750389844,-0.27873437228879233,0.955362,0.000967498,-2.829027166624199,1.1348025314295864
phi1,phi2,0.0775,0.64,0.64,0.0775,3585742.0,-0.5612954,-0.1346663,0.417726210671316,-0.868735808986898,-0.2660881566362232,0.9495062,0.0009727424,-2.844372027207522,1.1398550448544669
phi1,phi2,0.0775,0.645,0.645,0.0775,3586175.0,-0.5590915,-0.1471003,0.4185275485769509,-0.8606679118219588,-0.28997488967529056,0.9619956,0.0009695158,-2.816618981490154,1.138972891647025
phi1,phi2,0.0775,0.65,0.65,0.0775,3586606.0,-0.5587021,-0.1736355,0.4118699965080569,-0.8453026468996236,-0.340332985649266,0.9569188,0.0009723674,-2.758832514130944,1.146291075014021
phi1,phi2,0.0775,0.655,0.655,0.0775,3587056.0,-0.5600796,-0.2199148,0.3940863713712819,-0.814495438538919,-0.42578528919950975,0.9467752,0.000982644,-2.6599036063978265,1.165722763645791
phi1,phi2,0.0775,0.66,0.66,0.0775,3587488.0,-0.5548318,-0.2634367,0.3846184847287821,-0.7740977793503332,-0.5028332220625628,0.959187,0.000984075,-2.565517480860585,1.1760018486366046
phi1,phi2,0.0775,0.665,0.665,0.0775,3587919.0,-0.5547798,-0.28949,0.37252125598931013,-0.7495548022585913,-0.5471704599548763,0.9521608,0.0009914794,-2.5110188526294035,1.1890719811593364
phi1,phi2,0.0775,0.67,0.67,0.0775,3588350.0,-0.5591865,-0.2695693,0.37513766713659163,-0.77181298326147,-0.5133969707393548,0.952783,0.0009917672,-2.5546178219561324,1.1862510435746112
phi1,phi2,0.0775,0.675,0.675,0.0775,3588804.0,-0.5635309,-0.266135,0.36992266247223154,-0.7782098081319985,-0.5074906090920439,0.9604206,0.0009915372,-2.563724549351194,1.1918705500198938
phi1,phi2,0.0775,0.68,0.68,0.0775,3589240.0,-0.5636791,-0.2928993,0.357512845013545,-0.7526784491838927,-0.5528650086453756,0.9555092,0.000999355,-2.5080659907247402,1.2051929639779286
phi1,phi2,0.0775,0.685,0.685,0.0775,3589671.0,-0.5710446,-0.3236233,0.3316197012302392,-0.7255541384397008,-0.6029921773530651,0.9515606,0.001016236,-2.448186793459296,1.2327764160360923
phi1,phi2,0.0775,0.6900000000000001,0.6900000000000001,0.0775,3590118.0,-0.5625871,-0.3559299,0.32634555035568047,-0.6832072209824152,-0.6532430443261784,0.9513698,0.001016861,-2.378611454043319,1.2383614624284667
phi1,phi2,0.0775,0.6950000000000001,0.6950000000000001,0.0775,3590564.0,-0.5500247,-0.3816768,0.32770117288953726,-0.6439327321133028,-0.691348376580085,0.9489572,0.001016318,-2.3206995448693717,1.2369269657352822
phi1,phi2,0.0775,0.7000000000000001,0.7000000000000001,0.0775,3591011.0,-0.5436658,-0.4001489,0.32376451059094946,-0.6166677469426525,-0.7175635383451948,0.9477742,0.001019145,-2.280717228675087,1.2410907150623365
phi1,phi2,0.0775,0.705,0.705,0.0775,3591442.0,-0.5221514,-0.4405662,0.3197327434754385,-0.5501096289665586,-0.7714598945298096,0.9514736,0.001018719,-2.190244407442622,1.2453489155495154
phi1,phi2,0.0775,0.71,0.71,0.0775,3591889.0,-0.490208,-0.4792993,0.31990415186078114,-0.47739291725401134,-0.8183870332415701,0.9509722,0.001017073,-2.0988712139223606,1.245168005562264
phi1,phi2,0.0775,0.715,0.715,0.0775,3592319.0,-0.4689791,-0.5024841,0.31707756717891367,-0.432297551060283,-0.8441449186835064,0.9544398,0.00101651,-2.0440872778383987,1.2481498694279207
phi1,phi2,0.0775,0.72,0.72,0.0775,3592749.0,-0.4388139,-0.5307316,0.3115624120111982,-0.3750704903187216,-0.8730698658835031,0.9510302,0.001020451,-1.9765564415362022,1.2539594830038352
phi1,phi2,0.0775,0.725,0.725,0.0775,3593198.0,-0.4104984,-0.5510071,0.3078982041568601,-0.3306388600028427,-0.8921191849371927,0.9515964,0.001022348,-1.9257231023218464,1.2578132026262465
phi1,phi2,0.0775,0.73,0.73,0.0775,3593632.0,-0.3993987,-0.5605307,0.30325191872644663,-0.311489477134018,-0.9005623684251439,0.9457428,0.00102944,-1.9037990036894163,1.2626928998138032
phi1,phi2,0.0775,0.735,0.735,0.0775,3594082.0,-0.3947987,-0.5705889,0.2932875817816465,-0.2957611513217,-0.9091247085749768,0.9440156,0.001035776,-1.8853223038540752,1.2731324884640258
phi1,phi2,0.0775,0.74,0.74,0.0775,3594518.0,-0.4136374,-0.5617495,0.2927729761205692,-0.31838102091869985,-0.9016193819856975,0.9485078,0.001032367,-1.9102491160495705,1.2736707208323605
phi1,phi2,0.0775,0.745,0.745,0.0775,3594969.0,-0.3911908,-0.5682417,0.2984376914148436,-0.29664258857872977,-0.9071593680188113,0.9475562,0.001029411,-1.8868375617811932,1.2677409963704707
phi1,phi2,0.0775,0.75,0.75,0.0775,3595403.0,-0.3543329,-0.5787886,0.30487643660850666,-0.2613435656571056,-0.915832899109073,0.9506772,0.001023136,-1.8487699119763377,1.2609876402790654
phi1,phi2,0.0775,0.755,0.755,0.0775,3595853.0,-0.267566,-0.5989378,0.3134031341905478,-0.18579530478652326,-0.9312671905521124,0.9427604,0.00102368,-1.7677188167656728,1.2520217241180427
phi1,phi2,0.0775,0.76,0.76,0.0775,3596304.0,-0.1507531,-0.6092404,0.3295059308632272,-0.10247217518920496,-0.9385762061963594,0.9432056,0.001013069,-1.6795439266028218,1.235016092686701
phi1,phi2,0.0775,0.765,0.765,0.0775,3596738.0,-0.07620891,-0.6065055,0.34614074488603497,-0.05317039404760138,-0.9366747001635967,0.948306,0.000999386,-1.6275005319767464,1.2173419047714575
phi1,phi2,0.0775,0.77,0.77,0.0775,3597172.0,-0.01293484,-0.6035997,0.3555193024275467,-0.009199222842873568,-0.9346236675264101,0.9465878,0.000996738,-1.5806387116069682,1.2073267178009313
phi1,phi2,0.0775,0.775,0.775,0.0775,3597605.0,0.1001084,-0.597701,0.35931524609729826,0.07291791040428584,-0.9303631184996053,0.9437778,0.0009965934,-1.4925804655538075,1.2032622940524813
phi1,phi2,0.155,0.0,0.0,0.155,3598057.0,-0.6664509,-0.5765357,0.09560180598170766,-0.3942565468856606,-0.9140142613388649,0.9432884,0.001106231,-1.9780299304401123,1.4750482898604365
phi1,phi2,0.155,0.005,0.005,0.155,3598491.0,-0.6823622,-0.5482877,0.09343721191083516,-0.44698387642714316,-0.8896487518366415,0.9439592,0.001106003,-2.0363839401625783,1.4772226188193485
phi1,phi2,0.155,0.01,0.01,0.155,3598925.0,-0.7012071,-0.5410665,0.07867333071793607,-0.46280679189033014,-0.8829611432072914,0.9444218,0.001107653,-2.0535791618011072,1.4920416111890062
phi1,phi2,0.155,0.015,0.015,0.155,3599375.0,-0.7123112,-0.5651884,0.062095040220549375,-0.4217725590821199,-0.9045728905872251,0.944288,0.001109553,-2.007095307486922,1.5086613128960178
phi1,phi2,0.155,0.02,0.02,0.155,3599825.0,-0.7042275,-0.590284,0.061483676896417705,-0.3753979262881242,-0.9248222285465856,0.9430798,0.001109979,-1.9563902223419585,1.5092738466519495
phi1,phi2,0.155,0.025,0.025,0.155,3600259.0,-0.6795413,-0.6203335,0.06811870834869133,-0.3169274861441554,-0.9460004281707551,0.9429276,0.001109504,-1.894062613224553,1.502624827874839
phi1,phi2,0.155,0.03,0.03,0.155,3600709.0,-0.644303,-0.6619429,0.06805823111733676,-0.23474243260274885,-0.9696721443420571,0.9412558,0.001110779,-1.808311185684534,1.5026854457829528
phi1,phi2,0.155,0.035,0.035,0.155,3601144.0,-0.6589874,-0.6576876,0.0631977824693555,-0.2446211882531529,-0.9675569825847837,0.9411672,0.001111887,-1.818430675324288,1.5075564003040167
phi1,phi2,0.155,0.04,0.04,0.155,3601594.0,-0.6705575,-0.6554388,0.05851093573934684,-0.2502528786070992,-0.966410868703248,0.9431488,0.001111031,-1.8241813800988886,1.51225195386353
phi1,phi2,0.155,0.045,0.045,0.155,3602028.0,-0.690199,-0.6343212,0.0563165049868594,-0.2921997050978093,-0.9546977446327284,0.9442688,0.001110651,-1.8678081456093736,1.5144500108189078
phi1,phi2,0.155,0.05,0.05,0.155,3602478.0,-0.6804084,-0.6530619,0.054526456806745505,-0.25584736497633015,-0.9651782173996524,0.9432406,0.001111883,-1.829914795892297,1.5162428146933584
phi1,phi2,0.155,0.055,0.055,0.155,3602912.0,-0.6522511,-0.6819583,0.054054539194373454,-0.1981671284034835,-0.978676604406584,0.9419322,0.001112141,-1.7705799637799515,1.5167154293300866
phi1,phi2,0.155,0.06,0.06,0.155,3603345.0,-0.5411698,-0.7259929,0.055622384961671954,-0.10466994086376602,-0.9929503279473507,0.9396308,0.001113279,-1.6758215308864062,1.5151452206120293
phi1,phi2,0.155,0.065,0.065,0.155,3603796.0,-0.3933466,-0.7510582,0.0484629886332224,-0.04858867415914024,-0.997642460742421,0.9387252,0.00111485,-1.619461367345131,1.5223143475596488
phi1,phi2,0.155,0.07,0.07,0.155,3604230.0,-0.2893953,-0.755939,0.049293462749493526,-0.03221038372540837,-0.9982648174259304,0.9386484,0.001114572,-1.6030515078478338,1.5214828796032254
phi1,phi2,0.155,0.075,0.075,0.155,3604663.0,-0.3220813,-0.7537976,0.05050216967784209,-0.0379288512083271,-0.9980034734928767,0.9381974,0.001114285,-1.608782773796241,1.5202726650703489
phi1,phi2,0.155,0.08,0.08,0.155,3605098.0,-0.08766564,-0.7573538,0.05519986640881546,-0.00977867142553206,-0.998427439693842,0.9386334,0.001113377,-1.5805900868473948,1.5155683893145815
phi1,phi2,0.155,0.085,0.085,0.155,3605549.0,0.2066618,-0.7565424,0.05282236021288855,0.02316727327442975,-0.9983351519958454,0.939068,0.001113284,-1.5475945834359695,1.517949371514587
phi1,phi2,0.155,0.09,0.09,0.155,3605982.0,0.4430909,-0.7486675,0.04641329418490297,0.056856591493738784,-0.9973029299699363,0.9374906,0.001114026,-1.513847618860547,1.5243663525631466
phi1,phi2,0.155,0.095,0.095,0.155,3606416.0,0.6106627,-0.7263436,0.04034669769265498,0.11071208164706475,-0.9930332214798613,0.937285,0.001114043,-1.4597660387492704,1.5304386746400616
phi1,phi2,0.155,0.1,0.1,0.155,3606866.0,0.6479371,-0.7210384,0.03484733036686008,0.12354381653485874,-0.9917270738274235,0.9355,0.001115191,-1.4468603952142027,1.5359419398407939
phi1,phi2,0.155,0.105,0.105,0.155,3607299.0,0.710878,-0.6926524,0.02738580516018173,0.18238507002300366,-0.9828457172458109,0.9343702,0.001115955,-1.3873150627788176,1.543407097333947
phi1,phi2,0.155,0.11,0.11,0.155,3607733.0,0.7488805,-0.6489542,0.019666520392060058,0.2687951255495467,-0.9629965775933329,0.9318458,0.001117901,-1.298600441914251,1.5511285384388211
phi1,phi2,0.155,0.115,0.115,0.155,3608166.0,0.752313,-0.5928418,0.02483964775033319,0.37484148557823205,-0.9267560912069278,0.9377336,0.001112351,-1.186445743473488,1.5459541239577586
phi1,phi2,0.155,0.12,0.12,0.155,3608616.0,0.7676586,-0.5628364,0.015273020730600315,0.4302984084753627,-0.9025574854275669,0.9313748,0.001118113,-1.1259173901499722,1.5555227122246829
phi1,phi2,0.155,0.125,0.125,0.155,3609049.0,0.7610772,-0.5222568,0.024424303366957775,0.5017284264915091,-0.8646803105514738,0.9333392,0.001114185,-1.0450274942606184,1.5463695944033191
phi1,phi2,0.155,0.13,0.13,0.155,3609482.0,0.750762,-0.4922238,0.03829934645905615,0.5519962564308988,-0.8329665617220673,0.9359332,0.001113482,-0.9855538194013036,1.5324876109815124
phi1,phi2,0.155,0.135,0.135,0.155,3609932.0,0.7328217,-0.4687077,0.062122575525339944,0.5886040692314823,-0.8060310386667742,0.9306188,0.001115573,-0.9400555777166044,1.508633724328306
phi1,phi2,0.155,0.14,0.14,0.155,3610365.0,0.7099229,-0.4495422,0.09358422694689726,0.6152501848691151,-0.7827574352794557,0.9362616,0.001110386,-0.9046482145225498,1.47707495676834
phi1,phi2,0.155,0.145,0.145,0.155,3610797.0,0.7027449,-0.4158363,0.11085071023757997,0.6644574585159402,-0.7390591355651872,0.9345202,0.001110684,-0.8385015889299057,1.459717331943621
phi1,phi2,0.155,0.15,0.15,0.155,3611247.0,0.6887632,-0.3968086,0.1346924362869868,0.6882145603982672,-0.7128945689671761,0.934072,0.00110649,-0.8030109645686601,1.4356932630574473
phi1,phi2,0.155,0.155,0.155,0.155,3611697.0,0.686765,-0.3636268,0.14640469306187318,0.7325157118541883,-0.6648205755963111,0.9369544,0.001104461,-0.7369901665814789,1.4238635091866725
phi1,phi2,0.155,0.16,0.16,0.155,3612130.0,0.6990941,-0.3551244,0.13022253884806825,0.7469329551467032,-0.6520224312796121,0.9347802,0.001108527,-0.7176581139784632,1.4402029003105858
phi1,phi2,0.155,0.165,0.165,0.155,3612579.0,0.7054803,-0.3433778,0.12307649293171077,0.7634501290844501,-0.6340316059066512,0.9376558,0.001106999,-0.6930531729133138,1.4474069730228165
phi1,phi2,0.155,0.17,0.17,0.155,3613014.0,0.712822,-0.3362201,0.11315492028127909,0.7740772043203944,-0.622896817914219,0.9371446,0.001107997,-0.6775977952792323,1.4573985312132738
phi1,phi2,0.155,0.17500000000000002,0.17500000000000002,0.155,3613449.0,0.7159812,-0.3388491,0.10780702192531944,0.7715223335438941,-0.6270015429539052,0.9349904,0.001109775,-0.6824255721980172,1.4627793765060635
phi1,phi2,0.155,0.18,0.18,0.155,3613883.0,0.7152984,-0.3580926,0.10540859001539693,0.7469144289172349,-0.6565118925245808,0.9286876,0.001112418,-0.7210714455776452,1.4651915556661648
phi1,phi2,0.155,0.185,0.185,0.155,3614333.0,0.7042713,-0.3454684,0.12449281112811503,0.7605274415493317,-0.6372594060724779,0.935647,0.001107794,-0.6974377124595592,1.4459796775207798
phi1,phi2,0.155,0.19,0.19,0.155,3614767.0,0.6927876,-0.3365099,0.14400562961033112,0.7685681399610845,-0.6233501366626071,0.9363674,0.001104152,-0.6814448358193435,1.4262882719491723
phi1,phi2,0.155,0.195,0.195,0.155,3615201.0,0.6850941,-0.3118613,0.161745607948969,0.7954314908360651,-0.5840608715669395,0.9394644,0.001099798,-0.6333571694201909,1.4083370293134894
phi1,phi2,0.155,0.2,0.2,0.155,3615652.0,0.6875804,-0.2779526,0.1651193382070681,0.8332197862291496,-0.5277124140915297,0.9350798,0.001102039,-0.564575003800464,1.4049173176210419
phi1,phi2,0.155,0.20500000000000002,0.20500000000000002,0.155,3616086.0,0.6963382,-0.2366026,0.15770967370307398,0.876029248819559,-0.4557416088455268,0.9404548,0.001099775,-0.4797047337685276,1.4124254574208113
phi1,phi2,0.155,0.21,0.21,0.155,3616536.0,0.7041893,-0.2027404,0.1485924200752731,0.9068192281606489,-0.39446061924392234,0.9344896,0.001104058,-0.410304828601034,1.4216515883062535
phi1,phi2,0.155,0.215,0.215,0.155,3616970.0,0.7096447,-0.1653565,0.14274934133211625,0.9349765705744376,-0.32471747416194086,0.9374264,0.001103897,-0.33426755826301546,1.4275576757027149
phi1,phi2,0.155,0.22,0.22,0.155,3617404.0,0.69393,-0.1430059,0.1745275849402648,0.9433682994753504,-0.2821282928738346,0.9331386,0.001101906,-0.290598632096962,1.3953703576159218
phi1,phi2,0.155,0.225,0.225,0.155,3617854.0,0.6825509,-0.107939,0.19950625396651592,0.9561973731308233,-0.2142051312316329,0.9355726,0.001096031,-0.22037927358860943,1.369942307545853
phi1,phi2,0.155,0.23,0.23,0.155,3618305.0,0.6798305,-0.0650674,0.20779811070295487,0.9695257924559063,-0.12976780398476923,0.9350006,0.001096404,-0.13305587367926686,1.3614729326850268
phi1,phi2,0.155,0.23500000000000001,0.23500000000000001,0.155,3618738.0,0.6837021,-0.02853793,0.2016637697016215,0.9777922100809212,-0.05704487614851084,0.9408328,0.001095642,-0.058274434847745304,1.3677400329520293
phi1,phi2,0.155,0.24,0.24,0.155,3619170.0,0.7016137,0.003118716,0.1667825783282241,0.9859739684762372,0.006237391554949983,0.9301172,0.001106502,0.0063260375526552615,1.4032306905262366
phi1,phi2,0.155,0.245,0.245,0.155,3619603.0,0.7058137,0.01648021,0.1584116062429812,0.9868230677673956,0.03295445234964062,0.9413812,0.00110113,0.03338208381653773,1.4117145888252995
phi1,phi2,0.155,0.25,0.25,0.155,3620054.0,0.7118355,0.01872384,0.1464923499385315,0.9885030693215782,0.03743892828735939,0.9319154,0.001107276,0.03785627298100014,1.4237748969184416
phi1,phi2,0.155,0.255,0.255,0.155,3620487.0,0.7017235,0.02350198,0.16638532173685228,0.9849406982576098,0.046986653704391236,0.940573,0.001104072,0.04766891928824046,1.4036335765358317
phi1,phi2,0.155,0.26,0.26,0.155,3620937.0,0.6685491,0.04349962,0.2307008641170907,0.9691374103778707,0.08688953390197349,0.9365724,0.001092586,0.08941749096686902,1.337998411110884
phi1,phi2,0.155,0.265,0.265,0.155,3621371.0,0.6399853,0.06027972,0.2846620508799842,0.9510537418477439,0.12026760538983906,0.9422748,0.001074842,0.12578953039293506,1.282142451270509
phi1,phi2,0.155,0.27,0.27,0.155,3621822.0,0.6364824,0.06023642,0.29132095814584064,0.9490460865039254,0.12018163352431613,0.941552,0.001072901,0.1259636674843123,1.2751889267230774
phi1,phi2,0.155,0.275,0.275,0.155,3622238.0,0.6503647,0.07077326,0.26412771358999587,0.9541145542519113,0.14107433600197344,0.9387978,0.001085228,0.1467953151497592,1.3034969204829638
phi1,phi2,0.155,0.28,0.28,0.155,3622688.0,0.6472046,0.08090467,0.26931713866652096,0.9494807653258818,0.1611041746717185,0.9353838,0.001081398,0.168075319038425,1.2981124257050014
phi1,phi2,0.155,0.28500000000000003,0.28500000000000003,0.155,3623122.0,0.6416421,0.09473476,0.27849271218942484,0.9417911825690146,0.1883379348209895,0.943227,0.001075944,0.19737483238953013,1.288571950358419
phi1,phi2,0.155,0.29,0.29,0.155,3623555.0,0.6471819,0.0961866,0.2678907774261604,0.9442888084179232,0.19118885340590872,0.9368328,0.001083669,0.19976810365483555,1.2995932046953755
phi1,phi2,0.155,0.295,0.295,0.155,3624005.0,0.6611622,0.1358088,0.23690711113503518,0.9337534214888517,0.2682900828422754,0.935373,0.001093997,0.27978756317780373,1.331615234012403
phi1,phi2,0.155,0.3,0.3,0.155,3624455.0,0.6666294,0.188031,0.21886610724831806,0.9040007392062468,0.36726052144564497,0.9362074,0.001098755,0.38589237424040457,1.350144075235104
phi1,phi2,0.155,0.305,0.305,0.155,3624897.0,0.6509308,0.2114345,0.24230010082395412,0.8791360592618742,0.410378423465713,0.94252,0.001090514,0.4367345054199454,1.326060429104792
phi1,phi2,0.155,0.31,0.31,0.155,3625338.0,0.6235278,0.2258556,0.28620869715022634,0.852963844028534,0.43650574160672484,0.9374242,0.001080218,0.4730047511206843,1.2805286681142796
phi1,phi2,0.155,0.315,0.315,0.155,3625770.0,0.6020119,0.2528656,0.3137145542332452,0.8166358133000425,0.48444723850798704,0.9289622,0.001075702,0.5354215930923218,1.2516937646758215
phi1,phi2,0.155,0.32,0.32,0.155,3626201.0,0.5890119,0.2817199,0.32358671265270383,0.7810451756351544,0.5340974377505168,0.937581,0.001068956,0.5997868918692699,1.2412786287492574
phi1,phi2,0.155,0.325,0.325,0.155,3626648.0,0.5787455,0.3237636,0.32033800172995464,0.7304204407363256,0.603216001447418,0.938636,0.00107082,0.6903041983660567,1.2447100568897016
phi1,phi2,0.155,0.33,0.33,0.155,3627096.0,0.5894824,0.3554056,0.289402555241867,0.700397603623802,0.6524487396397618,0.9355616,0.001083692,0.7499700443708814,1.2771937018635662
phi1,phi2,0.155,0.335,0.335,0.155,3627533.0,0.5918044,0.3818634,0.2727163248173797,0.6687977160083589,0.6916179734796544,0.9326848,0.001092295,0.8021710642087685,1.2945810752956837
phi1,phi2,0.155,0.34,0.34,0.155,3627969.0,0.5808394,0.4019252,0.27604899853084613,0.6366701673519631,0.7200333661811376,0.9309546,0.001092083,0.8467664138350992,1.2911153884844666
phi1,phi2,0.155,0.34500000000000003,0.34500000000000003,0.155,3628420.0,0.5722861,0.4202183,0.27581852139823854,0.6074510586885433,0.7449344632595926,0.9324082,0.001089497,0.8867100299377828,1.2913551749299108
phi1,phi2,0.155,0.35000000000000003,0.35000000000000003,0.155,3628854.0,0.5828522,0.4433198,0.24908103279301982,0.580867963150553,0.7749522878784799,0.936566,0.00109548,0.9275812347010852,1.319065060781067
phi1,phi2,0.155,0.355,0.355,0.155,3629287.0,0.5794329,0.458029,0.24381154116445442,0.5580126424042192,0.7932073016003285,0.9346862,0.001095982,0.9577325616929846,1.3245022627623673
phi1,phi2,0.155,0.36,0.36,0.155,3629722.0,0.5734818,0.4838136,0.23328772249709392,0.5170641457661399,0.823542049743212,0.9336634,0.001100416,1.0101473500325397,1.3353389953900345
phi1,phi2,0.155,0.365,0.365,0.155,3630174.0,0.5558101,0.4878595,0.2484513112253266,0.5025075122213573,0.8281051540182071,0.9370724,0.001094056,1.0253800802783832,1.31971522107992
phi1,phi2,0.155,0.37,0.37,0.155,3630624.0,0.5361849,0.4653342,0.2855348026833181,0.52462828005162,0.8020193540225059,0.9294922,0.001090161,0.9915203098955594,1.2812319103849275
phi1,phi2,0.155,0.375,0.375,0.155,3631057.0,0.5096016,0.4640534,0.31408649908843944,0.5104612983765656,0.800486685679455,0.9329294,0.001079894,1.0031245555656412,1.2513020193952
phi1,phi2,0.155,0.38,0.38,0.155,3631508.0,0.4831524,0.4716387,0.33369632910789765,0.4830921155744042,0.8094867310893739,0.9361104,0.001070022,1.0327418032385367,1.2305743759622978
phi1,phi2,0.155,0.385,0.385,0.155,3631942.0,0.4430542,0.4921986,0.349965545544269,0.4286458721047912,0.8329386731683343,0.9354872,0.001064142,1.0955222180235822,1.2132620037525776
phi1,phi2,0.155,0.39,0.39,0.155,3632376.0,0.4294706,0.49333,0.36024794902030277,0.4175531545497905,0.8341886946921446,0.9316266,0.001064428,1.1067088113212158,1.2022626515625834
phi1,phi2,0.155,0.395,0.395,0.155,3632810.0,0.3905974,0.5083747,0.37359273851285557,0.3704651742970039,0.8504022697309525,0.9341878,0.001056192,1.1599521543449107,1.1879171278716951
phi1,phi2,0.155,0.4,0.4,0.155,3633260.0,0.36762,0.5277066,0.36554548857234515,0.3305988551848749,0.8701039551311416,0.9316768,0.00106219,1.2076901388615982,1.19657754427483
phi1,phi2,0.155,0.405,0.405,0.155,3633696.0,0.3584629,0.532449,0.3653007095078365,0.318411983882725,0.8747395041684916,0.93276,0.001061264,1.2216973241972475,1.1968405096206864
phi1,phi2,0.155,0.41000000000000003,0.41000000000000003,0.155,3634131.0,0.3302917,0.5483408,0.36050837793554835,0.280129480778997,0.8896972425700607,0.9348352,0.001062676,1.2657634761673418,1.2019834629265613
phi1,phi2,0.155,0.41500000000000004,0.41500000000000004,0.155,3634566.0,0.2880122,0.5657705,0.3566425157427571,0.23163969610344445,0.905068598037619,0.937112,0.001060712,1.3202386286952583,1.206124719568308
phi1,phi2,0.155,0.42,0.42,0.155,3635016.0,0.1528913,0.5987593,0.34775298701230395,0.10977991659828773,0.931137062915924,0.936553,0.001064579,1.4534393123301568,1.215622885090176
phi1,phi2,0.155,0.425,0.425,0.155,3635449.0,0.05426882,0.613944,0.3342490094397544,0.03642173219859814,0.941780790371197,0.9353302,0.001071147,1.5321423309332172,1.2299880292061007
phi1,phi2,0.155,0.43,0.43,0.155,3635898.0,-0.089343,0.6152341,0.32848174014455556,-0.05932785652646719,0.9426451887277523,0.9348814,0.001072438,1.6336510546000556,1.2361006590389036
phi1,phi2,0.155,0.435,0.435,0.155,3636347.0,-0.1972234,0.5995994,0.33522134733735176,-0.1395401187332973,0.93174846581748,0.9369742,0.001069274,1.7194530888061772,1.2289561653351735
phi1,phi2,0.155,0.44,0.44,0.155,3636780.0,-0.2726184,0.5763912,0.34708582017914474,-0.21053204375069684,0.9138969810567956,0.9354156,0.001063563,1.7972135990688498,1.2163343704764502
phi1,phi2,0.155,0.445,0.445,0.155,3637232.0,-0.3044847,0.5548357,0.364969662273512,-0.2545247075720682,0.8955525215504179,0.9348112,0.001054462,1.847704395446212,1.1971961094206955
phi1,phi2,0.155,0.45,0.45,0.155,3637671.0,-0.3319322,0.5151715,0.40524845390284375,-0.31703220725023035,0.8574755216187817,0.9370096,0.001034352,1.9249364622148395,1.1535457425643607
phi1,phi2,0.155,0.455,0.455,0.155,3638105.0,-0.3537381,0.4836155,0.431364503424715,-0.3688812679230321,0.8233172385907179,0.9356762,0.001017762,1.9920213582307023,1.1247916405419913
phi1,phi2,0.155,0.46,0.46,0.155,3638539.0,-0.3759331,0.4679958,0.4331512272281327,-0.4050346696089709,0.8051875127978043,0.9383706,0.001015355,2.0368661812002378,1.1228102441301588
phi1,phi2,0.155,0.465,0.465,0.155,3638989.0,-0.3958054,0.4657008,0.4193081070677971,-0.42455076302168443,0.8024570773349353,0.9388266,0.001025011,2.057423509201792,1.1381132685501518
phi1,phi2,0.155,0.47000000000000003,0.47000000000000003,0.155,3639423.0,-0.3968674,0.4796825,0.4025096468066908,-0.4092773770082735,0.8188272179750625,0.9384804,0.001034696,2.0343108273281016,1.1565395899814206
phi1,phi2,0.155,0.47500000000000003,0.47500000000000003,0.155,3639873.0,-0.4283332,0.4757499,0.3801798084838492,-0.4386342419981145,0.8142869979116228,0.9394454,0.001042906,2.064901442977799,1.1808056321668794
phi1,phi2,0.155,0.48,0.48,0.155,3640307.0,-0.4449973,0.4941941,0.3462019931044075,-0.4274160744042929,0.8351405147107639,0.9380296,0.00105964,2.043830922925035,1.217276620085647
phi1,phi2,0.155,0.485,0.485,0.155,3640740.0,-0.4682257,0.4925913,0.3275641478088738,-0.4451866159738204,0.8333730293380177,0.9382754,0.001066533,2.0614269779003553,1.237071995719059
phi1,phi2,0.155,0.49,0.49,0.155,3641189.0,-0.4822146,0.494591,0.31308029771135887,-0.45143329566271967,0.8355768706421105,0.9378944,0.00106951,2.066135070726671,1.2523616688510244
phi1,phi2,0.155,0.495,0.495,0.155,3641622.0,-0.5043807,0.472413,0.3122229180867032,-0.49575880197588296,0.8103950022580723,0.9366748,0.001070421,2.119810459671511,1.2532642993005123
phi1,phi2,0.155,0.5,0.5,0.155,3642071.0,-0.5149585,0.4523955,0.31812474948676284,-0.529655717328529,0.7862960414914892,0.938414,0.001066445,2.163589447529956,1.2470455080721685
phi1,phi2,0.155,0.505,0.505,0.155,3642520.0,-0.5444544,0.4326482,0.30050937137779243,-0.5745741724604259,0.761287487126605,0.9359452,0.001072918,2.2173241855142383,1.2655696616219394
phi1,phi2,0.155,0.51,0.51,0.155,3642953.0,-0.5755036,0.4239097,0.269654998305519,-0.6041746145184901,0.7498394608583123,0.9388118,0.001080949,2.249026647150501,1.2977615865183914
phi1,phi2,0.155,0.515,0.515,0.155,3643387.0,-0.5916764,0.3950284,0.26591347165381746,-0.6516375191731245,0.7103932496856303,0.9403626,0.001081702,2.3130828909431695,1.3016449403955008
phi1,phi2,0.155,0.52,0.52,0.155,3643838.0,-0.5985354,0.3552398,0.2767533853245015,-0.7057238176512348,0.6521974063971695,0.9435026,0.001074391,2.3955919997988335,1.2903824480266743
phi1,phi2,0.155,0.525,0.525,0.155,3644275.0,-0.6031475,0.3227289,0.2847676796348561,-0.746343002816736,0.6015642033747333,0.947438,0.001070833,2.4631943297194523,1.2820322620308455
phi1,phi2,0.155,0.53,0.53,0.155,3644710.0,-0.6070986,0.3135021,0.28268864814380873,-0.7588445775892559,0.586721429022334,0.9416286,0.001071055,2.4834223106992166,1.2842003939485758
phi1,phi2,0.155,0.535,0.535,0.155,3645160.0,-0.6222505,0.2901235,0.2680730246907251,-0.792199560347228,0.5482305263471057,0.9395152,0.001076137,2.5362317529601226,1.2994040384767447
phi1,phi2,0.155,0.54,0.54,0.155,3645610.0,-0.6217675,0.2854313,0.2704801075505376,-0.7967770489983727,0.5403580716607226,0.9402534,0.001076238,2.545661739633154,1.2969046340689887
phi1,phi2,0.155,0.545,0.545,0.155,3646043.0,-0.6262878,0.2819562,0.2644344819101648,-0.8027374676561307,0.5344969249658273,0.9422184,0.001076485,2.554160669112571,1.303178843142905
phi1,phi2,0.155,0.55,0.55,0.155,3646492.0,-0.6287856,0.2722911,0.2635557551631445,-0.8137268579258059,0.5180607730861118,0.94531,0.001075839,2.574658266941281,1.3040898902186515
phi1,phi2,0.155,0.555,0.555,0.155,3646941.0,-0.6271906,0.2671523,0.2677928686039311,-0.8178990566654085,0.509242685397358,0.9446846,0.001072982,2.5847045375447797,1.2996948264831765
phi1,phi2,0.155,0.56,0.56,0.155,3647374.0,-0.6342367,0.2596159,0.2584968253525128,-0.8288255062613963,0.49621333260323897,0.9406366,0.001077887,2.6021335789140245,1.3093305105266255
phi1,phi2,0.155,0.5650000000000001,0.5650000000000001,0.155,3647824.0,-0.6351674,0.252699,0.2589605807232487,-0.835782660164249,0.48415572143706953,0.942707,0.001076395,2.6165446160499304,1.308850407661777
phi1,phi2,0.155,0.5700000000000001,0.5700000000000001,0.155,3648257.0,-0.6401817,0.2369292,0.2548134768337577,-0.8525488097527459,0.45632293281520275,0.9431342,0.001076711,2.650147781228661,1.313141518927942
phi1,phi2,0.155,0.5750000000000001,0.5750000000000001,0.155,3648707.0,-0.6453702,0.2100473,0.25237569990783615,-0.8774779027444072,0.4078468294486381,0.9440596,0.001073879,2.7065040284458934,1.315661679174144
phi1,phi2,0.155,0.58,0.58,0.155,3649143.0,-0.6574636,0.1745939,0.23781280395418325,-0.9090593450103867,0.3421347359224668,0.9340932,0.001080882,2.7816290694701395,1.3306828965993034
phi1,phi2,0.155,0.585,0.585,0.155,3649576.0,-0.6562616,0.1117264,0.24906133309023312,-0.9427952193463928,0.22159789425196022,0.9547822,0.001070447,2.9107394640057613,1.3190854015185127
phi1,phi2,0.155,0.59,0.59,0.155,3650025.0,-0.6618015,0.07355038,0.24204102904361632,-0.959131447653705,0.14657082377204417,0.9427288,0.001074552,2.989949619851342,1.326327449084962
phi1,phi2,0.155,0.595,0.595,0.155,3650458.0,-0.6589631,0.03478658,0.2495785841284908,-0.9658560506704676,0.06951704630998706,0.9591328,0.001065085,3.069742011378197,1.3185512836544797
phi1,phi2,0.155,0.6,0.6,0.155,3650907.0,-0.6637012,0.02536377,0.24068788961074594,-0.9692771858376891,0.050705786743675686,0.9538946,0.001071723,3.0893273071629928,1.3277218136774085
phi1,phi2,0.155,0.605,0.605,0.155,3651356.0,-0.6645782,-0.01468355,0.23919204938588026,-0.9705281988928454,-0.029362879020834846,0.9552594,0.001068829,-3.1113473449051336,1.3292626658722246
phi1,phi2,0.155,0.61,0.61,0.155,3651803.0,-0.6599716,-0.04647999,0.2471586974160805,-0.9645184725659401,-0.09282615132952551,0.9486786,0.001064906,-3.045647224680166,1.3210494496879794
phi1,phi2,0.155,0.615,0.615,0.155,3652236.0,-0.6606377,-0.09800346,0.2422113645650027,-0.9504758955335176,-0.1947542730861559,0.9513484,0.001064349,-2.939488246376578,1.3261518897542475
phi1,phi2,0.155,0.62,0.62,0.155,3652684.0,-0.6590646,-0.1272362,0.24193675928856928,-0.937067861820479,-0.25173483439552136,0.9578984,0.001061593,-2.8791479252570604,1.3264349127660713
phi1,phi2,0.155,0.625,0.625,0.155,3653116.0,-0.6621792,-0.180301,0.22826124634349462,-0.9074152555771633,-0.35283757929612003,0.9560692,0.001066075,-2.7707455251131656,1.3405049205253252
phi1,phi2,0.155,0.63,0.63,0.155,3653563.0,-0.6702095,-0.2143394,0.20768327540014167,-0.885486596598598,-0.4156695133917098,0.956086,0.001073618,-2.7027028643989808,1.3615903291164684
phi1,phi2,0.155,0.635,0.635,0.155,3653995.0,-0.6843226,-0.2503927,0.17612284158044889,-0.8593431638646435,-0.48011464400987874,0.940508,0.001086031,-2.6320948653497025,1.3937500024119964
phi1,phi2,0.155,0.64,0.64,0.155,3654426.0,-0.6913312,-0.2653896,0.1612936995304086,-0.8471955780606016,-0.5062054869382171,0.9552086,0.001086632,-2.603008085026898,1.4087949504720776
phi1,phi2,0.155,0.645,0.645,0.155,3654874.0,-0.6919026,-0.2592998,0.16145966423628072,-0.853374256691546,-0.495664357040991,0.9512612,0.001083876,-2.61538889937051,1.4086267815566875
phi1,phi2,0.155,0.65,0.65,0.155,3655321.0,-0.6987519,-0.2550149,0.15048176402116256,-0.8596585490990566,-0.488203254452471,0.949594,0.001088651,-2.625107799043321,1.4197407589102653
phi1,phi2,0.155,0.655,0.655,0.155,3655745.0,-0.7073325,-0.2653328,0.13411221831184694,-0.8519795171308178,-0.5061075135670424,0.9419452,0.001096341,-2.605569112521438,1.436278793650489
phi1,phi2,0.155,0.66,0.66,0.155,3656182.0,-0.707095,-0.29264,0.13000742685546618,-0.8233565876184833,-0.55243280006501,0.9528954,0.001087826,-2.550629103074245,1.4404198566688633
phi1,phi2,0.155,0.665,0.665,0.155,3656631.0,-0.7153899,-0.3049295,0.11440092260937426,-0.8117066639122856,-0.572751884035759,0.947663,0.001093013,-2.527108587691185,1.4561443846328066
phi1,phi2,0.155,0.67,0.67,0.155,3657065.0,-0.7175511,-0.3262757,0.10748346601902019,-0.7872334887704474,-0.6072155619636638,0.9517858,0.001092173,-2.484580508643475,1.4631048234660324
phi1,phi2,0.155,0.675,0.675,0.155,3657496.0,-0.7237423,-0.3453041,0.09481520432019488,-0.7650053982549534,-0.6370061362895179,0.9391822,0.001097601,-2.447238962490721,1.475838481103289
phi1,phi2,0.155,0.68,0.68,0.155,3657947.0,-0.7382791,-0.387811,0.06718512598489243,-0.7108176273572727,-0.7001603098466604,0.943138,0.001106017,-2.363747489123105,1.5035605540361419
phi1,phi2,0.155,0.685,0.685,0.155,3658380.0,-0.7411163,-0.4149929,0.0596923358486123,-0.6722412216840954,-0.7379217877997718,0.9418776,0.001100571,-2.309651550060625,1.5110684849460383
phi1,phi2,0.155,0.6900000000000001,0.6900000000000001,0.155,3658828.0,-0.7482072,-0.4416428,0.047160398747378846,-0.6328606202447088,-0.7728281388080216,0.9390286,0.001105064,-2.256949422573588,1.5236184289288834
phi1,phi2,0.155,0.6950000000000001,0.6950000000000001,0.155,3659258.0,-0.7506733,-0.4650806,0.04147707057412494,-0.596263888590183,-0.8017163013060811,0.9425552,0.001102556,-2.210275293611252,1.5293073545097104
phi1,phi2,0.155,0.7000000000000001,0.7000000000000001,0.155,3659707.0,-0.7568409,-0.4884827,0.03194050209233687,-0.558627824101105,-0.8288032085279076,0.941534,0.00110877,-2.1638706828907948,1.5388503912807614
phi1,phi2,0.155,0.705,0.705,0.155,3660138.0,-0.7502757,-0.5168396,0.03591205228008942,-0.510399354575867,-0.8591873039969634,0.9420136,0.00110366,-2.106828597850157,1.5348765508825357
phi1,phi2,0.155,0.71,0.71,0.155,3660586.0,-0.7425269,-0.5380584,0.040656373170219466,-0.47300556178063774,-0.8801208995616608,0.935675,0.001109642,-2.0639396002735166,1.5301287448564829
phi1,phi2,0.155,0.715,0.715,0.155,3661025.0,-0.7278757,-0.564525,0.0490754474456465,-0.42469274854767153,-0.9040064545062905,0.9401554,0.001107163,-2.0099847938263444,1.5217011590884866
phi1,phi2,0.155,0.72,0.72,0.155,3661475.0,-0.7070518,-0.5929743,0.05858484736632895,-0.37081868178066074,-0.9268556095215247,0.941116,0.001104561,-1.951373796889643,1.5121779152307266
phi1,phi2,0.155,0.725,0.725,0.155,3661906.0,-0.672354,-0.611547,0.07638237702958348,-0.33206698142749214,-0.9401580996433229,0.9411648,0.001101846,-1.9103220464199784,1.494339481551891
phi1,phi2,0.155,0.73,0.73,0.155,3662353.0,-0.648399,-0.6349064,0.08021687532656346,-0.2854007436386147,-0.9550453750704038,0.9352666,0.001106312,-1.8611837398497062,1.4904931721832044
phi1,phi2,0.155,0.735,0.735,0.155,3662784.0,-0.606152,-0.6606777,0.0866147741023172,-0.23116842419558697,-0.9690505872048857,0.9376588,0.001104993,-1.8049712017377106,1.4840728863805233
phi1,phi2,0.155,0.74,0.74,0.155,3663214.0,-0.5392294,-0.6899214,0.08971372717228422,-0.1672532693689661,-0.9818237067020988,0.932458,0.001107684,-1.7395262383782737,1.4809618173751804
phi1,phi2,0.155,0.745,0.745,0.155,3663644.0,-0.4502916,-0.7098581,0.0934872842324857,-0.11794997556218313,-0.9886090890497188,0.9376894,0.001103209,-1.689544020099778,1.4771723263587542
phi1,phi2,0.155,0.75,0.75,0.155,3664091.0,-0.2985044,-0.7271736,0.0960883490469928,-0.0653164926914532,-0.9932274588229579,0.9338488,0.001106396,-1.6364636412324527,1.4745594965143374
phi1,phi2,0.155,0.755,0.755,0.155,3664521.0,-0.1461156,-0.7359453,0.09455812480872387,-0.028447272710113648,-0.9951128145632606,0.9374334,0.001101955,-1.599375525963653,1.476096720854464
phi1,phi2,0.155,0.76,0.76,0.155,3664938.0,0.02192651,-0.7392126,0.09215114612974137,0.004043698515142233,-0.9957368200329311,0.934004,0.001107121,-1.566735337781834,1.4785142577111225
phi1,phi2,0.155,0.765,0.765,0.155,3665373.0,0.1668985,-0.7385289,0.08843499686927049,0.03066685937908024,-0.9956097604305393,0.9372036,0.001103305,-1.5400039746804606,1.4822456510343658
phi1,phi2,0.155,0.77,0.77,0.155,3665808.0,0.2502459,-0.736561,0.08555805299335467,0.04679522737827588,-0.9952336541047041,0.938065,0.00110317,-1.5238115934993453,1.4851335450508678
phi1,phi2,0.155,0.775,0.775,0.155,3666242.0,0.3326676,-0.7250744,0.09468451151676797,0.074297926638541,-0.9927309108595567,0.9376438,0.001103084,-1.496093637416322,1.4759697645362448
phi1,phi2,0.23249999999999998,0.0,0.0,0.23249999999999998,3666678.0,-0.9452172,-0.5511678,-0.14187588330999074,-0.42864387089712047,-0.8922643474202825,0.9388878,0.001075819,-2.0186414201346268,1.7131525381531538
phi1,phi2,0.23249999999999998,0.005,0.005,0.23249999999999998,3667146.0,-0.9219622,-0.5500064,-0.12235215093142751,-0.436771157332112,-0.8912131660187818,0.9369522,0.001085542,-2.026481382674421,1.6934558223075662
phi1,phi2,0.23249999999999998,0.01,0.01,0.23249999999999998,3667582.0,-0.928183,-0.5667842,-0.11928190865209952,-0.4062814500137635,-0.9059289208558395,0.9368028,0.001085773,-1.9923767222514628,1.690362922620688
phi1,phi2,0.23249999999999998,0.015,0.015,0.23249999999999998,3668024.0,-0.961422,-0.5868787,-0.13333844592922248,-0.36297311381898767,-0.9222100506293174,0.9332364,0.001085517,-1.9457650892262002,1.7045330748628702
phi1,phi2,0.23249999999999998,0.02,0.02,0.23249999999999998,3668457.0,-1.001669,-0.6140739,-0.1408371980175613,-0.30503990900482975,-0.9418681104957782,0.932136,0.001080421,-1.8840030382727764,1.7121033173224058
phi1,phi2,0.23249999999999998,0.025,0.025,0.23249999999999998,3668888.0,-1.0621,-0.6382363,-0.1524686485040902,-0.2467936380109745,-0.9569985430817772,0.9305714,0.001080558,-1.82318039573596,1.723861973707146
phi1,phi2,0.23249999999999998,0.03,0.03,0.23249999999999998,3669336.0,-1.116455,-0.6556329,-0.15777039370469662,-0.20240017891939038,-0.966510564062113,0.9297992,0.001076923,-1.7772265475080495,1.7292286859816173
phi1,phi2,0.23249999999999998,0.035,0.035,0.23249999999999998,3669767.0,-1.189706,-0.6771288,-0.1554082214548277,-0.14835434360502248,-0.9766469543482794,0.9300462,0.00107975,-1.7215456177976955,1.7268370089282106
phi1,phi2,0.23249999999999998,0.04,0.04,0.23249999999999998,3670230.0,-1.277865,-0.6932575,-0.15268212161160216,-0.10131680632504451,-0.9830681942247309,0.9295896,0.001076469,-1.673495565338007,1.7240779758032019
phi1,phi2,0.23249999999999998,0.045,0.045,0.23249999999999998,3670663.0,-1.407879,-0.704565,-0.15249377861429025,-0.051524206432360053,-0.9869604367123594,0.9292698,0.001076949,-1.6229539145274952,1.7238874011565508
phi1,phi2,0.23249999999999998,0.05,0.05,0.23249999999999998,3671099.0,-1.506718,-0.709505,-0.1499641616934412,-0.019324818910479147,-0.9885025551720443,0.9291178,0.001079374,-1.590343426070657,1.7213283512499296
phi1,phi2,0.23249999999999998,0.055,0.055,0.23249999999999998,3671548.0,1.503054,-0.7118713,-0.1451815475095896,0.019791115965516085,-0.9892070713412638,0.9291076,0.001084172,-1.5507919450061673,1.7164927884272607
phi1,phi2,0.23249999999999998,0.06,0.06,0.23249999999999998,3671979.0,1.415853,-0.7134618,-0.13654758662659877,0.04372288308042127,-0.9896681595775361,0.928694,0.00108246,-1.5266456995212043,1.7077718408653886
phi1,phi2,0.23249999999999998,0.065,0.065,0.23249999999999998,3672428.0,1.320159,-0.7090988,-0.13330584228564019,0.07304609783078587,-0.988379390722111,0.9279454,0.001086486,-1.4970255242102384,1.7045001775367998
phi1,phi2,0.23249999999999998,0.07,0.07,0.23249999999999998,3672859.0,1.284459,-0.7070812,-0.13110607475250363,0.08453045174219556,-0.9877579662504632,0.926931,0.001087074,-1.4854262254066923,1.7022809295641577
phi1,phi2,0.23249999999999998,0.075,0.075,0.23249999999999998,3673290.0,1.194504,-0.6911931,-0.13671298093914497,0.12802294682337417,-0.9823032555832198,0.927991,0.001081762,-1.441197457884241,1.7079388009110184
phi1,phi2,0.23249999999999998,0.08,0.08,0.23249999999999998,3673721.0,1.169764,-0.6808746,-0.1442783807690288,0.14916958123750246,-0.978229106536958,0.9257778,0.001079486,-1.419472640038163,1.7155800111960506
phi1,phi2,0.23249999999999998,0.085,0.085,0.23249999999999998,3674167.0,1.150227,-0.6810002,-0.13817727282350922,0.15450864683399715,-0.9782812066724907,0.9267644,0.001080286,-1.4141513719966576,1.70941712312691
phi1,phi2,0.23249999999999998,0.09,0.09,0.23249999999999998,3674614.0,1.1398,-0.6776334,-0.13921012755632348,0.16235351748473312,-0.9768632840608181,0.9266174,0.001080021,-1.406102893646714,1.7104600575305116
phi1,phi2,0.23249999999999998,0.095,0.095,0.23249999999999998,3675045.0,1.123483,-0.6755351,-0.13640302701504217,0.17000528542604423,-0.9759571799768384,0.9256788,0.001083081,-1.398333413216123,1.7076259159028466
phi1,phi2,0.23249999999999998,0.1,0.1,0.23249999999999998,3675492.0,1.08038,-0.6682744,-0.12913057852575732,0.19287526991799092,-0.9726892740971628,0.9276246,0.001082131,-1.375044831070799,1.7002884942502552
phi1,phi2,0.23249999999999998,0.105,0.105,0.23249999999999998,3675925.0,1.052493,-0.6401913,-0.14579263307790158,0.2464549827470089,-0.9581254874072519,0.9255144,0.001082278,-1.3190281783917717,1.7171104457875344
phi1,phi2,0.23249999999999998,0.11,0.11,0.23249999999999998,3676377.0,1.006995,-0.5873661,-0.16543714620434458,0.34851771148696764,-0.9225865571509532,0.9238194,0.001074531,-1.2096067879463905,1.7369975757379845
phi1,phi2,0.23249999999999998,0.115,0.115,0.23249999999999998,3676828.0,0.9874214,-0.5613528,-0.1703271026519901,0.3983596095102259,-0.9012759286772496,0.9252602,0.001061124,-1.154619123589438,1.7419579397007872
phi1,phi2,0.23249999999999998,0.12,0.12,0.23249999999999998,3677262.0,0.9705608,-0.5326715,-0.17524251687344333,0.4513797740330787,-0.8749550616310003,0.9217054,0.001066464,-1.094518392297708,1.7469484182986201
phi1,phi2,0.23249999999999998,0.125,0.125,0.23249999999999998,3677696.0,0.9541588,-0.5147302,-0.17063503295589003,0.48620836509157195,-0.8570210681442569,0.9237424,0.001069407,-1.0547501240726112,1.7422704447829838
phi1,phi2,0.23249999999999998,0.13,0.13,0.23249999999999998,3678130.0,0.938309,-0.4872509,-0.16907882681544592,0.5355229539250188,-0.8274222115354014,0.9226134,0.001065785,-0.9963789597812935,1.7406912913662163
phi1,phi2,0.23249999999999998,0.135,0.135,0.23249999999999998,3678564.0,0.9252406,-0.4660783,-0.16455611694522992,0.5729407023277854,-0.8029073645147689,0.9241218,0.001063924,-0.9510125898218504,1.7361043033725185
phi1,phi2,0.23249999999999998,0.14,0.14,0.23249999999999998,3679016.0,0.9097404,-0.4415341,-0.15623866873189096,0.6152555586945021,-0.7726901551646705,0.9229568,0.001072605,-0.8983453464142146,1.7276777256511247
phi1,phi2,0.23249999999999998,0.145,0.145,0.23249999999999998,3679460.0,0.8791158,-0.4248168,-0.12303234937848534,0.6486941938308968,-0.7510385368917452,0.9264742,0.001077265,-0.8583853433243385,1.6941411989500847
phi1,phi2,0.23249999999999998,0.15,0.15,0.23249999999999998,3679892.0,0.8587864,-0.4001617,-0.10185944389350342,0.6889859458017155,-0.7175813683321368,0.9256872,0.001086536,-0.8057252985896044,1.6728327360085284
phi1,phi2,0.23249999999999998,0.155,0.155,0.23249999999999998,3680339.0,0.8404442,-0.375694,-0.08028649535141988,0.7263181272394464,-0.6826536872438101,0.9305846,0.001086582,-0.754417792331886,1.6511693267082606
phi1,phi2,0.23249999999999998,0.16,0.16,0.23249999999999998,3680788.0,0.8437636,-0.3593317,-0.08766234012980632,0.7475641224270866,-0.658379219737976,0.921716,0.001092059,-0.722048834637766,1.658571333231401
phi1,phi2,0.23249999999999998,0.165,0.165,0.23249999999999998,3681223.0,0.844699,-0.3624477,-0.08857351763964635,0.7433101325263148,-0.6630571459962192,0.9258722,0.001086439,-0.7283959505422848,1.659486069050861
phi1,phi2,0.23249999999999998,0.17,0.17,0.23249999999999998,3681676.0,0.8509252,-0.3509793,-0.09978392474197785,0.757031036943409,-0.6457144705421075,0.9194388,0.00108607,-0.7062079067551501,1.6707465865193287
phi1,phi2,0.23249999999999998,0.17500000000000002,0.17500000000000002,0.23249999999999998,3682110.0,0.8458788,-0.3326292,-0.09493526061718018,0.781008554598185,-0.6172624514224092,0.924251,0.001080623,-0.6688229985402536,1.6658747727908731
phi1,phi2,0.23249999999999998,0.18,0.18,0.23249999999999998,3682562.0,0.843593,-0.3131087,-0.09409198519220044,0.8047683638531028,-0.5860841056228967,0.9222772,0.001083467,-0.6294445523384122,1.6650277055011518
phi1,phi2,0.23249999999999998,0.185,0.185,0.23249999999999998,3682998.0,0.8426468,-0.2953464,-0.09488864320389674,0.8251168449988026,-0.5569365650504065,0.9273676,0.001081391,-0.5937352582033717,1.6658279439769177
phi1,phi2,0.23249999999999998,0.19,0.19,0.23249999999999998,3683433.0,0.8413202,-0.278665,-0.09472098190955458,0.8433678376331946,-0.5289221360767569,0.9269698,0.001080933,-0.5601472902360616,1.6656595240990673
phi1,phi2,0.23249999999999998,0.195,0.195,0.23249999999999998,3683869.0,0.8406854,-0.2604949,-0.09570890697853897,0.862030063657231,-0.49773886172980664,0.9232286,0.001080934,-0.5236384244920318,1.666651958098819
phi1,phi2,0.23249999999999998,0.2,0.2,0.23249999999999998,3684321.0,0.8356633,-0.23671,-0.08932273943830388,0.8855206012269737,-0.4559327944136678,0.9262076,0.001083481,-0.4754770056472415,1.6602382724064373
phi1,phi2,0.23249999999999998,0.20500000000000002,0.20500000000000002,0.23249999999999998,3684755.0,0.8260509,-0.2013536,-0.07471892460542096,0.9169641835727482,-0.3919104085764663,0.9269332,0.001083075,-0.4039016345275126,1.6455849515857564
phi1,phi2,0.23249999999999998,0.21,0.21,0.23249999999999998,3685189.0,0.821522,-0.1851831,-0.06729033438487664,0.9297630165916321,-0.36195682598453643,0.923996,0.00108378,-0.3712484218749599,1.6381375465820822
phi1,phi2,0.23249999999999998,0.215,0.215,0.23249999999999998,3685640.0,0.8200079,-0.1743863,-0.06500003274168732,0.9375423452509164,-0.3417445633876143,0.9201196,0.001090437,-0.34954333728917364,1.6358422176805816
phi1,phi2,0.23249999999999998,0.22,0.22,0.23249999999999998,3686076.0,0.8085165,-0.1715505,-0.0435263020136925,0.9407095558511784,-0.33640896623498506,0.928305,0.001086302,-0.34343989494356864,1.6143363842514613
phi1,phi2,0.23249999999999998,0.225,0.225,0.23249999999999998,3686528.0,0.801401,-0.1524298,-0.03052465093639721,0.9534005816241456,-0.30015925213784744,0.9219138,0.001089733,-0.3050063029715173,1.6013257199658015
phi1,phi2,0.23249999999999998,0.23,0.23,0.23249999999999998,3686963.0,0.8004523,-0.1369656,-0.028981303448125578,0.9622785557717376,-0.2705181420021709,0.9238792,0.001095138,-0.2740492824716565,1.5997816887536738
phi1,phi2,0.23249999999999998,0.23500000000000001,0.23500000000000001,0.23249999999999998,3687398.0,0.7983417,-0.1088371,-0.025273376567630554,0.9760752227039443,-0.21595929260005509,0.926313,0.001088164,-0.21774487260844433,1.5960723946706075
phi1,phi2,0.23249999999999998,0.24,0.24,0.23249999999999998,3687849.0,0.7992547,-0.08034383,-0.027352557844405902,0.9867384572301166,-0.15999704560552933,0.9289964,0.001088642,-0.1607483273354542,1.5981522964807504
phi1,phi2,0.23249999999999998,0.245,0.245,0.23249999999999998,3688284.0,0.8004994,-0.08191153,-0.0297935618624494,0.986161033421885,-0.16309126227921672,0.923694,0.001088075,-0.16389647612971636,1.6005942981595507
phi1,phi2,0.23249999999999998,0.25,0.25,0.23249999999999998,3688735.0,0.8005162,-0.07161408,-0.02992190731395642,0.9893079750134477,-0.14273895767269237,0.9274186,0.001086111,-0.14329276331136542,1.6007227008584037
phi1,phi2,0.23249999999999998,0.255,0.255,0.23249999999999998,3689169.0,0.8023855,-0.05345083,-0.03377422897226038,0.993717667681584,-0.106698164908317,0.9217274,0.001085201,-0.1069629172229587,1.6045769801010346
phi1,phi2,0.23249999999999998,0.26,0.26,0.23249999999999998,3689603.0,0.8001443,-0.0363983,-0.02940989898470532,0.9969177836097581,-0.07273232131808348,0.9273196,0.001084912,-0.07282815866445924,1.6002104670742068
phi1,phi2,0.23249999999999998,0.265,0.265,0.23249999999999998,3690054.0,0.7942291,-0.008892398,-0.017658161976138436,0.999685912521429,-0.017783858462721486,0.9285048,0.001085445,-0.01778756968581563,1.588455406567083
phi1,phi2,0.23249999999999998,0.27,0.27,0.23249999999999998,3690488.0,0.7884544,0.01240568,-0.006110553820490801,0.9996735386410808,0.024808814417993742,0.9240674,0.001086339,0.024811823322100857,1.5769069186428868
phi1,phi2,0.23249999999999998,0.275,0.275,0.23249999999999998,3690923.0,0.7788923,0.04469752,0.012959404287567646,0.9959226103845417,0.08927602122267647,0.929499,0.001087345,0.08940256778843692,1.5578365597328814
phi1,phi2,0.23249999999999998,0.28,0.28,0.23249999999999998,3691374.0,0.7773517,0.06442099,0.015958849257188552,0.9915829326959195,0.1284858074518189,0.9260368,0.001096282,0.12885848161517366,1.5548368000471522
phi1,phi2,0.23249999999999998,0.28500000000000003,0.28500000000000003,0.23249999999999998,3691809.0,0.7682383,0.09030036,0.03375492243426944,0.9831566819139284,0.1796205556707004,0.9240912,0.001096931,0.18070483113114433,1.537034991041345
phi1,phi2,0.23249999999999998,0.29,0.29,0.23249999999999998,3692243.0,0.7567532,0.1148444,0.055754827482801826,0.9721397625025414,0.2276745075186618,0.9322578,0.001095186,0.23005308395756607,1.5150125722451429
phi1,phi2,0.23249999999999998,0.295,0.295,0.23249999999999998,3692697.0,0.7482727,0.1392901,0.07132274061127021,0.958797732269863,0.27499086396799743,0.9264026,0.001101179,0.27931054025078517,1.4994129783378531
phi1,phi2,0.23249999999999998,0.3,0.3,0.23249999999999998,3693133.0,0.7477158,0.1463268,0.07209205621810386,0.9547638141866485,0.28849401128967794,0.9259682,0.001100864,0.2934397393516748,1.4986416771595341
phi1,phi2,0.23249999999999998,0.305,0.305,0.23249999999999998,3693567.0,0.7484806,0.1645428,0.06980953528434167,0.9437598835164954,0.3231778319258847,0.9232212,0.00109852,0.3299209098059235,1.5009299655050865
phi1,phi2,0.23249999999999998,0.31,0.31,0.23249999999999998,3694001.0,0.7531533,0.2150419,0.05857607782689577,0.9070413802028368,0.41694697229521926,0.9254358,0.001102287,0.4308729482540752,1.5121866998560838
phi1,phi2,0.23249999999999998,0.315,0.315,0.23249999999999998,3694454.0,0.7616208,0.2466016,0.041871407862854614,0.8798250464163944,0.4734497575265743,0.9265066,0.001094426,0.49367506532985184,1.5289126743406152
phi1,phi2,0.23249999999999998,0.32,0.32,0.23249999999999998,3694905.0,0.7707201,0.2746062,0.025035299002746484,0.8525684299640041,0.5220156185714715,0.9245752,0.001088686,0.54940429885144,1.5457584118410799
phi1,phi2,0.23249999999999998,0.325,0.325,0.23249999999999998,3695340.0,0.7714136,0.3074831,0.02284200713504704,0.8164734913099924,0.5769309150133266,0.9298306,0.001082643,0.6151505523292493,1.5479523328627092
phi1,phi2,0.23249999999999998,0.33,0.33,0.23249999999999998,3695774.0,0.7713951,0.3424763,0.02168648266814825,0.7741453378805531,0.6326363033428357,0.9259746,0.001087466,0.685144774970865,1.549108143895332
phi1,phi2,0.23249999999999998,0.335,0.335,0.23249999999999998,3696192.0,0.7596823,0.3686417,0.03805800019215578,0.7393186919712424,0.6722793023166079,0.9214202,0.001094088,0.7379419781856269,1.532729133336024
phi1,phi2,0.23249999999999998,0.34,0.34,0.23249999999999998,3696642.0,0.7532325,0.383598,0.04627760101030431,0.718370744692371,0.6941194830970092,0.9298176,0.001082138,0.7682306965987076,1.5245021917007475
phi1,phi2,0.23249999999999998,0.34500000000000003,0.34500000000000003,0.23249999999999998,3697076.0,0.7586286,0.396871,0.03752275339639258,0.7001775443647887,0.7129820820643727,0.926409,0.001084426,0.7944588434919564,1.5332647627444107
phi1,phi2,0.23249999999999998,0.35000000000000003,0.35000000000000003,0.23249999999999998,3697526.0,0.7575114,0.4110353,0.037945685151271544,0.6796473786073907,0.7325568685982699,0.9278938,0.001087011,0.822846538657894,1.5328415295642368
phi1,phi2,0.23249999999999998,0.355,0.355,0.23249999999999998,3697970.0,0.7573977,0.4192641,0.037420305286695835,0.6675100084574872,0.7436599420174088,0.9249206,0.001086552,0.8393081464354246,1.533367282854474
phi1,phi2,0.23249999999999998,0.36,0.36,0.23249999999999998,3698403.0,0.7564587,0.4265237,0.03804517799491908,0.6565893185083506,0.7532881462309591,0.9270426,0.001085318,0.8538776083080886,1.5327419648261333
phi1,phi2,0.23249999999999998,0.365,0.365,0.23249999999999998,3698850.0,0.7570119,0.4379367,0.03633341352402627,0.6392945943138981,0.7681030560691192,0.9289868,0.001087114,0.8766663348179797,1.5344549144591404
phi1,phi2,0.23249999999999998,0.37,0.37,0.23249999999999998,3699297.0,0.7527181,0.4579423,0.039781811283421044,0.6077887009413101,0.7931016974506391,0.9212836,0.001091814,0.916916873962279,1.5310040149655284
phi1,phi2,0.23249999999999998,0.375,0.375,0.23249999999999998,3699731.0,0.7434069,0.4764932,0.0485898241948736,0.5772097669398474,0.815149013330666,0.9251104,0.001091816,0.954652534763353,1.5221873623966888
phi1,phi2,0.23249999999999998,0.38,0.38,0.23249999999999998,3700169.0,0.7114163,0.5131632,0.07636064895232512,0.5123051051079903,0.8554019701706741,0.9278264,0.001092836,1.0311818564872404,1.4943612732733729
phi1,phi2,0.23249999999999998,0.385,0.385,0.23249999999999998,3700605.0,0.6805257,0.5629835,0.08959374116996141,0.4208733078582081,0.9026841198756407,0.9261208,0.001096389,1.1345142532144843,1.48108228851539
phi1,phi2,0.23249999999999998,0.39,0.39,0.23249999999999998,3701039.0,0.6659457,0.5900641,0.09011354193812515,0.36999051012794126,0.9246548393723095,0.9269788,0.001095479,1.1901700836933173,1.4805603765972748
phi1,phi2,0.23249999999999998,0.395,0.395,0.23249999999999998,3701490.0,0.6604975,0.600963,0.08913505163974358,0.3493706932055559,0.9327352578830982,0.9237548,0.001098784,1.2124064121152145,1.4815428206395616
phi1,phi2,0.23249999999999998,0.4,0.4,0.23249999999999998,3701925.0,0.6624155,0.6092822,0.08400341794011698,0.3346101972861046,0.9386050509381101,0.9232934,0.001097707,1.228345004548994,1.4866937977489165
phi1,phi2,0.23249999999999998,0.405,0.405,0.23249999999999998,3702359.0,0.6585896,0.6265199,0.07839243007762804,0.3024417259047165,0.9499387503088293,0.9254528,0.001093931,1.26256337703136,1.4923233820728714
phi1,phi2,0.23249999999999998,0.41000000000000003,0.41000000000000003,0.23249999999999998,3702809.0,0.6252408,0.6685113,0.07293862189628648,0.21986766990575826,0.9727991391680417,0.9239986,0.001095194,1.3485155410161322,1.4977928768165283
phi1,phi2,0.23249999999999998,0.41500000000000004,0.41500000000000004,0.23249999999999998,3703242.0,0.4672203,0.7127317,0.08606305568236278,0.11647540535673807,0.9894577456332322,0.9267562,0.001093934,1.4536191866555566,1.4846266727435145
phi1,phi2,0.23249999999999998,0.42,0.42,0.23249999999999998,3703659.0,0.1931672,0.7373384,0.08889814208495626,0.036161664464428006,0.9953840737911196,0.9252026,0.001095749,1.5344829388147048,1.481780674440531
phi1,phi2,0.23249999999999998,0.425,0.425,0.23249999999999998,3704108.0,-0.1115785,0.7358656,0.09645073144224513,-0.021888205132139398,0.9950970620398542,0.9260914,0.001094275,1.5927888308049027,1.4741954231057024
phi1,phi2,0.23249999999999998,0.43,0.43,0.23249999999999998,3704541.0,-0.2003045,0.7315491,0.09897938307891062,-0.0419188837327772,0.9942061601659468,0.9255776,0.001097147,1.612934538847707,1.4716546115451443
phi1,phi2,0.23249999999999998,0.435,0.435,0.23249999999999998,3704991.0,-0.2651076,0.7216343,0.10971998084151978,-0.06431852501783224,0.9918793541271372,0.9251636,0.001097995,1.6355507757897492,1.4608550012241215
phi1,phi2,0.23249999999999998,0.44,0.44,0.23249999999999998,3705441.0,-0.3726849,0.7075808,0.11390503661705122,-0.10513263148643501,0.9879133425711011,0.9273262,0.00109592,1.6768161841999705,1.4566435334747985
phi1,phi2,0.23249999999999998,0.445,0.445,0.23249999999999998,3705874.0,-0.3725747,0.7104391,0.10977552530384752,-0.10127635804524944,0.988783309600923,0.9281146,0.0010943,1.672865616189207,1.4607991192048482
phi1,phi2,0.23249999999999998,0.45,0.45,0.23249999999999998,3706312.0,-0.459549,0.7004578,0.10254414472570456,-0.1344157838799347,0.9856049388200205,0.9280228,0.001093142,1.7063390919680241,1.468071612554653
phi1,phi2,0.23249999999999998,0.455,0.455,0.23249999999999998,3706749.0,-0.5457092,0.6893338,0.088070840303421,-0.16942551010243306,0.9815999814663708,0.9251052,0.001094036,1.741713702824355,1.4826112340711943
phi1,phi2,0.23249999999999998,0.46,0.46,0.23249999999999998,3707200.0,-0.6296696,0.6734146,0.06806147033232558,-0.21141376912361373,0.9750240276429855,0.9246076,0.001090759,1.7843202965522291,1.5026821990395454
phi1,phi2,0.23249999999999998,0.465,0.465,0.23249999999999998,3707650.0,-0.6752233,0.660501,0.05403175001702584,-0.2412275299040066,0.9689632855823327,0.9281112,0.001086108,1.8147905145180578,1.516738251860248
phi1,phi2,0.23249999999999998,0.47000000000000003,0.47000000000000003,0.23249999999999998,3708085.0,-0.6989433,0.6321502,0.05191070085358455,-0.297220576211753,0.9533966688704357,0.9263574,0.001086646,1.872996976796884,1.5188622834831502
phi1,phi2,0.23249999999999998,0.47500000000000003,0.47500000000000003,0.23249999999999998,3708520.0,-0.7049296,0.5970674,0.05894038159176633,-0.3630649747790361,0.9298977661584712,0.9248046,0.001088476,1.943030234113034,1.5118217655712771
phi1,phi2,0.23249999999999998,0.48,0.48,0.23249999999999998,3708956.0,-0.7113374,0.5607552,0.0640975182065672,-0.42956662861164385,0.9007574699901105,0.92678,0.001088029,2.01578958221158,1.5066548365548649
phi1,phi2,0.23249999999999998,0.485,0.485,0.23249999999999998,3709391.0,-0.7068716,0.5329076,0.07566890875691243,-0.47783665966386485,0.8751836052673849,0.928985,0.001087377,2.070551373129942,1.4950550207085418
phi1,phi2,0.23249999999999998,0.49,0.49,0.23249999999999998,3709843.0,-0.7141193,0.4947255,0.07802050580767518,-0.5435781057363142,0.8357246218926633,0.9294642,0.00109,2.1474718723329147,1.4926964489804022
phi1,phi2,0.23249999999999998,0.495,0.495,0.23249999999999998,3710295.0,-0.73241,0.4600447,0.06407496209336797,-0.6023506316710604,0.7956557771789305,0.9290996,0.001091988,2.218793729222991,1.5066774391307312
phi1,phi2,0.23249999999999998,0.5,0.5,0.23249999999999998,3710730.0,-0.7320599,0.4357136,0.06854124696686292,-0.6400756986454973,0.7652484547306881,0.9306386,0.001091205,2.2673585430572585,1.5022012993723861
phi1,phi2,0.23249999999999998,0.505,0.505,0.23249999999999998,3711166.0,-0.7263178,0.4183805,0.07896841145476624,-0.6652003011685019,0.7424773055909825,0.9340818,0.001088265,2.301352731494168,1.4917456095293367
phi1,phi2,0.23249999999999998,0.51,0.51,0.23249999999999998,3711601.0,-0.7348191,0.4157183,0.06804566812656147,-0.6703703277606302,0.7389001358149253,0.9288082,0.001092456,2.3076049046114173,1.5026980379651895
phi1,phi2,0.23249999999999998,0.515,0.515,0.23249999999999998,3712038.0,-0.7282986,0.4194028,0.07615939613452904,-0.6639983507596224,0.7438453714105676,0.930209,0.001090578,2.299539358649973,1.4945631138584645
phi1,phi2,0.23249999999999998,0.52,0.52,0.23249999999999998,3712474.0,-0.7311716,0.3976903,0.0757698614065675,-0.6959002476266367,0.7141300816067162,0.929827,0.001087525,2.343266528294347,1.4949537774061807
phi1,phi2,0.23249999999999998,0.525,0.525,0.23249999999999998,3712911.0,-0.7401945,0.3584358,0.06806210137415508,-0.7507861122497332,0.657029500105943,0.9338612,0.001087296,2.4226935185746132,1.502681566530997
phi1,phi2,0.23249999999999998,0.53,0.53,0.23249999999999998,3713350.0,-0.7463627,0.332233,0.06139862322217263,-0.784848240690922,0.6166388312057441,0.9339434,0.001089278,2.475645193985863,1.5093590613216292
phi1,phi2,0.23249999999999998,0.535,0.535,0.23249999999999998,3713789.0,-0.7408462,0.3236204,0.07098868776173421,-0.7945858168006262,0.6029875504097483,0.9310026,0.001092814,2.4924387030816924,1.4997478800913704
phi1,phi2,0.23249999999999998,0.54,0.54,0.23249999999999998,3714225.0,-0.7315138,0.319895,0.08628710100368922,-0.7975671204964272,0.5970269880863149,0.929646,0.001092893,2.4990136659790627,1.4844017908630822
phi1,phi2,0.23249999999999998,0.545,0.545,0.23249999999999998,3714663.0,-0.7328397,0.3092441,0.08548700439595405,-0.8102587278372534,0.5798040755660155,0.9321236,0.0010925,2.5204873710592794,1.4852048549107124
phi1,phi2,0.23249999999999998,0.55,0.55,0.23249999999999998,3715099.0,-0.7364975,0.2811495,0.08261117595486368,-0.8419887115444332,0.533132631939839,0.9351972,0.001088789,2.577130822769684,1.4880908962963195
phi1,phi2,0.23249999999999998,0.555,0.555,0.23249999999999998,3715536.0,-0.7464997,0.2536774,0.06792849442585702,-0.8713891317142938,0.48586695789613593,0.9344732,0.001091204,2.6329504185155717,1.5028154834110519
phi1,phi2,0.23249999999999998,0.56,0.56,0.23249999999999998,3715989.0,-0.7435166,0.2235795,0.07543918038452928,-0.898517844451941,0.43240561197138505,0.9383252,0.001087132,2.6930627570973567,1.495285407594375
phi1,phi2,0.23249999999999998,0.5650000000000001,0.5650000000000001,0.23249999999999998,3716425.0,-0.7475032,0.1964078,0.0699503701732461,-0.9211829003111355,0.3827910786408043,0.9356338,0.001088229,2.7477593847691892,1.500788785488537
phi1,phi2,0.23249999999999998,0.5700000000000001,0.5700000000000001,0.23249999999999998,3716878.0,-0.7562598,0.1677007,0.054998303503025654,-0.9426752513527209,0.3291482296760436,0.9345232,0.001090061,2.805662824455677,1.5157702588824784
phi1,phi2,0.23249999999999998,0.5750000000000001,0.5750000000000001,0.23249999999999998,3717314.0,-0.7609493,0.1350304,0.04710663577317499,-0.9626027440793994,0.266790033466289,0.935035,0.001088787,2.8712241877286893,1.5236722517218446
phi1,phi2,0.23249999999999998,0.58,0.58,0.23249999999999998,3717749.0,-0.7689832,0.09934356,0.032178268230695826,-0.9797983095675454,0.19738245013742708,0.933393,0.00108989,2.942801211785028,1.5386125028590545
phi1,phi2,0.23249999999999998,0.585,0.585,0.23249999999999998,3718167.0,-0.772376,0.07158038,0.025774978905911,-0.9894343233665461,0.14267224749959254,0.9307752,0.001087901,2.998383987599613,1.5450184931028912
phi1,phi2,0.23249999999999998,0.59,0.59,0.23249999999999998,3718601.0,-0.7701168,0.0340935,0.03048695739689774,-0.9972102485643377,0.0681341734148995,0.9450864,0.001083999,3.073373893851965,1.5403046447146254
phi1,phi2,0.23249999999999998,0.595,0.595,0.23249999999999998,3719053.0,-0.7806059,0.002444381,0.009584265518343167,-0.9999421193504072,0.0048887425264596135,0.9347516,0.001092811,3.136703667036228,1.561211914538345
phi1,phi2,0.23249999999999998,0.6,0.6,0.23249999999999998,3719489.0,-0.7788003,-0.02097665,0.013183733119214256,-0.9990331036478839,-0.0419409942266251,0.937367,0.001082867,-3.099635705004597,1.557612211733233
phi1,phi2,0.23249999999999998,0.605,0.605,0.23249999999999998,3719940.0,-0.7926206,-0.04510845,-0.014385628727499242,-0.9958293138291275,-0.09009456922991196,0.9408372,0.001089255,-3.0513663916963627,1.5851824517440813
phi1,phi2,0.23249999999999998,0.61,0.61,0.23249999999999998,3720390.0,-0.793124,-0.07863015,-0.015260393249814801,-0.9875421602297063,-0.15661290549219103,0.9463146,0.001081905,-2.9843138865193115,1.5860573124125092
phi1,phi2,0.23249999999999998,0.615,0.615,0.23249999999999998,3720824.0,-0.7964893,-0.1026626,-0.021714547739484315,-0.978753883818759,-0.20388553976720536,0.9374564,0.001080745,-2.9362183364023173,1.5925125813762275
phi1,phi2,0.23249999999999998,0.62,0.62,0.23249999999999998,3721259.0,-0.8027634,-0.1258272,-0.033629763807510676,-0.9679177432983777,-0.24900658865665978,0.942906,0.00108421,-2.889792739601759,1.604432432822661
phi1,phi2,0.23249999999999998,0.625,0.625,0.23249999999999998,3721694.0,-0.8044322,-0.1358936,-0.03666183888873668,-0.9625947479458953,-0.26845346113670165,0.9352258,0.001091312,-2.869617971982255,1.60746638345952
phi1,phi2,0.23249999999999998,0.63,0.63,0.23249999999999998,3722146.0,-0.7976502,-0.1451051,-0.02347705505565303,-0.9578960910542897,-0.28615364164872276,0.9371106,0.00108326,-2.851300117046172,1.5942755390353114
phi1,phi2,0.23249999999999998,0.635,0.635,0.23249999999999998,3722598.0,-0.8020151,-0.1616603,-0.03150608079290212,-0.9476620542293602,-0.31771685168851255,0.9373304,0.001089079,-2.818105619905281,1.6023076222473602
phi1,phi2,0.23249999999999998,0.64,0.64,0.23249999999999998,3723032.0,-0.8029337,-0.1722573,-0.033003512910209816,-0.9406607087670668,-0.3377398393992409,0.935525,0.001088749,-2.7968824653696465,1.6038058340567123
phi1,phi2,0.23249999999999998,0.645,0.645,0.23249999999999998,3723468.0,-0.8085035,-0.1865915,-0.04301475367593095,-0.9301775554398031,-0.36458119304515857,0.933889,0.001080023,-2.7680469069003553,1.6138243563386885
phi1,phi2,0.23249999999999998,0.65,0.65,0.23249999999999998,3723903.0,-0.8229795,-0.2033479,-0.06896689177514334,-0.9158398100456748,-0.3955768069217126,0.935734,0.001084715,-2.7338686393602707,1.6398180086473053
phi1,phi2,0.23249999999999998,0.655,0.655,0.23249999999999998,3724339.0,-0.8244796,-0.2188537,-0.07072206701859833,-0.9029604654845942,-0.42386411384836753,0.9329152,0.001076931,-2.702710187721191,1.641577480941142
phi1,phi2,0.23249999999999998,0.66,0.66,0.23249999999999998,3724774.0,-0.8338893,-0.2501637,-0.0849613932748645,-0.8733024442257745,-0.47971283343483917,0.927339,0.001082347,-2.6392801675005835,1.6558602682905534
phi1,phi2,0.23249999999999998,0.665,0.665,0.23249999999999998,3725209.0,-0.8418812,-0.273342,-0.09629649671347502,-0.8488081524800156,-0.5198573891022172,0.9254784,0.00108329,-2.592064857011289,1.6672422744705298
phi1,phi2,0.23249999999999998,0.67,0.67,0.23249999999999998,3725644.0,-0.8397502,-0.2910721,-0.09062023650108679,-0.8303554047762023,-0.5498162188362911,0.9316406,0.001082308,-2.556726519349384,1.66154105319722
phi1,phi2,0.23249999999999998,0.675,0.675,0.23249999999999998,3726096.0,-0.8451956,-0.3312301,-0.09407370952066738,-0.7828493709715911,-0.6150585334310916,0.9297114,0.001075109,-2.475652956230223,1.665009348404357
phi1,phi2,0.23249999999999998,0.68,0.68,0.23249999999999998,3726532.0,-0.8547456,-0.3617301,-0.10362156761715652,-0.7423221987424138,-0.661982117567228,0.9288868,0.001077446,-2.413342076889326,1.6746042343982104
phi1,phi2,0.23249999999999998,0.685,0.685,0.23249999999999998,3726969.0,-0.8533548,-0.3704109,-0.09998384291910876,-0.7311091352473845,-0.6748945573294755,0.932973,0.001075975,-2.396155020210119,1.6709475094924267
phi1,phi2,0.23249999999999998,0.6900000000000001,0.6900000000000001,0.23249999999999998,3727405.0,-0.8492246,-0.3754532,-0.09307003130122136,-0.7251223228062104,-0.6823016827193933,0.9324986,0.00108173,-2.3866099404417245,1.6640012471247203
phi1,phi2,0.23249999999999998,0.6950000000000001,0.6950000000000001,0.23249999999999998,3727840.0,-0.8475876,-0.4014903,-0.08616670044667298,-0.6891998886787896,-0.7194295053577365,0.9241714,0.001091983,-2.3347374785807262,1.6570700120643418
phi1,phi2,0.23249999999999998,0.7000000000000001,0.7000000000000001,0.23249999999999998,3728276.0,-0.84762,-0.4382272,-0.07942363446093832,-0.6349315934501938,-0.7684749559535516,0.9348652,0.001089174,-2.261323570580358,1.6503037014029547
phi1,phi2,0.23249999999999998,0.705,0.705,0.23249999999999998,3728728.0,-0.8438418,-0.4629852,-0.07009631431769371,-0.5969579733550309,-0.7992044073745648,0.9329984,0.001087479,-2.2123363447574618,1.6409501713686943
phi1,phi2,0.23249999999999998,0.71,0.71,0.23249999999999998,3729164.0,-0.8647592,-0.5090006,-0.08299041150530999,-0.5184680311256478,-0.8510602166115355,0.9207556,0.001093262,-2.1179549252966536,1.653882299583382
phi1,phi2,0.23249999999999998,0.715,0.715,0.23249999999999998,3729600.0,-0.8788926,-0.540435,-0.08747778757515,-0.4623582819830632,-0.8823675287331392,0.9274478,0.001088167,-2.0534570284819234,1.6583860689583645
phi1,phi2,0.23249999999999998,0.72,0.72,0.23249999999999998,3730053.0,-0.8893102,-0.5624812,-0.08897220427637272,-0.42193173848988413,-0.9022513812242724,0.9309662,0.001088029,-2.008225098251867,1.6598863359858735
phi1,phi2,0.23249999999999998,0.725,0.725,0.23249999999999998,3730491.0,-0.913073,-0.5869541,-0.09763631180158254,-0.3740163577613691,-0.9222683528912308,0.9187686,0.00109623,-1.9560690977598976,1.6685884332269982
phi1,phi2,0.23249999999999998,0.73,0.73,0.23249999999999998,3730929.0,-0.9121326,-0.5849915,-0.09783972636604353,-0.37770085890247096,-0.9207439650244542,0.9213202,0.001092042,-1.9600756264634744,1.6687928263898657
phi1,phi2,0.23249999999999998,0.735,0.735,0.23249999999999998,3731365.0,-0.9036162,-0.5774577,-0.09463174139242604,-0.3927563371758096,-0.9147607846477016,0.9266028,0.00108524,-1.976349188471807,1.6655698809141077
phi1,phi2,0.23249999999999998,0.74,0.74,0.23249999999999998,3731817.0,-0.9014894,-0.5843128,-0.09006577943240197,-0.38091372095661336,-0.9202135037925825,0.9290948,0.001084477,-1.9632623897656911,1.6609843194751692
phi1,phi2,0.23249999999999998,0.745,0.745,0.23249999999999998,3732253.0,-0.9371654,-0.6286378,-0.0921820900829374,-0.29431101150511935,-0.9512536416617676,0.9229092,0.00109102,-1.8708479221504186,1.6631094721047546
phi1,phi2,0.23249999999999998,0.75,0.75,0.23249999999999998,3732688.0,-0.9798962,-0.6581515,-0.09548055449513371,-0.23294653389006928,-0.9677909774646096,0.9230062,0.001096431,-1.8070023414376322,1.6664225550261516
phi1,phi2,0.23249999999999998,0.755,0.755,0.23249999999999998,3733141.0,-1.091343,-0.7121287,-0.08387327070269811,-0.11952265456725364,-0.9892823709673739,0.919066,0.001098998,-1.6910311014160133,1.654768247680646
phi1,phi2,0.23249999999999998,0.76,0.76,0.23249999999999998,3733575.0,-1.215143,-0.7372977,-0.07276076657000939,-0.06270546267600832,-0.995376258406203,0.9216642,0.001095457,-1.6337099319336088,1.6436214476138702
phi1,phi2,0.23249999999999998,0.765,0.765,0.23249999999999998,3734010.0,-1.293838,-0.7072478,-0.13238862387566563,-0.08188330759836902,-0.9878098886957238,0.9147762,0.001083948,-1.653501032968372,1.7035747566481083
phi1,phi2,0.23249999999999998,0.77,0.77,0.23249999999999998,3734445.0,-1.359808,-0.6996204,-0.155740303115491,-0.06991890759600937,-0.985320406946936,0.9184034,0.00107406,-1.6416381603237256,1.7271731837886222
phi1,phi2,0.23249999999999998,0.775,0.775,0.23249999999999998,3734898.0,1.368861,-0.705657,-0.1460305820006036,0.062408106926387,-0.9873096258572737,0.9163454,0.00107768,-1.507670043004747,1.7173509688777013
phi1,phi2,0.31,0.0,0.0,0.31,3735334.0,-1.171222,-0.4837818,-0.3955933351956403,-0.40662492478999673,-0.8235059706452159,0.9120428,0.0009446682,-2.0294498514135415,1.9775101230339303
phi1,phi2,0.31,0.005,0.005,0.31,3735770.0,-1.164455,-0.4829039,-0.3910475509259387,-0.4129907720970855,-0.822508623102201,0.9144762,0.000947139,-2.0361314500155054,1.9725658286403982
phi1,phi2,0.31,0.01,0.01,0.31,3736205.0,-1.157726,-0.4877875,-0.3799914526428363,-0.4122887955249042,-0.8280244229508034,0.913757,0.0009550544,-2.0327774628557007,1.9605833827655756
phi1,phi2,0.31,0.015,0.015,0.31,3736642.0,-1.165008,-0.4725538,-0.4031393729684884,-0.42481902648655606,-0.810559955029601,0.9113426,0.000929366,-2.0535419382321325,1.9857410804827802
phi1,phi2,0.31,0.02,0.02,0.31,3737093.0,-1.205296,-0.4550843,-0.45683872922183716,-0.4096569732267317,-0.7896072060016232,0.913091,0.0009024162,-2.0493793065752954,2.0452344805243006
phi1,phi2,0.31,0.025,0.025,0.31,3737528.0,-1.241526,-0.4586946,-0.48077592475206876,-0.3720095974880946,-0.7940172350494282,0.9083864,0.000874843,-2.0089408357789376,2.072335731522593
phi1,phi2,0.31,0.03,0.03,0.31,3737995.0,-1.266929,-0.4727168,-0.4805733504433352,-0.3342638736872651,-0.810750835701852,0.9121446,0.0008848636,-1.96185180915684,2.072104719393747
phi1,phi2,0.31,0.035,0.035,0.31,3738413.0,-1.297818,-0.4998911,-0.4619156938834137,-0.28063951643455953,-0.8413532870082466,0.9125734,0.0009028042,-1.892748422323655,2.050950244037101
phi1,phi2,0.31,0.04,0.04,0.31,3738864.0,-1.287919,-0.5244332,-0.42087149562052634,-0.26725140584404816,-0.8668586218343342,0.9103812,0.0009177128,-1.8698491321894595,2.0052021607438157
phi1,phi2,0.31,0.045,0.045,0.31,3739316.0,-1.323027,-0.5427897,-0.41029823258806924,-0.22177592557511389,-0.8845737952089742,0.9107504,0.0009370738,-1.8164478247267726,1.9935773917756996
phi1,phi2,0.31,0.05,0.05,0.31,3739734.0,-1.366771,-0.5717114,-0.3804514081112682,-0.16447507012326884,-0.9100575132232572,0.9100508,0.0009555492,-1.7495966650343113,1.9610806881168283
phi1,phi2,0.31,0.055,0.055,0.31,3740186.0,-1.416851,-0.5920378,-0.3594176824832012,-0.11429600415818161,-0.9261508262436944,0.9105042,0.000968593,-1.693585191315641,1.9384401288986597
phi1,phi2,0.31,0.06,0.06,0.31,3740620.0,-1.511954,-0.6049271,-0.35071308440676,-0.041465151153756534,-0.9355645213803765,0.9099982,0.0009719264,-1.615088336018205,1.92912877139717
phi1,phi2,0.31,0.065,0.065,0.31,3741072.0,1.487245,-0.6025517,-0.35261545843658404,0.05947761581978381,-0.9338761971952984,0.9088846,0.0009740252,-1.5071932584621046,1.9311609488106072
phi1,phi2,0.31,0.07,0.07,0.31,3741506.0,1.410732,-0.5915774,-0.3588013697471635,0.11895420514419419,-0.9258031508620351,0.9068488,0.0009730572,-1.4430088954983789,1.9377797669849142
phi1,phi2,0.31,0.075,0.075,0.31,3741940.0,1.369417,-0.5818385,-0.3642818480150006,0.15520184360932207,-0.9182652791797388,0.9069642,0.0009696028,-1.4033623480896598,1.94365787562714
phi1,phi2,0.31,0.08,0.08,0.31,3742390.0,1.397666,-0.5817208,-0.37266785392257556,0.13445731430640473,-0.9181720434005005,0.9057568,0.0009486228,-1.425389633393401,1.9526786453231557
phi1,phi2,0.31,0.085,0.085,0.31,3742825.0,1.423462,-0.5756678,-0.389714097765929,0.11827991032419671,-0.9133087018178399,0.9055342,0.0009423126,-1.4420061166576517,1.9711174516095622
phi1,phi2,0.31,0.09,0.09,0.31,3743260.0,1.46354,-0.5736671,-0.4015010675161108,0.08747290181864101,-0.9116717524585534,0.9058288,0.0009386644,-1.4751413391872377,1.9839515582913487
phi1,phi2,0.31,0.095,0.095,0.31,3743695.0,1.485806,-0.574839,-0.4028899894354897,0.06915079114979743,-0.9126323599873216,0.906814,0.0009345826,-1.4951701359745744,1.9854685878016123
phi1,phi2,0.31,0.1,0.1,0.31,3744146.0,1.520377,-0.5840463,-0.3899163597330502,0.03945245469437251,-0.9200047479394413,0.9054134,0.0009443514,-1.527939702581679,1.971337088361579
phi1,phi2,0.31,0.105,0.105,0.31,3744582.0,1.482408,-0.5944218,-0.36692438680406686,0.06554788206124146,-0.9279385591329553,0.9066334,0.0009590728,-1.5002752948620126,1.946496963367943
phi1,phi2,0.31,0.11,0.11,0.31,3745035.0,1.369031,-0.5869522,-0.35550588169939956,0.15178722859889154,-0.9222668839936737,0.9059074,0.0009692618,-1.4076780289175215,1.9342515770240227
phi1,phi2,0.31,0.115,0.115,0.31,3745469.0,1.229051,-0.5555198,-0.3440563840004279,0.28021708301229903,-0.8961604716883179,0.9043748,0.0009673556,-1.267741761557104,1.922029956153149
phi1,phi2,0.31,0.12,0.12,0.31,3745903.0,1.187691,-0.5189156,-0.36610050135058503,0.3523142199433652,-0.8613043093683836,0.9018464,0.000963243,-1.1825149487390796,1.9456114583709683
phi1,phi2,0.31,0.125,0.125,0.31,3746353.0,1.138111,-0.483004,-0.3686485358358631,0.43288627536774227,-0.8226224708967763,0.904848,0.0009516046,-1.0863878149891253,1.9483510663300079
phi1,phi2,0.31,0.13,0.13,0.31,3746788.0,1.109105,-0.4510629,-0.37390362387142106,0.4944955615402099,-0.7846465571662513,0.9006824,0.0009450788,-1.0084561129225,1.9540107011724248
phi1,phi2,0.31,0.135,0.135,0.31,3747239.0,1.101601,-0.4231267,-0.3917684110149044,0.5346142629754213,-0.7488024452110877,0.9002254,0.0009372572,-0.9507631961639786,1.9733491872605202
phi1,phi2,0.31,0.14,0.14,0.31,3747690.0,1.085998,-0.391563,-0.4008701107922105,0.5844444454783749,-0.705498295124032,0.8984202,0.0009224676,-0.8789684806393656,1.9832627384733919
phi1,phi2,0.31,0.145,0.145,0.31,3748124.0,1.114629,-0.418833,-0.40948344614387483,0.5292925593021248,-0.7430832349081381,0.9032932,0.0009178854,-0.9518679663677028,1.9926841173601089
phi1,phi2,0.31,0.15,0.15,0.31,3748558.0,1.103396,-0.4291471,-0.38830131872653884,0.5259125527753546,-0.7567285330344964,0.898478,0.0009346632,-0.9634462324799413,1.9695838798069676
phi1,phi2,0.31,0.155,0.155,0.31,3749008.0,1.047293,-0.4150767,-0.3374928237956929,0.5842970968923621,-0.7380348883688135,0.9053842,0.0009636336,-0.9011411584977527,1.915048502644313
phi1,phi2,0.31,0.16,0.16,0.31,3749442.0,0.983584,-0.3530765,-0.29374966061802793,0.7018724630674804,-0.6489115367092665,0.9049634,0.00098919,-0.7462106888408186,1.8689435347789112
phi1,phi2,0.31,0.165,0.165,0.31,3749876.0,0.9650322,-0.3256742,-0.27960724812747445,0.7444927497720247,-0.6062592946351175,0.90401,0.0009941814,-0.6834150583078729,1.8541813438640713
phi1,phi2,0.31,0.17,0.17,0.31,3750328.0,0.9596458,-0.324795,-0.27193452491050735,0.7484624521772538,-0.6048599605218622,0.89566,0.0009956048,-0.6796826772236813,1.8461990697701876
phi1,phi2,0.31,0.17500000000000002,0.17500000000000002,0.31,3750763.0,0.9718254,-0.319076,-0.29258516087287106,0.7480113358572066,-0.5957121495035278,0.8990898,0.0009851214,-0.672538625921161,1.8677255165889926
phi1,phi2,0.31,0.18,0.18,0.31,3751215.0,0.9839626,-0.2741933,-0.3300585715129438,0.7869536776751251,-0.5213110861706571,0.9008598,0.0009537136,-0.5850720563159362,1.9071619499693804
phi1,phi2,0.31,0.185,0.185,0.31,3751651.0,0.9956532,-0.2465977,-0.3595755951989534,0.8040878210634214,-0.4734428871097311,0.9029002,0.0009293846,-0.5321397867919293,1.9386093549915806
phi1,phi2,0.31,0.19,0.19,0.31,3752104.0,0.991415,-0.2232318,-0.36121907372268747,0.826491455008479,-0.4317784797519339,0.9005284,0.0009298194,-0.4814249910674353,1.9403712340595696
phi1,phi2,0.31,0.195,0.195,0.31,3752539.0,0.986377,-0.2304056,-0.35041330750140054,0.8243026154510941,-0.444674838602787,0.9041244,0.000933765,-0.4947118407664961,1.928808681275952
phi1,phi2,0.31,0.2,0.2,0.31,3752992.0,0.9879448,-0.2349964,-0.35137234728493477,0.8194127778273734,-0.4528798660756545,0.900208,0.0009422052,-0.5049048318398484,1.929832841720296
phi1,phi2,0.31,0.20500000000000002,0.20500000000000002,0.31,3753428.0,0.9774778,-0.2242457,-0.3377149450771995,0.8354243894481773,-0.43360662516461185,0.9028804,0.000942971,-0.47875196489707594,1.9152844784745129
phi1,phi2,0.31,0.21,0.21,0.31,3753863.0,0.9507244,-0.1995902,-0.29913539154741614,0.8714693620418337,-0.3886633100077412,0.8988216,0.0009698026,-0.4195110387570131,1.8745827538908533
phi1,phi2,0.31,0.215,0.215,0.31,3754314.0,0.935081,-0.1773701,-0.27655184144648304,0.8960297496218985,-0.3473467529502428,0.9027992,0.0009720012,-0.369815495353361,1.8510004759362786
phi1,phi2,0.31,0.22,0.22,0.31,3754750.0,0.9412384,-0.1478666,-0.29334613306393,0.9104998711212675,-0.2914412992432513,0.9027548,0.0009670632,-0.3097839802444087,1.8685214102578716
phi1,phi2,0.31,0.225,0.225,0.31,3755186.0,0.9384762,-0.1176059,-0.2930967618558892,0.9272445583446726,-0.23304895882579135,0.896368,0.0009669754,-0.24623468550149052,1.8682605738681988
phi1,phi2,0.31,0.23,0.23,0.31,3755622.0,0.941214,-0.0942339,-0.30118277785340053,0.9349798903724696,-0.18735404699016708,0.8999134,0.0009655624,-0.19776377275730672,1.8767291110442679
phi1,phi2,0.31,0.23500000000000001,0.23500000000000001,0.31,3756057.0,0.9368588,-0.08548946,-0.2939599904495267,0.9405516978755816,-0.170147076490532,0.8947178,0.0009597138,-0.1789658683302715,1.8691635795750035
phi1,phi2,0.31,0.24,0.24,0.31,3756511.0,0.9302238,-0.06127959,-0.2834756271712903,0.951155020701257,-0.12225258849871015,0.9126558,0.0009655882,-0.1278298188806528,1.858212802450782
phi1,phi2,0.31,0.245,0.245,0.31,3756964.0,0.924476,-0.04981717,-0.27322091497147527,0.9567947193216562,-0.09946957675763544,0.8932864,0.0009725684,-0.10358912628216066,1.8475360877850293
phi1,phi2,0.31,0.25,0.25,0.31,3757400.0,0.9146772,-0.02039475,-0.25547414727269135,0.9659555369090951,-0.04077819012601107,0.900445,0.0009802374,-0.042190339308026736,1.8291344197229247
phi1,phi2,0.31,0.255,0.255,0.31,3757851.0,0.906846,0.0009195464,-0.24051389654376484,0.9706439529048854,0.0018390917632844597,0.9026172,0.0009805616,0.001894710781480402,1.8136915809581788
phi1,phi2,0.31,0.26,0.26,0.31,3758286.0,0.906745,0.01771003,-0.24016749442973925,0.9700853150825026,0.035412654244252474,0.9024446,0.0009865746,0.036488477926951646,1.8133347187083424
phi1,phi2,0.31,0.265,0.265,0.31,3758720.0,0.897223,0.0513318,-0.22062208268785136,0.9699603389308934,0.1024833524604923,0.9015282,0.0009883938,0.10526670665139104,1.7932485497794919
phi1,phi2,0.31,0.27,0.27,0.31,3759154.0,0.890323,0.07626608,-0.20589425811582335,0.966706456140518,0.15194137728471344,0.9074438,0.0009992188,0.15589885279211302,1.7781737841259897
phi1,phi2,0.31,0.275,0.275,0.31,3759616.0,0.8860114,0.1093039,-0.1951143362646248,0.956502726574071,0.21687076760223584,0.9058368,0.0009992112,0.22296335794307698,1.7671703524193236
phi1,phi2,0.31,0.28,0.28,0.31,3760054.0,0.8857496,0.1231921,-0.19333765767297806,0.9503335463673308,0.24389895607488463,0.910128,0.0009944394,0.2512235317540661,1.7653591831141713
phi1,phi2,0.31,0.28500000000000003,0.28500000000000003,0.31,3760486.0,0.8989026,0.1365572,-0.21672226170786285,0.9382303916822042,0.26973170633814303,0.911553,0.0009874498,0.2799404393041538,1.7892520029099659
phi1,phi2,0.31,0.29,0.29,0.31,3760935.0,0.9005736,0.1585352,-0.2169380952293378,0.9250558856214474,0.31178433462152416,0.9055464,0.0009761718,0.3250862331115476,1.7894730963920085
phi1,phi2,0.31,0.295,0.295,0.31,3761367.0,0.9066554,0.169178,-0.22652849009489115,0.9156980041737472,0.3319367535051591,0.9079904,0.0009766128,0.34776334604572456,1.7993083617108625
phi1,phi2,0.31,0.3,0.3,0.31,3761815.0,0.9074768,0.1861059,-0.225185681222627,0.9038975000364173,0.3636766673849399,0.9053048,0.0009738728,0.3825244147871012,1.7979299347796538
phi1,phi2,0.31,0.305,0.305,0.31,3762246.0,0.9030218,0.2000726,-0.21467089723987795,0.8956369720819807,0.38955207625944854,0.9028064,0.0009824594,0.41026320540688266,1.7871511856908682
phi1,phi2,0.31,0.31,0.31,0.31,3762694.0,0.8990866,0.2200749,-0.20393716971432985,0.8814021397342815,0.42607499208559374,0.906015,0.0009923286,0.4502844168463267,1.7761742648015033
phi1,phi2,0.31,0.315,0.315,0.31,3763124.0,0.8905888,0.2498324,-0.18330155739180154,0.8583901748837433,0.47913134600106966,0.9096402,0.0009962208,0.5090974053134532,1.7551401941243554
phi1,phi2,0.31,0.32,0.32,0.31,3763572.0,0.8787136,0.2717387,-0.1588145762402297,0.8410526247987153,0.5171154732676518,0.9055134,0.001010152,0.5512621751752067,1.7302862014419813
phi1,phi2,0.31,0.325,0.325,0.31,3764003.0,0.861456,0.2848451,-0.1275983394041174,0.8323445021867512,0.5393712019201627,0.9117544,0.00101515,0.5749780835284617,1.6987434731045423
phi1,phi2,0.31,0.33,0.33,0.31,3764460.0,0.8747862,0.2953948,-0.147684099544381,0.8172646528676061,0.5570169601681413,0.9091136,0.001013668,0.5982443479737256,1.7190226111019578
phi1,phi2,0.31,0.335,0.335,0.31,3764897.0,0.8787538,0.2844064,-0.15639948980552357,0.827897693960437,0.5386321638405588,0.9074754,0.001005294,0.5767985305197327,1.7278405483682744
phi1,phi2,0.31,0.34,0.34,0.31,3765320.0,0.8784822,0.2902304,-0.15477791891522347,0.8217609219914769,0.5484093205845343,0.9078932,0.001012541,0.5884815673515633,1.7261989862149714
phi1,phi2,0.31,0.34500000000000003,0.34500000000000003,0.31,3765770.0,0.869351,0.3090487,-0.13619811083203517,0.8035213036352205,0.5794856246794572,0.9119704,0.001011951,0.624801496661358,1.707419069330009
phi1,phi2,0.31,0.35000000000000003,0.35000000000000003,0.31,3766201.0,0.8749078,0.3374472,-0.13902802490952537,0.7682952464904851,0.6248148705895861,0.902033,0.001022597,0.682767183406086,1.7102761666661386
phi1,phi2,0.31,0.355,0.355,0.31,3766649.0,0.873924,0.3654126,-0.13114918859472444,0.7329833321070679,0.6674843257966177,0.9045344,0.001022132,0.7386628378391884,1.7023244189154132
phi1,phi2,0.31,0.36,0.36,0.31,3767097.0,0.8761442,0.3875804,-0.12893078637157812,0.7025763307021935,0.6998309452022313,0.9040654,0.001022215,0.7834405423553283,1.7000870178744523
phi1,phi2,0.31,0.365,0.365,0.31,3767528.0,0.8880746,0.4336442,-0.1319104142717855,0.6333048395842691,0.7625776175352835,0.90439,0.001023557,0.8777448311221754,1.7030923159349292
phi1,phi2,0.31,0.37,0.37,0.31,3767980.0,0.8892102,0.4830831,-0.11717938373801112,0.5562492970374637,0.8227124112179829,0.9115178,0.001013882,0.9762801485757722,1.6882455463591906
phi1,phi2,0.31,0.375,0.375,0.31,3768411.0,0.9066746,0.4996604,-0.1299078866126649,0.5250412453497247,0.8411038174193725,0.9090994,0.001015721,1.0127517584441579,1.7010724053115254
phi1,phi2,0.31,0.38,0.38,0.31,3768863.0,0.9094406,0.4989007,-0.13312406240516242,0.5255528062907807,0.8402810433471837,0.9095014,0.001015493,1.0118743131100336,1.7043167629124962
phi1,phi2,0.31,0.385,0.385,0.31,3769286.0,0.9147014,0.5110148,-0.13339971440983006,0.5042896433025081,0.8531684897212303,0.9067666,0.001021941,1.036962499343388,1.7045948956229589
phi1,phi2,0.31,0.39,0.39,0.31,3769728.0,0.894174,0.521384,-0.10874674965053663,0.49195529118345216,0.863802139333452,0.9078992,0.001018986,1.0530878072725924,1.6797585623898426
phi1,phi2,0.31,0.395,0.395,0.31,3770162.0,0.9089556,0.5574827,-0.1076783124106243,0.4268359750022533,0.8978955571113356,0.905804,0.001028247,1.127043090900818,1.6786838139401281
phi1,phi2,0.31,0.4,0.4,0.31,3770610.0,0.9316074,0.584618,-0.11267133750530842,0.3742630349888625,0.9204522531591144,0.9086568,0.001018553,1.184606610149113,1.683707427113083
phi1,phi2,0.31,0.405,0.405,0.31,3771041.0,0.9746432,0.6051901,-0.13031550886393087,0.32770340456176306,0.9357501519038959,0.908187,0.001012956,1.2339398214091837,1.7014835223307974
phi1,phi2,0.31,0.41000000000000003,0.41000000000000003,0.31,3771488.0,0.9770618,0.5976641,-0.13715187882272706,0.34009437126205755,0.9303360579765044,0.9086906,0.001005441,1.2203267112453196,1.708381872358501
phi1,phi2,0.31,0.41500000000000004,0.41500000000000004,0.31,3771937.0,0.9859908,0.598784,-0.1423890026598668,0.3356718569176992,0.9311550764480384,0.9096276,0.001007207,1.224807256962066,1.7136709203065943
phi1,phi2,0.31,0.42,0.42,0.31,3772372.0,0.9908984,0.6152095,-0.13337910457431248,0.3060408897985433,0.9426287648031278,0.9122126,0.001009059,1.2568652252762051,1.7045740999511627
phi1,phi2,0.31,0.425,0.425,0.31,3772806.0,1.011124,0.6412966,-0.12400162182901812,0.25575426906834137,0.9587561481612995,0.9071674,0.001018122,1.310110228653027,1.6951179509603242
phi1,phi2,0.31,0.43,0.43,0.31,3773240.0,1.078034,0.6742574,-0.12178536835683697,0.18376341020028877,0.9753970130801867,0.9062956,0.001021837,1.384580458073125,1.6928847691875815
phi1,phi2,0.31,0.435,0.435,0.31,3773674.0,1.162969,0.7029067,-0.11256566416810225,0.11959208714995108,0.9864211595163156,0.9099688,0.001024058,1.4501467959384478,1.6836010772097543
phi1,phi2,0.31,0.44,0.44,0.31,3774108.0,1.555202,0.7333184,-0.10392072355184825,0.0032421987794616714,0.9945802991028602,0.9104586,0.001025715,1.5675364720623985,1.674905014183624
phi1,phi2,0.31,0.445,0.445,0.31,3774560.0,-1.186838,0.7213856,-0.09184470224000649,-0.08868838968988735,0.9918159709364733,0.9093158,0.001032557,1.659979337128207,1.6627706468853878
phi1,phi2,0.31,0.45,0.45,0.31,3775011.0,-0.991837,0.694369,-0.07264745296597577,-0.1658402674297117,0.9834731075511918,0.9121938,0.00103153,1.7378518931633629,1.6435078333357653
phi1,phi2,0.31,0.455,0.455,0.31,3775445.0,-0.9668076,0.6665849,-0.08354481342150083,-0.2200722225606473,0.9718994191826558,0.9088618,0.001037928,1.793476376132526,1.6544386335310188
phi1,phi2,0.31,0.46,0.46,0.31,3775880.0,-0.919269,0.6395809,-0.07606413962734035,-0.2772740786214513,0.9577751990876449,0.9107638,0.001041098,1.8525907010277605,1.6469340061089934
phi1,phi2,0.31,0.465,0.465,0.31,3776332.0,-0.9502682,0.6257695,-0.10162744914678445,-0.2969526968306606,0.9494687764349682,0.9120474,0.001026542,1.8739150165501481,1.672599531084185
phi1,phi2,0.31,0.47000000000000003,0.47000000000000003,0.31,3776750.0,-0.9949756,0.5977675,-0.14916771634653544,-0.3347876019144741,0.9304118733143484,0.910368,0.001006687,1.9161990221698586,1.7205228453510388
phi1,phi2,0.31,0.47500000000000003,0.47500000000000003,0.31,3777201.0,-1.019097,0.5695272,-0.1885403443205162,-0.373571797346297,0.9082382125802451,0.9116396,0.0009872976,1.9610186065629804,1.7604719486362284
phi1,phi2,0.31,0.48,0.48,0.31,3777636.0,-1.006167,0.5593265,-0.18669819641944946,-0.39499439908632716,0.8995127615237907,0.9142876,0.0009861132,1.9845660279425692,1.7585964958226745
phi1,phi2,0.31,0.485,0.485,0.31,3778086.0,-0.9788978,0.5655967,-0.16061877205132669,-0.3941067097861278,0.9049207210392946,0.9113248,0.00100087,1.9815396066862565,1.7321138593579466
phi1,phi2,0.31,0.49,0.49,0.31,3778520.0,-0.9664742,0.570895,-0.14737205812430448,-0.3889862970043291,0.9093795342028907,0.9145328,0.001005131,1.9749931987245173,1.718707117507902
phi1,phi2,0.31,0.495,0.495,0.31,3778972.0,-0.9672416,0.5578032,-0.15638725800025988,-0.41087725763436694,0.898177546309204,0.9137308,0.001004309,1.9998338441409045,1.7278281641736117
phi1,phi2,0.31,0.5,0.5,0.31,3779408.0,-0.9554686,0.5549381,-0.14838492286626434,-0.4192903566826898,0.8956436297204795,0.911733,0.001005819,2.008636089667828,1.7197312419959727
phi1,phi2,0.31,0.505,0.505,0.31,3779860.0,-0.931823,0.5228928,-0.14469372300652633,-0.4798828058025505,0.8653185651640569,0.9122256,0.001006174,2.077144133128149,1.715999757907381
phi1,phi2,0.31,0.51,0.51,0.31,3780311.0,-0.912641,0.485905,-0.14193674249161428,-0.5456470231081002,0.8259075537274966,0.9125442,0.001010622,2.1546314093589256,1.7132140195205126
phi1,phi2,0.31,0.515,0.515,0.31,3780729.0,-0.9023538,0.4576684,-0.1412778470532618,-0.5929246123463887,0.7927679193849104,0.9150504,0.00100778,2.2129629889213254,1.7125484167321743
phi1,phi2,0.31,0.52,0.52,0.31,3781181.0,-0.9044024,0.4223199,-0.15654991519671219,-0.6452821078390052,0.7477319876498214,0.9141172,0.001009794,2.282781189970141,1.7279928498138877
phi1,phi2,0.31,0.525,0.525,0.31,3781616.0,-0.9009464,0.4010782,-0.15922249610033676,-0.6766779865850184,0.7188568002090707,0.9164784,0.001002423,2.3259795663913483,1.7306993787395086
phi1,phi2,0.31,0.53,0.53,0.31,3782068.0,-0.9121112,0.4114379,-0.1705200282065696,-0.6583922591520928,0.7331047354021349,0.91837,0.0010045,2.3025538387416393,1.7421537294842442
phi1,phi2,0.31,0.535,0.535,0.31,3782520.0,-0.9152758,0.434218,-0.16592668858510792,-0.6243490083585382,0.763319493905986,0.9130738,0.001007926,2.2563805463736077,1.7374939787894117
phi1,phi2,0.31,0.54,0.54,0.31,3782953.0,-0.9064154,0.4071933,-0.16449472491100325,-0.6663102025604901,0.7273047500465345,0.9177266,0.001008173,2.312455259514234,1.7360420631814402
phi1,phi2,0.31,0.545,0.545,0.31,3783387.0,-0.9059902,0.3829688,-0.17214887979039292,-0.6998717122711978,0.6932130621601806,0.9148526,0.001004423,2.3609742419527917,1.7438070287326728
phi1,phi2,0.31,0.55,0.55,0.31,3783822.0,-0.9049718,0.3609447,-0.1777879959436058,-0.7291978883213277,0.6608039559249573,0.9160372,0.001003206,2.405359041732079,1.7495345051296536
phi1,phi2,0.31,0.555,0.555,0.31,3784290.0,-0.8998404,0.3332881,-0.17832361998003612,-0.7654458826495433,0.6182987039385391,0.9121894,0.0009973716,2.462136192568977,1.7500788272278252
phi1,phi2,0.31,0.56,0.56,0.31,3784724.0,-0.9058804,0.3140609,-0.19309087719667645,-0.7857553693087035,0.5876260824248366,0.918692,0.001003144,2.499469839161396,1.7651076631422615
phi1,phi2,0.31,0.5650000000000001,0.5650000000000001,0.31,3785157.0,-0.8982968,0.3041462,-0.18372438260794158,-0.7997942393528585,0.5714669946141361,0.9201468,0.001000452,2.5211896929507223,1.7555703241176015
phi1,phi2,0.31,0.5700000000000001,0.5700000000000001,0.31,3785607.0,-0.9008052,0.2854622,-0.19248755549767257,-0.8190882100186637,0.5404100713226503,0.918119,0.0009960224,2.558379668599537,1.7644928068477692
phi1,phi2,0.31,0.5750000000000001,0.5750000000000001,0.31,3786057.0,-0.9075794,0.2731875,-0.20671494954195063,-0.8290305351534971,0.5195934000918169,0.9139512,0.0009895124,2.581737189441524,1.7790125185875687
phi1,phi2,0.31,0.58,0.58,0.31,3786489.0,-0.904049,0.2498311,-0.20634085005373035,-0.8531464081603763,0.47912906386708853,0.920956,0.000982038,2.629885316973933,1.7786301760641303
phi1,phi2,0.31,0.585,0.585,0.31,3786939.0,-0.9098736,0.2460811,-0.21714439213078665,-0.8541435982283867,0.47253256667833543,0.917395,0.0009851932,2.636277726501218,1.7896844309963706
phi1,phi2,0.31,0.59,0.59,0.31,3787389.0,-0.8971828,0.2132403,-0.20185216466160416,-0.887768824426331,0.41366921325875194,0.9150804,0.0009898278,2.7055418227971177,1.7740449712086697
phi1,phi2,0.31,0.595,0.595,0.31,3787823.0,-0.8852466,0.1443048,-0.19016766804827367,-0.9395892386716816,0.2846196068464912,0.9301974,0.001000187,2.847459863721971,1.7621292550910628
phi1,phi2,0.31,0.6,0.6,0.31,3788256.0,-0.8831928,0.07997569,-0.19186380298311828,-0.9684117317176237,0.15927020743544065,0.919048,0.001005698,2.97858652614428,1.7638572070847733
phi1,phi2,0.31,0.605,0.605,0.31,3788708.0,-0.8891054,0.006828461,-0.20591127685089547,-0.9784753681837611,0.013656497475082217,0.920995,0.001012093,3.127636644801597,1.7781911755158448
phi1,phi2,0.31,0.61,0.61,0.31,3789142.0,-0.9028226,-0.03663402,-0.23207170921316483,-0.9699402636770944,-0.0732025046080317,0.9132078,0.000999238,-3.0662643103567655,1.8050033275187918
phi1,phi2,0.31,0.615,0.615,0.31,3789592.0,-0.927788,-0.04989443,-0.2795483612697383,-0.9549491640824747,-0.09962332924364047,0.9056668,0.0009757588,-3.0376454867923686,1.8541200112480203
phi1,phi2,0.31,0.62,0.62,0.31,3790026.0,-0.9360872,-0.04561919,-0.2956018071847994,-0.9509564673314391,-0.09111184791008296,0.9171788,0.0009545528,-3.046073475304639,1.8708817434020766
phi1,phi2,0.31,0.625,0.625,0.31,3790460.0,-0.9440498,-0.04223556,-0.3108931153602829,-0.9466926934008534,-0.08437070038239484,0.9183612,0.0009445242,-3.052705960029299,1.8869288963857127
phi1,phi2,0.31,0.63,0.63,0.31,3790910.0,-0.9517522,-0.0381562,-0.3256532483675161,-0.9424105662415352,-0.07623835297272614,0.9136072,0.0009393974,-3.0608712615926645,1.9024988831478595
phi1,phi2,0.31,0.635,0.635,0.31,3791344.0,-0.9574194,-0.07167182,-0.33383607506632784,-0.9317437537944682,-0.14285325424820544,0.9056934,0.0009435342,-2.9894591348579977,1.9111665246818565
phi1,phi2,0.31,0.64,0.64,0.31,3791777.0,-0.9502918,-0.1114504,-0.315830025445824,-0.9227047497596732,-0.22105958427046113,0.9083044,0.0009501508,-2.9064469063181813,1.8921276550969248
phi1,phi2,0.31,0.645,0.645,0.31,3792210.0,-0.957393,-0.1171276,-0.3280346852218765,-0.9157042122829347,-0.23211859231581258,0.905603,0.0009493032,-2.893335345305751,1.9050187142272792
phi1,phi2,0.31,0.65,0.65,0.31,3792659.0,-0.9612536,-0.1298408,-0.3329538325962028,-0.9073089076192661,-0.25677284029708813,0.909086,0.0009525322,-2.8657997140301434,1.9102307435590047
phi1,phi2,0.31,0.655,0.655,0.31,3793092.0,-0.9470602,-0.1350098,-0.3062077677930331,-0.9138277005159062,-0.26675032654716496,0.9060346,0.0009623362,-2.857579463420786,1.8820032083262117
phi1,phi2,0.31,0.66,0.66,0.31,3793542.0,-0.9473956,-0.1552923,-0.3031243894821894,-0.9026155779766373,-0.3056153184887022,0.9134964,0.0009648564,-2.815119865607641,1.8787659253216427
phi1,phi2,0.31,0.665,0.665,0.31,3793975.0,-0.955852,-0.1757688,-0.31389572895418666,-0.8848153531573211,-0.3443417810278111,0.912571,0.0009639412,-2.7704589821828915,1.8900897021046117
phi1,phi2,0.31,0.67,0.67,0.31,3794426.0,-0.9556696,-0.1925439,-0.3095385862033859,-0.8735445450855869,-0.3756405082022227,0.9162062,0.0009593276,-2.735478795552358,1.8855040751588317
phi1,phi2,0.31,0.675,0.675,0.31,3794859.0,-0.962081,-0.2085502,-0.31638908800558224,-0.8577778857033537,-0.4051111499197232,0.9094516,0.0009605234,-2.7003661123765816,1.8927169343190695
phi1,phi2,0.31,0.68,0.68,0.31,3795293.0,-0.9613758,-0.2251188,-0.3103789880793222,-0.8451530715410353,-0.43517946806301633,0.9048084,0.000963775,-2.6660867271478104,1.8863880109123985
phi1,phi2,0.31,0.685,0.685,0.31,3795726.0,-0.9640966,-0.2279169,-0.314116451926926,-0.8411569501409812,-0.4402111310023429,0.8990468,0.0009741296,-2.6594478146357114,1.8903221837758142
phi1,phi2,0.31,0.6900000000000001,0.6900000000000001,0.31,3796177.0,-0.962955,-0.2519904,-0.3044667840503771,-0.8210315925928096,-0.48291521137207477,0.9178566,0.000970359,-2.6099088985219674,1.880174912670863
phi1,phi2,0.31,0.6950000000000001,0.6950000000000001,0.31,3796611.0,-0.9698118,-0.2885302,-0.3021425219591255,-0.7817104510227643,-0.5455627069237466,0.920467,0.0009744848,-2.532271468860219,1.8777357497389837
phi1,phi2,0.31,0.7000000000000001,0.7000000000000001,0.31,3797051.0,-0.9859344,-0.3251006,-0.3107482933611761,-0.7327967206224374,-0.6053465655458184,0.908855,0.0009814312,-2.4511520748256053,1.8867765273280812
phi1,phi2,0.31,0.705,0.705,0.31,3797499.0,-0.9974362,-0.3509644,-0.31420452588106573,-0.6959581340268621,-0.6456917156025024,0.908653,0.0009696494,-2.3936430975143765,1.890414954733846
phi1,phi2,0.31,0.71,0.71,0.31,3797929.0,-1.033413,-0.3605219,-0.3574847574805386,-0.6605917627150751,-0.6601690474432063,0.9054944,0.0009581932,-2.3565145445535767,1.9363696145245215
phi1,phi2,0.31,0.715,0.715,0.31,3798359.0,-1.072715,-0.3796991,-0.3941934568803515,-0.6087690582235519,-0.6884851140746095,0.906955,0.0009300532,-2.294821826190779,1.9759864074967242
phi1,phi2,0.31,0.72,0.72,0.31,3798791.0,-1.109852,-0.3924431,-0.42753498197276263,-0.5636717151831717,-0.7067446757436598,0.9068524,0.0009122564,-2.244048065536003,2.012560546371987
phi1,phi2,0.31,0.725,0.725,0.31,3799224.0,-1.132466,-0.4105959,-0.43587372246408085,-0.5236898183050623,-0.7319583815142199,0.8969184,0.0009064076,-2.1918255462223706,2.0218051699026938
phi1,phi2,0.31,0.73,0.73,0.31,3799675.0,-1.140153,-0.4401714,-0.41490751490061656,-0.4831942407151295,-0.7709572490214514,0.8971134,0.0009285104,-2.1306500853023143,1.9986374801980604
phi1,phi2,0.31,0.735,0.735,0.31,3800125.0,-1.188729,-0.4879479,-0.4046174016016251,-0.387766009382392,-0.8282042503445656,0.8961866,0.000935607,-2.0086826424567477,1.9873567433528325
phi1,phi2,0.31,0.74,0.74,0.31,3800559.0,-1.224091,-0.5182201,-0.39167764374051217,-0.32551789840480716,-0.8605967239142839,0.899013,0.0009332738,-1.9324104042753536,1.973250536099631
phi1,phi2,0.31,0.745,0.745,0.31,3800993.0,-1.257669,-0.5438255,-0.37640518927972433,-0.2722892258315673,-0.8855380912074537,0.8998138,0.0009488808,-1.8691054004241372,1.9567093723534592
phi1,phi2,0.31,0.75,0.75,0.31,3801443.0,-1.299872,-0.5641539,-0.36685436957343204,-0.2208262701280255,-0.9036889010861117,0.89675,0.0009668248,-1.8104606388414726,1.9464216974357
phi1,phi2,0.31,0.755,0.755,0.31,3801877.0,-1.354913,-0.5898585,-0.34620417629618966,-0.15951738217717948,-0.9244981736587782,0.8964776,0.0009705502,-1.7416587916208561,1.9243183606047756
phi1,phi2,0.31,0.76,0.76,0.31,3802311.0,-1.319713,-0.577729,-0.35368417312115885,-0.1942147389726707,-0.9149798581659486,0.8995324,0.0009675356,-1.7799532431242948,1.9323032667996791
phi1,phi2,0.31,0.765,0.765,0.31,3802761.0,-1.321597,-0.5787337,-0.3527978492380046,-0.1920014246581027,-0.9157888023459869,0.8957978,0.0009655008,-1.7774598725134738,1.931355866182958
phi1,phi2,0.31,0.77,0.77,0.31,3803177.0,-1.379176,-0.5907339,-0.35203260836215955,-0.14193083186482236,-0.9251641376620118,0.8949922,0.000973167,-1.7230210379618494,1.9305381646018378
phi1,phi2,0.31,0.775,0.775,0.31,3803611.0,-1.470012,-0.628179,-0.3030205704806644,-0.06192033485476526,-0.9509702445382013,0.897343,0.0009936696,-1.63581734058624,1.8786569824661017
phi1,phi2,0.3875,0.0,0.0,0.3875,3804063.0,-1.26875,-0.3921258,-0.5826283568978627,-0.40210789613123876,-0.7062955738268544,0.8875072,0.0007952356,-2.088351138083676,2.192755233772609
phi1,phi2,0.3875,0.005,0.005,0.3875,3804496.0,-1.302398,-0.4057264,-0.5916164563989402,-0.35206124704654856,-0.7252881129909616,0.8911492,0.0007942971,-2.022703002497226,2.203858679000382
phi1,phi2,0.3875,0.01,0.01,0.3875,3804929.0,-1.326704,-0.4109849,-0.6012549088755558,-0.3193015793300083,-0.7324882497285602,0.8892188,0.000782815,-1.9818744451862866,2.215866996147007
phi1,phi2,0.3875,0.015,0.015,0.3875,3805363.0,-1.298836,-0.3911764,-0.6069014412229888,-0.36703676274998903,-0.704950108469718,0.8882448,0.0007747527,-2.0508321420511764,2.222952435883731
phi1,phi2,0.3875,0.02,0.02,0.3875,3805814.0,-1.272276,-0.3871683,-0.591212075621512,-0.40190663436129087,-0.699241974495012,0.8909424,0.0007891323,-2.0924613123067335,2.2033571947572397
phi1,phi2,0.3875,0.025,0.025,0.3875,3806249.0,-1.274841,-0.3819956,-0.5992374861117407,-0.4028831831842111,-0.6918089157750417,0.8906144,0.0007846321,-2.098145699597446,2.2133446335205846
phi1,phi2,0.3875,0.03,0.03,0.3875,3806683.0,-1.280802,-0.3790679,-0.6073759696114993,-0.3979237221991466,-0.6875690095180755,0.8912518,0.0007762232,-2.095436809916712,2.223549630542576
phi1,phi2,0.3875,0.035,0.035,0.3875,3807133.0,-1.264166,-0.3650942,-0.6092827948002609,-0.42880312166605816,-0.667010014025147,0.8873968,0.0007717567,-2.142145443577277,2.22595212931384
phi1,phi2,0.3875,0.04,0.04,0.3875,3807567.0,-1.285753,-0.3652133,-0.6270886551978272,-0.40202077572869355,-0.6671874657131083,0.8880082,0.0007587438,-2.1130963801439906,2.248606354972303
phi1,phi2,0.3875,0.045,0.045,0.3875,3808017.0,-1.324841,-0.3655011,-0.6562311745978563,-0.3516381238323255,-0.6676161137611942,0.8889176,0.0007439325,-2.0555806065677995,2.2866094378988873
phi1,phi2,0.3875,0.05,0.05,0.3875,3808451.0,-1.376388,-0.367616,-0.686315267657619,-0.2811643508992052,-0.6707592423243077,0.8806986,0.0007192819,-1.9677213557740874,2.3272069010738856
phi1,phi2,0.3875,0.055,0.055,0.3875,3808891.0,-1.399989,-0.3687115,-0.697431049623006,-0.24797482671772952,-0.6723826413107823,0.8782162,0.0007031306,-1.9241204743156604,2.342602885365394
phi1,phi2,0.3875,0.06,0.06,0.3875,3809328.0,-1.418115,-0.3785165,-0.6932500614418358,-0.21852758044200768,-0.686767827505812,0.8797402,0.0007083389,-1.8788630499405379,2.3367852637111124
phi1,phi2,0.3875,0.065,0.065,0.3875,3809763.0,-1.443123,-0.3819764,-0.6986934356156086,-0.1823904378793568,-0.6917811873691232,0.8780032,0.0007001907,-1.8285833654351384,2.3443659038608726
phi1,phi2,0.3875,0.07,0.07,0.3875,3810215.0,-1.479786,-0.3882861,-0.7015359590419821,-0.12912320948567718,-0.7008384228502061,0.8763688,0.0007029184,-1.7529941625689494,2.348346869827373
phi1,phi2,0.3875,0.075,0.075,0.3875,3810656.0,-1.491357,-0.3870797,-0.706003649221123,-0.11312234231347837,-0.6991152858835011,0.8756738,0.0006974772,-1.7312138158022068,2.354635640380539
phi1,phi2,0.3875,0.08,0.08,0.3875,3811088.0,-1.535946,-0.3891837,-0.7103318041137978,-0.0495909242647042,-0.7021178450196303,0.876891,0.0006986927,-1.6413097119682223,2.3607658258127753
phi1,phi2,0.3875,0.085,0.085,0.3875,3811534.0,-1.564,-0.399001,-0.6980741021043652,-0.009489263869972536,-0.7159626399766893,0.8779374,0.0007082924,-1.5840494041987159,2.343500578639509
phi1,phi2,0.3875,0.09,0.09,0.3875,3811982.0,-1.52622,-0.4148952,-0.6723495551300116,-0.060101063086544185,-0.7377899009422281,0.8791852,0.0007270494,-1.652077798068024,2.3081746289541423
phi1,phi2,0.3875,0.095,0.095,0.3875,3812417.0,-1.564314,-0.4212652,-0.6655205110381354,-0.008628726333153524,-0.7463296821575615,0.8778204,0.0007324977,-1.582357359545888,2.298987309312985
phi1,phi2,0.3875,0.1,0.1,0.3875,3812868.0,1.530289,-0.4207655,-0.6641365308819761,0.0539228145055595,-0.7456641324509669,0.8771574,0.0007322652,-1.498606838413717,2.297134580774293
phi1,phi2,0.3875,0.105,0.105,0.3875,3813308.0,1.471571,-0.4126326,-0.6650480677683123,0.1337395234243453,-0.7347277097209981,0.8777826,0.0007344563,-1.3907416962220531,2.2983545078857164
phi1,phi2,0.3875,0.11,0.11,0.3875,3813727.0,1.436481,-0.4025532,-0.6681790177354949,0.18393930132014952,-0.7209043859541182,0.8725106,0.0007217886,-1.320975796342378,2.302554860811364
phi1,phi2,0.3875,0.115,0.115,0.3875,3814179.0,1.412131,-0.3868512,-0.6796132697660509,0.2232050635671195,-0.6987884537940615,0.874732,0.0007165758,-1.2616221204600448,2.31803164377385
phi1,phi2,0.3875,0.12,0.12,0.3875,3814614.0,1.395033,-0.3802287,-0.6802150207169357,0.24947534443094205,-0.6892529130240376,0.8702552,0.0007165061,-1.2235152212958147,2.318852259894501
phi1,phi2,0.3875,0.125,0.125,0.3875,3815067.0,1.373169,-0.3881734,-0.6584678138182533,0.27471987041805074,-0.7006776227074043,0.8760072,0.0007320505,-1.197138367724379,2.2895774366972965
phi1,phi2,0.3875,0.13,0.13,0.3875,3815502.0,1.362263,-0.3868404,-0.6540250308029549,0.28977154796025584,-0.6987730025379566,0.874091,0.0007379421,-1.1776938582534384,2.2836893924646247
phi1,phi2,0.3875,0.135,0.135,0.3875,3815954.0,1.340913,-0.3692785,-0.6626543473386275,0.3281187185279139,-0.6732215998501662,0.8669808,0.0007190968,-1.1172908213868684,2.2951537632291847
phi1,phi2,0.3875,0.14,0.14,0.3875,3816390.0,1.333328,-0.343221,-0.6878955993694988,0.35371042488572985,-0.6337890656166564,0.8725238,0.0007043629,-1.0617643087627924,2.329381997162791
phi1,phi2,0.3875,0.145,0.145,0.3875,3816824.0,1.323406,-0.3305813,-0.6946229482534148,0.3747800995009602,-0.6140348823786677,0.8691868,0.000696321,-1.022796631061441,2.338691956182632
phi1,phi2,0.3875,0.15,0.15,0.3875,3817276.0,1.300083,-0.3195258,-0.6878605265485251,0.4136590681224321,-0.5964344652822025,0.8697232,0.000698518,-0.9644101497724504,2.329333675928689
phi1,phi2,0.3875,0.155,0.155,0.3875,3817710.0,1.284764,-0.2858015,-0.707129521646321,0.45531031345954665,-0.5409809220976416,0.867635,0.0006761746,-0.8711766810740809,2.356226650576122
phi1,phi2,0.3875,0.16,0.16,0.3875,3818144.0,1.269936,-0.2631921,-0.7127682927646705,0.48943359685426474,-0.5024103055269012,0.8667192,0.0006673833,-0.798480835261985,2.364233475706368
phi1,phi2,0.3875,0.165,0.165,0.3875,3818578.0,1.259127,-0.2577701,-0.7064041617528422,0.5078772683306432,-0.4930049092770459,0.8630954,0.000669097,-0.7705400063247003,2.355201329280999
phi1,phi2,0.3875,0.17,0.17,0.3875,3819027.0,1.238055,-0.2481911,-0.6916828439729173,0.5429209627099317,-0.47624748986599147,0.8699628,0.0006821885,-0.7200717673328754,2.3346129462059846
phi1,phi2,0.3875,0.17500000000000002,0.17500000000000002,0.3875,3819460.0,1.223461,-0.2437251,-0.678784787512937,0.5655762169486365,-0.4683745884045012,0.8719478,0.0006896596,-0.6916637368058187,2.31690285061765
phi1,phi2,0.3875,0.18,0.18,0.3875,3819893.0,1.211994,-0.2309653,-0.6744237697444544,0.5886632436583864,-0.44567719749754575,0.8706308,0.0006902484,-0.6480299206154951,2.3109803150342825
phi1,phi2,0.3875,0.185,0.185,0.3875,3820343.0,1.199563,-0.2144431,-0.6700704532759734,0.6148720165170718,-0.4158581380119444,0.8651316,0.0006966533,-0.5946647497372766,2.3051000226342206
phi1,phi2,0.3875,0.19,0.19,0.3875,3820776.0,1.180279,-0.1943428,-0.6572113357915094,0.6515007216496431,-0.37897238658922666,0.8659392,0.0007001115,-0.5268485261273179,2.2879091567718617
phi1,phi2,0.3875,0.195,0.195,0.3875,3821227.0,1.165526,-0.1867967,-0.6415734699720291,0.6746741889367308,-0.3649633151573104,0.8686576,0.0007116523,-0.49586655834159954,2.267344132630937
phi1,phi2,0.3875,0.2,0.2,0.3875,3821676.0,1.157454,-0.1846131,-0.6316719378258832,0.6861094402030388,-0.3608938888753402,0.867622,0.0007285126,-0.4842309774715168,2.254504331295519
phi1,phi2,0.3875,0.20500000000000002,0.20500000000000002,0.3875,3822111.0,1.13958,-0.1695323,-0.613551295853523,0.7161903790392907,-0.33260509365916197,0.8742858,0.0007315124,-0.43477144479244245,2.2313463786005574
phi1,phi2,0.3875,0.21,0.21,0.3875,3822561.0,1.135853,-0.1542537,-0.6144654325560712,0.7281736737316467,-0.303636844071726,0.8761402,0.0007309107,-0.3950615650559408,2.232504540775826
phi1,phi2,0.3875,0.215,0.215,0.3875,3822995.0,1.133651,-0.1395858,-0.6167032705263068,0.737390049192512,-0.2755594155060238,0.8701114,0.0007224759,-0.35762659495939,2.235344183510075
phi1,phi2,0.3875,0.22,0.22,0.3875,3823414.0,1.127703,-0.128043,-0.6117483114078716,0.7494031411251544,-0.25329614201832973,0.8763494,0.0007345543,-0.3259421195359451,2.22906514205838
phi1,phi2,0.3875,0.225,0.225,0.3875,3823865.0,1.123214,-0.1169488,-0.608361237577372,0.7590645075602547,-0.23177074443431497,0.8779132,0.0007292431,-0.29634622333956795,2.2247904635972233
phi1,phi2,0.3875,0.23,0.23,0.3875,3824301.0,1.109854,-0.1025697,-0.5916486350161507,0.7800363582105677,-0.20370363902768282,0.8713204,0.0007282043,-0.25544151148990135,2.2038985925553525
phi1,phi2,0.3875,0.23500000000000001,0.23500000000000001,0.3875,3824737.0,1.106223,-0.07568313,-0.5916743615382153,0.7919495907143618,-0.15078891095070673,0.8647054,0.0007343315,-0.18815006362221398,2.203930503933295
phi1,phi2,0.3875,0.24,0.24,0.3875,3825189.0,1.095805,-0.06389056,-0.576954677295245,0.8067737975993988,-0.12743366844827206,0.873908,0.0007435886,-0.15666032695548893,2.1857916192670337
phi1,phi2,0.3875,0.245,0.245,0.3875,3825623.0,1.092576,-0.04138299,-0.5744589204897711,0.8143478180270662,-0.08267151833783466,0.8738372,0.0007419701,-0.10117207225454239,2.1827392860525037
phi1,phi2,0.3875,0.25,0.25,0.3875,3826058.0,1.09799,-0.02665129,-0.5844150215483938,0.8097040244894514,-0.053277343347582676,0.868074,0.000734007,-0.06570382965645205,2.1949552965099346
phi1,phi2,0.3875,0.255,0.255,0.3875,3826511.0,1.086677,-0.004592665,-0.5667276546953798,0.8238539903945483,-0.0091852008390565,0.8771104,0.0007491557,-0.011148602053342671,2.173324981410449
phi1,phi2,0.3875,0.26,0.26,0.3875,3826949.0,1.081985,0.004021571,-0.5589772695628967,0.829143969026965,0.008043055278944864,0.8698634,0.0007496983,0.009700128462727164,2.16394819379227
phi1,phi2,0.3875,0.265,0.265,0.3875,3827401.0,1.075503,0.01362823,-0.5479956885172597,0.8360370773539775,0.02725308525496013,0.8724652,0.0007608164,0.032586399416499656,2.1507625560555557
phi1,phi2,0.3875,0.27,0.27,0.3875,3827852.0,1.071943,0.01921974,-0.5418301188322787,0.839608990138348,0.0384300143775931,0.8746616,0.0007633126,0.04573939937892213,2.1434093596258643
phi1,phi2,0.3875,0.275,0.275,0.3875,3828287.0,1.072659,0.05272359,-0.5404148719203724,0.8347896794444655,0.10525187551912858,0.8811114,0.000769351,0.12542011552436128,2.1417264322814242
phi1,phi2,0.3875,0.28,0.28,0.3875,3828721.0,1.056956,0.07299029,-0.5113089525803604,0.8469969141192877,0.14546264978879886,0.8841522,0.0007715181,0.17008010756993697,2.10750353404994
phi1,phi2,0.3875,0.28500000000000003,0.28500000000000003,0.3875,3829155.0,1.069288,0.1029269,-0.5264075721637708,0.8252966002236007,0.20440300787417606,0.8723374,0.0007780185,0.24278657628437017,2.1251661077657156
phi1,phi2,0.3875,0.29,0.29,0.3875,3829605.0,1.075224,0.1284569,-0.5297552891127524,0.8091934994853963,0.2540968595784726,0.8755024,0.0007604727,0.30426219440703406,2.129108343190583
phi1,phi2,0.3875,0.295,0.295,0.3875,3830038.0,1.069941,0.1605519,-0.5113195294678277,0.7993372609115749,0.31561413482792616,0.8767684,0.0007668064,0.37605432614535195,2.1075158414312085
phi1,phi2,0.3875,0.3,0.3,0.3875,3830489.0,1.066898,0.1830834,-0.49834284814951746,0.7895964093068144,0.35803898685480146,0.8774738,0.0007691675,0.425715559993193,2.0924826429228003
phi1,phi2,0.3875,0.305,0.305,0.3875,3830940.0,1.066474,0.1876283,-0.4959178793735984,0.7872324527605301,0.36651128528086646,0.8849996,0.0007779115,0.43572568302949355,2.0896878546283926
phi1,phi2,0.3875,0.31,0.31,0.3875,3831374.0,1.06386,0.1999565,-0.48686979785710277,0.7819038043866948,0.38933820852851964,0.876728,0.0007838562,0.46199520580403863,2.079298864295803
phi1,phi2,0.3875,0.315,0.315,0.3875,3831825.0,1.050834,0.2142505,-0.4605117931463325,0.7843992355482463,0.4155077949262521,0.8742462,0.0008058406,0.48713580843311055,2.049368007695579
phi1,phi2,0.3875,0.32,0.32,0.3875,3832259.0,1.042154,0.2242202,-0.4426674605747795,0.7849016920466595,0.43356066838513707,0.8783128,0.0008260705,0.504665380630541,2.0293676228544952
phi1,phi2,0.3875,0.325,0.325,0.3875,3832710.0,1.038972,0.2393411,-0.431096119451737,0.775883149872688,0.4606098930084866,0.8775818,0.0008275594,0.5357438382731678,2.016503549607899
phi1,phi2,0.3875,0.33,0.33,0.3875,3833144.0,1.039479,0.2509793,-0.4265494202556279,0.7658698136753537,0.48114345114577495,0.877522,0.0008229687,0.5609196314792606,2.011470602496014
phi1,phi2,0.3875,0.335,0.335,0.3875,3833587.0,1.046139,0.2555466,-0.4345050126960476,0.7562778724471632,0.4891310392817042,0.8846274,0.0008206209,0.5740948781882937,2.020284953542942
phi1,phi2,0.3875,0.34,0.34,0.3875,3834018.0,1.058944,0.2725871,-0.44479502136635607,0.7302366794167262,0.5185670458119532,0.8746356,0.0008238622,0.6174960243880232,2.031741709926457
phi1,phi2,0.3875,0.34500000000000003,0.34500000000000003,0.3875,3834466.0,1.062445,0.2933633,-0.438174298356941,0.7081583145684544,0.5536380458087834,0.8852418,0.0008208379,0.6635443327781676,2.024362930060409
phi1,phi2,0.3875,0.35000000000000003,0.35000000000000003,0.3875,3834896.0,1.072925,0.3196155,-0.4364933502312446,0.6734743531670987,0.5965784532063341,0.891369,0.000815247,0.7249265473181388,2.0224937540775283
phi1,phi2,0.3875,0.355,0.355,0.3875,3835330.0,1.08952,0.3612913,-0.42862756803125973,0.6155719807196437,0.6613240843009593,0.8842864,0.0008072643,0.8212135601522821,2.013769506780149
phi1,phi2,0.3875,0.36,0.36,0.3875,3835764.0,1.108115,0.3846731,-0.43212921434938323,0.5738584740917388,0.6956657198819601,0.8836316,0.0008158128,0.8810525175152595,2.017648812778936
phi1,phi2,0.3875,0.365,0.365,0.3875,3836200.0,1.093977,0.405039,-0.3989934983071063,0.5622582787750944,0.7243409530445766,0.8847012,0.0008305047,0.9107155948703305,1.9812152523083613
phi1,phi2,0.3875,0.37,0.37,0.3875,3836652.0,1.099854,0.4217972,-0.39106797578524394,0.537588050606791,0.7470374329041498,0.8872464,0.000843708,0.9470191964657202,1.97258802074253
phi1,phi2,0.3875,0.375,0.375,0.3875,3837086.0,1.105723,0.4327516,-0.38747388046064085,0.5197126084792716,0.7614215629652501,0.8849782,0.0008436834,0.9718741555477699,1.968686155700788
phi1,phi2,0.3875,0.38,0.38,0.3875,3837521.0,1.127493,0.4406227,-0.40210136921043016,0.49300424685988237,0.7715317890127518,0.8879286,0.0008394292,1.0021970814728638,1.984607104941923
phi1,phi2,0.3875,0.385,0.385,0.3875,3837972.0,1.150479,0.4483955,-0.4162821682927185,0.465011294760819,0.7813281334409887,0.8872048,0.0008259986,1.033946990236947,2.000148836179856
phi1,phi2,0.3875,0.39,0.39,0.3875,3838407.0,1.173621,0.456634,-0.4282709141243417,0.436008574487653,0.7915052413524154,0.8848048,0.0008175192,1.067293089615812,2.013374788553202
phi1,phi2,0.3875,0.395,0.395,0.3875,3838858.0,1.204132,0.4738598,-0.43353872574407026,0.39058802626621547,0.8120869208512534,0.885907,0.0008049491,1.1224897086356194,2.0192123766463053
phi1,phi2,0.3875,0.4,0.4,0.3875,3839292.0,1.219892,0.4782836,-0.4401282808385845,0.37207780421217745,0.8172179660400991,0.8847526,0.0008102979,1.1435452255293352,2.026537857258626
phi1,phi2,0.3875,0.405,0.405,0.3875,3839743.0,1.235748,0.492967,-0.43270273032053247,0.34287862244481276,0.8337881010445665,0.884928,0.0008103953,1.1806466183553077,2.0182848695330726
phi1,phi2,0.3875,0.41000000000000003,0.41000000000000003,0.3875,3840177.0,1.261858,0.5145514,-0.42026096238095156,0.2986829581979454,0.8568367487338302,0.881864,0.0008218532,1.2353800196779101,2.0045292202195455
phi1,phi2,0.3875,0.41500000000000004,0.41500000000000004,0.3875,3840610.0,1.299249,0.5283258,-0.42102834346635193,0.2541512612643472,0.8707136557994948,0.8862846,0.0008344925,1.2867978322650142,2.0053750751231987
phi1,phi2,0.3875,0.42,0.42,0.3875,3841044.0,1.334927,0.5598318,-0.3883667046829442,0.19812725897225378,0.899953827674427,0.8862278,0.0008417276,1.3541003824000573,1.9696548343705174
phi1,phi2,0.3875,0.425,0.425,0.3875,3841495.0,1.35097,0.5760883,-0.36784144633812077,0.17301652930727615,0.9136508911736166,0.8873908,0.0008594784,1.3836441270228876,1.9474829749661406
phi1,phi2,0.3875,0.43,0.43,0.3875,3841928.0,1.373745,0.5889892,-0.35344887312762135,0.1469848619805828,0.923834045937561,0.8865048,0.0008737048,1.4130156977829982,1.9320517191899258
phi1,phi2,0.3875,0.435,0.435,0.3875,3842379.0,1.413057,0.6004392,-0.34369623433238955,0.1121752341002787,0.9323570214034337,0.8856084,0.0008800346,1.4510582593695949,1.921646416285581
phi1,phi2,0.3875,0.44,0.44,0.3875,3842829.0,1.415274,0.6001329,-0.34473392883031606,0.11082497252089393,0.9321353677331193,0.8893854,0.0008846792,1.452458191673169,1.9227516508310272
phi1,phi2,0.3875,0.445,0.445,0.3875,3843263.0,1.447208,0.6030227,-0.3458749536194275,0.08727692801963237,0.9342126386932553,0.8879772,0.0008659618,1.4776437269992808,1.9239674592095928
phi1,phi2,0.3875,0.45,0.45,0.3875,3843698.0,1.498885,0.5944591,-0.36881633454878754,0.05341293417572757,0.9279663624467949,0.8859872,0.000855628,1.513300638714477,1.9485315852011362
phi1,phi2,0.3875,0.455,0.455,0.3875,3844133.0,1.500406,0.5907183,-0.3758407068746478,0.05326344566288162,0.9251522947126501,0.8875992,0.0008489846,1.5132871863041286,1.9561001549583628
phi1,phi2,0.3875,0.46,0.46,0.3875,3844584.0,1.562409,0.597406,-0.3671366149227426,0.006159167253607076,0.9301466393218931,0.8863062,0.0008428764,1.564174707176008,1.9467251143968776
phi1,phi2,0.3875,0.465,0.465,0.3875,3845019.0,-1.53551,0.5927333,-0.3749290980371676,-0.026503756621414458,0.9266745503843239,0.8887668,0.000852623,1.5993894648564861,1.9551166191238412
phi1,phi2,0.3875,0.47000000000000003,0.47000000000000003,0.3875,3845454.0,-1.469139,0.5862485,-0.3798626557527749,-0.07831371039850052,0.9217219350368464,0.8871118,0.0008459342,1.6555573280820912,1.9604441453604853
phi1,phi2,0.3875,0.47500000000000003,0.47500000000000003,0.3875,3845905.0,-1.422257,0.5777581,-0.3857735934157759,-0.11810005031609153,0.9150033402881196,0.8871992,0.0008443254,1.6991572900161689,1.9668425011833313
phi1,phi2,0.3875,0.48,0.48,0.3875,3846339.0,-1.371859,0.5647757,-0.3937059310624798,-0.16547074581721266,0.9042206987925687,0.8891554,0.000839547,1.7517918310340619,1.9754559876819018
phi1,phi2,0.3875,0.485,0.485,0.3875,3846791.0,-1.382348,0.558756,-0.40718345259358535,-0.16117084108535393,0.8990136794942595,0.8870488,0.0008356183,1.7481871055841287,1.990164494464605
phi1,phi2,0.3875,0.49,0.49,0.3875,3847225.0,-1.364822,0.5494187,-0.41659848440086056,-0.18203268025243952,0.8906794070343262,0.8891574,0.0008392248,1.7723951387013308,2.0004967562918172
phi1,phi2,0.3875,0.495,0.495,0.3875,3847674.0,-1.35258,0.54524,-0.41874873771189314,-0.19531689953076567,0.8868488052776442,0.8904788,0.0008274692,1.7875726569155352,2.002863321237843
phi1,phi2,0.3875,0.5,0.5,0.3875,3848107.0,-1.313856,0.5342055,-0.41932637685691015,-0.23669492307419707,0.876436479765052,0.8872098,0.0008282011,1.8345688555679125,2.003499509503989
phi1,phi2,0.3875,0.505,0.505,0.3875,3848540.0,-1.282756,0.5242861,-0.41830331981309626,-0.27172191331786316,0.8667119097233071,0.8889926,0.0008296108,1.8746000878809657,2.002372883502997
phi1,phi2,0.3875,0.51,0.51,0.3875,3848990.0,-1.247108,0.5164557,-0.4086621929223494,-0.3089785408852558,0.858794197318726,0.8862044,0.0008362721,1.916158747547927,1.991784115498671
phi1,phi2,0.3875,0.515,0.515,0.3875,3849423.0,-1.222284,0.5132641,-0.3970199820092375,-0.33239103466055475,0.8555064780366485,0.8886846,0.0008413828,1.9413769551318012,1.9790640046960815
phi1,phi2,0.3875,0.52,0.52,0.3875,3849856.0,-1.212556,0.4958459,-0.4127117019824002,-0.35941429351581977,0.8369530552326784,0.8857664,0.0008385335,1.9764147889233392,1.996225461366902
phi1,phi2,0.3875,0.525,0.525,0.3875,3850306.0,-1.19406,0.47201,-0.42777153604815793,-0.40129419377549563,0.8099225166576581,0.8910966,0.0008332124,2.0308152412368106,2.0128222377770335
phi1,phi2,0.3875,0.53,0.53,0.3875,3850738.0,-1.180279,0.4476488,-0.44406947998573115,-0.4402108894315625,0.7803952010174556,0.8906496,0.000821018,2.08439062329383,2.0309317843644754
phi1,phi2,0.3875,0.535,0.535,0.3875,3851170.0,-1.171295,0.4317648,-0.4531557724544638,-0.46565651645864414,0.7601406807761302,0.8845268,0.0008079277,2.120423637519992,2.041098611852132
phi1,phi2,0.3875,0.54,0.54,0.3875,3851620.0,-1.15841,0.4052147,-0.4677679640732937,-0.5061347149082353,0.724583178214541,0.8919924,0.0008051779,2.1805272667175633,2.0575600599772415
phi1,phi2,0.3875,0.545,0.545,0.3875,3852068.0,-1.141088,0.3907303,-0.4634696948250921,-0.5377112279621756,0.7043170289735619,0.886865,0.0008036638,2.222850362077917,2.0527031695409037
phi1,phi2,0.3875,0.55,0.55,0.3875,3852517.0,-1.110926,0.3638064,-0.4525588914844635,-0.594009480636776,0.6650888562079365,0.8945894,0.0008178629,2.2998017446715053,2.040429149790658
phi1,phi2,0.3875,0.555,0.555,0.3875,3852949.0,-1.084271,0.3542719,-0.42732498717824313,-0.6276507344018097,0.6507287537353665,0.8899824,0.000828607,2.3381438932957685,2.01232826369484
phi1,phi2,0.3875,0.56,0.56,0.3875,3853398.0,-1.074333,0.3269233,-0.43357860248661434,-0.6648674044056079,0.6082441368601134,0.8889146,0.0008347425,2.400641479886003,2.0192566288059357
phi1,phi2,0.3875,0.5650000000000001,0.5650000000000001,0.3875,3853830.0,-1.065224,0.3070409,-0.4338987717435369,-0.6926152109074786,0.5762083177975126,0.8900694,0.0008356025,2.4476823392528804,2.019611962330825
phi1,phi2,0.3875,0.5700000000000001,0.5700000000000001,0.3875,3854279.0,-1.070185,0.279452,-0.4572155483787391,-0.7139896017486439,0.5302572874704712,0.8874754,0.000829153,2.5028005105580284,2.045658133340003
phi1,phi2,0.3875,0.5750000000000001,0.5750000000000001,0.3875,3854712.0,-1.069051,0.2474545,-0.4728847409654979,-0.7421597037516384,0.47495157215159767,0.8957268,0.0008238624,2.572308749754791,2.063358171357296
phi1,phi2,0.3875,0.58,0.58,0.3875,3855163.0,-1.07105,0.2237238,-0.48749673362058277,-0.7583846149171701,0.43266581857849373,0.8846134,0.0008157065,2.623139461981429,2.0800167573038837
phi1,phi2,0.3875,0.585,0.585,0.3875,3855595.0,-1.058241,0.1986581,-0.47857532243441275,-0.7881873053073247,0.38694499933346593,0.8953426,0.0008094944,2.685227126347076,2.0698277667265854
phi1,phi2,0.3875,0.59,0.59,0.3875,3856027.0,-1.054713,0.177172,-0.481092161843149,-0.8050829437325603,0.3469751943929141,0.9000304,0.0008122464,2.734667242164477,2.0726964211718113
phi1,phi2,0.3875,0.595,0.595,0.3875,3856476.0,-1.042129,0.1596525,-0.4663674137707586,-0.8270211469973262,0.31390676608190715,0.8879336,0.0008219461,2.778827412191151,2.055976123745911
phi1,phi2,0.3875,0.6,0.6,0.3875,3856908.0,-1.03732,0.127181,-0.4672607284384382,-0.8475557605465743,0.25162798815612314,0.8872688,0.0008290895,2.852994587808311,2.056986254573426
phi1,phi2,0.3875,0.605,0.605,0.3875,3857340.0,-1.027284,0.099626,-0.45591886975255796,-0.8677322459602242,0.19793618548505706,0.896345,0.0008344022,2.917322476059347,2.044200681420683
phi1,phi2,0.3875,0.61,0.61,0.3875,3857789.0,-1.021699,0.0971169,-0.4466445870059009,-0.8736440351180688,0.1930147994350355,0.8940552,0.0008424814,2.924154776269793,2.033807866062742
phi1,phi2,0.3875,0.615,0.615,0.3875,3858238.0,-1.013745,0.07813143,-0.43561001010485617,-0.8865799114032904,0.1556276960973878,0.8845438,0.0008421152,2.967825862309426,2.0215121795029214
phi1,phi2,0.3875,0.62,0.62,0.3875,3858670.0,-1.013009,0.07755187,-0.43438351227644256,-0.8873815933258469,0.15448259477644372,0.8895086,0.0008522604,2.969231905820397,2.0201500578034794
phi1,phi2,0.3875,0.625,0.625,0.3875,3859119.0,-1.020882,0.0524158,-0.4512578288479391,-0.8862374998703454,0.104639694796017,0.8898606,0.0008477078,3.0240649447903483,2.0389706644061336
phi1,phi2,0.3875,0.63,0.63,0.3875,3859502.0,-1.021645,0.0297228,-0.45430426578132316,-0.8888633276859566,0.05941059491320433,0.8819454,0.0008417654,3.0748530789571697,2.0423874043001264
phi1,phi2,0.3875,0.635,0.635,0.3875,3860001.0,-1.032893,-0.004081864,-0.4750067347922197,-0.8799442919456583,-0.008163637319713906,0.8870822,0.00084019,-3.132315471853464,2.0657680118241135
phi1,phi2,0.3875,0.64,0.64,0.3875,3860434.0,-1.039203,-0.03923097,-0.48459422588866247,-0.8712202839043508,-0.07838145921702772,0.8828826,0.0008424198,-3.051866777195842,2.076695554662821
phi1,phi2,0.3875,0.645,0.645,0.3875,3860882.0,-1.031215,-0.06630951,-0.4679214754220735,-0.8738218108787541,-0.1322306154844811,0.8993788,0.0008519404,-2.991407640895447,2.0577337525480566
phi1,phi2,0.3875,0.65,0.65,0.3875,3861315.0,-1.030471,-0.08290769,-0.46429759465801107,-0.8701632423290724,-0.1650565820988102,0.8846288,0.0008476234,-2.95413511820379,2.0536377033468365
phi1,phi2,0.3875,0.655,0.655,0.3875,3861749.0,-1.052411,-0.09955238,-0.498946780409297,-0.84375973583877,-0.19779185649688838,0.885416,0.0008372331,-2.911332994725108,2.0931793755247416
phi1,phi2,0.3875,0.66,0.66,0.3875,3862198.0,-1.078673,-0.1522529,-0.5280274937617906,-0.7945400465813313,-0.2998217473936439,0.883862,0.0008203566,-2.7807610323723866,2.127072503271967
phi1,phi2,0.3875,0.665,0.665,0.3875,3862647.0,-1.095969,-0.2024291,-0.5349169852316028,-0.7474728927811665,-0.3938884276899842,0.8789652,0.0008072036,-2.656610272566437,2.1352058174531563
phi1,phi2,0.3875,0.67,0.67,0.3875,3863080.0,-1.10697,-0.2201873,-0.5424965243153614,-0.723867588057156,-0.42627835514610385,0.8831402,0.0008167456,-2.609382353995458,2.144202441659182
phi1,phi2,0.3875,0.675,0.675,0.3875,3863512.0,-1.099286,-0.2106624,-0.5359813673623139,-0.7385578604618613,-0.40896975510472916,0.8761802,0.0008198963,-2.6358818251856166,2.1364660865821565
phi1,phi2,0.3875,0.68,0.68,0.3875,3863960.0,-1.093053,-0.1922168,-0.5350813429893231,-0.7569923062970283,-0.3750341379019362,0.8875642,0.0008126687,-2.6816104393781703,2.135400357614063
phi1,phi2,0.3875,0.685,0.685,0.3875,3864408.0,-1.100616,-0.171268,-0.5552504623484148,-0.7608440512850179,-0.3358768430333842,0.8771206,0.0008084509,-2.725869156077986,2.1594604138182607
phi1,phi2,0.3875,0.6900000000000001,0.6900000000000001,0.3875,3864856.0,-1.101068,-0.1536893,-0.5625627820678607,-0.7694022812604749,-0.3025611439415935,0.8815262,0.0007919063,-2.7669258466864397,2.168278679453642
phi1,phi2,0.3875,0.6950000000000001,0.6950000000000001,0.3875,3865288.0,-1.11053,-0.1491884,-0.57864680638051,-0.7607562240290803,-0.2939691158381307,0.8763012,0.0007889254,-2.772850344546722,2.187864855901292
phi1,phi2,0.3875,0.7000000000000001,0.7000000000000001,0.3875,3865735.0,-1.09051,-0.1417881,-0.5501636992953456,-0.7867890517320917,-0.27979080051384164,0.8781654,0.0007858614,-2.799927988188133,2.15335658572631
phi1,phi2,0.3875,0.705,0.705,0.3875,3866166.0,-1.084746,-0.1381309,-0.5421960936400102,-0.794748245477029,-0.2727611085779961,0.882897,0.0008065991,-2.8109845858338507,2.143844852087259
phi1,phi2,0.3875,0.71,0.71,0.3875,3866613.0,-1.073461,-0.1531885,-0.5194101257180742,-0.7995290729995258,-0.30160633735061576,0.8877816,0.0008068058,-2.780868365888553,2.1169568376872094
phi1,phi2,0.3875,0.715,0.715,0.3875,3867045.0,-1.079384,-0.1839379,-0.5175630698419197,-0.7763966344865826,-0.3596341678618928,0.8841046,0.0008219988,-2.707808303211698,2.1147967541854764
phi1,phi2,0.3875,0.72,0.72,0.3875,3867492.0,-1.086183,-0.2272137,-0.5085017339399378,-0.740777112117911,-0.43894789752580515,0.8762764,0.0008374376,-2.606668683862093,2.1042401980645993
phi1,phi2,0.3875,0.725,0.725,0.3875,3867939.0,-1.104859,-0.288105,-0.5000429154499474,-0.6731238829476495,-0.5448498150075816,0.881161,0.0008507342,-2.4611252750779604,2.0944446575952798
phi1,phi2,0.3875,0.73,0.73,0.3875,3868353.0,-1.139599,-0.3413417,-0.5048053920407112,-0.5892073940360043,-0.6308772962945525,0.888604,0.0008515108,-2.322054473513437,2.0999528364736935
phi1,phi2,0.3875,0.735,0.735,0.3875,3868800.0,-1.182025,-0.3789269,-0.5175993304436322,-0.5095305357329535,-0.6873642166129927,0.8752204,0.0008527232,-2.2086943536673704,2.114839132816729
phi1,phi2,0.3875,0.74,0.74,0.3875,3869232.0,-1.22519,-0.4160184,-0.5188148081512814,-0.4292553551186192,-0.7393044264340213,0.870432,0.0008501008,-2.0968443523664066,2.1162603202498764
phi1,phi2,0.3875,0.745,0.745,0.3875,3869667.0,-1.255754,-0.4452964,-0.5081785561876336,-0.3705863629379105,-0.7774447264182216,0.8668648,0.0008446222,-2.01560822227107,2.103864914589127
phi1,phi2,0.3875,0.75,0.75,0.3875,3870102.0,-1.287893,-0.4554556,-0.5174899235854089,-0.32864141100729255,-0.7900626569827885,0.8758294,0.0008455096,-1.9649926625618337,2.1147112697142316
phi1,phi2,0.3875,0.755,0.755,0.3875,3870555.0,-1.299349,-0.4618668,-0.5161664570253189,-0.3114399859170202,-0.7978579596732339,0.8664464,0.000843321,-1.942951950060185,2.113165324591632
phi1,phi2,0.3875,0.76,0.76,0.3875,3871008.0,-1.334672,-0.4640091,-0.5338133708218508,-0.27267080704033225,-0.8004335800800633,0.871116,0.0008349984,-1.8991208433652509,2.133900156736263
phi1,phi2,0.3875,0.765,0.765,0.3875,3871444.0,-1.39555,-0.4687346,-0.5558488154985581,-0.20321104138374801,-0.8060628802820426,0.8683532,0.0008295541,-1.8177535020953575,2.1601800351602587
phi1,phi2,0.3875,0.77,0.77,0.3875,3871879.0,-1.414054,-0.4823922,-0.5418347954387986,-0.17564876768079324,-0.8219261310263921,0.8638124,0.0008221405,-1.7813332620000515,2.1434149237918736
phi1,phi2,0.3875,0.775,0.775,0.3875,3872314.0,-1.410917,-0.4981108,-0.5159296749467089,-0.17083544698235414,-0.8394235048911382,0.8624818,0.0008498204,-1.7715695956102888,2.1128888907359085
phi1,phi2,0.46499999999999997,0.0,0.0,0.46499999999999997,3872733.0,-1.292241,-0.2208407,-0.7673319003282729,-0.4779954054562441,-0.42746011170789056,0.851036,0.000644617,-2.411948658663182,2.445466278209088
phi1,phi2,0.46499999999999997,0.005,0.005,0.46499999999999997,3873168.0,-1.273807,-0.2255488,-0.7458229136072609,-0.5036791020868276,-0.4359536026452624,0.8549004,0.0006511627,-2.4281466312888487,2.4125656535132265
phi1,phi2,0.46499999999999997,0.01,0.01,0.46499999999999997,3873618.0,-1.299143,-0.2126189,-0.7797687788028045,-0.4709283732713354,-0.4125374150939485,0.8584234,0.0006396132,-2.422191564627081,2.465092735991592
phi1,phi2,0.46499999999999997,0.015,0.015,0.46499999999999997,3874069.0,-1.316457,-0.2098787,-0.7975680254696242,-0.4447440486387559,-0.40753892568550154,0.8485348,0.0006205334,-2.399820278845934,2.494049136929095
phi1,phi2,0.46499999999999997,0.02,0.02,0.46499999999999997,3874503.0,-1.307311,-0.1975579,-0.7977392945550992,-0.46416851186000097,-0.3849150692300898,0.842284,0.0006075893,-2.4492648060226156,2.494333110746436
phi1,phi2,0.46499999999999997,0.025,0.025,0.46499999999999997,3874954.0,-1.329011,-0.1992243,-0.8159864170335339,-0.42852158578356103,-0.38798894022164826,0.8514506,0.0006045644,-2.4057950759811835,2.525229866441051
phi1,phi2,0.46499999999999997,0.03,0.03,0.46499999999999997,3875390.0,-1.348895,-0.212145,-0.8230464238479306,-0.3913045276310566,-0.41167384037192384,0.839781,0.0005997446,-2.330832729457497,2.537550353683833
phi1,phi2,0.46499999999999997,0.035,0.035,0.46499999999999997,3875808.0,-1.369939,-0.2104478,-0.8400632302927655,-0.3568721684829801,-0.40857805187300444,0.8402526,0.0005828563,-2.2887473162498915,2.5681960946567117
phi1,phi2,0.46499999999999997,0.04,0.04,0.46499999999999997,3876262.0,-1.39023,-0.2028908,-0.8595293732386697,-0.32464126228402557,-0.39473701037852277,0.839457,0.000568335,-2.259061776634318,2.605144448918288
phi1,phi2,0.46499999999999997,0.045,0.045,0.46499999999999997,3876702.0,-1.422133,-0.2065798,-0.8756718458559889,-0.26831417850953,-0.4015050684436266,0.8386656,0.0005567431,-2.1599087744068535,2.6376216473708194
phi1,phi2,0.46499999999999997,0.05,0.05,0.46499999999999997,3877138.0,-1.430876,-0.2091303,-0.8782496297504191,-0.2523929693539379,-0.4061716101156677,0.8344864,0.0005505143,-2.1267990133498174,2.6429858203658254
phi1,phi2,0.46499999999999997,0.055,0.055,0.46499999999999997,3877591.0,-1.448387,-0.2147023,-0.8821022162051858,-0.2203755937335685,-0.41632953036324094,0.827807,0.0005440207,-2.057631472861966,2.6511028026055863
phi1,phi2,0.46499999999999997,0.06,0.06,0.46499999999999997,3878026.0,-1.46649,-0.2175655,-0.8871543402071143,-0.18780391933132592,-0.4215291977259375,0.8303637,0.0005437826,-1.989926817314163,2.661937992510421
phi1,phi2,0.46499999999999997,0.065,0.065,0.46499999999999997,3878461.0,-1.490984,-0.2243387,-0.8895669244635421,-0.14321525978322713,-0.433774222684679,0.8278112,0.0005413027,-1.889688920860318,2.6671925657212294
phi1,phi2,0.46499999999999997,0.07,0.07,0.46499999999999997,3878897.0,-1.507111,-0.2365147,-0.8829810621049636,-0.11307803638942374,-0.45558512009316393,0.8206353,0.0005402575,-1.8140838975884428,2.6529717591285005
phi1,phi2,0.46499999999999997,0.075,0.075,0.46499999999999997,3879351.0,-1.525245,-0.2547913,-0.8693281004101135,-0.07941793328942949,-0.48781292081020083,0.8306963,0.0005594652,-1.7321844730377896,2.6246375448729298
phi1,phi2,0.46499999999999997,0.08,0.08,0.46499999999999997,3879788.0,-1.559589,-0.260311,-0.8672920357613262,-0.019443306865842554,-0.4974198252212061,0.8314304,0.0005632395,-1.6098647605238543,2.6205327268560628
phi1,phi2,0.46499999999999997,0.085,0.085,0.46499999999999997,3880233.0,1.565746,-0.2589526,-0.8688138178850924,0.008775885858507455,-0.49506114135460877,0.8276452,0.000560525,-1.5530713105330962,2.6235979333604367
phi1,phi2,0.46499999999999997,0.09,0.09,0.46499999999999997,3880683.0,1.564047,-0.2592424,-0.86849192444245,0.011724183744331549,-0.49556464834951525,0.8289956,0.0005637187,-1.5471425065940525,2.6229481963593138
phi1,phi2,0.46499999999999997,0.095,0.095,0.46499999999999997,3881112.0,1.544764,-0.2680242,-0.8585686503575579,0.044741514032219445,-0.5107426647004399,0.8203311,0.0005656982,-1.4834184873223883,2.6032676434758266
phi1,phi2,0.46499999999999997,0.1,0.1,0.46499999999999997,3881561.0,1.509227,-0.2793678,-0.8415055787142154,0.10414880406877934,-0.5301145042383736,0.82704,0.0005801159,-1.3768023624773944,2.5708603569330672
phi1,phi2,0.46499999999999997,0.105,0.105,0.46499999999999997,3881993.0,1.460854,-0.2796661,-0.8272014242469219,0.18487812056395822,-0.5306202825567473,0.8290233,0.0005934265,-1.235530778103165,2.544905087070563
phi1,phi2,0.46499999999999997,0.11,0.11,0.46499999999999997,3882441.0,1.438212,-0.2804744,-0.8171553753029186,0.22190968603091465,-0.5319898343570179,0.8213939,0.0005938867,-1.1756092519932042,2.5272549326605076
phi1,phi2,0.46499999999999997,0.115,0.115,0.46499999999999997,3882889.0,1.442756,-0.266215,-0.8334802037166558,0.21822944056754146,-0.5076284677616298,0.8293432,0.0005977719,-1.1647827295684043,2.556172861891136
phi1,phi2,0.46499999999999997,0.12,0.12,0.46499999999999997,3883321.0,1.428852,-0.2589701,-0.8340641751614749,0.2433542844398155,-0.49509155108625497,0.8202569,0.0005864626,-1.1139445014060767,2.5572305734167693
phi1,phi2,0.46499999999999997,0.125,0.125,0.46499999999999997,3883755.0,1.422897,-0.2562044,-0.833713625097171,0.25406491367383394,-0.4902780955409299,0.8203347,0.000591324,-1.0926904456956636,2.5565954410129983
phi1,phi2,0.46499999999999997,0.13,0.13,0.46499999999999997,3884189.0,1.394515,-0.2437254,-0.8291845935365421,0.305086312689961,-0.4683751185224115,0.8206791,0.0005866412,-0.9934573990667577,2.5484436755693594
phi1,phi2,0.46499999999999997,0.135,0.135,0.46499999999999997,3884624.0,1.388046,-0.2342158,-0.8333380510702617,0.31891507709080846,-0.45148739322663445,0.8161971,0.0005816344,-0.955811039126095,2.555915644894777
phi1,phi2,0.46499999999999997,0.14,0.14,0.46499999999999997,3885073.0,1.36651,-0.2143456,-0.8346477031460835,0.3613484347989526,-0.41568079135475383,0.8074041,0.000565438,-0.8552077219082181,2.558289173950746
phi1,phi2,0.46499999999999997,0.145,0.145,0.46499999999999997,3885489.0,1.361651,-0.2005045,-0.8412918856171548,0.37397432633837424,-0.3903474944642162,0.8208295,0.0005699681,-0.8068167122996073,2.5704649327104274
phi1,phi2,0.46499999999999997,0.15,0.15,0.46499999999999997,3885939.0,1.350646,-0.1806598,-0.8462130570916148,0.398691477741053,-0.3535089356498911,0.8201095,0.0005627348,-0.7254030901055639,2.579633963100636
phi1,phi2,0.46499999999999997,0.155,0.155,0.46499999999999997,3886372.0,1.349543,-0.166175,-0.8542301085494839,0.40477383237388836,-0.32626533109249034,0.8147763,0.0005575454,-0.6784151766290014,2.594864500638557
phi1,phi2,0.46499999999999997,0.16,0.16,0.46499999999999997,3886789.0,1.3368,-0.1519764,-0.8515653100120676,0.4304178658279863,-0.2992941422081841,0.8096641,0.0005508119,-0.6076031590121058,2.5897602359472054
phi1,phi2,0.46499999999999997,0.165,0.165,0.46499999999999997,3887237.0,1.334241,-0.1400015,-0.8554877623578729,0.4379116924636842,-0.27635853172918506,0.8152257,0.0005475827,-0.5629615016968761,2.597288382713685
phi1,phi2,0.46499999999999997,0.17,0.17,0.46499999999999997,3887668.0,1.338602,-0.1275792,-0.8651477020759857,0.43337553950731467,-0.25239868333528487,0.8067107,0.0005406453,-0.5273791177166136,2.6162411342024576
phi1,phi2,0.46499999999999997,0.17500000000000002,0.17500000000000002,0.46499999999999997,3888117.0,1.331433,-0.1192825,-0.8624441742231356,0.44760287468307325,-0.23630851217005042,0.8073342,0.0005406895,-0.48575080010624117,2.610875244350617
phi1,phi2,0.46499999999999997,0.18,0.18,0.46499999999999997,3888549.0,1.324538,-0.1136041,-0.8584993980617838,0.4606923661493423,-0.22525835678010997,0.8020109,0.0005400219,-0.45477354384745805,2.603132584665319
phi1,phi2,0.46499999999999997,0.185,0.185,0.46499999999999997,3888998.0,1.304457,-0.1056762,-0.8422809319528737,0.4965422209991673,-0.20978239781691085,0.815273,0.000549657,-0.39973978731981186,2.5722971442582985
phi1,phi2,0.46499999999999997,0.19,0.19,0.46499999999999997,3889431.0,1.289513,-0.09510836,-0.8306318908201145,0.523739009662382,-0.1890717104975487,0.8186306,0.0005549739,-0.3464438242361174,2.5510378691830335
phi1,phi2,0.46499999999999997,0.195,0.195,0.46499999999999997,3889878.0,1.279809,-0.08674246,-0.8228391543230825,0.5414235338936286,-0.17261599885007556,0.807962,0.0005623364,-0.30863109281703327,2.5371855223420177
phi1,phi2,0.46499999999999997,0.2,0.2,0.46499999999999997,3890311.0,1.27021,-0.07948025,-0.8142757393338639,0.5584789121999351,-0.15829189796154008,0.8204956,0.0005773026,-0.276190179575313,2.5222767311835024
phi1,phi2,0.46499999999999997,0.20500000000000002,0.20500000000000002,0.46499999999999997,3890743.0,1.252039,-0.06656035,-0.7964678780825776,0.5899340901851944,-0.13272787356091936,0.820096,0.0005800361,-0.22130266958896216,2.492227565431124
phi1,phi2,0.46499999999999997,0.21,0.21,0.46499999999999997,3891192.0,1.252789,-0.04586077,-0.8010878475864954,0.5914972401167831,-0.09159298763259363,0.8163025,0.0005806275,-0.1536292216238766,2.4999068219243914
phi1,phi2,0.46499999999999997,0.215,0.215,0.46499999999999997,3891625.0,1.253652,-0.03681025,-0.8033115548056764,0.5909994525172816,-0.07355401443809877,0.8149587,0.0005754514,-0.12382030533948063,2.503631290274919
phi1,phi2,0.46499999999999997,0.22,0.22,0.46499999999999997,3892076.0,1.257464,-0.0252851,-0.8089525233162916,0.5856967211395885,-0.0505486485134817,0.8050713,0.0005686669,-0.08609182773819146,2.513164446433488
phi1,phi2,0.46499999999999997,0.225,0.225,0.46499999999999997,3892509.0,1.25111,-0.01949683,-0.8018602455155787,0.5962385526204761,-0.038983779072016424,0.8103562,0.0005661762,-0.06528992487255358,2.501198393990052
phi1,phi2,0.46499999999999997,0.23,0.23,0.46499999999999997,3892959.0,1.253979,-0.02000019,-0.8052362076551731,0.591604152000894,-0.03998971388267181,0.8098623,0.000575971,-0.06749272130549855,2.506870044679792
phi1,phi2,0.46499999999999997,0.23500000000000001,0.23500000000000001,0.46499999999999997,3893380.0,1.240228,-0.01709993,-0.788833273220902,0.6136553532531472,-0.03419319352375208,0.8094184,0.0005802957,-0.055662957581109396,2.479704675771407
phi1,phi2,0.46499999999999997,0.24,0.24,0.46499999999999997,3893813.0,1.231628,-0.001953738,-0.7786115991223639,0.6274939915418571,-0.003907466056543555,0.8118616,0.000584919,-0.006227016679241082,2.4632465273643005
phi1,phi2,0.46499999999999997,0.245,0.245,0.46499999999999997,3894263.0,1.228212,0.01039799,-0.7741449050328983,0.6326667808318103,0.020794481083184078,0.8174305,0.0005894311,0.03285615499399519,2.4561594607707113
phi1,phi2,0.46499999999999997,0.25,0.25,0.46499999999999997,3894699.0,1.217666,0.0337903,-0.75905733632315,0.6475119854952543,0.06752917009706241,0.821778,0.000595993,0.10391457007484162,2.4326602457710598
phi1,phi2,0.46499999999999997,0.255,0.255,0.46499999999999997,3895149.0,1.214207,0.05354585,-0.7519534541758961,0.6504930028301784,0.10688711812896864,0.8178236,0.0006031918,0.16286173670739412,2.4218167168937823
phi1,phi2,0.46499999999999997,0.26,0.26,0.46499999999999997,3895581.0,1.209001,0.06746531,-0.7426214171133719,0.6560620246709133,0.13452156194911358,0.8227644,0.0006067103,0.20224079297449116,2.4077724856271945
phi1,phi2,0.46499999999999997,0.265,0.265,0.46499999999999997,3896029.0,1.202796,0.08410796,-0.7306979168570928,0.6618533468405312,0.16742371868015776,0.8263493,0.0006105401,0.2477644398165335,2.390140006785402
phi1,phi2,0.46499999999999997,0.27,0.27,0.46499999999999997,3896462.0,1.205551,0.1072855,-0.727766150374437,0.6519340269321425,0.2129282858081868,0.8121554,0.0006048481,0.31568755616102173,2.385855453366909
phi1,phi2,0.46499999999999997,0.275,0.275,0.46499999999999997,3896910.0,1.215718,0.1295935,-0.7329328666748953,0.6301764773134255,0.25629479196534993,0.8204127,0.0006109342,0.386271610574882,2.3934194560915043
phi1,phi2,0.46499999999999997,0.28,0.28,0.46499999999999997,3897359.0,1.211781,0.1475058,-0.7205678585655477,0.6294806167410288,0.29075094900893245,0.8283507,0.0006199897,0.43269773407201484,2.375417264042764
phi1,phi2,0.46499999999999997,0.28500000000000003,0.28500000000000003,0.46499999999999997,3897807.0,1.196426,0.1661465,-0.6924740780667558,0.6434794023805579,0.3262114497033428,0.8338818,0.000622218,0.46919160249590464,2.3357091083288624
phi1,phi2,0.46499999999999997,0.29,0.29,0.46499999999999997,3898255.0,1.22823,0.1797872,-0.724813802401978,0.5923076179840534,0.351875883694298,0.8196773,0.0006342647,0.5360524103656119,2.381560417748563
phi1,phi2,0.46499999999999997,0.295,0.295,0.46499999999999997,3898686.0,1.209601,0.1858829,-0.6989772137238168,0.6160131300233124,0.36326117096900323,0.8210713,0.0006212722,0.532809411420267,2.3447626395257113
phi1,phi2,0.46499999999999997,0.3,0.3,0.46499999999999997,3899134.0,1.217574,0.2026156,-0.6990685094900675,0.596560930224566,0.394231246312283,0.8268575,0.0006290809,0.5839578102961833,2.344890308177889
phi1,phi2,0.46499999999999997,0.305,0.305,0.46499999999999997,3899565.0,1.228711,0.2173713,-0.7028570673834413,0.5732380936277895,0.4211769590601154,0.8237358,0.0006313165,0.6336584322773104,2.3502024039332645
phi1,phi2,0.46499999999999997,0.31,0.31,0.46499999999999997,3900012.0,1.249239,0.2396333,-0.7100723781812035,0.5321256404071754,0.46112852933357246,0.8228852,0.0006329261,0.7140402294325572,2.360397321940052
phi1,phi2,0.46499999999999997,0.315,0.315,0.46499999999999997,3900460.0,1.249601,0.2512537,-0.7016856287941928,0.5250477491340897,0.48162447972764455,0.8363287,0.000627122,0.7422894274106593,2.348556914839244
phi1,phi2,0.46499999999999997,0.32,0.32,0.46499999999999997,3900891.0,1.286297,0.2724653,-0.7204245221667167,0.4607523423474671,0.5183587434221404,0.82269,0.0006267831,0.8441658246140356,2.3752105662833807
phi1,phi2,0.46499999999999997,0.325,0.325,0.46499999999999997,3901339.0,1.276232,0.2937183,-0.6920484634036504,0.4624921167917521,0.554229163980145,0.8268954,0.0006382245,0.87538281269432,2.3351193259135745
phi1,phi2,0.46499999999999997,0.33,0.33,0.46499999999999997,3901786.0,1.247919,0.3159288,-0.6444526632827305,0.48561256651016993,0.5906447325044059,0.8244462,0.0006519353,0.8826803112759025,2.271103588165667
phi1,phi2,0.46499999999999997,0.335,0.335,0.46499999999999997,3902234.0,1.250112,0.3186803,-0.6439621703951715,0.4808293937111355,0.5950763121174645,0.8204537,0.0006798503,0.8911884737483815,2.270462295916763
phi1,phi2,0.46499999999999997,0.34,0.34,0.46499999999999997,3902668.0,1.220851,0.3164449,-0.6167655922281643,0.5193792152447353,0.5914773326300888,0.8356889,0.0006982209,0.8502104352626496,2.235423355226101
phi1,phi2,0.46499999999999997,0.34500000000000003,0.34500000000000003,0.46499999999999997,3903102.0,1.20932,0.3188352,-0.6024975177021588,0.5315868467533542,0.5953252602750556,0.83843,0.0007072091,0.8418982006349447,2.217423001237155
phi1,phi2,0.46499999999999997,0.35000000000000003,0.35000000000000003,0.46499999999999997,3903538.0,1.223368,0.3254058,-0.6111306893677604,0.5093981695543482,0.6058323079595257,0.8193921,0.0006934761,0.8716537528171724,2.2282846176488933
phi1,phi2,0.46499999999999997,0.355,0.355,0.46499999999999997,3903990.0,1.226776,0.3181029,-0.6213582487287161,0.5107859364994698,0.5941478383459309,0.8358905,0.0006884854,0.8607006631371785,2.2412713478150432
phi1,phi2,0.46499999999999997,0.36,0.36,0.46499999999999997,3904426.0,1.225103,0.3258726,-0.6124586301708494,0.5069136293140006,0.6065748088611616,0.8274652,0.0007000589,0.8746638649324492,2.229963395570954
phi1,phi2,0.46499999999999997,0.365,0.365,0.46499999999999997,3904878.0,1.253116,0.3521654,-0.6133378321040946,0.45224921777529264,0.64752401401916,0.825006,0.000697697,0.9611258476031406,2.231076081603663
phi1,phi2,0.46499999999999997,0.37,0.37,0.46499999999999997,3905314.0,1.26559,0.3661246,-0.6093739158835143,0.42627732757723225,0.6685439930433932,0.8311113,0.0006933956,1.0031730566070909,2.226067047985563
phi1,phi2,0.46499999999999997,0.375,0.375,0.46499999999999997,3905736.0,1.312632,0.3746482,-0.6367210339804097,0.3614646980592402,0.6811237750540354,0.8295602,0.0006724716,1.0829002232832092,2.2610347330183425
phi1,phi2,0.46499999999999997,0.38,0.38,0.46499999999999997,3906156.0,1.331898,0.3825984,-0.64047387152235,0.3316460277039396,0.6926789531993663,0.8279475,0.0006606929,1.124262265567907,2.265911470093211
phi1,phi2,0.46499999999999997,0.385,0.385,0.46499999999999997,3906609.0,1.332788,0.3919339,-0.6294569069757626,0.3245217454478756,0.7060238232467587,0.826888,0.0006617526,1.1399489600077635,2.2516504107429234
phi1,phi2,0.46499999999999997,0.39,0.39,0.46499999999999997,3907066.0,1.375589,0.3948098,-0.6511317321917921,0.26796656672491015,0.7100854782704548,0.8369096,0.0006742148,1.209947484574963,2.279870964021894
phi1,phi2,0.46499999999999997,0.395,0.395,0.46499999999999997,3907472.0,1.4098,0.3984959,-0.6629447136137949,0.22115991713418431,0.7152570151663835,0.8313558,0.0006549189,1.2709175582683567,2.2955415403222252
phi1,phi2,0.46499999999999997,0.4,0.4,0.46499999999999997,3907955.0,1.455132,0.3798815,-0.7056871929291256,0.16622129720919535,0.6887496396295997,0.8398574,0.0006259744,1.3339868262448347,2.354188899078351
phi1,phi2,0.46499999999999997,0.405,0.405,0.46499999999999997,3908387.0,1.491023,0.3743955,-0.7232090938032864,0.11637471522005306,0.6807536502272176,0.8347777,0.0006074839,1.4014831717570555,2.3792340359312814
phi1,phi2,0.46499999999999997,0.41000000000000003,0.41000000000000003,0.46499999999999997,3908835.0,1.506728,0.3701299,-0.732240622240611,0.09434377256127456,0.674479743001663,0.834929,0.0005999611,1.431821648842468,2.392402456924744
phi1,phi2,0.46499999999999997,0.41500000000000004,0.41500000000000004,0.46499999999999997,3909266.0,1.50835,0.3749253,-0.7260908126510055,0.09115786739253598,0.6815294380995198,0.8319015,0.0006019009,1.4378306639951681,2.383415803743076
phi1,phi2,0.46499999999999997,0.42,0.42,0.46499999999999997,3909699.0,1.523061,0.3785156,-0.7235679807044961,0.0692901544684461,0.6867665191263744,0.8321122,0.0006042157,1.4702432770930276,2.3797538295480667
phi1,phi2,0.46499999999999997,0.425,0.425,0.46499999999999997,3910147.0,1.548196,0.378729,-0.7258427891967209,0.03283093046915936,0.6870766881328851,0.8365294,0.0006097109,1.523049142245818,2.383055162864223
phi1,phi2,0.46499999999999997,0.43,0.43,0.46499999999999997,3910595.0,1.569605,0.3937352,-0.7056379684939086,0.0016812940203178276,0.7085705544758453,0.835495,0.0006198743,1.5684235343405852,2.3541194268159003
phi1,phi2,0.46499999999999997,0.435,0.435,0.46499999999999997,3911027.0,-1.538544,0.3974679,-0.6988741143681652,-0.0451432614764111,0.7138186451819434,0.8404344,0.0006365399,1.6339541354274827,2.3446184838004274
phi1,phi2,0.46499999999999997,0.44,0.44,0.46499999999999997,3911460.0,-1.514111,0.4004443,-0.6916005265406279,-0.07874485988439013,0.7179749011842363,0.8342096,0.0006339326,1.6800360524983278,2.334498971155031
phi1,phi2,0.46499999999999997,0.445,0.445,0.46499999999999997,3911909.0,-1.504753,0.3897951,-0.7050065705499684,-0.09366732764695429,0.7029880277877074,0.8393856,0.0006345926,1.7032578360848216,2.353228737320441
phi1,phi2,0.46499999999999997,0.45,0.45,0.46499999999999997,3912341.0,-1.501124,0.3858304,-0.7098062133477936,-0.09955287367250434,0.6973265840597309,0.8390606,0.0006307517,1.7126017365267012,2.360019388004473
phi1,phi2,0.46499999999999997,0.455,0.455,0.46499999999999997,3912780.0,-1.484366,0.3839774,-0.7086125140702298,-0.12372602869621663,0.694665512837748,0.8388312,0.000627096,1.7470567977190656,2.3583261917471208
phi1,phi2,0.46499999999999997,0.46,0.46,0.46499999999999997,3913213.0,-1.469355,0.379967,-0.7100140224067869,-0.1460590466238284,0.6888736044334063,0.8379473,0.0006304551,1.7797280605780479,2.3603144488280665
phi1,phi2,0.46499999999999997,0.465,0.465,0.46499999999999997,3913678.0,-1.457354,0.3866721,-0.6972397215116285,-0.16096448852561368,0.6985321783426117,0.8357348,0.0006373431,1.797275408613344,2.3423359450727177
phi1,phi2,0.46499999999999997,0.47000000000000003,0.47000000000000003,0.46499999999999997,3914110.0,-1.430624,0.3834656,-0.6919331807024156,-0.19922660117740928,0.6939288398865807,0.8384567,0.0006476745,1.8503761574697872,2.3349596338564282
phi1,phi2,0.46499999999999997,0.47500000000000003,0.47500000000000003,0.46499999999999997,3914558.0,-1.420353,0.3812638,-0.6906067958942017,-0.2143008225318189,0.6907513379841765,0.8362155,0.0006465546,1.8716237495717394,2.3331240515130345
phi1,phi2,0.46499999999999997,0.48,0.48,0.46499999999999997,3914993.0,-1.413847,0.3506459,-0.726677573467747,-0.23590249997005083,0.6452051725822627,0.8312193,0.0006208021,1.9213217176913853,2.3842695363024964
phi1,phi2,0.46499999999999997,0.485,0.485,0.46499999999999997,3915428.0,-1.41455,0.3279216,-0.7541517451233135,-0.24364993638613638,0.6098277247112437,0.8373854,0.0006072851,1.9509051945431874,2.425157793737658
phi1,phi2,0.46499999999999997,0.49,0.49,0.46499999999999997,3915876.0,-1.40278,0.3104611,-0.7678522915171857,-0.2681949345113912,0.5817854720721698,0.8334571,0.0005936669,2.0027485299668975,2.4462781987435624
phi1,phi2,0.46499999999999997,0.495,0.495,0.46499999999999997,3916308.0,-1.390243,0.3006237,-0.7714472436709913,-0.29135002881438615,0.5656715574803869,0.8354616,0.0005937297,2.0464125652328224,2.4519088444363866
phi1,phi2,0.46499999999999997,0.5,0.5,0.46499999999999997,3916755.0,-1.389568,0.3043889,-0.767048421780899,-0.2908725572537221,0.5718652586756011,0.8360835,0.0006016791,2.041330648794025,2.4450243233534925
phi1,phi2,0.46499999999999997,0.505,0.505,0.46499999999999997,3917204.0,-1.381698,0.2985104,-0.768570717120039,-0.3053709683219881,0.5621811313906581,0.8349152,0.00060203,2.0683958252703256,2.4474003951610843
phi1,phi2,0.46499999999999997,0.51,0.51,0.46499999999999997,3917636.0,-1.370942,0.2970679,-0.7633151295436578,-0.32246235071873725,0.5597928593495054,0.834213,0.0006044384,2.093410866509897,2.4392255710644006
phi1,phi2,0.46499999999999997,0.515,0.515,0.46499999999999997,3918085.0,-1.35156,0.2904582,-0.75687923885804,-0.35491279101980583,0.5487902409447581,0.8295965,0.0006054561,2.14486121976162,2.429321090043191
phi1,phi2,0.46499999999999997,0.52,0.52,0.46499999999999997,3918517.0,-1.339383,0.2711924,-0.7663733106194542,-0.38240052992480256,0.516179991362904,0.831523,0.0006091767,2.2084013903032558,2.4439727358939787
phi1,phi2,0.46499999999999997,0.525,0.525,0.46499999999999997,3918951.0,-1.330678,0.2588516,-0.7706664612722841,-0.4014491582945546,0.49488562191141566,0.8255987,0.0006083995,2.252326816135093,2.4506826761330616
phi1,phi2,0.46499999999999997,0.53,0.53,0.46499999999999997,3919388.0,-1.321981,0.2534749,-0.7681994548553991,-0.41730898351008333,0.4855129347830484,0.8291133,0.0006093121,2.2807924162738678,2.446820286753596
phi1,phi2,0.46499999999999997,0.535,0.535,0.46499999999999997,3919838.0,-1.32509,0.2476957,-0.7756755164401544,-0.41514469633553064,0.4753760346291974,0.8288577,0.0006087502,2.2886612572113476,2.4585810442165674
phi1,phi2,0.46499999999999997,0.54,0.54,0.46499999999999997,3920271.0,-1.320972,0.2413345,-0.7774760481975198,-0.4243824809156123,0.46414491742458824,0.8284135,0.0006054045,2.311473387543492,2.461438928337588
phi1,phi2,0.46499999999999997,0.545,0.545,0.46499999999999997,3920704.0,-1.310209,0.2346226,-0.7734953863107037,-0.44408119581728844,0.45221320068916865,0.8272611,0.000605886,2.3471218219058168,2.455134021307887
phi1,phi2,0.46499999999999997,0.55,0.55,0.46499999999999997,3921154.0,-1.296587,0.2201743,-0.771943082202585,-0.47160438182823666,0.4262548356089111,0.8284362,0.000615326,2.4066601315175706,2.4526884739585237
phi1,phi2,0.46499999999999997,0.555,0.555,0.46499999999999997,3921587.0,-1.280012,0.2077003,-0.764537966317566,-0.502617005795362,0.4035564936217794,0.821015,0.0006235424,2.4650795073176965,2.441120552698248
phi1,phi2,0.46499999999999997,0.56,0.56,0.46499999999999997,3922019.0,-1.255676,0.19228,-0.7488806326936754,-0.5462959758773245,0.37515130909615924,0.8258646,0.000638363,2.539836478356623,2.417167701281151
phi1,phi2,0.46499999999999997,0.5650000000000001,0.5650000000000001,0.46499999999999997,3922469.0,-1.257561,0.1683745,-0.7646014685609163,-0.5533596725726418,0.3304204398108397,0.8202781,0.0006404934,2.6032957398022782,2.441219075895268
phi1,phi2,0.46499999999999997,0.5700000000000001,0.5700000000000001,0.46499999999999997,3922919.0,-1.259379,0.1475334,-0.7771258629756437,-0.5581295226203018,0.2908037638580268,0.8183947,0.0006195486,2.6612607669450803,2.4608823091387877
phi1,phi2,0.46499999999999997,0.5750000000000001,0.5750000000000001,0.46499999999999997,3923370.0,-1.288699,0.13361,-0.8150286673289798,-0.5157569913320078,0.26405112634507405,0.8199704,0.0006005662,2.6684164708060303,2.5235749958641263
phi1,phi2,0.46499999999999997,0.58,0.58,0.46499999999999997,3923803.0,-1.293605,0.1302089,-0.8215580913953284,-0.5086689928828886,0.25748428717568916,0.8157906,0.0005898266,2.67300354778045,2.534934884008434
phi1,phi2,0.46499999999999997,0.585,0.585,0.46499999999999997,3924239.0,-1.290424,0.1161414,-0.8241155908358302,-0.5175341834191236,0.23019961323601615,0.8118842,0.0005896936,2.7230707971072814,2.5394353513317673
phi1,phi2,0.46499999999999997,0.59,0.59,0.46499999999999997,3924673.0,-1.287115,0.09315554,-0.8287269248836732,-0.5281095037521962,0.18523508312266224,0.8171895,0.0005935399,2.8042487014793185,2.54762540782629
phi1,phi2,0.46499999999999997,0.595,0.595,0.46499999999999997,3925107.0,-1.299795,0.07424791,-0.8472493700490209,-0.5101755608868576,0.14795067429828596,0.8137874,0.0005828168,2.8593356625737343,2.581581845863736
phi1,phi2,0.46499999999999997,0.6,0.6,0.46499999999999997,3925557.0,-1.31081,0.04876671,-0.8637082924984706,-0.49449503887384233,0.09737885806751692,0.8113107,0.0005732402,2.9471547427807385,2.613378090098935
phi1,phi2,0.46499999999999997,0.605,0.605,0.46499999999999997,3926007.0,-1.320866,0.0311152,-0.8759505055462717,-0.4783754651289458,0.0621902419668535,0.8126673,0.0005679194,3.012314706854662,2.6381989963448556
phi1,phi2,0.46499999999999997,0.61,0.61,0.46499999999999997,3926439.0,-1.32405,0.01596698,-0.880234734426133,-0.4734631781989644,0.03192853268615426,0.8063248,0.0005581644,3.0742584531086976,2.6471529588509304
phi1,phi2,0.46499999999999997,0.615,0.615,0.46499999999999997,3926889.0,-1.325839,0.00953699,-0.8822125154668399,-0.47046498802711895,0.0190728234489208,0.8078517,0.0005577035,3.1010744739987377,2.651337006131994
phi1,phi2,0.46499999999999997,0.62,0.62,0.46499999999999997,3927323.0,-1.320794,0.007302408,-0.8774867382670383,-0.47937849209197053,0.01460429680274534,0.8109569,0.0005611343,3.111137008672136,2.6413928183838675
phi1,phi2,0.46499999999999997,0.625,0.625,0.46499999999999997,3927756.0,-1.319304,0.001631376,-0.8761430725078748,-0.4820401134590599,0.003262746211037822,0.8167438,0.0005758234,3.1348241372472874,2.6385983255612078
phi1,phi2,0.46499999999999997,0.63,0.63,0.46499999999999997,3928189.0,-1.313435,-0.005135739,-0.8703833754363195,-0.492267488479622,-0.010271297388549901,0.8079967,0.0005773283,-3.1207304040034893,2.626776737791643
phi1,phi2,0.46499999999999997,0.635,0.635,0.46499999999999997,3928621.0,-1.30759,-0.01028246,-0.8644322147972227,-0.502328667012043,-0.02056347049192436,0.8029217,0.0005782557,-3.10067921033553,2.6148162392565246
phi1,phi2,0.46499999999999997,0.64,0.64,0.46499999999999997,3929071.0,-1.314306,-0.01925894,-0.8706392941703787,-0.49041240393991,-0.03850835634486834,0.8002892,0.0005827128,-3.063231048063573,2.6272967410685473
phi1,phi2,0.46499999999999997,0.645,0.645,0.46499999999999997,3929520.0,-1.302042,-0.02953562,-0.8574886654685328,-0.5111045235311228,-0.05903689201692972,0.8064838,0.0005997108,-3.0265938409232964,2.6011648729503825
phi1,phi2,0.46499999999999997,0.65,0.65,0.46499999999999997,3929954.0,-1.305808,-0.05771173,-0.8570777661543322,-0.5021495656871069,-0.11516734104836292,0.7986693,0.0006019851,-2.9161429479162386,2.6003667699726654
phi1,phi2,0.46499999999999997,0.655,0.655,0.46499999999999997,3930387.0,-1.333171,-0.07959969,-0.8779339770572248,-0.45177525462258283,-0.15852776173019334,0.7995852,0.00059018,-2.8041166226973777,2.6423261382284733
phi1,phi2,0.46499999999999997,0.66,0.66,0.46499999999999997,3930819.0,-1.36146,-0.09283486,-0.8979266786577966,-0.39956070048362974,-0.18460478429230648,0.793253,0.0005677368,-2.70878849189651,2.6858324291713416
phi1,phi2,0.46499999999999997,0.665,0.665,0.46499999999999997,3931268.0,-1.39202,-0.1126067,-0.9130997611276481,-0.3411444192081189,-0.22331437811253235,0.7935362,0.0005562211,-2.561987936482468,2.721619191565185
phi1,phi2,0.46499999999999997,0.67,0.67,0.46499999999999997,3931699.0,-1.422474,-0.1211398,-0.9283919246658056,-0.2837756475009246,-0.23991626893721085,0.7943751,0.0005459031,-2.4397498432775864,2.760858101524292
phi1,phi2,0.46499999999999997,0.675,0.675,0.46499999999999997,3932148.0,-1.436245,-0.1224627,-0.9352393865341244,-0.2579318184349099,-0.24248395186926383,0.7955076,0.0005349834,-2.3870547532284028,2.7797309911359833
phi1,phi2,0.46499999999999997,0.68,0.68,0.46499999999999997,3932596.0,-1.444812,-0.1194563,-0.9409162731200593,-0.24222947349649396,-0.23664625318705004,0.7919157,0.0005313253,-2.367852979103525,2.7961222900398917
phi1,phi2,0.46499999999999997,0.685,0.685,0.46499999999999997,3933028.0,-1.446938,-0.1137543,-0.944492753084731,-0.23887271509607785,-0.2255510260518745,0.793267,0.000527435,-2.3848709681793547,2.8068435079136926
phi1,phi2,0.46499999999999997,0.6900000000000001,0.6900000000000001,0.46499999999999997,3933460.0,-1.440267,-0.1075983,-0.943833232887228,-0.252150176292813,-0.21353949773554057,0.7857083,0.0005174652,-2.4389160350850703,2.8048417914678256
phi1,phi2,0.46499999999999997,0.6950000000000001,0.6950000000000001,0.46499999999999997,3933908.0,-1.436156,-0.1134247,-0.9392656331357071,-0.2592221409986861,-0.22490876378264213,0.7921241,0.0005274617,-2.42695240372674,2.7912805082586476
phi1,phi2,0.46499999999999997,0.7000000000000001,0.7000000000000001,0.46499999999999997,3934356.0,-1.435702,-0.137034,-0.9277524470302686,-0.25695147742584024,-0.270649838865695,0.7895813,0.0005500322,-2.3302368509083435,2.759140919506273
phi1,phi2,0.46499999999999997,0.705,0.705,0.46499999999999997,3934788.0,-1.442398,-0.1526337,-0.9224912167843022,-0.24224103805906716,-0.3005482231454432,0.781961,0.0005521397,-2.249183439090655,2.745281469657633
phi1,phi2,0.46499999999999997,0.71,0.71,0.46499999999999997,3935236.0,-1.472002,-0.1573083,-0.9324129366953369,-0.1866698393979675,-0.30945191313403553,0.7865371,0.00055144,-2.1135854571614336,2.7718294167757107
phi1,phi2,0.46499999999999997,0.715,0.715,0.46499999999999997,3935668.0,-1.491297,-0.1594929,-0.937576594469015,-0.1503424710805251,-0.31360368443831393,0.7820651,0.0005433222,-2.017830783710813,2.7863916255649013
phi1,phi2,0.46499999999999997,0.72,0.72,0.46499999999999997,3936117.0,-1.518479,-0.1630806,-0.9420984342238881,-0.09893747650651302,-0.3204089823575826,0.7797769,0.0005384458,-1.8702931090959185,2.7996303091314125
phi1,phi2,0.46499999999999997,0.725,0.725,0.46499999999999997,3936566.0,-1.5258,-0.1687812,-0.9397465364297772,-0.08479932901923713,-0.33118804487198,0.7841433,0.0005455886,-1.8214570703285904,2.792684476140549
phi1,phi2,0.46499999999999997,0.73,0.73,0.46499999999999997,3937014.0,-1.539445,-0.1822639,-0.9324561678839772,-0.05854422079729797,-0.3565081614582832,0.7751093,0.0005494731,-1.7335592911700615,2.771949058442706
phi1,phi2,0.46499999999999997,0.735,0.735,0.46499999999999997,3937445.0,-1.555074,-0.1988683,-0.921484289398841,-0.02898530812974229,-0.3873326171441502,0.7765037,0.0005665658,-1.6454902256628476,2.7426810487160123
phi1,phi2,0.46499999999999997,0.74,0.74,0.46499999999999997,3937893.0,1.565677,-0.2087918,-0.9140236752992589,0.009358698810761654,-0.40555287663756556,0.7756651,0.0005743486,-1.54772402562589,2.7238909326684957
phi1,phi2,0.46499999999999997,0.745,0.745,0.46499999999999997,3938324.0,1.549366,-0.208147,-0.9137538845924427,0.03918808829130797,-0.4043737530160598,0.7766045,0.0005737497,-1.4741874486624693,2.723226365478785
phi1,phi2,0.46499999999999997,0.75,0.75,0.46499999999999997,3938772.0,1.520463,-0.1905147,-0.9235827866130973,0.09328932589110928,-0.3718762400944275,0.776219,0.0005592683,-1.325007271575464,2.748118861888455
phi1,phi2,0.46499999999999997,0.755,0.755,0.46499999999999997,3939203.0,1.503626,-0.1663159,-0.9366699888835149,0.12659534915113815,-0.32653169753985234,0.7754767,0.0005368253,-1.200940795954161,2.7837938739497496
phi1,phi2,0.46499999999999997,0.76,0.76,0.46499999999999997,3939652.0,1.481404,-0.1441914,-0.9434238318701775,0.17049009810975077,-0.28440217985437183,0.7810614,0.0005232985,-1.0307678564336435,2.8036049520547213
phi1,phi2,0.46499999999999997,0.765,0.765,0.46499999999999997,3940084.0,1.468091,-0.1266346,-0.9477463956901541,0.1974622604953347,-0.25057020001667113,0.7812765,0.0005128196,-0.9033835430465356,2.8168924005851643
phi1,phi2,0.46499999999999997,0.77,0.77,0.46499999999999997,3940533.0,1.454301,-0.1271271,-0.9417000453464001,0.22346560235835505,-0.251523655263686,0.7768797,0.0005179711,-0.8444005210308996,2.7984442575481583
phi1,phi2,0.46499999999999997,0.775,0.775,0.46499999999999997,3940964.0,1.433096,-0.1450975,-0.922080046955597,0.26056249824658245,-0.2861390772227096,0.7788168,0.0005400836,-0.8321475141483856,2.744217664750654
phi1,phi2,0.5425,0.0,0.0,0.5425,3941411.0,1.42308,0.08441456,-0.9430744155693191,0.2870142156653612,0.16802823186769733,0.763763,0.0003535468,0.529641264424614,2.8025527645489747
phi1,phi2,0.5425,0.005,0.005,0.5425,3941859.0,1.423336,0.08602228,-0.9426994100991327,0.2863728017327571,0.17119708124403948,0.7645321,0.0003536509,0.5388090822125005,2.8014270025165042
phi1,phi2,0.5425,0.01,0.01,0.5425,3942306.0,1.42066,0.09054046,-0.9396370646080618,0.29094453972508993,0.18009292495514787,0.7691884,0.0003547085,0.5542687326602938,2.7923644040232536
phi1,phi2,0.5425,0.015,0.015,0.5425,3942736.0,1.414383,0.0994493,-0.932709097753025,0.30168199094992426,0.19758976518339105,0.7671368,0.0003519835,0.5798544385924385,2.772649779834044
phi1,phi2,0.5425,0.02,0.02,0.5425,3943167.0,1.407378,0.1142869,-0.9224300860330266,0.3126984497311755,0.22658864913499663,0.7620122,0.0003464893,0.6270613724983587,2.745123137205612
phi1,phi2,0.5425,0.025,0.025,0.5425,3943599.0,1.401346,0.1288713,-0.9119674077698592,0.32146892251662523,0.2548983699860072,0.7484774,0.0003393637,0.6704074678604854,2.718850599418273
phi1,phi2,0.5425,0.03,0.03,0.5425,3944047.0,1.390475,0.1472706,-0.8953760064362833,0.33767918227055754,0.29030083871615003,0.7439689,0.0003334114,0.7100952006217818,2.680071182465226
phi1,phi2,0.5425,0.035,0.035,0.5425,3944494.0,1.388968,0.1566039,-0.8891341146389878,0.33838963924647947,0.3081119573073732,0.7464318,0.0003330494,0.7385992463255246,2.6662459660429967
phi1,phi2,0.5425,0.04,0.04,0.5425,3944927.0,1.394627,0.1554276,-0.8935848425292989,0.32855419836369315,0.3058729604582254,0.7499243,0.0003363953,0.7496626468515393,2.676065029496181
phi1,phi2,0.5425,0.045,0.045,0.5425,3945382.0,1.401758,0.1551781,-0.8983235245615092,0.3158274933889586,0.3053978383011818,0.7514405,0.0003393784,0.768610896680741,2.6867348852830246
phi1,phi2,0.5425,0.05,0.05,0.5425,3945817.0,1.40153,0.161132,-0.894685603747415,0.315006971729453,0.3167148215808081,0.758711,0.00034091,0.7881016409546042,2.6785232073630425
phi1,phi2,0.5425,0.055,0.055,0.5425,3946250.0,1.399563,0.1685027,-0.8889448333907826,0.3169218230618318,0.33066242794578105,0.7661807,0.0003413078,0.8066132305455573,2.665832535212982
phi1,phi2,0.5425,0.06,0.06,0.5425,3946701.0,1.392405,0.1835779,-0.8745745742735138,0.32598377095926145,0.35896224746549865,0.7632283,0.0003370443,0.8335085656482137,2.635354084329241
phi1,phi2,0.5425,0.065,0.065,0.5425,3947135.0,1.386395,0.1918977,-0.8649015391579733,0.33427261977778006,0.37444244314589703,0.7650575,0.0003363644,0.8420173770746993,2.615750505319215
phi1,phi2,0.5425,0.07,0.07,0.5425,3947601.0,1.380523,0.1687521,-0.8760816770367063,0.35047360263545363,0.3311331288413747,0.7794945,0.0003585995,0.7570309468344467,2.6384709773198867
phi1,phi2,0.5425,0.075,0.075,0.5425,3948033.0,1.393761,0.1723658,-0.8827848196291872,0.32632002810564514,0.3379440804177436,0.7697965,0.0003539457,0.8028955200590357,2.6525538601483127
phi1,phi2,0.5425,0.08,0.08,0.5425,3948465.0,1.386748,0.1986996,-0.8603047914578683,0.3317981301193575,0.38702153253266347,0.7875381,0.0003516965,0.8620726671078218,2.606663586183559
phi1,phi2,0.5425,0.085,0.085,0.5425,3948914.0,1.367899,0.1804508,-0.8595995389606901,0.3693188123577514,0.3531178945582184,0.793343,0.0003640541,0.7629765413199268,2.6052817521828486
phi1,phi2,0.5425,0.09,0.09,0.5425,3949345.0,1.356914,0.1700061,-0.8578043641717237,0.39108868660801577,0.33349859372291546,0.8061308,0.000380189,0.7060850350039902,2.601778786573816
phi1,phi2,0.5425,0.095,0.095,0.5425,3949792.0,1.375401,0.1517142,-0.8823699595142556,0.3635183021783396,0.29879373910473483,0.7848232,0.0003689211,0.6879823120871431,2.651671492530042
phi1,phi2,0.5425,0.1,0.1,0.5425,3950223.0,1.34323,0.1322368,-0.8669724274645869,0.4242973236941271,0.2614012071933923,0.8146068,0.0004128104,0.5521593950265786,2.6198910435196257
phi1,phi2,0.5425,0.105,0.105,0.5425,3950686.0,1.328443,0.1344922,-0.8529949868175517,0.4491939053710436,0.2657524935755729,0.8249605,0.000420975,0.5342356013037044,2.59249340387404
phi1,phi2,0.5425,0.11,0.11,0.5425,3951118.0,1.337386,0.1452752,-0.8555746122214799,0.4311861803996757,0.28647959919408306,0.821562,0.000418521,0.5864309277261048,2.5974561270881695
phi1,phi2,0.5425,0.115,0.115,0.5425,3951565.0,1.328738,0.1473836,-0.8469124733069898,0.44535275671656765,0.29051709870847725,0.8336085,0.0004335241,0.5780116509417987,2.580947942470274
phi1,phi2,0.5425,0.12,0.12,0.5425,3951995.0,1.32196,0.1519918,-0.8384092373555025,0.4554946486760356,0.29932353022183095,0.8379103,0.0004469691,0.5813778461188246,2.565154354077644
phi1,phi2,0.5425,0.125,0.125,0.5425,3952426.0,1.324726,0.1722216,-0.8295576404645542,0.4447598378549536,0.33767263403793435,0.8289294,0.0004418508,0.6493787939950484,2.549111383210945
phi1,phi2,0.5425,0.13,0.13,0.5425,3952874.0,1.336242,0.1901963,-0.8282125367438186,0.41977543650962346,0.37128503455367556,0.8316372,0.0004427533,0.7241767941052886,2.5467069128402797
phi1,phi2,0.5425,0.135,0.135,0.5425,3953305.0,1.358751,0.2112773,-0.8312493014205995,0.37529907930859413,0.4100916970116403,0.8371277,0.0004430576,0.8296689719066945,2.5521475995221694
phi1,phi2,0.5425,0.14,0.14,0.5425,3953753.0,1.377443,0.2380972,-0.8231174134087339,0.3351818850962245,0.45840029193561493,0.8314811,0.0004377364,0.9394367674057804,2.5376753523241704
phi1,phi2,0.5425,0.145,0.145,0.5425,3954184.0,1.400866,0.2596456,-0.8185127385833836,0.28940981839069607,0.4962649028450367,0.8284803,0.000434318,1.0428392187571554,2.5296137053792744
phi1,phi2,0.5425,0.15,0.15,0.5425,3954633.0,1.422032,0.2638268,-0.8260304914084099,0.2532861308065666,0.503507460922497,0.8291733,0.0004315809,1.1047169221189064,2.542824411415632
phi1,phi2,0.5425,0.155,0.155,0.5425,3955083.0,1.44458,0.2759416,-0.8245514730103868,0.2126805178812193,0.5242917753218886,0.8224336,0.0004244563,1.1854262155808382,2.5402053192546963
phi1,phi2,0.5425,0.16,0.16,0.5425,3955515.0,1.463389,0.2833811,-0.824253404174489,0.17983646150042903,0.5369033179463236,0.8203911,0.0004219767,1.247590314615957,2.539678699621578
phi1,phi2,0.5425,0.165,0.165,0.5425,3955946.0,1.473236,0.2830736,-0.8279588081417486,0.1636337792731971,0.5363843755193337,0.8205964,0.0004218799,1.2746963804145954,2.5462543122189643
phi1,phi2,0.5425,0.17,0.17,0.5425,3956395.0,1.454262,0.2836913,-0.8205092847717179,0.19477461639209254,0.5374266111877204,0.8227857,0.0004254177,1.2230992861359473,2.5330977060459974
phi1,phi2,0.5425,0.17500000000000002,0.17500000000000002,0.5425,3956843.0,1.461011,0.2837379,-0.8230146379177425,0.18367106453455734,0.537505205394208,0.8263722,0.0004301582,1.2415255442890674,2.5374943922568005
phi1,phi2,0.5425,0.18,0.18,0.5425,3957275.0,1.440139,0.2831706,-0.8152213519797833,0.21801442058940756,0.5365480963448842,0.8310154,0.0004381966,1.1848468595243276,2.523907620783001
phi1,phi2,0.5425,0.185,0.185,0.5425,3957723.0,1.423642,0.2783165,-0.8125326157025049,0.2462877334830039,0.5283304844086231,0.8382081,0.0004495347,1.1345834482783648,2.5192801155419158
phi1,phi2,0.5425,0.19,0.19,0.5425,3958155.0,1.410397,0.2794317,-0.8046038733715349,0.2673505573868721,0.5302228648600998,0.8412872,0.0004586377,1.1037760370770853,2.5058044021350807
phi1,phi2,0.5425,0.195,0.195,0.5425,3958587.0,1.40373,0.2850389,-0.7953000713892727,0.2760875843170995,0.5396975469966175,0.8395,0.0004604668,1.0979436800504843,2.4902987366068814
phi1,phi2,0.5425,0.2,0.2,0.5425,3959035.0,1.420397,0.287678,-0.8013277443822652,0.24858111517162676,0.5441335086752712,0.8452762,0.000464754,1.1422701069705612,2.5003077282257244
phi1,phi2,0.5425,0.20500000000000002,0.20500000000000002,0.5425,3959466.0,1.414663,0.2946397,-0.7911374269365261,0.2554017559550771,0.5557621026620257,0.845448,0.0004716148,1.140027155181123,2.483462733466557
phi1,phi2,0.5425,0.21,0.21,0.5425,3959914.0,1.416119,0.3096824,-0.7755952389836414,0.24789271524527445,0.5805180677586474,0.8534782,0.0004896156,1.1672161264070766,2.4584538581542907
phi1,phi2,0.5425,0.215,0.215,0.5425,3960346.0,1.421167,0.313525,-0.7737723468427258,0.23872745610736448,0.5867585167358091,0.8578926,0.0004983675,1.1843918101385196,2.455571120688373
phi1,phi2,0.5425,0.22,0.22,0.5425,3960779.0,1.429382,0.3212149,-0.7688327104770394,0.223437681689075,0.5991426088185855,0.8612564,0.0005073181,1.2138425222239615,2.447810011045855
phi1,phi2,0.5425,0.225,0.225,0.5425,3961231.0,1.433103,0.3277117,-0.762917718027988,0.215574680566935,0.609494965210896,0.859709,0.0005088027,1.2308344828914732,2.4386106313923985
phi1,phi2,0.5425,0.23,0.23,0.5425,3961667.0,1.461581,0.3312915,-0.7696723875081095,0.17084585439603134,0.6151553543156855,0.8556396,0.0004989075,1.299895706964037,2.449124173543392
phi1,phi2,0.5425,0.23500000000000001,0.23500000000000001,0.5425,3962103.0,1.485888,0.3266112,-0.7827065738932846,0.13420919280339696,0.6077485596455963,0.8515488,0.0004839167,1.353454354317595,2.4697990032336388
phi1,phi2,0.5425,0.24,0.24,0.5425,3962539.0,1.518369,0.3218763,-0.795456137335213,0.08371430175355059,0.6002011739889036,0.8474786,0.0004729092,1.4322132987231821,2.4905562229162297
phi1,phi2,0.5425,0.245,0.245,0.5425,3963007.0,1.532394,0.3215762,-0.7978501377430663,0.061399381677643,0.5997209964916796,0.8519858,0.0004771629,1.46877188718085,2.4945169518896657
phi1,phi2,0.5425,0.25,0.25,0.5425,3963443.0,1.554512,0.3236144,-0.7973347718615049,0.02597730548764024,0.6029779773591767,0.853771,0.0004794679,1.527741268779355,2.4936625606648612
phi1,phi2,0.5425,0.255,0.255,0.5425,3963878.0,1.5668,0.3203282,-0.8016779787459463,0.0064076708212979045,0.5977218083259636,0.8498062,0.0004740025,1.5600765817751423,2.500893413347241
phi1,phi2,0.5425,0.26,0.26,0.5425,3964314.0,-1.546477,0.3145033,-0.8076560798012851,-0.039314311375269556,0.5883417728507033,0.8532208,0.0004749999,1.6375193675429074,2.510962472153047
phi1,phi2,0.5425,0.265,0.265,0.5425,3964749.0,-1.548115,0.3183571,-0.8032265521681828,-0.03646150107025673,0.5945566960616264,0.8500964,0.0004797731,1.6320451459503094,2.503488576531418
phi1,phi2,0.5425,0.27,0.27,0.5425,3965184.0,-1.527988,0.3150512,-0.8050076990249742,-0.06909096498559872,0.5892274968701607,0.8580254,0.0004849927,1.687520180196083,2.5064847722857984
phi1,phi2,0.5425,0.275,0.275,0.5425,3965621.0,-1.528405,0.3158032,-0.804181115694258,-0.06834444300784022,0.5904420126233282,0.855815,0.0004824662,1.6860348047926133,2.505092806460825
phi1,phi2,0.5425,0.28,0.28,0.5425,3966091.0,-1.530434,0.3120825,-0.8088089291819305,-0.065433013162092,0.5844199148421522,0.8494746,0.0004745115,1.682294303670968,2.5129202274056
phi1,phi2,0.5425,0.28500000000000003,0.28500000000000003,0.5425,3966527.0,-1.527442,0.3115345,-0.8090405316108457,-0.07032715260062362,0.583530213286278,0.8470324,0.0004716738,1.6907379937470726,2.5133141679129185
phi1,phi2,0.5425,0.29,0.29,0.5425,3966963.0,-1.538722,0.3163763,-0.8047441445009031,-0.05169418085643514,0.5913666997363749,0.846088,0.0004742649,1.6579894513548812,2.5060406614281447
phi1,phi2,0.5425,0.295,0.295,0.5425,3967399.0,-1.531771,0.3142033,-0.8065024066057906,-0.06307617668824439,0.5878564995587454,0.844858,0.0004741153,1.6776859676199782,2.509008559337233
phi1,phi2,0.5425,0.3,0.3,0.5425,3967852.0,-1.503085,0.2977655,-0.8202712465255736,-0.11176739073237632,0.5609484223101602,0.846887,0.0004653346,1.7674679156521478,2.532681412596937
phi1,phi2,0.5425,0.305,0.305,0.5425,3968288.0,-1.492348,0.2935696,-0.8223029185645248,-0.13008575327234828,0.5539815943836314,0.8434012,0.0004639701,1.8014373503943695,2.536242544694301
phi1,phi2,0.5425,0.31,0.31,0.5425,3968723.0,-1.483311,0.2912515,-0.8223379046223928,-0.1453715407741632,0.5501158839319207,0.8460634,0.0004687297,1.8291469484584173,2.536304028943065
phi1,phi2,0.5425,0.315,0.315,0.5425,3969176.0,-1.469555,0.2831177,-0.8266853641458902,-0.16971520797103118,0.5364588119234565,0.8455236,0.0004669144,1.8771957650417868,2.5439872961421828
phi1,phi2,0.5425,0.32,0.32,0.5425,3969628.0,-1.454368,0.2629288,-0.8415513121623923,-0.1995811744572835,0.5019549220796695,0.843355,0.0004598204,1.9492387322807536,2.5709450151414646
phi1,phi2,0.5425,0.325,0.325,0.5425,3970064.0,-1.436977,0.2411798,-0.8543629754132024,-0.23428134548289542,0.46387084129294426,0.8316161,0.0004441961,2.0384815702170584,2.5951201190730546
phi1,phi2,0.5425,0.33,0.33,0.5425,3970500.0,-1.427694,0.2214678,-0.8667451463737189,-0.25506933271378557,0.4285936149157438,0.8257696,0.0004360524,2.1076279643827807,2.619435162664619
phi1,phi2,0.5425,0.335,0.335,0.5425,3970937.0,-1.427811,0.2098251,-0.8761436292095868,-0.25761239952193954,0.4074410296079701,0.8242543,0.0004327306,2.1346058375415202,2.6385994804226574
phi1,phi2,0.5425,0.34,0.34,0.5425,3971389.0,-1.431569,0.1978104,-0.8872141298680346,-0.2536384969472104,0.3853811108874774,0.8164555,0.0004275682,2.152879430764111,2.662067571338518
phi1,phi2,0.5425,0.34500000000000003,0.34500000000000003,0.5425,3971825.0,-1.42047,0.1905411,-0.8866239863001582,-0.2748990963709317,0.3719252528824334,0.8153196,0.0004248246,2.20730075636307,2.6607899954993175
phi1,phi2,0.5425,0.35000000000000003,0.35000000000000003,0.5425,3972261.0,-1.420975,0.1909744,-0.8865929002005745,-0.27390822400417886,0.37272954556462373,0.8212672,0.0004305602,2.2045445135287025,2.6607227853300492
phi1,phi2,0.5425,0.355,0.355,0.5425,3972681.0,-1.411219,0.2025546,-0.8726477828445441,-0.2883677568514586,0.3941191240030855,0.8258353,0.0004358331,2.202466981656027,2.631394554072214
phi1,phi2,0.5425,0.36,0.36,0.5425,3973134.0,-1.417638,0.2058653,-0.8737704994844335,-0.2763482516565998,0.40019589957552554,0.8302722,0.0004444496,2.1751399236388886,2.6336982973150502
phi1,phi2,0.5425,0.365,0.365,0.5425,3973572.0,-1.407169,0.2081202,-0.8660753805829535,-0.2939982103548584,0.4043247302060964,0.8386109,0.000450341,2.1995017943998274,2.6180938402424077
phi1,phi2,0.5425,0.37,0.37,0.5425,3974008.0,-1.403164,0.2129488,-0.8599652325715381,-0.2996272535039941,0.4131383638998362,0.8382604,0.0004574941,2.1982662335864394,2.6059978710386993
phi1,phi2,0.5425,0.375,0.375,0.5425,3974444.0,-1.398742,0.2085358,-0.8606808944744057,-0.3084391146150295,0.40508481884937836,0.8460856,0.0004654963,2.2215653742387893,2.607401821240445
phi1,phi2,0.5425,0.38,0.38,0.5425,3974879.0,-1.396079,0.1990636,-0.8660816898560888,-0.3155897319354242,0.38769269736860984,0.8426812,0.0004648849,2.2540279672133163,2.618106461111869
phi1,phi2,0.5425,0.385,0.385,0.5425,3975332.0,-1.388194,0.1835356,-0.8718265170934472,-0.33334863451192737,0.3588832845950654,0.8471582,0.0004657976,2.3193237864391625,2.6297153575540224
phi1,phi2,0.5425,0.39,0.39,0.5425,3975768.0,-1.380394,0.1814011,-0.8679348314641886,-0.3474742744997871,0.35489541683723846,0.847783,0.0004698691,2.3456290197737264,2.6218254568264734
phi1,phi2,0.5425,0.395,0.395,0.5425,3976204.0,-1.370329,0.1911509,-0.8542300504576382,-0.36210417300098685,0.3730570851631319,0.8524702,0.0004848544,2.341296939834491,2.59486438890094
phi1,phi2,0.5425,0.4,0.4,0.5425,3976642.0,-1.36225,0.1975326,-0.8438456643363309,-0.3738994979691594,0.3848683673662814,0.8596906,0.0004951915,2.3417393374367554,2.575206581321611
phi1,phi2,0.5425,0.405,0.405,0.5425,3977079.0,-1.35381,0.2004816,-0.835340235122072,-0.38712845791543793,0.3903053274786503,0.8541786,0.0005017243,2.352108159059954,2.5595477307721857
phi1,phi2,0.5425,0.41000000000000003,0.41000000000000003,0.5425,3977516.0,-1.34542,0.1865213,-0.83821175487446,-0.4056808121270861,0.3644504529592274,0.8615184,0.0005072225,2.4096802234869132,2.5647921292234224
phi1,phi2,0.5425,0.41500000000000004,0.41500000000000004,0.5425,3977951.0,-1.353222,0.1725532,-0.8533415376910057,-0.39669067453468165,0.33829680576140414,0.8585504,0.0004992966,2.4354767510536934,2.593157758056783
phi1,phi2,0.5425,0.42,0.42,0.5425,3978388.0,-1.352817,0.1525098,-0.8646241520251109,-0.4027876067364866,0.3003118705518503,0.8542846,0.0004859125,2.500923979221395,2.615198139812607
phi1,phi2,0.5425,0.425,0.425,0.5425,3978841.0,-1.358799,0.1367689,-0.877566098819743,-0.39610914239400974,0.27013938904606094,0.852661,0.0004810745,2.543061793323452,2.641558315508221
phi1,phi2,0.5425,0.43,0.43,0.5425,3979278.0,-1.353914,0.1335096,-0.875233569038115,-0.40539542046383165,0.2638574476791519,0.8507304,0.0004799089,2.5646100094292033,2.6367148119881696
phi1,phi2,0.5425,0.435,0.435,0.5425,3979714.0,-1.352115,0.1269894,-0.8768118437942096,-0.4099644625113187,0.2512570995215942,0.8539566,0.0004844799,2.5917597595904134,2.6399874246124178
phi1,phi2,0.5425,0.44,0.44,0.5425,3980150.0,-1.351651,0.120224,-0.879429060599629,-0.41218313126099315,0.23813776197137834,0.8533838,0.0004862811,2.6176960273315064,2.6454578182236106
phi1,phi2,0.5425,0.445,0.445,0.5425,3980585.0,-1.351079,0.1085211,-0.8837599886019131,-0.41544678996019857,0.215342163214994,0.8512992,0.0004832466,2.6633819221385764,2.6546337361536296
phi1,phi2,0.5425,0.45,0.45,0.5425,3981036.0,-1.35222,0.08863214,-0.8917641911355894,-0.41672743336203477,0.17633738597296678,0.8451084,0.0004734306,2.741291699807917,2.672025403345633
phi1,phi2,0.5425,0.455,0.455,0.5425,3981488.0,-1.358188,0.07695832,-0.9001803195577098,-0.40764144485782844,0.15330963673298992,0.8446824,0.000467871,2.78186721296802,2.6909797000650717
phi1,phi2,0.5425,0.46,0.46,0.5425,3981907.0,-1.373378,0.07135371,-0.9136761092652385,-0.38074720579694976,0.14222353052765657,0.8382995,0.0004594301,2.7841043967464154,2.723034968284098
phi1,phi2,0.5425,0.465,0.465,0.5425,3982360.0,-1.371968,0.07474544,-0.9116882929639405,-0.38293982377220354,0.14893470999672895,0.8410572,0.0004615021,2.7706703629773752,2.718170781041268
phi1,phi2,0.5425,0.47000000000000003,0.47000000000000003,0.5425,3982795.0,-1.366671,0.07535715,-0.9074124298688352,-0.39250394804961286,0.15014437347101295,0.8439584,0.0004674544,2.776237097006696,2.707881518201495
phi1,phi2,0.5425,0.47500000000000003,0.47500000000000003,0.5425,3983230.0,-1.364144,0.0707755,-0.9066390769554594,-0.3976208803057879,0.14107877119610426,0.847025,0.0004695318,2.800641641663219,2.7060448994089277
phi1,phi2,0.5425,0.48,0.48,0.5425,3983664.0,-1.366166,0.06473521,-0.9097368893477021,-0.3946006270795656,0.12910901311829662,0.8439134,0.0004629936,2.82538208925902,2.7134462293180075
phi1,phi2,0.5425,0.485,0.485,0.5425,3984100.0,-1.379307,0.04943972,-0.9230249446296053,-0.3718596920968861,0.09871839233457518,0.8355226,0.0004487972,2.882105804844361,2.7466664118361575
phi1,phi2,0.5425,0.49,0.49,0.5425,3984569.0,-1.392416,0.03585566,-0.9346247294250822,-0.34834309356865184,0.07164987306418119,0.8326451,0.0004430225,2.9387342270000536,2.777998712701757
phi1,phi2,0.5425,0.495,0.495,0.5425,3985006.0,-1.396724,0.02707227,-0.938629749123732,-0.34065440926113155,0.054118088573686864,0.833856,0.0004419389,2.9840441822024477,2.7894323240478065
phi1,phi2,0.5425,0.5,0.5,0.5425,3985443.0,-1.403534,0.01609512,-0.9440771390822598,-0.32815012078774514,0.03218468097160333,0.8276428,0.0004352813,3.0438262041681305,2.805580736685698
phi1,phi2,0.5425,0.505,0.505,0.5425,3985895.0,-1.406456,0.002750691,-0.9464547225314385,-0.32278970445067534,0.005501354249967324,0.8283506,0.0004367555,3.1245511506880357,2.8128676325535316
phi1,phi2,0.5425,0.51,0.51,0.5425,3986330.0,-1.407762,-0.00921826,-0.947147961788655,-0.3202668757770696,-0.018435475572699957,0.8270171,0.0004377903,-3.08409325081772,2.8150217741964383
phi1,phi2,0.5425,0.515,0.515,0.5425,3986765.0,-1.419828,-0.02090788,-0.9539277706893622,-0.29710986088837815,-0.04180357485326084,0.8264904,0.0004390436,-3.0018095168562207,2.8368618994570354
phi1,phi2,0.5425,0.52,0.52,0.5425,3987201.0,-1.436174,-0.03437308,-0.9616951103138652,-0.26537505671757683,-0.06869202334001703,0.8232984,0.0004329947,-2.8883031739785965,2.8639167169612514
phi1,phi2,0.5425,0.525,0.525,0.5425,3987654.0,-1.446219,-0.04495745,-0.9652063342140376,-0.24558869493276603,-0.08979379329508336,0.8193803,0.000428111,-2.791064853395006,2.8770276310820706
phi1,phi2,0.5425,0.53,0.53,0.5425,3988107.0,-1.45454,-0.05213041,-0.9678063809097208,-0.2291720344671044,-0.10407203125065263,0.8177952,0.0004264472,-2.7153162751835906,2.887160518237683
phi1,phi2,0.5425,0.535,0.535,0.5425,3988543.0,-1.459661,-0.05690903,-0.9690882970374982,-0.219018641573982,-0.11357247548613608,0.8190035,0.0004299897,-2.663214120309278,2.892304529214678
phi1,phi2,0.5425,0.54,0.54,0.5425,3988981.0,-1.454346,-0.06219942,-0.9654820897403295,-0.229017301564361,-0.12407824134321396,0.8194702,0.0004339693,-2.645078068395231,2.878084248760964
phi1,phi2,0.5425,0.545,0.545,0.5425,3989434.0,-1.459944,-0.06663917,-0.9668726701602252,-0.21794277022843972,-0.1328841171938539,0.8211623,0.0004341829,-2.5940565603426013,2.8834769185412346
phi1,phi2,0.5425,0.55,0.55,0.5425,3989871.0,-1.469455,-0.07239326,-0.9692810026637089,-0.19919155865652632,-0.1442811866988172,0.8183214,0.0004307598,-2.5147212464346125,2.893086819875361
phi1,phi2,0.5425,0.555,0.555,0.5425,3990324.0,-1.480176,-0.07827401,-0.971592480568649,-0.17804583227774437,-0.15590937531458693,0.814425,0.0004262766,-2.4223833701579403,2.9026656958957666
phi1,phi2,0.5425,0.56,0.56,0.5425,3990760.0,-1.49103,-0.08433184,-0.9732917911836392,-0.15660262895279256,-0.16786514176450457,0.8116013,0.0004236728,-2.3214976914982888,2.9099552172017917
phi1,phi2,0.5425,0.5650000000000001,0.5650000000000001,0.5425,3991197.0,-1.511734,-0.08747236,-0.9778739215693228,-0.11605129236019845,-0.17405370164452635,0.8115648,0.0004208037,-2.158860545122708,2.9308408697289066
phi1,phi2,0.5425,0.5700000000000001,0.5700000000000001,0.5425,3991651.0,-1.528431,-0.09063228,-0.9800877934936035,-0.08324278257750115,-0.18027355933024267,0.8045274,0.0004130564,-2.0033851840300105,2.94169947049769
phi1,phi2,0.5425,0.5750000000000001,0.5750000000000001,0.5425,3992087.0,-1.537281,-0.08997556,-0.9816429921428559,-0.0658988978981277,-0.17898148293226623,0.7996083,0.0004089289,-1.9235818123302377,2.949689304425396
phi1,phi2,0.5425,0.58,0.58,0.5425,3992524.0,-1.553667,-0.08867552,-0.9837369161188716,-0.03371469307486246,-0.17642278576136378,0.7985671,0.000404725,-1.7596213659042856,2.960997208601042
phi1,phi2,0.5425,0.585,0.585,0.5425,3992960.0,-1.558691,-0.08504618,-0.9852803026260437,-0.023858941963219082,-0.16927337695434438,0.7943611,0.0003998057,-1.7108230704639087,2.96980236645448
phi1,phi2,0.5425,0.59,0.59,0.5425,3993362.0,-1.564197,-0.08221703,-0.9864252282641938,-0.013020240950205568,-0.16369405111222513,0.7919238,0.0003945741,-1.6501693189892501,2.976634502503471
phi1,phi2,0.5425,0.595,0.595,0.5425,3993848.0,1.567839,-0.07946012,-0.9873814621766028,0.0058400874114237075,-0.15825214541680208,0.7866642,0.0003889239,-1.5339093803948691,2.982563314146149
phi1,phi2,0.5425,0.6,0.6,0.5425,3994300.0,1.563584,-0.08334954,-0.9860352624142804,0.014224203647675421,-0.16592809679554124,0.7917795,0.0003933367,-1.485280291987391,2.9742764171747558
phi1,phi2,0.5425,0.605,0.605,0.5425,3994734.0,1.560575,-0.08857954,-0.9841426571390467,0.02012129041066848,-0.1762338335039735,0.7953385,0.0003990043,-1.4571147703092038,2.9632703038511146
phi1,phi2,0.5425,0.61,0.61,0.5425,3995169.0,1.546883,-0.08961006,-0.9828578538015361,0.047042675869149474,-0.17826223904043326,0.7917663,0.0003973544,-1.3127825205175083,2.956166944219008
phi1,phi2,0.5425,0.615,0.615,0.5425,3995603.0,1.53853,-0.0915373,-0.9812418748732123,0.06341018958409768,-0.18205364828042245,0.7929545,0.0003998411,-1.2356323582650626,2.947597474267127
phi1,phi2,0.5425,0.62,0.62,0.5425,3996037.0,1.537149,-0.09427384,-0.9800541657929233,0.06605214296120931,-0.18743251191340637,0.7951445,0.0004016688,-1.2319806312666013,2.9415301872989543
phi1,phi2,0.5425,0.625,0.625,0.5425,3996488.0,1.530564,-0.09480126,-0.9789016744989681,0.07893741941551848,-0.18846855302446286,0.7960748,0.0004023999,-1.174158185182351,2.935811528840147
phi1,phi2,0.5425,0.63,0.63,0.5425,3996922.0,1.522085,-0.09772038,-0.9763106094892053,0.09541683405893447,-0.19419892269780026,0.7955284,0.0004036851,-1.1141042742345744,2.9234939736101397
phi1,phi2,0.5425,0.635,0.635,0.5425,3997372.0,1.513584,-0.099335,-0.9739192097568036,0.11192929191588562,-0.19736566691775878,0.8009647,0.0004091837,-1.0549070204183026,2.9127042383671413
phi1,phi2,0.5425,0.64,0.64,0.5425,3997806.0,1.495549,-0.09583158,-0.9705927825104865,0.1471818623286213,-0.19049186318588524,0.7928,0.0004062355,-0.9129616148799249,2.898477498617646
phi1,phi2,0.5425,0.645,0.645,0.5425,3998240.0,1.474978,-0.0938267,-0.9644599010157258,0.18712215846210592,-0.18655400597472835,0.7995206,0.0004074212,-0.7838777237664445,2.8741879653465707
phi1,phi2,0.5425,0.65,0.65,0.5425,3998675.0,1.469605,-0.0918209,-0.96311879941897,0.19762407903520535,-0.18261134025916492,0.7999879,0.0004110614,-0.745935913835198,2.8691585851649313
phi1,phi2,0.5425,0.655,0.655,0.5425,3999109.0,1.455516,-0.085609,-0.9593033192455801,0.22518190196728322,-0.17038266552325565,0.7918213,0.0004090274,-0.6477400943840994,2.855320919645712
phi1,phi2,0.5425,0.66,0.66,0.5425,3999559.0,1.450838,-0.08473388,-0.957442765184505,0.23421765995213736,-0.16865775749248452,0.796469,0.000411683,-0.6240822185981245,2.8488041256628485
phi1,phi2,0.5425,0.665,0.665,0.5425,3999992.0,1.440302,-0.07582092,-0.9550483516736604,0.25507473270490233,-0.15106133423529336,0.7937696,0.0004081633,-0.5346821052672119,2.8406191674573322
phi1,phi2,0.5425,0.67,0.67,0.5425,4000443.0,1.436315,-0.06911241,-0.9548521343234768,0.2631970216142593,-0.13778508406675968,0.7929077,0.0004065923,-0.48227468556670416,2.83995798156328
phi1,phi2,0.5425,0.675,0.675,0.5425,4000877.0,1.420754,-0.05408724,-0.9497275244246343,0.29387324389038816,-0.10796363218971568,0.7878436,0.0003997949,-0.3520748829480209,2.8231607592616808
phi1,phi2,0.5425,0.68,0.68,0.5425,4001310.0,1.408976,-0.04344219,-0.9445076594157124,0.3168207095229491,-0.0867751077350411,0.7873748,0.0003974007,-0.26733714173971945,2.8068888833777588
phi1,phi2,0.5425,0.685,0.685,0.5425,4001743.0,1.402424,-0.03655352,-0.9413141778975793,0.32953375264417095,-0.07304193560725829,0.7872466,0.0003972245,-0.21812583993643964,2.797299225357033
phi1,phi2,0.5425,0.6900000000000001,0.6900000000000001,0.5425,4002176.0,1.400139,-0.0339356,-0.9401458760763889,0.3339555372265049,-0.06781910388906578,0.7851971,0.0003959638,-0.20035364958405388,2.7938544548260222
phi1,phi2,0.5425,0.6950000000000001,0.6950000000000001,0.5425,4002627.0,1.393744,-0.02450655,-0.9368309323279526,0.346334294146526,-0.04899347845955241,0.7860534,0.000396173,-0.14053050101385622,2.7842537151289757
phi1,phi2,0.5425,0.7000000000000001,0.7000000000000001,0.5425,4003076.0,1.388297,-0.004355607,-0.9340887988626264,0.35693449330307964,-0.00871110382497694,0.7789276,0.000388626,-0.024400485532691363,2.7764947186087436
phi1,phi2,0.5425,0.705,0.705,0.5425,4003508.0,1.378836,0.01565335,-0.9267489079152593,0.37437504240533565,0.03130158625177734,0.7718857,0.0003798653,0.08341622017450678,2.756460805639507
phi1,phi2,0.5425,0.71,0.71,0.5425,4003940.0,1.378371,0.0235124,-0.9258299081445273,0.37500570513749404,0.04700747067676585,0.7684796,0.0003769549,0.12470092229922303,2.7540219182724615
phi1,phi2,0.5425,0.715,0.715,0.5425,4004389.0,1.370925,0.02480906,-0.9200274815465322,0.3887023219840957,0.04959776288621942,0.7766357,0.0003807291,0.12691251597704012,2.7389469383711136
phi1,phi2,0.5425,0.72,0.72,0.5425,4004821.0,1.373817,0.0008798664,-0.9233953527445998,0.383846226858289,0.0017597318917845837,0.7899733,0.0003964469,0.004584438872901053,2.74763027529559
phi1,phi2,0.5425,0.725,0.725,0.5425,4005270.0,1.370076,-0.01103392,-0.9202748938293392,0.39064972708673984,-0.022066048908989062,0.7993788,0.0004112349,-0.056425549878399206,2.7395787963010427
phi1,phi2,0.5425,0.73,0.73,0.5425,4005702.0,1.359297,-0.0176932,-0.9112912485261123,0.4102396685274758,-0.03537901533658257,0.8021559,0.0004231533,-0.08602702047402744,2.717205493591543
phi1,phi2,0.5425,0.735,0.735,0.5425,4006151.0,1.343649,-0.004047489,-0.8985413369571235,0.43881424149839027,-0.008094889591434253,0.8077847,0.0004297983,-0.01844509768902025,2.687230914834084
phi1,phi2,0.5425,0.74,0.74,0.5425,4006600.0,1.339423,0.009396232,-0.8946717445299659,0.44632875149129464,0.018791357905426236,0.8053129,0.0004281728,0.04207720554719474,2.678492182293275
phi1,phi2,0.5425,0.745,0.745,0.5425,4007033.0,1.337608,0.0252471,-0.8920649535102725,0.44907974868366674,0.05047274552597686,0.8037066,0.0004269338,0.11192181487063824,2.672690506906137
phi1,phi2,0.5425,0.75,0.75,0.5425,4007482.0,1.337238,0.04614714,-0.8890702674254145,0.4483971284212911,0.0921633050820239,0.800881,0.0004210313,0.20271624849187342,2.666106472937143
phi1,phi2,0.5425,0.755,0.755,0.5425,4007916.0,1.332023,0.07013675,-0.8794018084354509,0.45508737987404524,0.1398139334967548,0.8012664,0.0004165918,0.2980714078146791,2.6454005724087923
phi1,phi2,0.5425,0.76,0.76,0.5425,4008350.0,1.335486,0.0920666,-0.8762201144768391,0.44577430544154745,0.18309445538929073,0.7953617,0.0004097632,0.3897250403857502,2.6387581699288476
phi1,phi2,0.5425,0.765,0.765,0.5425,4008784.0,1.339277,0.1206543,-0.8687764156696591,0.4337271014211717,0.238973515413253,0.7948056,0.0004014061,0.5035927467270733,2.6235223995344144
phi1,phi2,0.5425,0.77,0.77,0.5425,4009252.0,1.350855,0.1574756,-0.8602958011431737,0.4048871905004821,0.30977007199542556,0.7811793,0.0003916211,0.6530810697373846,2.606645950771002
phi1,phi2,0.5425,0.775,0.775,0.5425,4009687.0,1.363207,0.1835856,-0.8540534183025753,0.37646851691586175,0.3589766210449615,0.7727431,0.0003831814,0.7616185532032058,2.5945247379776957
phi1,phi2,0.62,0.0,0.0,0.62,4010122.0,0.9525732,0.670272,-0.07489265280172866,0.21558506173278716,0.9736088391720723,0.4413978,0.0002830488,1.3528835682534002,1.6457591679152357
phi1,phi2,0.62,0.005,0.005,0.62,4010557.0,0.907415,0.6473599,-0.06586112673671411,0.2645065695337971,0.9621323124489859,0.436844,0.0002827996,1.302507242740326,1.6367051608832446
phi1,phi2,0.62,0.01,0.01,0.62,4010991.0,0.8870356,0.6397817,-0.05796588495829293,0.28122157713788115,0.9578905891243972,0.4399635,0.000281598,1.285235897618989,1.6287947222526455
phi1,phi2,0.62,0.015,0.015,0.62,4011427.0,0.9039234,0.6311805,-0.07128892037173191,0.2950788460315414,0.9528097210130293,0.4317299,0.0002841489,1.270470434503756,1.642145768703263
phi1,phi2,0.62,0.02,0.02,0.62,4011879.0,0.9327654,0.6208781,-0.09386606506138563,0.30920100237418274,0.9463529478797498,0.4350437,0.0002841174,1.2550013542096332,1.6648007810424563
phi1,phi2,0.62,0.025,0.025,0.62,4012332.0,1.091505,0.637106,-0.16795345968219913,0.23917532850863016,0.9563403147486614,0.4419239,0.0002852622,1.3257288468307031,1.7395495966695156
phi1,phi2,0.62,0.03,0.03,0.62,4012751.0,1.195585,0.6454958,-0.2019894519587293,0.18833218436894889,0.9611093848403689,0.4528472,0.0002844914,1.3772952073689666,1.7741851458438407
phi1,phi2,0.62,0.035,0.035,0.62,4013187.0,1.335974,0.5994933,-0.32396707472062425,0.16441942687185354,0.9316713940891889,0.4616538,0.00028774,1.3961170204583881,1.9007160421960976
phi1,phi2,0.62,0.04,0.04,0.62,4013622.0,1.372546,0.5434813,-0.4290869931688153,0.17964775088218415,0.8852180736385344,0.488821,0.000290103,1.3705737182184583,2.0142780735894705
phi1,phi2,0.62,0.045,0.045,0.62,4014057.0,1.421235,0.5038162,-0.5101581595127007,0.15732013031138514,0.8455702388810894,0.5068496,0.0002942688,1.3868474555121066,2.1061649962179874
phi1,phi2,0.62,0.05,0.05,0.62,4014509.0,1.436452,0.4646031,-0.5769969190641506,0.15887428884408084,0.8011451277607357,0.5301215,0.0002975468,1.3750272563281074,2.1858433378926074
phi1,phi2,0.62,0.055,0.055,0.62,4014945.0,1.447628,0.4387827,-0.6197349435888961,0.15582823390389525,0.7691853880653614,0.5459448,0.0003011712,1.3709129183684352,2.239201252230589
phi1,phi2,0.62,0.06,0.06,0.62,4015381.0,1.483182,0.4499056,-0.6122366865242874,0.10839309412631852,0.783209535705155,0.5444484,0.0003007121,1.433273862412232,2.2296826634092795
phi1,phi2,0.62,0.065,0.065,0.62,4015818.0,1.524085,0.4779242,-0.5744002186135111,0.05381865650703976,0.8168034898728873,0.5278545,0.0002991369,1.5050020733227303,2.18266757193777
phi1,phi2,0.62,0.07,0.07,0.62,4016238.0,-1.570065,0.50955,-0.5241320757517515,-0.0007666242088180249,0.8516366475530998,0.5081643,0.0002976525,1.5716965041228104,2.1224919952658317
phi1,phi2,0.62,0.075,0.075,0.62,4016706.0,-1.484004,0.5556242,-0.4368774056686163,-0.07660618630857528,0.8962531029990999,0.4867977,0.0002933575,1.656062914655931,2.0229206653041136
phi1,phi2,0.62,0.08,0.08,0.62,4017140.0,-1.462488,0.5778036,-0.3939364871811529,-0.08669342975725967,0.9150400501094454,0.4777852,0.0002915667,1.665257138162609,1.9757068137967386
phi1,phi2,0.62,0.085,0.085,0.62,4017575.0,-1.387236,0.5837202,-0.36635232298569187,-0.14088237531083192,0.9197489504042748,0.4701084,0.0002909363,1.7227897725336776,1.945882081327818
phi1,phi2,0.62,0.09,0.09,0.62,4018014.0,-1.464588,0.5609756,-0.4241725592490993,-0.09148137761944593,0.9009488318039586,0.4839871,0.0002929116,1.6719884360305235,2.0088443044747866
phi1,phi2,0.62,0.095,0.095,0.62,4018452.0,-1.447728,0.5649123,-0.41395455265760706,-0.10399810101847101,0.9043373393367059,0.4782324,0.0002933639,1.6852925972517196,1.9975903617480963
phi1,phi2,0.62,0.1,0.1,0.62,4018894.0,-1.495296,0.577251,-0.39977269862031517,-0.06082896751028061,0.9145936945712363,0.4683824,0.0002948191,1.637207798007652,1.982065180142715
phi1,phi2,0.62,0.105,0.105,0.62,4019331.0,1.182457,0.404098,-0.4927127539014608,0.48419438662398734,0.723042141306203,0.5137966,0.0003237542,0.9807223809408336,2.0860007581937694
phi1,phi2,0.62,0.11,0.11,0.62,4019767.0,1.199474,0.417019,-0.49497012075892016,0.4543582534799586,0.7406504958821952,0.5155134,0.0003254982,1.0205396861799656,2.0885967710523996
phi1,phi2,0.62,0.115,0.115,0.62,4020203.0,1.230012,0.4461069,-0.48745505084268054,0.39545235598630574,0.7784632345543621,0.5151155,0.0003254115,1.100776333063732,2.0799690181697894
phi1,phi2,0.62,0.12,0.12,0.62,4020656.0,1.242122,0.489634,-0.4414285482312523,0.3407233662709213,0.8300894075239489,0.4986355,0.0003212476,1.1813003385184242,2.027986436232915
phi1,phi2,0.62,0.125,0.125,0.62,4021092.0,1.256831,0.5146036,-0.41716442181548635,0.3028405418097431,0.8568905714312255,0.4991228,0.000322218,1.2310797801998996,2.001119376529215
phi1,phi2,0.62,0.13,0.13,0.62,4021528.0,1.310404,0.5019871,-0.46576937998016493,0.2671672646777569,0.8436116033800733,0.5083092,0.0003262265,1.2640945927156046,2.0553001873853214
phi1,phi2,0.62,0.135,0.135,0.62,4021964.0,1.337836,0.5129435,-0.463089773927311,0.2328621659803535,0.8551742938950458,0.5085122,0.000327691,1.3049439663476488,2.0522744675375058
phi1,phi2,0.62,0.14,0.14,0.62,4022418.0,1.334403,0.5100172,-0.4659280697859916,0.2383112899225776,0.8521260252339071,0.5119869,0.0003281821,1.298096701521783,2.0554795253837277
phi1,phi2,0.62,0.145,0.145,0.62,4022854.0,1.345455,0.4894473,-0.502229883963293,0.24302767928262126,0.8298811304980495,0.5254056,0.0003312049,1.285915345094021,2.0969718701821773
phi1,phi2,0.62,0.15,0.15,0.62,4023275.0,1.36961,0.4955854,-0.5039674506092038,0.2144849222119829,0.8366678115418206,0.5263292,0.0003324167,1.319844428204756,2.0989824105308816
phi1,phi2,0.62,0.155,0.155,0.62,4023712.0,1.396262,0.4963959,-0.5134040239321034,0.18686541268796117,0.8375545509107345,0.5299714,0.0003337418,1.351283113267736,2.1099431458706985
phi1,phi2,0.62,0.16,0.16,0.62,4024150.0,1.420067,0.504541,-0.5086182696590803,0.15814732481610203,0.8463432397216353,0.5296845,0.0003346644,1.3860671383543028,2.104375543158139
phi1,phi2,0.62,0.165,0.165,0.62,4024604.0,1.443973,0.5009539,-0.5214597332202225,0.1351779922284229,0.8425002415708773,0.5357991,0.0003357848,1.411703683528465,2.1193571250114225
phi1,phi2,0.62,0.17,0.17,0.62,4025058.0,1.448627,0.4827582,-0.5520918158357688,0.1376475859382778,0.8223428536641684,0.5470991,0.0003395117,1.404949134464017,2.155667311154019
phi1,phi2,0.62,0.17500000000000002,0.17500000000000002,0.62,4025494.0,1.48082,0.4654921,-0.5874037604444141,0.10686085351429764,0.8022079407497518,0.5528334,0.000345256,1.4383675264582276,2.1986433883874
phi1,phi2,0.62,0.18,0.18,0.62,4025932.0,1.505205,0.4839297,-0.5621917077696332,0.0741757832688239,0.8236737442042934,0.5532957,0.0003424504,1.480983782382678,2.1678299154819713
phi1,phi2,0.62,0.185,0.185,0.62,4026369.0,1.540707,0.471799,-0.585816258585636,0.035296252093292485,0.8096749259825785,0.5679041,0.0003458386,1.52723079463415,2.196683193066546
phi1,phi2,0.62,0.19,0.19,0.62,4026821.0,1.35497,0.2616605,-0.7867158315342145,0.3623792523670373,0.49975941998859474,0.7649092,0.0004695321,0.9434177424209231,2.4762670577505275
phi1,phi2,0.62,0.195,0.195,0.62,4027257.0,-1.499488,0.4518241,-0.6124662465009719,-0.08794494896692534,0.7855894492979241,0.5846437,0.0003502573,1.682279879832608,2.2299730304009335
phi1,phi2,0.62,0.2,0.2,0.62,4027710.0,1.488175,0.2982299,-0.8160598939074067,0.13608880402321677,0.5617170880215079,0.6703781,0.0004057849,1.333103386234848,2.525356984835492
phi1,phi2,0.62,0.20500000000000002,0.20500000000000002,0.62,4028147.0,-1.238193,0.4593761,-0.477433502279693,-0.37453782711137723,0.7948450584633678,0.493819,0.0003340967,2.0111466787508157,2.068527817227191
phi1,phi2,0.62,0.21,0.21,0.62,4028583.0,-1.192961,0.4744296,-0.42403090271824007,-0.39954094789950706,0.8127513915654146,0.4726449,0.0003284888,2.0276938158138655,2.0086878841408207
phi1,phi2,0.62,0.215,0.215,0.62,4029037.0,-1.141072,0.4621497,-0.39327602981061766,-0.45630301929941564,0.7981989219202412,0.4726202,0.0003269674,2.0901212509853924,1.9749883623784703
phi1,phi2,0.62,0.22,0.22,0.62,4029474.0,-1.12815,0.4628434,-0.38065188347239964,-0.46545563331984274,0.7990339148119676,0.4624669,0.000326675,2.0982659611016485,1.961297474562545
phi1,phi2,0.62,0.225,0.225,0.62,4029910.0,-1.097945,0.4575769,-0.3567617896693117,-0.49438539133550435,0.7926563632911743,0.4499408,0.000327631,2.1284653666425832,1.9355956064769346
phi1,phi2,0.62,0.23,0.23,0.62,4030346.0,-1.150051,0.4392836,-0.42530241637118504,-0.47590655602512283,0.769825177921025,0.4464264,0.000331784,2.1244913967029175,2.0100923289767416
phi1,phi2,0.62,0.23500000000000001,0.23500000000000001,0.62,4030800.0,-1.56298,0.2709053,-0.8566716940316762,-0.013393142855537752,0.5156881154044072,0.6728698,0.000399226,1.5967618908396561,2.599579082719332
phi1,phi2,0.62,0.24,0.24,0.62,4031236.0,-1.127022,0.4124707,-0.42841036846004543,-0.5262722948767042,0.734508017547212,0.4553275,0.0003322136,2.1925080652920244,2.0135291175262577
phi1,phi2,0.62,0.245,0.245,0.62,4031671.0,-1.101911,0.3751733,-0.43271774654272904,-0.5897272356169382,0.6818923224370448,0.4604942,0.0003310206,2.2838424979466714,2.018301525852118
phi1,phi2,0.62,0.25,0.25,0.62,4032107.0,-1.543118,0.2662588,-0.8602119226939993,-0.047667153126243866,0.507703939878284,0.6934111,0.0004091658,1.6644096024550032,2.6064814399832246
phi1,phi2,0.62,0.255,0.255,0.62,4032559.0,-1.13728,0.3337232,-0.5082289914978693,-0.5988022075438908,0.6189823975216275,0.4753968,0.0003345389,2.33962477581123,2.1039234760752348
phi1,phi2,0.62,0.26,0.26,0.62,4032995.0,-1.173096,0.3306635,-0.5524235234331004,-0.5635867778222736,0.6141646315294181,0.500489,0.0003382487,2.313276438574486,2.1560651978705017
phi1,phi2,0.62,0.265,0.265,0.62,4033431.0,-1.559483,0.2815878,-0.845347566371944,-0.01913065140290912,0.5338740583751305,0.7195551,0.0004266794,1.6066146423114809,2.57801176866636
phi1,phi2,0.62,0.27,0.27,0.62,4033883.0,-1.167099,0.3255736,-0.5499185237097559,-0.5746592786741228,0.6060992746362756,0.5028764,0.0003375798,2.3295738328415254,2.1530630106390234
phi1,phi2,0.62,0.275,0.275,0.62,4034319.0,-1.138467,0.3087281,-0.5290830172356823,-0.6203813958569329,0.5789629388375305,0.4901433,0.0003354623,2.3907150212671064,2.128315906486838
phi1,phi2,0.62,0.28,0.28,0.62,4034755.0,-1.524173,0.2658244,-0.8582276908747748,-0.08025961260625082,0.5069552497016343,0.7024137,0.0004153549,1.7278101271641821,2.602602984258201
phi1,phi2,0.62,0.28500000000000003,0.28500000000000003,0.62,4035207.0,-1.097603,0.2965958,-0.4847426729382058,-0.6727050769105419,0.5590102150511255,0.4675255,0.0003307443,2.448239781894446,2.0768652670198877
phi1,phi2,0.62,0.29,0.29,0.62,4035642.0,-1.116886,0.2743041,-0.525146141191911,-0.6725021139313757,0.5215001794334078,0.4862713,0.0003344825,2.4819936920549672,2.1236831571406336
phi1,phi2,0.62,0.295,0.295,0.62,4036079.0,-1.150232,0.2655276,-0.5748102155082122,-0.6427349406427332,0.5064434936144256,0.5059192,0.0003380616,2.4742421052609593,2.1831685268689283
phi1,phi2,0.62,0.3,0.3,0.62,4036515.0,-1.201621,0.275186,-0.6303659729082127,-0.5736769204303682,0.5230043318797765,0.5355112,0.0003426747,2.4023670436258957,2.2528208816464383
phi1,phi2,0.62,0.305,0.305,0.62,4036968.0,-1.423442,0.2949554,-0.7951636584758989,-0.2413703383758089,0.5562869007909241,0.6610706,0.000407711,1.9801772840069622,2.490073746185913
phi1,phi2,0.62,0.31,0.31,0.62,4037403.0,-1.256003,0.2554895,-0.7050274098489778,-0.5135996613626046,0.48903142967488233,0.5909518,0.0003565064,2.3806933477236534,2.353258121951982
phi1,phi2,0.62,0.315,0.315,0.62,4037839.0,-1.460584,0.3211757,-0.7813163701303437,-0.1750659279327439,0.5990798366189527,0.7563641,0.0004756018,1.8551046460393383,2.4675684791963417
phi1,phi2,0.62,0.32,0.32,0.62,4038275.0,-1.310318,0.25244,-0.7591271894640738,-0.43561207864927054,0.4837024159038675,0.6637941,0.0003794473,2.3039310440832956,2.4327675498562886
phi1,phi2,0.62,0.325,0.325,0.62,4038727.0,-1.310719,0.2465368,-0.7643787487177495,-0.43781107691029825,0.473335599171806,0.6651043,0.0003798041,2.317225420779792,2.4408735785352293
phi1,phi2,0.62,0.33,0.33,0.62,4039162.0,-1.300281,0.2346103,-0.7645353504668541,-0.45935690117326033,0.45219125956947037,0.6605712,0.0003778124,2.364055286054155,2.4411164944747537
phi1,phi2,0.62,0.335,0.335,0.62,4039598.0,-1.501482,0.3149831,-0.8002953590283807,-0.11166007706841256,0.5891174462759625,0.8001536,0.0004999862,1.7581122253838286,2.4985839715197593
phi1,phi2,0.62,0.34,0.34,0.62,4040051.0,-1.246193,0.1830407,-0.7437811392812342,-0.5644951676807548,0.3579592470024847,0.597763,0.0003582118,2.5764600151770285,2.4095058266582305
phi1,phi2,0.62,0.34500000000000003,0.34500000000000003,0.62,4040450.0,-1.205163,0.1462021,-0.7127350359565282,-0.6394667344847264,0.2882552063840079,0.5511974,0.0003473779,2.7180949577514273,2.3641860619236037
phi1,phi2,0.62,0.35000000000000003,0.35000000000000003,0.62,4040931.0,-1.140038,0.07096033,-0.6447393917292522,-0.7512020412025224,0.14144472434756192,0.486597,0.0003358526,2.9554804963350083,2.2714786302748053
phi1,phi2,0.62,0.355,0.355,0.62,4041362.0,-1.445411,0.1629104,-0.9177554058187207,-0.23509496220617573,0.32008650992472654,0.694478,0.0004052149,2.204285999671743,2.7331875729707313
phi1,phi2,0.62,0.36,0.36,0.62,4041809.0,-1.066528,-0.03477049,-0.5318108588346396,-0.8440077327640464,-0.06948494412501977,0.4313527,0.000329069,-3.059450521697082,2.1315337734022877
phi1,phi2,0.62,0.365,0.365,0.62,4042260.0,-1.016855,-0.08525532,-0.4400811633938371,-0.8817796577063276,-0.16968560599307897,0.3978889,0.0003237433,-2.951481231945701,2.0264853848149
phi1,phi2,0.62,0.37,0.37,0.62,4042695.0,-1.433485,0.1080487,-0.9401408200847114,-0.2648764710985318,0.21441943351486342,0.6719354,0.0003914428,2.4610814104051695,2.79383961826557
phi1,phi2,0.62,0.375,0.375,0.62,4043147.0,-1.357482,0.068291,-0.9018879129838185,-0.4099503142056401,0.13615774783826753,0.5352029,0.0003629871,2.82092340279355,2.6949165664607686
phi1,phi2,0.62,0.38,0.38,0.62,4043583.0,-1.412204,0.1035129,-0.9298290247673536,-0.30523291402735914,0.20555012258463556,0.677014,0.0003896505,2.5489288353682547,2.7647442812803296
phi1,phi2,0.62,0.385,0.385,0.62,4044019.0,-1.389172,0.1303484,-0.9031629231390843,-0.34330697165266294,0.2577538699642396,0.6861762,0.0004206285,2.497581612273718,2.6978773384834525
phi1,phi2,0.62,0.39,0.39,0.62,4044456.0,-1.223051,-0.06331389,-0.7615924271554395,-0.6356318902916112,-0.12628964701748066,0.5205918,0.0003389506,-2.945463160440948,2.4365631423604333
phi1,phi2,0.62,0.395,0.395,0.62,4044893.0,-1.407816,0.1728445,-0.8913007952696868,-0.3012755545075055,0.33884499790880634,0.7564675,0.0004471196,2.297570541547291,2.671002356166685
phi1,phi2,0.62,0.4,0.4,0.62,4045345.0,-1.411854,0.1702983,-0.8953322919474644,-0.2946031767985752,0.33404948019161446,0.7576212,0.0004494312,2.2935292725270617,2.6799730259312025
phi1,phi2,0.62,0.405,0.405,0.62,4045779.0,-1.407336,0.1635893,-0.8967981355218027,-0.3040933574127218,0.3213725783293858,0.7540551,0.0004497288,2.328575356869555,2.6832750720734624
phi1,phi2,0.62,0.41000000000000003,0.41000000000000003,0.62,4046231.0,-1.417834,0.1465985,-0.912875126337926,-0.28832231753271204,0.2890142642259746,0.7474755,0.0004406521,2.3549959755237575,2.721068599330862
phi1,phi2,0.62,0.41500000000000004,0.41500000000000004,0.62,4046665.0,-1.421125,0.1286155,-0.9240917987010627,-0.28518965201285995,0.25440363589818876,0.7439712,0.0004368378,2.413186816273872,2.749448622090404
phi1,phi2,0.62,0.42,0.42,0.62,4047101.0,-1.425373,0.1109491,-0.9345126217028217,-0.2797323992204711,0.2200816773483833,0.7403673,0.0004326406,2.4749784749405723,2.7776836110813106
phi1,phi2,0.62,0.425,0.425,0.62,4047535.0,-1.424707,0.09931432,-0.9387900128464453,-0.28237582877671835,0.19732512030259244,0.7342731,0.0004272599,2.5316703919956263,2.789897249875937
phi1,phi2,0.62,0.43,0.43,0.62,4047987.0,-1.433784,0.09550074,-0.9451827009560304,-0.2656869944185917,0.18984225770433313,0.7255244,0.0004212422,2.5211791133131918,2.8089499794832076
phi1,phi2,0.62,0.435,0.435,0.62,4048421.0,-1.41951,0.1145799,-0.9296182247955929,-0.29018714196011086,0.2271593686575859,0.7438996,0.0004364234,2.477425994339968,2.7641718564892352
phi1,phi2,0.62,0.44,0.44,0.62,4048872.0,-1.401095,0.1301487,-0.9111888754682839,-0.32170883444754095,0.2573679448984448,0.7602602,0.0004515865,2.466850048486963,2.7169569402661407
phi1,phi2,0.62,0.445,0.445,0.62,4049307.0,-1.410198,0.1080367,-0.9267943422895121,-0.3083611614055032,0.21439599165282874,0.7472034,0.00043932,2.5340444696143374,2.756581762285858
phi1,phi2,0.62,0.45,0.45,0.62,4049742.0,-1.426422,0.08319924,-0.9453604543181938,-0.280819810295462,0.16563165626449255,0.739535,0.0004302084,2.6086959964359977,2.809494759764307
phi1,phi2,0.62,0.455,0.455,0.62,4050176.0,-1.420827,0.07897258,-0.9434629089650703,-0.2917838627567067,0.15728927758096775,0.7342524,0.0004274199,2.6471867425488966,2.8037228196899835
phi1,phi2,0.62,0.46,0.46,0.62,4050610.0,-1.420207,0.0913464,-0.9390946414582576,-0.2917092395200311,0.1816782154333087,0.7377233,0.000430707,2.5845727235721334,2.7907826069322907
phi1,phi2,0.62,0.465,0.465,0.62,4051062.0,-1.410247,0.1057717,-0.9277366188301479,-0.3085736941177955,0.20996914387619428,0.7475481,0.0004385181,2.5441079617398925,2.7590985091972704
phi1,phi2,0.62,0.47000000000000003,0.47000000000000003,0.62,4051496.0,-1.399736,0.1195642,-0.9152392353663816,-0.32593928287828633,0.23685591806570805,0.7599431,0.0004504484,2.5131794137912857,2.7268976151426663
phi1,phi2,0.62,0.47500000000000003,0.47500000000000003,0.62,4051947.0,-1.381812,0.1180215,-0.9036443657587534,-0.3588003266243308,0.23385719113752698,0.7675855,0.0004581355,2.563970429968184,2.699000129789511
phi1,phi2,0.62,0.48,0.48,0.62,4052398.0,-1.375424,0.1049522,-0.9043309365603712,-0.37251711489544026,0.20836639913819932,0.76932,0.0004596352,2.631601437234469,2.7006059258622863
phi1,phi2,0.62,0.485,0.485,0.62,4052834.0,-1.37709,0.09157554,-0.9104038348175667,-0.3714753554019464,0.18212884965997614,0.7707649,0.0004599294,2.6857470866393633,2.715055447557467
phi1,phi2,0.62,0.49,0.49,0.62,4053268.0,-1.372876,0.07831137,-0.9113789670330866,-0.380864313957465,0.15598318115557708,0.7727162,0.0004620804,2.7528802715793494,2.717418575697408
phi1,phi2,0.62,0.495,0.495,0.62,4053719.0,-1.362697,0.06758734,-0.9062889240189308,-0.4005985675579748,0.13476339959761888,0.7782606,0.0004679809,2.817080065070611,2.70521570902471
phi1,phi2,0.62,0.5,0.5,0.62,4054153.0,-1.367635,0.06037295,-0.9118923197817278,-0.39235639641238834,0.1204527098797866,0.7750005,0.0004675836,2.843727916765298,2.718667612448508
phi1,phi2,0.62,0.505,0.505,0.62,4054587.0,-1.37597,0.04208857,-0.9217656721205623,-0.37852209333396336,0.08407776494533077,0.7689273,0.0004605416,2.9230200199353877,2.74340610955366
phi1,phi2,0.62,0.51,0.51,0.62,4055022.0,-1.380027,0.02722204,-0.9267176513337966,-0.3717972087657241,0.05441718717821167,0.7701552,0.0004599636,2.9962619995490023,2.7563776144556567
phi1,phi2,0.62,0.515,0.515,0.62,4055473.0,-1.381127,0.01536908,-0.9284709409658924,-0.3701312940497894,0.0307333198164267,0.7666039,0.000456199,3.058749132852004,2.7610707946453275
phi1,phi2,0.62,0.52,0.52,0.62,4055907.0,-1.391051,0.006979112,-0.9359849445646896,-0.3517632217612351,0.013957770752925553,0.7619873,0.0004517643,3.1019340096748893,2.7818428853137354
phi1,phi2,0.62,0.525,0.525,0.62,4056358.0,-1.380751,0.0005563086,-0.928630431704548,-0.37100442503520337,0.0011126169704453836,0.7690692,0.0004579901,3.1385937307740246,2.7615004507393923
phi1,phi2,0.62,0.53,0.53,0.62,4056793.0,-1.378166,-0.008259762,-0.9265740674126904,-0.375749421487309,-0.016518772661901354,0.7732728,0.0004632435,-3.0976587385048244,2.7559956766958464
phi1,phi2,0.62,0.535,0.535,0.62,4057228.0,-1.378537,-0.01964824,-0.9262634646939369,-0.37482339219170857,-0.03928636708941509,0.7715895,0.0004613546,-3.0371609527447454,2.7551706906449143
phi1,phi2,0.62,0.54,0.54,0.62,4057661.0,-1.376765,-0.03018983,-0.9239570813862222,-0.3777062835667446,-0.06034297896567467,0.7748018,0.0004658421,-2.983169800877116,2.749096266462464
phi1,phi2,0.62,0.545,0.545,0.62,4058112.0,-1.397231,-0.04167532,-0.9370881577519039,-0.3390199536578427,-0.08325416279668564,0.7652124,0.0004562503,-2.9007848554281317,2.7849898275881046
phi1,phi2,0.62,0.55,0.55,0.62,4058545.0,-1.441442,-0.04601927,-0.9626294496641604,-0.2547495683961636,-0.09190865052454976,0.7448898,0.0004346349,-2.795346383174764,2.8673458384476236
phi1,phi2,0.62,0.555,0.555,0.62,4058978.0,-1.465823,-0.04204477,-0.9745861785947587,-0.20767132839030558,-0.08399047479726998,0.725588,0.0004180989,-2.7572650453384115,2.915662573069282
phi1,phi2,0.62,0.56,0.56,0.62,4059379.0,-1.458582,-0.03938804,-0.9718979623287742,-0.22185920356736905,-0.07869462887407963,0.7262059,0.0004189858,-2.80073222151942,2.90395993793831
phi1,phi2,0.62,0.5650000000000001,0.5650000000000001,0.62,4059880.0,-1.456335,-0.04386844,-0.9701653762994618,-0.2260555553243349,-0.08762436040696951,0.7343839,0.0004249578,-2.7718013199915204,2.896708329062397
phi1,phi2,0.62,0.5700000000000001,0.5700000000000001,0.62,4060315.0,-1.455065,-0.05750438,-0.9669018559170744,-0.22788593938411691,-0.1147553905275716,0.7390778,0.0004294817,-2.675097087329951,2.8835912810560353
phi1,phi2,0.62,0.5750000000000001,0.5750000000000001,0.62,4060750.0,-1.455263,-0.0707368,-0.9636974849453351,-0.22672792647529827,-0.14100214489945664,0.7440121,0.0004336619,-2.585225507392134,2.871317564323443
phi1,phi2,0.62,0.58,0.58,0.62,4061185.0,-1.458035,-0.08350712,-0.9611152290240297,-0.22050431151245423,-0.16623887975592685,0.7474883,0.0004359979,-2.4955982494632694,2.8618090892735637
phi1,phi2,0.62,0.585,0.585,0.62,4061653.0,-1.449573,-0.09930904,-0.9516686601102354,-0.23535854291736433,-0.19731476792121896,0.7568297,0.0004470776,-2.4438961925428773,2.8294204042392233
phi1,phi2,0.62,0.59,0.59,0.62,4062087.0,-1.452675,-0.1113287,-0.9482239981782199,-0.22827353229354988,-0.22082219936667746,0.7606226,0.000452057,-2.3727848266305385,2.818392815594201
phi1,phi2,0.62,0.595,0.595,0.62,4062537.0,-1.452303,-0.1199159,-0.9442277777848971,-0.2280548425504538,-0.23753924401808382,0.7647244,0.0004568066,-2.3358267703496582,2.806037898001666
phi1,phi2,0.62,0.6,0.6,0.62,4062972.0,-1.457848,-0.1143929,-0.9491981794936999,-0.2181439548490632,-0.2267951300373438,0.7581941,0.0004506139,-2.3367534351413806,2.8214742940926825
phi1,phi2,0.62,0.605,0.605,0.62,4063390.0,-1.464852,-0.1064696,-0.9555545735866238,-0.20555669868517862,-0.21133362374060627,0.7522112,0.0004441567,-2.342338195088583,2.842331504047543
phi1,phi2,0.62,0.61,0.61,0.62,4063841.0,-1.459692,-0.1142751,-0.9500483302120705,-0.2146536062082403,-0.2265656628950081,0.760925,0.000450836,-2.3292030041542655,2.824187041312536
phi1,phi2,0.62,0.615,0.615,0.62,4064276.0,-1.476597,-0.1107858,-0.95829125393811,-0.18270759208730544,-0.21976307337535894,0.74984,0.000441274,-2.264383313024479,2.8517583861200606
phi1,phi2,0.62,0.62,0.62,0.62,4064727.0,-1.492249,-0.1114585,-0.9632474021689469,-0.15257823253500982,-0.22107538345837485,0.7455275,0.000437214,-2.1748902824166323,2.8696369358620895
phi1,phi2,0.62,0.625,0.625,0.62,4065161.0,-1.500294,-0.1175063,-0.9628595273764332,-0.13667467991312626,-0.23285523917463416,0.7444827,0.0004371848,-2.1015659229119756,2.8681966784758113
phi1,phi2,0.62,0.63,0.63,0.62,4065611.0,-1.495636,-0.1334285,-0.95372673235271,-0.14445451413520166,-0.26370099230337574,0.7563173,0.0004475453,-2.071946314859993,2.836192564987798
phi1,phi2,0.62,0.635,0.635,0.62,4066061.0,-1.51147,-0.1408031,-0.9538562925743537,-0.11371171006550361,-0.2778989386634784,0.7540443,0.0004458254,-1.9591945123909629,2.8366237580863913
phi1,phi2,0.62,0.64,0.64,0.62,4066494.0,-1.544859,-0.136588,-0.9616235908973695,-0.049928684389924614,-0.26979102265409044,0.7407072,0.0004346613,-1.7537902560008822,2.8636559320376294
phi1,phi2,0.62,0.645,0.645,0.62,4066930.0,-1.561495,-0.1414378,-0.9600906297613491,-0.017862293915320744,-0.27911811317171575,0.7411917,0.0004357446,-1.63470464476953,2.858122401906852
phi1,phi2,0.62,0.65,0.65,0.62,4067368.0,1.568876,-0.1484948,-0.9562147405194446,0.003672507633061935,-0.29264292696222216,0.7469751,0.0004399789,-1.558247536032716,2.844578955464796
phi1,phi2,0.62,0.655,0.655,0.62,4067820.0,1.563954,-0.1602831,-0.9489682948925541,0.012987113091203437,-0.3151039672588631,0.7511932,0.0004467114,-1.5296043134413704,2.820744560115946
phi1,phi2,0.62,0.66,0.66,0.62,4068263.0,1.545568,-0.1564543,-0.9502313801758285,0.04798622478522422,-0.30782729956909605,0.7417686,0.0004411548,-1.4161541102513733,2.824774071155817
phi1,phi2,0.62,0.665,0.665,0.62,4068699.0,1.514453,-0.1371978,-0.9564839951574702,0.1082415294374747,-0.2709651976041219,0.735361,0.0004300909,-1.1907499151942993,2.845500349138174
phi1,phi2,0.62,0.67,0.67,0.62,4069148.0,1.494294,-0.1083989,-0.9651823352214725,0.14884068008734386,-0.2151034907377427,0.717187,0.0004159832,-0.9654940705732775,2.8769358685695905
phi1,phi2,0.62,0.675,0.675,0.62,4069597.0,1.476146,-0.08152738,-0.9691090189690698,0.18567617296473912,-0.16233320099713272,0.7003563,0.0004024142,-0.7184227883848466,2.892388534736306
phi1,phi2,0.62,0.68,0.68,0.62,4070030.0,1.469348,-0.06569743,-0.971043918360121,0.19977043457230367,-0.13101710608395953,0.6883988,0.0003943013,-0.580468544350818,2.9003586872017393
phi1,phi2,0.62,0.685,0.685,0.62,4070479.0,1.470003,-0.0689508,-0.9704489975852275,0.19832330533600592,-0.13746493969892232,0.6926644,0.0003964686,-0.6061041003280532,2.897880922352927
phi1,phi2,0.62,0.6900000000000001,0.6900000000000001,0.62,4070927.0,1.467022,-0.07842464,-0.9665267805301664,0.20353224091139238,-0.1562069442360955,0.7002382,0.0004023614,-0.6545948313862278,2.8821253251683547
phi1,phi2,0.62,0.6950000000000001,0.6950000000000001,0.62,4071358.0,1.443365,-0.08561338,-0.9535467807326372,0.24842572877081695,-0.17039129742775103,0.7135192,0.0004115559,-0.601189358827352,2.8355946393876326
phi1,phi2,0.62,0.7000000000000001,0.7000000000000001,0.62,4071807.0,1.430416,-0.08700956,-0.9463331585606513,0.27290171678414055,-0.17314215542406158,0.7162552,0.0004175887,-0.5653650927938281,2.812491290602298
phi1,phi2,0.62,0.705,0.705,0.62,4072238.0,1.412189,-0.0867104,-0.9358565423354964,0.3072426552984105,-0.17255284098800394,0.7238031,0.0004252105,-0.5117187946088206,2.78147832440505
phi1,phi2,0.62,0.71,0.71,0.62,4072676.0,1.393432,-0.07745369,-0.9265120997995903,0.3431768643556802,-0.15428858900112186,0.7253443,0.0004258468,-0.42251219648241234,2.7558309518658533
phi1,phi2,0.62,0.715,0.715,0.62,4073127.0,1.391756,-0.06621389,-0.9283708508223867,0.3474085834253415,-0.1320410523500749,0.7225731,0.0004247414,-0.36321187834258417,2.760801394829633
phi1,phi2,0.62,0.72,0.72,0.62,4073560.0,1.386432,-0.05135647,-0.9278702311621675,0.3585302419588936,-0.10253243254679514,0.7142834,0.0004187649,-0.27854518340903445,2.7594566525691357
phi1,phi2,0.62,0.725,0.725,0.62,4074009.0,1.384028,-0.04421588,-0.9274045222106718,0.3634845798859772,-0.08831654640162398,0.7151117,0.0004187503,-0.23835314033952182,2.758209713266256
phi1,phi2,0.62,0.73,0.73,0.62,4074441.0,1.383569,-0.03509024,-0.9284161634721392,0.3648646441008957,-0.07012288420195584,0.7064161,0.0004124228,-0.18987359641380985,2.760923334616769
phi1,phi2,0.62,0.735,0.735,0.62,4074889.0,1.381365,-0.02569723,-0.9278591306332549,0.36937564620703056,-0.051371837514721394,0.7051537,0.0004115578,-0.13819105012222632,2.759426885819102
phi1,phi2,0.62,0.74,0.74,0.62,4075320.0,1.373078,-0.02221543,-0.9219177199072547,0.3848310214680432,-0.044416242939620876,0.7079337,0.000412477,-0.11490907969694142,2.7437984235329314
phi1,phi2,0.62,0.745,0.745,0.62,4075752.0,1.367996,-0.02959728,-0.917256182021587,0.3938796660916598,-0.05915999647315682,0.7177646,0.0004234037,-0.1490837299760015,2.7319323649756164
phi1,phi2,0.62,0.75,0.75,0.62,4076184.0,1.359808,-0.03014996,-0.9106230945842341,0.40882013667208617,-0.06026338408395233,0.7172115,0.000425615,-0.1463540862024688,2.715585727412058
phi1,phi2,0.62,0.755,0.755,0.62,4076632.0,1.34933,-0.02344723,-0.9025053859298495,0.42811978407431284,-0.046877274363780544,0.7267342,0.0004312555,-0.10906122609520841,2.6963481407346093
phi1,phi2,0.62,0.76,0.76,0.62,4077081.0,1.344822,-0.0144721,-0.8992209958907763,0.4365364449395394,-0.028940158754732596,0.7233187,0.0004300456,-0.0661980758359686,2.688781968068505
phi1,phi2,0.62,0.765,0.765,0.62,4077530.0,1.343174,-0.009181164,-0.8980020720276496,0.4396079405998544,-0.018361296130798135,0.7262429,0.0004338263,-0.04174317247329018,2.6860037512048125
phi1,phi2,0.62,0.77,0.77,0.62,4077961.0,1.332903,-0.01194003,-0.8886792314562656,0.457907277406943,-0.023877790435093086,0.7309301,0.0004374172,-0.05209828369427738,2.6652529623502694
phi1,phi2,0.62,0.775,0.775,0.62,4078410.0,1.329316,-0.005747414,-0.8855653605713077,0.46437255184269627,-0.011494574864350406,0.7368184,0.0004432362,-0.024747862636967266,2.6585060285597164
phi1,phi2,0.6975,0.0,0.0,0.6975,4078842.0,1.342695,0.4069503,-0.6164437755053407,0.3025063127256035,0.7269711152459088,0.4399845,0.0003085056,1.1764721606720627,2.2350145811941644
phi1,phi2,0.6975,0.005,0.005,0.6975,4079292.0,1.342194,0.4273512,-0.5890197656066187,0.28978126540021715,0.7543755920943975,0.4341526,0.0003076433,1.2040419669009017,2.2006416472982218
phi1,phi2,0.6975,0.01,0.01,0.6975,4079724.0,1.359548,0.4573613,-0.5563710095527977,0.2501279644687839,0.7923934004772525,0.4265262,0.0003065872,1.2650339720429038,2.1608083453185376
phi1,phi2,0.6975,0.015,0.015,0.6975,4080173.0,1.374394,0.4845372,-0.5229509657118013,0.21667806655870728,0.8243621188127672,0.4218747,0.0003059619,1.3137668462492975,2.1211057159030795
phi1,phi2,0.6975,0.02,0.02,0.6975,4080604.0,1.386831,0.5012621,-0.5021583573887355,0.19357421968182698,0.8428321336892767,0.4171495,0.000305113,1.3450402955311382,2.0968891570651365
phi1,phi2,0.6975,0.025,0.025,0.6975,4081052.0,1.432686,0.5132499,-0.4981875450140473,0.14121967765138982,0.855491772395804,0.4169717,0.0003056386,1.4071974097141506,2.0923035209904524
phi1,phi2,0.6975,0.03,0.03,0.6975,4081500.0,1.473712,0.4877613,-0.550198314097644,0.10819439139880059,0.8279950415515502,0.4286455,0.0003077226,1.4408621824114096,2.153398038324356
phi1,phi2,0.6975,0.035,0.035,0.6975,4081931.0,1.474778,0.4555989,-0.6015348883396617,0.11695802311435208,0.7902383178126541,0.4354529,0.0003095675,1.423859533018665,2.2162174295833235
phi1,phi2,0.6975,0.04,0.04,0.6975,4082362.0,1.497977,0.4451224,-0.6225604760186794,0.09131540297743432,0.7772258043055854,0.4387756,0.0003110959,1.4538435870609412,2.242806662760071
phi1,phi2,0.6975,0.045,0.045,0.6975,4082810.0,1.511976,0.4462233,-0.623171816625705,0.0736504109724811,0.7786093397378453,0.4418955,0.0003114902,1.4764846971615526,2.243588100111728
phi1,phi2,0.6975,0.05,0.05,0.6975,4083242.0,1.521342,0.4353551,-0.6411346388274772,0.06362136694996605,0.7647867000432068,0.446858,0.0003126991,1.487799049861838,2.266772175654105
phi1,phi2,0.6975,0.055,0.055,0.6975,4083690.0,1.503733,0.4141187,-0.6701023177849518,0.09042145899129385,0.7367406894241156,0.4549535,0.0003139657,1.4486753262512568,2.305142950336554
phi1,phi2,0.6975,0.06,0.06,0.6975,4084137.0,1.534269,0.4101973,-0.680113721952096,0.04977405162610116,0.7314149772852545,0.460763,0.0003152941,1.50284935989285,2.3187140736401513
phi1,phi2,0.6975,0.065,0.065,0.6975,4084584.0,1.535299,0.3982437,-0.6974608069480674,0.049599347280938844,0.7149044184509251,0.4688334,0.0003166385,1.5015283326155924,2.3426444089094667
phi1,phi2,0.6975,0.07,0.07,0.6975,4085016.0,1.559383,0.4080907,-0.6848297238980988,0.015635086555566686,0.7285353754856752,0.4652094,0.0003159279,1.549338635962096,2.32516632992104
phi1,phi2,0.6975,0.075,0.075,0.6975,4085464.0,-1.569047,0.4215893,-0.6650884648000318,-0.002326923639206293,0.7467609519895334,0.4562344,0.0003150957,1.573912338822426,2.2984086026564894
phi1,phi2,0.6975,0.08,0.08,0.6975,4085895.0,-1.551477,0.4344456,-0.6451917207725585,-0.02494175285981838,0.7636134836491723,0.4497331,0.0003135773,1.6034475165584263,2.2720705200604794
phi1,phi2,0.6975,0.085,0.085,0.6975,4086360.0,-1.502946,0.4544422,-0.6089757486347842,-0.08314942445288219,0.7888185537801825,0.4410852,0.000312168,1.6758185722841201,2.2255649682772023
phi1,phi2,0.6975,0.09,0.09,0.6975,4086792.0,-1.463362,0.4604985,-0.5911136952018927,-0.12900323833298455,0.7962052272149229,0.4378418,0.0003118982,1.731423074909154,2.203235218249811
phi1,phi2,0.6975,0.095,0.095,0.6975,4087223.0,-1.397064,0.4827295,-0.5350331593007016,-0.19376652531336144,0.8223101921517795,0.4254804,0.0003096,1.8022116551926484,2.13534332306456
phi1,phi2,0.6975,0.1,0.1,0.6975,4087670.0,-1.292931,0.5039951,-0.4532686969547201,-0.2814879724574568,0.8457612013581376,0.4108748,0.0003067705,1.8920866509604073,2.041225293662415
phi1,phi2,0.6975,0.105,0.105,0.6975,4088106.0,-1.227931,0.5154256,-0.39788250445998513,-0.3255409899312978,0.8577368923622212,0.403819,0.0003054869,1.9335367625840014,1.9800039574046004
phi1,phi2,0.6975,0.11,0.11,0.6975,4088544.0,-1.202565,0.4875708,-0.4156540270187533,-0.3768418512796803,0.8277813412654316,0.4081518,0.0003067284,1.9980019609910276,1.9994580998076095
phi1,phi2,0.6975,0.115,0.115,0.6975,4088993.0,-1.174582,0.4706561,-0.413356436732769,-0.4192098825160096,0.808331324774997,0.4092906,0.0003068169,2.0492219974876775,1.9969334044286293
phi1,phi2,0.6975,0.12,0.12,0.6975,4089441.0,-1.180383,0.4518439,-0.43949443510837044,-0.4354943872600168,0.7856139511069015,0.409091,0.0003072197,2.0769627085627125,2.0258320865378887
phi1,phi2,0.6975,0.125,0.125,0.6975,4089889.0,-1.148676,0.4181178,-0.44525390161211464,-0.5009980761148874,0.7421252527898311,0.4129742,0.0003083889,2.164604801747066,2.03225412848497
phi1,phi2,0.6975,0.13,0.13,0.6975,4090338.0,-1.146329,0.3989536,-0.4613630640992427,-0.5240576221665736,0.7158964532207678,0.4153491,0.0003091485,2.202697038354108,2.050327259108658
phi1,phi2,0.6975,0.135,0.135,0.6975,4090769.0,-1.16595,0.3884497,-0.4918336397467158,-0.5163313131883966,0.7010717836531746,0.4193419,0.0003098725,2.2055938529798382,2.084990793727249
phi1,phi2,0.6975,0.14,0.14,0.6975,4091217.0,-1.190784,0.3747242,-0.5306144587865326,-0.5043481868321233,0.6812350567651556,0.4244807,0.0003116731,2.2080888043174554,2.13012165599334
phi1,phi2,0.6975,0.145,0.145,0.6975,4091664.0,-1.211902,0.3618378,-0.5644772474878805,-0.49288067311887396,0.6621435487372748,0.4308608,0.00031349,2.2106853425631456,2.1705961481133556
phi1,phi2,0.6975,0.15,0.15,0.6975,4092094.0,-1.243941,0.3412075,-0.6160553781974379,-0.4719452826146874,0.6306690266786174,0.44259,0.0003163862,2.2132244547253332,2.2345214101408692
phi1,phi2,0.6975,0.155,0.155,0.6975,4092526.0,-1.271144,0.3214252,-0.6609046751954955,-0.45147488525036406,0.5994793059755334,0.4554841,0.000319326,2.2162859572845512,2.292819927147091
phi1,phi2,0.6975,0.16,0.16,0.6975,4092960.0,-1.23626,0.3074716,-0.6407005077002016,-0.506631281387617,0.5769121286229345,0.4477634,0.0003181042,2.2914231709722053,2.266206613311073
phi1,phi2,0.6975,0.165,0.165,0.6975,4093413.0,-1.188497,0.2878009,-0.6053754294271226,-0.5807020412761298,0.5443397181022738,0.4367343,0.0003158496,2.388504108013702,2.2210337901826582
phi1,phi2,0.6975,0.17,0.17,0.6975,4093848.0,-1.152298,0.2777901,-0.5689702799484737,-0.6309387806737741,0.5274363237180831,0.4284049,0.0003138914,2.445309255492555,2.1760494834955284
phi1,phi2,0.6975,0.17500000000000002,0.17500000000000002,0.6975,4094283.0,-1.150728,0.2697435,-0.5725773183433979,-0.6389614361149679,0.5136959194665468,0.4294393,0.0003140847,2.464445080293018,2.1804423872082133
phi1,phi2,0.6975,0.18,0.18,0.6975,4094719.0,-1.148557,0.2632252,-0.5741965329532894,-0.6463936183848443,0.5024675428878668,0.4305864,0.0003144068,2.480822381688867,2.182418763971954
phi1,phi2,0.6975,0.185,0.185,0.6975,4095171.0,-1.159833,0.2500662,-0.5974248844545778,-0.6427466375952876,0.47954172633295056,0.4352615,0.0003155091,2.500603754691878,2.21108241175629
phi1,phi2,0.6975,0.19,0.19,0.6975,4095607.0,-1.155687,0.2247453,-0.6076940383389892,-0.6647644735248581,0.4345067899428838,0.4427611,0.000316663,2.5626732052697028,2.2239500731643598
phi1,phi2,0.6975,0.195,0.195,0.6975,4096059.0,-1.165675,0.2141367,-0.6270659089996776,-0.6590247515917445,0.41530076156906753,0.4406635,0.000317207,2.5792808173252055,2.248577154134828
phi1,phi2,0.6975,0.2,0.2,0.6975,4096495.0,-1.196178,0.2033024,-0.6725111729920554,-0.6255508203926259,0.3954932278901401,0.4538331,0.0003199546,2.5778097150920285,2.3083929841444033
phi1,phi2,0.6975,0.20500000000000002,0.20500000000000002,0.6975,4096930.0,-1.235515,0.1958657,-0.7241236692626849,-0.5743534573158837,0.38178923201530596,0.4696102,0.0003237772,2.554932913561588,2.3805592200204635
phi1,phi2,0.6975,0.21,0.21,0.6975,4097382.0,-1.252825,0.1810218,-0.7523596456559242,-0.5554342207970624,0.3541860950913405,0.479629,0.0003263195,2.5739311477479054,2.422433107011437
phi1,phi2,0.6975,0.215,0.215,0.6975,4097817.0,-1.25548,0.1647679,-0.7641968771448566,-0.5579280305592496,0.32360384064211306,0.4808309,0.0003267496,2.616001372402671,2.440591552569903
phi1,phi2,0.6975,0.22,0.22,0.6975,4098268.0,-1.231826,0.1440134,-0.7467815620381848,-0.6013540760685497,0.284060862836734,0.4706989,0.0003247039,2.700293383344494,2.414005915576334
phi1,phi2,0.6975,0.225,0.225,0.6975,4098702.0,-1.221875,0.1260502,-0.7420101587449659,-0.6222550531871568,0.24943851567534459,0.4643362,0.0003242665,2.7603432409243966,2.4068602279078117
phi1,phi2,0.6975,0.23,0.23,0.6975,4099153.0,-1.221315,0.1073551,-0.7479325494852154,-0.6286497507127117,0.21306429158681475,0.4688661,0.0003241957,2.8148192467133377,2.4157382288439893
phi1,phi2,0.6975,0.23500000000000001,0.23500000000000001,0.6975,4099587.0,-1.230562,0.09874108,-0.7621705308228551,-0.616928868518158,0.19620105283640182,0.4743711,0.0003252602,2.8336789692556827,2.4374556683380044
phi1,phi2,0.6975,0.24,0.24,0.6975,4100021.0,-1.245895,0.09902526,-0.7806390476111135,-0.5932021874794768,0.19675833429457912,0.4774093,0.000327296,2.821323193327226,2.466483997477697
phi1,phi2,0.6975,0.245,0.245,0.6975,4100455.0,-1.26671,0.09650646,-0.8054538236579479,-0.5607588418422124,0.19181673349990064,0.4916445,0.0003304728,2.812003077492271,2.507237139261788
phi1,phi2,0.6975,0.25,0.25,0.6975,4100905.0,-1.286768,0.1004151,-0.8260059203134468,-0.527181929531677,0.19948291350988911,0.5002897,0.000333399,2.7798490260557855,2.542780818084488
phi1,phi2,0.6975,0.255,0.255,0.6975,4101338.0,-1.286108,0.08832696,-0.8291296466834025,-0.5307171481126643,0.17573655763618498,0.4989365,0.0003334422,2.8218260883362047,2.5483453834094503
phi1,phi2,0.6975,0.26,0.26,0.6975,4101788.0,-1.271044,0.06786431,-0.8180220266743924,-0.55904432258489,0.13531226574527933,0.4938542,0.0003316313,2.9041176817894296,2.528760052368358
phi1,phi2,0.6975,0.265,0.265,0.6975,4102222.0,-1.272675,0.05965861,-0.8215682794667984,-0.5575449715693429,0.11903430955697246,0.4907898,0.0003307283,2.931253305594547,2.534952754135143
phi1,phi2,0.6975,0.27,0.27,0.6975,4102671.0,-1.264895,0.03307675,-0.8168234139027225,-0.57308778138483,0.06610525945577277,0.4871181,0.0003300082,3.0267509254708322,2.52667926304857
phi1,phi2,0.6975,0.275,0.275,0.6975,4103105.0,-1.265158,0.01479998,-0.8185572732378605,-0.5736619986120499,0.029595637817539846,0.4835144,0.000329414,3.090047628010426,2.5296912302098487
phi1,phi2,0.6975,0.28,0.28,0.6975,4103555.0,-1.268906,-0.002026631,-0.8231882419076991,-0.5677540748792917,-0.004053250901547586,0.4799339,0.0003283814,-3.134453678771779,2.537800089941001
phi1,phi2,0.6975,0.28500000000000003,0.28500000000000003,0.6975,4103988.0,-1.271215,-0.01874366,-0.8252279410764687,-0.563554970052748,-0.03747854046702689,0.4832309,0.000328626,-3.0751866491551385,2.541401986332532
phi1,phi2,0.6975,0.29,0.29,0.6975,4104423.0,-1.28141,-0.0343458,-0.8351603865045065,-0.5457068899716564,-0.0686375921132568,0.4864381,0.000329706,-3.0164722954343968,2.5592206559122275
phi1,phi2,0.6975,0.295,0.295,0.6975,4104874.0,-1.289584,-0.05244665,-0.8413150374541508,-0.5303081148275646,-0.10470105587602953,0.4795182,0.0003292657,-2.946665245138382,2.57050776181992
phi1,phi2,0.6975,0.3,0.3,0.6975,4105298.0,-1.300745,-0.07880608,-0.8470251639545369,-0.5078501748634182,-0.15696041385962717,0.4766545,0.0003281798,-2.8418371785425554,2.581159909412193
phi1,phi2,0.6975,0.305,0.305,0.6975,4105733.0,-1.306102,-0.1081891,-0.8429893360830518,-0.493229760816224,-0.2146936941212434,0.4725314,0.0003274982,-2.7310459769400097,2.573612695545856
phi1,phi2,0.6975,0.31,0.31,0.6975,4106168.0,-1.329247,-0.1109463,-0.863848221075637,-0.4531365254427216,-0.22007621464882393,0.4831977,0.0003290692,-2.689472127223053,2.613655796630669
phi1,phi2,0.6975,0.315,0.315,0.6975,4106619.0,-1.354332,-0.0924696,-0.8922616689967259,-0.4123769751258248,-0.18388677066404766,0.4970569,0.0003338386,-2.7221375826730276,2.6731259947274033
phi1,phi2,0.6975,0.32,0.32,0.6975,4107053.0,-1.368787,-0.07663314,-0.9087100997646296,-0.38850838114621017,-0.1526669327814904,0.5055518,0.0003362878,-2.767172880372623,2.7109798036904613
phi1,phi2,0.6975,0.325,0.325,0.6975,4107489.0,-1.382208,-0.06010899,-0.9229980172996661,-0.3656388750073457,-0.11992861686956943,0.5206473,0.0003404571,-2.8246520611004393,2.7465964293491725
phi1,phi2,0.6975,0.33,0.33,0.6975,4107958.0,-1.388949,-0.05881276,-0.9281309833915601,-0.3532715762150649,-0.11735446777664398,0.5251963,0.0003406147,-2.8208684363285337,2.7601565110088595
phi1,phi2,0.6975,0.335,0.335,0.6975,4108376.0,-1.38978,-0.073013,-0.9252258579320428,-0.3504064127170402,-0.1455075865399831,0.5199251,0.0003391426,-2.748006019394699,2.7524267659629738
phi1,phi2,0.6975,0.34,0.34,0.6975,4108810.0,-1.377575,-0.08112909,-0.9140892960597665,-0.37194526730187955,-0.16154713541469512,0.5093389,0.0003369153,-2.731845694313043,2.72405272477807
phi1,phi2,0.6975,0.34500000000000003,0.34500000000000003,0.6975,4109259.0,-1.378474,-0.09719934,-0.909472147134043,-0.36816195339121355,-0.19317657638171254,0.5068566,0.0003354297,-2.6583766014373795,2.7128090257040114
phi1,phi2,0.6975,0.35000000000000003,0.35000000000000003,0.6975,4109693.0,-1.383648,-0.1034885,-0.9108993361605561,-0.35781444578703653,-0.20550236438633512,0.5012134,0.0003352219,-2.620264577352192,2.7162547012560214
phi1,phi2,0.6975,0.355,0.355,0.6975,4110126.0,-1.392638,-0.1016385,-0.917891578637451,-0.3416424170197402,-0.20187993649532907,0.508784,0.0003361589,-2.6078837537419246,2.7335305873339464
phi1,phi2,0.6975,0.36,0.36,0.6975,4110578.0,-1.408832,-0.0808089,-0.935638271269301,-0.3141454202656886,-0.16091513372671915,0.5223258,0.0003405923,-2.668207910601759,2.7808594156161397
phi1,phi2,0.6975,0.365,0.365,0.6975,4111012.0,-1.421135,-0.07740873,-0.9441079321160774,-0.29134627357846055,-0.15419974509527928,0.5324213,0.0003425866,-2.6548070996629205,2.8056741393186027
phi1,phi2,0.6975,0.37,0.37,0.6975,4111446.0,-1.423278,-0.09569842,-0.9393199668571778,-0.2854652164505997,-0.19023041307909447,0.5191136,0.0003398651,-2.553783438414822,2.7914388617594725
phi1,phi2,0.6975,0.375,0.375,0.6975,4111896.0,-1.414112,-0.147791,-0.9100452622633071,-0.2948963829558715,-0.29129665969875557,0.4892159,0.0003326535,-2.362335262510757,2.7141895704748324
phi1,phi2,0.6975,0.38,0.38,0.6975,4112347.0,-1.412988,-0.1947789,-0.8793830435113543,-0.2871464485186165,-0.3797793831790413,0.4774311,0.0003280139,-2.2181820720380867,2.6453611583840146
phi1,phi2,0.6975,0.385,0.385,0.6975,4112782.0,-1.425512,-0.1971323,-0.8845764617792186,-0.2645168313202907,-0.38412931314133225,0.4726267,0.0003283734,-2.1738397507946403,2.65638144416888
phi1,phi2,0.6975,0.39,0.39,0.6975,4113199.0,-1.443885,-0.1724315,-0.9109678634252705,-0.23632128643503106,-0.33806774673738077,0.4863468,0.0003317356,-2.1808745434219303,2.716420806619829
phi1,phi2,0.6975,0.395,0.395,0.6975,4113650.0,-1.461068,-0.1749834,-0.9168537952188429,-0.20450329830887629,-0.3428666200924127,0.486148,0.0003324319,-2.108602525869296,2.730923270987849
phi1,phi2,0.6975,0.4,0.4,0.6975,4114084.0,-1.487938,-0.213819,-0.8974819312089762,-0.1501042795548371,-0.4147226644550909,0.474855,0.0003284761,-1.9180673250966158,2.684823011825417
phi1,phi2,0.6975,0.405,0.405,0.6975,4114518.0,-1.518328,-0.2128427,-0.9057460281070944,-0.09539637330620675,-0.41294511079348717,0.479576,0.0003290005,-1.7978281797600866,2.7039329944799975
phi1,phi2,0.6975,0.41000000000000003,0.41000000000000003,0.6975,4114968.0,-1.531617,-0.1688799,-0.9406042787185966,-0.07385570670087066,-0.33137429810409796,0.4998696,0.000335393,-1.7900891429169439,2.7952021483474976
phi1,phi2,0.6975,0.41500000000000004,0.41500000000000004,0.6975,4115402.0,-1.536834,-0.1517434,-0.9520996547569475,-0.06477068198113078,-0.2988494707497416,0.5124747,0.0003374855,-1.7842287733435496,2.830826781644543
phi1,phi2,0.6975,0.42,0.42,0.6975,4115835.0,-1.537196,-0.1533146,-0.9512046147592181,-0.06401796767520046,-0.3018467834440256,0.5110759,0.0003372677,-1.77978712928138,2.8279129989205236
phi1,phi2,0.6975,0.425,0.425,0.6975,4116286.0,-1.528976,-0.1239837,-0.966024378647589,-0.08098785572414731,-0.24543403815229903,0.5277575,0.0003421541,-1.8895241309489799,2.880174313815615
phi1,phi2,0.6975,0.43,0.43,0.6975,4116720.0,-1.532733,-0.106434,-0.9745981664340966,-0.07433655258234262,-0.2112640313292104,0.5375458,0.000344894,-1.9091322142177625,2.91571609335772
phi1,phi2,0.6975,0.435,0.435,0.6975,4117171.0,-1.543471,-0.09303638,-0.9812711504820404,-0.05368056283730084,-0.18500088217390595,0.543423,0.0003483463,-1.8532048544839612,2.947749392680686
phi1,phi2,0.6975,0.44,0.44,0.6975,4117607.0,-1.560102,-0.09988762,-0.97988702660805,-0.020961660741848874,-0.19844904601478527,0.5453336,0.0003470285,-1.67603352208832,2.940690889977452
phi1,phi2,0.6975,0.445,0.445,0.6975,4118043.0,1.55614,-0.1143271,-0.9735539213536079,0.028545625084266706,-0.22666695724247396,0.530059,0.0003434425,-1.445519425409596,2.911099818115421
phi1,phi2,0.6975,0.45,0.45,0.6975,4118478.0,1.518961,-0.136724,-0.9576759705200544,0.09964011399684343,-0.2700529266110032,0.5141092,0.0003386337,-1.2173269673694933,2.849613203851573
phi1,phi2,0.6975,0.455,0.455,0.6975,4118919.0,1.482889,-0.1584792,-0.9355400718078727,0.16619762635276678,-0.3116779155417119,0.4952929,0.0003338358,-1.08091542821274,2.7805813014554572
phi1,phi2,0.6975,0.46,0.46,0.6975,4119368.0,1.44857,-0.1493947,-0.9272807211870121,0.2313020049809353,-0.294363460039955,0.4944569,0.0003327067,-0.9047925815195876,2.757878883216843
phi1,phi2,0.6975,0.465,0.465,0.6975,4119816.0,1.459069,-0.1333039,-0.9406862560359927,0.2137706188529469,-0.26346060468353727,0.5056631,0.0003355146,-0.889145728503725,2.7954436905224953
phi1,phi2,0.6975,0.47000000000000003,0.47000000000000003,0.6975,4120264.0,1.458694,-0.1393667,-0.9373419372626668,0.2137500611559055,-0.27513815439614603,0.5019948,0.0003334522,-0.9103111273814424,2.78571750697222
phi1,phi2,0.6975,0.47500000000000003,0.47500000000000003,0.6975,4120695.0,1.454539,-0.1402141,-0.9350782310095733,0.2214241363264494,-0.27676714715459483,0.4975375,0.0003340026,-0.8960324313777308,2.779276043427253
phi1,phi2,0.6975,0.48,0.48,0.6975,4121143.0,1.455699,-0.1342143,-0.9387554745397036,0.219996122089442,-0.2652166384059327,0.5034554,0.000334456,-0.878327025960647,2.7897970043048095
phi1,phi2,0.6975,0.485,0.485,0.6975,4121574.0,1.455426,-0.1234371,-0.9439818334095059,0.22176470238163992,-0.24437412909391681,0.5064383,0.000335443,-0.8338638132034579,2.8052918099576805
phi1,phi2,0.6975,0.49,0.49,0.6975,4122021.0,1.453999,-0.116582,-0.9465157353396255,0.22521234163098583,-0.23105705774023877,0.5063415,0.0003359803,-0.7982072548262975,2.8130566746998933
phi1,phi2,0.6975,0.495,0.495,0.6975,4122450.0,1.427508,-0.1140839,-0.9343566236028932,0.275344040406149,-0.226193190309121,0.4982566,0.000334875,-0.6877097006152768,2.7772455798535316
phi1,phi2,0.6975,0.5,0.5,0.6975,4122897.0,1.413253,-0.1217561,-0.9227190954246657,0.30075595309395603,-0.24111268655388665,0.4877119,0.000331985,-0.6757698653672253,2.745872218213476
phi1,phi2,0.6975,0.505,0.505,0.6975,4123344.0,1.375996,-0.1404778,-0.8887900240919453,0.3649266688949517,-0.27727390682116765,0.4729317,0.0003279779,-0.6497482207186565,2.665494644971819
phi1,phi2,0.6975,0.51,0.51,0.6975,4123774.0,1.360566,-0.1421743,-0.8762430974620158,0.39179035300960785,-0.28053226808832366,0.468285,0.0003269077,-0.6214012076335864,2.6388058633345493
phi1,phi2,0.6975,0.515,0.515,0.6975,4124220.0,1.36977,-0.1278077,-0.8903585247682588,0.37859370896807637,-0.25284086082412627,0.4730602,0.0003278508,-0.5888160025489202,2.668928407339178
phi1,phi2,0.6975,0.52,0.52,0.6975,4124655.0,1.380244,-0.1038414,-0.9083073811565061,0.3639534693980986,-0.20619304898491833,0.4822755,0.0003302181,-0.515450732262964,2.7100160521782723
phi1,phi2,0.6975,0.525,0.525,0.6975,4125107.0,1.396353,-0.07484471,-0.9292450428815355,0.33802897117123665,-0.14913103274975453,0.4966265,0.0003345217,-0.41549359237185657,2.763160507068473
phi1,phi2,0.6975,0.53,0.53,0.6975,4125542.0,1.405599,-0.0572126,-0.939728650449843,0.3222948662072615,-0.11417566614721496,0.5089801,0.0003363185,-0.34046345252024457,2.7926321621302654
phi1,phi2,0.6975,0.535,0.535,0.6975,4125978.0,1.421002,-0.03560649,-0.9530362916363377,0.2943791860251687,-0.07115280499893584,0.522813,0.0003388552,-0.23715612369295558,2.833904561419415
phi1,phi2,0.6975,0.54,0.54,0.6975,4126430.0,1.437874,-0.02140324,-0.9639870568091737,0.2624836728721745,-0.04279340813630461,0.5392304,0.0003423091,-0.16161080494772628,2.8724042485073857
phi1,phi2,0.6975,0.545,0.545,0.6975,4126864.0,1.434776,-0.01246474,-0.9629252871693621,0.26861411186204376,-0.024926897888966095,0.5396605,0.0003417854,-0.09253316030405578,2.868440336568799
phi1,phi2,0.6975,0.55,0.55,0.6975,4127316.0,1.390471,-0.01330781,-0.9353360273618394,0.3527581210233155,-0.026612477732677234,0.5109856,0.0003356744,-0.075298514000667,2.7800040740365217
phi1,phi2,0.6975,0.555,0.555,0.6975,4127749.0,1.335607,-0.009775548,-0.891226376561504,0.4531372298405923,-0.019549850471200572,0.4915882,0.0003294993,-0.04311659476793439,2.6708382523812015
phi1,phi2,0.6975,0.56,0.56,0.6975,4128166.0,1.290448,0.000541012,-0.8468843569180101,0.5317760009929827,0.0010820237888654021,0.4663633,0.0003246059,0.002034733221509377,2.5808950677362352
phi1,phi2,0.6975,0.5650000000000001,0.5650000000000001,0.6975,4128616.0,1.255709,0.01858034,-0.8073668258737564,0.588879043494142,0.03715212796005163,0.4511355,0.0003216515,0.06300606825755883,2.51047208812437
phi1,phi2,0.6975,0.5700000000000001,0.5700000000000001,0.6975,4129049.0,1.264666,0.04483218,-0.8150634263294371,0.5724101991592753,0.08954426256638086,0.4527107,0.0003217568,0.15517608823935225,2.52363498763016
phi1,phi2,0.6975,0.5750000000000001,0.5750000000000001,0.6975,4129498.0,1.295366,0.05254835,-0.8473729680850198,0.520532749309022,0.10490333576953025,0.4723563,0.0003251076,0.19886696445128127,2.581814568118107
phi1,phi2,0.6975,0.58,0.58,0.6975,4129948.0,1.276959,0.06397531,-0.8254290657715672,0.5498951190190562,0.1276017846994934,0.4613135,0.0003228662,0.22801214023247107,2.541758178099801
phi1,phi2,0.6975,0.585,0.585,0.6975,4130382.0,1.245805,0.07314316,-0.787591391223806,0.5987088833801097,0.1457651310564089,0.448894,0.0003200503,0.23881942626118935,2.477686677030236
phi1,phi2,0.6975,0.59,0.59,0.6975,4130832.0,1.245141,0.09678728,-0.7804361962048064,0.5949066559723317,0.1923679139908487,0.4485204,0.0003200042,0.31274618336468185,2.4661594917132006
phi1,phi2,0.6975,0.595,0.595,0.6975,4131264.0,1.258014,0.1066061,-0.7922768549647461,0.5722959327984852,0.21160044988015095,0.4455084,0.0003201482,0.35415082601083414,2.4853278955384694
phi1,phi2,0.6975,0.6,0.6,0.6975,4131712.0,1.250215,0.089679,-0.7885451537154835,0.5885326895283606,0.17839790892367194,0.4437958,0.0003203186,0.2943196418258167,2.4792360303192185
phi1,phi2,0.6975,0.605,0.605,0.6975,4132145.0,1.184087,0.1073017,-0.6991131189842514,0.6825605538498601,0.21295994269412274,0.4277986,0.000316343,0.3024306892595532,2.3449526962090554
phi1,phi2,0.6975,0.61,0.61,0.6975,4132595.0,1.127336,0.1248552,-0.6122059621263276,0.7510884827429775,0.24712335184646037,0.4108201,0.0003128185,0.31786380755745514,2.2296438055304524
phi1,phi2,0.6975,0.615,0.615,0.6975,4133029.0,1.132351,0.1446727,-0.6129592338798089,0.7367975844833176,0.2853248974432944,0.4074906,0.0003120905,0.36946694749100395,2.230596823702453
phi1,phi2,0.6975,0.62,0.62,0.6975,4133463.0,1.135934,0.1514068,-0.6156885909723561,0.7293834129580347,0.29820696814153075,0.4129327,0.0003124149,0.388110637260227,2.2340558532648807
phi1,phi2,0.6975,0.625,0.625,0.6975,4133912.0,1.095003,0.1879229,-0.5398789516866026,0.7574946196117066,0.3670594213272436,0.40057,0.000310397,0.45122785837018986,2.1410896227687877
phi1,phi2,0.6975,0.63,0.63,0.6975,4134344.0,1.09102,0.2113778,-0.5233624950948519,0.746837408812069,0.41027500963008434,0.3928315,0.0003091633,0.5023439092967741,2.121588597587029
phi1,phi2,0.6975,0.635,0.635,0.6975,4134778.0,1.140293,0.2228655,-0.588002914895759,0.6843903928188033,0.4311175736286042,0.4072015,0.0003105719,0.5621361433484444,2.1993839295906836
phi1,phi2,0.6975,0.64,0.64,0.6975,4135211.0,1.224695,0.2209854,-0.6958683075237754,0.5769067755786441,0.42772172130422387,0.419828,0.0003145156,0.6379777483874136,2.340424577190304
phi1,phi2,0.6975,0.645,0.645,0.6975,4135662.0,1.267995,0.2021481,-0.755876280955206,0.5233638084334125,0.39337179857153054,0.439974,0.000318265,0.6445384371885634,2.427787831168124
phi1,phi2,0.6975,0.65,0.65,0.6975,4136098.0,1.296285,0.1848978,-0.7953708559526913,0.4865771002199259,0.36142485670281643,0.4486335,0.0003206814,0.6388710512388216,2.4904155101496857
phi1,phi2,0.6975,0.655,0.655,0.6975,4136549.0,1.298631,0.1982413,-0.7891107258232986,0.47767374312932204,0.3861762000893497,0.4532531,0.0003207619,0.6798732771793792,2.4801562373795942
phi1,phi2,0.6975,0.66,0.66,0.6975,4136985.0,1.288574,0.2107955,-0.7709067970450598,0.4881062470930015,0.40921266087269664,0.4501342,0.0003191307,0.6977022105569133,2.4510599140525757
phi1,phi2,0.6975,0.665,0.665,0.6975,4137420.0,1.30927,0.222119,-0.7822140436833096,0.45104208908882626,0.42976996606905044,0.4502251,0.0003197089,0.7612522758807936,2.4690080446366633
phi1,phi2,0.6975,0.67,0.67,0.6975,4137855.0,1.306407,0.2503707,-0.7574186125923699,0.44254269272370167,0.48007604649212077,0.4432642,0.0003182021,0.8260570695971889,2.4301467772503544
phi1,phi2,0.6975,0.675,0.675,0.6975,4138307.0,1.301513,0.2632271,-0.7422063071353037,0.4434555945148619,0.5024708283493139,0.4390825,0.0003173539,0.847706225766236,2.4071528643783675
phi1,phi2,0.6975,0.68,0.68,0.6975,4138742.0,1.319871,0.2710808,-0.7509718156346915,0.41206416717205824,0.5159888121414388,0.446142,0.0003173432,0.8969149492048532,2.4203288793476334
phi1,phi2,0.6975,0.685,0.685,0.6975,4139193.0,1.29273,0.2924051,-0.7081632187313905,0.4401766034156353,0.55204113383105,0.4331411,0.0003155943,0.8976660135365266,2.3576896367845777
phi1,phi2,0.6975,0.6900000000000001,0.6900000000000001,0.6975,4139629.0,1.295384,0.3280305,-0.6751996405130654,0.4147349153205548,0.6100003241516184,0.4267745,0.0003137125,0.9736928790535062,2.3120316449292106
phi1,phi2,0.6975,0.6950000000000001,0.6950000000000001,0.6975,4140064.0,1.294199,0.3585105,-0.6413426731860516,0.39603511136104524,0.6571421201839172,0.4188693,0.0003122192,1.0284211839080974,2.2670432861818934
phi1,phi2,0.6975,0.7000000000000001,0.7000000000000001,0.6975,4140515.0,1.282104,0.4148307,-0.5656830422516095,0.36850678576056345,0.7377028158800684,0.4079034,0.0003105775,1.1075225122977184,2.1720576540315957
phi1,phi2,0.6975,0.705,0.705,0.6975,4140966.0,1.174547,0.5166956,-0.35939475868690257,0.36453510194941524,0.8590399099431367,0.3788618,0.000305608,1.1694748683715872,1.9384155636844427
phi1,phi2,0.6975,0.71,0.71,0.6975,4141401.0,1.07476,0.5960105,-0.20225492507605117,0.3095679638586968,0.9291181954061934,0.366151,0.0003035286,1.249179551600328,1.774456213718411
phi1,phi2,0.6975,0.715,0.715,0.6975,4141852.0,1.075699,0.5720022,-0.22706424374633877,0.3461193610312902,0.9102984220195016,0.3636254,0.0003043658,1.207451624431532,1.7998584494466447
phi1,phi2,0.6975,0.72,0.72,0.6975,4142286.0,1.121153,0.5665121,-0.2637514134622294,0.33188202636726744,0.9056983562263059,0.3669954,0.0003051389,1.219553375547525,1.8377055984986048
phi1,phi2,0.6975,0.725,0.725,0.6975,4142721.0,1.210568,0.5713381,-0.31199562184533036,0.273893517552487,0.9097478073576606,0.3717862,0.0003048778,1.2783624584811397,1.8880891067249124
phi1,phi2,0.6975,0.73,0.73,0.6975,4143155.0,1.294833,0.5719935,-0.35250073794673137,0.2170555831250313,0.9102912191058763,0.3753953,0.0003065649,1.3367209337029236,1.9310383566703735
phi1,phi2,0.6975,0.735,0.735,0.6975,4143591.0,1.423863,0.5496867,-0.4346853318823032,0.13154823599902654,0.8909229617940692,0.3828339,0.0003088572,1.4242016547253797,2.0204851689531886
phi1,phi2,0.6975,0.74,0.74,0.6975,4144026.0,1.469749,0.552212,-0.4404978657623318,0.09025435250875356,0.8932053415156318,0.3842419,0.0003076291,1.4700926641402736,2.0269494931356333
phi1,phi2,0.6975,0.745,0.745,0.6975,4144477.0,1.504328,0.518615,-0.5041196941605448,0.06741356811308091,0.8609986903554161,0.3929565,0.0003096537,1.4926587921841783,2.0991586839939047
phi1,phi2,0.6975,0.75,0.75,0.6975,4144928.0,1.522828,0.5042489,-0.5306806804866114,0.051068500290197216,0.8460319282606166,0.3977071,0.0003109029,1.5105070999369055,2.130199785159195
phi1,phi2,0.6975,0.755,0.755,0.6975,4145363.0,1.542986,0.5015462,-0.5368660501650416,0.029891671820637695,0.8431377895314349,0.3965746,0.0003110159,1.535358278661528,2.137514352632363
phi1,phi2,0.6975,0.76,0.76,0.6975,4145798.0,1.551611,0.4871222,-0.5613797894575656,0.021551087077729774,0.8272776333458722,0.400596,0.0003120523,1.5447516072338612,2.1668484875779415
phi1,phi2,0.6975,0.765,0.765,0.6975,4146233.0,-1.542523,0.4805421,-0.5717162241214603,-0.03236314060560251,0.8198128970725225,0.4045866,0.0003127697,1.6102520917933916,2.179392465843484
phi1,phi2,0.6975,0.77,0.77,0.6975,4146684.0,-1.56423,0.4706963,-0.5886120864782927,-0.007730483052279204,0.8083786558806766,0.4070013,0.00031313,1.580358983302645,2.200137260681182
phi1,phi2,0.6975,0.775,0.775,0.6975,4147119.0,-1.552611,0.4476632,-0.6248506110853582,-0.02273625136173113,0.7804132089478436,0.418073,0.0003151457,1.5999216949735624,2.245736503420583
phi1,phi2,0.775,0.0,0.0,0.775,4147553.0,0.009119874,0.1669065,0.9446427355946571,0.017231956447042625,0.327647923486858,0.5322883,0.0003376113,1.5182518313599678,0.33429232274057447
phi1,phi2,0.775,0.005,0.005,0.775,4148004.0,0.0005677399,0.1697678,0.9429088274143868,0.0010706543869074597,0.3330492409287404,0.5233197,0.0003379116,1.567581634889926,0.3395374251106283
phi1,phi2,0.775,0.01,0.01,0.775,4148455.0,0.01177056,0.1499667,0.9550914591682622,0.02248807698470735,0.29545658059581204,0.5564513,0.0003381529,1.4948298297619589,0.3008280397301984
phi1,phi2,0.775,0.015,0.015,0.775,4148873.0,1.160555,0.4057368,-0.46941880665855373,0.5035696231558594,0.7253024324996609,0.505329,0.0002875192,0.963913426713356,2.059428768292549
phi1,phi2,0.775,0.02,0.02,0.775,4149341.0,-0.005728873,0.1686371,0.9435982400438447,-0.010811982096742872,0.33091609575434444,0.5258846,0.0003376926,1.603457588584284,0.3374613309028773
phi1,phi2,0.775,0.025,0.025,0.775,4149775.0,-0.04189077,0.1940569,0.9223777857448431,-0.07745955470325042,0.3784431763813619,0.526013,0.0003311574,1.7726873163602743,0.3966049298699959
phi1,phi2,0.775,0.03,0.03,0.775,4150176.0,1.293619,0.3847172,-0.6107312714500834,0.3781115780469176,0.6957290770262763,0.523777,0.0002952539,1.0729762697171328,2.2277801006962203
phi1,phi2,0.775,0.035,0.035,0.775,4150644.0,-0.06446231,0.145166,0.9501969467198703,-0.12318705804559398,0.28627034630626247,0.5314215,0.0003427583,1.977162068530152,0.31692908861291547
phi1,phi2,0.775,0.04,0.04,0.775,4151096.0,-0.02995543,0.1066171,0.97559811485237,-0.058518953077950776,0.21162195166655667,0.5946333,0.0003445067,1.8405806113015855,0.2213674684386498
phi1,phi2,0.775,0.045,0.045,0.775,4151530.0,-0.02233752,0.08902572,0.9832086849989358,-0.04395413330938705,0.17711215629561997,0.5573964,0.00035481,1.8140530108848028,0.18351304004152091
phi1,phi2,0.775,0.05,0.05,0.775,4151980.0,1.183442,0.5396387,-0.3372783122979761,0.3301436271782907,0.8816169947811752,0.4896152,0.0002848159,1.2124859074030354,1.9148206301978987
phi1,phi2,0.775,0.055,0.055,0.775,4152365.0,1.285265,0.4805689,-0.48173338951738814,0.3094986770477864,0.8198435889422802,0.5058765,0.0002900147,1.209827434934045,2.073428003702213
phi1,phi2,0.775,0.06,0.06,0.775,4152866.0,-0.0658762,0.1558317,0.9435755431862034,-0.12504270714846616,0.30664232533987235,0.5207953,0.0003375748,1.9579918346973706,0.3375298755807966
phi1,phi2,0.775,0.065,0.065,0.775,4153300.0,-0.1360905,0.1741174,0.9053730477045991,-0.2526965089560426,0.3412390933810403,0.4759443,0.0003403055,2.2082066184239517,0.4385388757631335
phi1,phi2,0.775,0.07,0.07,0.775,4153735.0,-0.1087191,0.1626154,0.9252646999313153,-0.2044197028462687,0.3195274951381433,0.5161942,0.0003332991,2.139936556897565,0.3890635019434913
phi1,phi2,0.775,0.075,0.075,0.775,4154186.0,1.413912,0.4567685,-0.5811211481961885,0.18856678175736438,0.791669615393198,0.5256635,0.000293883,1.3369646697675828,2.1909019824999034
phi1,phi2,0.775,0.08,0.08,0.775,4154620.0,-0.1451266,0.1504835,0.9151018983767446,-0.27333046363094665,0.29644387873351336,0.5321083,0.0003304848,2.3156508091895134,0.41503576858301094
phi1,phi2,0.775,0.085,0.085,0.775,4155071.0,-0.1600121,0.1327346,0.915975887139166,-0.30356930556683154,0.26236206070483925,0.5435373,0.0003315406,2.42887936777292,0.41286290035542555
phi1,phi2,0.775,0.09,0.09,0.775,4155505.0,-0.1454011,0.1061805,0.9364933606604283,-0.28027994380921817,0.21076844767952885,0.5357211,0.0003368631,2.496817490912801,0.3583027847150815
phi1,phi2,0.775,0.095,0.095,0.775,4155939.0,-0.1474386,0.06448929,0.9488901394067278,-0.2882083815669542,0.12862127402275783,0.5644392,0.0003440692,2.7218376340616937,0.3210958215372565
phi1,phi2,0.775,0.1,0.1,0.775,4156389.0,-0.139578,0.02868761,0.9597065339844749,-0.27509100932062147,0.05734374611470487,0.6095009,0.0003483867,2.9360818817111483,0.2848403259072945
phi1,phi2,0.775,0.105,0.105,0.775,4156823.0,-1.268313,0.6242866,-0.2604727232178779,-0.18010464323810355,0.9485337516101039,0.4919847,0.0002845398,1.7584394545493955,1.83430812185262
phi1,phi2,0.775,0.11,0.11,0.775,4157274.0,-1.260232,0.6312169,-0.24681195302637898,-0.17662215594756964,0.9528318182511207,0.4905163,0.0002839209,1.7540814843155665,1.8201853736496556
phi1,phi2,0.775,0.115,0.115,0.775,4157675.0,-1.129813,0.6421206,-0.17966167488401777,-0.21820271760464888,0.959223256915623,0.488744,0.0002807494,1.794468634761686,1.7514388459885366
phi1,phi2,0.775,0.12,0.12,0.775,4158159.0,-0.1560395,0.007305392,0.951595715343258,-0.3070051053669182,0.014610264166007397,0.5905181,0.0003515016,3.0940388858387573,0.3124096691662177
phi1,phi2,0.775,0.125,0.125,0.775,4158544.0,-1.209789,0.5774685,-0.3031743248457769,-0.2669870239605949,0.914769510746271,0.4945187,0.0002856799,1.8547710149239531,1.8788183265257865
phi1,phi2,0.775,0.13,0.13,0.775,4159028.0,-0.3392144,0.004681106,0.7785255976339979,-0.6275430227290903,0.009362075232704272,0.4353768,0.0003583502,3.1266751412774525,0.6784831673944651
phi1,phi2,0.775,0.135,0.135,0.775,4159462.0,-1.243748,0.5114095,-0.41343416932852217,-0.31697534027286933,0.8535800028647189,0.5087107,0.0002900016,1.9263615225106951,1.9970187731114888
phi1,phi2,0.775,0.14,0.14,0.775,4159880.0,-1.23464,0.5061015,-0.4146584236787937,-0.33007860446768567,0.8480014779143272,0.5069522,0.000289794,1.9419951356633085,1.998363729626035
phi1,phi2,0.775,0.145,0.145,0.775,4160347.0,-1.235887,0.4816149,-0.4475254753941715,-0.3544218483829049,0.8210396471925494,0.5146442,0.0002914391,1.9783066937339182,2.0347926585267944
phi1,phi2,0.775,0.15,0.15,0.775,4160798.0,-1.311569,0.4657547,-0.5182186745062684,-0.2956498116954492,0.8025213979934814,0.5246063,0.0002931307,1.9237691968204595,2.11556314290779
phi1,phi2,0.775,0.155,0.155,0.775,4161250.0,-1.380906,0.427617,-0.609296293546615,-0.24320573662662293,0.7547244506058214,0.5417331,0.0002979182,1.8825338752804406,2.2259691528126737
phi1,phi2,0.775,0.16,0.16,0.775,4161684.0,-1.381263,0.4215593,-0.6179195249512137,-0.24613642863031557,0.7467210450932664,0.5445969,0.0002985954,1.889203869609334,2.2368901674178394
phi1,phi2,0.775,0.165,0.165,0.775,4162137.0,-1.278367,0.4387217,-0.5328915560026773,-0.35284609135732303,0.7691074212064951,0.5267169,0.0002938736,2.0009222854228224,2.1328104033020283
phi1,phi2,0.775,0.17,0.17,0.775,4162570.0,-1.123335,0.4559866,-0.38297124641514,-0.4776040080772294,0.7907132450438653,0.5015866,0.0002881579,2.1141640528506676,1.9638069562837732
phi1,phi2,0.775,0.17500000000000002,0.17500000000000002,0.775,4163003.0,-1.095434,0.437121,-0.3728170748558469,-0.5221401769132162,0.7670574061626452,0.5003578,0.0002880942,2.1684552365080263,1.952839455035348
phi1,phi2,0.775,0.18,0.18,0.775,4163402.0,-1.110498,0.4188175,-0.4051104493339481,-0.5326759434345515,0.743062489381988,0.5057961,0.0002899177,2.192752037330207,1.9878959605140212
phi1,phi2,0.775,0.185,0.185,0.775,4163901.0,-0.7688741,0.3581992,0.024919557076934516,-0.7537638779915549,0.6566726977042838,0.5436974,0.000272779,2.424923745315681,1.545874189887927
phi1,phi2,0.775,0.19,0.19,0.775,4164333.0,-0.6995903,0.4629203,0.10266335888538808,-0.5923320508882395,0.7991263831415543,0.5320879,0.0002673019,2.2086574156958614,1.4679517658810703
phi1,phi2,0.775,0.195,0.195,0.775,4164766.0,-1.145871,0.3521998,-0.5029929748135097,-0.5724009260208027,0.6475764411857364,0.5174621,0.0002930379,2.294651887580029,2.097854553725893
phi1,phi2,0.775,0.2,0.2,0.775,4165201.0,-1.165981,0.327651,-0.5468904984261547,-0.5740592196306299,0.6093987160211813,0.5243839,0.0002955055,2.3263421422923356,2.149441889705092
phi1,phi2,0.775,0.20500000000000002,0.20500000000000002,0.775,4165652.0,-1.167534,0.2959548,-0.5742841737250033,-0.5990768628275408,0.5579467718642183,0.5324655,0.0002972367,2.3917277134149444,2.1825258144041015
phi1,phi2,0.775,0.21,0.21,0.775,4166035.0,-1.110148,0.2724499,-0.5172021612532316,-0.6810531867670089,0.518332404147655,0.5262611,0.0002951477,2.4910412816185694,2.114375010886244
phi1,phi2,0.775,0.215,0.215,0.775,4166536.0,-1.115405,0.2652788,-0.5288379607314903,-0.6813808589214227,0.5060143638127905,0.5234428,0.0002946182,2.502824585130485,2.128027144888465
phi1,phi2,0.775,0.22,0.22,0.775,4166970.0,-1.147058,0.2659226,-0.5704535913671976,-0.6460707467859039,0.507124531297561,0.5248914,0.0002963641,2.4761044804662617,2.1778543407272157
phi1,phi2,0.775,0.225,0.225,0.775,4167387.0,-0.6307347,0.04922854,0.30294328767866857,-0.9479255512020539,0.09829808659746032,0.3485101,0.0003107206,3.038263864105323,1.263016765669287
phi1,phi2,0.775,0.23,0.23,0.775,4167854.0,-1.132417,0.2157548,-0.5810131313511866,-0.6982098187874187,0.4182425016020355,0.5300027,0.0002968266,2.6018931509192935,2.1907692601326616
phi1,phi2,0.775,0.23500000000000001,0.23500000000000001,0.775,4168254.0,-1.139305,0.1838404,-0.6067188178851609,-0.7090037985234365,0.359452207815408,0.5339879,0.0002990997,2.672375008805215,2.222722676722063
phi1,phi2,0.775,0.24,0.24,0.775,4168721.0,-0.9626912,0.02366028,-0.3468135572481411,-0.936740514765408,0.04730290166500123,0.500983,0.0003210697,3.091138173232828,1.9249679881437636
phi1,phi2,0.775,0.245,0.245,0.775,4169154.0,-1.121834,0.1322926,-0.601546408655674,-0.7548211710352143,0.26150892525971037,0.5336125,0.000298074,2.8080825744310447,2.2162318508496552
phi1,phi2,0.775,0.25,0.25,0.775,4169605.0,-1.127977,0.1380667,-0.6088228103289725,-0.7449855960394197,0.2726375750275864,0.5371115,0.0002992565,2.790767787915364,2.2253721680505194
phi1,phi2,0.775,0.255,0.255,0.775,4170054.0,-1.131914,0.1382049,-0.6146217259209439,-0.7401106789897479,0.27290349369565486,0.5313298,0.0002981268,2.788327315244688,2.2327026606370928
phi1,phi2,0.775,0.26,0.26,0.775,4170488.0,-1.153983,0.1567736,-0.6394225543482678,-0.7042774694697106,0.30843482778064696,0.5417881,0.0003003602,2.728808727411944,2.2645433119143767
phi1,phi2,0.775,0.265,0.265,0.775,4170938.0,-1.100104,0.1857082,-0.5485303974153034,-0.7532543666312524,0.3629356172413504,0.5735657,0.0003008114,2.692591735722587,2.1514019260388713
phi1,phi2,0.775,0.27,0.27,0.775,4171390.0,-1.19708,0.1638461,-0.6944085809322041,-0.6435864954137955,0.32185889089585684,0.5558637,0.0003054714,2.6778634511916666,2.338394007562393
phi1,phi2,0.775,0.275,0.275,0.775,4171823.0,-1.218809,0.1557749,-0.7255793931041213,-0.6160936056697679,0.3065341960621677,0.5660028,0.0003085151,2.679911098764242,2.382672319458517
phi1,phi2,0.775,0.28,0.28,0.775,4172256.0,-1.161388,0.1240449,-0.6621720535408472,-0.7079774337612886,0.24555269250056613,0.5449388,0.0002933767,2.8077385225664386,2.294509965434712
phi1,phi2,0.775,0.28500000000000003,0.28500000000000003,0.775,4172705.0,-1.197722,0.1151293,-0.7149283535234466,-0.6609000175465998,0.22822930603925057,0.5588002,0.0003067959,2.8090832829345818,2.3673179583906543
phi1,phi2,0.775,0.29,0.29,0.775,4173155.0,-1.210567,0.08383635,-0.7409640161453328,-0.650477267083394,0.16688814153647302,0.5647638,0.0003079422,2.890447022894943,2.405301070929948
phi1,phi2,0.775,0.295,0.295,0.775,4173589.0,-1.216667,0.05504728,-0.7548975884229199,-0.646573824972407,0.10987228883486104,0.5643547,0.0003089863,2.973270532919594,2.426294279607196
phi1,phi2,0.775,0.3,0.3,0.775,4174038.0,-1.218416,-0.0901722,-0.7494122854555588,-0.6373446508780838,-0.1793683985694516,0.2951225,0.0003053302,-2.8672576874267213,2.417970311944239
phi1,phi2,0.775,0.305,0.305,0.775,4174487.0,-1.217113,-0.02651894,-0.7590069463828585,-0.648920700337289,-0.053013017423372735,0.5633009,0.0003072635,-3.0600795313923554,2.4325828481882334
phi1,phi2,0.775,0.31,0.31,0.775,4174920.0,-1.239876,-0.03674701,-0.7867328478106493,-0.6129109014653714,-0.07342787645473187,0.5701407,0.0003094527,-3.0223590426341294,2.476294623201873
phi1,phi2,0.775,0.315,0.315,0.775,4175353.0,-1.26346,-0.02593719,-0.815863312067963,-0.5759153736399777,-0.05185111789169435,0.5766045,0.0003127064,-3.0518022113224292,2.525016940255144
phi1,phi2,0.775,0.32,0.32,0.775,4175802.0,-1.27944,-0.0265194,-0.8337988131726038,-0.549517116865341,-0.053013936129665915,0.5811928,0.0003153053,-3.0454166165053556,2.556749730134615
phi1,phi2,0.775,0.325,0.325,0.775,4176234.0,-1.2756,-0.05665224,-0.825395494006918,-0.5531177240007761,-0.11306220353980817,0.5732837,0.0003132998,-2.9399613522333583,2.5416987096196038
phi1,phi2,0.775,0.33,0.33,0.775,4176666.0,-1.241,-0.1078614,-0.7719256356104063,-0.5985915961104237,-0.2140535310464317,0.555834,0.0003066651,-2.798167524466401,2.4526610293611637
phi1,phi2,0.775,0.335,0.335,0.775,4177115.0,-1.116199,-0.1309993,-0.5934151474897233,-0.7620836726734982,-0.25901146417527976,0.5459475,0.0002974324,-2.813968226454531,2.2060915290538317
phi1,phi2,0.775,0.34,0.34,0.775,4177548.0,-1.22536,-0.142156,-0.7397507785899594,-0.611629088075724,-0.2804971375882594,0.5434419,0.000303394,-2.711604569197583,2.403496230046645
phi1,phi2,0.775,0.34500000000000003,0.34500000000000003,0.775,4177997.0,-1.286001,-0.1480753,-0.8054616990348414,-0.5158105683721997,-0.2918405539733206,0.4649991,0.0003056439,-2.626707342662506,2.5072504276016243
phi1,phi2,0.775,0.35000000000000003,0.35000000000000003,0.775,4178445.0,-1.172368,-0.2154179,-0.6350852767456634,-0.6498088680959516,-0.41763037030937067,0.5321209,0.0002964849,-2.570368321610134,2.2589152407141473
phi1,phi2,0.775,0.355,0.355,0.775,4178844.0,-1.154839,-0.2592645,-0.5849345366233563,-0.6420507891829892,-0.4956030387061002,0.5204678,0.0002939569,-2.4842183000166838,2.1955956708890247
phi1,phi2,0.775,0.36,0.36,0.775,4179326.0,-1.21709,-0.2581669,-0.6609624816369135,-0.5651492196261113,-0.4936952070097198,0.5269822,0.0002971455,-2.423575344321545,2.292896956759257
phi1,phi2,0.775,0.365,0.365,0.775,4179758.0,-1.207241,-0.2761704,-0.6360036329090875,-0.5658699706348632,-0.524681384518397,0.5131193,0.0002945368,-2.3939451361904585,2.260104722414608
phi1,phi2,0.775,0.37,0.37,0.775,4180206.0,-1.264735,-0.266005,-0.7053142892305388,-0.4951892460981244,-0.5072665610465478,0.526745,0.000298516,-2.344147344990001,2.353662725966353
phi1,phi2,0.775,0.375,0.375,0.775,4180655.0,-1.254297,-0.2568894,-0.7021642328450753,-0.5151902341064531,-0.4914716805619881,0.5340638,0.0002991231,-2.3797517198384583,2.3492288747679413
phi1,phi2,0.775,0.38,0.38,0.775,4181087.0,-1.284356,-0.2538763,-0.7343248423132087,-0.47366906094014416,-0.4862146096835874,0.5277691,0.0003003805,-2.3431253706193855,2.3954678351319547
phi1,phi2,0.775,0.385,0.385,0.775,4181535.0,-1.307332,-0.232613,-0.7724921185462501,-0.4494348910488999,-0.4486247936659205,0.548054,0.0003042537,-2.3570965428922293,2.45355261088224
phi1,phi2,0.775,0.39,0.39,0.775,4181983.0,-1.355606,-0.2124418,-0.8280019899974419,-0.3801206618944179,-0.41221473404188946,0.5619315,0.000308401,-2.315710956038175,2.5463313185740084
phi1,phi2,0.775,0.395,0.395,0.775,4182415.0,-1.030768,-0.321692,-0.3770558297944918,-0.7056495743770139,-0.5999063088512457,0.4392468,0.0003120789,-2.437012892402162,1.9574117629903534
phi1,phi2,0.775,0.4,0.4,0.775,4182846.0,-1.37077,-0.1674522,-0.8698690775175857,-0.3678287373432095,-0.3286788827460698,0.5767019,0.0003147093,-2.41234420206932,2.6257331745316526
phi1,phi2,0.775,0.405,0.405,0.775,4183277.0,-1.374125,-0.1610241,-0.8761482799381725,-0.3635732846835598,-0.31651012341754414,0.5797965,0.0003150678,-2.425286381799342,2.6386091283180546
phi1,phi2,0.775,0.41000000000000003,0.41000000000000003,0.775,4183724.0,-1.366008,-0.1844848,-0.8555554116262746,-0.3714205416028009,-0.36065457007014057,0.5527293,0.0003116464,-2.370899532536773,2.5974190384916365
phi1,phi2,0.775,0.41500000000000004,0.41500000000000004,0.775,4184155.0,-1.395317,-0.191035,-0.8713336758858204,-0.3190085601903059,-0.3728420091575143,0.5703479,0.0003138158,-2.2785401540207273,2.628710078054584
phi1,phi2,0.775,0.42,0.42,0.775,4184603.0,-1.268586,-0.3002537,-0.6788762888441383,-0.46886336159032116,-0.5650611759831266,0.447581,0.0002961857,-2.263420154734177,2.317027461755361
phi1,phi2,0.775,0.425,0.425,0.775,4185052.0,-1.440242,-0.1926773,-0.8952553012867492,-0.2392202761423087,-0.3758877558532193,0.5846021,0.0003171147,-2.137561477448444,2.6798001981410424
phi1,phi2,0.775,0.43,0.43,0.775,4185483.0,-1.459513,-0.1804236,-0.9125206880217637,-0.20651801003577178,-0.35306699854723306,0.5868559,0.0003191483,-2.1000581417818873,2.720201227400966
phi1,phi2,0.775,0.435,0.435,0.775,4185932.0,-1.461977,-0.167497,-0.9221336378665929,-0.20392182998161965,-0.32876350340612753,0.5936523,0.0003221233,-2.1259863837313997,2.744356165693194
phi1,phi2,0.775,0.44,0.44,0.775,4186363.0,-1.487288,-0.1669608,-0.9316180134136081,-0.15705880825530338,-0.3277505268229271,0.6037504,0.0003223707,-2.0176677793777786,2.7696360225432306
phi1,phi2,0.775,0.445,0.445,0.775,4186812.0,-1.487626,-0.1555714,-0.9388443382295958,-0.15762445109817758,-0.30614676380819467,0.6014437,0.0003251419,-2.0462656033269995,2.790054981806287
phi1,phi2,0.775,0.45,0.45,0.775,4187244.0,-1.504356,-0.1638721,-0.9384245103012092,-0.12543762809908562,-0.3219081234184858,0.5984442,0.0003237951,-1.9423650981695095,2.7888377828207305
phi1,phi2,0.775,0.455,0.455,0.775,4187693.0,-1.429917,-0.1671353,-0.9074003711425019,-0.26265553372624767,-0.3280802295985384,0.5508033,0.0003211501,-2.2458928029905456,2.707852824317515
phi1,phi2,0.775,0.46,0.46,0.775,4188142.0,-1.531824,-0.1503849,-0.9522088642657625,-0.0743702600306415,-0.2962555370565779,0.6057337,0.0003275213,-1.816748080335155,2.8311841217957765
phi1,phi2,0.775,0.465,0.465,0.775,4188576.0,-1.541258,-0.1267214,-0.9663661295812749,-0.057156185221296785,-0.25073825812798395,0.6182514,0.0003325192,-1.7949183552224617,2.8814999029078736
phi1,phi2,0.775,0.47000000000000003,0.47000000000000003,0.775,4189009.0,-1.560878,-0.1432667,-0.959040679002401,-0.019026653410564705,-0.2826286653519208,0.6134897,0.0003291989,-1.6380152275991249,2.854392281571871
phi1,phi2,0.775,0.47500000000000003,0.47500000000000003,0.775,4189460.0,1.559091,-0.1435699,-0.9587950373872938,0.022450119961610737,-0.28321029005883114,0.612481,0.0003287233,-1.4916915994615214,2.8535263815083742
phi1,phi2,0.775,0.48,0.48,0.775,4189898.0,1.549627,-0.1297907,-0.9656313836221497,0.04090797892540979,-0.25667599853552914,0.6232772,0.0003310525,-1.4127496051620752,2.8786580312951657
phi1,phi2,0.775,0.485,0.485,0.775,4190332.0,1.533717,-0.118349,-0.9694457138205755,0.0720248710331702,-0.23449397840364686,0.6188879,0.0003335138,-1.2727926985343967,2.893757383359579
phi1,phi2,0.775,0.49,0.49,0.775,4190763.0,1.521453,-0.1260397,-0.9636840708180017,0.09541270055907493,-0.24941817941695632,0.6144446,0.0003310511,-1.2054307421457036,2.871267328051384
phi1,phi2,0.775,0.495,0.495,0.775,4191228.0,1.519105,-0.1392419,-0.9563398180105736,0.09922269675698227,-0.27489817921509624,0.6056782,0.0003287323,-1.22440579174498,2.845006627128255
phi1,phi2,0.775,0.5,0.5,0.775,4191658.0,1.507997,-0.1519728,-0.9466469682778038,0.11952675903078207,-0.29928727224197155,0.5947339,0.0003256786,-1.1908320152106153,2.81346364264826
phi1,phi2,0.775,0.505,0.505,0.775,4192109.0,1.460921,-0.1790643,-0.9140320138422854,0.20415601610448816,-0.3505221801252525,0.5832491,0.0003188656,-1.0433931874265463,2.723911488599005
phi1,phi2,0.775,0.51,0.51,0.775,4192559.0,1.418687,-0.1895562,-0.8863353197302298,0.27827795757578033,-0.3700960406788535,0.5657475,0.0003150545,-0.9260755890840544,2.6601662123213137
phi1,phi2,0.775,0.515,0.515,0.775,4192992.0,1.37256,-0.2022198,-0.8480101364586081,0.3550122516916455,-0.3935036335439362,0.5520371,0.000310384,-0.8367765077218428,2.583015664073638
phi1,phi2,0.775,0.52,0.52,0.775,4193426.0,1.187139,-0.3840059,-0.5177310965773879,0.49933693182140176,-0.69470651368471,0.5012553,0.0003200074,-0.947581217596718,2.114993140192885
phi1,phi2,0.775,0.525,0.525,0.775,4193866.0,1.295267,-0.2228073,-0.7687722980794686,0.47245882473177986,-0.431012543481832,0.5320308,0.0003045462,-0.7395558210305877,2.447715540845234
phi1,phi2,0.775,0.53,0.53,0.775,4194317.0,1.281073,-0.2233675,-0.754647637158986,0.4938247113814374,-0.4320232611323139,0.5210859,0.0003033427,-0.7187458547096135,2.425913248492755
phi1,phi2,0.775,0.535,0.535,0.775,4194732.0,1.214102,-0.2304436,-0.6772508282335736,0.5861186396425293,-0.44474290991597554,0.4841891,0.0002963341,-0.6491051228460822,2.314815958965726
phi1,phi2,0.775,0.54,0.54,0.775,4195178.0,1.258675,-0.1941877,-0.7509769458655733,0.5409538475584417,-0.37868530680518087,0.5285002,0.0003036845,-0.6107478164746456,2.4203366485243576
phi1,phi2,0.775,0.545,0.545,0.775,4195624.0,1.258064,-0.1718599,-0.7632719255551194,0.5512282695622246,-0.3369916356451831,0.5315034,0.0003048626,-0.5487209831619326,2.4391586971924535
phi1,phi2,0.775,0.55,0.55,0.775,4196070.0,1.25933,-0.1630871,-0.7693493836287996,0.5526587720859081,-0.3204212969614888,0.50056,0.0003039399,-0.5254202318234573,2.4486184002025264
phi1,phi2,0.775,0.555,0.555,0.775,4196517.0,1.246929,-0.160667,-0.7566350481120577,0.5724973342850543,-0.3158325603939067,0.5244609,0.0003040243,-0.5041284149903351,2.428947536119256
phi1,phi2,0.775,0.56,0.56,0.775,4196950.0,1.217704,-0.1468176,-0.728277746251488,0.6211599123182904,-0.2894337361877271,0.5236508,0.0003026373,-0.4360441492213152,2.3866017053936828
phi1,phi2,0.775,0.5650000000000001,0.5650000000000001,0.775,4197383.0,1.338938,-0.08952442,-0.8800980745111291,0.4401249973902822,-0.17809369981559464,0.266572,0.0003046543,-0.3845029354621392,2.6468650508566642
phi1,phi2,0.775,0.5700000000000001,0.5700000000000001,0.775,4197850.0,1.18532,-0.1113548,-0.699532993986075,0.6796091960827486,-0.22087311046082114,0.5169804,0.0003015913,-0.3142320610953431,2.345540093588263
phi1,phi2,0.775,0.5750000000000001,0.5750000000000001,0.775,4198284.0,1.173142,-0.09415154,-0.6876895674908488,0.7014571430850931,-0.18719224123651187,0.5160508,0.0003009202,-0.26078472821776,2.329098170439737
phi1,phi2,0.775,0.58,0.58,0.775,4198687.0,1.093947,0.004239499,-0.578649774252633,0.8155320637921992,0.008478896403022728,0.6064827,0.0003224937,0.010396391873290778,2.1878684948850102
phi1,phi2,0.775,0.585,0.585,0.775,4199155.0,1.097499,-0.08007849,-0.5769700388561396,0.8010454913760816,-0.15947317958953677,0.4970106,0.0002966747,-0.1965120407708052,2.185810426944872
phi1,phi2,0.775,0.59,0.59,0.775,4199538.0,1.064694,-0.07024051,-0.5247713758237069,0.8396484784293311,-0.14001941218060704,0.4978279,0.0002961538,-0.16523906033504865,2.123242840851826
phi1,phi2,0.775,0.595,0.595,0.775,4200045.0,1.011144,-0.06178707,-0.4329811224297711,0.8929358048225071,-0.12325987216218073,0.489004,0.0002942939,-0.13717201994382444,2.0185936897505954
phi1,phi2,0.775,0.6,0.6,0.775,4200499.0,0.9876702,-0.03920894,-0.3923901022359431,0.9164568938718872,-0.07833753469415919,0.4819678,0.0002927314,-0.0852714115243689,1.974024988968634
phi1,phi2,0.775,0.605,0.605,0.775,4200935.0,0.8192801,0.01662278,-0.06767460731427537,0.9971535926878962,0.033239436133602106,0.5877759,0.0002830092,0.03332198063417824,1.638522697480802
phi1,phi2,0.775,0.61,0.61,0.775,4201370.0,0.9802926,0.00901195,-0.3799314127675802,0.9248390648096099,0.018022924138907926,0.4688874,0.0002912134,0.019485166485034178,1.960518474955774
phi1,phi2,0.775,0.615,0.615,0.775,4201820.0,0.9847078,0.0289467,-0.38749595523369024,0.920053792857122,0.05786106572431957,0.4822812,0.0002930771,0.06280607342388711,1.9687101011902284
phi1,phi2,0.775,0.62,0.62,0.775,4202253.0,0.9964792,0.03507593,-0.4087258692571885,0.909961509105404,0.0700943346253569,0.4935655,0.0002940304,0.07687818405795799,1.9918538846739327
phi1,phi2,0.775,0.625,0.625,0.775,4202670.0,0.9941766,0.04435025,-0.40393418793687935,0.9104888826682238,0.08858423309677242,0.474768,0.0002929555,0.09698778395597119,1.9866097654895505
phi1,phi2,0.775,0.63,0.63,0.775,4203154.0,0.9934898,0.04103687,-0.402911634965942,0.9115597769990444,0.08198162822561994,0.4765051,0.0002933616,0.08969423984800828,1.985492237821469
phi1,phi2,0.775,0.635,0.635,0.775,4203588.0,0.9517808,0.07916323,-0.3225721871354036,0.9333213130060621,0.15766581993356138,0.466947,0.0002917597,0.1673498723566733,1.8992420090275144
phi1,phi2,0.775,0.64,0.64,0.775,4204039.0,0.933775,0.1191264,-0.28415705929808716,0.9292773204165813,0.2360051427626991,0.4732265,0.0002901955,0.24870817375959264,1.8589234576919604
phi1,phi2,0.775,0.645,0.645,0.775,4204474.0,0.9472376,0.1220794,-0.30862330824237677,0.9199529057897423,0.2417401595485127,0.4758343,0.0002914195,0.2569651122952621,1.8845416738794274
phi1,phi2,0.775,0.65,0.65,0.775,4204874.0,0.9541212,0.1198814,-0.3216075649169357,0.9166108878299623,0.23747221837462898,0.4833707,0.0002938079,0.25350271478192044,1.8982230875033295
phi1,phi2,0.775,0.655,0.655,0.775,4205375.0,0.9300118,0.1494312,-0.27256883137083826,0.9159777880763851,0.29443322488440155,0.4744432,0.0002900714,0.31100994971683793,1.846858277091178
phi1,phi2,0.775,0.66,0.66,0.775,4205775.0,0.9434242,0.2020541,-0.28578139151961424,0.8739128007608482,0.39319894827865826,0.4682751,0.000291276,0.4227951052481833,1.8606180537617696
phi1,phi2,0.775,0.665,0.665,0.775,4206226.0,0.7625566,0.2334185,0.040780675460523635,0.8920646488368121,0.4500639941215455,0.5007795,0.000275795,0.4672566541210168,1.5300043393912945
phi1,phi2,0.775,0.67,0.67,0.775,4206692.0,0.8904428,0.281063,-0.17645677849217858,0.8275195776904479,0.5329862604825614,0.4961429,0.0002859685,0.572200092107602,1.7481819013228612
phi1,phi2,0.775,0.675,0.675,0.775,4207142.0,0.9890618,0.3054513,-0.3245040757637256,0.7521117386323296,0.5736070409471841,0.4741026,0.0002885731,0.6515556583547046,1.9012837107659881
phi1,phi2,0.775,0.68,0.68,0.775,4207575.0,1.05544,0.3105983,-0.4181448046943958,0.6974387968941761,0.5820086312881363,0.4840828,0.0002899977,0.6954229871745352,2.002198373474698
phi1,phi2,0.775,0.685,0.685,0.775,4208008.0,1.096383,0.3454843,-0.4489971113659557,0.6263152632508174,0.6372839124001851,0.4523581,0.0002910129,0.7940784267867449,2.0364389635103417
phi1,phi2,0.775,0.6900000000000001,0.6900000000000001,0.775,4208442.0,1.126276,0.2941913,-0.5241896335816196,0.6458963530579134,0.5550163323291077,0.4960159,0.0002932284,0.7098663359519963,2.122559581605442
phi1,phi2,0.775,0.6950000000000001,0.6950000000000001,0.775,4208893.0,1.288247,0.4735391,-0.49325723471113203,0.31276214720067247,0.8117124735296065,0.4175083,0.0003030592,1.2030162284612453,2.0866265710253686
phi1,phi2,0.775,0.7000000000000001,0.7000000000000001,0.775,4209326.0,1.133811,0.3303069,-0.5067647979234395,0.6055431237595665,0.613601633678661,0.4899489,0.0002923296,0.7920080368432996,2.1022241923281233
phi1,phi2,0.775,0.705,0.705,0.775,4209776.0,1.114183,0.3468065,-0.4699730827673949,0.6086015409711787,0.6393195334115939,0.4916748,0.0002917225,0.8100085263164858,2.060056609693739
phi1,phi2,0.775,0.71,0.71,0.775,4210209.0,1.090013,0.3742295,-0.4192992157990986,0.6009107569571682,0.6805104185855085,0.4872599,0.0002904278,0.847436715867115,2.0034695912329075
phi1,phi2,0.775,0.715,0.715,0.775,4210658.0,1.139423,0.3881569,-0.4640279424943269,0.5419980924272696,0.7006540775515994,0.4930053,0.0002913347,0.9123864235936932,2.0533332696021693
phi1,phi2,0.775,0.72,0.72,0.775,4211108.0,1.187028,0.3865664,-0.5150533288453623,0.4969750514388316,0.6983808894096988,0.4901214,0.0002923479,0.952320625266907,2.111866190758653
phi1,phi2,0.775,0.725,0.725,0.775,4211540.0,1.197936,0.378049,-0.5344345718359187,0.49362241161762455,0.6860878975578557,0.4955112,0.0002938104,0.9471197702020291,2.134634952708593
phi1,phi2,0.775,0.73,0.73,0.775,4211990.0,1.224549,0.3731858,-0.5650483376913984,0.46872947920724706,0.6789794189769601,0.504704,0.0002949627,0.9665802285642586,2.17128816623646
phi1,phi2,0.775,0.735,0.735,0.775,4212390.0,1.226332,0.391734,-0.5468877205436634,0.4503820375215753,0.7057406332332511,0.4972741,0.0002945895,1.0027829207430496,2.149438571661945
phi1,phi2,0.775,0.74,0.74,0.775,4212873.0,1.240897,0.4083774,-0.5409055396312916,0.41962496421247325,0.7289280393878821,0.497256,0.0002939215,1.048455620217057,2.1423096987701773
phi1,phi2,0.775,0.745,0.745,0.775,4213323.0,1.264342,0.4464495,-0.5130005210226042,0.3607713042071812,0.7788931451047609,0.4967444,0.0002928704,1.1370323469848183,2.1094730094296437
phi1,phi2,0.775,0.75,0.75,0.775,4213743.0,1.297216,0.4542668,-0.5251301874485308,0.3199121147681649,0.7886028943992226,0.498053,0.0002933479,1.1854120543002677,2.12366441046029
phi1,phi2,0.775,0.755,0.755,0.775,4214195.0,1.310353,0.4625697,-0.5219216840855481,0.2994472171566452,0.7987046511811774,0.4944104,0.0002926902,1.212099231969539,2.119898599741095
phi1,phi2,0.775,0.76,0.76,0.775,4214634.0,1.309869,0.4733619,-0.5065663205925605,0.2912893674410391,0.8115054326725819,0.5003749,0.0002939444,1.2261711438065488,2.1019939783102015
phi1,phi2,0.775,0.765,0.765,0.775,4215087.0,1.363542,0.4952692,-0.5018116136616776,0.22079817556897788,0.836321272035857,0.4937484,0.0002924902,1.3126747480530678,2.096488239942284
phi1,phi2,0.775,0.77,0.77,0.775,4215521.0,1.40238,0.4909298,-0.5242628196420951,0.1835848750701981,0.831531773046815,0.5019626,0.0002932453,1.3535029667798328,2.1226455231998056
phi1,phi2,0.775,0.775,0.775,0.775,4215972.0,1.455585,0.4955513,-0.5332901980182204,0.12510413760101208,0.8366304557286893,0.5017118,0.0002940022,1.4223628118742608,2.133281579072356
