condition,phi1_index,phi1_direction,phi1_rp_v,phi2_direction,phi2_rp_v,rp_out1_v,rp_out2_v,pd_mean_v,pd_std_v,pd_min_v,pd_max_v,pd_sample_count,pax_timestamp,theta,eta,s1,s2,s3,dop,pax_ptotal,u,v
both_paths,0,forward,0.0,forward,0.0,0.0,0.0,0.0948934555053711,0.0016129660928333425,0.0911865234375,0.104248046875,16384,2780967.0,0.8143803,0.6027926,-0.02069014706220501,0.3565466924574829,0.9340483787856887,0.828732,0.000380046,1.2061455739888949,1.591487950322103
both_paths,0,forward,0.0,forward,0.01,0.0,0.01,0.10059762746095657,0.002715929292217118,0.0933837890625,0.108154296875,16384,2781463.0,1.203002,0.6422811,-0.20933817898579116,0.18945789823828774,0.9593139379859147,0.7982213,0.0004012261,1.3758123908822535,1.7816944204170049
both_paths,0,forward,0.0,forward,0.02,0.0,0.02,0.12458072602748871,0.004405121505958843,0.1138916015625,0.1341552734375,16384,2781910.0,1.344932,0.5491521,-0.40945677038918704,0.19866386813172054,0.8904368706884273,0.8048681,0.0004043578,1.3512831470627074,1.992654878001812
both_paths,0,forward,0.0,forward,0.03,0.0,0.03,0.15497767180204391,0.009727327992582338,0.1358642578125,0.1749267578125,16384,2782385.0,1.258009,0.4225922,-0.5379265217402521,0.3885758422428619,0.7480934915060312,0.8618032,0.0003980329,1.0917325123332562,2.1387718341898103
both_paths,0,forward,0.0,forward,0.04,0.0,0.04,0.1982540711760521,0.014831710490123865,0.1693115234375,0.2244873046875,16384,2782861.0,1.291804,0.2933341,-0.7064754578108944,0.4409435231623585,0.5535894118315973,0.8462608,0.0003568944,0.8981826154072508,2.3553020622076217
both_paths,0,forward,0.0,forward,0.05,0.0,0.05,0.22955536842346191,0.012332347926153783,0.2052001953125,0.2503662109375,16384,2783337.0,1.282345,0.2717372,-0.7173921785846469,0.46684334101697933,0.517112905518397,0.8603776,0.0003192831,0.8364430108634813,2.370848125704014
both_paths,0,forward,0.0,forward,0.06,0.0,0.06,0.27409303933382034,0.006479387242069786,0.26123046875,0.2890625,16384,2783802.0,1.306199,0.1693897,-0.8141497192172708,0.4761438223891981,0.33233611765657245,0.857806,0.0002396019,0.6093650926959562,2.52205966718409
both_paths,0,forward,0.0,forward,0.07,0.0,0.07,0.3183121979236603,0.008720775533223946,0.2974853515625,0.3389892578125,16384,2784278.0,1.333006,0.03518053,-0.886827280665021,0.45672186268359766,0.07030301853483259,0.8880394,0.000194054,0.15273085461758384,2.6612297448295563
both_paths,0,forward,0.0,forward,0.08,0.0,0.08,0.3415141627192497,0.003982443138731345,0.3326416015625,0.349853515625,16384,2784741.0,1.453517,-0.02766476,-0.9711286274369153,0.2320580872984373,-0.05530129376319969,0.773104,0.0001585606,-0.23394449885362256,2.9007135211865456
both_paths,0,forward,0.0,forward,0.09,0.0,0.09,0.35319188982248306,0.0019242357537376034,0.344970703125,0.358154296875,16384,2785216.0,-1.562413,-0.2254519,-0.8999271039146142,-0.015090180087762778,-0.4357791804397888,0.5347218,0.0001145273,-1.6054105386453763,2.690398635566444
both_paths,0,forward,0.0,forward,0.1,0.0,0.1,0.3461491987109184,0.003522256396316389,0.3375244140625,0.3536376953125,16384,2785679.0,-0.3854268,-0.3880093,0.5119542530299184,-0.4972744273464599,-0.7004434214922921,0.402277,9.094692e-05,-2.188163868668833,1.0333380757991346
both_paths,0,forward,0.0,forward,0.11,0.0,0.11,0.32082171738147736,0.005813892742247921,0.3082275390625,0.33349609375,16384,2786179.0,-0.02803893,-0.03365234,0.9961675027859686,-0.05592157339998519,-0.06725387737251474,1.624065,7.264658e-05,-2.264451434417591,0.08757793928602765
both_paths,0,forward,0.0,forward,0.12,0.0,0.12,0.28553417325019836,0.007986750138091785,0.268798828125,0.30126953125,16384,2786654.0,0.09397064,0.08651032,0.9677231102138975,0.18404720720899215,0.1721586694782203,1.736946,9.275758e-05,0.7520350799788393,0.25476276374362555
both_paths,0,forward,0.0,forward,0.13,0.0,0.13,0.23479674011468887,0.006423553385126631,0.2166748046875,0.2479248046875,16384,2787119.0,0.1061934,0.270361,0.8380733785330526,0.18072126402251248,0.5147551232618283,1.102127,0.000162842,1.233157902878463,0.5770542158758796
both_paths,0,forward,0.0,forward,0.14,0.0,0.14,0.1802745908498764,0.008742715402177095,0.1627197265625,0.200927734375,16384,2787605.0,0.1953989,0.3209422,0.7405802845747815,0.30511005881099645,0.598705849404769,1.03033,0.0002083492,1.0994855723050119,0.7368628189170323
both_paths,0,forward,0.0,forward,0.15,0.0,0.15,0.13108156621456146,0.006034959302096766,0.1180419921875,0.1441650390625,16384,2788058.0,0.460613,0.4139115,0.4091654527914242,0.5387111316403711,0.7364604190917116,0.9282132,0.0002904177,0.9392492800203085,1.1492570645347733
both_paths,0,forward,0.0,forward,0.16,0.0,0.16,0.10168427228927612,0.0036108195126179164,0.0928955078125,0.1097412109375,16384,2788535.0,0.6747992,0.2287602,0.1968335040180266,0.8752917747138221,0.44172489268130805,0.9901966,0.0003364936,0.467368788391866,1.3726691377682696
both_paths,0,forward,0.0,forward,0.17,0.0,0.17,0.0943758636713028,0.0015282211891426583,0.0906982421875,0.0994873046875,16384,2789011.0,0.8320487,0.178908,-0.08726501550206667,0.9325900424005865,0.3502293960887582,0.9627582,0.0003862743,0.3592482693878165,1.658172480079745
both_paths,0,forward,0.0,forward,0.18,0.0,0.18,0.10983140766620636,0.004202256225427944,0.1011962890625,0.1214599609375,16384,2789487.0,0.872134,0.02378141,-0.17240775460422292,0.983877558273425,0.047544889086559024,0.9414134,0.0003856779,0.04828642688997409,1.7440698329128292
both_paths,0,forward,0.0,forward,0.19,0.0,0.19,0.15547049045562744,0.009295960057675155,0.135986328125,0.178955078125,16384,2789988.0,1.032217,0.03033245,-0.47296076710511825,0.878995105316522,0.06062769671474093,0.9460832,0.0003882916,0.0688648054478116,2.063444456459818
both_paths,0,forward,0.0,forward,0.2,0.0,0.2,0.2174554392695427,0.006124083406713648,0.199951171875,0.22802734375,16384,2790465.0,1.231079,0.2059043,-0.712892046911528,0.5758219812266495,0.40026737986814265,0.8718578,0.0003443206,0.6074456292105959,2.364409930396041
both_paths,1,forward,0.04518518518518518,forward,0.0,0.04518518518518518,0.0,0.20842568576335907,0.005677019138981136,0.18603515625,0.219970703125,16384,2790942.0,1.170308,0.1431987,-0.6676559409682783,0.6887890150301323,0.28249820754047816,0.8973888,0.0003432405,0.389214941488385,2.3018520229103223
both_paths,1,forward,0.04518518518518518,forward,0.01,0.04518518518518518,0.01,0.23313871026039124,0.013021330502390849,0.2158203125,0.2662353515625,16384,2791417.0,1.19767,0.1574811,-0.698119488870115,0.6454960897891576,0.3097805309031494,0.9698108,0.0003170892,0.44744745832675425,2.3435639676764692
both_paths,1,forward,0.04518518518518518,forward,0.02,0.04518518518518518,0.02,0.2591226100921631,0.0069409237637884655,0.24658203125,0.274169921875,16384,2791881.0,1.190022,0.130907,-0.6991036992154686,0.6665278788993992,0.2588331593770697,0.923935,0.0002509355,0.37040623406531914,2.344939521996297
both_paths,1,forward,0.04518518518518518,forward,0.03,0.04518518518518518,0.03,0.3134343922138214,0.007891179079196481,0.2928466796875,0.3231201171875,16384,2792331.0,1.440739,0.06220284,-0.9588920651759588,0.25520366974000075,0.12408502848378321,0.8396706,0.0002025495,0.4525626455925389,2.8538681070067993
both_paths,1,forward,0.04518518518518518,forward,0.04,0.04518518518518518,0.04,0.3335902988910675,0.006616753522660905,0.317138671875,0.34619140625,16384,2792811.0,1.380912,0.01584207,-0.9282842816589937,0.37051955897162475,0.03167883906204166,0.8295582,0.0001726697,0.08529100428639458,2.7605685338291757
both_paths,1,forward,0.04518518518518518,forward,0.05,0.04518518518518518,0.05,0.3519985303282738,0.0036241492623077082,0.3428955078125,0.3616943359375,16384,2793301.0,1.545913,-0.05470158,-0.9927907387445335,0.049448703051874876,-0.10918504856238835,0.6922785,0.0001307113,-1.14554253854253,3.021443245032287
both_paths,1,forward,0.04518518518518518,forward,0.06,0.04518518518518518,0.06,0.35717596113681793,0.0010047847347894026,0.353759765625,0.3607177734375,16384,2793777.0,-1.408943,-0.1857751,-0.8833724534951455,-0.2963786998041648,-0.36306029073469276,0.5287223,0.0001102074,-2.2554183708687656,2.6538062109061547
both_paths,1,forward,0.04518518518518518,forward,0.07,0.04518518518518518,0.07,0.3488224968314171,0.0019477065957344524,0.34375,0.35498046875,16384,2794228.0,-0.07684071,-0.4517018,0.611645556779775,-0.0947456349282024,-0.7854380800124291,0.56162,8.151489e-05,-1.6908440537519787,0.9126574011055512
both_paths,1,forward,0.04518518518518518,forward,0.08,0.04518518518518518,0.08,0.3329886794090271,0.005540447376255985,0.3184814453125,0.3414306640625,16384,2794717.0,-0.1463343,-0.2479273,0.8421611208802977,-0.2537611250453875,-0.4757834989712651,0.7670977,8.55748e-05,-2.0607698946200457,0.5695177387412905
both_paths,1,forward,0.04518518518518518,forward,0.09,0.04518518518518518,0.09,0.3092849776148796,0.009880378856497948,0.2869873046875,0.3265380859375,16384,2795193.0,-0.07313828,0.00199118,0.9893128015121683,-0.14575431951339635,0.003982349473840256,0.6239585,0.0001094083,3.114277106608861,0.14633037252277914
both_paths,1,forward,0.04518518518518518,forward,0.1,0.04518518518518518,0.1,0.2776743322610855,0.010443038512582062,0.2579345703125,0.296142578125,16384,2795643.0,-0.06784223,0.06186749,0.9832338358819567,-0.13423432842882832,0.1234194840700399,2.290503,8.163423e-05,2.3981441885263477,0.1833751642507252
both_paths,1,forward,0.04518518518518518,forward,0.11,0.04518518518518518,0.11,0.2407270148396492,0.011525316876939591,0.2197265625,0.266357421875,16384,2796131.0,-0.08580364,0.1702912,0.9287155525699214,-0.1609574759716261,0.33403609586927707,1.967806,0.0001127103,2.0198240967285077,0.3798627044057364
both_paths,1,forward,0.04518518518518518,forward,0.12,0.04518518518518518,0.12,0.19635902345180511,0.013454249345356372,0.170166015625,0.218505859375,16384,2796606.0,0.01937228,0.3507123,0.7633503521473426,0.029590481496081407,0.6453066273341366,1.153605,0.0001898796,1.524973509139146,0.7023125588366111
both_paths,1,forward,0.04518518518518518,forward,0.13,0.04518518518518518,0.13,0.15334337204694748,0.010356184297927762,0.13134765625,0.172119140625,16384,2797081.0,0.03032973,0.4519311,0.6174422691916017,0.03749972019981717,0.7857218434029062,1.053593,0.0002412213,1.5231060571500876,0.9053093507227625
both_paths,1,forward,0.04518518518518518,forward,0.14,0.04518518518518518,0.14,0.12772610783576965,0.008598729844572708,0.1092529296875,0.1470947265625,16384,2797557.0,0.2142746,0.5500496,0.41249682269626187,0.18845587172150055,0.8912523524115816,0.8891546,0.0002957511,1.3624151791218626,1.1456030873135197
both_paths,1,forward,0.04518518518518518,forward,0.15,0.04518518518518518,0.15,0.10503923892974854,0.003428852201937535,0.096435546875,0.11328125,16384,2798031.0,0.2348726,0.664537,0.21344698390216288,0.10835537797254079,0.9709271327589407,0.867121,0.000337805,1.4596562963397668,1.3556944239138606
both_paths,1,forward,0.04518518518518518,forward,0.16,0.04518518518518518,0.16,0.09866433590650558,0.0009045490982292232,0.095947265625,0.102783203125,16384,2798507.0,0.8128811,0.6797531,-0.01152172221419313,0.20940477939365257,0.9777611611658108,0.8245796,0.0003804884,1.3598159073523473,1.582318303942582
both_paths,1,forward,0.04518518518518518,forward,0.17,0.04518518518518518,0.17,0.10590705275535583,0.0019005471997527972,0.1007080078125,0.1116943359375,16384,2798982.0,1.155241,0.6190297,-0.22016754678307338,0.2412759846927239,0.9451519192987335,0.8017999,0.0004105451,1.3208568399650957,1.7927825554167551
both_paths,1,forward,0.04518518518518518,forward,0.18,0.04518518518518518,0.18,0.12168049067258835,0.005016246951912901,0.109375,0.132080078125,16384,2799461.0,1.314935,0.5675663,-0.36795340747071764,0.2066509274714593,0.9065901411916377,0.7998822,0.0004103508,1.3466824129892423,1.9476033805805315
both_paths,1,forward,0.04518518518518518,forward,0.19,0.04518518518518518,0.19,0.15618722140789032,0.0021568981659182748,0.1475830078125,0.1612548828125,16384,2799948.0,1.469933,0.4783599,-0.5645197914803438,0.11544896640356371,0.8173059042875794,0.819425,0.0003993697,1.4304692182498275,2.170647689470166
both_paths,1,forward,0.04518518518518518,forward,0.2,0.04518518518518518,0.2,0.20188837498426437,0.009861343563224547,0.1846923828125,0.224853515625,16384,2800403.0,1.539056,0.4103862,-0.6802832610123436,0.04324292833518964,0.7316725592335749,0.8259204,0.0003765522,1.5117635202626047,2.318945359576535
both_paths,2,forward,0.09037037037037036,forward,0.0,0.09037037037037036,0.0,0.22318270057439804,0.005835100483370613,0.2117919921875,0.2373046875,16384,2800873.0,-1.419213,0.3381263,-0.7443558717013627,-0.23284146191740804,0.6258747397649699,0.8596822,0.0003375454,1.9269568083147952,2.410366071590796
both_paths,2,forward,0.09037037037037036,forward,0.01,0.09037037037037036,0.01,0.2402409091591835,0.007868152267549522,0.2249755859375,0.25732421875,16384,2801345.0,-1.526428,0.3347435,-0.7810549181725123,-0.06949068991159806,0.6205838048274708,0.8218697,0.0002964629,1.682308122889058,2.4671496861929088
both_paths,2,forward,0.09037037037037036,forward,0.02,0.09037037037037036,0.02,0.21979986876249313,0.008017150503465785,0.206787109375,0.23583984375,16384,2801819.0,1.489791,0.3401799,-0.7671670417039974,0.12538819851982702,0.6290727539761117,0.8662322,0.000341554,1.3740525317672088,2.4452092283268727
both_paths,2,forward,0.09037037037037036,forward,0.03,0.09037037037037036,0.03,0.2762889862060547,0.006630700351368287,0.26123046875,0.290771484375,16384,2802295.0,1.524788,0.2479924,-0.8757797048454543,0.08081453386557816,0.4758980139661211,0.8196329,0.000251889,1.402586157271779,2.6378450463336955
both_paths,2,forward,0.09037037037037036,forward,0.04,0.09037037037037036,0.04,0.3293457254767418,0.004631714579574198,0.3197021484375,0.3392333984375,16384,2802783.0,1.503679,0.07911732,-0.9786234344909357,0.1321599269476842,0.1575751477053033,0.8331277,0.0001979115,0.872893036101523,2.9344542349004783
both_paths,2,forward,0.09037037037037036,forward,0.05,0.09037037037037036,0.05,0.347779743373394,0.0019629899811153657,0.342529296875,0.353271484375,16384,2803246.0,1.391912,-0.1124488,-0.9130920643263873,0.3413663197637172,-0.22300654204563616,0.6835053,0.0001326355,-0.5786750045024487,2.7216003150509622
both_paths,2,forward,0.09037037037037036,forward,0.06,0.09037037037037036,0.06,0.34884268790483475,0.002165357397308606,0.3411865234375,0.353271484375,16384,2803746.0,1.377027,-0.5591727,-0.4047514311361136,0.16521167667934192,-0.89937833022709,0.4211044,9.869742e-05,-1.3891262663129957,1.9875033107927071
both_paths,2,forward,0.09037037037037036,forward,0.07,0.09037037037037036,0.07,0.34229665994644165,0.005082805555782186,0.332275390625,0.3514404296875,16384,2804197.0,-0.441428,-0.4579634,0.3867183257948618,-0.47052934379441497,-0.7931274003102001,0.5533281,9.175894e-05,-2.1062438830809866,1.1737259365371997
both_paths,2,forward,0.09037037037037036,forward,0.08,0.09037037037037036,0.08,0.32203830778598785,0.005960364135534604,0.3062744140625,0.3350830078125,16384,2804685.0,-0.1575366,-0.1054804,0.9296952113586551,-0.3030159487966795,-0.2093994955859108,1.258268,8.003651e-05,-2.536897966458229,0.3772118368856354
both_paths,2,forward,0.09037037037037036,forward,0.09,0.09037037037037036,0.09,0.3034556955099106,0.00838816043159958,0.2840576171875,0.31787109375,16384,2805160.0,-0.1087345,0.006504833,0.9763640308166459,-0.21574067179487616,0.013009299019054493,1.792819,8.007637e-05,3.081364949507492,0.21785164853153297
both_paths,2,forward,0.09037037037037036,forward,0.1,0.09037037037037036,0.1,0.2726081609725952,0.00876148210553319,0.251953125,0.28564453125,16384,2805636.0,-0.1510185,0.1363495,0.9194527586524153,-0.2864735082613168,0.2693316796645296,1.418002,0.0001127022,2.3870261502787136,0.40410987577157115
both_paths,2,forward,0.09037037037037036,forward,0.11,0.09037037037037036,0.11,0.2418774887919426,0.0046695083360389425,0.2293701171875,0.2515869140625,16384,2806124.0,-0.1739039,0.171114,0.8856038297140635,-0.3210722817338499,0.33558672008588675,1.770974,0.0001242014,2.334094625171386,0.4830038027373762
both_paths,2,forward,0.09037037037037036,forward,0.12,0.09037037037037036,0.12,0.1955428421497345,0.0068680838570565755,0.1832275390625,0.212890625,16384,2806574.0,-0.1627598,0.3835375,0.6821357166877416,-0.2302388466347502,0.6940323749791512,0.9758878,0.0002058265,1.8911129058337632,0.8201169205013163
both_paths,2,forward,0.09037037037037036,forward,0.13,0.09037037037037036,0.13,0.16245593130588531,0.00980635264184576,0.1466064453125,0.184814453125,16384,2807049.0,-0.1079231,0.3975964,0.6839005631712902,-0.1499533577854022,0.7139986065692813,1.153712,0.0002169451,1.777806831693077,0.8177006491008452
both_paths,2,forward,0.09037037037037036,forward,0.14,0.09037037037037036,0.14,0.11990821361541748,0.006417090032654521,0.1065673828125,0.132568359375,16384,2807524.0,-0.3139783,0.5696932,0.33838097861556904,-0.2456611025869252,0.9083770890918298,0.915913,0.0003122311,1.834917811632832,1.2256004786782941
both_paths,2,forward,0.09037037037037036,forward,0.15,0.09037037037037036,0.15,0.10175329446792603,0.003803799440293007,0.095703125,0.113037109375,16384,2808000.0,0.3148681,0.7155463,0.11253925341861404,0.08200856586344797,0.9902572956383616,0.830682,0.0003637076,1.4881694664314153,1.4580181560223169
both_paths,2,forward,0.09037037037037036,forward,0.16,0.09037037037037036,0.16,0.09817124903202057,0.0009717277361713933,0.09521484375,0.1024169921875,16384,2808474.0,0.943033,0.7021504,-0.05138755777252353,0.1575591234050062,0.9861716085641594,0.8130578,0.0003889919,1.4123668291284517,1.6222065278436166
both_paths,2,forward,0.09037037037037036,forward,0.17,0.09037037037037036,0.17,0.09885750710964203,0.0010474653634758694,0.0955810546875,0.10400390625,16384,2808950.0,-1.180944,0.7196313,-0.09326694306606341,-0.09221091167020476,0.9913619042005101,0.8145151,0.0003958132,1.663543846103578,1.6641990191275389
both_paths,2,forward,0.09037037037037036,forward,0.18,0.09037037037037036,0.18,0.1194801777601242,0.00694500555207283,0.1068115234375,0.13525390625,16384,2809425.0,-1.512021,0.5605985,-0.4316054523523312,-0.05097049231783243,0.9006213091042302,0.8150258,0.0004330362,1.6273308292726592,2.017068104894049
both_paths,2,forward,0.09037037037037036,forward,0.19,0.09037037037037036,0.19,0.1692572608590126,0.005951757676361645,0.1578369140625,0.1820068359375,16384,2809901.0,1.558487,0.4514906,-0.6190843011445507,0.015244101782638424,0.7851765695926005,0.8330196,0.0004012207,1.5513838946750864,2.2383724800459586
both_paths,2,forward,0.09037037037037036,forward,0.2,0.09037037037037036,0.2,0.2106161043047905,0.010591448254163853,0.190673828125,0.234619140625,16384,2810376.0,1.390341,0.3671729,-0.6944490655407185,0.2621148571169659,0.6701017064954956,0.838776,0.0003301667,1.1979365436049543,2.3384502704587797
both_paths,3,forward,0.13555555555555554,forward,0.0,0.13555555555555554,0.0,0.24336469918489456,0.0062987912352917615,0.2333984375,0.256591796875,16384,2810851.0,-1.41869,0.3162252,-0.769545717334084,-0.2416050786429137,0.5911229778199469,0.8318183,0.000285978,1.9587991465349353,2.4489257912073814
both_paths,3,forward,0.13555555555555554,forward,0.01,0.13555555555555554,0.01,0.27248792350292206,0.01336399078713724,0.24365234375,0.298095703125,16384,2811326.0,-1.468496,0.2209453,-0.8850904666954678,-0.18366002559551486,0.42764922630942975,0.8300407,0.0002481116,1.9764420928063249,2.6574846788088724
both_paths,3,forward,0.13555555555555554,forward,0.02,0.13555555555555554,0.02,0.3017422556877136,0.006000033598338524,0.28857421875,0.315673828125,16384,2811814.0,-1.527874,0.1415274,-0.9566708884376749,-0.08232741236590806,0.2792901867037284,0.8710454,0.0002292435,1.8574515157587763,2.8461415405700237
both_paths,3,forward,0.13555555555555554,forward,0.03,0.13555555555555554,0.03,0.32768140733242035,0.007584139488841318,0.3096923828125,0.34130859375,16384,2812291.0,1.457727,0.06384509,-0.9666053968144475,0.22239075444800074,0.12734346934662044,0.8168024,0.0001750443,0.5200372903682218,2.8824319199237625
both_paths,3,forward,0.13555555555555554,forward,0.04,0.13555555555555554,0.04,0.34124212712049484,0.0037335660793407425,0.33251953125,0.350341796875,16384,2812730.0,1.501429,0.0008787788,-0.9903902441626143,0.13828982342161128,0.0017575566951483486,0.7399997,0.0001607129,0.012708542330746031,3.002846939163894
both_paths,3,forward,0.13555555555555554,forward,0.05,0.13555555555555554,0.05,0.3503028154373169,0.0008930991866097388,0.3472900390625,0.353759765625,16384,2813230.0,1.332132,-0.1895457,-0.8251624588098796,0.4267906714429611,-0.3700765317337755,0.6122515,0.0001167427,-0.7143465876956752,2.5412860572578606
both_paths,3,forward,0.13555555555555554,forward,0.06,0.13555555555555554,0.06,0.34666040539741516,0.002884388120084687,0.3402099609375,0.353515625,16384,2813706.0,0.9421296,-0.3768539,-0.2248387582479191,0.6936257514931423,-0.684347024290387,0.5336336,9.988758e-05,-0.7786646581115626,1.7975738811425643
both_paths,3,forward,0.13555555555555554,forward,0.07,0.13555555555555554,0.07,0.33455440402030945,0.002634658213908696,0.32861328125,0.3419189453125,16384,2814196.0,0.04095835,-0.2172103,0.9040722323289262,0.07422471264838088,-0.420884890158886,1.137281,7.282954e-05,-1.3962372461700279,0.4415924422745456
both_paths,3,forward,0.13555555555555554,forward,0.08,0.13555555555555554,0.08,0.3153243660926819,0.004687895651681264,0.3045654296875,0.325439453125,16384,2814647.0,-0.03305851,-0.1161601,0.9710085858451629,-0.06429390749363835,-0.23023600863934482,1.802052,6.944386e-05,-1.8431114427281725,0.24138181798804476
both_paths,3,forward,0.13555555555555554,forward,0.09,0.13555555555555554,0.09,0.2850024625658989,0.004745661147074791,0.2720947265625,0.2960205078125,16384,2815133.0,-0.2349917,0.05965755,0.8852370531789755,-0.44965174740016245,0.11903220462960491,1.123905,0.0001171271,2.8828077494914854,0.4837929244613678
both_paths,3,forward,0.13555555555555554,forward,0.1,0.13555555555555554,0.1,0.24433914572000504,0.012089806257388197,0.2174072265625,0.2666015625,16384,2815623.0,-0.1317228,0.2522259,0.8452355411851534,-0.22797217789093988,0.48332759700342215,0.9689512,0.000151874,2.0115259552637497,0.5637905500373119
both_paths,3,forward,0.13555555555555554,forward,0.11,0.13555555555555554,0.11,0.19914676249027252,0.008566166453288686,0.1824951171875,0.2144775390625,16384,2816094.0,-0.1462928,0.2630541,0.8280164648929554,-0.2494240748406461,0.5021716486979934,1.524141,0.0001615704,2.0317931320614413,0.5952355199240837
both_paths,3,forward,0.13555555555555554,forward,0.12,0.13555555555555554,0.12,0.14672791212797165,0.006975841033922566,0.134765625,0.1605224609375,16384,2816544.0,-0.4149587,0.3729391,0.49573576595031227,-0.5419639081120522,0.678617103130748,1.102017,0.000256439,2.244701282670828,1.0521145052397662
both_paths,3,forward,0.13555555555555554,forward,0.13,0.13555555555555554,0.13,0.11733073741197586,0.004451267323960363,0.1082763671875,0.1297607421875,16384,2817021.0,-0.5131604,0.3467717,0.39831114552392904,-0.6577896284239256,0.6392660135572117,1.096694,0.0002854011,2.3704747994509354,1.1611214327057544
both_paths,3,forward,0.13555555555555554,forward,0.14,0.13555555555555554,0.14,0.103146031498909,0.0029025286461264867,0.097412109375,0.1124267578125,16384,2817474.0,-0.5538579,0.5227369,0.22401967146604596,-0.4486752520730849,0.8651622419947593,0.9369728,0.0003338928,2.0492148972720567,1.3448593008044825
both_paths,3,forward,0.13555555555555554,forward,0.15,0.13555555555555554,0.15,0.0974777489900589,0.0007409482914693326,0.094970703125,0.1007080078125,16384,2817952.0,-0.7916398,0.530463,-0.006092478905550281,-0.48802604366813307,0.8728078038161752,0.8761288,0.000380535,2.080633462246073,1.5768888433914856
both_paths,3,forward,0.13555555555555554,forward,0.16,0.13555555555555554,0.16,0.11310574412345886,0.0036705935194342528,0.10693359375,0.125732421875,16384,2818430.0,-1.085373,0.4934188,-0.3112819767673766,-0.4550487441741369,0.8342866242277502,0.8364511,0.0004117928,2.0701276329559235,1.8873380599784622
both_paths,3,forward,0.13555555555555554,forward,0.17,0.13555555555555554,0.17,0.1381268948316574,0.007208538284790769,0.125,0.1561279296875,16384,2818883.0,1.428738,0.5537343,-0.4290099774091767,0.1252780704308634,0.8945702009079541,0.8086275,0.0003954535,1.431658457979311,2.0141928113948753
both_paths,3,forward,0.13555555555555554,forward,0.18,0.13555555555555554,0.18,0.1633346527814865,0.010474667646587566,0.1468505859375,0.1900634765625,16384,2819360.0,-1.52695,0.5085768,-0.5237689031848856,-0.04604878395261121,0.8506148632330544,0.8022022,0.0003705885,1.6248794141252825,2.1220656106249502
both_paths,3,forward,0.13555555555555554,forward,0.19,0.13555555555555554,0.19,0.20630256086587906,0.008770078909154941,0.188720703125,0.225341796875,16384,2819838.0,-1.473516,0.4107078,-0.6683333863313885,-0.13169733956740867,0.7321108491654018,0.8184983,0.0003384427,1.7487799616486042,2.3027623646696713
both_paths,3,forward,0.13555555555555554,forward,0.2,0.13555555555555554,0.2,0.2408808395266533,0.008344170097492914,0.222412109375,0.2569580078125,16384,2820292.0,1.564343,0.3144851,-0.8085664301621459,0.010436466332999507,0.5883123389708257,0.8549788,0.0003170624,1.5530585180197463,2.512507981122832
both_paths,4,forward,0.18074074074074073,forward,0.0,0.18074074074074073,0.0,0.2566324695944786,0.01312895234111913,0.2271728515625,0.2852783203125,16384,2820769.0,-1.404861,0.2195925,-0.8557113657917409,-0.29489211459556686,0.4252019510822928,0.9089036,0.0002939141,2.1771696649101946,2.597720351251817
both_paths,4,forward,0.18074074074074073,forward,0.01,0.18074074074074073,0.01,0.2890402749180794,0.008445587362054719,0.2740478515625,0.3046875,16384,2821259.0,-1.530118,0.1906849,-0.9250856843526534,-0.07542836677604911,0.3721922058443469,0.9203078,0.000280039,1.770747993007662,2.7520574873864985
both_paths,4,forward,0.18074074074074073,forward,0.02,0.18074074074074073,0.02,0.3141271397471428,0.006820127570654427,0.2998046875,0.32861328125,16384,2821736.0,-1.504252,0.1353919,-0.9550405397229127,-0.1278608681955924,0.26748675830784,0.8725812,0.0002238233,2.0166962345480233,2.840592816918464
both_paths,4,forward,0.18074074074074073,forward,0.03,0.18074074074074073,0.03,0.3336574658751488,0.004871907075457157,0.3243408203125,0.343994140625,16384,2822215.0,1.510716,0.04428751,-0.9888974548272526,0.11940178259249384,0.08845924570058737,0.7975506,0.0001671309,0.6376216961271757,2.9924407133790494
both_paths,4,forward,0.18074074074074073,forward,0.04,0.18074074074074073,0.04,0.34749067574739456,0.0016611895409650388,0.3424072265625,0.3529052734375,16384,2822680.0,1.449345,-0.04649253,-0.9664507369677013,0.2394820284901833,-0.09285112301320742,0.7114129,0.0001434116,-0.3698724708422305,2.8818291002883445
both_paths,4,forward,0.18074074074074073,forward,0.05,0.18074074074074073,0.05,0.3509334772825241,0.0009039357106327659,0.3475341796875,0.3544921875,16384,2823158.0,1.223197,-0.2192683,-0.695260672227773,0.5799264633851052,-0.4246149958715888,0.6064144,0.0001111858,-0.6320034042361016,2.3395788345408657
both_paths,4,forward,0.18074074074074073,forward,0.06,0.18074074074074073,0.06,0.34800655394792557,0.001972184372087942,0.341064453125,0.3529052734375,16384,2823636.0,0.6059618,-0.4799547,0.20145718120153308,0.5370524306385933,-0.8191396040282216,0.4784732,8.935408e-05,-0.9904735196855747,1.3679509503052154
both_paths,4,forward,0.18074074074074073,forward,0.07,0.18074074074074073,0.07,0.33754533529281616,0.0037367265631715685,0.3282470703125,0.3465576171875,16384,2824101.0,0.346881,-0.3563511,0.5817070658960322,0.4837943837285528,-0.6538806341828294,0.663996,8.952406e-05,-0.9338023750729256,0.949970523447471
both_paths,4,forward,0.18074074074074073,forward,0.08,0.18074074074074073,0.08,0.31112905591726303,0.004599066526466648,0.2994384765625,0.32177734375,16384,2824579.0,-0.005049663,-0.09039516,0.9836517283006894,-0.009934557239845997,-0.17980706878072134,0.7800881,0.000104199,-1.6259914129661328,0.18106910973292675
both_paths,4,forward,0.18074074074074073,forward,0.09,0.18074074074074073,0.09,0.277223639190197,0.004926610147372313,0.2685546875,0.292236328125,16384,2825056.0,-0.09445258,0.001515147,0.9822059071374454,-0.18778278230628284,0.0030302893622979063,1.869717,9.034268e-05,3.1254568485518677,0.1889291736790702
both_paths,4,forward,0.18074074074074073,forward,0.1,0.18074074074074073,0.1,0.23855631053447723,0.005898252205561682,0.2294921875,0.2529296875,16384,2825528.0,-0.2709793,0.07364389,0.8474243443018795,-0.5102300555262945,0.14675582142512786,1.505425,0.0001375828,2.8615257459036574,0.5596813239627837
both_paths,4,forward,0.18074074074074073,forward,0.11,0.18074074074074073,0.11,0.2166345864534378,0.009869132727878262,0.192626953125,0.23291015625,16384,2826002.0,-0.43505,0.0964902,0.6327816144467902,-0.7502039804498439,0.1917848172700956,1.172381,0.0001824115,2.8913094969873594,0.8856560808219066
both_paths,4,forward,0.18074074074074073,forward,0.12,0.18074074074074073,0.12,0.1585303470492363,0.010061211138203933,0.1363525390625,0.1773681640625,16384,2826473.0,-0.4350431,0.1424567,0.6187677767106577,-0.7335691186977433,0.28107434354199917,1.408421,0.0002109607,2.7756872726515223,0.9036231587542723
both_paths,4,forward,0.18074074074074073,forward,0.13,0.18074074074074073,0.13,0.13394880294799805,0.007783809834733276,0.121337890625,0.1507568359375,16384,2826947.0,-0.4718247,0.294438,0.4879934069305657,-0.673322821540525,0.555426694339591,1.152936,0.0002619935,2.4518497282412426,1.0610069601735683
both_paths,4,forward,0.18074074074074073,forward,0.14,0.18074074074074073,0.14,0.1051989197731018,0.0029703071688059507,0.0970458984375,0.11181640625,16384,2827421.0,-0.6478262,0.3230891,0.21691118796521983,-0.7683602895466276,0.6021395203632957,1.021563,0.0003318957,2.4768897657634232,1.352147120796598
both_paths,4,forward,0.18074074074074073,forward,0.15,0.18074074074074073,0.15,0.09657946974039078,0.000842429677415878,0.0941162109375,0.1007080078125,16384,2827895.0,-0.7894953,0.3684632,-0.006068099165325464,-0.7405126966615593,0.6720149732376097,0.948222,0.0003795675,2.4046495456658663,1.5768644632005893
both_paths,4,forward,0.18074074074074073,forward,0.16,0.18074074074074073,0.16,0.10433126986026764,0.0033823878004893724,0.09814453125,0.1136474609375,16384,2828368.0,-0.9208062,0.478307,-0.15416799214585247,-0.5552863609051537,0.8172449373293343,0.875617,0.0003941868,2.1676045702185576,1.7255816495538843
both_paths,4,forward,0.18074074074074073,forward,0.17,0.18074074074074073,0.17,0.13276805728673935,0.007936495039391448,0.1153564453125,0.147216796875,16384,2828841.0,-1.263524,0.5281094,-0.40211830150318817,-0.2837769461907278,0.870500727401681,0.8328993,0.0004065008,1.885925893073062,1.9846255982262264
both_paths,4,forward,0.18074074074074073,forward,0.18,0.18074074074074073,0.18,0.15878838300704956,0.007906733088116305,0.1446533203125,0.1754150390625,16384,2829315.0,1.442191,0.4944755,-0.5314876263077658,0.1398009145964637,0.8354499430604618,0.8212146,0.0004044403,1.404996403641153,2.1311521370032396
both_paths,4,forward,0.18074074074074073,forward,0.19,0.18074074074074073,0.19,0.18333686888217926,0.010479102253993764,0.1668701171875,0.21142578125,16384,2829789.0,-1.294504,0.3840545,-0.6121839156217058,-0.3775136709162581,0.6947764257121909,0.8717344,0.0003771595,2.0685273066633796,2.229615923510686
both_paths,4,forward,0.18074074074074073,forward,0.2,0.18074074074074073,0.2,0.21310096979141235,0.009795917998970994,0.1910400390625,0.232421875,16384,2830288.0,-1.541427,0.4049866,-0.6883286881875991,-0.04047806395187162,0.7242686955520355,0.8166417,0.0003370407,1.6266264334099079,2.329978863540288
both_paths,5,forward,0.22592592592592592,forward,0.0,0.22592592592592592,0.0,0.23954429477453232,0.011871177300940757,0.2181396484375,0.2637939453125,16384,2830762.0,-1.257038,0.2066747,-0.7413134494727491,-0.537688049235974,0.40167889083150327,0.8687584,0.0003043627,2.4999833732323893,2.4058215630054245
both_paths,5,forward,0.22592592592592592,forward,0.01,0.22592592592592592,0.01,0.2630593106150627,0.0058106720759740545,0.249755859375,0.2767333984375,16384,2831232.0,-1.315035,0.1585283,-0.8285372412913052,-0.4651072399195329,0.3117712224818506,0.8680728,0.0002751806,2.551064284885669,2.5472865622225402
both_paths,5,forward,0.22592592592592592,forward,0.02,0.22592592592592592,0.02,0.2789941132068634,0.007215283929907725,0.2633056640625,0.2958984375,16384,2831710.0,-1.496114,0.1894289,-0.9187430685416805,-0.13825743788863204,0.369859506941606,0.854081,0.000253705,1.9285239077881098,2.735681663234115
both_paths,5,forward,0.22592592592592592,forward,0.03,0.22592592592592592,0.03,0.32649827748537064,0.00458491666300278,0.31591796875,0.3359375,16384,2832185.0,1.55813,0.07670949,-0.9879372879961741,0.025032428112345437,0.15281784100544263,0.8137081,0.0001812802,1.4084326112820982,2.9861124823688057
both_paths,5,forward,0.22592592592592592,forward,0.04,0.22592592592592592,0.04,0.3471952974796295,0.0024380931165363722,0.3416748046875,0.3536376953125,16384,2832647.0,1.366995,-0.04859865,-0.9137405379458184,0.39453849916717726,-0.09704433002189074,0.6741763,0.0001301832,-0.24118141213631406,2.7231935148789463
both_paths,5,forward,0.22592592592592592,forward,0.05,0.22592592592592592,0.05,0.3535142317414284,0.0007969732876208721,0.3504638671875,0.3564453125,16384,2833121.0,1.241708,-0.09631886,-0.7764754349418104,0.6003610377818175,-0.19144848718510532,0.6277262,0.0001139234,-0.30869475239577904,2.4598494679642138
both_paths,5,forward,0.22592592592592592,forward,0.06,0.22592592592592592,0.06,0.3525615632534027,0.002339747245139158,0.3455810546875,0.3572998046875,16384,2833597.0,0.9130654,-0.1583059,-0.24001530472002877,0.9194861209435182,-0.3113485617316922,0.5026264,9.502984e-05,-0.32649334618818093,1.8131779433646502
both_paths,5,forward,0.22592592592592592,forward,0.07,0.22592592592592592,0.07,0.34131988137960434,0.004411492146125002,0.3311767578125,0.3525390625,16384,2834085.0,0.1196535,-0.11748,0.9448091317908607,0.23051672956024472,-0.23280408475249947,1.144589,7.056048e-05,-0.7903349945063942,0.3337848022227012
both_paths,5,forward,0.22592592592592592,forward,0.08,0.22592592592592592,0.08,0.31306246668100357,0.0063330473237301795,0.2989501953125,0.3251953125,16384,2834560.0,-0.1415448,-0.09055228,0.9444933320590769,-0.27475536024110914,-0.18011617838140093,1.279019,8.957252e-05,-2.5613249716983737,0.33474738336566556
both_paths,5,forward,0.22592592592592592,forward,0.09,0.22592592592592592,0.09,0.27494415640830994,0.0054419176607566734,0.26416015625,0.28759765625,16384,2835035.0,-0.2284981,0.0124743,0.8971027189552765,-0.4411172271983616,0.024946011943377328,1.70393,0.0001042939,3.0851009368612834,0.45762868291336195
both_paths,5,forward,0.22592592592592592,forward,0.1,0.22592592592592592,0.1,0.23156243562698364,0.009874664540996489,0.2086181640625,0.2491455078125,16384,2835499.0,-0.3227205,0.08678126,0.7868327092420307,-0.5925129627961637,0.17269243349191016,1.157297,0.0001601499,2.857991188445598,0.6651362407247658
both_paths,5,forward,0.22592592592592592,forward,0.11,0.22592592592592592,0.11,0.18818320333957672,0.011276643891520312,0.1705322265625,0.2154541015625,16384,2835974.0,-0.3863334,0.09429692,0.7033552317231756,-0.6856700900588474,0.187477853642317,1.426875,0.0001862246,2.874693319347304,0.7906896801800417
both_paths,5,forward,0.22592592592592592,forward,0.12,0.22592592592592592,0.12,0.16774221509695053,0.012394478662600864,0.148193359375,0.1971435546875,16384,2836447.0,-0.4218531,0.04233788,0.6623169364463956,-0.7444349610382228,0.08457460895730258,1.335005,0.0002018144,3.0284685576092,0.8468893273349622
both_paths,5,forward,0.22592592592592592,forward,0.13,0.22592592592592592,0.13,0.13996551930904388,0.0077063890731394556,0.12109375,0.15380859375,16384,2836922.0,-0.5451865,0.102326,0.45251027233694746,-0.8682934237950831,0.2032264343626436,1.268064,0.000258202,2.9116785901788997,1.101218025042795
both_paths,5,forward,0.22592592592592592,forward,0.14,0.22592592592592592,0.14,0.11247410625219345,0.0044998966772032325,0.1025390625,0.1226806640625,16384,2837372.0,-0.6131296,0.1813136,0.3157958000929938,-0.8800217955759452,0.3547318028524017,1.09861,0.0003029377,2.7584215935393193,1.2495010699283204
both_paths,5,forward,0.22592592592592592,forward,0.15,0.22592592592592592,0.15,0.0940495952963829,0.0011751813114349921,0.0908203125,0.0985107421875,16384,2837846.0,-0.7294317,0.148426,0.10681383901080432,-0.9502778094031188,0.2925113480735129,1.055782,0.0003524263,2.8429801220101876,1.4637783278441874
both_paths,5,forward,0.22592592592592592,forward,0.16,0.22592592592592592,0.16,0.10268720984458923,0.0031112560633063512,0.09521484375,0.1109619140625,16384,2838320.0,-0.9007868,0.3595067,-0.17211244576925258,-0.7325074781872456,0.6586426196436789,0.8963394,0.0003962608,2.409240931599756,1.7437700426621243
both_paths,5,forward,0.22592592592592592,forward,0.17,0.22592592592592592,0.17,0.1339578554034233,0.0058330799242738846,0.12353515625,0.1494140625,16384,2838794.0,-1.087913,0.4445371,-0.35841009142314617,-0.5182735739619362,0.7764887049395977,0.8522676,0.0003841247,2.1593465549887334,1.9373606101662906
both_paths,5,forward,0.22592592592592592,forward,0.18,0.22592592592592592,0.18,0.17873664945363998,0.011779148562517742,0.15966796875,0.206298828125,16384,2839269.0,-1.030355,0.2304951,-0.42143019041825225,-0.790264686489594,0.44483516035891263,0.9764784,0.0003574275,2.6289040305236835,2.0058181481706336
both_paths,5,forward,0.22592592592592592,forward,0.19,0.22592592592592592,0.19,0.15652142465114594,0.00894122407012358,0.1436767578125,0.178955078125,16384,2839743.0,-1.157327,0.2754297,-0.5769669639160587,-0.6270095254639209,0.5234196953946177,0.8637786,0.0003969931,2.4459968119056548,2.1858066621718724
both_paths,5,forward,0.22592592592592592,forward,0.2,0.22592592592592592,0.2,0.23699954897165298,0.006802424596944144,0.2249755859375,0.2509765625,16384,2840217.0,-1.289703,0.2848956,-0.7124206326256443,-0.44882490867918584,0.5394562480483448,0.8308014,0.0002940388,2.264744255188715,2.3637379341456213
both_paths,6,forward,0.2711111111111111,forward,0.0,0.2711111111111111,0.0,0.2659497410058975,0.008395443638720742,0.250732421875,0.288330078125,16384,2840704.0,-1.241071,0.07917356,-0.7804413328911202,-0.6050176703746787,0.15768622149550174,0.899382,0.0002620284,2.886633855640399,2.4661677073587014
both_paths,6,forward,0.2711111111111111,forward,0.01,0.2711111111111111,0.01,0.2751934304833412,0.012009610622572064,0.254150390625,0.2982177734375,16384,2841178.0,-1.371702,0.0811318,-0.9096566632662936,-0.38265591569631235,0.16155248422060803,0.8956982,0.0002676568,2.7421067622275874,2.7132530406021695
both_paths,6,forward,0.2711111111111111,forward,0.02,0.2711111111111111,0.02,0.29642072319984436,0.012154915118890457,0.26904296875,0.3233642578125,16384,2841653.0,-1.414139,0.08080057,-0.9389223957551966,-0.3041978731744451,0.16089869081340058,0.8805156,0.0002342769,2.655071567069058,2.7902817380473928
both_paths,6,forward,0.2711111111111111,forward,0.03,0.2711111111111111,0.03,0.341358482837677,0.0030252637890791504,0.3343505859375,0.3492431640625,16384,2842102.0,1.561393,0.01514358,-0.9993646202345537,0.018796920370531316,0.030282529749514772,0.7822786,0.0001533767,1.0152819137900648,3.105943051588556
both_paths,6,forward,0.2711111111111111,forward,0.04,0.2711111111111111,0.04,0.35348526388406754,0.0032661536052579774,0.3441162109375,0.35888671875,16384,2842588.0,1.369702,-0.01814389,-0.919600687956183,0.39117559947131575,-0.036279816548208825,0.6369934,0.0001182832,-0.09248104157065606,2.73785916197472
both_paths,6,forward,0.2711111111111111,forward,0.05,0.2711111111111111,0.05,0.35098331421613693,0.0032908089400154696,0.341064453125,0.357666015625,16384,2843061.0,0.9145776,-0.1775242,-0.2395589765432114,0.9065102780563753,-0.34763574691869975,0.350043,9.554806e-05,-0.3661912958875,1.8127079019538503
both_paths,6,forward,0.2711111111111111,forward,0.06,0.2711111111111111,0.06,0.3429117724299431,0.002749712824882003,0.3355712890625,0.3516845703125,16384,2843522.0,0.5410048,-0.157868,0.44634403223418645,0.8392596207101577,-0.31051617338613724,0.3590594,9.990228e-05,-0.3543695577857515,1.1081206830545316
both_paths,6,forward,0.2711111111111111,forward,0.07,0.2711111111111111,0.07,0.3211761936545372,0.007092787806903495,0.30517578125,0.3375244140625,16384,2843995.0,0.04330616,-0.09614982,0.977887923587561,0.08490956989238387,-0.19111664983014595,1.584442,6.992492e-05,-1.1527081684561467,0.21068484056829093
both_paths,6,forward,0.2711111111111111,forward,0.08,0.2711111111111111,0.08,0.2921646386384964,0.005479606413854172,0.2791748046875,0.3031005859375,16384,2844480.0,-0.1495233,-0.02347023,0.9545651897840627,-0.2942847422581628,-0.0469232237443578,1.143016,0.000106656,-2.9834752941804745,0.3025990558284194
both_paths,6,forward,0.2711111111111111,forward,0.09,0.2711111111111111,0.09,0.26136361062526703,0.012222350209930241,0.23486328125,0.2823486328125,16384,2844934.0,-0.2187858,-0.0257,0.9045870876068509,-0.4231814820693381,-0.05137737019889166,2.14531,9.877494e-05,-3.0207765226009937,0.4403862242177093
both_paths,6,forward,0.2711111111111111,forward,0.1,0.2711111111111111,0.1,0.209263376891613,0.01139206076166908,0.1893310546875,0.2347412109375,16384,2845421.0,-0.2819205,-0.0303613,0.8436508177261715,-0.5334515847481637,-0.06068529047170548,1.457211,0.0001548966,-3.028319912969354,0.5667490914784171
both_paths,6,forward,0.2711111111111111,forward,0.11,0.2711111111111111,0.11,0.17642945051193237,0.009530224140914409,0.15283203125,0.192138671875,16384,2845895.0,-0.4953512,-0.1060932,0.5358100966119881,-0.8176528120408326,-0.21059776667944705,1.016343,0.0002338376,-2.8895078850352682,1.0053294261355141
both_paths,6,forward,0.2711111111111111,forward,0.12,0.2711111111111111,0.12,0.1370658129453659,0.010558928490846827,0.1185302734375,0.1600341796875,16384,2846368.0,-0.562218,-0.01136712,0.431573774576032,-0.9017911734247741,-0.022732281701696274,1.272425,0.0002629445,-3.1163900687663286,1.1245596654538157
both_paths,6,forward,0.2711111111111111,forward,0.13,0.2711111111111111,0.13,0.1075328141450882,0.0054534192652329685,0.0970458984375,0.1181640625,16384,2846842.0,-0.6268555,-0.04120188,0.3107405010665125,-0.9469241348587547,-0.08231053285535056,1.148994,0.0003024386,-3.0548864885388696,1.2548243244183026
both_paths,6,forward,0.2711111111111111,forward,0.14,0.2711111111111111,0.14,0.090290367603302,0.001022130408644904,0.0870361328125,0.094482421875,16384,2847316.0,-0.733534,-0.07065757,0.10251026486687533,-0.9847102399029476,-0.14084526625770022,1.045149,0.0003493543,-2.9995240528822187,1.4681056718993932
both_paths,6,forward,0.2711111111111111,forward,0.15,0.2711111111111111,0.15,0.09383451193571091,0.0016545663966394198,0.089599609375,0.0986328125,16384,2847790.0,-0.7870754,0.0934415,-0.003296059395461851,-0.9825826086430285,0.1857970752857066,1.03844,0.000369427,2.954708626446582,1.5740923921584566
both_paths,6,forward,0.2711111111111111,forward,0.16,0.2711111111111111,0.16,0.10496943444013596,0.005234814933976148,0.0955810546875,0.1170654296875,16384,2848264.0,-0.8779942,0.09614978,-0.18074122323428968,-0.9647834297895491,0.19111657130475884,0.9918368,0.0003919509,2.94603169016672,1.752536361020298
both_paths,6,forward,0.2711111111111111,forward,0.17,0.2711111111111111,0.17,0.12956053018569946,0.006835591853911174,0.11181640625,0.1427001953125,16384,2848739.0,-1.01625,0.2458352,-0.3927056351658693,-0.7892431457047502,0.47209907971424997,0.9030158,0.0004045291,2.602522154095234,1.9743680596435575
both_paths,6,forward,0.2711111111111111,forward,0.18,0.2711111111111111,0.18,0.1597566306591034,0.011596329223030317,0.1390380859375,0.185791015625,16384,2849213.0,-1.184937,0.2983576,-0.5928550464286583,-0.576853015364846,0.5619283696242415,0.8604732,0.0003939443,2.3692995440061893,2.2053958402699365
both_paths,6,forward,0.2711111111111111,forward,0.19,0.2711111111111111,0.19,0.1909315586090088,0.012849653827500123,0.17236328125,0.21533203125,16384,2849687.0,-1.162389,0.2228139,-0.6176940332579202,-0.6577780788211032,0.43102445441063075,0.89806,0.0003649701,2.5615192511678604,2.2366034026867037
both_paths,6,forward,0.2711111111111111,forward,0.2,0.2711111111111111,0.2,0.23158681392669678,0.005288225888387237,0.2215576171875,0.2442626953125,16384,2850162.0,-1.161459,0.07364969,-0.6757914011693504,-0.7223332631019425,0.14676729581915116,0.8229129,0.0002861974,2.9411364623001397,2.3128341802304515
both_paths,7,forward,0.3162962962962963,forward,0.0,0.3162962962962963,0.0,0.2426631823182106,0.010033117420990894,0.2237548828125,0.2615966796875,16384,2850648.0,-1.208801,-0.1186982,-0.7281568714685472,-0.6438022227848916,-0.2351728480721581,0.8652088,0.0002838157,-2.7913641983031767,2.3864253350191604
both_paths,7,forward,0.3162962962962963,forward,0.01,0.3162962962962963,0.01,0.2501320391893387,0.01237895024609697,0.2281494140625,0.2720947265625,16384,2851121.0,-1.234529,-0.1885467,-0.7272837037984122,-0.5792000550087468,-0.3682196497569461,0.8579288,0.0002738052,-2.5753086650363675,2.385152261696714
both_paths,7,forward,0.3162962962962963,forward,0.02,0.3162962962962963,0.02,0.2921971306204796,0.0071941546844900145,0.27685546875,0.3076171875,16384,2851572.0,-1.378569,-0.1634747,-0.8778964738660076,-0.35518573706636763,-0.32115552830093314,0.796354,0.0002107898,-2.4064672399604543,2.642247813394822
both_paths,7,forward,0.3162962962962963,forward,0.03,0.3162962962962963,0.03,0.3316418379545212,0.005779397458010088,0.3165283203125,0.34326171875,16384,2852068.0,-1.555785,-0.03240397,-0.9974510004055201,-0.02995512651373813,-0.06476258322189643,0.7892266,0.0001603355,-2.004027427199163,3.0701772038469177
both_paths,7,forward,0.3162962962962963,forward,0.04,0.3162962962962963,0.04,0.35200776904821396,0.0035754351382797965,0.341552734375,0.358154296875,16384,2852516.0,1.425227,0.004404604,-0.9578804858663178,0.28703200981469523,0.008809094064868461,0.6871295,0.0001268021,0.030680654361554094,2.8503245422314176
both_paths,7,forward,0.3162962962962963,forward,0.05,0.3162962962962963,0.05,0.35702719539403915,0.0009092092481984569,0.353515625,0.3603515625,16384,2852989.0,1.245814,-0.0300611,-0.7946667902483263,0.6040648696508663,-0.06008598613740464,0.5179876,0.0001057049,-0.09914330461935794,2.4892548051763113
both_paths,7,forward,0.3162962962962963,forward,0.06,0.3162962962962963,0.06,0.3536983132362366,0.0029306062311760302,0.3458251953125,0.3597412109375,16384,2853464.0,0.9983676,0.06921955,-0.40922293127453463,0.9019386525610376,0.13799731713137603,0.2608495,0.0001006119,0.15182339577677872,1.9923985828101842
both_paths,7,forward,0.3162962962962963,forward,0.07,0.3162962962962963,0.07,0.33380983769893646,0.004546775428951994,0.3245849609375,0.344482421875,16384,2853925.0,0.2432291,-0.03042407,0.8823581960928801,0.4666327087588381,-0.06081059861658784,0.9536654,8.041588e-05,-0.12958761641225447,0.4899461594394537
both_paths,7,forward,0.3162962962962963,forward,0.08,0.3162962962962963,0.08,0.3148617073893547,0.008365910558628923,0.3009033203125,0.33056640625,16384,2854399.0,-0.04402643,-0.0005427011,0.9961252642486658,-0.08793906883776113,-0.001085401986881664,1.538945,7.709557e-05,-3.1292506207584214,0.08805953216899438
both_paths,7,forward,0.3162962962962963,forward,0.09,0.3162962962962963,0.09,0.2841256633400917,0.007836241635843616,0.26708984375,0.301513671875,16384,2854873.0,0.003095044,-0.08339942,0.9861024032663556,0.006104138617907999,-0.16602647308201002,1.415839,0.000100735,-1.534046823390015,0.16691259449573703
both_paths,7,forward,0.3162962962962963,forward,0.1,0.3162962962962963,0.1,0.23216179758310318,0.014287414654891337,0.203857421875,0.2608642578125,16384,2855347.0,-0.3605929,-0.1576395,0.7140052910755156,-0.6277306462135178,-0.31008173135566647,1.055668,0.0001714251,-2.682778590812891,0.7755939794603673
both_paths,7,forward,0.3162962962962963,forward,0.11,0.3162962962962963,0.11,0.18589790910482407,0.011604426164502548,0.1627197265625,0.21240234375,16384,2855834.0,-0.3961561,-0.1062186,0.6864154456177961,-0.6959734855914941,-0.21084293531192536,1.409805,0.0001841473,-2.8474345769417826,0.814248004822349
both_paths,7,forward,0.3162962962962963,forward,0.12,0.3162962962962963,0.12,0.15568003058433533,0.006867812009807773,0.140380859375,0.171142578125,16384,2856307.0,-0.4419764,-0.2052016,0.581443985649576,-0.7090406097821811,-0.39897907868915666,1.095941,0.0002337975,-2.6290492127024168,0.9502939195170541
both_paths,7,forward,0.3162962962962963,forward,0.13,0.3162962962962963,0.13,0.1054701879620552,0.006762582428974656,0.0933837890625,0.118896484375,16384,2856779.0,-0.581885,-0.1809007,0.37025134252412917,-0.8588518820568612,-0.3539595853292679,1.106077,0.0002908947,-2.7506723581261774,1.191516749071902
both_paths,7,forward,0.3162962962962963,forward,0.14,0.3162962962962963,0.14,0.09427753835916519,0.0033374029282360737,0.088134765625,0.1043701171875,16384,2857252.0,-0.6652912,-0.1210318,0.2309742293473971,-0.9429695990603292,-0.23970657192780123,1.034875,0.0003282383,-2.8926612869316104,1.3377174579833557
both_paths,7,forward,0.3162962962962963,forward,0.15,0.3162962962962963,0.15,0.08997753262519836,0.0015141240489611673,0.0863037109375,0.095458984375,16384,2857725.0,-0.7612519,-0.05053356,0.04802742006346068,-0.9937371563656822,-0.1008951484477605,1.005718,0.0003576521,-3.0404083692770776,1.522750423934176
both_paths,7,forward,0.3162962962962963,forward,0.16,0.3162962962962963,0.16,0.10419999808073044,0.004248799061436722,0.094970703125,0.1142578125,16384,2858199.0,-0.8284381,0.05724503,-0.0854107529311418,-0.989774824105765,0.11424010176000989,1.045212,0.0003703205,3.0266808379044505,1.656311267305044
both_paths,7,forward,0.3162962962962963,forward,0.17,0.3162962962962963,0.17,0.1373576745390892,0.004595684726799319,0.126220703125,0.148681640625,16384,2858673.0,-0.9652012,0.0976915,-0.3452099600638908,-0.9182259338412375,0.19414226199896378,0.9879332,0.0003801336,2.933229426195144,1.9232588153838575
both_paths,7,forward,0.3162962962962963,forward,0.18,0.3162962962962963,0.18,0.1627654954791069,0.005560546904408707,0.1519775390625,0.17578125,16384,2859147.0,-1.044384,0.133438,-0.4775914203170447,-0.838068347830313,0.26371931974073726,0.8473556,0.0003510236,2.836727343051624,2.0687075503806738
both_paths,7,forward,0.3162962962962963,forward,0.19,0.3162962962962963,0.19,0.20237281918525696,0.00957483973306513,0.1812744140625,0.220458984375,16384,2859621.0,-1.049265,-0.004118386,-0.5035595594927597,-0.8639212505574522,-0.008236678863822407,0.9646498,0.0003179976,-3.1320588803375378,2.0985102277622634
both_paths,7,forward,0.3162962962962963,forward,0.2,0.3162962962962963,0.2,0.2625940442085266,0.012180068003071289,0.2340087890625,0.2852783203125,16384,2860107.0,-1.295238,0.0009588146,-0.8519387636770701,-0.5236379146386787,0.001917628024716681,0.7686323,0.0002484774,3.1379305439551892,2.5904730085938827
both_paths,8,forward,0.36148148148148146,forward,0.0,0.36148148148148146,0.0,0.2784728854894638,0.012336122768230972,0.2520751953125,0.300537109375,16384,2860581.0,-1.283861,-0.05038123,-0.8355462452357568,-0.5401330520129809,-0.10059203843033973,0.8781348,0.0002403075,-2.9574663775476724,2.55992258310581
both_paths,8,forward,0.36148148148148146,forward,0.01,0.36148148148148146,0.01,0.29322370886802673,0.011906355583250997,0.2705078125,0.31787109375,16384,2861055.0,-1.430324,-0.1538695,-0.9156566878932535,-0.26423779750497084,-0.30290463232852494,0.7704534,0.0001995668,-2.2881214845207367,2.7279349290394226
both_paths,8,forward,0.36148148148148146,forward,0.02,0.36148148148148146,0.02,0.29031503200531006,0.006560588824553587,0.271728515625,0.3031005859375,16384,2861529.0,-1.353581,-0.07011572,-0.8982053379036611,-0.41676237700793967,-0.13977228649507728,0.8699598,0.0002252213,-2.8180044226380665,2.686465946332695
both_paths,8,forward,0.36148148148148146,forward,0.03,0.36148148148148146,0.03,0.3418659269809723,0.0053063490785682345,0.3323974609375,0.3546142578125,16384,2861991.0,1.534671,-0.02292447,-0.9963429198907737,0.07211194941574575,-0.04583287831882426,0.789422,0.0001523561,-0.5661709141558076,3.056043704738908
both_paths,8,forward,0.36148148148148146,forward,0.04,0.36148148148148146,0.04,0.3564675971865654,0.0016961807460666159,0.3511962890625,0.36083984375,16384,2862465.0,1.334108,0.008551598,-0.8899037953784811,0.4558275377584859,0.017102362176337052,0.6435067,0.0001162972,0.03750177976377511,2.667930546433676
both_paths,8,forward,0.36148148148148146,forward,0.05,0.36148148148148146,0.05,0.35624249279499054,0.0007966501568985127,0.3531494140625,0.359619140625,16384,2862941.0,1.055793,-0.01940613,-0.5144254344397262,0.8566567790710733,-0.038802516323988366,0.6518523,0.0001019869,-0.04526435011670227,2.1111338214234543
both_paths,8,forward,0.36148148148148146,forward,0.06,0.36148148148148146,0.06,0.3376392647624016,0.006989004403618351,0.3231201171875,0.3519287109375,16384,2863435.0,0.34699,-0.01026868,0.7685443872578942,0.6394668098937012,-0.020535916311694512,0.8558648,8.323773e-05,-0.03210309069963335,0.6942334129429469
both_paths,8,forward,0.36148148148148146,forward,0.07,0.36148148148148146,0.07,0.31310295313596725,0.006803868074084785,0.30029296875,0.32958984375,16384,2863887.0,-0.02264925,-0.03797836,0.9960938310981068,-0.04515244421464706,-0.07588370332119633,1.29682,8.404396e-05,-2.107547213711239,0.08841622679201999
both_paths,8,forward,0.36148148148148146,forward,0.08,0.36148148148148146,0.08,0.2945385202765465,0.008381993894480102,0.27392578125,0.3104248046875,16384,2864362.0,-0.2167461,-0.05957722,0.9010697580877474,-0.4170642345534938,-0.11887268532340231,1.093966,0.0001104063,-2.8639326989930773,0.44856636619056395
both_paths,8,forward,0.36148148148148146,forward,0.09,0.36148148148148146,0.09,0.25010473281145096,0.012851419078119123,0.225830078125,0.2701416015625,16384,2864837.0,-0.219109,-0.04795268,0.9013480776340554,-0.4223765741403129,-0.09575840726999191,1.605948,0.0001201153,-2.9186480214888406,0.4479241666073435
both_paths,8,forward,0.36148148148148146,forward,0.1,0.36148148148148146,0.1,0.2078099325299263,0.006882516037639093,0.1966552734375,0.2227783203125,16384,2865324.0,-0.3974295,-0.1023734,0.6857561109526119,-0.6988560916098169,-0.20331925514077676,1.003401,0.0001972461,-2.8584762023513552,0.8151542811494282
both_paths,8,forward,0.36148148148148146,forward,0.11,0.36148148148148146,0.11,0.13108020275831223,0.004746885282994105,0.12158203125,0.1434326171875,16384,2865797.0,-0.5474549,-0.1638972,0.43373358174827453,-0.8415579236803775,-0.32195565091264466,1.018272,0.000273492,-2.7762009773129304,1.1221640317015604
both_paths,8,forward,0.36148148148148146,forward,0.12,0.36148148148148146,0.12,0.12561821192502975,0.004387711270580817,0.115478515625,0.13720703125,16384,2866270.0,-0.5405629,-0.165686,0.44474745110008557,-0.8344777637274611,-0.3253406930963182,1.07895,0.0002684991,-2.769846460209817,1.1099040565689438
both_paths,8,forward,0.36148148148148146,forward,0.13,0.36148148148148146,0.13,0.11008165031671524,0.004376660160760322,0.100830078125,0.120361328125,16384,2866769.0,-0.5849346,-0.1682111,0.36839415473377257,-0.8690867788779743,-0.3301119772705867,1.05252,0.0002926589,-2.778587417946105,1.193515227347634
both_paths,8,forward,0.36148148148148146,forward,0.14,0.36148148148148146,0.14,0.09123140573501587,0.0023019669515890444,0.085693359375,0.0966796875,16384,2867217.0,-0.6712509,-0.1693268,0.21346248394755477,-0.918730277964809,-0.3322174653711701,1.030329,0.0003278293,-2.794616940343387,1.3556785582109008
both_paths,8,forward,0.36148148148148146,forward,0.15,0.36148148148148146,0.15,0.08878843486309052,0.001671258352238111,0.0848388671875,0.09423828125,16384,2867690.0,-0.747236,-0.2031204,0.07004445044300084,-0.9159384451445483,-0.3951588790199776,0.9992958,0.0003487991,-2.7342924597572975,1.5006944738887174
both_paths,8,forward,0.36148148148148146,forward,0.16,0.36148148148148146,0.16,0.1011141985654831,0.0038544628497141076,0.0916748046875,0.1109619140625,16384,2868163.0,-0.8190729,-0.1283639,-0.06509292726461909,-0.9650332057909569,-0.25391695993169033,0.9243946,0.0003570918,-2.884306877005271,1.6359353093498024
both_paths,8,forward,0.36148148148148146,forward,0.17,0.36148148148148146,0.17,0.11754494905471802,0.00779534270542058,0.1014404296875,0.137451171875,16384,2868637.0,-0.9532718,0.008862894,-0.32942305080809287,-0.9440160395579347,0.017724859763633326,0.8836742,0.0003885835,3.122818844076563,1.9064887798534307
both_paths,8,forward,0.36148148148148146,forward,0.18,0.36148148148148146,0.18,0.16754824668169022,0.008624594583902143,0.152099609375,0.1854248046875,16384,2869110.0,-1.036487,0.01700787,-0.4810570456303706,-0.8760293913354477,0.03400918061089628,0.914177,0.000364223,3.1027901764194254,2.072656365248993
both_paths,8,forward,0.36148148148148146,forward,0.19,0.36148148148148146,0.19,0.21351490914821625,0.011354748247771978,0.1939697265625,0.2354736328125,16384,2869584.0,-1.1631,0.004214925,-0.6855582371047281,-0.7279689848132994,0.008429750159500017,0.8930344,0.0003290358,3.1300133506557,2.326166539551287
both_paths,8,forward,0.36148148148148146,forward,0.2,0.36148148148148146,0.2,0.26607710123062134,0.010888007524636785,0.2471923828125,0.291015625,16384,2870071.0,-1.206205,-0.08184793,-0.735750236925726,-0.6573535948131383,-0.1629657640425813,0.8828386,0.0002630087,-2.8985802455160705,2.3975701069243893
both_paths,9,forward,0.4066666666666666,forward,0.0,0.4066666666666666,0.0,0.265160009264946,0.007975042814601934,0.248291015625,0.283935546875,16384,2870546.0,-1.441819,-0.2213877,-0.8736704389918581,-0.23050277778664735,-0.42844886913657904,0.8523242,0.0002674469,-2.0643749163852583,2.633492592828363
both_paths,9,forward,0.4066666666666666,forward,0.01,0.4066666666666666,0.01,0.28859536349773407,0.00834905564822224,0.2730712890625,0.30712890625,16384,2871021.0,-1.392016,-0.1762847,-0.879132319987548,-0.3284618130293405,-0.34531029717457007,0.8100156,0.0002099928,-2.331193494509427,2.6448348113050137
both_paths,9,forward,0.4066666666666666,forward,0.02,0.4066666666666666,0.02,0.29544125497341156,0.007001642541014308,0.281982421875,0.3114013671875,16384,2871496.0,1.543402,-0.1912419,-0.9263483838688052,0.05080422553303035,-0.3732259401108686,0.8232188,0.0002072702,-1.4355059400349293,2.7553960766080032
both_paths,9,forward,0.4066666666666666,forward,0.03,0.4066666666666666,0.03,0.328730084002018,0.009421379728158501,0.30712890625,0.343994140625,16384,2871908.0,1.484158,-0.1304877,-0.9516709550008847,0.1665728099663805,-0.258023046233487,0.843336,0.0001824722,-0.9975392629393349,2.8294278764577148
both_paths,9,forward,0.4066666666666666,forward,0.04,0.4066666666666666,0.04,0.3554952144622803,0.0030545204201379715,0.3487548828125,0.36376953125,16384,2872456.0,1.451572,0.05136283,-0.9665830807290042,0.23495032131977645,0.10254508549979945,0.653174,0.000120454,0.4115324290841218,2.882344853650818
both_paths,9,forward,0.4066666666666666,forward,0.05,0.4066666666666666,0.05,0.3625195100903511,0.0017999636814672005,0.356201171875,0.3668212890625,16384,2872904.0,1.347421,0.133138,-0.8700720676894154,0.4168113093953271,0.263140512629314,0.6031872,0.0001076487,0.5631297530582726,2.62614483278951
both_paths,9,forward,0.4066666666666666,forward,0.06,0.4066666666666666,0.06,0.35775741189718246,0.0033824049775442694,0.3492431640625,0.3646240234375,16384,2873377.0,1.261174,0.4199438,-0.5435945507335066,0.38745750750863,0.7445680924455714,0.2732977,0.0001007077,1.0909788469449868,2.1455100781338023
both_paths,9,forward,0.4066666666666666,forward,0.07,0.4066666666666666,0.07,0.320435993373394,0.009637754730519709,0.3074951171875,0.3414306640625,16384,2873838.0,-0.1058868,-0.01047377,0.9774451617584514,-0.21014809183248728,-0.02094600807216836,0.5328678,0.0001074165,-3.0422481635365215,0.2127916291454026
both_paths,9,forward,0.4066666666666666,forward,0.08,0.4066666666666666,0.08,0.28911978006362915,0.010627527522909479,0.2674560546875,0.3077392578125,16384,2874311.0,-0.1168421,-0.1211463,0.9444042585992365,-0.2247992981545708,-0.23992888923353736,0.8604882,0.0001237994,-2.3236501993432306,0.33501840462552807
both_paths,9,forward,0.4066666666666666,forward,0.09,0.4066666666666666,0.09,0.2777446508407593,0.012190419489461727,0.250732421875,0.296630859375,16384,2874810.0,-0.04627695,-0.1220558,0.9661992668241546,-0.08968173463719188,-0.24169435918310245,1.081232,0.0001193758,-1.9261032861448206,0.2607408034327861
both_paths,9,forward,0.4066666666666666,forward,0.1,0.4066666666666666,0.1,0.2313271388411522,0.014325288353982576,0.2069091796875,0.2618408203125,16384,2875283.0,-0.2283228,-0.1389676,0.8630927747559278,-0.42401839067830455,-0.2743706735981344,1.585175,0.0001338773,-2.567278127549157,0.5294345730417677
both_paths,9,forward,0.4066666666666666,forward,0.11,0.4066666666666666,0.11,0.18139301985502243,0.01082075222814249,0.1591796875,0.20361328125,16384,2875743.0,-0.1647844,-0.2841572,0.7974510527530181,-0.2727626691358068,-0.5382121745083565,1.289143,0.0001789263,-2.039864305280055,0.6477374027692553
both_paths,9,forward,0.4066666666666666,forward,0.12,0.4066666666666666,0.12,0.14615081250667572,0.009315312249095485,0.130126953125,0.166015625,16384,2876240.0,-0.4867805,-0.2602836,0.48786695442042977,-0.7173608889318445,-0.4973722849289537,0.9783804,0.000255879,-2.5353530419429346,1.0611518278815553
both_paths,9,forward,0.4066666666666666,forward,0.13,0.4066666666666666,0.13,0.11415626853704453,0.008713672898196542,0.0968017578125,0.1326904296875,16384,2876713.0,-0.5913461,-0.1160811,0.3682812813860762,-0.9007946801585015,-0.23008225046442146,1.115992,0.0002892598,-2.8915180283691186,1.1936366367397524
both_paths,9,forward,0.4066666666666666,forward,0.14,0.4066666666666666,0.14,0.09645648300647736,0.002203743062061462,0.0902099609375,0.101806640625,16384,2877185.0,-0.6728811,0.04515247,0.22223039690138457,-0.970814509742374,0.0901822508408775,1.097485,0.0003268703,3.0489650866575717,1.3466948501651672
both_paths,9,forward,0.4066666666666666,forward,0.15,0.4066666666666666,0.15,0.09230203181505203,0.0012692698925197631,0.0889892578125,0.09765625,16384,2877659.0,-0.7204339,0.008783218,0.12954328239995552,-0.9914181711318736,0.017565532573090792,1.040756,0.000346063,3.1238769253370755,1.4408879596785324
both_paths,9,forward,0.4066666666666666,forward,0.16,0.4066666666666666,0.16,0.09551944583654404,0.001381317378689933,0.091064453125,0.10009765625,16384,2878132.0,-0.8154453,-0.04810725,-0.05978033829108186,-0.9935781858235605,-0.09606612206894875,0.9736438,0.000366619,-3.0452052357290906,1.630612328523007
both_paths,9,forward,0.4066666666666666,forward,0.17,0.4066666666666666,0.17,0.12463303655385971,0.005183182655469091,0.1141357421875,0.13671875,16384,2878605.0,-0.9473868,-0.2005617,-0.2930705832121782,-0.8727291856653288,-0.3904528162833582,0.8791172,0.0003592599,-2.720908931748369,1.8682331928356084
both_paths,9,forward,0.4066666666666666,forward,0.18,0.4066666666666666,0.18,0.16135185211896896,0.009517259543128416,0.1456298828125,0.1845703125,16384,2879078.0,-1.087496,-0.09623012,-0.5576112826677754,-0.807764696272569,-0.19127428707822347,0.8347697,0.0003600099,-2.909080730718521,2.162301717819872
both_paths,9,forward,0.4066666666666666,forward,0.19,0.4066666666666666,0.19,0.2080850973725319,0.012796583772470064,0.186279296875,0.2359619140625,16384,2879562.0,-1.187081,-0.1446484,-0.6897897040581298,-0.6654370336972188,-0.28527831736682,0.7740239,0.0003142007,-2.7365853191183414,2.3319948792538194
both_paths,9,forward,0.4066666666666666,forward,0.2,0.4066666666666666,0.2,0.26986003667116165,0.008869732923595707,0.2535400390625,0.2880859375,16384,2880034.0,-1.270168,-0.1007225,-0.8079502223264804,-0.5542402938488457,-0.20008531909397106,0.8996274,0.0002641884,-2.7951447865182084,2.5114614820340764
both_paths,10,forward,0.45185185185185184,forward,0.0,0.45185185185185184,0.0,0.29802432656288147,0.007436652427033633,0.2838134765625,0.3134765625,16384,2880531.0,-1.477518,-0.1497853,-0.9388847850772185,-0.17721589396734932,-0.2951099579408638,0.8102535,0.0002095769,-2.1115892810927557,2.7901724619402577
both_paths,10,forward,0.45185185185185184,forward,0.01,0.45185185185185184,0.01,0.32886938750743866,0.007485939341528844,0.311279296875,0.342041015625,16384,2880991.0,-1.510746,-0.1098659,-0.96892572418274,-0.11693136664761775,-0.21796787953933303,0.8190227,0.000178132,-2.0631858809496695,2.891646427478499
both_paths,10,forward,0.45185185185185184,forward,0.02,0.45185185185185184,0.02,0.33493397384881973,0.007669516186531958,0.3179931640625,0.35009765625,16384,2881464.0,-1.551894,-0.07810024,-0.9871196766670352,-0.03733550565624316,-0.15556607584611953,0.8236954,0.000172604,-1.8063391647204217,2.9809186410344934
both_paths,10,forward,0.45185185185185184,forward,0.03,0.45185185185185184,0.03,0.3547230735421181,0.003325051094555311,0.3482666015625,0.36279296875,16384,2881936.0,1.422096,0.04992225,-0.9513397266724914,0.29157654699498065,0.09967869229275247,0.7228243,0.0001223442,0.32940585034355774,2.8283511726023116
both_paths,10,forward,0.45185185185185184,forward,0.04,0.45185185185185184,0.04,0.3593977764248848,0.0025650167045111407,0.35302734375,0.366455078125,16384,2882409.0,1.454686,0.04468614,-0.9692738196227791,0.2292206398560127,0.089253352081972,0.6630077,0.0001206629,0.3713156134964892,2.893057616974931
both_paths,10,forward,0.45185185185185184,forward,0.05,0.45185185185185184,0.05,0.36157069355249405,0.0008820669201477976,0.3580322265625,0.3653564453125,16384,2882856.0,1.284294,0.1032623,-0.8224194798193295,0.5306380687658622,0.20505959911727975,0.6076394,0.0001057384,0.3687620570257377,2.5364474098382477
both_paths,10,forward,0.45185185185185184,forward,0.06,0.45185185185185184,0.06,0.35388651490211487,0.006411267790795761,0.338134765625,0.364013671875,16384,2883329.0,0.3638545,0.208258,0.682860384508828,0.6082921354279163,0.4045767828793456,0.7324859,7.432079e-05,0.5869191226717545,0.8191254299991901
both_paths,10,forward,0.45185185185185184,forward,0.07,0.45185185185185184,0.07,0.3531092628836632,0.00339328960511188,0.3460693359375,0.361572265625,16384,2883818.0,0.375332,0.1727087,0.6880450596335936,0.6418342297312885,0.33858945266952445,0.8255853,7.815139e-05,0.48543149698311616,0.8120047142033708
both_paths,10,forward,0.45185185185185184,forward,0.08,0.45185185185185184,0.08,0.30888334661722183,0.009658153713339987,0.28466796875,0.322509765625,16384,2884294.0,-0.1888036,-0.0235048,0.9285225969411757,-0.36828998342005165,-0.046992287474361155,1.087342,0.0001008048,-3.0146825296964344,0.38038275216976414
both_paths,10,forward,0.45185185185185184,forward,0.09,0.45185185185185184,0.09,0.2533896639943123,0.011052583962695149,0.23046875,0.2694091796875,16384,2884772.0,-0.1697893,-0.2207516,0.8524812488552649,-0.3011499291047826,-0.4272990060254672,0.947713,0.0001467798,-2.1847202308146647,0.5500827842744559
both_paths,10,forward,0.45185185185185184,forward,0.1,0.45185185185185184,0.1,0.2063973769545555,0.00877092421404267,0.1884765625,0.226318359375,16384,2885238.0,-0.001873227,-0.3835366,0.7199399879137908,-0.002697234666879202,-0.6940310790792027,0.8755972,0.0001934328,-1.5746826384731711,0.7670804799616437
both_paths,10,forward,0.45185185185185184,forward,0.11,0.45185185185185184,0.11,0.1584952101111412,0.008072815492313867,0.1451416015625,0.1771240234375,16384,2885717.0,-0.2957978,-0.3412391,0.6441302768045938,-0.43277118698229305,-0.6307180719002544,1.040418,0.0002227709,-2.1721706766469913,0.8709106068751792
both_paths,10,forward,0.45185185185185184,forward,0.12,0.45185185185185184,0.12,0.1523798108100891,0.012193043495990666,0.1337890625,0.17822265625,16384,2886194.0,-0.02697164,-0.4080321,0.684097032170801,-0.036938273322226364,-0.7284550875236404,1.111497,0.000221277,-1.6214606207063256,0.8174313227900019
both_paths,10,forward,0.45185185185185184,forward,0.13,0.45185185185185184,0.13,0.11246182769536972,0.00634425735331698,0.1016845703125,0.1275634765625,16384,2886672.0,0.00908619,-0.5325163,0.48439570004852406,0.008803591838859275,-0.8748047225211093,0.944483,0.00027689,-1.5607331727687401,1.0651240390174248
both_paths,10,forward,0.45185185185185184,forward,0.14,0.45185185185185184,0.14,0.09088330715894699,0.003958349501483153,0.082275390625,0.1002197265625,16384,2887130.0,0.1552964,-0.6144693,0.319197622427897,0.10245645386503414,-0.9421335111850018,0.894242,0.000313495,-1.4624726162228534,1.2459136286968084
both_paths,10,forward,0.45185185185185184,forward,0.15,0.45185185185185184,0.15,0.08420486003160477,0.0008551516965260861,0.08154296875,0.0877685546875,16384,2887608.0,0.4108107,-0.6599407,0.16909436946201023,0.18181085477493547,-0.9686856596968144,0.8490184,0.000334846,-1.385266587719566,1.4008855925120656
both_paths,10,forward,0.45185185185185184,forward,0.16,0.45185185185185184,0.16,0.08956477046012878,0.003310029966848802,0.0828857421875,0.098388671875,16384,2888086.0,0.8122486,-0.5957237,-0.01987672321349301,0.3697819351895626,-0.9289059351095548,0.83965,0.0003536603,-1.191943373064399,1.590674359070774
both_paths,10,forward,0.45185185185185184,forward,0.17,0.45185185185185184,0.17,0.11722812056541443,0.0053263421572548346,0.1064453125,0.1322021484375,16384,2888537.0,1.006881,-0.538843,-0.20289534305037082,0.4276806012002486,-0.8808647927607655,0.8015597,0.0003490011,-1.1187968032373847,1.7751101907933597
both_paths,10,forward,0.45185185185185184,forward,0.18,0.45185185185185184,0.18,0.1738041713833809,0.009948623149043415,0.15234375,0.1927490234375,16384,2889015.0,-1.332355,-0.4551504,-0.5450592083758969,-0.28160756148812627,-0.7896883186912111,0.7580416,0.0003233939,-1.9133440246529843,2.1472560607934024
both_paths,10,forward,0.45185185185185184,forward,0.19,0.45185185185185184,0.19,0.21090567111968994,0.011756010725689334,0.1905517578125,0.232177734375,16384,2889492.0,-1.243695,-0.3435485,-0.613473226030637,-0.4704463021439745,-0.6342955760074503,0.8022192,0.0002944002,-2.2089533289116408,2.23124751664447
both_paths,10,forward,0.45185185185185184,forward,0.2,0.45185185185185184,0.2,0.23696889728307724,0.008558096876938075,0.2177734375,0.255615234375,16384,2889982.0,-1.457358,-0.3020614,-0.8019102342797051,-0.18512192485341658,-0.568040358685925,0.8167963,0.0002871029,-1.8858381655995125,2.501282060262467
both_paths,11,forward,0.497037037037037,forward,0.0,0.497037037037037,0.0,0.27857817709445953,0.01413271161081192,0.248046875,0.29931640625,16384,2890459.0,1.438624,-0.2402295,-0.8559795251342347,0.2316957398840222,-0.46218625755269444,0.8426344,0.0002319618,-1.1061061999552697,2.5982388024589573
both_paths,11,forward,0.497037037037037,forward,0.01,0.497037037037037,0.01,0.3142264261841774,0.005390061314517439,0.3035888671875,0.325927734375,16384,2890911.0,1.404491,-0.139342,-0.9087259882883838,0.31391433006853864,-0.27509066066829774,0.847931,0.0001928315,-0.7195793825975043,2.7110178681957424
both_paths,11,forward,0.497037037037037,forward,0.02,0.497037037037037,0.02,0.32791659981012344,0.006824110548885085,0.3150634765625,0.34228515625,16384,2891350.0,1.414968,-0.09936704,-0.9330923560638144,0.3006004789571362,-0.19742848605512886,0.8623146,0.0001908248,-0.5811269613623247,2.7737139922753973
both_paths,11,forward,0.497037037037037,forward,0.03,0.497037037037037,0.03,0.34323904663324356,0.004087786522943756,0.3338623046875,0.3526611328125,16384,2891851.0,1.438309,-0.03085257,-0.9632624027138295,0.2613863982244059,-0.06166599015058774,0.7829421,0.0001478597,-0.23168258650943718,2.869692785323496
both_paths,11,forward,0.497037037037037,forward,0.04,0.497037037037037,0.04,0.36061515659093857,0.0026098358230584443,0.354248046875,0.3668212890625,16384,2892327.0,1.456357,0.1017999,-0.953805135412716,0.2221992552888355,0.20219607960941588,0.6789875,0.0001172632,0.7382996657391185,2.8364534299434268
both_paths,11,forward,0.497037037037037,forward,0.05,0.497037037037037,0.05,0.3663347437977791,0.0009847128059103463,0.362548828125,0.3695068359375,16384,2892779.0,1.46127,0.2089472,-0.8921056263125298,0.19860493728743941,0.40583695049438434,0.5707998,0.0001059754,1.1156878120592673,2.672780517456737
both_paths,11,forward,0.497037037037037,forward,0.06,0.497037037037037,0.06,0.36128418892621994,0.002637139792552048,0.3541259765625,0.367919921875,16384,2893255.0,1.111301,0.5272264,-0.2994919423212426,0.39248934515138595,0.8696302032630224,0.3209663,9.163588e-05,1.1468377385242565,1.874956436218925
both_paths,11,forward,0.497037037037037,forward,0.07,0.497037037037037,0.07,0.3386818692088127,0.004765757856824001,0.3280029296875,0.3492431640625,16384,2893745.0,-0.04959491,0.06784529,0.9859380518072413,-0.09811700780967822,0.13527457550115335,1.08749,7.697237e-05,2.1983125549907303,0.16789895016715442
both_paths,11,forward,0.497037037037037,forward,0.08,0.497037037037037,0.08,0.3035446032881737,0.004536977314582562,0.2938232421875,0.313720703125,16384,2894223.0,0.01329076,-0.06984498,0.9899093858725024,0.026319495349269705,-0.13923610137491216,0.9906664,0.0001032044,-1.3839728638518585,0.14218037854778454
both_paths,11,forward,0.497037037037037,forward,0.09,0.497037037037037,0.09,0.29421085119247437,0.011055414653746187,0.2711181640625,0.3154296875,16384,2894675.0,-0.1592756,-0.08282189,0.9366911947557762,-0.30890414852874926,-0.1648873333180115,0.942806,0.0001133722,-2.651286439419765,0.35773822342552414
both_paths,11,forward,0.497037037037037,forward,0.1,0.497037037037037,0.1,0.2543327212333679,0.00788824637866447,0.2412109375,0.2706298828125,16384,2895152.0,0.07034785,-0.1894842,0.9198665710625139,0.13028206438932963,-0.36996226177834357,1.009324,0.0001392254,-1.232207776749934,0.4030561565021186
both_paths,11,forward,0.497037037037037,forward,0.11,0.497037037037037,0.11,0.2018718421459198,0.007626387949881161,0.189453125,0.2203369140625,16384,2895642.0,0.1363674,-0.2894611,0.8061135404472489,0.2254737021082737,-0.5471220792155905,1.221693,0.0001751046,-1.1798952977847488,0.6332415226060357
both_paths,11,forward,0.497037037037037,forward,0.12,0.497037037037037,0.12,0.15315867960453033,0.008210090579902567,0.137451171875,0.169189453125,16384,2896119.0,0.2884265,-0.3205716,0.6717304596258096,0.43708147631749295,-0.5981120067938943,1.238598,0.0002128434,-0.9397173478182719,0.8342540586125727
both_paths,11,forward,0.497037037037037,forward,0.13,0.497037037037037,0.13,0.11237642914056778,0.0072855884309478095,0.099609375,0.1282958984375,16384,2896595.0,0.4167608,-0.3679166,0.4983369039477911,0.5487660306688228,-0.6712050161818777,1.073344,0.0002651751,-0.8854254228107972,1.049116866868608
both_paths,11,forward,0.497037037037037,forward,0.14,0.497037037037037,0.14,0.09507880359888077,0.0024541215330312473,0.090087890625,0.102294921875,16384,2897050.0,0.5591878,-0.3535095,0.3323612868170522,0.683808839130276,-0.6495702014044499,0.9967736,0.0003042572,-0.7597257068708223,1.2319902407059338
both_paths,11,forward,0.497037037037037,forward,0.15,0.497037037037037,0.15,0.08467915654182434,0.0011855710796568712,0.0814208984375,0.0892333984375,16384,2897530.0,0.6251997,-0.4996349,0.17035806717484728,0.5133896193984381,-0.841076231766406,0.8886458,0.0003377113,-1.0227677102873334,1.3996032901044355
both_paths,11,forward,0.497037037037037,forward,0.16,0.497037037037037,0.16,0.09368404000997543,0.0017795428157132114,0.0887451171875,0.0987548828125,16384,2898008.0,0.6892259,-0.7500144,0.013516681984090164,0.06940452127079151,-0.997497023421781,0.8099604,0.0003444479,-1.5013296079508691,1.5572792331924392
both_paths,11,forward,0.497037037037037,forward,0.17,0.497037037037037,0.17,0.12141504138708115,0.00443819211542332,0.11328125,0.1322021484375,16384,2898460.0,-1.215843,-0.6204265,-0.2457209312579391,-0.2111643043541144,-0.9460607065661136,0.778883,0.0003521617,-1.790400423227477,1.8190596829785493
both_paths,11,forward,0.497037037037037,forward,0.18,0.497037037037037,0.18,0.15677385032176971,0.009122521455358502,0.1380615234375,0.1768798828125,16384,2898937.0,1.271459,-0.5096252,-0.4328713700202891,0.29530177698485527,-0.8517154674692393,0.8082907,0.0003385471,-1.2370517904522011,2.0184719359935013
both_paths,11,forward,0.497037037037037,forward,0.19,0.497037037037037,0.19,0.18738561868667603,0.010084792959534279,0.16259765625,0.2021484375,16384,2899440.0,1.231459,-0.4482146,-0.4860387498343624,0.3919764901463617,-0.7811022755260603,0.7904356,0.0003107377,-1.1056899467363168,2.078347688445105
both_paths,11,forward,0.497037037037037,forward,0.2,0.497037037037037,0.2,0.21728220582008362,0.007025969784757716,0.1993408203125,0.2314453125,16384,2899905.0,1.357636,-0.3832715,-0.6558401587180285,0.29786638118145836,-0.6936492666863949,0.7785727,0.0002910519,-1.1651884569502544,2.286091350699413
both_paths,12,forward,0.5422222222222222,forward,0.0,0.5422222222222222,0.0,0.2264833301305771,0.009773779627435754,0.20458984375,0.2454833984375,16384,2900383.0,1.232981,-0.3082705,-0.6366441683222942,0.5102449410348144,-0.5782164846228384,0.8189009,0.000275792,-0.8477645390475779,2.2609350532501096
both_paths,12,forward,0.5422222222222222,forward,0.01,0.5422222222222222,0.01,0.27055540680885315,0.007481936801979318,0.2515869140625,0.288330078125,16384,2900836.0,1.276411,-0.1492809,-0.794833396073093,0.5307711752613384,-0.29414593656654703,0.8691266,0.0002389145,-0.5060513228760519,2.4895293079345358
both_paths,12,forward,0.5422222222222222,forward,0.02,0.5422222222222222,0.02,0.32222483307123184,0.0050729254141544545,0.3109130859375,0.333984375,16384,2901314.0,1.362665,-0.1174391,-0.8894938717023313,0.3932428570540668,-0.23272453153879458,0.8267082,0.0001834918,-0.534374690721346,2.667032669461283
both_paths,12,forward,0.5422222222222222,forward,0.03,0.5422222222222222,0.03,0.3426413834095001,0.007525380666038035,0.325439453125,0.3551025390625,16384,2901805.0,1.376553,-0.02007293,-0.9247376612795546,0.37848306883972627,-0.04013507708828561,0.8259813,0.0001611329,-0.10564711896596135,2.7511420751691964
both_paths,12,forward,0.5422222222222222,forward,0.04,0.5422222222222222,0.04,0.3626835346221924,0.0027297551628498984,0.3546142578125,0.3690185546875,16384,2902282.0,1.526846,0.1070961,-0.9733758666898111,0.08578141951416085,0.21255815724642177,0.6585376,0.0001205105,1.187218892018894,2.9103217298895516
both_paths,12,forward,0.5422222222222222,forward,0.05,0.5422222222222222,0.05,0.3662332072854042,0.0008839381367288322,0.3626708984375,0.369873046875,16384,2902760.0,-1.320784,0.2529034,-0.7676847157141736,-0.4194126465764348,0.4845133735518546,0.4929523,0.0001008983,2.284298651317866,2.446016658779593
both_paths,12,forward,0.5422222222222222,forward,0.06,0.5422222222222222,0.06,0.35821452736854553,0.0030238880622594877,0.349853515625,0.36474609375,16384,2903238.0,-0.01089241,0.3249934,0.7959028904346934,-0.017341344568148183,0.6051758973771751,0.4960049,7.892265e-05,1.5994435359552899,0.6502988708284541
both_paths,12,forward,0.5422222222222222,forward,0.07,0.5422222222222222,0.07,0.3422136679291725,0.006843153427667992,0.3250732421875,0.3525390625,16384,2903702.0,-0.1755471,0.1867306,0.874272023540205,-0.3202187296072146,0.36484023087326417,0.6798903,8.388724e-05,2.291151099468724,0.5068621747271514
both_paths,12,forward,0.5422222222222222,forward,0.08,0.5422222222222222,0.08,0.309780016541481,0.007016912304937391,0.2974853515625,0.3240966796875,16384,2904180.0,-0.0558256,-0.157087,0.9451302161277964,-0.10596561125839274,-0.3090310078177596,0.5799765,0.0001245281,-1.9011287835204533,0.3328033659293709
both_paths,12,forward,0.5422222222222222,forward,0.09,0.5422222222222222,0.09,0.27493005990982056,0.009701935638855195,0.2545166015625,0.2978515625,16384,2904658.0,0.201483,-0.1186492,0.8941231560276448,0.3811591609184656,-0.23507759549369028,1.07362,0.0001207321,-0.5526403186149489,0.4643269903595908
both_paths,12,forward,0.5422222222222222,forward,0.1,0.5422222222222222,0.1,0.24484550952911377,0.009305335127800936,0.224853515625,0.2611083984375,16384,2905135.0,0.009446858,-0.2384244,0.8882871043339938,0.016785041589391987,-0.45898178902083986,1.031101,0.0001461578,-1.5342424474363838,0.477194168034228
both_paths,12,forward,0.5422222222222222,forward,0.11,0.5422222222222222,0.11,0.18472927063703537,0.01301246214224673,0.1590576171875,0.2073974609375,16384,2905600.0,-0.1671546,-0.3798911,0.6848487820313846,-0.23788002200860978,-0.688763559488532,0.942694,0.0002108618,-1.9033427567161654,0.8164001698527947
both_paths,12,forward,0.5422222222222222,forward,0.12,0.5422222222222222,0.12,0.14292652904987335,0.008700239092141725,0.1253662109375,0.1602783203125,16384,2906078.0,-0.1034456,-0.4845122,0.5540314263718895,-0.11628817923510881,-0.8243338146421707,0.912475,0.00025192,-1.710940840742642,0.9835972694375539
both_paths,12,forward,0.5422222222222222,forward,0.13,0.5422222222222222,0.13,0.1134122908115387,0.006137749918497381,0.0992431640625,0.124267578125,16384,2906556.0,0.2686547,-0.4616675,0.5181710399975205,0.3087149723418776,-0.7976176020875179,1.002028,0.000266741,-1.2015065330198036,1.0260852064526078
both_paths,12,forward,0.5422222222222222,forward,0.14,0.5422222222222222,0.14,0.09897097945213318,0.004000501239788057,0.089599609375,0.108642578125,16384,2907009.0,0.5564541,-0.3235701,0.35267626919442613,0.7156271685817611,-0.6029072936486607,1.038502,0.0002992392,-0.7001167558358725,1.2103667191395657
both_paths,12,forward,0.5422222222222222,forward,0.15,0.5422222222222222,0.15,0.08462641388177872,0.0007873798726491058,0.0814208984375,0.0880126953125,16384,2907487.0,0.7192385,-0.2915427,0.11013387732603801,0.8274707280810437,-0.5506021460493599,0.9842724,0.0003441287,-0.5871277841479605,1.4604385810936515
both_paths,12,forward,0.5422222222222222,forward,0.16,0.5422222222222222,0.16,0.09450223296880722,0.001995456221941453,0.0892333984375,0.1002197265625,16384,2907964.0,0.7974667,-0.2376056,-0.02146050769599763,0.8889371024125605,-0.4575262556004747,0.985516,0.0003552649,-0.4753297309439528,1.5922584821173165
both_paths,12,forward,0.5422222222222222,forward,0.17,0.5422222222222222,0.17,0.10384126007556915,0.005479728288083533,0.0938720703125,0.117919921875,16384,2908416.0,0.8927148,-0.2427461,-0.18837725126206215,0.8641513936542989,-0.46664373996902914,0.9592586,0.0003727511,-0.4951350440671325,1.7603058798063502
both_paths,12,forward,0.5422222222222222,forward,0.18,0.5422222222222222,0.18,0.1320182979106903,0.006042704237124036,0.121826171875,0.1473388671875,16384,2908894.0,0.9505844,-0.3019467,-0.2670198900946231,0.7786173632992553,-0.5678515473808016,0.926381,0.0003552877,-0.6301259043498044,1.8410956358515158
both_paths,12,forward,0.5422222222222222,forward,0.19,0.5422222222222222,0.19,0.18007078021764755,0.008046168386085415,0.159912109375,0.19775390625,16384,2909396.0,1.100297,-0.2797477,-0.499175188025201,0.6849229405344994,-0.5307586053843873,0.9257516,0.0003375076,-0.6592583712123257,2.0934429531274237
both_paths,12,forward,0.5422222222222222,forward,0.2,0.5422222222222222,0.2,0.2173510268330574,0.007574489698975158,0.198486328125,0.228515625,16384,2909849.0,1.124201,-0.3048868,-0.5139427872275509,0.6386691468104352,-0.5726818771091041,0.8625284,0.0002774677,-0.730977839704456,2.110571085533613
both_paths,13,forward,0.5874074074074074,forward,0.0,0.5874074074074074,0.0,0.21685341000556946,0.010804958448765164,0.1986083984375,0.240966796875,16384,2910341.0,1.127318,-0.1062055,-0.6175751864346716,0.757731446430885,-0.21081732421681942,0.9370742,0.0003074187,-0.2713589172610442,2.2364522875125123
both_paths,13,forward,0.5874074074074074,forward,0.01,0.5874074074074074,0.01,0.25136322528123856,0.007108335170115072,0.2332763671875,0.264892578125,16384,2910818.0,1.161232,-0.08498996,-0.6730167915086086,0.7200225185036333,-0.1691625584907701,0.9445822,0.0002758132,-0.23075571570251752,2.309076384366649
both_paths,13,forward,0.5874074074074074,forward,0.02,0.5874074074074074,0.02,0.2793770432472229,0.005381294026353252,0.2672119140625,0.2918701171875,16384,2911296.0,1.270727,-0.1061358,-0.8067342964807306,0.5520808526803632,-0.2106810551175972,0.8781768,0.0002438328,-0.3645554495294805,2.509400879805591
both_paths,13,forward,0.5874074074074074,forward,0.03,0.5874074074074074,0.03,0.31725990772247314,0.0077828439087471455,0.2999267578125,0.3326416015625,16384,2911773.0,1.350463,-0.06428922,-0.897001286646314,0.4230214921819341,-0.1282244473843709,0.8474848,0.0001953752,-0.29431275993349804,2.68373444686065
both_paths,13,forward,0.5874074074074074,forward,0.04,0.5874074074074074,0.04,0.35634657740592957,0.003075249272025126,0.34814453125,0.3634033203125,16384,2912239.0,1.473102,0.001979359,-0.9809646007795056,0.19414628673030632,0.003958707660200754,0.7754878,0.0001451779,0.020387508986273506,2.9461644123808672
both_paths,13,forward,0.5874074074074074,forward,0.05,0.5874074074074074,0.05,0.3640320226550102,0.0009551307706219712,0.3603515625,0.367919921875,16384,2912716.0,-1.397562,0.05972624,-0.9338752170670296,-0.3371586008159393,0.1191686067882241,0.5442627,0.0001094358,2.801847915296525,2.7758969859269254
both_paths,13,forward,0.5874074074074074,forward,0.06,0.5874074074074074,0.06,0.3617587983608246,0.0037219250116358477,0.3514404296875,0.36865234375,16384,2913194.0,-0.6815452,0.4179767,0.1382615551537691,-0.6560599074793003,0.7419360755245111,0.437847,8.68739e-05,2.2948435294006835,1.432090431319744
both_paths,13,forward,0.5874074074074074,forward,0.07,0.5874074074074074,0.07,0.3439294844865799,0.006391047530143968,0.3333740234375,0.358154296875,16384,2913659.0,-0.2381323,0.2824868,0.750609988378792,-0.3872188341177274,0.5353935186855531,0.4316199,9.357102e-05,2.196950940875565,0.7218115492550847
both_paths,13,forward,0.5874074074074074,forward,0.08,0.5874074074074074,0.08,0.32143789529800415,0.0051323431369121935,0.3087158203125,0.3306884765625,16384,2914136.0,0.2205948,-0.03740804,0.9017147765080127,0.4258209154199689,-0.07474630303904177,0.5553022,0.0001076896,-0.17376433137049352,0.4470767261710157
both_paths,13,forward,0.5874074074074074,forward,0.09,0.5874074074074074,0.09,0.2928827553987503,0.010785900313537208,0.2713623046875,0.31298828125,16384,2914613.0,0.04659611,-0.06057212,0.9883635556993703,0.09237536910669769,-0.12084814002581426,1.368109,9.764256e-05,-0.9181476946109326,0.15270286440477637
both_paths,13,forward,0.5874074074074074,forward,0.1,0.5874074074074074,0.1,0.24572479724884033,0.010131007351228072,0.22705078125,0.26611328125,16384,2915089.0,0.1489399,-0.1949803,0.8841912194458007,0.2714596923423085,-0.38015197341111784,1.157417,0.000142167,-0.9506817267728147,0.4860365632963443
both_paths,13,forward,0.5874074074074074,forward,0.11,0.5874074074074074,0.11,0.20235903561115265,0.00912394861626394,0.183349609375,0.22021484375,16384,2915553.0,0.3010364,-0.223756,0.7430051991679345,0.5105813545419751,-0.4327238777829343,1.307108,0.0001723526,-0.7030479377214784,0.7332469299105779
both_paths,13,forward,0.5874074074074074,forward,0.12,0.5874074074074074,0.12,0.16882385313510895,0.013556148063055705,0.1451416015625,0.1900634765625,16384,2916030.0,0.3515328,-0.1934898,0.7064523242380562,0.5987483355381782,-0.3773930898531523,1.262047,0.0001951061,-0.5624038833648055,0.7863232775039272
both_paths,13,forward,0.5874074074074074,forward,0.13,0.5874074074074074,0.13,0.13180892914533615,0.005384091390287208,0.121337890625,0.141845703125,16384,2916508.0,0.4954425,-0.2363187,0.4878784393454327,0.7448051386742558,-0.4552361297461874,1.05732,0.0002623171,-0.5486250950325511,1.0611386708986208
both_paths,13,forward,0.5874074074074074,forward,0.14,0.5874074074074074,0.14,0.10271363705396652,0.006513006453268006,0.091064453125,0.120361328125,16384,2916985.0,0.5750354,-0.2902796,0.341505214485884,0.7632372842800779,-0.5484916009965165,1.041682,0.0003021239,-0.6231257233595122,1.2222783976140075
both_paths,13,forward,0.5874074074074074,forward,0.15,0.5874074074074074,0.15,0.0856245830655098,0.0013394138016861066,0.082275390625,0.0899658203125,16384,2917462.0,0.6529677,-0.3444226,0.20208525105319922,0.7450607743712122,-0.6356461230906195,0.9906798,0.0003301314,-0.7063180375364535,1.367309691466227
both_paths,13,forward,0.5874074074074074,forward,0.16,0.5874074074074074,0.16,0.08734472841024399,0.0015724753874988631,0.08349609375,0.09228515625,16384,2917914.0,0.7614867,-0.1980441,0.04410352971080864,0.9215224887075145,-0.38581236563044063,1.033176,0.0003549208,-0.39649554391222885,1.5266784867685779
both_paths,13,forward,0.5874074074074074,forward,0.17,0.5874074074074074,0.17,0.10296951979398727,0.004993630386442237,0.092529296875,0.1153564453125,16384,2918416.0,0.8751884,-0.5469498,-0.0819894679671605,0.4516426666493658,-0.8884236764091284,0.8532586,0.0003442165,-1.1004798808493188,1.6528779330179326
both_paths,13,forward,0.5874074074074074,forward,0.18,0.5874074074074074,0.18,0.14190375059843063,0.006346800678383864,0.1300048828125,0.156494140625,16384,2918869.0,1.336337,-0.5085352,-0.4690973870830396,0.23764768124829574,-0.8505711146219188,0.7749779,0.0003604973,-1.298346149311009,2.059064784879887
both_paths,13,forward,0.5874074074074074,forward,0.19,0.5874074074074074,0.19,0.17798281461000443,0.009833323652834342,0.1558837890625,0.201416015625,16384,2919347.0,1.066627,-0.1715916,-0.5021711887604258,0.7966184891078238,-0.3364863741528156,0.8867148,0.0003376141,-0.39966074466020984,2.096903994932577
both_paths,13,forward,0.5874074074074074,forward,0.2,0.5874074074074074,0.2,0.21236670017242432,0.007637423886255303,0.1947021484375,0.2271728515625,16384,2919812.0,1.068986,-0.07478684,-0.5312535134541209,0.8340046531845605,-0.14901658602032625,0.897768,0.0003000025,-0.1768101600098646,2.130875780089514
both_paths,14,forward,0.6325925925925926,forward,0.0,0.6325925925925926,0.0,0.20025880634784698,0.008206273751289858,0.1820068359375,0.2156982421875,16384,2920289.0,1.074023,-0.1045656,-0.5338309572216012,0.8197088215700394,-0.20761010802012095,0.9893222,0.0003273499,-0.24805674851301696,2.133920954355623
both_paths,14,forward,0.6325925925925926,forward,0.01,0.6325925925925926,0.01,0.23862163722515106,0.009186401139751804,0.2230224609375,0.260009765625,16384,2920767.0,1.124784,-0.04586007,-0.6251984197415988,0.7750728455761803,-0.09159159351736507,0.9727476,0.0002859646,-0.11762608717741552,2.246182066298967
both_paths,14,forward,0.6325925925925926,forward,0.02,0.6325925925925926,0.02,0.27137042582035065,0.01715599135004821,0.240478515625,0.308837890625,16384,2921244.0,1.237314,-0.0212573,-0.7849929911230021,0.6180449833307835,-0.04250179369643035,0.9310514,0.0002671259,-0.06866002723480591,2.4734811400721073
both_paths,14,forward,0.6325925925925926,forward,0.03,0.6325925925925926,0.03,0.304368756711483,0.009386292927663933,0.282958984375,0.32275390625,16384,2921721.0,1.276623,0.01974596,-0.8312107959290779,0.5545537048955159,0.03948165545675515,0.9258338,0.0002150993,0.07107544193695592,2.552078336146058
both_paths,14,forward,0.6325925925925926,forward,0.04,0.6325925925925926,0.04,0.34112122654914856,0.0031030765682894513,0.330322265625,0.346923828125,16384,2922186.0,1.45748,-0.003074788,-0.9744101275799569,0.2246933164590028,-0.006149537240028607,0.7890768,0.0001560107,-0.02736175072638325,2.9148780151851703
both_paths,14,forward,0.6325925925925926,forward,0.05,0.6325925925925926,0.05,0.3619929626584053,0.0019278140850246944,0.3555908203125,0.3668212890625,16384,2922663.0,-1.511874,0.0251461,-0.9918087340595304,-0.11742342783819401,0.050271001958981175,0.6357313,0.0001219633,2.7370845829796373,3.013510857550856
both_paths,14,forward,0.6325925925925926,forward,0.06,0.6325925925925926,0.06,0.36529185622930527,0.0007429472511865717,0.36279296875,0.3682861328125,16384,2923141.0,-1.20279,0.07922985,-0.7318657940091642,-0.6629271774677746,0.15779739203784524,0.4277607,9.71582e-05,2.907910018392684,2.3918522482633113
both_paths,14,forward,0.6325925925925926,forward,0.07,0.6325925925925926,0.07,0.36112961918115616,0.0009212973820910599,0.3580322265625,0.36474609375,16384,2923594.0,-0.8371666,0.02464128,-0.10322650470870279,-0.9934372067110682,0.049262613082688166,0.4504369,9.068968e-05,3.092045189779885,1.6742070414826289
both_paths,14,forward,0.6325925925925926,forward,0.08,0.6325925925925926,0.08,0.3461928889155388,0.005356354106068235,0.3345947265625,0.357177734375,16384,2924084.0,-0.227169,0.01986157,0.897842923674371,-0.43852136360034427,0.039712694116017716,0.758817,7.723226e-05,3.0512785557062223,0.4559504769955378
both_paths,14,forward,0.6325925925925926,forward,0.09,0.6325925925925926,0.09,0.31706415861845016,0.00578729464247605,0.302001953125,0.329345703125,16384,2924561.0,-0.06182923,-0.004051584,0.9923314506837935,-0.12333949930693754,-0.00810307932282424,1.110266,9.199466e-05,-3.07598957063636,0.12392231854342355
both_paths,14,forward,0.6325925925925926,forward,0.1,0.6325925925925926,0.1,0.2775373309850693,0.005752573385115162,0.263671875,0.2879638671875,16384,2925038.0,0.2054867,-0.04196988,0.9135046832074797,0.3980952688339592,-0.08384122309472794,1.271186,0.0001158501,-0.20757245761919485,0.4189792569498988
both_paths,14,forward,0.6325925925925926,forward,0.11,0.6325925925925926,0.11,0.24270929396152496,0.007441013840091058,0.2288818359375,0.26025390625,16384,2925503.0,0.2374889,-0.08556754,0.8763120237767091,0.4506382372749944,-0.17030095739617612,1.25014,0.0001409645,-0.36131996625093965,0.5026437322111043
both_paths,14,forward,0.6325925925925926,forward,0.12,0.6325925925925926,0.12,0.19595736265182495,0.013353846349047863,0.166748046875,0.216552734375,16384,2925980.0,0.3582017,0.04213069,0.7514966835795214,0.6543466525855699,0.08416170636958503,1.188294,0.0001864107,0.12791715849336427,0.7204685626705819
both_paths,14,forward,0.6325925925925926,forward,0.13,0.6325925925925926,0.13,0.13295507431030273,0.005561880102789207,0.119140625,0.1461181640625,16384,2926459.0,0.5100824,0.09323812,0.5141546858267056,0.8374203064475223,0.18539738237574815,1.044519,0.0002580939,0.21787677277352913,1.0307745311711374
both_paths,14,forward,0.6325925925925926,forward,0.14,0.6325925925925926,0.14,0.1133423000574112,0.006427247991617149,0.10400390625,0.13134765625,16384,2926937.0,0.5778097,-0.04110221,0.40198976150502613,0.9119549730324044,-0.08211186763555448,1.115909,0.0002817041,-0.0897972455516407,1.1571074417332665
both_paths,14,forward,0.6325925925925926,forward,0.15,0.6325925925925926,0.15,0.09775974601507187,0.0031059565901549215,0.0916748046875,0.106201171875,16384,2927390.0,0.6572126,-0.05778365,0.25188051569200265,0.9608640686079036,-0.11531022276015516,1.095358,0.0003194085,-0.11943563015142811,1.3161733949553522
both_paths,14,forward,0.6325925925925926,forward,0.16,0.6325925925925926,0.16,0.08779703825712204,0.0009810518433013872,0.0849609375,0.09228515625,16384,2927843.0,0.7379238,-0.05341654,0.09426561516704235,0.9898202068979861,-0.10662997614933223,1.049859,0.000355428,-0.10731276531734757,1.4763905429348323
both_paths,14,forward,0.6325925925925926,forward,0.17,0.6325925925925926,0.17,0.10024818778038025,0.00370607132417058,0.0919189453125,0.1082763671875,16384,2928322.0,0.8171438,-0.08246318,-0.06258765534885859,0.9844428955304647,-0.16417969069750107,1.054033,0.0003688266,-0.16525331679887323,1.6334249158869423
both_paths,14,forward,0.6325925925925926,forward,0.18,0.6325925925925926,0.18,0.12862911075353622,0.008814758607466137,0.1123046875,0.1473388671875,16384,2928800.0,0.9180792,-0.1088984,-0.25606305548415925,0.9422003917848936,-0.21607899790703725,1.011759,0.0003702996,-0.2254361740312829,1.829743590152743
both_paths,14,forward,0.6325925925925926,forward,0.19,0.6325925925925926,0.19,0.18131431937217712,0.007879300205135175,0.16455078125,0.197509765625,16384,2929277.0,1.077768,-0.1339947,-0.5322794483830695,0.8040915254226877,-0.2647931410977827,0.937668,0.0003527828,-0.31812268220729445,2.132087193405383
both_paths,14,forward,0.6325925925925926,forward,0.2,0.6325925925925926,0.2,0.2309269905090332,0.008648805324110716,0.2105712890625,0.2469482421875,16384,2929767.0,1.165237,-0.08198561,-0.6794502772226683,0.7153326918420398,-0.16323743677251373,0.9284478,0.0003160623,-0.22435618191793383,2.317809475961182
both_paths,15,forward,0.6777777777777777,forward,0.0,0.6777777777777777,0.0,0.25957541167736053,0.00754957396431617,0.2445068359375,0.273681640625,16384,2930219.0,1.187785,-0.02854696,-0.7194994781532322,0.6921447288050988,-0.057062906730578004,0.8690982,0.0002625104,-0.08225757492882524,2.3738776753207316
both_paths,15,forward,0.6777777777777777,forward,0.01,0.6777777777777777,0.01,0.307677261531353,0.00911643976276532,0.2943115234375,0.3270263671875,16384,2930721.0,1.28225,0.005640729,-0.8379990784880708,0.5455550188182436,0.011281218700562019,0.9207162,0.0002231301,0.02067547870414632,2.564402260919988
both_paths,15,forward,0.6777777777777777,forward,0.02,0.6777777777777777,0.02,0.31553127616643906,0.006435280924737512,0.305908203125,0.332763671875,16384,2931173.0,1.370814,0.02549138,-0.9198779692164397,0.38887984156039174,0.050960676783218216,0.8935648,0.0002139232,0.1303022919845298,2.7385655578451815
both_paths,15,forward,0.6777777777777777,forward,0.03,0.6777777777777777,0.03,0.3461949899792671,0.0044879889902478,0.33544921875,0.3575439453125,16384,2931638.0,1.44315,-0.0008958064,-0.9675878808061379,0.2525281826729375,-0.0017916118415242056,0.7843725,0.0001540516,-0.007094581536768008,2.8862938505871414
both_paths,15,forward,0.6777777777777777,forward,0.04,0.6777777777777777,0.04,0.3530324473977089,0.005320639895905371,0.3411865234375,0.36328125,16384,2932114.0,1.532817,-0.005061592,-0.9970654370304018,0.07588174303260717,-0.010123011098836244,0.7374841,0.000142349,-0.13262203931399608,3.064963685562399
both_paths,15,forward,0.6777777777777777,forward,0.05,0.6777777777777777,0.05,0.359617181122303,0.0017940595605231114,0.353759765625,0.3641357421875,16384,2932565.0,-1.393755,-0.1166142,-0.9125698536384915,-0.3373424665659409,-0.23111971461004602,0.5446656,0.0001113381,-2.5409239493838522,2.720321443874443
both_paths,15,forward,0.6777777777777777,forward,0.06,0.6777777777777777,0.06,0.36159826070070267,0.001125155455354621,0.357177734375,0.3653564453125,16384,2933066.0,-1.146678,-0.1582881,-0.6284444745391927,-0.7128398702939611,-0.3113147310045681,0.4181191,9.7722e-05,-2.7298331967853238,2.250348154767468
both_paths,15,forward,0.6777777777777777,forward,0.07,0.6777777777777777,0.07,0.34914109110832214,0.0037471460165588973,0.341064453125,0.359130859375,16384,2933517.0,-0.2702254,-0.1526275,0.8178359656170487,-0.49073639336446717,-0.30053639641624846,0.4658261,8.255811e-05,-2.5920913887918684,0.6131560061590631
both_paths,15,forward,0.6777777777777777,forward,0.08,0.6777777777777777,0.08,0.3261442109942436,0.007270720769167154,0.3092041015625,0.340576171875,16384,2934006.0,-0.2427403,0.06427112,0.8771539050781778,-0.46278366808742244,0.12818854612504757,0.8371327,9.584696e-05,2.8713730882336757,0.5008933747314309
both_paths,15,forward,0.6777777777777777,forward,0.09,0.6777777777777777,0.09,0.2708871364593506,0.008023381724717848,0.255615234375,0.286376953125,16384,2934483.0,0.2018127,0.004076809,0.919612577397436,0.39274193496392085,0.008153527656192825,1.503275,0.000109996,0.020757540372105865,0.40370322629892696
both_paths,15,forward,0.6777777777777777,forward,0.1,0.6777777777777777,0.1,0.23356807231903076,0.008836494696045987,0.2177734375,0.2545166015625,16384,2934948.0,0.2672826,0.0153235,0.8600861556406121,0.5092277096603426,0.030642202751018612,1.387079,0.0001419808,0.06010140109847306,0.5353577949974841
both_paths,15,forward,0.6777777777777777,forward,0.11,0.6777777777777777,0.11,0.19418646395206451,0.011348243764738341,0.17236328125,0.2210693359375,16384,2935424.0,0.3489339,0.1582263,0.7281679478938315,0.6106780644251015,0.31119727069834324,1.277382,0.0001869272,0.4712925293790451,0.755151158152655
both_paths,15,forward,0.6777777777777777,forward,0.12,0.6777777777777777,0.12,0.16436558961868286,0.006301487260331785,0.153076171875,0.1783447265625,16384,2935900.0,0.4750328,0.1083093,0.5680369195200831,0.7944430789118349,0.21492848213119356,1.063485,0.0002347503,0.2642149007199883,0.9666777056016529
both_paths,15,forward,0.6777777777777777,forward,0.13,0.6777777777777777,0.13,0.12860491126775742,0.007188646050522925,0.11279296875,0.1436767578125,16384,2936377.0,0.5188343,0.08494714,0.5009123296925947,0.8488223703722266,0.1690781521001807,1.191237,0.0002575563,0.19661797964675687,1.0461437628493333
both_paths,15,forward,0.6777777777777777,forward,0.14,0.6777777777777777,0.14,0.09517556428909302,0.001889989919563351,0.08984375,0.1007080078125,16384,2936853.0,0.703319,0.1386251,0.1571812258197415,0.948881372871137,0.27371189683312935,1.009755,0.0003476814,0.2808339460027991,1.412960579521875
both_paths,15,forward,0.6777777777777777,forward,0.15,0.6777777777777777,0.15,0.09009130299091339,0.0007694190938519302,0.0875244140625,0.093505859375,16384,2937329.0,0.7583491,0.06913702,0.05355564838287378,0.9890063835021312,0.13783383444686398,0.9924276,0.0003689135,0.13847404599255508,1.5172150438600491
both_paths,15,forward,0.6777777777777777,forward,0.16,0.6777777777777777,0.16,0.09472983330488205,0.002046229810098026,0.08984375,0.101318359375,16384,2937806.0,0.8515346,0.1496541,-0.12602387453729702,0.9471937579211974,0.29485923421478183,0.972393,0.0003936494,0.3017891560261172,1.6971561937741335
both_paths,15,forward,0.6777777777777777,forward,0.17,0.6777777777777777,0.17,0.12156336009502411,0.008234022650422631,0.107177734375,0.138671875,16384,2938283.0,0.9230608,0.2279965,-0.2440824632237619,0.8640092846779431,0.4403540701945766,0.9555796,0.0003861078,0.47134855730599234,1.817369752814391
both_paths,15,forward,0.6777777777777777,forward,0.18,0.6777777777777777,0.18,0.1477661281824112,0.007003120965436407,0.1328125,0.1624755859375,16384,2938760.0,1.00052,0.08043853,-0.41170643979441457,0.8971281361559549,0.16018400278788936,0.891396,0.0003835682,0.17669000602581342,1.9951220982949398
both_paths,15,forward,0.6777777777777777,forward,0.19,0.6777777777777777,0.19,0.18386543542146683,0.010992009080876816,0.1634521484375,0.2093505859375,16384,2939212.0,1.059863,0.008657082,-0.5216962429802728,0.8529556141676559,0.017313298938825574,0.9869164,0.0003630846,0.02029521993106087,2.1196343270280633
both_paths,15,forward,0.6777777777777777,forward,0.2,0.6777777777777777,0.2,0.2236611321568489,0.009223482693616876,0.203125,0.24365234375,16384,2939700.0,1.092486,-0.1063633,-0.5632949354822645,0.7988270798311036,-0.21112582075279918,0.9127662,0.0002881491,-0.25838666226354823,2.169164521835956
both_paths,16,forward,0.7229629629629629,forward,0.0,0.7229629629629629,0.0,0.2431815043091774,0.010386260740069174,0.2237548828125,0.2635498046875,16384,2940190.0,1.16613,0.104536,-0.6749565514593843,0.7080647844258602,0.20755219752634707,1.005713,0.0003030022,0.28513850201895474,2.3117021426786164
both_paths,16,forward,0.7229629629629629,forward,0.01,0.7229629629629629,0.01,0.2717902213335037,0.008039937707718273,0.2578125,0.2862548828125,16384,2940654.0,1.217649,0.09336694,-0.7475465473180032,0.6377366486233729,0.18565054967750835,0.9263266,0.000254489,0.28327961193290774,2.4151568933619174
both_paths,16,forward,0.7229629629629629,forward,0.02,0.7229629629629629,0.02,0.29521196335554123,0.006248899833510264,0.2794189453125,0.306640625,16384,2941130.0,1.273807,0.0700959,-0.8205901402209355,0.5541719052432194,0.1397330355044426,0.954473,0.0002471068,0.24699877370695056,2.5332391667927956
both_paths,16,forward,0.7229629629629629,forward,0.03,0.7229629629629629,0.03,0.33290545642375946,0.002338487340985612,0.3267822265625,0.3394775390625,16384,2941581.0,1.36349,0.0098634,-0.9150943441934087,0.402757054640567,0.01972552058857698,0.822699,0.0001667543,0.0489371231242921,2.7265381508842923
both_paths,16,forward,0.7229629629629629,forward,0.04,0.7229629629629629,0.04,0.3483531326055527,0.004843964044704962,0.3348388671875,0.3585205078125,16384,2942069.0,1.476954,-0.01057064,-0.9822193321360009,0.1865430149952312,-0.021139705172903756,0.7518197,0.0001468972,-0.11284208412014163,2.952734976140542
both_paths,16,forward,0.7229629629629629,forward,0.05,0.7229629629629629,0.05,0.35920723527669907,0.004400393352195096,0.34716796875,0.3670654296875,16384,2942520.0,1.5615,0.02193852,-0.9988648850451975,0.018573689066156602,0.043862962714778984,0.6838308,0.0001276279,1.1702408702845943,3.093941215678859
both_paths,16,forward,0.7229629629629629,forward,0.06,0.7229629629629629,0.06,0.3653847649693489,0.0008117629556234806,0.3624267578125,0.3685302734375,16384,2942997.0,-1.298008,0.03201779,-0.8530761645400016,-0.517847568089394,0.0639918253968483,0.4597599,0.0001003739,3.018643240448533,2.5926489606304424
both_paths,16,forward,0.7229629629629629,forward,0.07,0.7229629629629629,0.07,0.3494885489344597,0.005567391653834561,0.33740234375,0.35791015625,16384,2943473.0,-0.2945706,0.03792261,0.8290279561584741,-0.5540497924038753,0.07577252434046121,0.7340074,7.76747e-05,3.005674637024141,0.5934291423805411
both_paths,16,forward,0.7229629629629629,forward,0.08,0.7229629629629629,0.08,0.330399714410305,0.0024766155931052326,0.324951171875,0.3372802734375,16384,2943943.0,-0.07399792,0.06304396,0.9812168134509038,-0.14628558910039505,0.1257540910778041,0.9022102,8.907182e-05,2.4315241171804036,0.1941251360121336
both_paths,16,forward,0.7229629629629629,forward,0.09,0.7229629629629629,0.09,0.28524700552225113,0.008389001141245018,0.2667236328125,0.3023681640625,16384,2944424.0,0.08089289,0.03325778,0.9847587352477266,0.16072471699043206,0.06646652316499965,1.368113,0.0001040465,0.39212627456776206,0.174814981666595
both_paths,16,forward,0.7229629629629629,forward,0.1,0.7229629629629629,0.1,0.22912103682756424,0.007036651557788548,0.2144775390625,0.24365234375,16384,2944890.0,0.1356046,0.1099238,0.9402581457591693,0.2614485477172069,0.21808089377589263,1.244858,0.0001430951,0.6952055869268432,0.3474085922562775
both_paths,16,forward,0.7229629629629629,forward,0.11,0.7229629629629629,0.11,0.18940208852291107,0.006316333819532107,0.17578125,0.2041015625,16384,2945367.0,0.3559955,0.1109912,0.7384864629612915,0.6373112582261914,0.22016381210605374,1.208132,0.0001925996,0.3326221322256262,0.7399734468144341
both_paths,16,forward,0.7229629629629629,forward,0.12,0.7229629629629629,0.12,0.14786958694458008,0.007365802332802115,0.1309814453125,0.160400390625,16384,2945844.0,0.475506,0.1171077,0.5650002486806347,0.79177878771496,0.23207987916975756,1.174192,0.0002389157,0.2851256279400447,0.9703627718164799
both_paths,16,forward,0.7229629629629629,forward,0.13,0.7229629629629629,0.13,0.11138466000556946,0.0056116253309308655,0.0986328125,0.1224365234375,16384,2946322.0,0.6231517,0.1310423,0.3079408606031707,0.9154465859474304,0.2590945284026131,1.071281,0.0003090289,0.27581183725106406,1.2577683677616207
both_paths,16,forward,0.7229629629629629,forward,0.14,0.7229629629629629,0.14,0.09407369792461395,0.002181837350169167,0.0894775390625,0.100830078125,16384,2946798.0,0.6866433,0.08398826,0.1934661903668359,0.9667570059180756,0.1671876930077721,1.061552,0.0003340053,0.1712429047902928,1.37610246433508
both_paths,16,forward,0.7229629629629629,forward,0.15,0.7229629629629629,0.15,0.0898883193731308,0.001179802633810577,0.0863037109375,0.09423828125,16384,2947250.0,0.7822079,0.06747049,0.006322480268266009,0.9908891025530546,0.13453182777640127,1.012484,0.0003719805,0.13494369362117942,1.5644738044036581
both_paths,16,forward,0.7229629629629629,forward,0.16,0.7229629629629629,0.16,0.10786841809749603,0.004900877712513886,0.097412109375,0.1185302734375,16384,2947726.0,0.9098756,0.112051,-0.24022994558967287,0.9449354460141794,0.2222309071843218,0.979895,0.0004093965,0.23098352506551167,1.8133990533460171
both_paths,16,forward,0.7229629629629629,forward,0.17,0.7229629629629629,0.17,0.12011685222387314,0.003075653471424963,0.11328125,0.12841796875,16384,2948202.0,0.8932716,0.08060612,-0.21130120038806088,0.9641508113550785,0.16051484566203994,0.9888636,0.0003837725,0.16497009668817464,1.7837023543247377
both_paths,16,forward,0.7229629629629629,forward,0.18,0.7229629629629629,0.18,0.13882102072238922,0.005558573686502846,0.129150390625,0.14892578125,16384,2948678.0,0.9157432,0.09504166,-0.2531049526600846,0.9488094061437347,0.18894071491372566,1.040537,0.0003601636,0.19656323857954616,1.8266846974491786
both_paths,16,forward,0.7229629629629629,forward,0.19,0.7229629629629629,0.19,0.17714278399944305,0.008488867444799859,0.1595458984375,0.1934814453125,16384,2949153.0,1.030678,-0.02376563,-0.4705875510741358,0.8810731166843075,-0.047513364754017635,0.9066548,0.0003342322,-0.05387451547082511,2.0607528775994726
both_paths,16,forward,0.7229629629629629,forward,0.2,0.7229629629629629,0.2,0.21294552087783813,0.010828610525422508,0.1939697265625,0.2359619140625,16384,2949631.0,1.119417,-0.01142873,-0.6192848660555433,0.7848336652947169,-0.02285546968732035,0.9631514,0.0003418295,-0.02911319056432493,2.2386278968801645
both_paths,0,reverse,0.7229629629629629,reverse,0.2,0.7229629629629629,0.2,0.2070915251970291,0.013525394982546344,0.1800537109375,0.234619140625,16384,2950108.0,1.035982,0.005112522,-0.48042482550707294,0.876976304785551,0.010224865826941189,0.9717346,0.0003072615,0.01165869875211678,2.071935362785873
both_paths,0,reverse,0.7229629629629629,reverse,0.19,0.7229629629629629,0.19,0.17256447672843933,0.007335156986826867,0.156494140625,0.1895751953125,16384,2950584.0,1.012346,0.07513351,-0.43352901433159563,0.8886179496152785,0.14970214879624674,1.017589,0.0003697374,0.16689912732277845,2.019201599806002
both_paths,0,reverse,0.7229629629629629,reverse,0.18,0.7229629629629629,0.18,0.13073357194662094,0.004939688453307956,0.1204833984375,0.14208984375,16384,2951061.0,0.9301982,0.1218144,-0.27713583918551987,0.9300568898734581,0.2412258448795394,0.9669238,0.0003746291,0.25377482639404425,1.851608227711855
both_paths,0,reverse,0.7229629629629629,reverse,0.17,0.7229629629629629,0.17,0.114400215446949,0.004485734091898563,0.1031494140625,0.1259765625,16384,2951537.0,0.9336764,0.002712351,-0.29222443449086727,0.9563343833531031,0.005424675394233965,0.9871986,0.000397956,0.005672301769003241,1.8673483039910315
both_paths,0,reverse,0.7229629629629629,reverse,0.16,0.7229629629629629,0.16,0.09951828420162201,0.0015830593694037723,0.0950927734375,0.104248046875,16384,2952014.0,0.8738484,0.258068,-0.15305491395605594,0.856159483165174,0.4935231835489052,0.90081,0.000400723,0.5229145869467988,1.7244552018628692
both_paths,0,reverse,0.7229629629629629,reverse,0.15,0.7229629629629629,0.15,0.09472250193357468,0.0015528702265965191,0.091064453125,0.1009521484375,16384,2952490.0,0.724573,0.3264757,0.09638799846826553,0.7884241300454721,0.6075333282325523,0.9157218,0.000364204,0.6565343454883772,1.4742584497334223
both_paths,0,reverse,0.7229629629629629,reverse,0.14,0.7229629629629629,0.14,0.10377466678619385,0.0044053985436315396,0.0943603515625,0.11474609375,16384,2952966.0,0.6604156,0.1110219,0.241297082372486,0.9451334497013786,0.22022370511390774,1.043618,0.0003274706,0.22892342621803508,1.3270941209030258
both_paths,0,reverse,0.7229629629629629,reverse,0.13,0.7229629629629629,0.13,0.14567594975233078,0.009662873350160766,0.12890625,0.1668701171875,16384,2953442.0,0.4215446,0.2656497,0.5734667202448964,0.6437682803875306,0.5066540456153916,1.098835,0.0002491376,0.6667717597720193,0.960065020951529
both_paths,0,reverse,0.7229629629629629,reverse,0.12,0.7229629629629629,0.12,0.16538526117801666,0.010388939297476254,0.14453125,0.1859130859375,16384,2953918.0,0.3972337,0.2046751,0.6427756904858822,0.6545416913608745,0.398013298761289,1.210956,0.0002221181,0.5463390437031737,0.8726801853070165
both_paths,0,reverse,0.7229629629629629,reverse,0.11,0.7229629629629629,0.11,0.1945415735244751,0.011314057280390415,0.1707763671875,0.2210693359375,16384,2954369.0,0.3376091,0.1958461,0.7214535839633687,0.5777277666023016,0.3817530011448857,1.405954,0.0001760716,0.5839186059624897,0.7648971457946893
both_paths,0,reverse,0.7229629629629629,reverse,0.1,0.7229629629629629,0.1,0.231248639523983,0.008663175579784275,0.2174072265625,0.25244140625,16384,2954844.0,0.103919,0.2161131,0.8884939186922239,0.1873684966496627,0.4188933073112784,1.066899,0.0001545493,1.1501949228320996,0.47674367895431
both_paths,0,reverse,0.7229629629629629,reverse,0.09,0.7229629629629629,0.09,0.2908457741141319,0.007088749968107141,0.275634765625,0.306884765625,16384,2955333.0,0.2092926,0.0959994,0.8968761340822747,0.39899926546919845,0.19082134647013066,1.171364,0.0001133505,0.4460965961952863,0.4581412581472166
both_paths,0,reverse,0.7229629629629629,reverse,0.08,0.7229629629629629,0.08,0.3097349479794502,0.0063454664698973555,0.2967529296875,0.3251953125,16384,2955833.0,-0.1377776,0.04548171,0.9582959366382386,-0.2709563626673433,0.090838028119968,0.923414,0.0001028698,2.8181183989787417,0.28981788210666104
both_paths,0,reverse,0.7229629629629629,reverse,0.07,0.7229629629629629,0.07,0.32762105017900467,0.007837323329228738,0.31103515625,0.342529296875,16384,2956308.0,-0.06597349,0.003313296,0.9912858544871554,-0.13156155827170096,0.006626543502596042,0.6210638,0.0001000271,3.0912667961456703,0.13211230874223542
both_paths,0,reverse,0.7229629629629629,reverse,0.06,0.7229629629629629,0.06,0.34279174357652664,0.006525731164384951,0.3270263671875,0.3548583984375,16384,2956782.0,-0.08426154,0.03989438,0.9826971955345261,-0.16719292419527326,0.07970412779530908,1.566306,6.231391e-05,2.6967422919542674,0.18629510904449967
both_paths,0,reverse,0.7229629629629629,reverse,0.05,0.7229629629629629,0.05,0.3622298985719681,0.0020488258374470785,0.35595703125,0.36669921875,16384,2957245.0,-0.9537092,-0.07311447,-0.3267755342323814,-0.9338023468491653,-0.1457083636794155,0.4824856,9.501634e-05,-2.9868031658787437,1.9036861156954703
both_paths,0,reverse,0.7229629629629629,reverse,0.04,0.7229629629629629,0.04,0.3613511994481087,0.0022265286184828636,0.353759765625,0.3665771484375,16384,2957720.0,-1.444378,-0.0739336,-0.9576412180716504,-0.24742166424177425,-0.1473289432327421,0.5785613,0.0001192233,-2.6045203463411535,2.849492496338443
both_paths,0,reverse,0.7229629629629629,reverse,0.03,0.7229629629629629,0.03,0.35568758845329285,0.002585528052143798,0.3485107421875,0.3616943359375,16384,2958219.0,1.563635,-0.0290559,-0.9982095901495911,0.014297987871905877,-0.05807909844513782,0.7198298,0.0001422556,-1.3294149523778893,3.081743771112783
both_paths,0,reverse,0.7229629629629629,reverse,0.02,0.7229629629629629,0.02,0.3456357717514038,0.00455967579410731,0.33544921875,0.35546875,16384,2958694.0,1.441978,-0.006496972,-0.9669132153250174,0.25477441188540345,-0.012993578347913879,0.7783351,0.0001535249,-0.05095617814828479,2.8836358055683045
both_paths,0,reverse,0.7229629629629629,reverse,0.01,0.7229629629629629,0.01,0.3023890107870102,0.009320654059447056,0.2838134765625,0.3203125,16384,2959156.0,1.358443,0.05113901,-0.90639807316936,0.40990018883619467,0.10209979503859605,0.841108,0.0002208745,0.24411685693987328,2.705474024743068
both_paths,0,reverse,0.7229629629629629,reverse,0.0,0.7229629629629629,0.0,0.2605591490864754,0.0071199204016471965,0.24560546875,0.27392578125,16384,2959632.0,1.18973,0.06632319,-0.7170106310069716,0.6844002093120575,0.13225773518625122,0.9626418,0.0002813672,0.19089316115824007,2.3703006063418512
both_paths,1,reverse,0.6777777777777777,reverse,0.2,0.6777777777777777,0.2,0.23894177377223969,0.0069064456795103965,0.2274169921875,0.2568359375,16384,2960108.0,1.136171,-0.1151221,-0.6283674785089396,0.743688170644658,-0.2282152860689208,0.95048,0.0002892499,-0.2977471966843175,2.250249173586546
both_paths,1,reverse,0.6777777777777777,reverse,0.19,0.6777777777777777,0.19,0.20291446894407272,0.005628374376612495,0.184326171875,0.2117919921875,16384,2960571.0,1.0616,-0.02204883,-0.5242247893311968,0.850438138138701,-0.044083369311363974,1.013642,0.0003363126,-0.051789715428645966,2.1226008640521203
both_paths,1,reverse,0.6777777777777777,reverse,0.18,0.6777777777777777,0.18,0.15787440538406372,0.004051820046050144,0.1488037109375,0.1689453125,16384,2961047.0,0.9581298,-0.08174917,-0.3341165755975859,0.9283704832070376,-0.16277088136664383,0.9423394,0.0003457456,-0.17356551289832867,1.911464112257824
both_paths,1,reverse,0.6777777777777777,reverse,0.17,0.6777777777777777,0.17,0.12598690390586853,0.009521948993957459,0.107666015625,0.14697265625,16384,2961523.0,0.9458118,-0.07585643,-0.31172949303426983,0.9380746138423315,-0.15113153885657948,0.940126,0.0003840575,-0.15973564059359324,1.8878090086443857
both_paths,1,reverse,0.6777777777777777,reverse,0.16,0.6777777777777777,0.16,0.09551886469125748,0.0025976121672628195,0.0899658203125,0.1025390625,16384,2961999.0,0.8347628,-0.09855144,-0.09666046901306,0.975862544297655,-0.1958291305375237,1.004054,0.0003770736,-0.19804245958740863,1.6676079526350982
both_paths,1,reverse,0.6777777777777777,reverse,0.15,0.6777777777777777,0.15,0.08698312193155289,0.0008487000616225343,0.08447265625,0.090576171875,16384,2962450.0,0.7323398,-0.1211209,0.10282516446258336,0.9653417923832628,-0.23987957276832075,1.056544,0.0003508142,-0.24355872968659797,1.467789099441119
both_paths,1,reverse,0.6777777777777777,reverse,0.14,0.6777777777777777,0.14,0.09982948005199432,0.003952317107776465,0.092529296875,0.1099853515625,16384,2962926.0,0.6509159,-0.00126762,0.26573248094045426,0.9640434747173721,-0.0025352372841495902,1.08506,0.000318178,-0.00262978953360804,1.301832685841247
both_paths,1,reverse,0.6777777777777777,reverse,0.13,0.6777777777777777,0.13,0.11942337453365326,0.0055927055166182255,0.1053466796875,0.130615234375,16384,2963403.0,0.5952153,0.0234998,0.3708501078351038,0.9275035639524614,0.046982298519489464,1.061212,0.0002932871,0.050611316608642376,1.1908720920503393
both_paths,1,reverse,0.6777777777777777,reverse,0.12,0.6777777777777777,0.12,0.13268130272626877,0.006618263078871544,0.119140625,0.1484375,16384,2963879.0,0.5348247,0.0371335,0.47910742326412664,0.8746145567033337,0.07419874780506754,1.190112,0.0002584224,0.08463328881596599,1.071158781416244
both_paths,1,reverse,0.6777777777777777,reverse,0.11,0.6777777777777777,0.11,0.19106478244066238,0.006160953523852453,0.174072265625,0.2000732421875,16384,2964355.0,0.4250407,0.1516314,0.6298078896446009,0.7170486321233678,0.29863569999486217,1.086586,0.0002092112,0.39463120697345033,0.8894904655909278
both_paths,1,reverse,0.6777777777777777,reverse,0.1,0.6777777777777777,0.1,0.2479507029056549,0.011274744840987547,0.2275390625,0.2698974609375,16384,2964831.0,0.1814652,0.008119744,0.9347372339073877,0.35496845741384525,0.016238774227155937,1.084338,0.0001415863,0.04571521762730857,0.3632774615517342
both_paths,1,reverse,0.6777777777777777,reverse,0.09,0.6777777777777777,0.09,0.29561562091112137,0.00389535886897267,0.2869873046875,0.3067626953125,16384,2965319.0,0.1928726,0.04079129,0.923436696462567,0.37499827114310286,0.0814921116795047,0.8665814,0.0001199251,0.21398619776417194,0.3938546564040853
both_paths,1,reverse,0.6777777777777777,reverse,0.08,0.6777777777777777,0.08,0.3234715014696121,0.00517588285582796,0.3118896484375,0.3353271484375,16384,2965795.0,-0.1022646,0.06691247,0.9704018781886719,-0.20129018208261143,0.13342584983820424,0.5314598,0.0001054062,2.556234761708173,0.24390692259672722
both_paths,1,reverse,0.6777777777777777,reverse,0.07,0.6777777777777777,0.07,0.35455766320228577,0.00313357852357184,0.346435546875,0.3626708984375,16384,2966258.0,-0.5650696,0.07237777,0.42207287630756896,-0.895011883415328,0.14425053078170239,0.4981204,8.934544e-05,2.9817952084681263,1.1350656956702598
both_paths,1,reverse,0.6777777777777777,reverse,0.06,0.6777777777777777,0.06,0.3659306466579437,0.0013650431631858566,0.3616943359375,0.3697509765625,16384,2966734.0,-0.8885196,0.044922,-0.20395790491049143,-0.9748594381185243,0.08972317947864916,0.5000237,9.041186e-05,3.049814174590991,1.7761954451704935
both_paths,1,reverse,0.6777777777777777,reverse,0.05,0.6777777777777777,0.05,0.3652089163661003,0.001073687510900146,0.3616943359375,0.36865234375,16384,2967209.0,-1.431865,-0.02447753,-0.960491803679015,-0.27397228165389353,-0.04893550807739007,0.5510825,0.0001085055,-2.96484175330024,2.859560307820072
both_paths,1,reverse,0.6777777777777777,reverse,0.04,0.6777777777777777,0.04,0.35749121755361557,0.00128136574050159,0.353515625,0.362060546875,16384,2967685.0,1.57028,-0.02289477,-0.9989513095424899,0.0010315710225079172,-0.045773540660187004,0.7184406,0.0001348144,-1.5482637365809737,3.0957914789164085
both_paths,1,reverse,0.6777777777777777,reverse,0.03,0.6777777777777777,0.03,0.3339242860674858,0.005016906963610613,0.3226318359375,0.3460693359375,16384,2968173.0,1.39883,0.008895802,-0.9412868918175625,0.3371386651180311,0.017790665385655994,0.8159963,0.000169385,0.05272067934014446,2.7972183944053466
both_paths,1,reverse,0.6777777777777777,reverse,0.02,0.6777777777777777,0.02,0.3248790502548218,0.004017931968268746,0.314453125,0.3336181640625,16384,2968648.0,1.302906,0.002225305,-0.8598618418334726,0.510507399711464,0.004450595307119795,0.8332757,0.0001782194,0.008717763075618556,2.6057953187381218
both_paths,1,reverse,0.6777777777777777,reverse,0.01,0.6777777777777777,0.01,0.2849728539586067,0.012848535706176265,0.264892578125,0.314697265625,16384,2969123.0,1.207192,-0.02317472,-0.7462306902059047,0.6640730564640004,-0.046332846592667266,0.9524776,0.0002497163,-0.06965782296666356,2.413178008042568
both_paths,1,reverse,0.6777777777777777,reverse,0.0,0.6777777777777777,0.0,0.2394908219575882,0.009051011476117442,0.21826171875,0.2589111328125,16384,2969600.0,1.103969,-0.01615066,-0.5945900279602457,0.8033801629386511,-0.03229570322659526,1.018901,0.0003031706,-0.04017814318576329,2.2075519822473924
both_paths,2,reverse,0.6325925925925926,reverse,0.2,0.6325925925925926,0.2,0.21331389248371124,0.011911146750698749,0.186767578125,0.2354736328125,16384,2970063.0,1.151473,-0.1348226,-0.6443151273869747,0.7168644675011984,-0.2663894739934928,0.8813314,0.0003205902,-0.3557897547541842,2.2709237326568115
both_paths,2,reverse,0.6325925925925926,reverse,0.19,0.6325925925925926,0.19,0.19942152500152588,0.008784600156635698,0.186279296875,0.2216796875,16384,2970539.0,1.007736,-0.147529,-0.41157565081810554,0.8637381266733533,-0.29079534415884184,0.9662906,0.0002953755,-0.3247511965443004,1.9949785864265706
both_paths,2,reverse,0.6325925925925926,reverse,0.18,0.6325925925925926,0.18,0.15114593505859375,0.006589144072484332,0.1376953125,0.1661376953125,16384,2971015.0,1.005047,-0.1945056,-0.3935271491843406,0.8374293158347094,-0.37927367933387673,0.8789488,0.0003525501,-0.4252648739955607,1.9752615062349674
both_paths,2,reverse,0.6325925925925926,reverse,0.17,0.6325925925925926,0.17,0.12645377218723297,0.007496647590583778,0.1085205078125,0.1456298828125,16384,2971515.0,0.9415926,-0.2092916,-0.28079942048787976,0.8694462418820336,-0.4064663798284913,0.9583066,0.0003681784,-0.43731149487375465,1.8554232669254407
both_paths,2,reverse,0.6325925925925926,reverse,0.16,0.6325925925925926,0.16,0.0996599793434143,0.005586088379765543,0.087890625,0.11328125,16384,2971965.0,0.8041101,-0.2095704,-0.03417644456437782,0.9127993689053536,-0.40697577662918233,1.053669,0.0003598962,-0.4194012465790693,1.604979428040504
both_paths,2,reverse,0.6325925925925926,reverse,0.15,0.6325925925925926,0.15,0.08615639805793762,0.0013092678607495465,0.0826416015625,0.090576171875,16384,2972441.0,0.7215541,-0.2921346,0.1062174515450349,0.8273248280276005,-0.551589958135914,0.99444,0.0003499175,-0.5880361358139838,1.4643781275639483
both_paths,2,reverse,0.6325925925925926,reverse,0.14,0.6325925925925926,0.14,0.08646994084119797,0.0015077819786034738,0.08203125,0.0921630859375,16384,2972891.0,0.6533403,-0.3718624,0.19212447091314638,0.7104317836812082,-0.6770338753798664,0.9804302,0.0003369863,-0.7613316505836596,1.3774698371978793
both_paths,2,reverse,0.6325925925925926,reverse,0.13,0.6325925925925926,0.13,0.09855160862207413,0.004612709900090831,0.0875244140625,0.111083984375,16384,2973367.0,0.5664824,-0.3833453,0.3053523627586536,0.652275350983126,-0.693755577316354,0.9702632,0.0003176313,-0.8162051100382035,1.26048788357671
both_paths,2,reverse,0.6325925925925926,reverse,0.12,0.6325925925925926,0.12,0.10827285051345825,0.0045756598418360715,0.097900390625,0.1197509765625,16384,2973844.0,0.5073483,-0.293686,0.4394053075507396,0.7069742643728484,-0.5541753921013723,1.129424,0.0002764947,-0.6648274402774157,1.1158597887156692
both_paths,2,reverse,0.6325925925925926,reverse,0.11,0.6325925925925926,0.11,0.15270808339118958,0.009361292647621025,0.132568359375,0.1700439453125,16384,2974344.0,0.3956823,-0.2096635,0.6419804139527161,0.6496871580822167,-0.4071458519058645,1.258128,0.0002167695,-0.5598063867060046,0.8737178799617609
both_paths,2,reverse,0.6325925925925926,reverse,0.1,0.6325925925925926,0.1,0.21544887870550156,0.012135206342773826,0.18896484375,0.2374267578125,16384,2974795.0,0.30084,-0.1247245,0.7988699502715031,0.5485088700119445,-0.24687005098113055,1.432206,0.0001564826,-0.42291617514937707,0.6453821671969793
both_paths,2,reverse,0.6325925925925926,reverse,0.09,0.6325925925925926,0.09,0.23342925310134888,0.014382549637225527,0.2061767578125,0.259765625,16384,2975270.0,0.1744607,-0.1634415,0.8899805977473887,0.3237808656131367,-0.3210926450356792,1.356045,0.0001423222,-0.7812295862083602,0.473493707988344
both_paths,2,reverse,0.6325925925925926,reverse,0.08,0.6325925925925926,0.08,0.27283628284931183,0.01462303439543841,0.2437744140625,0.3038330078125,16384,2975758.0,0.07221385,-0.1013228,0.9693390319750853,0.14098103084248673,-0.20126149664601595,1.56997,0.0001030324,-0.9597436953984073,0.24826979018584247
both_paths,2,reverse,0.6325925925925926,reverse,0.07,0.6325925925925926,0.07,0.31923139095306396,0.010521274456376236,0.2906494140625,0.3349609375,16384,2976234.0,-0.1802336,-0.007870109,0.9356162255068479,-0.3526677537934445,-0.015739568056509178,1.022744,9.591548e-05,-3.0969922325619144,0.3607956924001593
both_paths,2,reverse,0.6325925925925926,reverse,0.06,0.6325925925925926,0.06,0.3414006605744362,0.005369925677543113,0.32861328125,0.35595703125,16384,2976709.0,-0.1185171,0.05758246,0.965599747188055,-0.23326530217369112,0.11491051750027526,1.06648,7.777847e-05,2.6838686484729184,0.26305631297027887
both_paths,2,reverse,0.6325925925925926,reverse,0.05,0.6325925925925926,0.05,0.36181097477674484,0.003269678278760373,0.351806640625,0.3704833984375,16384,2977173.0,-0.70677,0.3096461,0.12752505056980565,-0.8042417339774771,0.5804589518700434,0.3714213,9.227396e-05,2.5164200876301495,1.4429230729740894
both_paths,2,reverse,0.6325925925925926,reverse,0.04,0.6325925925925926,0.04,0.3701636716723442,0.0008404631703135887,0.36669921875,0.37353515625,16384,2977649.0,-1.309864,0.2698877,-0.7436401610764379,-0.42762314818261393,0.5139433373170623,0.479707,9.992176e-05,2.264772832111472,2.4092949398129773
both_paths,2,reverse,0.6325925925925926,reverse,0.03,0.6325925925925926,0.03,0.3683222606778145,0.002191448934326817,0.361083984375,0.3734130859375,16384,2978125.0,-1.519775,0.1227806,-0.96495526374334,-0.09880979303395791,0.2431007276307653,0.6040032,0.0001109516,1.956855955813979,2.8760691711212445
both_paths,2,reverse,0.6325925925925926,reverse,0.02,0.6325925925925926,0.02,0.3479624539613724,0.006060476612300458,0.336181640625,0.3603515625,16384,2978602.0,1.448983,-0.007649762,-0.970355944525252,0.24119553012665734,-0.015298927133197323,0.8251018,0.0001663367,-0.0633447024183873,2.8974955987670397
both_paths,2,reverse,0.6325925925925926,reverse,0.01,0.6325925925925926,0.01,0.3107181787490845,0.007820805826203571,0.292236328125,0.3250732421875,16384,2979065.0,1.349692,-0.02269403,-0.9028779070028502,0.42749599215053896,-0.04537247779633541,0.8693982,0.0002149765,-0.1057395889738566,2.697213889278869
both_paths,2,reverse,0.6325925925925926,reverse,0.0,0.6325925925925926,0.0,0.2695247009396553,0.006917380384784917,0.2545166015625,0.28759765625,16384,2979541.0,1.253282,-0.117215,-0.7830339608707343,0.5769747097377841,-0.23228861454253236,0.929749,0.0002602005,-0.38274365158850054,2.470325192408492
both_paths,3,reverse,0.5874074074074074,reverse,0.2,0.5874074074074074,0.2,0.23217526823282242,0.006508881796648281,0.216552734375,0.2440185546875,16384,2980018.0,1.29009,-0.3579573,-0.63868150687094,0.4016790624268886,-0.6563077506695476,0.7935888,0.0002793303,-1.021579239612568,2.2635798658362023
both_paths,3,reverse,0.5874074074074074,reverse,0.19,0.5874074074074074,0.19,0.18655844032764435,0.008944761236385473,0.1668701171875,0.202880859375,16384,2980507.0,1.326438,-0.4630172,-0.5306518208226844,0.2821692296504273,-0.7992428735347311,0.7486197,0.0003071319,-1.231410803345779,2.130165735707435
both_paths,3,reverse,0.5874074074074074,reverse,0.18,0.5874074074074074,0.18,0.15449707955121994,0.005717109659123551,0.14306640625,0.1666259765625,16384,2980982.0,1.134888,-0.4242112,-0.42541963662971594,0.5061231610013569,-0.7502382812599174,0.7899919,0.0003473536,-0.9773101332719896,2.010221850724671
both_paths,3,reverse,0.5874074074074074,reverse,0.17,0.5874074074074074,0.17,0.11476536840200424,0.0076472223436380125,0.1011962890625,0.1351318359375,16384,2981459.0,0.9265768,-0.4993361,-0.15085038812420345,0.5199796529883429,-0.8407528298381752,0.8827378,0.0003480571,-1.016907173685035,1.722224775324671
both_paths,3,reverse,0.5874074074074074,reverse,0.16,0.5874074074074074,0.16,0.09301257878541946,0.004549109811986434,0.0859375,0.1064453125,16384,2981911.0,0.8474376,-0.2754085,-0.10545618093819654,0.845546353404236,-0.5233835669437179,0.9488354,0.0003791704,-0.5542648386761937,1.6764489555823403
both_paths,3,reverse,0.5874074074074074,reverse,0.15,0.5874074074074074,0.15,0.08478636294603348,0.0007661501449480664,0.0823974609375,0.0887451171875,16384,2982389.0,0.7045129,-0.3920249,0.1140442302899374,0.6988149077550742,-0.706152701784,0.9444648,0.0003490742,-0.7906208655168792,1.456503426819207
both_paths,3,reverse,0.5874074074074074,reverse,0.14,0.5874074074074074,0.14,0.08867292106151581,0.0026480194153079254,0.0828857421875,0.096435546875,16384,2982865.0,0.563639,-0.4411347,0.2726630371907704,0.5739237963146269,-0.7721828437447384,0.946361,0.0003255755,-0.9316301527009432,1.2946364619639685
both_paths,3,reverse,0.5874074074074074,reverse,0.13,0.5874074074074074,0.13,0.11185188591480255,0.0033716391641877585,0.1041259765625,0.1201171875,16384,2983341.0,0.2733079,-0.4979253,0.46455290587306586,0.2826611748747978,-0.8392218168418224,0.9625028,0.0002844753,-1.2459169662395808,1.087666662456084
both_paths,3,reverse,0.5874074074074074,reverse,0.12,0.5874074074074074,0.12,0.1502668708562851,0.007455360596343566,0.1373291015625,0.1668701171875,16384,2983818.0,0.2071213,-0.4224308,0.6076886003071115,0.2671913182532782,-0.7478792446022681,1.009931,0.0002415001,-1.2276637802723311,0.9176494278373883
both_paths,3,reverse,0.5874074074074074,reverse,0.11,0.5874074074074074,0.11,0.16722852736711502,0.009411835846444257,0.1466064453125,0.184326171875,16384,2984294.0,0.09038778,-0.3814749,0.7110223164486056,0.12995417685369873,-0.6910565660134752,1.121826,0.0002106034,-1.384915725900517,0.7798453147653811
both_paths,3,reverse,0.5874074074074074,reverse,0.1,0.5874074074074074,0.1,0.20969919860363007,0.007279539642992999,0.1973876953125,0.227783203125,16384,2984770.0,0.2297381,-0.3051812,0.7344520302751021,0.3634043390957045,-0.5731644629172282,1.092461,0.0001860448,-1.0057287767957517,0.7459374271954083
both_paths,3,reverse,0.5874074074074074,reverse,0.09,0.5874074074074074,0.09,0.267630398273468,0.009678880976815662,0.2454833984375,0.28564453125,16384,2985259.0,0.0128665,-0.1551876,0.9519037885788185,0.024500748458322317,-0.3054159305181605,1.357808,0.0001199627,-1.4907468248618283,0.3114057640379335
both_paths,3,reverse,0.5874074074074074,reverse,0.08,0.5874074074074074,0.08,0.2940028980374336,0.008665770778965597,0.2762451171875,0.3118896484375,16384,2985710.0,0.140747,-0.07493744,0.9498724764919474,0.274677053096765,-0.1493144162669226,1.407313,9.846404e-05,-0.4979162243813895,0.31796857796854916
both_paths,3,reverse,0.5874074074074074,reverse,0.07,0.5874074074074074,0.07,0.32948291301727295,0.005001119216238046,0.319580078125,0.34130859375,16384,2986187.0,0.1226945,0.04917649,0.9653549158302224,0.24175965042355937,0.09819449021967988,0.996551,8.662556e-05,0.38581035382619566,0.263996212684109
both_paths,3,reverse,0.5874074074074074,reverse,0.06,0.5874074074074074,0.06,0.3485962748527527,0.005751079505178518,0.335205078125,0.35986328125,16384,2986662.0,-0.03040081,0.1931323,0.9246110549399359,-0.05628722868060957,0.37673086543355544,0.775435,7.900599e-05,1.7191088700657549,0.3907830889783853
both_paths,3,reverse,0.5874074074074074,reverse,0.05,0.5874074074074074,0.05,0.36660756170749664,0.002313829497655215,0.3612060546875,0.373046875,16384,2987151.0,-0.9348436,0.5256321,-0.14619196634898715,-0.47446221704359626,0.8680515615866905,0.4055359,9.040942e-05,2.071012327964607,1.7175141039656767
both_paths,3,reverse,0.5874074074074074,reverse,0.04,0.5874074074074074,0.04,0.3704061582684517,0.0009124641361742026,0.36669921875,0.373779296875,16384,2987602.0,1.527288,0.2591495,-0.8653764772777996,0.07549280266861771,0.4954032592943884,0.5280848,0.0001033836,1.4195731480575988,2.616697480098309
both_paths,3,reverse,0.5874074074074074,reverse,0.03,0.5874074074074074,0.03,0.3651038035750389,0.0021382666019652873,0.358642578125,0.3714599609375,16384,2988054.0,1.512692,0.1024875,-0.9724626347411789,0.11352004272612842,0.20354268331655279,0.6766162,0.0001182068,1.06204456539513,2.906370690128174
both_paths,3,reverse,0.5874074074074074,reverse,0.02,0.5874074074074074,0.02,0.34743674099445343,0.00501747507183137,0.3345947265625,0.35888671875,16384,2988529.0,1.417637,-0.0296768,-0.9517712028515543,0.30101970445564163,-0.059318757167895295,0.8088164,0.0001540238,-0.1945664509758176,2.8297544548700064
both_paths,3,reverse,0.5874074074074074,reverse,0.01,0.5874074074074074,0.01,0.3319495767354965,0.008176522380432117,0.3134765625,0.3480224609375,16384,2989008.0,1.428117,-0.0928858,-0.9430505743843679,0.2766581094480326,-0.1847049123059651,0.8150267,0.000171449,-0.5886683768128553,2.802481086654698
both_paths,3,reverse,0.5874074074074074,reverse,0.0,0.5874074074074074,0.0,0.29943548887968063,0.0073250471571421095,0.2877197265625,0.31689453125,16384,2989481.0,1.429409,-0.1966335,-0.8869787648517862,0.257721272765089,-0.3832080587179013,0.8180226,0.0002031232,-0.97874123463943,2.6615576641719043
both_paths,4,reverse,0.5422222222222222,reverse,0.2,0.5422222222222222,0.2,0.26924335956573486,0.012296914034465516,0.2457275390625,0.2962646484375,16384,2989960.0,-1.562326,-0.2985212,-0.8268833232348797,-0.014009284118682146,-0.562198994764775,0.7876688,0.0002481536,-1.5957098995212184,2.544339211525002
both_paths,4,reverse,0.5422222222222222,reverse,0.19,0.5422222222222222,0.19,0.24001336842775345,0.005091472967713967,0.23046875,0.2550048828125,16384,2990413.0,-1.479209,-0.383947,-0.7073402639364231,-0.13103564081401903,-0.694621776113311,0.7647196,0.0002702368,-1.7572483750282484,2.356524739202006
both_paths,4,reverse,0.5422222222222222,reverse,0.18,0.5422222222222222,0.18,0.1705133616924286,0.004554956467967326,0.1600341796875,0.1806640625,16384,2990878.0,-1.502862,-0.5953622,-0.3675682623964555,-0.0502505996941551,-0.9286379540538003,0.758752,0.0003138121,-1.6248557573641993,1.9471892106426438
both_paths,4,reverse,0.5422222222222222,reverse,0.17,0.5422222222222222,0.17,0.1131148487329483,0.006416627761107121,0.10205078125,0.130126953125,16384,2991356.0,1.332463,-0.617951,-0.2920323520678406,0.1508000649171429,-0.9444450464514652,0.7786749,0.0003706071,-1.4124623026423144,1.8671474606001073
both_paths,4,reverse,0.5422222222222222,reverse,0.16,0.5422222222222222,0.16,0.10854064673185349,0.006622787913001688,0.09521484375,0.1248779296875,16384,2991834.0,-1.115401,-0.5845226,-0.23974922692498002,-0.30890980695050746,-0.9203776612666534,0.7799328,0.0003675591,-1.8946158264652098,1.8129038629656449
both_paths,4,reverse,0.5422222222222222,reverse,0.15,0.5422222222222222,0.15,0.09236398339271545,0.0023890224881663287,0.0859375,0.0986328125,16384,2992313.0,-0.841718,-0.6294747,-0.034486732947595286,-0.30487266216367237,-0.9517685249659376,0.804345,0.0003568338,-1.88079158625801,1.605289899448721
both_paths,4,reverse,0.5422222222222222,reverse,0.14,0.5422222222222222,0.14,0.0856536328792572,0.00116245691892631,0.0823974609375,0.0899658203125,16384,2992790.0,-0.252177,-0.6335331,0.26184206248143876,-0.14452881679011895,-0.9542275176459305,0.86404,0.0003268736,-1.7211153946199023,1.3058659626412634
both_paths,4,reverse,0.5422222222222222,reverse,0.13,0.5422222222222222,0.13,0.10954608768224716,0.006632713835605214,0.0968017578125,0.1243896484375,16384,2993268.0,-0.1281161,-0.5013111,0.5205261169474105,-0.13637322284958256,-0.8428848709433981,0.9963574,0.0002716297,-1.7311997489681563,1.023329318450387
both_paths,4,reverse,0.5422222222222222,reverse,0.12,0.5422222222222222,0.12,0.13906995207071304,0.006647584376956676,0.1263427734375,0.153564453125,16384,2993746.0,-0.1281421,-0.4513873,0.5992025505454841,-0.15701904786828805,-0.7850486112504899,0.9997108,0.0002487287,-1.7682033087655915,0.9282916576501907
both_paths,4,reverse,0.5422222222222222,reverse,0.11,0.5422222222222222,0.11,0.18013548851013184,0.005780821686745254,0.1697998046875,0.1964111328125,16384,2994223.0,-0.0857479,-0.3393783,0.7669359742925216,-0.13283108214282743,-0.6278257042784615,1.146738,0.0001946873,-1.7792947784853643,0.6967435758735318
both_paths,4,reverse,0.5422222222222222,reverse,0.1,0.5422222222222222,0.1,0.24165048450231552,0.011837668129512917,0.2183837890625,0.26513671875,16384,2994701.0,-0.06564966,-0.208999,0.9060371326050093,-0.11965042254114154,-0.4059316330696821,1.33721,0.0001362968,-1.8574343753431513,0.4369722968141155
both_paths,4,reverse,0.5422222222222222,reverse,0.09,0.5422222222222222,0.09,0.28591833263635635,0.006376779931906137,0.274658203125,0.3057861328125,16384,2995167.0,-0.1297864,-0.1087996,0.9437082617067174,-0.25061509352078404,-0.21588606181514958,1.378513,0.000106764,-2.430503172472311,0.33712887470909275
both_paths,4,reverse,0.5422222222222222,reverse,0.08,0.5422222222222222,0.08,0.322191521525383,0.009862007859166699,0.3018798828125,0.338134765625,16384,2995645.0,-0.09049252,0.008183954,0.9835351008398733,-0.17997450077086402,0.016367177159749165,1.699383,7.507091e-05,3.0509004792209513,0.18171560607422663
both_paths,4,reverse,0.5422222222222222,reverse,0.07,0.5422222222222222,0.07,0.3462652117013931,0.004981650561413689,0.33544921875,0.358154296875,16384,2996123.0,0.03005424,0.2174774,0.905251273878844,0.05447890519486356,0.4213694104102709,0.6802687,8.255434e-05,1.4422194600914207,0.43882557319288396
both_paths,4,reverse,0.5422222222222222,reverse,0.06,0.5422222222222222,0.06,0.36243847757577896,0.002618017864153713,0.3543701171875,0.3680419921875,16384,2996614.0,0.3452296,0.3948789,0.5427647299332768,0.4483825003035368,0.7101827802488637,0.5049617,8.090429e-05,1.0076350853016605,0.9970709086650039
both_paths,4,reverse,0.5422222222222222,reverse,0.05,0.5422222222222222,0.05,0.36939266324043274,0.0009348934167611754,0.3658447265625,0.372802734375,16384,2997092.0,1.245966,0.4447478,-0.5015059948231299,0.3809785971349578,0.7767541732630359,0.3996684,9.10356e-05,1.1147976142995342,2.0961349501437088
both_paths,4,reverse,0.5422222222222222,reverse,0.04,0.5422222222222222,0.04,0.3671201840043068,0.001923606397653088,0.3616943359375,0.37255859375,16384,2997544.0,1.509782,0.1347737,-0.9567237708968876,0.11733068269622893,0.26629520667649353,0.6333565,0.000115262,1.1557836916814956,2.8463232144525588
both_paths,4,reverse,0.5422222222222222,reverse,0.03,0.5422222222222222,0.03,0.3565823435783386,0.005005516062916133,0.3465576171875,0.364990234375,16384,2997996.0,1.482094,0.01196642,-0.9840231404615726,0.17642501964466487,0.02393055535343597,0.7497626,0.0001387161,0.1348186980637145,2.962597765001236
both_paths,4,reverse,0.5422222222222222,reverse,0.02,0.5422222222222222,0.02,0.3342084214091301,0.004485497128320725,0.3238525390625,0.343994140625,16384,2998473.0,1.403548,-0.08857816,-0.9297919480159725,0.3231555769450076,-0.17623111670190988,0.7988523,0.0001606269,-0.4992619060616965,2.7646435398225426
both_paths,4,reverse,0.5422222222222222,reverse,0.01,0.5422222222222222,0.01,0.3109004721045494,0.008395626660772322,0.2933349609375,0.328369140625,16384,2998963.0,1.488247,-0.1856205,-0.9192063243454757,0.15315379495161613,-0.36277217144538315,0.862059,0.0002135045,-1.1713198500828594,2.7368564967927287
both_paths,4,reverse,0.5422222222222222,reverse,0.0,0.5422222222222222,0.0,0.2844155877828598,0.008447573094723196,0.26806640625,0.3065185546875,16384,2999439.0,1.517605,-0.2648825,-0.8580474684936776,0.0916272845537749,-0.505330567586103,0.7927873,0.0002183871,-1.391423679905759,2.602251960809848
both_paths,5,reverse,0.497037037037037,reverse,0.2,0.497037037037037,0.2,0.2762811928987503,0.009405071077727284,0.259521484375,0.2935791015625,16384,2999890.0,-1.257237,-0.2034901,-0.7435839062227001,-0.538883343142846,-0.39583799323685487,0.7962401,0.0002200852,-2.5080516057463305,2.409210802962123
both_paths,5,reverse,0.497037037037037,reverse,0.19,0.497037037037037,0.19,0.240540511906147,0.008777894796589553,0.218994140625,0.2568359375,16384,3000366.0,-1.376229,-0.3218576,-0.7400712984425257,-0.3034615837888134,-0.6001712592135507,0.7372258,0.0002611088,-2.038933791212335,2.4039726944623703
both_paths,5,reverse,0.497037037037037,reverse,0.18,0.497037037037037,0.18,0.19382455945014954,0.01172155587296692,0.170166015625,0.2186279296875,16384,3000856.0,-1.099347,-0.3268558,-0.4663324813391017,-0.6424199844371735,-0.6081369750671785,0.8145678,0.0002921494,-2.383601818305226,2.055936634237638
both_paths,5,reverse,0.497037037037037,reverse,0.17,0.497037037037037,0.17,0.13930587470531464,0.005711458832038043,0.12841796875,0.15380859375,16384,3001307.0,-0.9783574,-0.3494229,-0.2881741045275472,-0.7092788137056836,-0.6433344774749793,0.8676984,0.0003467098,-2.404909199513937,1.8631158309398088
both_paths,5,reverse,0.497037037037037,reverse,0.16,0.497037037037037,0.16,0.10551045089960098,0.006948929500335047,0.0938720703125,0.1236572265625,16384,3001783.0,-0.9561484,-0.4252527,-0.2209020205038558,-0.6215133914810946,-0.7516138646585636,0.8347553,0.0003735442,-2.261728920638819,1.7935355690223251
both_paths,5,reverse,0.497037037037037,reverse,0.15,0.497037037037037,0.15,0.09080266952514648,0.0013538587625523439,0.0865478515625,0.0955810546875,16384,3002267.0,-0.8101427,-0.3586657,-0.03727789784392312,-0.7526400714070168,-0.657376057705769,0.8797706,0.0003666184,-2.4236543282558727,1.6080828638623732
both_paths,5,reverse,0.497037037037037,reverse,0.14,0.497037037037037,0.14,0.08585205674171448,0.0007559617919971874,0.083251953125,0.0888671875,16384,3002746.0,-0.6913836,-0.3395741,0.14544638580073518,-0.7643935338899834,-0.6281304595421928,0.9222028,0.0003435285,-2.453737252947355,1.424832185610764
both_paths,5,reverse,0.497037037037037,reverse,0.13,0.497037037037037,0.13,0.09328385442495346,0.001887286113212228,0.0880126953125,0.098388671875,16384,3003224.0,-0.6035558,-0.290937,0.29718094743783224,-0.780790472374284,-0.5495905045845452,0.9895996,0.0003162122,-2.5282608058211373,1.2690574751959172
both_paths,5,reverse,0.497037037037037,reverse,0.12,0.497037037037037,0.12,0.11484920978546143,0.006253901171349274,0.10302734375,0.1300048828125,16384,3003703.0,-0.4604663,-0.3435438,0.4677836743891358,-0.615513424007052,-0.6342883089275049,1.051259,0.0002765837,-2.3411733293854686,1.0840148186886196
both_paths,5,reverse,0.497037037037037,reverse,0.11,0.497037037037037,0.11,0.14536388963460922,0.006411472490972108,0.1337890625,0.1614990234375,16384,3004181.0,-0.3840391,-0.3483049,0.5516782738701178,-0.5328916833309543,-0.6416210220810952,0.998167,0.0002502763,-2.263883590410292,0.9864212435738673
both_paths,5,reverse,0.497037037037037,reverse,0.1,0.497037037037037,0.1,0.19520410895347595,0.006560139380784989,0.1806640625,0.2080078125,16384,3004634.0,-0.2161131,-0.2647836,0.7836580154714097,-0.36151572517638475,-0.5051598709691857,1.259279,0.0001787923,-2.1919460732974536,0.6702634893631978
both_paths,5,reverse,0.497037037037037,reverse,0.09,0.497037037037037,0.09,0.23080455511808395,0.007806408550127573,0.2177734375,0.249755859375,16384,3005112.0,-0.18693,-0.1900716,0.8644672688846509,-0.33913961429522355,-0.37105345038525067,1.450796,0.0001398739,-2.311287855294694,0.5267066853791216
both_paths,5,reverse,0.497037037037037,reverse,0.08,0.497037037037037,0.08,0.26484711468219757,0.00945910760535799,0.2430419921875,0.2802734375,16384,3005603.0,-0.07550322,-0.1332801,0.953704776939845,-0.1451203004286871,-0.26341468608566215,1.502075,0.0001124808,-2.0743452523764043,0.30547310061599814
both_paths,5,reverse,0.497037037037037,reverse,0.07,0.497037037037037,0.07,0.307181678712368,0.008505288929478069,0.291259765625,0.32568359375,16384,3006062.0,0.04134147,-0.01654026,0.9960384712409178,0.08254357713163234,-0.033074486879913635,1.512246,8.364453e-05,-0.38110211702825936,0.089040969717499
both_paths,5,reverse,0.497037037037037,reverse,0.06,0.497037037037037,0.06,0.34326985478401184,0.003906031274838843,0.3350830078125,0.351806640625,16384,3006541.0,-0.04836046,0.1290913,0.9623366882932678,-0.09336942660063412,0.25532381115167213,0.4685605,9.345106e-05,1.9213801430253383,0.2753257568376223
both_paths,5,reverse,0.497037037037037,reverse,0.05,0.497037037037037,0.05,0.3620843291282654,0.00153457195520089,0.3563232421875,0.3660888671875,16384,3007005.0,0.9827488,0.2830206,-0.3245571787266817,0.7791343952556665,0.5362949112816227,0.4144405,9.56862e-05,0.6028449291325444,1.9013398523834217
both_paths,5,reverse,0.497037037037037,reverse,0.04,0.497037037037037,0.04,0.36816806346178055,0.0008755204967813221,0.3648681640625,0.37158203125,16384,3007483.0,1.402748,0.1582589,-0.8971535940940347,0.3134216309618823,0.31125923255278665,0.6100201,0.0001109371,0.7819365722101326,2.6840791326274362
both_paths,5,reverse,0.497037037037037,reverse,0.03,0.497037037037037,0.03,0.36142250895500183,0.0017177840552506883,0.3568115234375,0.366455078125,16384,3007963.0,1.451049,0.03112949,-0.9695758078039339,0.23675214466123332,0.062218766619529325,0.7120371,0.0001246148,0.2569901676224866,2.894288273895726
both_paths,5,reverse,0.497037037037037,reverse,0.02,0.497037037037037,0.02,0.3388330712914467,0.0067718010688532825,0.3232421875,0.3524169921875,16384,3008442.0,1.559068,-0.0983493,-0.9804473325239951,0.023002232318140473,-0.1954326622009861,0.7928577,0.0001654089,-1.4536363332461808,2.943518326091395
both_paths,5,reverse,0.497037037037037,reverse,0.01,0.497037037037037,0.01,0.31037362664937973,0.00772385798971805,0.2943115234375,0.33056640625,16384,3008907.0,-1.52876,-0.1638023,-0.9434716646543055,-0.0795075802173077,-0.32177595106288165,0.829045,0.0002036921,-1.813034180897986,2.8037492347624906
both_paths,5,reverse,0.497037037037037,reverse,0.0,0.497037037037037,0.0,0.2783561125397682,0.009268680160565335,0.2603759765625,0.2933349609375,16384,3009384.0,-1.404296,-0.1789165,-0.885203394340669,-0.3061750593016723,-0.3502453193254344,0.8467868,0.000249058,-2.2891578385229656,2.6577273713220793
both_paths,6,reverse,0.45185185185185184,reverse,0.2,0.45185185185185184,0.2,0.24504650384187698,0.0106859579363339,0.224609375,0.26513671875,16384,3009862.0,-1.268482,-0.1733893,-0.7737391428213539,-0.5346177736935404,-0.3398699382367305,0.8468024,0.0002943864,-2.5753180543759195,2.455518705759922
both_paths,6,reverse,0.45185185185185184,reverse,0.19,0.45185185185185184,0.19,0.1954219937324524,0.007574824684210141,0.1766357421875,0.21044921875,16384,3010339.0,-1.167834,-0.2416206,-0.6131550661592208,-0.6388581123701362,-0.46465167287135417,0.8550928,0.0003339616,-2.512768120321299,2.2308447005657155
both_paths,6,reverse,0.45185185185185184,reverse,0.18,0.45185185185185184,0.18,0.16326766461133957,0.012685454631912417,0.1427001953125,0.1868896484375,16384,3010803.0,-1.073316,-0.1645121,-0.515325948281023,-0.7937460611570308,-0.32311972614800777,0.8813558,0.0003679463,-2.7549960608527293,2.112184271500664
both_paths,6,reverse,0.45185185185185184,reverse,0.17,0.45185185185185184,0.17,0.1232883632183075,0.005656572896060645,0.111572265625,0.134765625,16384,3011279.0,-0.9054978,-0.3576979,-0.17957205359632497,-0.7331628571896535,-0.6559162312404706,0.8590746,0.0003468993,-2.411747227587443,1.7513477430613487
both_paths,6,reverse,0.45185185185185184,reverse,0.16,0.45185185185185184,0.16,0.10971318930387497,0.006045688458091107,0.097412109375,0.12255859375,16384,3011756.0,-0.9718458,-0.5107784,-0.1901856383277202,-0.48616240653540954,-0.8529217651376806,0.7787379,0.0003625465,-2.0888622008251363,1.7621475594267038
both_paths,6,reverse,0.45185185185185184,reverse,0.15,0.45185185185185184,0.15,0.08845508098602295,0.0013280461826993954,0.083984375,0.0924072265625,16384,3012232.0,-0.5225787,-0.5080634,0.26426117151053985,-0.45556483515491314,-0.8500745344980956,0.890148,0.0003298193,-2.062758833321931,1.3033585460405623
both_paths,6,reverse,0.45185185185185184,reverse,0.14,0.45185185185185184,0.14,0.08730336278676987,0.0010510740666699928,0.083984375,0.091552734375,16384,3012708.0,-0.5964364,-0.45007,0.22932821718362695,-0.5776427851565837,-0.7834139273461533,0.902213,0.0003322008,-2.2061459761201214,1.3394088767204766
both_paths,6,reverse,0.45185185185185184,reverse,0.13,0.45185185185185184,0.13,0.10833751410245895,0.006213349407316301,0.09619140625,0.1221923828125,16384,3013184.0,-0.3994898,-0.4096152,0.4761995245619117,-0.4893133832253214,-0.7306205758145597,1.007074,0.000280078,-2.1609118501939863,1.074468674708274
both_paths,6,reverse,0.45185185185185184,reverse,0.12,0.45185185185185184,0.12,0.1369471475481987,0.004592174897674429,0.1279296875,0.1502685546875,16384,3013635.0,-0.2377967,-0.4693709,0.5252369383496412,-0.2705089368085376,-0.8068153900985093,0.9444598,0.0002638054,-1.8942977151242584,1.0178027997863386
both_paths,6,reverse,0.45185185185185184,reverse,0.11,0.45185185185185184,0.11,0.17940838634967804,0.006376455555073195,0.164794921875,0.191162109375,16384,3014135.0,-0.3007989,-0.3017574,0.6787930294973644,-0.46598124410879704,-0.5675398692996007,1.136056,0.000206373,-2.2582442663203977,0.8246785792094056
both_paths,6,reverse,0.45185185185185184,reverse,0.1,0.45185185185185184,0.1,0.2316902056336403,0.008443118047375155,0.208984375,0.250732421875,16384,3014585.0,-0.2679334,-0.2530538,0.7520368842156431,-0.446578417310749,-0.4847764866115662,1.028576,0.0001757063,-2.315204022387886,0.7196493681096418
both_paths,6,reverse,0.45185185185185184,reverse,0.09,0.45185185185185184,0.09,0.24236711859703064,0.010052162710737363,0.2244873046875,0.2608642578125,16384,3015073.0,-0.08561832,-0.1896653,0.9153271833105435,-0.1582876872801635,-0.3702987382483012,1.346869,0.0001347718,-1.9747482872073567,0.41447670289533506
both_paths,6,reverse,0.45185185185185184,reverse,0.08,0.45185185185185184,0.08,0.27982693910598755,0.012562141219185804,0.253662109375,0.3046875,16384,3015549.0,-0.1304652,-0.1104522,0.9426726121970691,-0.2517105845005194,-0.21911213536443178,1.237485,0.0001123883,-2.425321376027032,0.34024596098983473
both_paths,6,reverse,0.45185185185185184,reverse,0.07,0.45185185185185184,0.07,0.30894575268030167,0.009623752831621049,0.2904052734375,0.32470703125,16384,3016025.0,0.003657041,-0.05451074,0.9940364533672731,0.007270593780112473,-0.10880564251498048,0.8045801,0.0001065625,-1.5040736729001378,0.10926557913321672
both_paths,6,reverse,0.45185185185185184,reverse,0.06,0.45185185185185184,0.06,0.3333031013607979,0.004447178395765357,0.3233642578125,0.34423828125,16384,3016485.0,-0.09019008,0.08493974,0.9696142597825387,-0.1768210908260392,0.16906356516248286,0.7077336,9.34288e-05,2.378618801868848,0.247147250102843
both_paths,6,reverse,0.45185185185185184,reverse,0.05,0.45185185185185184,0.05,0.35700036585330963,0.004084870185039589,0.3465576171875,0.3662109375,16384,3016959.0,-0.09411886,0.3389384,0.7651470582737533,-0.1457551536071465,0.6271406655703159,0.4782602,8.186716e-05,1.799154527883612,0.6995266247711243
both_paths,6,reverse,0.45185185185185184,reverse,0.04,0.45185185185185184,0.04,0.3671559616923332,0.0009666604674621257,0.363525390625,0.3704833984375,16384,3017420.0,1.297653,0.3084589,-0.6969531442517177,0.4237528151848323,0.5785238684277199,0.4078566,9.584016e-05,0.9386075222530845,2.3419362431082353
both_paths,6,reverse,0.45185185185185184,reverse,0.03,0.45185185185185184,0.03,0.365653395652771,0.002138272146267329,0.3590087890625,0.370361328125,16384,3017893.0,1.388223,0.1255882,-0.9047609014037683,0.345881167530311,0.24854361637127084,0.6117518,0.0001106783,0.6230878516682159,2.70161434304892
both_paths,6,reverse,0.45185185185185184,reverse,0.02,0.45185185185185184,0.02,0.33345777541399,0.004029288387014671,0.32470703125,0.34375,16384,3018366.0,1.544064,-0.1006975,-0.9783884665478245,0.05235909890678676,-0.20003632992000697,0.7516191,0.0001531538,-1.3147916976189655,2.933314818613829
both_paths,6,reverse,0.45185185185185184,reverse,0.01,0.45185185185185184,0.01,0.29242556542158127,0.010792418654230144,0.27001953125,0.3138427734375,16384,3018851.0,-1.492007,-0.228799,-0.8860011420272969,-0.14078205515301256,-0.4417945102343623,0.8370971,0.0002353164,-1.8792828921771225,2.659445012473269
both_paths,6,reverse,0.45185185185185184,reverse,0.0,0.45185185185185184,0.0,0.22774484008550644,0.0071807308256490706,0.2139892578125,0.2431640625,16384,3019324.0,-1.48367,-0.3826983,-0.7101874626026632,-0.12501998721047508,-0.6928230443337487,0.7821891,0.0002763502,-1.7493252046267225,2.360560777724105
both_paths,7,reverse,0.4066666666666666,reverse,0.2,0.4066666666666666,0.2,0.21422823518514633,0.011269818876765286,0.19091796875,0.23486328125,16384,3019809.0,-1.266195,-0.3560073,-0.6208578009058827,-0.4331927790852398,-0.6533602430533388,0.7591048,0.0002840951,-2.1562720529896957,2.240632797469702
both_paths,7,reverse,0.4066666666666666,reverse,0.19,0.4066666666666666,0.19,0.18747449666261673,0.009013042909883468,0.168212890625,0.2100830078125,16384,3020283.0,-1.191589,-0.3054119,-0.5946620675394113,-0.5634057469303494,-0.5735424916739889,0.7284922,0.0003108658,-2.3472789777526537,2.2076415834463425
both_paths,7,reverse,0.4066666666666666,reverse,0.18,0.4066666666666666,0.18,0.16279586404561996,0.010023540866390996,0.1434326171875,0.1837158203125,16384,3020757.0,-1.053806,-0.1447901,-0.4901093393579179,-0.8235618212628995,-0.2855499291407392,0.9061006,0.0003640968,-2.807837907933974,2.08301151324871
both_paths,7,reverse,0.4066666666666666,reverse,0.17,0.4066666666666666,0.17,0.12941010296344757,0.0075961596320505385,0.11328125,0.146484375,16384,3021229.0,-0.909469,-0.3556304,-0.18605394215290613,-0.7343363915419042,-0.652789395338633,0.8191099,0.0003310247,-2.4149153696456462,1.7579407519123462
both_paths,7,reverse,0.4066666666666666,reverse,0.16,0.4066666666666666,0.16,0.10649590194225311,0.008021204951736385,0.0916748046875,0.1258544921875,16384,3021702.0,-0.8777962,-0.2805607,-0.15557025736956906,-0.832243473079661,-0.5321359756098714,0.840035,0.0003673384,-2.5727056584789567,1.7270010398551805
both_paths,7,reverse,0.4066666666666666,reverse,0.15,0.4066666666666666,0.15,0.08930211514234543,0.003142223170364985,0.0838623046875,0.099853515625,16384,3022175.0,-0.7343922,-0.3897905,0.0724259450648647,-0.7075107876541228,-0.7029814847024807,0.902066,0.0003486725,-2.3594056296452544,1.4983069132052917
both_paths,7,reverse,0.4066666666666666,reverse,0.14,0.4066666666666666,0.14,0.08737862855195999,0.0007190986540401371,0.0848388671875,0.0904541015625,16384,3022630.0,-0.7158489,-0.177682,0.12998751424393082,-0.9284647630278348,-0.34793164552301137,1.015838,0.0003484284,-2.7830511188769536,1.4404399396984513
both_paths,7,reverse,0.4066666666666666,reverse,0.13,0.4066666666666666,0.13,0.09444016218185425,0.0040406054685610225,0.0875244140625,0.10595703125,16384,3023105.0,-0.6704465,-0.1098448,0.22240624970370176,-0.9502859654509401,-0.21792669400445014,1.046157,0.0003321771,-2.916163082215123,1.3465144835314755
both_paths,7,reverse,0.4066666666666666,reverse,0.12,0.4066666666666666,0.12,0.10889008641242981,0.008951922199462621,0.0963134765625,0.1343994140625,16384,3023580.0,-0.6127551,-0.05572857,0.33636577643470106,-0.9351399501498805,-0.11122651696946978,1.099031,0.0003036598,-3.0232077867422027,1.2277411892915755
both_paths,7,reverse,0.4066666666666666,reverse,0.11,0.4066666666666666,0.11,0.12952983379364014,0.008794914611779095,0.113037109375,0.147216796875,16384,3024054.0,-0.5613845,-0.09932552,0.4246691806680607,-0.8835780763886297,-0.19734707982660094,1.04152,0.0002783502,-2.921849348900102,1.1321998779853168
both_paths,7,reverse,0.4066666666666666,reverse,0.1,0.4066666666666666,0.1,0.14663829654455185,0.003963647323574741,0.130615234375,0.154541015625,16384,3024527.0,-0.4883088,-0.08739148,0.5512990536916231,-0.8159841224618118,-0.17389440844646956,1.268272,0.0002366135,-2.9316236506497564,0.9868758446206413
both_paths,7,reverse,0.4066666666666666,reverse,0.09,0.4066666666666666,0.09,0.2098928987979889,0.005931129907293388,0.1976318359375,0.2236328125,16384,3025001.0,-0.3724564,-0.08483934,0.7245896295147677,-0.6681723282901946,-0.1688656522413959,1.031307,0.0001849613,-2.8940484005768776,0.7603575660138633
both_paths,7,reverse,0.4066666666666666,reverse,0.08,0.4066666666666666,0.08,0.2615642845630646,0.014010501020473867,0.2340087890625,0.287841796875,16384,3025487.0,-0.1676028,-0.06074988,0.9373809812994142,-0.32653820933885824,-0.12120104677732575,2.314236,9.138516e-05,-2.786184390136883,0.3557630665009093
both_paths,7,reverse,0.4066666666666666,reverse,0.07,0.4066666666666666,0.07,0.31214381754398346,0.006133933521822444,0.3026123046875,0.3271484375,16384,3025961.0,0.0603647,-0.06271502,0.9849221977321501,0.11949017741657829,-0.1251014065285681,1.189867,9.200692e-05,-0.8083353590951958,0.17387262795832484
both_paths,7,reverse,0.4066666666666666,reverse,0.06,0.4066666666666666,0.06,0.34016337990760803,0.008752833593536428,0.31787109375,0.354736328125,16384,3026435.0,0.1293929,0.05885565,0.9600118591372833,0.2541361010171634,0.11743965461278835,0.992813,7.617529e-05,0.43288150580978124,0.2837517520709424
both_paths,7,reverse,0.4066666666666666,reverse,0.05,0.4066666666666666,0.05,0.3601289689540863,0.0028574535869441376,0.352783203125,0.3662109375,16384,3026907.0,0.5096692,0.3003286,0.4322232366829028,0.7026729384942806,0.565184761984228,0.4221779,8.460026e-05,0.6773789309566247,1.1238395788208628
both_paths,7,reverse,0.4066666666666666,reverse,0.04,0.4066666666666666,0.04,0.3657204732298851,0.0009544034841529696,0.3619384765625,0.368896484375,16384,3027379.0,1.121277,0.172724,-0.5855959330161828,0.7364883483951601,0.33861824509774374,0.565666,9.89457e-05,0.43095225189736563,2.1964113618772547
both_paths,7,reverse,0.4066666666666666,reverse,0.03,0.4066666666666666,0.03,0.36020051687955856,0.0008342551292765007,0.3572998046875,0.36328125,16384,3027850.0,1.335466,-0.01637365,-0.8907910434153954,0.4532320758682169,-0.03274144735801745,0.6206872,0.0001126798,-0.07211464472986151,2.669879339211394
both_paths,7,reverse,0.4066666666666666,reverse,0.02,0.4066666666666666,0.02,0.35138682276010513,0.0033478292814212137,0.3438720703125,0.3583984375,16384,3028322.0,1.540923,-0.008578408,-0.9980687876125697,0.05970232607753218,-0.017155974309474197,0.7389431,0.0001352214,-0.27981917378776133,3.0794342381559
both_paths,7,reverse,0.4066666666666666,reverse,0.01,0.4066666666666666,0.01,0.3307046517729759,0.005792807252079275,0.320556640625,0.34375,16384,3028796.0,-1.562539,-0.07855158,-0.9875499754121662,-0.016310528584224694,-0.15645770265708625,0.8196213,0.0001751668,-1.67466992351727,2.983630983851934
both_paths,7,reverse,0.4066666666666666,reverse,0.0,0.4066666666666666,0.0,0.2885110229253769,0.011094082905824358,0.2734375,0.318115234375,16384,3029282.0,-1.41603,-0.1593216,-0.9045296744555316,-0.2892796988551927,-0.3132783488522932,0.785171,0.0002096956,-2.316387582388413,2.7010717672833984
both_paths,8,reverse,0.36148148148148146,reverse,0.2,0.36148148148148146,0.2,0.28090469539165497,0.009903550930481718,0.26318359375,0.3035888671875,16384,3029757.0,-1.307999,-0.003102682,-0.8650090860114572,-0.5017178241496905,-0.006205324175558041,0.8569742,0.0002419535,-3.129225128471479,2.615964806591799
both_paths,8,reverse,0.36148148148148146,reverse,0.19,0.36148148148148146,0.19,0.2527453303337097,0.011118875001678347,0.229248046875,0.275390625,16384,3030231.0,-1.281406,-0.08267025,-0.8257137864136407,-0.5395437594520209,-0.1645881969122581,0.8276231,0.0002733658,-2.8455086625203827,2.542262735707395
both_paths,8,reverse,0.36148148148148146,reverse,0.18,0.36148148148148146,0.18,0.21703077852725983,0.008599923262780813,0.2020263671875,0.236083984375,16384,3030705.0,-1.092618,-0.02209566,-0.5759379469641374,-0.8162988909644388,-0.04417693806684208,0.9143736,0.0003035665,-3.087526813971817,2.184547356735881
both_paths,8,reverse,0.36148148148148146,reverse,0.17,0.36148148148148146,0.17,0.18006259948015213,0.012153978401464902,0.153076171875,0.2054443359375,16384,3031191.0,-1.070695,0.02032027,-0.5396857737895532,-0.8408855577289959,0.040629353575546964,0.8494884,0.0003374062,3.093312860789972,2.1408601420843447
both_paths,8,reverse,0.36148148148148146,reverse,0.16,0.36148148148148146,0.16,0.13368812203407288,0.005221235378175823,0.1236572265625,0.14599609375,16384,3031664.0,-0.9056464,-0.0260749,-0.23786102984480434,-0.9698994759037342,-0.05212616543379122,0.909837,0.0003474182,-3.087900424277443,1.8109594076003064
both_paths,8,reverse,0.36148148148148146,reverse,0.15,0.36148148148148146,0.15,0.10167810320854187,0.004202733971635712,0.0926513671875,0.11328125,16384,3032137.0,-0.8309821,-0.119612,-0.08844896320342502,-0.967487492770474,-0.2369487966648938,0.917477,0.0003647646,-2.901408887125546,1.6593610238343457
both_paths,8,reverse,0.36148148148148146,reverse,0.14,0.36148148148148146,0.14,0.09016858041286469,0.0010269045535314873,0.086669921875,0.093994140625,16384,3032610.0,-0.7741015,-0.05413503,0.022459121176480624,-0.9938907965084781,-0.10805865301642094,1.02534,0.0003605628,-3.0332951696068293,1.548335317080878
both_paths,8,reverse,0.36148148148148146,reverse,0.13,0.36148148148148146,0.13,0.08908770978450775,0.00136812837876664,0.085693359375,0.094482421875,16384,3033057.0,-0.7110153,-0.09206576,0.1457120806296298,-0.9722371185874923,-0.18309280378888432,1.02224,0.0003445024,-2.955451568242929,1.4245636297468829
both_paths,8,reverse,0.36148148148148146,reverse,0.12,0.36148148148148146,0.12,0.10811524838209152,0.004464116213660174,0.0989990234375,0.1177978515625,16384,3033529.0,-0.6139487,0.04882612,0.3346168534456587,-0.9372971110647517,0.09749711267415657,1.150654,0.0002972603,3.037945970017045,1.2295977104697704
both_paths,8,reverse,0.36148148148148146,reverse,0.11,0.36148148148148146,0.11,0.13630347698926926,0.008165618371759489,0.122802734375,0.1571044921875,16384,3034007.0,-0.5506379,-0.005627325,0.4524300947057436,-0.8917288531869022,-0.011254412402437838,1.260686,0.0002607314,-3.1289724329260413,1.1013079325013184
both_paths,8,reverse,0.36148148148148146,reverse,0.1,0.36148148148148146,0.1,0.17620829492807388,0.005740591826192678,0.1622314453125,0.186279296875,16384,3034485.0,-0.4591642,-0.0009524056,0.6071481358257224,-0.7945863784775264,-0.0019048100481273175,1.376795,0.0002067575,-3.13919542346992,0.9183297862037366
both_paths,8,reverse,0.36148148148148146,reverse,0.09,0.36148148148148146,0.09,0.2188052013516426,0.00600618213547471,0.20556640625,0.2308349609375,16384,3034963.0,-0.2758108,-0.05441881,0.8466364721657503,-0.520968094631298,-0.10862287224598445,1.319217,0.000156149,-2.936035651309023,0.5611635570635588
both_paths,8,reverse,0.36148148148148146,reverse,0.08,0.36148148148148146,0.08,0.25554241985082626,0.007662337078827972,0.241455078125,0.2747802734375,16384,3035428.0,-0.2548241,-0.0002635828,0.8729160730975581,-0.48787011737182084,-0.0005271655755831334,1.653919,0.0001191914,-3.1405121090931263,0.5096484486178438
both_paths,8,reverse,0.36148148148148146,reverse,0.07,0.36148148148148146,0.07,0.29530178010463715,0.007867709639380367,0.280029296875,0.31103515625,16384,3035906.0,-0.0001382101,-0.05461296,0.9940407393697701,-0.0002747729469830352,-0.10900886648813718,1.456507,9.263126e-05,-1.5733169691416984,0.10922626837841685
both_paths,8,reverse,0.36148148148148146,reverse,0.06,0.36148148148148146,0.06,0.3252943754196167,0.005564539186097441,0.3148193359375,0.3380126953125,16384,3036383.0,0.1281938,-0.06298583,0.9596474209785438,0.2515784790327744,-0.1256387531647195,1.255773,7.843506e-05,-0.4631689596159978,0.2850506138094064
both_paths,8,reverse,0.36148148148148146,reverse,0.05,0.36148148148148146,0.05,0.34100528061389923,0.004200273388602218,0.33154296875,0.3514404296875,16384,3036860.0,0.2571112,-0.1294555,0.8416552891426266,0.4754640227975118,-0.25602800097537937,1.07579,7.272797e-05,-0.49395589918172034,0.5704551227718739
both_paths,8,reverse,0.36148148148148146,reverse,0.04,0.36148148148148146,0.04,0.3562111333012581,0.0013768599730282216,0.350830078125,0.35986328125,16384,3037325.0,0.9429888,-0.1282462,-0.29984777360758114,0.9196374655365328,-0.25368926789306506,0.6108528,9.67394e-05,-0.2691636266094961,1.8753294081946328
both_paths,8,reverse,0.36148148148148146,reverse,0.03,0.36148148148148146,0.03,0.3591309189796448,0.0012555541601595216,0.353759765625,0.3629150390625,16384,3037803.0,1.317053,-0.03708504,-0.8715658715413295,0.48464606790671655,-0.07410209461925601,0.6495708,0.0001141577,-0.15172433673501384,2.629183478455489
both_paths,8,reverse,0.36148148148148146,reverse,0.02,0.36148148148148146,0.02,0.35167496651411057,0.003590683927926494,0.34423828125,0.3607177734375,16384,3038280.0,1.493994,-0.001755875,-0.988219889009877,0.153000387672515,-0.0035117427819604877,0.7437967,0.0001373878,-0.02294847972288583,2.9879481781024113
both_paths,8,reverse,0.36148148148148146,reverse,0.01,0.36148148148148146,0.01,0.3424125090241432,0.002853807939243901,0.334228515625,0.3502197265625,16384,3038757.0,1.541959,0.01189144,-0.9980549490014375,0.057626383095115495,0.023780638029979442,0.7848576,0.0001514818,0.39138023507028485,3.0792118574575627
both_paths,8,reverse,0.36148148148148146,reverse,0.0,0.36148148148148146,0.0,0.3236134499311447,0.004696888119185921,0.312255859375,0.3343505859375,16384,3039222.0,-1.559622,0.09103284,-0.9832261828716102,-0.021977440451030915,0.18106149625733287,0.8328528,0.0001892299,1.6915865069995313,2.958175525100174
both_paths,9,reverse,0.3162962962962963,reverse,0.2,0.3162962962962963,0.2,0.27299337089061737,0.010665269972932505,0.2525634765625,0.2999267578125,16384,3039712.0,-1.547169,0.2485711,-0.8779679136626185,-0.04151897821572583,0.47691562883473526,0.8672018,0.0002816068,1.6576346683252332,2.642397023999546
both_paths,9,reverse,0.3162962962962963,reverse,0.19,0.3162962962962963,0.19,0.23875129967927933,0.007385322718084341,0.2203369140625,0.252685546875,16384,3040188.0,-1.421834,0.2799667,-0.8099654237676157,-0.24871103754373003,0.5311297695524775,0.8954904,0.0003423957,2.00873758519431,2.51488948379227
both_paths,9,reverse,0.3162962962962963,reverse,0.18,0.3162962962962963,0.18,0.20039593428373337,0.007838401999855573,0.1846923828125,0.2159423828125,16384,3040665.0,-1.187853,0.3016295,-0.5935460358277481,-0.5708245247890561,0.5673292388485842,0.91207,0.0003526904,2.359265494360711,2.206254153909064
both_paths,9,reverse,0.3162962962962963,reverse,0.17,0.3162962962962963,0.17,0.16062914580106735,0.004915629569650787,0.1495361328125,0.1749267578125,16384,3041143.0,-1.22896,0.3845053,-0.5570997824021086,-0.453899176093153,0.6954245971990638,0.8440634,0.0003934687,2.14906277717332,2.161685655744529
both_paths,9,reverse,0.3162962962962963,reverse,0.16,0.3162962962962963,0.16,0.12588389962911606,0.004844229234078218,0.1181640625,0.138916015625,16384,3041620.0,-1.031281,0.4791097,-0.27149474634491794,-0.5068431622527657,0.8181690605154446,0.8739288,0.0003927872,2.1254197026272017,1.8457420989836484
both_paths,9,reverse,0.3162962962962963,reverse,0.15,0.3162962962962963,0.15,0.1038244366645813,0.002803624962493908,0.09619140625,0.1097412109375,16384,3042071.0,-0.8500846,0.3120296,-0.10469517250178427,-0.8047314006314933,0.5843340600140442,0.9534402,0.0003898346,2.5135486962361817,1.675683710907227
both_paths,9,reverse,0.3162962962962963,reverse,0.14,0.3162962962962963,0.14,0.09670662879943848,0.0009562428872158331,0.0936279296875,0.1005859375,16384,3042547.0,-0.7391966,0.4323195,0.05987646666652257,-0.6461464723904685,0.760861054961342,0.9297906,0.0003729796,2.274843531452407,1.510884024185296
both_paths,9,reverse,0.3162962962962963,reverse,0.13,0.3162962962962963,0.13,0.11115899682044983,0.003942685843783104,0.1024169921875,0.123046875,16384,3043023.0,-0.5844127,0.3665188,0.29074290596456104,-0.6839104300605366,0.6691300966820236,1.029776,0.0003201269,2.3671178477857557,1.275793132986829
both_paths,9,reverse,0.3162962962962963,reverse,0.12,0.3162962962962963,0.12,0.11862008273601532,0.0050480210894441385,0.1048583984375,0.1275634765625,16384,3043499.0,-0.5004688,0.4335969,0.34904818158457374,-0.5447330352398936,0.7625164176926522,0.9882166,0.000307994,2.19111393573193,1.2142411166932303
both_paths,9,reverse,0.3162962962962963,reverse,0.11,0.3162962962962963,0.11,0.1885945424437523,0.00809818758443699,0.1749267578125,0.209228515625,16384,3043950.0,-0.3663333,0.1086305,0.7259174289020562,-0.6531305940213373,0.21555582471731805,1.55249,0.0001745286,2.822813711394325,0.7584289745873115
both_paths,9,reverse,0.3162962962962963,reverse,0.1,0.3162962962962963,0.1,0.21756646037101746,0.0061948742328524166,0.2044677734375,0.2313232421875,16384,3044426.0,-0.3536396,-0.00777843,0.7600405959185534,-0.6496893843876304,-0.015556232506365536,1.584673,0.0001541278,-3.1176531203280153,0.7074207468461601
both_paths,9,reverse,0.3162962962962963,reverse,0.09,0.3162962962962963,0.09,0.24823839962482452,0.009556057448418328,0.2298583984375,0.265625,16384,3044891.0,-0.280283,-0.00615599,0.8468901320179842,-0.53162536348279,-0.01231166895074749,1.100212,0.0001462224,-3.1184382491654135,0.5606867257584239
both_paths,9,reverse,0.3162962962962963,reverse,0.08,0.3162962962962963,0.08,0.27767565846443176,0.012147426305702492,0.2489013671875,0.2982177734375,16384,3045368.0,-0.145345,-0.00513315,0.957995853261838,-0.2865982413069166,-0.010266119661557768,1.702716,9.722654e-05,-3.1057873669936455,0.2908660988016018
both_paths,9,reverse,0.3162962962962963,reverse,0.07,0.3162962962962963,0.07,0.3267807289958,0.0073116683305994795,0.3065185546875,0.340576171875,16384,3045846.0,0.0185219,-0.08301581,0.9855717755925253,0.036526032801732625,-0.16526985231179853,1.196859,7.995172e-05,-1.3532843375948411,0.17007677167656998
both_paths,9,reverse,0.3162962962962963,reverse,0.06,0.3162962962962963,0.06,0.34196992218494415,0.0031552978465735166,0.3326416015625,0.348388671875,16384,3046323.0,0.2447599,-0.1987184,0.8137687018256252,0.43355276072487775,-0.38705620211653213,0.9127024,7.713675e-05,-0.7287976414886801,0.6201888703621963
both_paths,9,reverse,0.3162962962962963,reverse,0.05,0.3162962962962963,0.05,0.3547772243618965,0.0014788804663559778,0.3499755859375,0.359130859375,16384,3046788.0,0.966944,-0.1573156,-0.33773113574809294,0.8889142820130693,-0.3094657964614065,0.5012876,9.799628e-05,-0.33501601932374214,1.9153016798001772
both_paths,9,reverse,0.3162962962962963,reverse,0.04,0.3162962962962963,0.04,0.3581550270318985,0.0008717216649291315,0.35498046875,0.3614501953125,16384,3047265.0,1.263402,-0.08184493,-0.8059756831781076,0.5690758185758963,-0.16295984424930107,0.580336,0.0001091611,-0.27889538979216777,2.5081182068354293
both_paths,9,reverse,0.3162962962962963,reverse,0.03,0.3162962962962963,0.03,0.3531247526407242,0.0029196557031992733,0.3443603515625,0.3592529296875,16384,3047742.0,1.478962,-0.003217525,-0.9831599193833456,0.18263396075544167,-0.006435005587662905,0.7314547,0.0001380318,-0.03521987146470451,2.9578125744583534
both_paths,9,reverse,0.3162962962962963,reverse,0.02,0.3162962962962963,0.02,0.3330688178539276,0.0041000325571312,0.323486328125,0.341552734375,16384,3048206.0,-1.534809,0.01491587,-0.9969671611958195,-0.07188053107628498,0.02982731549000293,0.846068,0.0001826464,2.748259341694247,3.0636904961900746
both_paths,9,reverse,0.3162962962962963,reverse,0.01,0.3162962962962963,0.01,0.3106151446700096,0.009066319878332573,0.293212890625,0.3291015625,16384,3048687.0,-1.446215,0.0389941,-0.9661735694544592,-0.24584302967615745,0.0779091679282815,0.856401,0.0002124257,2.8346986924444835,2.8807521878937483
both_paths,9,reverse,0.3162962962962963,reverse,0.0,0.3162962962962963,0.0,0.2753746211528778,0.005390412937664417,0.261962890625,0.288818359375,16384,3049149.0,-1.306789,0.0602781,-0.8575394145159779,-0.5001626028727927,0.12026438890671962,0.8804542,0.0002558758,2.90562167456323,2.60126351811632
both_paths,10,reverse,0.2711111111111111,reverse,0.2,0.2711111111111111,0.2,0.24780753254890442,0.009116873113478037,0.230712890625,0.264404296875,16384,3049642.0,-1.26008,0.2078154,-0.7438239998562688,-0.5326330648290428,0.4037671055059364,0.853113,0.0002912876,2.4929539231629754,2.4095699508570982
both_paths,10,reverse,0.2711111111111111,reverse,0.19,0.2711111111111111,0.19,0.21133025735616684,0.00802142039025842,0.1927490234375,0.2261962890625,16384,3050122.0,-1.16508,0.1566428,-0.6549500574999979,-0.6899723394491937,0.3081859714129701,0.8989536,0.0003389706,2.7215162073120513,2.284912855210714
both_paths,10,reverse,0.2711111111111111,reverse,0.18,0.2711111111111111,0.18,0.17750775814056396,0.006802900180853498,0.1651611328125,0.1937255859375,16384,3050576.0,-1.089391,0.1754882,-0.5363925267353358,-0.7707622253245808,0.3438148473745458,0.8351891,0.0003463901,2.722010701775754,2.1369531849630374
both_paths,10,reverse,0.2711111111111111,reverse,0.17,0.2711111111111111,0.17,0.14111188054084778,0.01067930869142814,0.12451171875,0.1656494140625,16384,3051054.0,-0.9844338,0.04129557,-0.38631978787404875,-0.9186681778635181,0.0824972755784903,0.885132,0.0003726553,3.0520319330466634,1.9674345952330874
both_paths,10,reverse,0.2711111111111111,reverse,0.16,0.2711111111111111,0.16,0.10569104552268982,0.0025870330236434005,0.0992431640625,0.1136474609375,16384,3051530.0,-0.841664,-0.04955696,-0.11174320424525915,-0.9887982668709676,-0.09895172427993816,0.9768756,0.000368126,-3.041852009444448,1.6827733952418382
both_paths,10,reverse,0.2711111111111111,reverse,0.15,0.2711111111111111,0.15,0.09073638170957565,0.0016139183554663864,0.0870361328125,0.0970458984375,16384,3052007.0,-0.7778138,-0.04066323,0.015118011742953467,-0.9965801630610199,-0.0812368408679883,0.9956556,0.0003649519,-3.060256877690154,1.5556777391116603
both_paths,10,reverse,0.2711111111111111,reverse,0.14,0.2711111111111111,0.14,0.0905124768614769,0.0009628012801166844,0.0875244140625,0.0948486328125,16384,3052459.0,-0.7249431,-0.01722257,0.12054419306200632,-0.9921104268227213,-0.034438329063229446,1.045885,0.0003507474,-3.1068943920601466,1.449958272129068
both_paths,10,reverse,0.2711111111111111,reverse,0.13,0.2711111111111111,0.13,0.09978082031011581,0.004309511310122912,0.0914306640625,0.1092529296875,16384,3052936.0,-0.6636943,0.03786022,0.24032069498004066,-0.9677413539556479,0.07564810247719192,1.091586,0.0003274747,3.063581538539336,1.3281001120975853
both_paths,10,reverse,0.2711111111111111,reverse,0.12,0.2711111111111111,0.12,0.1256425604224205,0.0070599416803246344,0.1138916015625,0.1409912109375,16384,3053413.0,-0.5619266,0.04083763,0.43077014792649543,-0.8987664055675743,0.0815844830744668,1.113235,0.0002733497,3.0510669046049204,1.1254503377560952
both_paths,10,reverse,0.2711111111111111,reverse,0.11,0.2711111111111111,0.11,0.1716756522655487,0.007675637171322864,0.1546630859375,0.1903076171875,16384,3053890.0,-0.4763034,0.04386423,0.5773319024416953,-0.8117951193096697,0.08761597279065007,1.215663,0.0002188178,3.0340801449390007,0.9553391125259458
both_paths,10,reverse,0.2711111111111111,reverse,0.1,0.2711111111111111,0.1,0.20701495558023453,0.008802555650887717,0.1845703125,0.22265625,16384,3054369.0,-0.3662484,0.06711068,0.7368198112041197,-0.6627134504194464,0.13381871487306074,1.507276,0.0001670768,2.9423463822957263,0.7424419056404307
both_paths,10,reverse,0.2711111111111111,reverse,0.09,0.2711111111111111,0.09,0.23292505741119385,0.005326442396382208,0.220458984375,0.242431640625,16384,3054821.0,-0.3008245,0.04312708,0.8213386085830564,-0.563898520791371,0.0861472477804867,1.189663,0.0001562121,2.9899939507472872,0.6070426361353883
both_paths,10,reverse,0.2711111111111111,reverse,0.08,0.2711111111111111,0.08,0.2704452574253082,0.009461998113804724,0.2540283203125,0.290771484375,16384,3055311.0,-0.2638126,-0.02486049,0.8629374106257685,-0.5028607024184253,-0.049700496031145645,1.333543,0.0001234995,-3.043077089896103,0.5297421163118523
both_paths,10,reverse,0.2711111111111111,reverse,0.07,0.2711111111111111,0.07,0.30183475464582443,0.005132945016073002,0.2923583984375,0.312744140625,16384,3055788.0,-0.02751842,-0.04964815,0.9935674854854916,-0.05473809410164644,-0.09913320755507186,1.628955,8.275574e-05,-2.0753018028569077,0.11348499967402462
both_paths,10,reverse,0.2711111111111111,reverse,0.06,0.2711111111111111,0.06,0.33379413932561874,0.005035333569853942,0.3243408203125,0.34619140625,16384,3056265.0,0.3260085,-0.2417444,0.7037532777708353,0.5372395778525298,-0.4648709068285958,0.605521,9.39474e-05,-0.7133070527715719,0.7901295580355715
both_paths,10,reverse,0.2711111111111111,reverse,0.05,0.2711111111111111,0.05,0.350298248231411,0.0020612994280222066,0.343994140625,0.3551025390625,16384,3056754.0,0.5915652,-0.3107261,0.3073500170428288,0.7527017727444719,-0.5822164617486372,0.6397546,8.522824e-05,-0.6583736172079151,1.2583893272036761
both_paths,10,reverse,0.2711111111111111,reverse,0.04,0.2711111111111111,0.04,0.35390418767929077,0.000863277392449985,0.3502197265625,0.3570556640625,16384,3057205.0,1.211025,-0.3001704,-0.6205961088590203,0.5438029660875046,-0.5649237149770537,0.494538,0.0001041385,-0.8044454137268104,2.240299018005562
both_paths,10,reverse,0.2711111111111111,reverse,0.03,0.2711111111111111,0.03,0.35047922283411026,0.0028945999359827985,0.34228515625,0.356689453125,16384,3057681.0,1.403764,-0.0898286,-0.9295121887935326,0.32260835752034783,-0.17869230129549457,0.7207229,0.0001305767,-0.5058314110175894,2.7638842292430357
both_paths,10,reverse,0.2711111111111111,reverse,0.02,0.2711111111111111,0.02,0.34403132647275925,0.0037135574111737146,0.3350830078125,0.352294921875,16384,3058170.0,1.473952,-0.001525306,-0.9812963549034552,0.192478979757495,-0.003050607268384232,0.7784809,0.0001526622,-0.015847714286674197,2.9478802789322502
both_paths,10,reverse,0.2711111111111111,reverse,0.01,0.2711111111111111,0.01,0.330490842461586,0.0052501389926183865,0.319580078125,0.343994140625,16384,3058647.0,1.553781,0.07193735,-0.9890948720144523,0.03367254452118598,0.14337884746427176,0.7985001,0.0001712931,1.340126374215668,2.9937751571340927
both_paths,10,reverse,0.2711111111111111,reverse,0.0,0.2711111111111111,0.0,0.3015930727124214,0.00686446115475866,0.287353515625,0.31640625,16384,3059124.0,-1.49256,0.1724856,-0.9295880590359682,-0.14665394514785565,0.338169574134503,0.8396486,0.0002261336,1.9799874288257744,2.7640900093260314
both_paths,11,reverse,0.22592592592592592,reverse,0.2,0.22592592592592592,0.2,0.27159199863672256,0.005614283659133899,0.260009765625,0.284423828125,16384,3059587.0,1.507506,0.2826092,-0.8377153320618931,0.10660854762435107,0.5356002613907678,0.815374,0.000271979,1.3743192160935296,2.5638824735413195
both_paths,11,reverse,0.22592592592592592,reverse,0.19,0.22592592592592592,0.19,0.24125301837921143,0.005251744705071683,0.22802734375,0.2513427734375,16384,3060063.0,-1.513302,0.2998126,-0.8200953424980401,-0.09471950045184681,0.564333097954723,0.8969748,0.000354473,1.7370895677495053,2.532373942266051
both_paths,11,reverse,0.22592592592592592,reverse,0.18,0.22592592592592592,0.18,0.21588987857103348,0.008443129336664404,0.2001953125,0.2347412109375,16384,3060539.0,-1.334289,0.3638245,-0.6647472945376547,-0.34019389925037424,0.6651158886372319,0.8421114,0.0003432481,2.0435862068914172,2.297951831001218
both_paths,11,reverse,0.22592592592592592,reverse,0.17,0.22592592592592592,0.17,0.17065685987472534,0.009201214915848549,0.1517333984375,0.187255859375,16384,3061015.0,-1.328499,0.3778176,-0.6440358561176418,-0.3390622448011445,0.685751128460774,0.861336,0.0004158463,2.0299854144622014,2.2705586138088316
both_paths,11,reverse,0.22592592592592592,reverse,0.16,0.22592592592592592,0.16,0.12356122583150864,0.0033813899368902315,0.1160888671875,0.1357421875,16384,3061491.0,-1.126505,0.440682,-0.40106871138129035,-0.4937268094741704,0.7716072358119819,0.8352136,0.0004225947,2.1400158969344574,1.9834795297023426
both_paths,11,reverse,0.22592592592592592,reverse,0.15,0.22592592592592592,0.15,0.09962549060583115,0.0025740493859470145,0.09375,0.107421875,16384,3061968.0,-0.8451702,0.2423468,-0.10552296432394881,-0.8785029092019849,0.4659372731644632,0.9959324,0.0003936675,2.6539402081850643,1.6765161136828308
both_paths,11,reverse,0.22592592592592592,reverse,0.14,0.22592592592592592,0.14,0.09578419476747513,0.0008283432367438002,0.0931396484375,0.0997314453125,16384,3062445.0,-0.76333,0.3548985,0.03346627917534982,-0.7577555233884503,0.651679810131059,0.9569076,0.0003761125,2.431314014472269,1.537323797475709
both_paths,11,reverse,0.22592592592592592,reverse,0.13,0.22592592592592592,0.13,0.10185722261667252,0.0027869300533866883,0.0960693359375,0.1092529296875,16384,3062921.0,-0.6185377,0.4568213,0.20009578274849293,-0.5771644042123335,0.7917341272400035,0.9550746,0.0003414855,2.2007133534447494,1.369340647170704
both_paths,11,reverse,0.22592592592592592,reverse,0.12,0.22592592592592592,0.12,0.12268669903278351,0.005118494701736564,0.1114501953125,0.1339111328125,16384,3063398.0,-0.5283089,0.3814442,0.3555085250508604,-0.6293773503585742,0.6910121847491419,1.007756,0.0003050819,2.30954906876756,1.207338248464466
both_paths,11,reverse,0.22592592592592592,reverse,0.11,0.22592592592592592,0.11,0.15327301621437073,0.00628986454799219,0.141357421875,0.169189453125,16384,3063874.0,-0.4499831,0.255357,0.5423129776004245,-0.6833527187487193,0.4888002619730223,1.079207,0.0002494517,2.520673743988956,0.9976086894154448
both_paths,11,reverse,0.22592592592592592,reverse,0.1,0.22592592592592592,0.1,0.19456885755062103,0.007307188378946274,0.1756591796875,0.20361328125,16384,3064351.0,-0.247701,0.1681382,0.8305012399305928,-0.4487589784751205,0.32997434705097056,1.384551,0.0001666109,2.5075634108998015,0.5907893801126066
both_paths,11,reverse,0.22592592592592592,reverse,0.09,0.22592592592592592,0.09,0.24069593846797943,0.006566787858404394,0.2294921875,0.2537841796875,16384,3064802.0,-0.2641606,0.08392566,0.8515167515087821,-0.49699975550945474,0.16706425387698395,1.61478,0.0001303562,2.8173132472332165,0.551925035643466
both_paths,11,reverse,0.22592592592592592,reverse,0.08,0.22592592592592592,0.08,0.2828803062438965,0.009584809563716486,0.2625732421875,0.3006591796875,16384,3065290.0,-0.06326117,-0.01142636,0.9917476953506656,-0.12615210209435754,-0.022850730925248145,1.881457,8.548116e-05,-2.962399249130062,0.1285587786315925
both_paths,11,reverse,0.22592592592592592,reverse,0.07,0.22592592592592592,0.07,0.3252476826310158,0.004552687909437111,0.31689453125,0.3358154296875,16384,3065791.0,0.152585,-0.2158985,0.8662518912519578,0.27287808262301905,-0.4185035399209798,0.7779327,9.017928e-05,-0.9929933199988774,0.5231456228116481
both_paths,11,reverse,0.22592592592592592,reverse,0.06,0.22592592592592592,0.06,0.3459138199687004,0.003940528852785335,0.336181640625,0.354736328125,16384,3066254.0,0.03592186,-0.5378942,0.4738131931046717,0.03409919046103679,-0.8799649443300892,0.5428788,8.78075e-05,-1.5320650817184915,1.0771804709079682
both_paths,11,reverse,0.22592592592592592,reverse,0.05,0.22592592592592592,0.05,0.3541286662220955,0.000804018742531247,0.3504638671875,0.357177734375,16384,3066731.0,1.39357,-0.3391242,-0.7302679636071943,0.2702595353431377,-0.627430063740265,0.5084759,0.0001087017,-1.164073494615215,2.3895104361307697
both_paths,11,reverse,0.22592592592592592,reverse,0.04,0.22592592592592592,0.04,0.3504580035805702,0.0031871240904247865,0.341552734375,0.357177734375,16384,3067183.0,1.426961,-0.09463354,-0.9417835632675339,0.27865281952306303,-0.18813911377210785,0.6907253,0.0001352117,-0.5938691317311022,2.7986925739734545
both_paths,11,reverse,0.22592592592592592,reverse,0.03,0.22592592592592592,0.03,0.3376009985804558,0.00529913750000524,0.323974609375,0.3477783203125,16384,3067673.0,1.476546,0.03383531,-0.9800380561613028,0.1869574321419714,0.06761898433469346,0.8025205,0.0001641526,0.34704307767278575,2.9414491408128707
both_paths,11,reverse,0.22592592592592592,reverse,0.02,0.22592592592592592,0.02,0.3261506110429764,0.007098492364836723,0.3115234375,0.3409423828125,16384,3068151.0,1.559096,0.09779328,-0.980665282276154,0.022952398216779715,0.19434194491753343,0.8073908,0.0001827224,1.4532377294907253,2.9446289706766375
both_paths,11,reverse,0.22592592592592592,reverse,0.01,0.22592592592592592,0.01,0.29853934049606323,0.004552950315386523,0.28857421875,0.310791015625,16384,3068628.0,-1.507882,0.1848915,-0.9250342074404261,-0.11701401680286524,0.3614131084184987,0.8767884,0.000246951,1.8839135646549625,2.7519219580336416
both_paths,11,reverse,0.22592592592592592,reverse,0.0,0.22592592592592592,0.0,0.25869324803352356,0.005574632881936741,0.24755859375,0.2706298828125,16384,3069092.0,-1.388686,0.2409777,-0.8279642182341762,-0.31564411977516044,0.4635127214815508,0.8561212,0.0002852151,2.168644618912017,2.5462639595760552
both_paths,12,reverse,0.18074074074074073,reverse,0.2,0.18074074074074073,0.2,0.2259664312005043,0.0076637288658087865,0.20849609375,0.2412109375,16384,3069570.0,-1.324206,0.2942103,-0.7326918129440196,-0.39380768087720036,0.5550479418274846,0.9039438,0.0003562675,2.187871112875542,2.393065189741049
both_paths,12,reverse,0.18074074074074073,reverse,0.19,0.18074074074074073,0.19,0.19559673219919205,0.007567262000203472,0.176025390625,0.2103271484375,16384,3070022.0,-1.405156,0.3631571,-0.7069762317046147,-0.24316899978193277,0.6641185476628382,0.8353547,0.0003744938,1.921788255854601,2.3560098823834075
both_paths,12,reverse,0.18074074074074073,reverse,0.18,0.18074074074074073,0.18,0.170613594353199,0.005334929260482006,0.1614990234375,0.183837890625,16384,3070500.0,-1.249259,0.3839578,-0.5756721192197876,-0.4313706208364317,0.6946373144542339,0.8713728,0.0003980269,2.1265149468467444,2.1842222197962347
both_paths,12,reverse,0.18074074074074073,reverse,0.17,0.18074074074074073,0.17,0.14300734549760818,0.007814975861338986,0.1282958984375,0.1588134765625,16384,3070976.0,-1.100555,0.3180666,-0.47411130570763654,-0.6498278283001263,0.594089440544891,0.8887116,0.000413834,2.400973294796799,2.0647507372702294
both_paths,12,reverse,0.18074074074074073,reverse,0.16,0.18074074074074073,0.16,0.11860010772943497,0.005608448697421661,0.1077880859375,0.131103515625,16384,3071452.0,-0.9863258,0.3543005,-0.2969718033034654,-0.69878702834899,0.6507721852183572,0.88345,0.0004045987,2.3917576569377346,1.8723161457499675
both_paths,12,reverse,0.18074074074074073,reverse,0.15,0.18074074074074073,0.15,0.09809773415327072,0.0012023814076601083,0.094970703125,0.1024169921875,16384,3071928.0,-0.8896236,0.613318,-0.06982440997638228,-0.330102416040651,0.9413590955079656,0.8390962,0.0003927827,1.9080641403525824,1.6406775991624922
both_paths,12,reverse,0.18074074074074073,reverse,0.14,0.18074074074074073,0.14,0.09904518723487854,0.002171977466011009,0.09521484375,0.1064453125,16384,3072380.0,-0.662732,0.6131941,0.08200547687620897,-0.32752956389872795,0.941275457310247,0.8696098,0.0003734445,1.9056557996147294,1.4886986575712573
both_paths,12,reverse,0.18074074074074073,reverse,0.13,0.18074074074074073,0.13,0.11527267843484879,0.006152456276988073,0.1029052734375,0.12841796875,16384,3072857.0,-0.3087684,0.6315926,0.24686096511200595,-0.17531989644894638,0.9530595982482416,0.8711642,0.0003376179,1.7527173013749842,1.3213567028554243
both_paths,12,reverse,0.18074074074074073,reverse,0.12,0.18074074074074073,0.12,0.13074970245361328,0.008828411426413513,0.1142578125,0.1458740234375,16384,3073334.0,0.1764967,0.5479381,0.42907325530086804,0.1580810882470855,0.8893292478739993,0.9181564,0.0002938555,1.3948805604834842,1.1273297890986156
both_paths,12,reverse,0.18074074074074073,reverse,0.11,0.18074074074074073,0.11,0.17142700403928757,0.009941398708626096,0.154296875,0.1932373046875,16384,3073809.0,0.1391869,0.4595393,0.5832028470697539,0.16667615484101733,0.7950430796989221,0.9353362,0.0002453777,1.364144947663645,0.9481303834149073
both_paths,12,reverse,0.18074074074074073,reverse,0.1,0.18074074074074073,0.1,0.1976948156952858,0.008221923564902275,0.1812744140625,0.212646484375,16384,3074286.0,0.08229947,0.3898016,0.7015801723235269,0.11653366665780197,0.7029972733501736,0.991965,0.000204958,1.4065232422467568,0.7931837398123062
both_paths,12,reverse,0.18074074074074073,reverse,0.09,0.18074074074074073,0.09,0.2430640310049057,0.00943247481290615,0.2227783203125,0.260986328125,16384,3074762.0,0.06735398,0.1620847,0.9393280656061042,0.12730594181516353,0.31852155710916763,2.03535,0.0001110707,1.1905678836704947,0.3501301824637925
both_paths,12,reverse,0.18074074074074073,reverse,0.08,0.18074074074074073,0.08,0.27868839353322983,0.008185657441781532,0.2606201171875,0.293212890625,16384,3075231.0,-0.08523976,0.08682782,0.9706812713908403,-0.1671032782589982,0.1727841536893868,1.670803,9.534706e-05,2.3394820554662106,0.24274729249626634
both_paths,12,reverse,0.18074074074074073,reverse,0.07,0.18074074074074073,0.07,0.31453968584537506,0.007826202151433126,0.300048828125,0.332275390625,16384,3075709.0,-0.2291127,-0.03117563,0.8950961700188814,-0.4414976808555086,-0.062310867565273945,0.9576756,9.645092e-05,-3.001383499233932,0.46214948149287155
both_paths,12,reverse,0.18074074074074073,reverse,0.06,0.18074074074074073,0.06,0.347918838262558,0.002841451431539766,0.34033203125,0.3553466796875,16384,3076174.0,-0.2923933,-0.4149084,0.5628443069611928,-0.3726205204144306,-0.7378077214880944,0.4770806,8.869312e-05,-2.0384657595291524,0.972973416572363
both_paths,12,reverse,0.18074074074074073,reverse,0.05,0.18074074074074073,0.05,0.3515920042991638,0.003639546924471272,0.3388671875,0.357177734375,16384,3076650.0,0.4469679,-0.6932324,0.11480310475125596,0.14288198206229633,-0.983058994334227,0.4357256,8.97666e-05,-1.4264627506075853,1.4557395351310394
both_paths,12,reverse,0.18074074074074073,reverse,0.04,0.18074074074074073,0.04,0.3547852486371994,0.0011753418388219267,0.351318359375,0.3585205078125,16384,3077126.0,1.512248,-0.2619614,-0.8599339286275198,0.10115815614994733,-0.5002805871104559,0.552869,0.0001140146,-1.3712835503987821,2.6059365363357543
both_paths,12,reverse,0.18074074074074073,reverse,0.03,0.18074074074074073,0.03,0.34536082297563553,0.003072563488345402,0.33642578125,0.351318359375,16384,3077603.0,1.475652,-0.03693083,-0.9792723616844576,0.1886266433963324,-0.07379451905106345,0.7550855,0.0001538522,-0.3729145888165206,2.9376336253723223
both_paths,12,reverse,0.18074074074074073,reverse,0.02,0.18074074074074073,0.02,0.32886240631341934,0.0032541164406508028,0.32080078125,0.3377685546875,16384,3078068.0,1.444045,0.03816173,-0.9652217307984761,0.25006607591828783,0.07624938077927812,0.8174426,0.0001750177,0.29596161486512607,2.8770865178094405
both_paths,12,reverse,0.18074074074074073,reverse,0.01,0.18074074074074073,0.01,0.3204210549592972,0.005805545423446424,0.3106689453125,0.334716796875,16384,3078545.0,1.451673,0.0999238,-0.9524122996454902,0.2313020415982938,0.19851996634205327,0.8528736,0.0002035801,0.709276579002101,2.8318508383852046
both_paths,12,reverse,0.18074074074074073,reverse,0.0,0.18074074074074073,0.0,0.27709202468395233,0.007857079481193895,0.26171875,0.29248046875,16384,3079009.0,1.42969,0.2264508,-0.8636110535075175,0.25040529206899664,0.4375764367096063,0.8884124,0.0002850983,1.0510274545149647,2.613185184434386
both_paths,13,reverse,0.13555555555555554,reverse,0.2,0.13555555555555554,0.2,0.24738843739032745,0.00930380467217746,0.2293701171875,0.266845703125,16384,3079486.0,1.375463,0.2842039,-0.7792617620894067,0.3209268192106437,0.5382908905570034,0.8224698,0.0003052986,1.0331786575715647,2.4642833005338263
both_paths,13,reverse,0.13555555555555554,reverse,0.19,0.13555555555555554,0.19,0.2219344601035118,0.01015501030499419,0.2049560546875,0.244873046875,16384,3079963.0,-1.565408,0.3362986,-0.7821607784632312,-0.008429402083299212,0.6230196319654062,0.8772306,0.0003659277,1.5843254153648445,2.4689225526218825
both_paths,13,reverse,0.13555555555555554,reverse,0.18,0.13555555555555554,0.18,0.18523241579532623,0.010243811564731637,0.1632080078125,0.20556640625,16384,3080440.0,1.493955,0.4489154,-0.6159614210334085,0.09541495264221207,0.7819766713980594,0.8319474,0.0003842003,1.4493788737195246,2.234402135743415
both_paths,13,reverse,0.13555555555555554,reverse,0.17,0.13555555555555554,0.17,0.15092343091964722,0.008717981215825742,0.13330078125,0.16748046875,16384,3080916.0,-1.477613,0.5507208,-0.44447864428135087,-0.08380854596991125,0.8918603379454777,0.8144077,0.000397778,1.6644916646767056,2.031388496547049
both_paths,13,reverse,0.13555555555555554,reverse,0.16,0.13555555555555554,0.16,0.11313136667013168,0.00440703070347808,0.1046142578125,0.1256103515625,16384,3081392.0,1.253526,0.5972947,-0.29587964528155947,0.21779475243108462,0.9300648801677983,0.8176434,0.0004101229,1.3407695861454458,1.8711725916523219
both_paths,13,reverse,0.13555555555555554,reverse,0.15,0.13555555555555554,0.15,0.09812065958976746,0.0013813831533133196,0.0948486328125,0.103759765625,16384,3081869.0,1.456386,0.7419821,-0.08446257895261829,0.01967130958148192,0.9962324589853626,0.8163814,0.0003982399,1.5510531901053373,1.6553596544963973
both_paths,13,reverse,0.13555555555555554,reverse,0.14,0.13555555555555554,0.14,0.1004861518740654,0.0022260112963438552,0.0953369140625,0.108154296875,16384,3082345.0,-0.1149234,0.7101116,0.14605986934843454,-0.03417534664592554,0.9886852685498804,0.8496708,0.0003595216,1.605349026350539,1.4242120799393545
both_paths,13,reverse,0.13555555555555554,reverse,0.13,0.13555555555555554,0.13,0.12287161499261856,0.006782637559077405,0.1099853515625,0.138671875,16384,3082796.0,0.1701473,0.5649872,0.4022154148918087,0.14241175868342612,0.9044012665913863,0.9281496,0.0003017057,1.41461353125655,1.1568609861701795
both_paths,13,reverse,0.13555555555555554,reverse,0.12,0.13555555555555554,0.12,0.15227288007736206,0.009119517901166826,0.1339111328125,0.1719970703125,16384,3083272.0,-0.1196268,0.4415716,0.616645340546541,-0.15041567590206797,0.7727377617440243,1.085691,0.0002424685,1.7630452344079623,0.9063220582735357
both_paths,13,reverse,0.13555555555555554,reverse,0.11,0.13555555555555554,0.11,0.17229022085666656,0.011692770870347223,0.1494140625,0.1925048828125,16384,3083748.0,-0.1669666,0.3826269,0.6813674803326567,-0.23638373659192066,0.6927200630990618,1.183541,0.0002165373,1.8996458480654432,0.8211670210544297
both_paths,13,reverse,0.13555555555555554,reverse,0.1,0.13555555555555554,0.1,0.23028873652219772,0.0081350080269796,0.21044921875,0.245849609375,16384,3084249.0,-0.1579373,0.2712672,0.814032410986772,-0.26603977941968043,0.5163081150140784,1.220125,0.0001629731,2.046587774053533,0.6197349852177729
both_paths,13,reverse,0.13555555555555554,reverse,0.09,0.13555555555555554,0.09,0.2428809478878975,0.010319288405448554,0.2239990234375,0.26513671875,16384,3084700.0,0.1064891,0.1864673,0.910220959872952,0.19684250060798153,0.36434987877362973,1.530907,0.0001267297,1.0754642593384247,0.42697901635382807
both_paths,13,reverse,0.13555555555555554,reverse,0.08,0.13555555555555554,0.08,0.2795765697956085,0.010453647332648853,0.259033203125,0.300537109375,16384,3085188.0,-0.0519877,0.1065231,0.9721128931580967,-0.1014416486085095,0.21143820582709916,1.578303,0.0001002739,2.0181291257285405,0.2367179527654269
both_paths,13,reverse,0.13555555555555554,reverse,0.07,0.13555555555555554,0.07,0.3217814564704895,0.009873376398913489,0.2979736328125,0.337890625,16384,3085664.0,0.05072233,0.01022994,0.9946506816446273,0.10124955911767614,0.020458452589437057,1.365085,7.985607e-05,0.19937522587998835,0.10348037854038161
both_paths,13,reverse,0.13555555555555554,reverse,0.06,0.13555555555555554,0.06,0.34494679421186447,0.003697392800855323,0.3353271484375,0.353759765625,16384,3086115.0,-0.08878362,-0.1758331,0.9240386780797715,-0.1658255051580854,-0.3444625135651981,0.6948217,8.135842e-05,-2.019456470455579,0.3922830053013043
both_paths,13,reverse,0.13555555555555554,reverse,0.05,0.13555555555555554,0.05,0.35540521144866943,0.0029250777240711267,0.3482666015625,0.3631591796875,16384,3086604.0,-0.5291416,-0.3310469,0.3867573598009734,-0.6873696914457031,-0.614769592547988,0.4909294,8.478606e-05,-2.4118913057967473,1.173683609013743
both_paths,13,reverse,0.13555555555555554,reverse,0.04,0.13555555555555554,0.04,0.36005446314811707,0.001035966134037259,0.356201171875,0.3638916015625,16384,3087081.0,-1.383263,-0.2032621,-0.8546495382442783,-0.3364785648770547,-0.39541919801284264,0.5438203,0.000111373,-2.275836666848489,2.5956717944484833
both_paths,13,reverse,0.13555555555555554,reverse,0.03,0.13555555555555554,0.03,0.354908786714077,0.00413453897616621,0.3421630859375,0.361328125,16384,3087533.0,-1.5675,-0.1276807,-0.967551044250986,-0.006378821279866853,-0.25259510566894605,0.6558323,0.000123067,-1.5960441074724099,2.886148023931168
both_paths,13,reverse,0.13555555555555554,reverse,0.02,0.13555555555555554,0.02,0.3388946056365967,0.00378681260436403,0.3310546875,0.347900390625,16384,3087998.0,1.417109,0.0169056,-0.9525864150459067,0.3023844575891179,0.0338047582231046,0.8243435,0.0001725976,0.11133169938934895,2.832422569954009
both_paths,13,reverse,0.13555555555555554,reverse,0.01,0.13555555555555554,0.01,0.31679899990558624,0.005631293456668832,0.304443359375,0.3277587890625,16384,3088475.0,1.415869,0.08961968,-0.9371204100316983,0.3000352666366219,0.17828117084064948,0.8687366,0.0002084355,0.5361444104115316,2.785082227889609
both_paths,13,reverse,0.13555555555555554,reverse,0.0,0.13555555555555554,0.0,0.2765089422464371,0.008120402009901384,0.25927734375,0.2908935546875,16384,3088902.0,1.424362,0.2054953,-0.8776910045627772,0.2646585764957665,0.39951763214759073,0.9254968,0.0002982096,0.985721906619073,2.6418188933786295
both_paths,14,reverse,0.09037037037037036,reverse,0.2,0.09037037037037036,0.2,0.25057537108659744,0.010651781777340222,0.228515625,0.2747802734375,16384,3089442.0,1.23133,0.2277524,-0.6988929957162396,0.5639350649379334,0.43991569996105967,0.8994088,0.0002879636,0.6624773917028222,2.344644882586405
both_paths,14,reverse,0.09037037037037036,reverse,0.19,0.09037037037037036,0.19,0.21212057024240494,0.0053069510350723,0.2001953125,0.2249755859375,16384,3089894.0,1.093947,0.1164332,-0.5630516323193584,0.7935484988653885,0.23076750050861733,0.9744774,0.0003392166,0.2829993826816031,2.1688700867230235
both_paths,14,reverse,0.09037037037037036,reverse,0.18,0.09037037037037036,0.18,0.17708783596754074,0.013531921667249463,0.1527099609375,0.19921875,16384,3090372.0,1.063017,0.0533395,-0.5241485630129513,0.8449443654068695,0.10647677332940199,0.8854726,0.0003568236,0.12535554613747069,2.1225113548751073
both_paths,14,reverse,0.09037037037037036,reverse,0.17,0.09037037037037036,0.17,0.13883771747350693,0.007019526807901589,0.12353515625,0.154296875,16384,3090856.0,0.938603,0.1785884,-0.28260043305088534,0.8932499272341647,0.3496306089798367,0.954862,0.0003706719,0.3730828896312688,1.857300294649998
both_paths,14,reverse,0.09037037037037036,reverse,0.16,0.09037037037037036,0.16,0.10950435698032379,0.003676485565731665,0.1004638671875,0.11767578125,16384,3091334.0,0.9212354,0.231507,-0.24009093840689508,0.861894997945626,0.4466467886498299,0.9527342,0.0004087299,0.478113079498681,1.8132558552132036
both_paths,14,reverse,0.09037037037037036,reverse,0.15,0.09037037037037036,0.15,0.09147000312805176,0.0008891755940769833,0.08837890625,0.09521484375,16384,3091812.0,0.7917798,0.1564681,-0.012143079230934247,0.9513562590738642,0.3078535592579265,0.9818072,0.0003810339,0.31296005849227093,1.5829397044706572
both_paths,14,reverse,0.09037037037037036,reverse,0.14,0.09037037037037036,0.14,0.0966126099228859,0.001826650532366849,0.0916748046875,0.1026611328125,16384,3092265.0,0.6912769,0.1783324,0.17535584262054482,0.9205128971146489,0.34915087670580813,1.00376,0.0003463416,0.36253551156822006,1.3945291271180482
both_paths,14,reverse,0.09037037037037036,reverse,0.13,0.09037037037037036,0.13,0.11123470216989517,0.004025168234925384,0.1025390625,0.1212158203125,16384,3092767.0,0.6078546,0.192201,0.322299942574111,0.8691916439243734,0.37500484416707214,1.020506,0.0003102307,0.40731349263017735,1.2426382497605648
both_paths,14,reverse,0.09037037037037036,reverse,0.12,0.09037037037037036,0.12,0.1286930963397026,0.004852586306528232,0.1201171875,0.1402587890625,16384,3093245.0,0.4240107,0.3864599,0.47352866960509243,0.5368870152706491,0.6982284238670071,0.9874538,0.0002820483,0.9152912772302813,1.0775035353860467
both_paths,14,reverse,0.09037037037037036,reverse,0.11,0.09037037037037036,0.11,0.15591341257095337,0.005200359474628218,0.142822265625,0.1676025390625,16384,3093722.0,0.4587561,0.1684185,0.5736422513851687,0.7494678155978644,0.3305034959099837,1.220857,0.0002332989,0.4153311741216177,0.9598507410154028
both_paths,14,reverse,0.09037037037037036,reverse,0.1,0.09037037037037036,0.1,0.19934707134962082,0.01256176457500792,0.1717529296875,0.220703125,16384,3094198.0,0.312172,0.2132056,0.7386955003840062,0.5322208289881347,0.4136060286112928,1.189983,0.0001852233,0.6606408978210823,0.7396633730257104
both_paths,14,reverse,0.09037037037037036,reverse,0.09,0.09037037037037036,0.09,0.25224847346544266,0.013479736059273358,0.2218017578125,0.276611328125,16384,3094674.0,0.1596682,0.1805425,0.8882181650538508,0.29369208192775614,0.3532894737765486,0.9690266,0.0001478697,0.877254995738932,0.4773442463866464
both_paths,14,reverse,0.09037037037037036,reverse,0.08,0.09037037037037036,0.08,0.28162748366594315,0.006890033352586058,0.2657470703125,0.2979736328125,16384,3095139.0,-0.08735376,0.08050051,0.9720415969416697,-0.1715721553039016,0.16030636088272465,1.841522,9.122586e-05,2.3901269976356563,0.2370217791441514
both_paths,14,reverse,0.09037037037037036,reverse,0.07,0.09037037037037036,0.07,0.3188294321298599,0.008776639751158517,0.302734375,0.33544921875,16384,3095617.0,-0.1930794,0.06558515,0.918404698162386,-0.37339739527239757,0.13079447846543635,0.779024,0.0001045957,2.8046664117624758,0.40676708433083536
both_paths,14,reverse,0.09037037037037036,reverse,0.06,0.09037037037037036,0.06,0.3484782576560974,0.0033827847999762174,0.3402099609375,0.356201171875,16384,3096068.0,-0.4871821,-0.1537636,0.5353423135273574,-0.7885300482045741,-0.30270277571517024,0.528929,8.967926e-05,-2.775057539368514,1.005883351952978
both_paths,14,reverse,0.09037037037037036,reverse,0.05,0.09037037037037036,0.05,0.36203644424676895,0.0015180411068046141,0.356689453125,0.3662109375,16384,3096583.0,-1.0891,-0.1101355,-0.5569474550713264,-0.8012926231186133,-0.21849408327289996,0.4230847,9.678304e-05,-2.8753873802925876,2.1615022385916642
both_paths,14,reverse,0.09037037037037036,reverse,0.04,0.09037037037037036,0.04,0.36267078667879105,0.001204557102220531,0.3590087890625,0.366455078125,16384,3097060.0,-1.414501,-0.09447906,-0.9346031080228897,-0.3020509800069791,-0.18783566208464855,0.536457,0.0001114864,-2.585249155912177,2.777937921035412
both_paths,14,reverse,0.09037037037037036,reverse,0.03,0.09037037037037036,0.03,0.36066021770238876,0.0009403735029700603,0.357421875,0.364501953125,16384,3097537.0,-1.511573,-0.08688644,-0.9780383649261057,-0.11639018413355431,-0.17289962917839652,0.6022057,0.0001227555,-2.1632851106343765,2.9316283958437523
both_paths,14,reverse,0.09037037037037036,reverse,0.02,0.09037037037037036,0.02,0.3514042794704437,0.0034915040607609127,0.3416748046875,0.3592529296875,16384,3098014.0,1.513243,-0.02365142,-0.9922713718742392,0.11472416606162195,-0.04728520149349942,0.745851,0.0001522669,-0.390948629835838,3.0171852263476744
both_paths,14,reverse,0.09037037037037036,reverse,0.01,0.09037037037037036,0.01,0.3359382450580597,0.00839499178923146,0.3175048828125,0.3511962890625,16384,3098479.0,1.414991,0.00974569,-0.9516601879516995,0.3065338821117771,0.019490145849096925,0.8131891,0.0001688355,0.0634968795814741,2.82939282018788
both_paths,14,reverse,0.09037037037037036,reverse,0.0,0.09037037037037036,0.0,0.2980961948633194,0.007704679246835731,0.28662109375,0.3187255859375,16384,3098956.0,1.307648,0.06429501,-0.8575343034162086,0.49818717793991635,0.12823593178489384,0.9080902,0.0002402309,0.2519359558881207,2.6012535825098704
both_paths,15,reverse,0.04518518518518518,reverse,0.2,0.04518518518518518,0.2,0.2996724769473076,0.0051956038418222205,0.2882080078125,0.3126220703125,16384,3099433.0,1.32967,-0.02389451,-0.884940972300469,0.46324661158854724,-0.047770832059220246,0.8493326,0.0002306134,-0.10275859497461015,2.6571635729661414
both_paths,15,reverse,0.04518518518518518,reverse,0.19,0.04518518518518518,0.19,0.2703089118003845,0.008634284107498103,0.2509765625,0.2894287109375,16384,3099910.0,1.187813,-0.02205429,-0.7200115935484633,0.692559744529202,-0.04409427869292008,0.9534336,0.0002652879,-0.06358273361766997,2.3746153518983126
both_paths,15,reverse,0.04518518518518518,reverse,0.18,0.04518518518518518,0.18,0.2191348373889923,0.009584737484689859,0.2003173828125,0.239501953125,16384,3100387.0,1.099027,-0.02089327,-0.5864143237933248,0.808933335939397,-0.041774380378125864,0.9683488,0.0003318969,-0.05159548115867807,2.1974213377511833
both_paths,15,reverse,0.04518518518518518,reverse,0.17,0.04518518518518518,0.17,0.16315292567014694,0.010355437380308322,0.1439208984375,0.1854248046875,16384,3100851.0,0.948587,-0.05354709,-0.3187772046407421,0.9417832609738845,-0.10688958392112219,1.052401,0.0003494868,-0.11301340208716537,1.8952354334173875
both_paths,15,reverse,0.04518518518518518,reverse,0.16,0.04518518518518518,0.16,0.12529022246599197,0.008449468555584401,0.1099853515625,0.1466064453125,16384,3101328.0,0.9164918,-0.0498954,-0.2579042129530001,0.9610204079998736,-0.09962525959238352,1.063915,0.0003825328,-0.10329714399908374,1.8316487306645717
both_paths,15,reverse,0.04518518518518518,reverse,0.15,0.04518518518518518,0.15,0.09425777196884155,0.0024416175222985383,0.0880126953125,0.100341796875,16384,3101805.0,0.8020804,-0.004766438,-0.03335676767642044,0.9993980453643662,-0.009532731616153346,1.005209,0.0003740817,-0.009538184082223733,1.6041592834383949
both_paths,15,reverse,0.04518518518518518,reverse,0.14,0.04518518518518518,0.14,0.08941412717103958,0.0011941882939840343,0.0858154296875,0.0936279296875,16384,3102283.0,0.7175087,0.01696874,0.13528416535154703,0.9902256733525264,0.03393096577863517,1.028896,0.0003564632,0.03425249012376019,1.4350960679718727
both_paths,15,reverse,0.04518518518518518,reverse,0.13,0.04518518518518518,0.13,0.10547590255737305,0.0037193298034178903,0.0987548828125,0.11572265625,16384,3102760.0,0.626006,0.01111162,0.3133349787208589,0.9493826415159814,0.02222141080437207,1.107501,0.0003085068,0.023401896322319704,1.2520934945631332
both_paths,15,reverse,0.04518518518518518,reverse,0.12,0.04518518518518518,0.12,0.12808110564947128,0.006643328007792476,0.112060546875,0.140380859375,16384,3103238.0,0.5424661,-0.007156817,0.46692482072959146,0.8841811724188233,-0.014313145241835698,1.195669,0.0002635821,-0.016186609285074205,1.0849862955948102
both_paths,15,reverse,0.04518518518518518,reverse,0.11,0.04518518518518518,0.11,0.16744762659072876,0.009095256106542188,0.150390625,0.1865234375,16384,3103690.0,0.4897977,-0.03048565,0.5563228513125922,0.8287291415183012,-0.06093353022570401,1.149293,0.0002289723,-0.07339440219242954,0.9808422639046608
both_paths,15,reverse,0.04518518518518518,reverse,0.1,0.04518518518518518,0.1,0.20931249856948853,0.013024524615346688,0.181396484375,0.2298583984375,16384,3104168.0,0.3323206,-0.004136335,0.7871112007278755,0.6167556421963157,-0.008272575640775047,1.28482,0.0001704298,-0.01341224793434348,0.6646848686522483
both_paths,15,reverse,0.04518518518518518,reverse,0.09,0.04518518518518518,0.09,0.24711453914642334,0.0070659470584597366,0.22998046875,0.2620849609375,16384,3104645.0,0.3308118,-0.02210738,0.7882246381735505,0.613798214708184,-0.04420035517075949,1.048798,0.0001574322,-0.07188712665158326,0.6628776323537755
both_paths,15,reverse,0.04518518518518518,reverse,0.08,0.04518518518518518,0.08,0.2975669428706169,0.006104867561596153,0.28564453125,0.30810546875,16384,3105134.0,0.136658,0.07454204,0.9522003941953426,0.26693168626590813,0.14853243471199426,1.079255,0.0001059838,0.5077768664370867,0.3104362606169722
both_paths,15,reverse,0.04518518518518518,reverse,0.07,0.04518518518518518,0.07,0.3363446146249771,0.007246766650017168,0.3194580078125,0.347412109375,16384,3105610.0,-0.3747856,-0.0003823474,0.7319808742816132,-0.681324749974564,-0.0007646947254730844,0.6830012,9.503234e-05,-3.140470289541803,0.7495715141172248
both_paths,15,reverse,0.04518518518518518,reverse,0.06,0.04518518518518518,0.06,0.3567895367741585,0.0027919303002707516,0.3489990234375,0.3636474609375,16384,3106074.0,-0.4121753,-0.06141348,0.6739181650135571,-0.7285763923092374,-0.12251835549996673,0.8199749,7.427518e-05,-2.9749900887811105,0.8312969061956235
both_paths,15,reverse,0.04518518518518518,reverse,0.05,0.04518518518518518,0.05,0.3637290373444557,0.001998490022963417,0.35791015625,0.3690185546875,16384,3106551.0,-1.015452,0.01676406,-0.44379502562342604,-0.8955011231508369,0.03352183866514692,0.4395834,9.628292e-05,3.1041765150969614,2.030625494321097
both_paths,15,reverse,0.04518518518518518,reverse,0.04,0.04518518518518518,0.04,0.36605154722929,0.0013382968540195368,0.361572265625,0.369873046875,16384,3107029.0,-1.352187,0.003448491,-0.9059113005833955,-0.4234113223200785,0.006896927320442122,0.5387466,0.0001095806,3.1253051405575683,2.70432311543832
both_paths,15,reverse,0.04518518518518518,reverse,0.03,0.04518518518518518,0.03,0.362788550555706,0.002340538962792272,0.35546875,0.3682861328125,16384,3107481.0,-1.551811,0.02685324,-0.9978383942454657,-0.037906795391318616,0.05368066535346842,0.6774071,0.0001262883,2.185640299515738,3.0758296706842625
both_paths,15,reverse,0.04518518518518518,reverse,0.02,0.04518518518518518,0.02,0.34918565303087234,0.0034757495318313587,0.3421630859375,0.3575439453125,16384,3107959.0,1.476996,0.003477179,-0.9824307887879122,0.18649767539040907,0.006954301944422559,0.7943084,0.0001551587,0.03727167846537327,2.953864659882532
both_paths,15,reverse,0.04518518518518518,reverse,0.01,0.04518518518518518,0.01,0.332513689994812,0.004142421204878296,0.32275390625,0.3427734375,16384,3108423.0,1.33968,-0.01969687,-0.8943646663149716,0.4456015927860975,-0.03938355181801535,0.855178,0.0001724391,-0.08815381673365552,2.6778052546839426
both_paths,15,reverse,0.04518518518518518,reverse,0.0,0.04518518518518518,0.0,0.2942197844386101,0.013141442432538787,0.271484375,0.317626953125,16384,3108900.0,1.218782,-0.02726995,-0.7611072579004321,0.6463312537129635,-0.054512864950523425,0.9862262,0.00025304,-0.08414284960654106,2.4358148184035726
both_paths,16,reverse,0.0,reverse,0.2,0.0,0.2,0.24998678267002106,0.006090326506984301,0.2353515625,0.260986328125,16384,3109384.0,1.165656,-0.1639554,-0.6525676049813538,0.6858783482211893,-0.3220658509843488,0.9538096,0.0002839092,-0.4390061868771977,2.2817643864076755
both_paths,16,reverse,0.0,reverse,0.19,0.0,0.19,0.2183963805437088,0.00589994156965577,0.2049560546875,0.2315673828125,16384,3109856.0,1.082826,-0.2168996,-0.508483406936454,0.7515149858834138,-0.42032112826141493,0.895348,0.0002940798,-0.5099540564878082,2.104218913987121
both_paths,16,reverse,0.0,reverse,0.18,0.0,0.18,0.16475141793489456,0.009029137015630115,0.1470947265625,0.1861572265625,16384,3110334.0,1.025005,-0.1499532,-0.44050079539128245,0.8477497862099144,-0.2954307858715676,0.9653364,0.0003623001,-0.3353273581346121,2.026952756426482
both_paths,16,reverse,0.0,reverse,0.17,0.0,0.17,0.14103838056325912,0.007465889110989304,0.1253662109375,0.15869140625,16384,3110812.0,0.9605778,-0.1225623,-0.33297497721630753,0.9111725633322386,-0.242677202016088,0.9869184,0.0003623495,-0.2602927776670336,1.9102531677149883
both_paths,16,reverse,0.0,reverse,0.16,0.0,0.16,0.10217432677745819,0.004431297519647507,0.09375,0.1134033203125,16384,3111290.0,0.8443924,-0.08705126,-0.11593533852102626,0.9780349384495537,-0.17322429521863503,0.9984532,0.0003785719,-0.17529671990694817,1.6869929634039877
both_paths,16,reverse,0.0,reverse,0.15,0.0,0.15,0.09016834944486618,0.0014472299750941922,0.0859375,0.09521484375,16384,3111767.0,0.778302,0.01628925,0.014184319702663066,0.9993687116641479,0.032572737393621765,1.022575,0.000369597,0.03258177896936765,1.5566115314136413
both_paths,16,reverse,0.0,reverse,0.14,0.0,0.14,0.09036923944950104,0.001511685334493208,0.086669921875,0.0963134765625,16384,3112243.0,0.7319145,0.1013217,0.10457886188751184,0.9739393918718559,0.201259341662921,1.023736,0.000359717,0.20377638338277215,1.4660258953107101
both_paths,16,reverse,0.0,reverse,0.13,0.0,0.13,0.10021992772817612,0.0044442190065123646,0.090576171875,0.1102294921875,16384,3112694.0,0.6443467,0.02571165,0.2780080836646674,0.9592025227682869,0.05140063941288519,1.104168,0.0003148603,0.05353564335888805,1.2890765044514674
both_paths,16,reverse,0.0,reverse,0.12,0.0,0.12,0.1294243335723877,0.0092295344650986,0.1103515625,0.1492919921875,16384,3113169.0,0.5563438,0.1642209,0.41861251410897016,0.8489482421342841,0.32256851242561824,1.057969,0.0002821141,0.3631142577173785,1.1388793362848002
both_paths,16,reverse,0.0,reverse,0.11,0.0,0.11,0.16725394129753113,0.01256085042774768,0.1455078125,0.19384765625,16384,3113646.0,0.505754,0.1876538,0.4936518119422255,0.7886333632956134,0.3665587358980912,1.081109,0.0002496589,0.4350952489547897,1.054512426410943
both_paths,16,reverse,0.0,reverse,0.1,0.0,0.1,0.20659971982240677,0.010001556253651702,0.190673828125,0.2315673828125,16384,3114122.0,0.2676714,0.2606693,0.7458331631233142,0.4423660265120861,0.49804135508347125,1.164656,0.0001852119,0.8445325533977179,0.7290116136131842
both_paths,16,reverse,0.0,reverse,0.09,0.0,0.09,0.23985516279935837,0.009609999306611597,0.2144775390625,0.256103515625,16384,3114599.0,0.1349091,0.1892287,0.8956153809003783,0.24769355779132407,0.36948747059047393,1.423534,0.0001377385,0.980233805278429,0.4609836357127852
both_paths,16,reverse,0.0,reverse,0.08,0.0,0.08,0.27613670378923416,0.009298169449155163,0.253662109375,0.289306640625,16384,3115087.0,0.07753358,0.1516734,0.9428910958292648,0.1473947520589086,0.29871586578449605,1.321693,0.0001171329,1.1124201808581926,0.33959066095448953
both_paths,16,reverse,0.0,reverse,0.07,0.0,0.07,0.3027055487036705,0.009612694014892299,0.28369140625,0.3216552734375,16384,3115563.0,-0.09861792,0.05653524,0.974350133043809,-0.19470818379802715,0.11282970087519231,1.485149,8.637052e-05,2.6163972742285644,0.22698139055530972
both_paths,16,reverse,0.0,reverse,0.06,0.0,0.06,0.33940862864255905,0.00517560306283017,0.325927734375,0.3485107421875,16384,3116039.0,-0.362761,-0.07545419,0.7396503452940154,-0.6559850443964931,-0.15033625056710304,0.5092455,9.761316e-05,-2.916306685183042,0.7382456699382554
both_paths,16,reverse,0.0,reverse,0.05,0.0,0.05,0.35006342828273773,0.004093278137659776,0.339599609375,0.3582763671875,16384,3116503.0,-0.18481,-0.158051,0.8862651544946542,-0.34336221663947497,-0.31086406050393334,0.7936776,7.335772e-05,-2.4058278766453944,0.4815779497004401
both_paths,16,reverse,0.0,reverse,0.04,0.0,0.04,0.3642191141843796,0.0008352811995071578,0.3607177734375,0.367431640625,16384,3116979.0,-1.176257,-0.1080211,-0.688122359809085,-0.6932063495321622,-0.21436551704756496,0.5230922,0.0001034233,-2.841682625622548,2.329694467555481
both_paths,16,reverse,0.0,reverse,0.03,0.0,0.03,0.36044710874557495,0.00457519112912468,0.3477783203125,0.3687744140625,16384,3117457.0,-1.532424,-0.03047734,-0.9952048792025101,-0.07652695406534536,-0.060916941100140294,0.6595534,0.000126816,-2.4692836155556477,3.0436237003186113
both_paths,16,reverse,0.0,reverse,0.02,0.0,0.02,0.3389350324869156,0.004102968375587158,0.3304443359375,0.3487548828125,16384,3117924.0,1.42689,0.00997598,-0.9586762123288552,0.28379903457711797,0.019950636277954414,0.8489898,0.0001774551,0.07018300432776936,2.853108423549189
both_paths,16,reverse,0.0,reverse,0.01,0.0,0.01,0.31004656106233597,0.007840530940060812,0.2952880859375,0.32275390625,16384,3118401.0,1.303575,0.01831294,-0.8599755218721121,0.5090198880413744,0.036617691887052425,0.878444,0.0002006253,0.07181393563229532,2.6060180325405966
both_paths,16,reverse,0.0,reverse,0.0,0.0,0.0,0.30590713769197464,0.00626576565423174,0.2921142578125,0.319580078125,16384,3118877.0,1.345472,0.004023608,-0.9001356248488912,0.43553541829613124,0.008047129147100941,0.8494258,0.0002157052,0.018474303795898983,2.6908770865501146
