condition,elapsed_s,phi2_rp_command_estimated_v,rp_out1_v,phi2_sine_frequency_hz,phi2_sine_offset_v,phi2_sine_amplitude_v,pd_mean_v,pd_std_v,pd_min_v,pd_max_v,pd_sample_count,pd_normalized,pax_timestamp,theta,eta,s1,s2,s3,dop,pax_ptotal,pax_ptotal_normalized,pd_condition_mean_v,pax_ptotal_condition_mean,pd_contrast_5_95,pax_ptotal_contrast_5_95,u,v
path_a_only,0.04093007399933413,0.112823156790037,0.0,0.5,0.1,0.1,0.09602914750576019,0.0006938347152812951,0.0936279296875,0.0987548828125,16384,0.5382658228873781,1274448.0,1.256373,0.662429,-0.1968929502183616,0.1432100357075306,0.9699093008250604,0.7695652,0.0001284114,0.6831951629994379,0.0958620542455054,0.0001267607018036072,0.00266487677188125,0.02461442610756627,1.4242025023707008,1.7689841485460027
path_a_only,0.15871233299549203,0.1478204796412005,0.0,0.5,0.1,0.1,0.09605072438716888,0.0006916165156090399,0.0936279296875,0.0987548828125,16384,0.561731746250395,1274572.0,1.377164,0.6749195,-0.20293372184443803,0.08276874484862064,0.9756880851043269,0.7705192,0.0001282445,0.6658563444077372,0.0958620542455054,0.0001267607018036072,0.00266487677188125,0.02461442610756627,1.48616779087574,1.7751493849652478
path_a_only,0.2804541750010685,0.17714219556277816,0.0,0.5,0.1,0.1,0.09616626799106598,0.0006908112783011506,0.093994140625,0.09912109375,16384,0.6873911176294232,1274696.0,1.510211,0.6795628,-0.20855318503992112,0.025394933136596215,0.9776812703436085,0.7722962,0.0001275773,0.5965426250285688,0.0958620542455054,0.0001267607018036072,0.00266487677188125,0.02461442610756627,1.5448275115544128,1.7808917083833575
path_a_only,0.3992203539964976,0.1950296779612227,0.0,0.5,0.1,0.1,0.09625434130430222,0.000688956947307074,0.0936279296875,0.09912109375,16384,0.7831751922406878,1274820.0,1.46784,0.6794127,-0.20594264903899134,0.043015880898795836,0.9776181561823121,0.7723826,0.0001275503,0.5937376633630458,0.0958620542455054,0.0001267607018036072,0.00266487677188125,0.02461442610756627,1.526823992230634,1.7782232348193234
path_a_only,0.5206724339950597,0.19978918557411024,0.0,0.5,0.1,0.1,0.09611640125513077,0.0006761298176778508,0.09375,0.0997314453125,16384,0.6331585813488044,1274944.0,1.160287,0.6458667,-0.18771595522916978,0.20158905864116716,0.9613139817918849,0.7697304,0.0001268474,0.5207151613372398,0.0958620542455054,0.0001267607018036072,0.00266487677188125,0.02461442610756627,1.3640899674669988,1.759632572020471
path_a_only,0.6422373659952427,0.1901811968660413,0.0,0.5,0.1,0.1,0.09597920626401901,0.0006877197190240438,0.093505859375,0.098876953125,16384,0.48395225786586504,1275044.0,1.011983,0.5933574,-0.1640535932644045,0.3368861946586843,0.9271429827083999,0.7761042,0.0001268061,0.5164246088636804,0.0958620542455054,0.0001267607018036072,0.00266487677188125,0.02461442610756627,1.2222698893614856,1.7355948560975942
path_a_only,0.7614482149947435,0.16812234426722095,0.0,0.5,0.1,0.1,0.09591209888458252,0.000690026854872751,0.0933837890625,0.098876953125,16384,0.4109696709422832,1275169.0,1.039343,0.6093196,-0.16774808734186458,0.30138463701718715,0.9386308538308149,0.7752428,0.0001268333,0.5192503480230207,0.0958620542455054,0.0001267607018036072,0.00266487677188125,0.02461442610756627,1.260105275585624,1.7393412686574259
path_a_only,0.8805224889947567,0.1366597878072221,0.0,0.5,0.1,0.1,0.09596343338489532,0.0006947205441295852,0.0931396484375,0.0987548828125,16384,0.46679847341852154,1275293.0,1.061118,0.6150585,-0.17505406529861484,0.2846001221068177,0.9425279012948172,0.773297,0.0001265785,0.49277982089800365,0.0958620542455054,0.0001267607018036072,0.00266487677188125,0.02461442610756627,1.277547786500575,1.7467570079140353
path_a_only,0.9985944399959408,0.10044156826331234,0.0,0.5,0.1,0.1,0.09594230353832245,0.0006928776521635677,0.0936279296875,0.0986328125,16384,0.44381872250087107,1275418.0,0.9679564,0.5571379,-0.15740107452927837,0.4117692384252665,0.89759177582223,0.778857,0.000126274,0.46114608655903994,0.0958620542455054,0.0001267607018036072,0.00266487677188125,0.02461442610756627,1.1406906792148312,1.72885469388845
path_a_only,1.1167238080015522,0.06414644647283252,0.0,0.5,0.1,0.1,0.09589839726686478,0.0006928437267887158,0.0933837890625,0.099365234375,16384,0.39606848549180396,1275543.0,0.910728,0.5037493,-0.13244937436799017,0.5172899979196535,0.8454988002840766,0.7915264,0.0001256342,0.39467888383303207,0.0958620542455054,0.0001267607018036072,0.00266487677188125,0.02461442610756627,1.0217336012752734,1.7036360468725777
path_a_only,1.2399493470002199,0.031556890431182316,0.0,0.5,0.1,0.1,0.09591149538755417,0.0007041851102149937,0.093505859375,0.0989990234375,16384,0.41031333814103865,1275643.0,0.8945984,0.4863547,-0.12199783729998079,0.5496871127995258,0.8264143063356593,0.7983631,0.0001249887,0.3276195225331922,0.0958620542455054,0.0001267607018036072,0.00266487677188125,0.02461442610756627,0.9838464407437426,1.6930988343253435
path_a_only,1.3604307329951553,0.009459761686834128,0.0,0.5,0.1,0.1,0.09585639834403992,0.0007074113371371244,0.0933837890625,0.0987548828125,16384,0.3503925842496333,1275768.0,0.930856,0.5257638,-0.14233783921141738,0.4753939721328686,0.8681823027385194,0.7890314,0.0001266469,0.4998857237839962,0.0958620542455054,0.0001267607018036072,0.00266487677188125,0.02461442610756627,1.0698176702161302,1.7136192303679705
path_a_only,1.4804703240006347,0.000188158388905596,0.0,0.5,0.1,0.1,0.09583023190498352,0.0006953104049490651,0.0933837890625,0.098876953125,16384,0.3219352904475217,1275893.0,0.9864604,0.5735551,-0.16090311911326602,0.3783287810396878,0.9115796836791866,0.7801655,0.0001272353,0.5610131105986003,0.0958620542455054,0.0001267607018036072,0.00266487677188125,0.02461442610756627,1.1774044428323691,1.7324019535547015
path_a_only,1.603334065999661,0.005223232415405538,0.0,0.5,0.1,0.1,0.0957752913236618,0.0006945275324785904,0.093505859375,0.0986328125,16384,0.2621846969119947,1276018.0,1.029861,0.5967787,-0.17300810573057746,0.3251977289243789,0.9296852329976762,0.7743315,0.0001281197,0.6528911882648709,0.0958620542455054,0.0001267607018036072,0.00266487677188125,0.02461442610756627,1.2343056011365903,1.7446793431095151
path_a_only,1.7258903429974453,0.02414135745404984,0.0,0.5,0.1,0.1,0.09587037563323975,0.0006903519264795803,0.09375,0.098876953125,16384,0.3655935760414219,1276142.0,1.075655,0.6206259,-0.17748619836726842,0.2705982987195125,0.946189838309015,0.7735935,0.000128153,0.6563506409856835,0.0958620542455054,0.0001267607018036072,0.00266487677188125,0.02461442610756627,1.2922442554857412,1.7492278302135509
path_a_only,1.8454351179971127,0.053327869790911975,0.0,0.5,0.1,0.1,0.09591281414031982,0.0007116014491350852,0.093505859375,0.098876953125,16384,0.4117475468548694,1276267.0,1.005332,0.5821531,-0.16836397281058277,0.3577501437127463,0.9185142390474667,0.7763737,0.0001277328,0.6126971264726055,0.0958620542455054,0.0001267607018036072,0.00266487677188125,0.02461442610756627,1.1993848589250016,1.7399660399816554
path_a_only,1.9643187280016718,0.08881385880040021,0.0,0.5,0.1,0.1,0.09586908668279648,0.0006937918995066672,0.0933837890625,0.0986328125,16384,0.3641917788239489,1276367.0,0.9740668,0.5656562,-0.15676379763728635,0.3955400760119976,0.9049713586731677,0.7811838,0.0001269607,0.5324856115855321,0.0958620542455054,0.0001267607018036072,0.00266487677188125,0.02461442610756627,1.158742922488547,1.7282094060549846
path_a_only,2.083887117994891,0.126049913730156,0.0,0.5,0.1,0.1,0.0958838239312172,0.0006928584249425765,0.093505859375,0.0989990234375,16384,0.38021926377286025,1276492.0,0.9436588,0.5415742,-0.14584183483765473,0.4452736057772165,0.8834373634895358,0.7859247,0.0001263724,0.4713686135178381,0.0958620542455054,0.0001267607018036072,0.00266487677188125,0.02461442610756627,1.103934727358343,1.717160179119746
path_a_only,2.2016909179947106,0.15920745789789312,0.0,0.5,0.1,0.1,0.09585445374250412,0.0007069047791036524,0.09326171875,0.0986328125,16384,0.3482777341122896,1276617.0,0.9239674,0.5179808,-0.13945586671758067,0.49024991800332446,0.860352880587833,0.78952,0.0001254678,0.3773920089758789,0.0958620542455054,0.0001267607018036072,0.00266487677188125,0.02461442610756627,1.0528604747287185,1.710708217346608
path_a_only,2.3234765859961044,0.18501297588948204,0.0,0.5,0.1,0.1,0.09583572298288345,0.000704074657409248,0.0933837890625,0.099609375,16384,0.3279071086514387,1276742.0,0.8893598,0.4782836,-0.11897058646732737,0.5639155925640854,0.8172179660400991,0.8004902,0.0001244355,0.27014897463068094,0.0958620542455054,0.0001267607018036072,0.00266487677188125,0.02461442610756627,0.9667841722002706,1.6900493676456891
path_a_only,2.4428607910012943,0.19839316349715197,0.0,0.5,0.1,0.1,0.09586510062217712,0.0006963044546506954,0.093017578125,0.0987548828125,16384,0.3598567411860987,1276867.0,0.9405762,0.540871,-0.14347318443372575,0.44734694753322274,0.8827775223017146,0.7854023,0.0001257738,0.4091815745184824,0.0958620542455054,0.0001267607018036072,0.00266487677188125,0.02461442610756627,1.1017638170499344,1.714766349299768
path_a_only,2.566616891999729,0.1978180100285145,0.0,0.5,0.1,0.1,0.09586267173290253,0.0006815401028720323,0.093505859375,0.098876953125,16384,0.3572152042329414,1276967.0,1.040471,0.6061988,-0.17128504397781105,0.3061121422324434,0.9364597108724879,0.7754008,0.0001268622,0.5222526958798239,0.0958620542455054,0.0001267607018036072,0.00266487677188125,0.02461442610756627,1.2548628581013972,1.742930168291365
path_a_only,2.6887053760001436,0.18293598221867086,0.0,0.5,0.1,0.1,0.09592393785715103,0.0006705616781032739,0.0936279296875,0.0987548828125,16384,0.4238451378704026,1277092.0,1.164382,0.6472836,-0.18748717440542081,0.198065732998289,0.9620907051028618,0.7723202,0.0001268599,0.522013754700909,0.0958620542455054,0.0001267607018036072,0.00266487677188125,0.02461442610756627,1.3677628409956668,1.7593996558179215
path_a_only,2.8079024819962797,0.15675212214668346,0.0,0.5,0.1,0.1,0.0958770215511322,0.0006924980849943877,0.0933837890625,0.0987548828125,16384,0.37282133972920195,1277217.0,1.045847,0.6064985,-0.17428702340732283,0.3037659038932244,0.9366697972624866,0.772728,0.0001266893,0.5042905524735609,0.0958620542455054,0.0001267607018036072,0.00266487677188125,0.02461442610756627,1.2571939275045985,1.7459779901101047
path_a_only,2.9244263090004097,0.12351974893997296,0.0,0.5,0.1,0.1,0.09585890173912048,0.0006971331982069632,0.0933837890625,0.0985107421875,16384,0.35311514994368504,1277342.0,0.97773,0.5657644,-0.1595839586920947,0.39419942224238136,0.9050634097299108,0.7784443,0.0001262326,0.4568451453385704,0.0958620542455054,0.0001267607018036072,0.00266487677188125,0.02461442610756627,1.160024656323099,1.7310655230156236
path_a_only,3.0465923090014257,0.08541480709171405,0.0,0.5,0.1,0.1,0.09587929397821426,0.000699667565385747,0.09326171875,0.0989990234375,16384,0.375292716326481,1277467.0,1.039448,0.6066349,-0.17026093745915613,0.3057482371655236,0.9367653007267637,0.7730645,0.0001277952,0.6191797045440387,0.0958620542455054,0.0001267607018036072,0.00266487677188125,0.02461442610756627,1.255310232400996,1.7418907937265324
path_a_only,3.1662061249953695,0.050125351818105277,0.0,0.5,0.1,0.1,0.09592186659574509,0.0007093886343143961,0.0931396484375,0.0989990234375,16384,0.4215925388735384,1277592.0,1.102927,0.6245469,-0.18756685342696006,0.25453852513878256,0.9486984846175747,0.7684732,0.0001278799,0.6279789731762552,0.0958620542455054,0.0001267607018036072,0.00266487677188125,0.02461442610756627,1.3086669835493776,1.7594807739195557
path_a_only,3.2878392479979084,0.021402369791762438,0.0,0.5,0.1,0.1,0.09586965292692184,0.0007066860775760264,0.093505859375,0.0987548828125,16384,0.36480759725474626,1277692.0,1.0199,0.5924059,-0.17016423791768204,0.33581967861698225,0.9264282355301361,0.775071,0.0001266911,0.5044775499179281,0.0958620542455054,0.0001267607018036072,0.00266487677188125,0.02461442610756627,1.2230394106194904,1.7417926621872817
path_a_only,3.4087091149995103,0.004084563822060849,0.0,0.5,0.1,0.1,0.09579704701900482,0.0006999559077832814,0.09326171875,0.0987548828125,16384,0.2858450892531581,1277816.0,0.9678578,0.5657763,-0.15176244082481774,0.3972531496836858,0.9050735310577174,0.7828856,0.0001262195,0.45548421949344636,0.0958620542455054,0.0001267607018036072,0.00266487677188125,0.02461442610756627,1.1571962357327372,1.7231474509080185
path_a_only,3.5282957890012767,0.00039484565244764236,0.0,0.5,0.1,0.1,0.09579728543758392,0.0006892931564445384,0.0933837890625,0.09912109375,16384,0.28610438122402015,1277941.0,0.978591,0.5634162,-0.16186254611679973,0.39785685350196276,0.9030561667394252,0.7796332,0.00012721,0.5583847576305345,0.0958620542455054,0.0001267607018036072,0.00266487677188125,0.02461442610756627,1.1558144185063117,1.7333741239256564
path_a_only,3.6482818110016524,0.010655589562331202,0.0,0.5,0.1,0.1,0.09578227251768112,0.0006970917605631927,0.093017578125,0.0987548828125,16384,0.2697770899337995,1278066.0,0.9174206,0.511509,-0.1359201072331747,0.5027424167608923,0.8536836573574192,0.7927215,0.0001256836,0.3998109248062513,0.0958620542455054,0.0001267607018036072,0.00266487677188125,0.02461442610756627,1.0385715181165676,1.7071384562307204
path_a_only,3.7677149000010104,0.03333202841391461,0.0,0.5,0.1,0.1,0.09577056020498276,0.0007003015401962967,0.09326171875,0.098388671875,16384,0.2570393718652006,1278166.0,0.9451224,0.5382748,-0.1489721494272669,0.4503697636518556,0.8803262887607025,0.785913,0.0001261014,0.4432151093935044,0.0958620542455054,0.0001267607018036072,0.00266487677188125,0.02461442610756627,1.097916491510234,1.7203250686037466
path_a_only,3.8853814549947856,0.06476464236376585,0.0,0.5,0.1,0.1,0.0957724004983902,0.0007009326774217877,0.0933837890625,0.0986328125,16384,0.25904078176529216,1278291.0,0.9480786,0.5375498,-0.1520401623807692,0.45069014477127983,0.8796375290023,0.7832031,0.0001270716,0.5440067319079965,0.0958620542455054,0.0001267607018036072,0.00266487677188125,0.02461442610756627,1.0973105271227972,1.7234284330755838
path_a_only,4.003589984000428,0.1011278028265789,0.0,0.5,0.1,0.1,0.09579754620790482,0.0007074813829660717,0.0933837890625,0.0986328125,16384,0.2863879818171505,1278416.0,0.8791466,0.4526435,-0.11509465491481148,0.6066381848864294,0.7866023983231546,0.8035957,0.0001253624,0.36644226973342625,0.0958620542455054,0.0001267607018036072,0.00266487677188125,0.02461442610756627,0.9138563999911309,1.6861466140860477
path_a_only,4.122595023000031,0.1375692243022792,0.0,0.5,0.1,0.1,0.09583207964897156,0.0007117106573965642,0.0931396484375,0.0989990234375,16384,0.3239448032217027,1278540.0,0.8691712,0.4188177,-0.11160161881261556,0.6598506025857884,0.743062757070744,0.80908,0.0001255051,0.38126701157306353,0.0958620542455054,0.0001267607018036072,0.00266487677188125,0.02461442610756627,0.8446425748002406,1.6826309186284256
path_a_only,4.245226241997443,0.1696423036357655,0.0,0.5,0.1,0.1,0.09586402028799057,0.0007014011178220396,0.0933837890625,0.0986328125,16384,0.35868182444312996,1278665.0,0.863598,0.4327117,-0.10098382385330983,0.6404047547073181,0.761369829628298,0.8146966,0.000123522,0.17524777161378705,0.0958620542455054,0.0001267607018036072,0.00266487677188125,0.02461442610756627,0.8714791548564529,1.6719525774292074
path_a_only,4.36581871999806,0.19124587105197063,0.0,0.5,0.1,0.1,0.09589812904596329,0.0007042045939674553,0.0936279296875,0.098876953125,16384,0.3957767820245841,1278765.0,0.8740016,0.4482151,-0.11007018983787795,0.6146241233729075,0.7811028999287728,0.8092264,0.0001244026,0.26673107689750575,0.0958620542455054,0.0001267607018036072,0.00266487677188125,0.02461442610756627,0.9041147471957061,1.6810899954380176
path_a_only,4.482954842998879,0.19985665980828193,0.0,0.5,0.1,0.1,0.09591894596815109,0.0006989067722496516,0.093505859375,0.0987548828125,16384,0.41841621223047815,1278890.0,0.8707584,0.449026,-0.10586584652036912,0.6140759625187818,0.7821145279287154,0.8094086,0.0001234899,0.17191298385588683,0.0958620542455054,0.0001267607018036072,0.00266487677188125,0.02461442610756627,0.9051770768797995,1.6768609272997193
path_a_only,4.600455548999889,0.19506132929913078,0.0,0.5,0.1,0.1,0.09579499065876007,0.0006926373754226852,0.0933837890625,0.0992431640625,16384,0.2836086960044728,1279016.0,0.9214184,0.5192535,-0.13636589638635108,0.48884349577087,0.8616474795096092,0.7925179,0.0001250891,0.3380498244301777,0.0958620542455054,0.0001267607018036072,0.00266487677188125,0.02461442610756627,1.0547409422989231,1.7075884350524873
path_a_only,4.721705076000944,0.1767087744759696,0.0,0.5,0.1,0.1,0.09581275284290314,0.0006863565492939844,0.0933837890625,0.0987548828125,16384,0.3029259478336966,1279144.0,0.9280934,0.5392215,-0.13308052996210612,0.45358109366250515,0.8812228798759885,0.7933069,0.0001241939,0.24504976209769513,0.0958620542455054,0.0001267607018036072,0.00266487677188125,0.02461442610756627,1.0954439305444001,1.7042728396536708
path_a_only,4.845636888996523,0.14661606000467634,0.0,0.5,0.1,0.1,0.09582933783531189,0.0006534284766631312,0.093505859375,0.098388671875,16384,0.320962945556789,1279272.0,0.9944918,0.5862799,-0.15748471377937714,0.354375988566818,0.9217462902844351,0.7816981,0.000125427,0.3731534002368641,0.0958620542455054,0.0001267607018036072,0.00266487677188125,0.02461442610756627,1.203756528317082,1.728939389453763
path_a_only,4.966584730995237,0.11047844581945596,0.0,0.5,0.1,0.1,0.09582006186246872,0.0006842904136731129,0.09326171875,0.0986328125,16384,0.3108748673154368,1279372.0,1.084329,0.6281896,-0.1740763912864307,0.25561794488111694,0.9509768011110722,0.7748828,0.0001257124,0.40280288391614155,0.0958620542455054,0.0001267607018036072,0.00266487677188125,0.02461442610756627,1.3082078237780372,1.7457640881830194
path_a_only,5.087559166000574,0.07283806580029768,0.0,0.5,0.1,0.1,0.09583733230829239,0.0006983143248063238,0.09326171875,0.0985107421875,16384,0.3296573294547576,1279497.0,1.11636,0.6327625,-0.18472988036330343,0.23707879914381935,0.9537654398737061,0.7703599,0.000126868,0.522855243200566,0.0958620542455054,0.0001267607018036072,0.00266487677188125,0.02461442610756627,1.3271626910511856,1.7565933320337517
path_a_only,5.21164822299761,0.03830097228737681,0.0,0.5,0.1,0.1,0.09582243859767914,0.0006947068324182542,0.09326171875,0.0986328125,16384,0.313459684149968,1279622.0,1.036924,0.6042334,-0.17088251420724332,0.3105421554076305,0.9350736527423892,0.7754434,0.0001268397,0.5199152278252205,0.0958620542455054,0.0001267607018036072,0.00266487677188125,0.02461442610756627,1.2501521418452448,1.7425216150061091
path_a_only,5.333757827997033,0.013330857185058081,0.0,0.5,0.1,0.1,0.09576237201690674,0.0007052049081333289,0.0933837890625,0.0989990234375,16384,0.24813431324090654,1279746.0,0.9788536,0.5668406,-0.15973396897565287,0.3920348429976801,0.9059766779730423,0.7815385,0.0001265956,0.4945562966195025,0.0958620542455054,0.0001267607018036072,0.00266487677188125,0.02461442610756627,1.1624044121307104,1.7312174826016808
path_a_only,5.454858327000693,0.0010039152499645432,0.0,0.5,0.1,0.1,0.09570158272981644,0.0007019291649853578,0.093017578125,0.098388671875,16384,0.18202296354516947,1279870.0,0.9048056,0.4859193,-0.13336335183955944,0.5477812466004177,0.8259236782288121,0.7965287,0.0001255646,0.38744831598412705,0.0958620542455054,0.0001267607018036072,0.00266487677188125,0.02461442610756627,0.9851734620927406,1.7045582052152375
path_a_only,5.57442523699865,0.002721013943644532,0.0,0.5,0.1,0.1,0.09574489295482635,0.0006961586267174699,0.0931396484375,0.0989990234375,16384,0.22912497062708143,1279995.0,0.9031926,0.4869855,-0.1311841282321655,0.5464948304044622,0.8271240081397497,0.7947734,0.0001259153,0.4238816513952101,0.0958620542455054,0.0001267607018036072,0.00266487677188125,0.02461442610756627,0.9869240946006101,1.7023596630504847
path_a_only,5.695074411996757,0.01819847251620932,0.0,0.5,0.1,0.1,0.09576629102230072,0.0006946985605137335,0.09326171875,0.098876953125,16384,0.25239642501195175,1280119.0,0.9415296,0.5376832,-0.1460520458595133,0.45241949665416115,0.8797643996817819,0.7876861,0.000126418,0.4761058821084998,0.0958620542455054,0.0001267607018036072,0.00266487677188125,0.02461442610756627,1.0958132269557126,1.7173726653555739
path_a_only,5.814898812997853,0.045071151632971866,0.0,0.5,0.1,0.1,0.0957823246717453,0.0007010934752607777,0.0931396484375,0.098876953125,16384,0.26983381005242557,1280218.0,1.002442,0.5809465,-0.16722513755238191,0.3607272415980491,0.9175574153913474,0.776547,0.0001279996,0.6404143032267443,0.0958620542455054,0.0001267607018036072,0.00266487677188125,0.02461442610756627,1.1962189046159457,1.7388108260143385
path_a_only,5.932411262998357,0.07892557174370786,0.0,0.5,0.1,0.1,0.09580378234386444,0.0007097155950377511,0.0928955078125,0.098876953125,16384,0.29317008743001144,1280343.0,1.009515,0.5868542,-0.16760082037450919,0.3485305393652841,0.9221911017460186,0.7777245,0.0001284118,0.6832367179870754,0.0958620542455054,0.0001267607018036072,0.00266487677188125,0.02461442610756627,1.2094528615555795,1.7391918868044214
path_a_only,6.05363099600072,0.11676907129193417,0.0,0.5,0.1,0.1,0.095824234187603,0.0007070142769169918,0.0933837890625,0.098876953125,16384,0.3154124768055229,1280467.0,1.082736,0.6190669,-0.18295243278746398,0.27050013715457993,0.9451762180337071,0.770499,0.0001292258,0.7678011178291688,0.0958620542455054,0.0001267607018036072,0.00266487677188125,0.02461442610756627,1.2920567598729438,1.7547850640068123
path_a_only,6.17417179900076,0.15202783396197572,0.0,0.5,0.1,0.1,0.09574415534734726,0.0007060410974803711,0.0933837890625,0.0987548828125,16384,0.22832278609222692,1280592.0,0.9808258,0.56641,-0.16157625516449448,0.39212298019932545,0.9056117723211297,0.7786243,0.0001270907,0.5459909825676829,0.0958620542455054,0.0001267607018036072,0.00266487677188125,0.02461442610756627,1.1621756002969095,1.733084014194804
path_a_only,6.2945744629978435,0.17988812639900628,0.0,0.5,0.1,0.1,0.09576315432786942,0.0006990197814193684,0.09326171875,0.0987548828125,16384,0.2489851150202977,1280716.0,1.036965,0.6049977,-0.1702185826392313,0.3092755574741683,0.9356143776542415,0.7770799,0.0001267418,0.509744644600967,0.0958620542455054,0.0001267607018036072,0.00266487677188125,0.02461442610756627,1.251544935553401,1.7418478114806213
path_a_only,6.415904481997131,0.19653033224008298,0.0,0.5,0.1,0.1,0.09584440290927887,0.0007054021196257375,0.093505859375,0.0986328125,16384,0.3373469569656357,1280816.0,1.084735,0.6221164,-0.18078038304636074,0.2649994784294689,0.9471503204548476,0.7738259,0.0001277481,0.6142866047497343,0.0958620542455054,0.0001267607018036072,0.00266487677188125,0.02461442610756627,1.2979859996426164,1.7525761767127863
path_a_only,6.534407424995152,0.1994163517577297,0.0,0.5,0.1,0.1,0.09584032744169235,0.0006989315253035326,0.0933837890625,0.098876953125,16384,0.3329146848387123,1280941.0,1.118985,0.6361238,-0.18200041249470222,0.23106347909408306,0.9557643634707754,0.7726659,0.0001275858,0.5974256685158632,0.0958620542455054,0.0001267607018036072,0.00266487677188125,0.02461442610756627,1.3335899558894333,1.7538167865160619
path_a_only,6.653585337997356,0.18858365119227138,0.0,0.5,0.1,0.1,0.09580132365226746,0.0006922870492787681,0.0933837890625,0.0987548828125,16384,0.29049613898049637,1281065.0,1.076627,0.6206236,-0.17801429995454998,0.2702563892587591,0.9461883496833543,0.7742127,0.0001267048,0.5059008082445098,0.0958620542455054,0.0001267607018036072,0.00266487677188125,0.02461442610756627,1.2925779056827125,1.7497644775780647
path_a_only,6.7730706770016695,0.16540450229022255,0.0,0.5,0.1,0.1,0.09576977789402008,0.0006939298304969299,0.0933837890625,0.098876953125,16384,0.2561885700858094,1281190.0,0.9374996,0.5363373,-0.14310966183948456,0.45583974070230215,0.8784815054881043,0.7887919,0.0001247444,0.3022398138336569,0.0958620542455054,0.0001267607018036072,0.00266487677188125,0.02461442610756627,1.0921471612888816,1.7143990362302324
path_a_only,6.890753795996716,0.13365088539742798,0.0,0.5,0.1,0.1,0.09572076797485352,0.0006902993196546107,0.093505859375,0.0987548828125,16384,0.20288786432547626,1281314.0,0.923052,0.5218466,-0.136745686779566,0.48408841101029443,0.8642679141751781,0.7917591,0.0001241674,0.24229674416671967,0.0958620542455054,0.0001267607018036072,0.00266487677188125,0.02461442610756627,1.0602213545688528,1.707971816822221
path_a_only,7.015849418996368,0.09502281540988891,0.0,0.5,0.1,0.1,0.0958181619644165,0.0006518024607192039,0.0933837890625,0.0985107421875,16384,0.3088086344226297,1281439.0,0.9558336,0.5482274,-0.1526960992270182,0.430472991718855,0.8895936739216793,0.7826317,0.0001255803,0.3890793492488933,0.0958620542455054,0.0001267607018036072,0.00266487677188125,0.02461442610756627,1.120112739935153,1.7240921192609648
path_a_only,7.1377967029984575,0.058049394608180954,0.0,0.5,0.1,0.1,0.0957350879907608,0.0006904949151061405,0.093505859375,0.0987548828125,16384,0.218461588325379,1281538.0,0.9508792,0.5509344,-0.14685597615354776,0.42740367846511057,0.892053483767919,0.7848588,0.0001250007,0.32886617216231384,0.0958620542455054,0.0001267607018036072,0.00266487677188125,0.02461442610756627,1.1239890644014174,1.7181853585538833
path_a_only,7.256629201998294,0.027832124127113597,0.0,0.5,0.1,0.1,0.09577832370996475,0.0006951542875392238,0.0931396484375,0.0987548828125,16384,0.2654825666663966,1281662.0,0.9021264,0.4918145,-0.1281644093084094,0.5389762850849494,0.8325133322071507,0.7986725,0.0001247767,0.30559537908537443,0.0958620542455054,0.0001267607018036072,0.00266487677188125,0.02461442610756627,0.9962449911051792,1.6993142292267942
path_a_only,7.376804091996746,0.007396637461552363,0.0,0.5,0.1,0.1,0.0957724079489708,0.0006973134638817995,0.0933837890625,0.0986328125,16384,0.2590488846393816,1281787.0,0.909969,0.5123591,-0.12805475130383476,0.5033048085372843,0.8545678734727632,0.7943149,0.000125009,0.3297284381557909,0.0958620542455054,0.0001267607018036072,0.00266487677188125,0.02461442610756627,1.0385353151344,1.6992036601349532
path_a_only,7.497795267998299,2.3987203818243152e-06,0.0,0.5,0.1,0.1,0.09577944129705429,0.000708496741828703,0.0931396484375,0.098876953125,16384,0.2666979977798125,1281911.0,0.904436,0.4988386,-0.12788172992216962,0.5269603387532859,0.8402137017051885,0.7969629,0.0001242942,0.2554696752477734,0.0958620542455054,0.0001267607018036072,0.00266487677188125,0.02461442610756627,1.0106350842398077,1.6990292044246555
path_a_only,7.617584025996621,0.006745625455198037,0.0,0.5,0.1,0.1,0.0957753136754036,0.0007045886418778555,0.09326171875,0.098876953125,16384,0.262209005534263,1282035.0,0.9135794,0.5119905,-0.13184535079183304,0.502976299813078,0.8541847840490506,0.7921367,0.0001254029,0.3706497122317108,0.0958620542455054,0.0001267607018036072,0.00266487677188125,0.02461442610756627,1.0386247479733806,1.7030266791816189
path_a_only,7.739414070994826,0.026977252803248544,0.0,0.5,0.1,0.1,0.09575135260820389,0.0006938029112064267,0.09326171875,0.0985107421875,16384,0.2361501624626255,1282160.0,0.9395724,0.5347609,-0.1458379902966158,0.45787933070255454,0.8769708085800946,0.7877869,0.0001266095,0.4960003324399015,0.0958620542455054,0.0001267607018036072,0.00266487677188125,0.02461442610756627,1.0896138999707556,1.7171562930294169
path_a_only,7.857536031995551,0.056722946403612515,0.0,0.5,0.1,0.1,0.09566516429185867,0.0007050076242707006,0.09326171875,0.0986328125,16384,0.14241611499598908,1282259.0,0.9412536,0.5360259,-0.14669580684303365,0.455273100223896,0.8781837760213939,0.7884749,0.0001264797,0.4825157389515681,0.0958620542455054,0.0001267607018036072,0.00266487677188125,0.02461442610756627,1.0925169941013184,1.7180234355804485
path_a_only,7.978277962996799,0.09318111621442914,0.0,0.5,0.1,0.1,0.0957227572798729,0.000698195915241353,0.093017578125,0.098876953125,16384,0.2050513317073566,1282385.0,1.000488,0.5824344,-0.16467471158847963,0.35889470801746826,0.918736538905636,0.776941,0.00012755,0.5937064971223184,0.0958620542455054,0.0001267607018036072,0.00266487677188125,0.02461442610756627,1.1983853698387534,1.736224538281117
path_a_only,8.097534995999013,0.13016427838992634,0.0,0.5,0.1,0.1,0.09570888429880142,0.0006965326248756947,0.0931396484375,0.0986328125,16384,0.1899637801528202,1282510.0,0.9771374,0.563359,-0.1607438663814755,0.3984215418436473,0.9030070234586579,0.7790652,0.0001274571,0.5840553512435321,0.0958620542455054,0.0001267607018036072,0.00266487677188125,0.02461442610756627,1.155270776139882,1.732240600519851
path_a_only,8.21731789399928,0.1630909028808687,0.0,0.5,0.1,0.1,0.09578444808721542,0.0007035540810225271,0.0933837890625,0.0986328125,16384,0.2721431291679159,1282635.0,1.064562,0.6161416,-0.17592817774433303,0.2816552890135624,0.9432494762501833,0.7742049,0.0001279,0.6300671113050337,0.0958620542455054,0.0001267607018036072,0.00266487677188125,0.02461442610756627,1.2806234614742147,1.7476448995696743
path_a_only,8.337198263994651,0.18720324356170165,0.0,0.5,0.1,0.1,0.09577156603336334,0.0007108858098998829,0.0931396484375,0.0985107421875,16384,0.2581332598672749,1282759.0,1.081826,0.62068,-0.1807551174239031,0.2683023020973797,0.9462248475992994,0.7727095,0.0001278123,0.6209561802655376,0.0958620542455054,0.0001267607018036072,0.00266487677188125,0.02461442610756627,1.2944985119191443,1.7525504878877638
path_a_only,8.457502445999125,0.19911007702853922,0.0,0.5,0.1,0.1,0.09580996632575989,0.0007056023520805866,0.093505859375,0.0985107421875,16384,0.29989547292424623,1282859.0,1.128378,0.6366226,-0.18570476540509348,0.22686592927731852,0.956057315352473,0.7703592,0.0001285162,0.6940825697604358,0.0958620542455054,0.0001267607018036072,0.00266487677188125,0.02461442610756627,1.3378122640265886,1.7575853819797778
path_a_only,8.57648164100101,0.19712727694383744,0.0,0.5,0.1,0.1,0.09583379328250885,0.0006982919775549476,0.093505859375,0.0986328125,16384,0.32580846426227383,1282984.0,1.234611,0.6584509,-0.19650650238426542,0.15644277173156956,0.9679415548955663,0.7694512,0.0001285244,0.6949344470070027,0.0958620542455054,0.0001267607018036072,0.00266487677188125,0.02461442610756627,1.4105578165370938,1.7685900005458088
path_a_only,8.696629641999607,0.18151951701275823,0.0,0.5,0.1,0.1,0.09594129025936127,0.0007087466927897137,0.093505859375,0.0992431640625,16384,0.44271673162470726,1283108.0,1.324756,0.6705204,-0.20071858818401556,0.10759795414815823,0.9737221003040583,0.7702487,0.0001284649,0.6887531425959392,0.0958620542455054,0.0001267607018036072,0.00266487677188125,0.02461442610756627,1.460741118248258,1.772887708550989
path_a_only,8.816960863994609,0.15438636627678648,0.0,0.5,0.1,0.1,0.09595837444067001,0.0007016628007395559,0.0933837890625,0.09912109375,16384,0.4612966219117921,1283233.0,1.495741,0.68139,-0.20419699081499448,0.030884468365000813,0.9784425065152844,0.7716509,0.000128324,0.6741153982006691,0.0958620542455054,0.0001267607018036072,0.00266487677188125,0.02461442610756627,1.5392418745974155,1.7764396708674237
path_a_only,8.935713945997122,0.12005904613446135,0.0,0.5,0.1,0.1,0.09607493877410889,0.000691506270697627,0.0936279296875,0.0992431640625,16384,0.5880660870410734,1283357.0,-1.489993,0.6761225,-0.21399053903288334,-0.03488653217400269,0.9762125685921527,0.771859,0.000128784,0.7219036339836696,0.0958620542455054,0.0001267607018036072,0.00266487677188125,0.02461442610756627,1.6065177397366472,1.7864546405600026
path_a_only,9.059825109994563,0.08131584148546857,0.0,0.5,0.1,0.1,0.09616467356681824,0.000682685778724453,0.0936279296875,0.09912109375,16384,0.6856571025742831,1283481.0,-1.451253,0.6743006,-0.21410278046187342,-0.05218731196840978,0.9754160568024327,0.7740933,0.0001284735,0.6896465748301437,0.0958620542455054,0.0001267607018036072,0.00266487677188125,0.02461442610756627,1.6242479806193106,1.7865695450809087
path_a_only,9.180695112001558,0.046233067561045296,0.0,0.5,0.1,0.1,0.09610315412282944,0.000661328631151196,0.0936279296875,0.0989990234375,16384,0.618751671217781,1283580.0,-1.509773,0.6786119,-0.21037600435921713,-0.02580393458703672,0.9772799464583721,0.7737516,0.0001283879,0.6807538074757422,0.0958620542455054,0.0001267607018036072,0.00266487677188125,0.02461442610756627,1.5971940244838025,1.7827558824069765
path_a_only,9.299613112998486,0.019169802153600007,0.0,0.5,0.1,0.1,0.09612981230020523,0.0006887335663499052,0.09375,0.09912109375,16384,0.6477437547097956,1283705.0,-1.457648,0.6746143,-0.21415631099927496,-0.049307424742074266,0.9755541257790294,0.775424,0.0001285047,0.6928878638658617,0.0958620542455054,0.0001267607018036072,0.00266487677188125,0.02461442610756627,1.6212963460764307,1.7866243467276577
path_a_only,9.422682347001683,0.0029355583524309503,0.0,0.5,0.1,0.1,0.0958961546421051,0.0006996848621361863,0.093505859375,0.0987548828125,16384,0.39362952039088267,1283829.0,1.178561,0.6475556,-0.1926573330669821,0.19230028100201402,0.9622389276796405,0.769616,0.0001267996,0.5157493403145705,0.0958620542455054,0.0001267607018036072,0.00266487677188125,0.02461442610756627,1.3735481684465878,1.7646658227985097
path_a_only,9.54382179199456,0.0009461586679041234,0.0,0.5,0.1,0.1,0.09580668061971664,0.0007077626293591607,0.093017578125,0.098876953125,16384,0.2963221054508034,1283953.0,1.044434,0.6086307,-0.17144829764207833,0.30078428847188127,0.9381547276670823,0.7760309,0.0001261835,0.4517442706060786,0.0958620542455054,0.0001267607018036072,0.00266487677188125,0.02461442610756627,1.2605377244875307,1.7430958731750918
path_a_only,9.665526705000957,0.013218950612045116,0.0,0.5,0.1,0.1,0.0957445353269577,0.0006916397914600514,0.09326171875,0.0986328125,16384,0.22873603267078832,1284078.0,1.009195,0.5880022,-0.16646090201535924,0.3467280422302685,0.9230766126554166,0.7770916,0.0001270579,0.5425834735814178,0.0958620542455054,0.0001267607018036072,0.00266487677188125,0.02461442610756627,1.2114803022083471,1.738035726248855
path_a_only,9.78888001100131,0.03843165467372365,0.0,0.5,0.1,0.1,0.09575526416301727,0.0006863361470276904,0.0933837890625,0.098876953125,16384,0.24040417135958125,1284202.0,1.031084,0.6025647,-0.16871533891024312,0.315266582097518,0.9338854943883381,0.777992,0.0001267443,0.510004363273702,0.0958620542455054,0.0001267607018036072,0.00266487677188125,0.02461442610756627,1.2452233508534514,1.7403225053656126
path_a_only,9.90562250399671,0.07078294362829864,0.0,0.5,0.1,0.1,0.09566838294267654,0.0006910078749989669,0.0933837890625,0.0987548828125,16384,0.14591655660262695,1284327.0,1.032362,0.599698,-0.17205623481738433,0.3195434915072803,0.9318200518854495,0.7757814,0.0001273927,0.5773649982339144,0.0958620542455054,0.0001267607018036072,0.00266487677188125,0.02461442610756627,1.2404391177421852,1.7437129804689946
path_a_only,10.02775224299694,0.10870758278482785,0.0,0.5,0.1,0.1,0.09584201127290726,0.0007126187887010594,0.09326171875,0.0987548828125,16384,0.3347459343829256,1284452.0,1.265439,0.6640796,-0.19683295448977067,0.13777975092538441,0.9707077460604541,0.77017,0.0001279838,0.6387728812150679,0.0958620542455054,0.0001267607018036072,0.00266487677188125,0.02461442610756627,1.429800718562972,1.7689229553283305
path_a_only,10.149866932995792,0.1453617981643796,0.0,0.5,0.1,0.1,0.0957026481628418,0.0006900660762500869,0.09326171875,0.0982666015625,16384,0.18318167453995932,1284552.0,1.01807,0.5911515,-0.1699764167361892,0.33851625058847745,0.9254808295372976,0.7757346,0.0001278342,0.6232313158386834,0.0958620542455054,0.0001267607018036072,0.00266487677188125,0.02461442610756627,1.220139182705374,1.7416020643625527
path_a_only,10.269151690998115,0.17483459844548918,0.0,0.5,0.1,0.1,0.09568355232477188,0.0007005293147739718,0.0931396484375,0.0987548828125,16384,0.16241400824872582,1284676.0,1.035568,0.5995891,-0.1741989526896117,0.3186117708209629,0.9317409856693933,0.7737983,0.0001279169,0.6318228095327152,0.0958620542455054,0.0001267607018036072,0.00266487677188125,0.02461442610756627,1.2413080958540768,1.7458885512175981
path_a_only,10.392587261994777,0.19436029620855788,0.0,0.5,0.1,0.1,0.09571009129285812,0.0006951217160695864,0.0928955078125,0.0985107421875,16384,0.19127644575530942,1284801.0,0.9508258,0.5459216,-0.1497081742441862,0.43585606454126397,0.8874778608884133,0.784235,0.0001270674,0.5435704045378045,0.0958620542455054,0.0001267607018036072,0.00266487677188125,0.02461442610756627,1.1142797927511143,1.7210694409194542
path_a_only,10.517701352000586,0.19984541380716697,0.0,0.5,0.1,0.1,0.0957062691450119,0.000702376524666823,0.0928955078125,0.09912109375,16384,0.18711967134742694,1284925.0,1.079876,0.6239977,-0.1762157288412384,0.2637785482365397,0.9483506178619671,0.7737392,0.0001280563,0.6463047227243454,0.0958620542455054,0.0001267607018036072,0.00266487677188125,0.02461442610756627,1.2995090169807577,1.7479370142885398
path_a_only,10.641796545998659,0.19024095486579246,0.0,0.5,0.1,0.1,0.09579402208328247,0.0006986271550892413,0.09326171875,0.099365234375,16384,0.28255532237284564,1285051.0,1.173823,0.6491634,-0.1886563608938615,0.1919097054276134,0.9631092577983932,0.77151,0.0001280787,0.6486318020320387,0.0958620542455054,0.0001267607018036072,0.00266487677188125,0.02461442610756627,1.3741118525869354,1.760590085253138
path_a_only,10.764560730996891,0.16740325664110206,0.0,0.5,0.1,0.1,0.09569966048002243,0.0006978301589383479,0.09326171875,0.098876953125,16384,0.17993242203009407,1285176.0,1.087828,0.6248264,-0.17949435667264144,0.2596494834138325,0.9488750822345398,0.7735158,0.000127922,0.6323526356250924,0.0958620542455054,0.0001267607018036072,0.00266487677188125,0.02461442610756627,1.3036956167015017,1.7512687628605461
path_a_only,10.884679219001555,0.13544173702237666,0.0,0.5,0.1,0.1,0.09574492275714874,0.0006910797465780164,0.093017578125,0.0986328125,16384,0.2291573821234392,1285301.0,1.083666,0.6235267,-0.17871187355879517,0.2631742049642216,0.9480513720735576,0.7716244,0.0001274506,0.5833800826944251,0.0958620542455054,0.0001267607018036072,0.00266487677188125,0.02461442610756627,1.3000192825426211,1.7504734192626972
path_a_only,11.006681608996587,0.09790106477211459,0.0,0.5,0.1,0.1,0.09586458653211594,0.0006995699531195609,0.09326171875,0.098876953125,16384,0.3592976428739274,1285426.0,1.359875,0.6735496,-0.20238910313955846,0.09082909195083941,0.9750839589418704,0.7711839,0.0001283137,0.6730453572690075,0.0958620542455054,0.0001267607018036072,0.00266487677188125,0.02461442610756627,1.4779143297100577,1.7745932253118868
path_a_only,11.126827038999181,0.06120200054710351,0.0,0.5,0.1,0.1,0.09571148455142975,0.0007016160387428648,0.0931396484375,0.0986328125,16384,0.1927916832100346,1285551.0,0.9601086,0.5537825,-0.1529777611088796,0.41983911544111696,0.8946132805585523,0.783826,0.0001259389,0.4263333956658159,0.0958620542455054,0.0001267607018036072,0.00266487677188125,0.02461442610756627,1.1320115954320764,1.7243771296102115
path_a_only,11.24753786400106,0.029838380851222007,0.0,0.5,0.1,0.1,0.09574149549007416,0.0006776130806724468,0.093505859375,0.0986328125,16384,0.22543006004229701,1285650.0,0.9230274,0.523952,-0.13573152529460783,0.48058859762737716,0.8663784120531571,0.7911337,0.0001251234,0.3416131646200827,0.0958620542455054,0.0001267607018036072,0.00266487677188125,0.02461442610756627,1.064344337624413,1.7069481103052815
path_a_only,11.371470876001695,0.008042000107459618,0.0,0.5,0.1,0.1,0.09575396776199341,0.0006865579346229801,0.09326171875,0.09912109375,16384,0.23899427126801875,1285775.0,0.90692,0.499383,-0.13027784284776261,0.5254302722195788,0.8408036112542531,0.7942966,0.0001244997,0.2768185501464813,0.0958620542455054,0.0001267607018036072,0.00266487677188125,0.02461442610756627,1.012258579161072,1.701445532452845
path_a_only,11.489960457998677,4.973493435353471e-05,0.0,0.5,0.1,0.1,0.09572279453277588,0.0006937576618916412,0.0928955078125,0.098876953125,16384,0.20509184607780379,1285900.0,0.9144936,0.5144109,-0.13170743920020145,0.49873063948360646,0.8566918347338197,0.7934644,0.0001247239,0.3001101207172381,0.0958620542455054,0.0001267607018036072,0.00266487677188125,0.02461442610756627,1.0435987065615446,1.702887554347162
path_a_only,11.60875451999891,0.0057801026203608,0.0,0.5,0.1,0.1,0.09569885581731796,0.0007094253439293263,0.09326171875,0.098388671875,16384,0.1790573116284346,1286025.0,0.902244,0.4950505,-0.1270407873418139,0.5336933054503523,0.8360813920121946,0.7972461,0.0001250747,0.33655384487523116,0.0958620542455054,0.0001267607018036072,0.00266487677188125,0.02461442610756627,1.0026709169457595,1.698181346305452
path_a_only,11.730804300001182,0.02515623147442629,0.0,0.5,0.1,0.1,0.09571384638547897,0.000698228085714181,0.09326171875,0.0992431640625,16384,0.19536029429638693,1286149.0,0.9038822,0.4991577,-0.12717208224689566,0.5265803108198126,0.8405595979785718,0.7965281,0.0001244999,0.2768393276403015,0.0958620542455054,0.0001267607018036072,0.00266487677188125,0.02461442610756627,1.0111449547023081,1.6983137148407537
path_a_only,11.850650278996909,0.054783069402640376,0.0,0.5,0.1,0.1,0.09570753574371338,0.0006986447829849028,0.093017578125,0.0986328125,16384,0.18849715994263166,1286249.0,0.9586354,0.5571636,-0.14968230012911185,0.41458839634081135,0.8976144331769698,0.7832431,0.0001259612,0.4286500862265992,0.0958620542455054,0.0001267607018036072,0.00266487677188125,0.02461442610756627,1.1381086410612369,1.7210432719371582
path_a_only,11.969510885995987,0.09043620208943863,0.0,0.5,0.1,0.1,0.0956496074795723,0.0006986690297920101,0.09326171875,0.098388671875,16384,0.12549731389723934,1286374.0,0.9666422,0.5574719,-0.15610558683854256,0.41162080833153825,0.8978860483971701,0.7816138,0.0001266873,0.5040827775353734,0.0958620542455054,0.0001267607018036072,0.00266487677188125,0.02461442610756627,1.1409514898956106,1.7275429905383002
path_a_only,12.088964661001228,0.12758661716528374,0.0,0.5,0.1,0.1,0.09565441310405731,0.0007045988427924575,0.09326171875,0.0985107421875,16384,0.13072366768492785,1286498.0,0.9477618,0.5411747,-0.14971595786500783,0.4447306836682937,0.8830627106635719,0.7847064,0.000126784,0.5141286957967144,0.0958620542455054,0.0001267607018036072,0.00266487677188125,0.02461442610756627,1.1042545272618458,1.7210773132644528
path_a_only,12.205830426995817,0.16025044476766093,0.0,0.5,0.1,0.1,0.09565642476081848,0.0006799531091430481,0.0933837890625,0.0987548828125,16384,0.1329114436890765,1286623.0,0.9473436,0.5356615,-0.15243366573536216,0.4540592410130579,0.8778349407497549,0.7836137,0.0001274877,0.5872343077977925,0.0958620542455054,0.0001267607018036072,0.00266487677188125,0.02461442610756627,1.093444936068673,1.7238265771887264
path_a_only,12.332470863999333,0.18646674628028945,0.0,0.5,0.1,0.1,0.09565655887126923,0.0007066487388117744,0.0933837890625,0.09912109375,16384,0.13305729542268643,1286748.0,0.954109,0.5490515,-0.1507247986670882,0.4296129749210536,0.8903452851822421,0.783785,0.0001273704,0.5750483076731283,0.0958620542455054,0.0001267607018036072,0.00266487677188125,0.02461442610756627,1.1212270010456002,1.722097733292342
path_a_only,12.449503010997432,0.1987442889896277,0.0,0.5,0.1,0.1,0.09565754234790802,0.000699717194696346,0.093017578125,0.098388671875,16384,0.13412687480249244,1286873.0,0.893851,0.4745927,-0.12532589909143513,0.568700013910516,0.8129413959167674,0.7990722,0.0001263506,0.46910386669159954,0.0958620542455054,0.0001267607018036072,0.00266487677188125,0.02461442610756627,0.9603667735631793,1.6964526401748952
path_a_only,12.570654621995345,0.1975466074758295,0.0,0.5,0.1,0.1,0.09567959606647491,0.0007064038243946531,0.0928955078125,0.098876953125,16384,0.15811138210723344,1286972.0,0.9081564,0.4961996,-0.132875193081146,0.5302885325210631,0.8373399879023488,0.7932644,0.0001266781,0.5031270128197142,0.0958620542455054,0.0001267607018036072,0.00266487677188125,0.02461442610756627,1.0062497709998688,1.7040656628367037
path_a_only,12.68920258399885,0.18284860841913586,0.0,0.5,0.1,0.1,0.09565349668264389,0.0006953488783329095,0.093017578125,0.0986328125,16384,0.12972701417192678,1287097.0,0.9027494,0.4980124,-0.1264261610978609,0.5287382949771545,0.8393165321943261,0.7970754,0.0001258891,0.4211597997049592,0.0958620542455054,0.0001267607018036072,0.00266487677188125,0.02461442610756627,1.0086361265065884,1.6975617239154652
path_a_only,12.808335388996056,0.15664009146608449,0.0,0.5,0.1,0.1,0.09562775492668152,0.0006930962591919511,0.0931396484375,0.0986328125,16384,0.10173158419291323,1287222.0,0.9984476,0.5816927,-0.1637718841696723,0.3608043206749208,0.9181497765276776,0.7779289,0.0001271473,0.551871013318374,0.0958620542455054,0.0001267607018036072,0.00266487677188125,0.02461442610756627,1.1963658872172616,1.7353092846022578
path_a_only,12.925525883001683,0.12318385837568512,0.0,0.5,0.1,0.1,0.09567022323608398,0.0006963244710952678,0.09326171875,0.098388671875,16384,0.14791796650271852,1287346.0,1.08143,0.6220439,-0.17910144222572166,0.2663025968953878,0.9471037959376147,0.7717487,0.0001278022,0.6199069168276933,0.0958620542455054,0.0001267607018036072,0.00266487677188125,0.02461442610756627,1.2966977070015595,1.7508693762824925
path_a_only,13.044630265998421,0.08602488284228897,0.0,0.5,0.1,0.1,0.09579798579216003,0.0006896430178407088,0.093505859375,0.098876953125,16384,0.28686605138842747,1287447.0,1.234396,0.6622746,-0.1906443894460259,0.1519098065579683,0.9698340721196965,0.7691726,0.0001278834,0.6283425793180825,0.0958620542455054,0.0001267607018036072,0.00266487677188125,0.02461442610756627,1.4154239366735961,1.7626148604367666
path_a_only,13.16533454299497,0.050362867555259004,0.0,0.5,0.1,0.1,0.09581955522298813,0.0006857004708028265,0.093505859375,0.0986328125,16384,0.3103238718773549,1287574.0,1.248418,0.6640256,-0.19211331135622534,0.14446222467967562,0.9706817919587989,0.7695669,0.0001276686,0.6060275509568052,0.0958620542455054,0.0001267607018036072,0.00266487677188125,0.02461442610756627,1.4230552100609994,1.7641114450049098
path_a_only,13.285795752999547,0.021800896901523023,0.0,0.5,0.1,0.1,0.09574564546346664,0.0006961032706212385,0.0933837890625,0.0987548828125,16384,0.22994336091011483,1287701.0,1.16567,0.6502503,-0.1840585472878927,0.19344309054289993,0.9636919745911978,0.7712395,0.0001268456,0.5205281638928726,0.0958620542455054,0.0001267607018036072,0.00266487677188125,0.02461442610756627,1.3726977450452544,1.755910286326309
path_a_only,13.40556871699664,0.004368315590234248,0.0,0.5,0.1,0.1,0.09573596715927124,0.0006713136033008755,0.0933837890625,0.0986328125,16384,0.21941772746793287,1287827.0,1.245429,0.6652572,-0.18934335075941303,0.14415926106335628,0.9712709215110195,0.7728392,0.0001274777,0.5861954331068583,0.0958620542455054,0.0001267607018036072,0.00266487677188125,0.02461442610756627,1.4234487137132472,1.7612896839205447
path_a_only,13.525592259000405,0.0003230375689439735,0.0,0.5,0.1,0.1,0.09576265513896942,0.0006833364366970624,0.0927734375,0.0985107421875,16384,0.24844222245630526,1287952.0,1.178785,0.6520219,-0.18664970960878263,0.18613693759599675,0.9646320160378988,0.7718207,0.0001276287,0.6018824409399754,0.0958620542455054,0.0001267607018036072,0.00266487677188125,0.02461442610756627,1.3801775278886304,1.7585471414571772
path_a_only,13.648715408999124,0.010716858444302507,0.0,0.5,0.1,0.1,0.0958079919219017,0.0006926247039232441,0.09326171875,0.0989990234375,16384,0.29774821129054474,1288076.0,1.123186,0.636838,-0.18308144177561592,0.22846059945153024,0.9561835285004701,0.7722952,0.0001272091,0.5582912589083494,0.0958620542455054,0.0001267607018036072,0.00266487677188125,0.02461442610756627,1.3362636435948714,1.7549162894238233
path_a_only,13.772095829001046,0.03436413456648871,0.0,0.5,0.1,0.1,0.09572073817253113,0.0006962324838109202,0.0931396484375,0.0985107421875,16384,0.2028554528291185,1288176.0,1.034544,0.6036585,-0.16991613179573362,0.31229623906833454,0.9346654841275291,0.7759661,0.0001266143,0.49649899229155126,0.0958620542455054,0.0001267607018036072,0.00266487677188125,0.02461442610756627,1.2483323500979724,1.7415408895319597
path_a_only,13.890401860000566,0.06624501929425823,0.0,0.5,0.1,0.1,0.0956994816660881,0.0006920721966344285,0.0933837890625,0.0989990234375,16384,0.17973795305194754,1288301.0,0.9557082,0.5504864,-0.15124388370850753,0.42671862055637677,0.8916481966062795,0.782997,0.0001260904,0.4420723472334778,0.0958620542455054,0.0001267607018036072,0.00266487677188125,0.02461442610756627,1.124436902866318,1.722622838060081
path_a_only,14.01321124399692,0.10414924321388494,0.0,0.5,0.1,0.1,0.09568487107753754,0.0007054725657956952,0.0933837890625,0.0987548828125,16384,0.1638482169625566,1288425.0,0.9376954,0.5404024,-0.14114144548396676,0.4489552116292022,0.8823368462881253,0.7853142,0.0001266245,0.4975586444763028,0.0958620542455054,0.0001267607018036072,0.00266487677188125,0.02461442610756627,1.1001135187113373,1.7124106345459695
path_a_only,14.135650074000296,0.14133748286045095,0.0,0.5,0.1,0.1,0.09567519277334213,0.0006980056600302776,0.0931396484375,0.0989990234375,16384,0.15332258352037467,1288550.0,0.9524364,0.5506017,-0.1483809654963037,0.42750489946648784,0.891752572191711,0.7839909,0.000126732,0.5087265474038529,0.0958620542455054,0.0001267607018036072,0.00266487677188125,0.02461442610756627,1.1237652825236664,1.7197272403274544
path_a_only,14.252411616995232,0.17124437018567518,0.0,0.5,0.1,0.1,0.09565027058124542,0.00070889147525652,0.093017578125,0.0987548828125,16384,0.12621846969119946,1288649.0,0.9389942,0.5338155,-0.14580954614186703,0.4596274030271672,0.8760606295459263,0.7825607,0.0001274224,0.5804504560659897,0.0958620542455054,0.0001267607018036072,0.00266487677188125,0.02461442610756627,1.0876217764611944,1.7171275415379708
path_a_only,14.369260724000924,0.1916829773735069,0.0,0.5,0.1,0.1,0.09572325646877289,0.0006949678007080157,0.0931396484375,0.0986328125,16384,0.20559422427134905,1288773.0,0.8877318,0.4612096,-0.12273618743645505,0.5912895978130585,0.7970648905902423,0.7989193,0.0001273882,0.5768975046229919,0.0958620542455054,0.0001267607018036072,0.00266487677188125,0.02461442610756627,0.9325421684472026,1.6938427752560337
path_a_only,14.489054246994783,0.19994088220298248,0.0,0.5,0.1,0.1,0.09571223706007004,0.0007013726475243212,0.0931396484375,0.098388671875,16384,0.193610073493068,1288897.0,0.8883552,0.4736801,-0.11937070959257622,0.5714946495622768,0.8118771453939662,0.8031877,0.0001265485,0.4896631968251981,0.0958620542455054,0.0001267607018036072,0.00266487677188125,0.02461442610756627,0.9574459057083908,1.6904523626017107
path_a_only,14.605479510995792,0.1945596327183986,0.0,0.5,0.1,0.1,0.09566234797239304,0.0007039168063934726,0.09326171875,0.098388671875,16384,0.13935322859018093,1289021.0,0.900135,0.4901328,-0.12665296894859282,0.5422060804360891,0.8306452863856149,0.7969456,0.0001268276,0.5186581894491887,0.0958620542455054,0.0001267607018036072,0.00266487677188125,0.02461442610756627,0.9924883181339732,1.6977903697220864
path_a_only,14.725355919996218,0.17596793063926144,0.0,0.5,0.1,0.1,0.0955762043595314,0.0007061010906590146,0.0928955078125,0.0985107421875,16384,0.04566779836808116,1289146.0,0.997706,0.5835686,-0.16181629264883468,0.35790548268139943,0.9196298999597508,0.780106,0.0001280778,0.6485383033098537,0.0958620542455054,0.0001267607018036072,0.00266487677188125,0.02461442610756627,1.1996484940181427,1.733327252557447
path_a_only,14.847788547995151,0.14601697447224204,0.0,0.5,0.1,0.1,0.09566888958215714,0.0006979764407488113,0.0933837890625,0.0985107421875,16384,0.14646755204070883,1289271.0,1.007963,0.5928298,-0.16176090583158154,0.3390770831221978,0.9267470750133978,0.7806658,0.0001274346,0.5817178831889287,0.0958620542455054,0.0001267607018036072,0.00266487677188125,0.02461442610756627,1.22004622856777,1.7332711263014624
path_a_only,14.968387037995853,0.10991518643727961,0.0,0.5,0.1,0.1,0.09569031745195389,0.0006918370783404882,0.0933837890625,0.0989990234375,16384,0.16977141792193692,1289370.0,1.066912,0.6178505,-0.17552825744956613,0.27809746784625355,0.9443789648304439,0.7752412,0.0001279841,0.6388040474557953,0.0958620542455054,0.0001267607018036072,0.00266487677188125,0.02461442610756627,1.2844145811376961,1.7472386576273031
path_a_only,15.088098920001357,0.07267491118400819,0.0,0.5,0.1,0.1,0.09573916345834732,0.0007027984363306572,0.0931396484375,0.0989990234375,16384,0.22289386045230244,1289495.0,1.180342,0.6500523,-0.1899259301527794,0.1882281921057141,0.963586160523394,0.7699408,0.0001285744,0.7001288204616768,0.0958620542455054,0.0001267607018036072,0.00266487677188125,0.02461442610756627,1.3778842541101346,1.7618830297459402
path_a_only,15.208691159001319,0.039034711362461574,0.0,0.5,0.1,0.1,0.09581393003463745,0.0007034383890489043,0.0933837890625,0.0987548828125,16384,0.30420620193982806,1289620.0,1.328405,0.6735447,-0.1962838043639285,0.10338365876165921,0.9750817849008748,0.7703444,0.0001285951,0.7022792910719101,0.0958620542455054,0.0001267607018036072,0.00266487677188125,0.02461442610756627,1.4651653336277306,1.7683628793002395
path_a_only,15.328771528998914,0.014122895009932065,0.0,0.5,0.1,0.1,0.09598657488822937,0.0007060417614129635,0.0936279296875,0.0987548828125,16384,0.49196600034032073,1289744.0,-1.474337,0.6757899,-0.2134307391983311,-0.041693300394626084,0.9760681268576786,0.7752149,0.0001285292,0.6954331068586497,0.0958620542455054,0.0001267607018036072,0.00266487677188125,0.02461442610756627,1.6134859391677132,1.7858816018065107
path_a_only,15.44559510799445,0.0014570959291272806,0.0,0.5,0.1,0.1,0.09584126621484756,0.0006943738159791381,0.093505859375,0.098876953125,16384,0.33393564697398165,1289869.0,1.237336,0.6599306,-0.19510458725855473,0.15359690720816582,0.9686806440343252,0.7689821,0.0001271464,0.5517775145961888,0.0958620542455054,0.0001267607018036072,0.00266487677188125,0.02461442610756627,1.4135425106777166,1.7671604123803468
path_a_only,15.565699724997103,0.0021225332327553803,0.0,0.5,0.1,0.1,0.09570857882499695,0.0006721471251013752,0.0936279296875,0.098876953125,16384,0.18963156231515318,1289968.0,1.074596,0.6192937,-0.1782902428278185,0.27308360267371606,0.945324248743859,0.7723667,0.0001262591,0.45959816326954583,0.0958620542455054,0.0001267607018036072,0.00266487677188125,0.02461442610756627,1.2895739560008863,1.7500449064930312
path_a_only,15.683531128997856,0.016166802905594746,0.0,0.5,0.1,0.1,0.09567954391241074,0.0006895900197661484,0.0933837890625,0.098876953125,16384,0.15805466198860735,1290093.0,0.9647714,0.5541134,-0.15667839872759373,0.4178398157574007,0.8949088041470922,0.7797756,0.0001256013,0.39126098609985693,0.0958620542455054,0.0001267607018036072,0.00266487677188125,0.02461442610756627,1.1339712524841792,1.728122938658981
path_a_only,15.804154596000444,0.04228238424183335,0.0,0.5,0.1,0.1,0.09568679332733154,0.0006874653996748146,0.09326171875,0.0985107421875,16384,0.165938758477632,1290217.0,0.9238496,0.5282729,-0.13446975048704218,0.4731450417338287,0.8706616195093512,0.7900285,0.0001246282,0.29016808992499227,0.0958620542455054,0.0001267607018036072,0.00266487677188125,0.02461442610756627,1.073010011946093,1.7056746602670052
path_a_only,15.921687383000972,0.07564481102154853,0.0,0.5,0.1,0.1,0.09561778604984283,0.000697283035646109,0.093017578125,0.0989990234375,16384,0.09088993866124315,1290342.0,0.9225314,0.5219959,-0.1361716778025369,0.4839820818180265,0.8644180809327922,0.7913534,0.0001252147,0.351098090548319,0.0958620542455054,0.0001267607018036072,0.00266487677188125,0.02461442610756627,1.0603890684762298,1.7073923877196358
path_a_only,16.04666241999803,0.11460698303674681,0.0,0.5,0.1,0.1,0.09560371190309525,0.000698211121499278,0.0931396484375,0.0982666015625,16384,0.07558360950629188,1290467.0,1.022699,0.5995699,-0.16595808314210406,0.32302110711285537,0.9317270410369035,0.7771817,0.0001263574,0.4698103014814367,0.0958620542455054,0.0001267607018036072,0.00266487677188125,0.02461442610756627,1.2370726887374452,1.7375258147375225
path_a_only,16.167501810996328,0.15022704528469255,0.0,0.5,0.1,0.1,0.09570807963609695,0.0007040248387252359,0.0931396484375,0.0987548828125,16384,0.18908866975116073,1290592.0,1.120428,0.636073,-0.18272680768248162,0.23061337310119148,0.9557344745801838,0.7724921,0.0001275451,0.5931974485237586,0.0958620542455054,0.0001267607018036072,0.00266487677188125,0.02461442610756627,1.3340278063699333,1.7545555702687132
path_a_only,16.287691908000852,0.17856900378725338,0.0,0.5,0.1,0.1,0.09564223885536194,0.0007048149863010217,0.0933837890625,0.0986328125,16384,0.11748357142278366,1290692.0,1.085097,0.6230433,-0.17998134326732693,0.2634183260333307,0.9477433732743724,0.7731663,0.0001279341,0.6336096740011213,0.0958620542455054,0.0001267607018036072,0.00266487677188125,0.02461442610756627,1.299696400166714,1.7517638115541148
path_a_only,16.41012220399716,0.1960400723825669,0.0,0.5,0.1,0.1,0.09563441574573517,0.0006980396001417219,0.0931396484375,0.0986328125,16384,0.10897555362887217,1290817.0,0.9951506,0.5763017,-0.16541188324902298,0.3708962845134343,0.913824302048343,0.7773214,0.000127785,0.6181200523592844,0.0958620542455054,0.0001267607018036072,0.00266487677188125,0.02461442610756627,1.1852376009237195,1.7369719598587223
path_a_only,16.530199761000404,0.19955027092233754,0.0,0.5,0.1,0.1,0.09559480845928192,0.0006962292861213616,0.09326171875,0.0986328125,16384,0.06590067496941165,1290942.0,0.9874068,0.5790198,-0.1576927407681398,0.3688402628637926,0.9160184823460717,0.7806689,0.000127136,0.5506970849176172,0.0958620542455054,0.0001267607018036072,0.00266487677188125,0.02461442610756627,1.188002464196999,1.7291500486651974
path_a_only,16.650443218000873,0.18903735195476698,0.0,0.5,0.1,0.1,0.0955745056271553,0.0006989058960249124,0.093017578125,0.098388671875,16384,0.043820343075688946,1291068.0,0.91993,0.512103,-0.1381718534976331,0.5010758917709042,0.8543017555799717,0.7916716,0.0001265217,0.48687901265349526,0.0958620542455054,0.0001267607018036072,0.00266487677188125,0.02461442610756627,1.0403381304943489,1.7094116513148145
path_a_only,16.770027450998896,0.16612471733935624,0.0,0.5,0.1,0.1,0.09566862881183624,0.0007037661541985237,0.093017578125,0.0985107421875,16384,0.14618395144757845,1291168.0,0.8746222,0.4467723,-0.11123259619243699,0.6167026280327238,0.7792978750913043,0.8089926,0.0001250027,0.32907394710050125,0.0958620542455054,0.0001267607018036072,0.00266487677188125,0.02461442610756627,0.9013479287450972,1.682259583976565
path_a_only,16.88642064799933,0.1349296359425609,0.0,0.5,0.1,0.1,0.09572257101535797,0.0006945775902368848,0.09326171875,0.0986328125,16384,0.2048487598551206,1291295.0,0.856185,0.4149596,-0.09523420430085001,0.668182772288089,0.7378768387397642,0.8206473,0.0001242452,0.25037918926219166,0.0958620542455054,0.0001267607018036072,0.00266487677188125,0.02461442610756627,0.8349245655625799,1.6661750770996624
path_a_only,17.006519385999127,0.09795201767282061,0.0,0.5,0.1,0.1,0.0957305058836937,0.0006954036448188888,0.093505859375,0.0987548828125,16384,0.2134783207603737,1291423.0,0.867628,0.443383,-0.10345780346820577,0.6233952357401549,0.7750321689826887,0.8133909,0.0001242749,0.25346464709426697,0.0958620542455054,0.0001267607018036072,0.00266487677188125,0.02461442610756627,0.8934100483287013,1.6744395853134497
path_a_only,17.12838307399943,0.06075191523626164,0.0,0.5,0.1,0.1,0.09559479355812073,0.0006957722200793273,0.093017578125,0.098388671875,16384,0.06588446922123277,1291551.0,0.9204214,0.5163973,-0.13670174847279898,0.49385012298518793,0.8587343524000857,0.7917359,0.0001252041,0.3499968833759271,0.0958620542455054,0.0001267607018036072,0.00266487677188125,0.02461442610756627,1.0488939009408318,1.7079274619889304
path_a_only,17.24848411599669,0.029626867203803073,0.0,0.5,0.1,0.1,0.09564505517482758,0.0006979230331474537,0.09326171875,0.0986328125,16384,0.1205464578285918,1291652.0,0.9589832,0.5571276,-0.14999264018115885,0.4145449484404731,0.8975826945824941,0.7846822,0.0001262936,0.46318228095327096,0.0958620542455054,0.0001267607018036072,0.00266487677188125,0.02461442610756627,1.1381350755593411,1.7213571555350433
path_a_only,17.369274165997922,0.008315336584742344,0.0,0.5,0.1,0.1,0.09561233967542648,0.0007002066553286935,0.09326171875,0.0986328125,16384,0.08496673770186285,1291778.0,0.9742058,0.5691512,-0.1545376039465111,0.38960678749152466,0.9079232787559779,0.7824422,0.000126016,0.43434311953292304,0.0958620542455054,0.0001267607018036072,0.00266487677188125,0.02461442610756627,1.1654423468655706,1.7259557445879479
path_a_only,17.488472667995666,6.556618110521717e-05,0.0,0.5,0.1,0.1,0.09564116597175598,0.0006980616282004345,0.0933837890625,0.098388671875,16384,0.11631675755390437,1291904.0,1.156658,0.6471678,-0.18455586021479986,0.20110244810765732,0.9620275151083165,0.772644,0.0001272938,0.5670905275405687,0.0958620542455054,0.0001267607018036072,0.00266487677188125,0.02461442610756627,1.3647235465689374,1.756416267379189
path_a_only,17.60860401699756,0.005764271165185894,0.0,0.5,0.1,0.1,0.09578948467969894,0.0006865586441593955,0.0933837890625,0.098876953125,16384,0.277620672052377,1292029.0,1.410812,0.6769585,-0.20426154956524947,0.06768300747212078,0.9765737196283402,0.7706209,0.0001284073,0.6827692243761558,0.0958620542455054,0.0001267607018036072,0.00266487677188125,0.02461442610756627,1.5016003739098895,1.7765056196138536
path_a_only,17.729463878000388,0.024877616252736795,0.0,0.5,0.1,0.1,0.09587834030389786,0.0006613547799299225,0.09326171875,0.0987548828125,16384,0.37425554844303277,1292129.0,1.560166,0.6796533,-0.20986922585598383,0.004462629322724658,0.9777192812756318,0.7717304,0.0001285479,0.6973758025306985,0.0958620542455054,0.0001267607018036072,0.00266487677188125,0.02461442610756627,1.5662320327091752,1.7822375317401171
path_a_only,17.848133923995192,0.05407938498129164,0.0,0.5,0.1,0.1,0.09610123932361603,0.0006778329605976399,0.09375,0.099365234375,16384,0.616669232576795,1292254.0,-1.330474,0.6601165,-0.21985629817201993,-0.11463977884348496,0.9687728987026901,0.7790991,0.0001290093,0.7453094807704287,0.0958620542455054,0.0001267607018036072,0.00266487677188125,0.02461442610756627,1.6885836051383132,1.7924634887725748
path_a_only,17.96588328800135,0.0893024281022876,0.0,0.5,0.1,0.1,0.09612482786178589,0.0006920957260555697,0.09375,0.09912109375,16384,0.6423229319439605,1292379.0,-1.329121,0.6615582,-0.21707100916732222,-0.11393560229103643,0.969483808791905,0.778109,0.0001291825,0.7633027904174191,0.0958620542455054,0.0001267607018036072,0.00266487677188125,0.02461442610756627,1.6877816428632118,1.789609254906941
path_a_only,18.086314486994524,0.12678540082881354,0.0,0.5,0.1,0.1,0.09613737463951111,0.0006880322792970325,0.0938720703125,0.0989990234375,16384,0.6559681719105767,1292504.0,-1.226686,0.6404353,-0.2208080679169467,-0.18158131320550597,0.9582651114578622,0.7832327,0.0001300044,0.8486879012653492,0.0958620542455054,0.0001267607018036072,0.00266487677188125,0.02461442610756627,1.7580656515343716,1.7934392376915094
path_a_only,18.206536706995394,0.16042738569676865,0.0,0.5,0.1,0.1,0.09631799161434174,0.0006999667949141585,0.0938720703125,0.0992431640625,16384,0.8523980455867697,1292629.0,-1.260109,0.6470862,-0.22205957867387158,-0.1589916193281892,0.9619829564511956,0.7802085,0.0001298738,0.8351201978017408,0.0958620542455054,0.0001267607018036072,0.00266487677188125,0.02461442610756627,1.7345905301864022,1.7947226076938185
path_a_only,18.32855869099876,0.18584282686012946,0.0,0.5,0.1,0.1,0.09621913731098175,0.0006961198430284469,0.09375,0.099365234375,16384,0.7448891121680861,1292754.0,-1.144425,0.6095403,-0.22665942374748174,-0.25944549107791925,0.9387830115558105,0.7889923,0.0001311836,0.9711920048203795,0.0958620542455054,0.0001267607018036072,0.00266487677188125,0.02461442610756627,1.8404298612667525,1.7994427919876377
path_a_only,18.449839370994596,0.1987609273174508,0.0,0.5,0.1,0.1,0.09639239311218262,0.0006969659375614084,0.09375,0.0992431640625,16384,0.9333133462439127,1292854.0,-1.143122,0.6074281,-0.22858190034833667,-0.26302633544933496,0.9373192954875287,0.7909252,0.0001309991,0.9520247667726323,0.0958620542455054,0.0001267607018036072,0.00266487677188125,0.02461442610756627,1.8443757041359152,1.8014170946276409
path_a_only,18.57144388499728,0.19749172057951164,0.0,0.5,0.1,0.1,0.09635981917381287,0.0006913018283555198,0.0941162109375,0.099365234375,16384,0.8978875807248831,1292979.0,-1.225589,0.6384341,-0.2233643678736869,-0.1845064396592749,0.9571132288755843,0.7820661,0.0001308282,0.9342703983045567,0.0958620542455054,0.0001267607018036072,0.00266487677188125,0.02461442610756627,1.7612341466986372,1.7960610119815463
path_a_only,18.6895571999994,0.18278616863887398,0.0,0.5,0.1,0.1,0.09602323919534683,0.0007005389536710732,0.0931396484375,0.098876953125,16384,0.5318402437344526,1293104.0,-1.379871,0.6669132,-0.21785022264130688,-0.08747997910241938,0.9720537710185447,0.777898,0.0001304336,0.8932764030002691,0.0958620542455054,0.0001267607018036072,0.00266487677188125,0.02461442610756627,1.6605495411364064,1.7904075728752098
path_a_only,18.810099176997028,0.15618256539976644,0.0,0.5,0.1,0.1,0.09603756666183472,0.0007060258284309226,0.09326171875,0.0989990234375,16384,0.5474220706084448,1293229.0,-1.267304,0.6476677,-0.22340530755626448,-0.15514157780167756,0.9622999321380507,0.7806796,0.0001312808,0.9812898668162652,0.0958620542455054,0.0001267607018036072,0.00266487677188125,0.02461442610756627,1.7306404870218932,1.796103013016461
path_a_only,18.92788108199602,0.12246348206630558,0.0,0.5,0.1,0.1,0.09622332453727722,0.0006953220034994828,0.093505859375,0.0994873046875,16384,0.749442927406351,1293329.0,-1.208509,0.6326812,-0.22516384836999587,-0.19931374590746662,0.9537165575156737,0.7844209,0.0001311039,0.9629121735336273,0.0958620542455054,0.0001267607018036072,0.00266487677188125,0.02461442610756627,1.7768174908574892,1.797907526444911
path_a_only,19.048541662996286,0.08480922558576359,0.0,0.5,0.1,0.1,0.09643103927373886,0.0006975530555861166,0.093994140625,0.09912109375,16384,0.9753429541458355,1293454.0,-1.140582,0.6061158,-0.2288462527741756,-0.26604826797893877,0.936401469294354,0.7896945,0.0001314609,1.0,0.0958620542455054,0.0001267607018036072,0.00266487677188125,0.02461442610756627,1.8476193112233776,1.8016886448621334
path_a_only,19.167843220995564,0.04968023726186607,0.0,0.5,0.1,0.1,0.09637065976858139,0.0007036744516257257,0.093994140625,0.0994873046875,16384,0.9096772625250176,1293579.0,-1.192778,0.6267038,-0.2270620886773458,-0.2141050322954932,0.9500536000832936,0.7856684,0.0001303893,0.88867418811943,0.0958620542455054,0.0001267607018036072,0.00266487677188125,0.02461442610756627,1.7924543504958521,1.7998562365775848
path_a_only,19.28837277599814,0.021298852544596014,0.0,0.5,0.1,0.1,0.09615129977464676,0.0006975750533315774,0.09375,0.098876953125,16384,0.6711124435837391,1293704.0,-1.241616,0.6424052,-0.223142795962394,-0.17259681558872017,0.959383985617187,0.7820776,0.0001303629,0.8859315589353618,0.0958620542455054,0.0001267607018036072,0.00266487677188125,0.02461442610756627,1.7487960733551562,1.7958337028789635
path_a_only,19.407662641999195,0.004178082448144688,0.0,0.5,0.1,0.1,0.09619887918233871,0.0007021579582642016,0.09375,0.0992431640625,16384,0.7228573975189,1293829.0,-1.268641,0.6492523,-0.2213086401420041,-0.1528100288185937,0.963157090453555,0.77888,0.0001297563,0.8229134201832565,0.0958620542455054,0.0001267607018036072,0.00266487677188125,0.02461442610756627,1.7281402320230388,1.7939525079295289
path_a_only,19.526997722998203,0.0003594708334368757,0.0,0.5,0.1,0.1,0.09623225778341293,0.0007007047536365609,0.09375,0.0992431640625,16384,0.759158273439589,1293930.0,-1.268355,0.6503777,-0.21943741217578003,-0.15170341074150206,0.9637599790959324,0.7798984,0.000129496,0.7958715119782247,0.0958620542455054,0.0001267607018036072,0.00266487677188125,0.02461442610756627,1.7269231493525785,1.792034117283782
path_a_only,19.643401880995953,0.009977497598274349,0.0,0.5,0.1,0.1,0.09619264304637909,0.0006931974610879855,0.09375,0.09912109375,16384,0.716075291906039,1294055.0,-1.271165,0.6507903,-0.2196297245365211,-0.15001915899172436,0.9639797902629638,0.7794464,0.0001291628,0.7612562072762781,0.0958620542455054,0.0001267607018036072,0.00266487677188125,0.02461442610756627,1.7251827073844836,1.792231238425609
path_a_only,19.76447663599538,0.032577229787638246,0.0,0.5,0.1,0.1,0.09616142511367798,0.0006945209300391762,0.0936279296875,0.09912109375,16384,0.6821242494712875,1294180.0,-1.449136,0.6754086,-0.21178152687184967,-0.0525724541773047,0.9759020042696926,0.772784,0.0001287438,0.7177273577261125,0.0958620542455054,0.0001267607018036072,0.00266487677188125,0.02461442610756627,1.6246149340393483,1.7841938027611495
path_a_only,19.88431070099614,0.06445002856425222,0.0,0.5,0.1,0.1,0.09592249244451523,0.0006475176252111514,0.0936279296875,0.0986328125,16384,0.42227318029705135,1294306.0,1.216916,0.657146,-0.19276685772312002,0.1649394942530241,0.9672827413942167,0.7671879,0.0001274157,0.5797544100230626,0.0958620542455054,0.0001267607018036072,0.00266487677188125,0.02461442610756627,1.4019023849986256,1.7647774396747649
path_a_only,20.001358754001558,0.10042686386258791,0.0,0.5,0.1,0.1,0.0957086905837059,0.0006868103556861242,0.093017578125,0.0986328125,16384,0.1897531054264948,1294406.0,0.9823476,0.5783569,-0.1544186218473509,0.3715380806756624,0.9154858512476366,0.7797619,0.0001259595,0.42847347752914205,0.0958620542455054,0.0001267607018036072,0.00266487677188125,0.02461442610756627,1.1852681567917038,1.725835316900137
path_a_only,20.12481115799892,0.13821352599907608,0.0,0.5,0.1,0.1,0.09566967934370041,0.0006987466177340229,0.0931396484375,0.0987548828125,16384,0.14732645669418942,1294532.0,0.9762786,0.5747553,-0.15235050616466883,0.3794949542291082,0.9125639172058121,0.7806235,0.000126166,0.4499262398969451,0.0958620542455054,0.0001267607018036072,0.00266487677188125,0.02461442610756627,1.1766963626648597,1.7237424348452144
path_a_only,20.245564302000275,0.16971848016936336,0.0,0.5,0.1,0.1,0.09575164318084717,0.000703383611747751,0.09326171875,0.0987548828125,16384,0.23646617455211363,1294657.0,1.049902,0.6128832,-0.1706942659752842,0.29199231201014303,0.9410653310425,0.7738527,0.0001275984,0.5987346506264425,0.0958620542455054,0.0001267607018036072,0.00266487677188125,0.02461442610756627,1.269936620582266,1.742330559738554
path_a_only,20.367669505001686,0.19148223494094135,0.0,0.5,0.1,0.1,0.09576456993818283,0.0007020039431758405,0.09326171875,0.098876953125,16384,0.2505246610972912,1294783.0,1.264959,0.667266,-0.19163213089905487,0.13441355272384367,0.9722191744926871,0.770439,0.0001283962,0.6816160734692193,0.0958620542455054,0.0001267607018036072,0.00266487677188125,0.02461442610756627,1.4334128641840032,1.7636211548622143
path_a_only,20.48773286800133,0.19992574903972338,0.0,0.5,0.1,0.1,0.0959211066365242,0.0007096673805177369,0.09326171875,0.0987548828125,16384,0.4207660457164156,1294908.0,1.539163,0.6801936,-0.20844216163575888,0.013205061235337595,0.9779455463421177,0.7711967,0.0001295533,0.8018242639572807,0.0958620542455054,0.0001267607018036072,0.00266487677188125,0.02461442610756627,1.5572942879286478,1.780778190173866
path_a_only,20.611849873996107,0.193889629882142,0.0,0.5,0.1,0.1,0.09584663063287735,0.0006967684512674934,0.0936279296875,0.0986328125,16384,0.3397697163183781,1295033.0,1.380929,0.6749687,-0.20346204197397869,0.08120273388576803,0.9757096460962431,0.7704988,0.0001297047,0.8175528267780353,0.0958620542455054,0.0001267607018036072,0.00266487677188125,0.02461442610756627,1.4877633960048602,1.7756889619224505
path_a_only,20.73637321899878,0.17367207814755814,0.0,0.5,0.1,0.1,0.09580545127391815,0.0007022329399514993,0.093505859375,0.0989990234375,16384,0.29498513122604586,1295133.0,1.288242,0.6676564,-0.1970400907166942,0.12494098454707664,0.9724016418285009,0.7719347,0.0001295859,0.8052109954497284,0.0958620542455054,0.0001267607018036072,0.00266487677188125,0.02461442610756627,1.44300944976671,1.7691342290900707
path_a_only,20.853581431998464,0.1443936904108641,0.0,0.5,0.1,0.1,0.09567875415086746,0.0007014946921202501,0.0931396484375,0.0986328125,16384,0.15719575733512678,1295259.0,1.060806,0.6138531,-0.1760651852000895,0.2866446474564455,0.9417196486455129,0.7734813,0.0001286221,0.7050842527374359,0.0958620542455054,0.0001267607018036072,0.00266487677188125,0.02461442610756627,1.275322135944184,1.7477840795187995
path_a_only,20.974633126999834,0.10796080559079148,0.0,0.5,0.1,0.1,0.0957564190030098,0.0006606341686192141,0.093017578125,0.0986328125,16384,0.24166011684344438,1295384.0,1.315378,0.6707909,-0.1982057338891023,0.11108592137356416,0.9738451648624994,0.7703424,0.0001295231,0.7986868623906578,0.0958620542455054,0.0001267607018036072,0.00266487677188125,0.02461442610756627,1.4572178626844394,1.7703233235220848
path_a_only,21.099894624996523,0.06912978653768019,0.0,0.5,0.1,0.1,0.09593543410301208,0.0006982967747809407,0.09375,0.0987548828125,16384,0.4363478725904078,1295509.0,1.463503,0.6783719,-0.20754967581640008,0.04523383175719797,0.9771780966298154,0.7705666,0.0001297644,0.8237549086829133,0.0958620542455054,0.0001267607018036072,0.00266487677188125,0.02461442610756627,1.524539084084254,1.779865748950353
path_a_only,21.217265743995085,0.03692180914378328,0.0,0.5,0.1,0.1,0.0959651917219162,0.0007072526643599565,0.0931396484375,0.0994873046875,16384,0.4687107517036293,1295635.0,1.549929,0.6793503,-0.21032582233257252,0.008782975268989692,0.9775918922564525,0.7713065,0.0001301136,0.8600324128903566,0.0958620542455054,0.0001267607018036072,0.00266487677188125,0.02461442610756627,1.561812272163821,1.7827045519090714
path_a_only,21.336410439995234,0.01291816288944947,0.0,0.5,0.1,0.1,0.09598404169082642,0.0007037463413698171,0.093505859375,0.0987548828125,16384,0.4892110231499113,1295760.0,1.419257,0.6778947,-0.20362997197028976,0.06367768290457676,0.9769749163695469,0.7699428,0.0001296877,0.8157867398034437,0.0958620542455054,0.0001267607018036072,0.00266487677188125,0.02461442610756627,1.5057099683037434,1.7758604826396156
path_a_only,21.45466538299661,0.0010125008933434543,0.0,0.5,0.1,0.1,0.09590563923120499,0.0007025077378791926,0.093505859375,0.098876953125,16384,0.40394447910673914,1295860.0,1.327074,0.6715478,-0.19944705431365303,0.10572892928494342,0.9741880034356132,0.7698295,0.0001290432,0.748831265972699,0.0958620542455054,0.0001267607018036072,0.00266487677188125,0.02461442610756627,1.4626891470227985,1.771589932229202
path_a_only,21.575793187999807,0.002821481426978842,0.0,0.5,0.1,0.1,0.09590128809213638,0.0006940578718210983,0.0933837890625,0.0987548828125,16384,0.3992124006385065,1295985.0,1.329243,0.672629,-0.19803786408996685,0.1038839146003055,0.9746738616963113,0.7699851,0.0001284779,0.690103679694156,0.0958620542455054,0.0001267607018036072,0.00266487677188125,0.02461442610756627,1.464613936048762,1.7701520588123956
path_a_only,21.69499188700138,0.01818356272581592,0.0,0.5,0.1,0.1,0.09600702673196793,0.0006936380950914754,0.09375,0.09912109375,16384,0.5142083897158322,1296110.0,1.502954,0.6804374,-0.20646789028928678,0.028187718542728602,0.9780472702292292,0.7724567,0.0001287148,0.7147146211223993,0.0958620542455054,0.0001267607018036072,0.00266487677188125,0.02461442610756627,1.5419838972733446,1.7787600120876852
path_a_only,21.813839907998045,0.04479347045347129,0.0,0.5,0.1,0.1,0.09597213566303253,0.0007015996843408789,0.093505859375,0.0987548828125,16384,0.4762626303549869,1296234.0,1.469834,0.6788597,-0.20717170932675338,0.04241106537370483,0.9773848701450717,0.7714476,0.0001285964,0.7024143447817327,0.0958620542455054,0.0001267607018036072,0.00266487677188125,0.02461442610756627,1.5274311406652812,1.779479384658945
path_a_only,21.93161764999968,0.07868191606117005,0.0,0.5,0.1,0.1,0.09581450372934341,0.0006878969357848368,0.093017578125,0.0987548828125,16384,0.3048301232447149,1296333.0,1.09635,0.6255992,-0.18303891212601767,0.2553603162501245,0.9493618201362221,0.7715357,0.0001273156,0.5693552743668072,0.0958620542455054,0.0001267607018036072,0.00266487677188125,0.02461442610756627,1.308034473915237,1.7548730287426726
path_a_only,22.049206857998797,0.11539729301943148,0.0,0.5,0.1,0.1,0.09569577872753143,0.0006446151738204243,0.093505859375,0.098388671875,16384,0.17571082462949608,1296458.0,0.975604,0.5661014,-0.15767984994895948,0.39430791402091375,0.9053498405923256,0.7814623,0.0001263652,0.4706206237403634,0.0958620542455054,0.0001267607018036072,0.00266487677188125,0.02461442610756627,1.1600397552290556,1.729136994529072
path_a_only,22.173517546994844,0.15185219426666954,0.0,0.5,0.1,0.1,0.09570255130529404,0.0006938166718249632,0.09326171875,0.0985107421875,16384,0.1830763371767966,1296582.0,1.061519,0.6200337,-0.17035371367978072,0.2764612692226447,0.9458058885708588,0.7748482,0.0001270511,0.5418770387915806,0.0958620542455054,0.0001267607018036072,0.00266487677188125,0.02461442610756627,1.2864164862515315,1.7419849454095144
path_a_only,22.29553518800094,0.180069303985015,0.0,0.5,0.1,0.1,0.09596769511699677,0.0006904490765519671,0.093505859375,0.0987548828125,16384,0.47143331739768096,1296707.0,-1.363783,0.6650723,-0.2181982481856959,-0.09588218617115278,0.9711828514053025,0.7767693,0.0001292889,0.7743564171289669,0.0958620542455054,0.0001267607018036072,0.00266487677188125,0.02461442610756627,1.669204646112835,1.790764177123413
path_a_only,22.416584056998545,0.19658586235080067,0.0,0.5,0.1,0.1,0.09623432159423828,0.0006902092272022672,0.093505859375,0.099365234375,16384,0.7614027695623637,1296831.0,-1.231906,0.6408949,-0.22200547260804493,-0.17871380476879714,0.9585274884514992,0.7823545,0.0001299252,0.8404600137131446,0.0958620542455054,0.0001267607018036072,0.00266487677188125,0.02461442610756627,1.7551260691509594,1.794667116527378
path_a_only,22.540706474996114,0.1991834086291705,0.0,0.5,0.1,0.1,0.0964537113904953,0.0006993920109170462,0.0938720703125,0.0994873046875,16384,1.0,1296956.0,-1.118816,0.5965607,-0.2280791820893446,-0.2897654443488969,0.9295245418808166,0.7942019,0.0001303373,0.8832720397265685,0.0958620542455054,0.0001267607018036072,0.00266487677188125,0.02461442610756627,1.8729842130781442,1.8009007360643214
path_a_only,22.65998660599871,0.18763269507381386,0.0,0.5,0.1,0.1,0.09633547067642212,0.0006979893530941776,0.09375,0.099365234375,16384,0.8714073882005947,1297081.0,-1.228914,0.6373751,-0.22615734188959008,-0.18429717923507624,0.9564974680758069,0.7831774,0.0001304638,0.896413804566892,0.0958620542455054,0.0001267607018036072,0.00266487677188125,0.02461442610756627,1.7611428608885094,1.798927324709036
path_a_only,22.78304891999869,0.1630014528087748,0.0,0.5,0.1,0.1,0.09616171568632126,0.00069588285565592,0.0936279296875,0.099609375,16384,0.6824402615607756,1297181.0,-1.25447,0.6459576,-0.22200296610511738,-0.16276934196900025,0.9613640436148571,0.7800903,0.0001304852,0.8986369964054931,0.0958620542455054,0.0001267607018036072,0.00266487677188125,0.02461442610756627,1.7385165931305462,1.7946645458756485
path_a_only,22.900186894999933,0.13084585302491317,0.0,0.5,0.1,0.1,0.09607420116662979,0.0007031762051351941,0.09326171875,0.09912109375,16384,0.587263902506219,1297306.0,-1.43208,0.6708834,-0.2183511784694728,-0.06218133598437197,0.9738871825402525,0.7745201,0.0001300929,0.8578819422801232,0.0958620542455054,0.0001267607018036072,0.00266487677188125,0.02461442610756627,1.6345583786195057,1.7909208860730452
path_a_only,23.021472267995705,0.09325940291570768,0.0,0.5,0.1,0.1,0.09597554057836533,0.0006911592805025888,0.0933837890625,0.098876953125,16384,0.47996564381386075,1297431.0,-1.528432,0.6777807,-0.2128107703403723,-0.018074442562781835,0.9769262462198373,0.7724227,0.000130409,0.890720771260571,0.0958620542455054,0.0001267607018036072,0.00266487677188125,0.02461442610756627,1.5892955541063314,1.7852470547683235
path_a_only,23.146042202999524,0.05571228920299721,0.0,0.5,0.1,0.1,0.09593906253576279,0.0006960653266454763,0.09326171875,0.099365234375,16384,0.4402939722719649,1297556.0,-1.547729,0.678264,-0.2124062997212849,-0.00980624927277104,0.9771322332795659,0.7714512,0.000130256,0.8748259884892693,0.0958620542455054,0.0001267607018036072,0.00266487677188125,0.02461442610756627,1.5808317342277416,1.7848331205574461
path_a_only,23.26482550700166,0.026073795212039286,0.0,0.5,0.1,0.1,0.09579474478960037,0.0006991905998184066,0.09326171875,0.0987548828125,16384,0.2833413011595213,1297682.0,1.216283,0.6525928,-0.19923540187580385,0.17091162593103892,0.9649323658998052,0.7677669,0.0001297145,0.8185709239751494,0.0958620542455054,0.0001267607018036072,0.00266487677188125,0.02461442610756627,1.3954915803996375,1.7713739449560608
path_a_only,23.383506997997756,0.006622419276977348,0.0,0.5,0.1,0.1,0.09565050899982452,0.0006957340523555738,0.0931396484375,0.0985107421875,16384,0.12647776166206154,1297808.0,0.9522488,0.5536098,-0.14646063116171046,0.4224838230864561,0.8944588882391217,0.7842074,0.0001266993,0.5053294271644951,0.0958620542455054,0.0001267607018036072,0.00266487677188125,0.02461442610756627,1.1295250160354335,1.7177856920503882
path_a_only,23.50356811099482,6.282636217533333e-06,0.0,0.5,0.1,0.1,0.09566406905651093,0.0006875302929387242,0.093017578125,0.098388671875,16384,0.14122499250484147,1297910.0,0.9323026,0.5347635,-0.13916410708786472,0.4599469202144061,0.8769733073952252,0.7899647,0.0001262801,0.46177980012050945,0.0958620542455054,0.0001267607018036072,0.00266487677188125,0.02461442610756627,1.0877642459065688,1.7104135847001072
path_a_only,23.627699737000512,0.007939937775188283,0.0,0.5,0.1,0.1,0.09567926079034805,0.0007012774085737907,0.0931396484375,0.0986328125,16384,0.15774675277320865,1298039.0,0.9146682,0.5179303,-0.130336625941914,0.492842643162554,0.8603013966155263,0.7953655,0.0001253319,0.3632737019260731,0.0958620542455054,0.0001267607018036072,0.00266487677188125,0.02461442610756627,1.0505627122519616,1.7015048210616572
path_a_only,23.753397993001272,0.03004818078555728,0.0,0.5,0.1,0.1,0.09573900699615479,0.0006952176919818965,0.09326171875,0.0986328125,16384,0.2227237000964242,1298166.0,0.8919288,0.4864881,-0.11901459598377598,0.5501151242941072,0.8265645019995097,0.8015322,0.0001244637,0.27307860125911637,0.0958620542455054,0.0001267607018036072,0.00266487677188125,0.02461442610756627,0.9835712902421925,1.690093692080955
path_a_only,23.875997044000542,0.06202123137223663,0.0,0.5,0.1,0.1,0.09568119049072266,0.0006908875138964208,0.09326171875,0.0987548828125,16384,0.1598453971623735,1298294.0,0.9468566,0.5463053,-0.1460273301219258,0.4363847838312111,0.8878312560943376,0.7874278,0.0001253761,0.36786552806000505,0.0958620542455054,0.0001267607018036072,0.00266487677188125,0.02461442610756627,1.1139575485564883,1.7173476817621847
path_a_only,23.995713361997332,0.09865335365895028,0.0,0.5,0.1,0.1,0.09568150341510773,0.0006998306111111312,0.09326171875,0.0985107421875,16384,0.16018571787412994,1298398.0,0.9205514,0.5249989,-0.1328653113373447,0.4795056368869418,0.8674221309356124,0.7951497,0.0001244831,0.27509401815953005,0.0958620542455054,0.0001267607018036072,0.00266487677188125,0.02461442610756627,1.065810640802808,1.7040556926920172
path_a_only,24.117179864995705,0.13598726575976988,0.0,0.5,0.1,0.1,0.09574134647846222,0.0006731547462059043,0.093505859375,0.0986328125,16384,0.22526800256050822,1298527.0,0.917242,0.5255313,-0.12944786128123878,0.4794825579290966,0.8679514547781366,0.796466,0.0001249641,0.32506389079349407,0.0958620542455054,0.0001267607018036072,0.00266487677188125,0.02461442610756627,1.0660892675648999,1.7006084625242497
path_a_only,24.233793480001623,0.16702041920797456,0.0,0.5,0.1,0.1,0.09576217830181122,0.000679177951677758,0.09326171875,0.0986328125,16384,0.24792363851458113,1298655.0,0.8519946,0.4137885,-0.08986028437044541,0.6706685474357251,0.7362939825730733,0.8229966,0.0001233741,0.15988281493486248,0.0958620542455054,0.0001267607018036072,0.00266487677188125,0.02461442610756627,0.8320077241855657,1.6607779877594713
path_a_only,24.35042739399796,0.18916152929006178,0.0,0.5,0.1,0.1,0.0958273783326149,0.0006972316515706463,0.0936279296875,0.099365234375,16384,0.3188318896712664,1298756.0,0.8589296,0.4331976,-0.09489171322477863,0.6405874778242272,0.7619995052597224,0.8196171,0.0001230182,0.12290926468449498,0.0958620542455054,0.0001267607018036072,0.00266487677188125,0.02461442610756627,0.8717458428010234,1.6658310279133013
path_a_only,24.471496163001575,0.19959933060166252,0.0,0.5,0.1,0.1,0.09569848328828812,0.0006914298683723927,0.09326171875,0.0989990234375,16384,0.17865216792396263,1298882.0,0.9284304,0.534425,-0.1357654581167594,0.4615803371040872,0.8766477814842308,0.7905715,0.0001247403,0.301813875210372,0.0958620542455054,0.0001267607018036072,0.00266487677188125,0.02461442610756627,1.0861515788621912,1.7069823601670848
path_a_only,24.590338096000778,0.19599968108701749,0.0,0.5,0.1,0.1,0.09567145258188248,0.0006985519743781995,0.0928955078125,0.0986328125,16384,0.14925494072747603,1299008.0,1.164585,0.6491155,-0.18514209394390105,0.19542934759474564,0.9630834725758509,0.7731579,0.0001273035,0.5680982359907756,0.0958620542455054,0.0001267607018036072,0.00266487677188125,0.02461442610756627,1.3705942096332304,1.757012780871523
path_a_only,24.71041260399943,0.17893598780065334,0.0,0.5,0.1,0.1,0.09568283706903458,0.0007004622236151572,0.09326171875,0.0986328125,16384,0.16163613233613963,1299133.0,1.050001,0.6066278,-0.17668237507430268,0.3020983617645249,0.9367603312252786,0.7735906,0.000128042,0.6448191319163089,0.0958620542455054,0.0001267607018036072,0.00266487677188125,0.02461442610756627,1.2588338700303021,1.7484110990228094
path_a_only,24.831932235996646,0.15038071081959709,0.0,0.5,0.1,0.1,0.09566479921340942,0.0006916558498959035,0.0933837890625,0.0987548828125,16384,0.14201907416560655,1299233.0,1.008925,0.5890552,-0.16543286490280001,0.34506416043605975,0.9238845665950964,0.7789825,0.0001270641,0.5432275758897973,0.0958620542455054,0.0001267607018036072,0.00266487677188125,0.02461442610756627,1.213347761217067,1.7369932346188346
path_a_only,24.948525233994587,0.1161008842406774,0.0,0.5,0.1,0.1,0.09570254385471344,0.0006917299197238067,0.09326171875,0.0986328125,16384,0.18306823430270716,1299358.0,1.085154,0.6263463,-0.17647488395655844,0.25822311593983355,0.9498302152105094,0.7730797,0.0001282663,0.6681210912339758,0.0958620542455054,0.0001267607018036072,0.00266487677188125,0.02461442610756627,1.3053494570073712,1.7482002954505842
path_a_only,25.06757829200069,0.07892877945279586,0.0,0.5,0.1,0.1,0.09558530151844025,0.0007118194494647593,0.09326171875,0.0987548828125,16384,0.055561407631286815,1299483.0,0.9385138,0.5221583,-0.15148522435390982,0.4791151634511933,0.8645813362278774,0.7846232,0.0001278107,0.6207899603149876,0.0958620542455054,0.0001267607018036072,0.00266487677188125,0.02461442610756627,1.0647659575301978,1.7228669918441353
path_a_only,25.190660037995258,0.043620282187590856,0.0,0.5,0.1,0.1,0.09568312764167786,0.000705077105923037,0.0931396484375,0.0986328125,16384,0.16195214442562778,1299608.0,0.9012768,0.4927375,-0.1268951903277232,0.537696634375923,0.8335346063916579,0.7968287,0.0001258674,0.41890544162563076,0.0958620542455054,0.0001267607018036072,0.00266487677188125,0.02461442610756627,0.9978874744595121,1.6980345613333017
path_a_only,25.314776066996274,0.016457908642920363,0.0,0.5,0.1,0.1,0.09568076580762863,0.0007075513541145111,0.09326171875,0.0986328125,16384,0.15938353333927543,1299733.0,0.8867538,0.4685557,-0.11920870025859545,0.5799942548144921,0.805851071951163,0.8025798,0.0001256482,0.39613330840034117,0.0958620542455054,0.0001267607018036072,0.00266487677188125,0.02461442610756627,0.9469518814730336,1.690289188118465
path_a_only,25.435868259999552,0.002022768618583165,0.0,0.5,0.1,0.1,0.09565458446741104,0.0007044628595462473,0.0931396484375,0.098388671875,16384,0.13091003378898494,1299858.0,0.877556,0.4584838,-0.11147263906682178,0.5979276901955044,0.7937608758542758,0.8077557,0.0001253296,0.3630347607471583,0.0958620542455054,0.0001267607018036072,0.00266487677188125,0.02461442610756627,0.9251965096338779,1.6825011290301377
path_a_only,25.558438977997866,0.0016805629193498567,0.0,0.5,0.1,0.1,0.09558241069316864,0.0007018783672557143,0.0931396484375,0.0989990234375,16384,0.052417492484584285,1299957.0,0.9173968,0.511887,-0.13572773008835878,0.5021257171241703,0.8540771320481537,0.7903843,0.0001262316,0.4567412578694753,0.0958620542455054,0.0001267607018036072,0.00266487677188125,0.02461442610756627,1.0393094138084287,1.7069442796498213
path_a_only,25.67767469899991,0.015178034374584107,0.0,0.5,0.1,0.1,0.09558131545782089,0.0006987894732221022,0.0926513671875,0.0985107421875,16384,0.051226369993436674,1300082.0,0.9805264,0.5731065,-0.15671296255791578,0.3809679128610679,0.9112104568850179,0.7817732,0.0001266411,0.49928317646325415,0.0958620542455054,0.0001267607018036072,0.00266487677188125,0.02461442610756627,1.1747931018057152,1.7281579347989775
path_a_only,25.795015124997008,0.039961777363155586,0.0,0.5,0.1,0.1,0.09553421288728714,0.0007056084764728575,0.0928955078125,0.0985107421875,16384,0.0,1300207.0,1.027961,0.5957012,-0.17270496662232282,0.32762435602017465,0.9288892699597451,0.7767581,0.0001274364,0.5819048806332987,0.0958620542455054,0.0001267607018036072,0.00266487677188125,0.02461442610756627,1.2317132970636138,1.7443715711119951
path_a_only,25.91148127699853,0.07254806915661695,0.0,0.5,0.1,0.1,0.09564423561096191,0.0006917728528087414,0.093505859375,0.0986328125,16384,0.11965514167875345,1300331.0,1.081689,0.6214538,-0.17986351846862478,0.2671367945565286,0.9467243779042291,0.7738952,0.0001269567,0.5320700617091573,0.0958620542455054,0.0001267607018036072,0.00266487677188125,0.02461442610756627,1.2957769331823537,1.7516440320498055
path_a_only,26.030729492995306,0.10963896630623635,0.0,0.5,0.1,0.1,0.09573016315698624,0.00070715654007223,0.09326171875,0.0986328125,16384,0.21310558855225947,1300431.0,1.138859,0.6408227,-0.18519637429940033,0.21680929131119592,0.958486324444691,0.77045,0.0001275603,0.59477653805398,0.0958620542455054,0.0001267607018036072,0.00266487677188125,0.02461442610756627,1.3483403140428987,1.7570680164351102
path_a_only,26.14962461799587,0.14529394226615983,0.0,0.5,0.1,0.1,0.09576930850744247,0.0007011568044359224,0.09326171875,0.0987548828125,16384,0.25567808901817474,1300555.0,1.180779,0.6512895,-0.18839481750256515,0.18638466479798788,0.9642448597043787,0.7693916,0.0001292603,0.771385235512894,0.0958620542455054,0.0001267607018036072,0.00266487677188125,0.02461442610756627,1.3798551620705117,1.7603237663035567
path_a_only,26.268161902997235,0.17462798047109795,0.0,0.5,0.1,0.1,0.09580352902412415,0.0006828999740044041,0.0933837890625,0.0987548828125,16384,0.2928945897109705,1300679.0,1.130812,0.6377574,-0.18542387798703888,0.2242862954074969,0.9567202533471468,0.7706362,0.0001274028,0.5784142616717587,0.0958620542455054,0.0001267607018036072,0.00266487677188125,0.02461442610756627,1.3405222594643833,1.7572995299162188
path_a_only,26.38882928300154,0.1939628558502087,0.0,0.5,0.1,0.1,0.09575405716896057,0.0006840642601858523,0.093505859375,0.098876953125,16384,0.23909150575709204,1300804.0,1.10432,0.6323293,-0.17946000997989253,0.24212171105107214,0.9535046837093765,0.7725061,0.000127329,0.5707473664526587,0.0958620542455054,0.0001267607018036072,0.00266487677188125,0.02461442610756627,1.3221239818146984,1.7512338492452664
path_a_only,26.51057330599724,0.19994483655006073,0.0,0.5,0.1,0.1,0.0959385558962822,0.0006897060689479306,0.0933837890625,0.098876953125,16384,0.43974297683388297,1300928.0,1.263648,0.664686,-0.19537597763010725,0.1378052574844836,0.9709984234666476,0.7690888,0.0001281303,0.6539923954372627,0.0958620542455054,0.0001267607018036072,0.00266487677188125,0.02461442610756627,1.429816620144738,1.7674371280238097
path_a_only,26.631461116994615,0.1915921961526226,0.0,0.5,0.1,0.1,0.09605826437473297,0.0006887847784627332,0.0938720703125,0.099365234375,16384,0.5699318548289078,1301053.0,1.479034,0.6820584,-0.20176502983567773,0.03745026216952945,0.9787177073083135,0.7707331,0.0001287183,0.7150782272642265,0.0958620542455054,0.0001267607018036072,0.00266487677188125,0.02461442610756627,1.5325503648179186,1.773956005920056
path_a_only,26.751648749996093,0.17034347103813868,0.0,0.5,0.1,0.1,0.0959983542561531,0.0006899115068405076,0.09375,0.0987548828125,16384,0.5047766442757246,1301177.0,1.368328,0.6755741,-0.20026518270228683,0.08583857137939283,0.9759741780706929,0.7693091,0.0001290006,0.7444056597893169,0.0958620542455054,0.0001267607018036072,0.00266487677188125,0.02461442610756627,1.4830703805272876,1.7724249060273634
path_a_only,26.873234728998796,0.1387801137692364,0.0,0.5,0.1,0.1,0.09572887420654297,0.0006995635028946931,0.09326171875,0.0985107421875,16384,0.21170379133478645,1301277.0,0.975709,0.568882,-0.15588979276887502,0.38959421171169645,0.907697484138421,0.7818913,0.0001267664,0.512300276340668,0.0958620542455054,0.0001267607018036072,0.00266487677188125,0.02461442610756627,1.1653639037597614,1.7273245218477509
path_a_only,26.993460313999094,0.10205435841909499,0.0,0.5,0.1,0.1,0.09574978798627853,0.0006888835815957592,0.0933837890625,0.0989990234375,16384,0.2344485589038432,1301401.0,1.069824,0.6144157,-0.18063529548828602,0.28252975398209734,0.9420975682691656,0.771407,0.0001287703,0.7204803756570879,0.0958620542455054,0.0001267607018036072,0.00266487677188125,0.02461442610756627,1.2794364460521788,1.7524286605697916
path_a_only,27.11169833099848,0.06562468893691872,0.0,0.5,0.1,0.1,0.09568063914775848,0.0006947686410113217,0.093017578125,0.0987548828125,16384,0.15924578447975496,1301525.0,0.8983562,0.4863903,-0.12611240081983843,0.5486973633207259,0.8264543942918688,0.7952341,0.0001261449,0.4477342142990714,0.0958620542455054,0.0001267607018036072,0.00266487677188125,0.02461442610756627,0.9846995526439031,1.6972454320366175
path_a_only,27.231496013999276,0.03351700294616905,0.0,0.5,0.1,0.1,0.09565544128417969,0.0007045710738610404,0.0931396484375,0.098876953125,16384,0.1318418643092705,1301649.0,0.9167396,0.5139145,-0.1341671923066321,0.4989550822862558,0.8561792980265704,0.7901368,0.0001269628,0.5327037752706267,0.0958620542455054,0.0001267607018036072,0.00266487677188125,0.02461442610756627,1.0431427519755028,1.7053693352964705
path_a_only,27.35080643800029,0.010784615176334222,0.0,0.5,0.1,0.1,0.09569273889064789,0.0006944696671222488,0.09326171875,0.0986328125,16384,0.17240485200100475,1301774.0,0.9487316,0.5460129,-0.1478293234328061,0.43632578649896353,0.8875619973666401,0.7837907,0.0001281945,0.6606619709530631,0.0958620542455054,0.0001267607018036072,0.00266487677188125,0.02461442610756627,1.113890990922175,1.7191694466964873
path_a_only,27.469607186001667,0.000455492889498324,0.0,0.5,0.1,0.1,0.09560541063547134,0.000702404769146702,0.093017578125,0.0986328125,16384,0.0774310647986841,1301874.0,0.9814708,0.5736006,-0.15708804831852194,0.37983894270896534,0.9116170921374901,0.7806188,0.0001276108,0.6000228552432016,0.0958620542455054,0.0001267607018036072,0.00266487677188125,0.02461442610756627,1.1760066206589288,1.7285377244796347
path_a_only,27.59061803900113,0.004024982069913169,0.0,0.5,0.1,0.1,0.09565282613039017,0.0007091729349741054,0.0927734375,0.0985107421875,16384,0.12899775550387724,1301998.0,1.061136,0.6122377,-0.1778475155359455,0.289118345088979,0.940627898667003,0.7728372,0.0001285829,0.7010118639489712,0.0958620542455054,0.0001267607018036072,0.00266487677188125,0.02461442610756627,1.272594236181896,1.7495949886210447
path_a_only,27.712598715996137,0.02148751036697441,0.0,0.5,0.1,0.1,0.09579699486494064,0.0006995905420219524,0.0931396484375,0.0985107421875,16384,0.28578836913453204,1302123.0,1.266291,0.6640161,-0.19716855965215657,0.1375146696246732,0.9706772247882974,0.7680922,0.0001299327,0.8412391697313467,0.0958620542455054,0.0001267607018036072,0.00266487677188125,0.02461442610756627,1.4300640495223202,1.7692652686924502
path_a_only,27.833068556996295,0.04992797963362559,0.0,0.5,0.1,0.1,0.09591560065746307,0.0007002213976360822,0.0936279296875,0.0987548828125,16384,0.4147780217643198,1302247.0,1.257384,0.6620805,-0.19772958042602187,0.14320813205880817,0.9697393690764423,0.7690358,0.0001289811,0.7423798541419933,0.0958620542455054,0.0001267607018036072,0.00266487677188125,0.02461442610756627,1.4241791017752963,1.7698375560116504
path_a_only,27.950876760995016,0.08462866392900642,0.0,0.5,0.1,0.1,0.09589921683073044,0.0006903670523467335,0.09326171875,0.0985107421875,16384,0.3969598016416423,1302371.0,1.332575,0.672264,-0.19935796333180097,0.10288818025418171,0.9745103513150485,0.7694637,0.0001286169,0.7045440378981487,0.0958620542455054,0.0001267607018036072,0.00266487677188125,0.02461442610756627,1.4656066604284668,1.7714990154260486
path_a_only,28.07162041599804,0.12231084801116858,0.0,0.5,0.1,0.1,0.09596753120422363,0.0006871052616783315,0.0933837890625,0.0989990234375,16384,0.4712550541677133,1302495.0,1.241279,0.6621308,-0.19293795528738195,0.14944187955312135,0.9697639249039709,0.7700331,0.0001284925,0.6916204367429198,0.0958620542455054,0.0001267607018036072,0.00266487677188125,0.02461442610756627,1.4178977631231184,1.764951810568667
path_a_only,28.191604619998543,0.15662455830739658,0.0,0.5,0.1,0.1,0.09598497301340103,0.0006912011855527793,0.0936279296875,0.0989990234375,16384,0.4902238824110912,1302595.0,1.159081,0.6448688,-0.18853288607752347,0.2034480909005903,0.960762314610739,0.7698267,0.0001277648,0.6160215254835957,0.0958620542455054,0.0001267607018036072,0.00266487677188125,0.02461442610756627,1.3621219939659532,1.7604643541957634
path_a_only,28.314649718995497,0.18352026886256229,0.0,0.5,0.1,0.1,0.09586784243583679,0.0006927524850922941,0.0933837890625,0.0987548828125,16384,0.36283859885101244,1302719.0,1.061035,0.6183576,-0.17174569777917403,0.27932532483332295,0.9447120080750023,0.7744698,0.0001270993,0.5468844148018873,0.0958620542455054,0.0001267607018036072,0.00266487677188125,0.02461442610756627,1.283314464622455,1.743397750997838
path_a_only,28.432795884997176,0.19777951594348858,0.0,0.5,0.1,0.1,0.09585633128881454,0.0006689446367325482,0.0936279296875,0.098876953125,16384,0.3503196583828284,1302844.0,0.9514412,0.5432394,-0.15179443484542612,0.44016586083804815,0.8849929177697738,0.7797786,0.0001257594,0.40768559496353585,0.0958620542455054,0.0001267607018036072,0.00266487677188125,0.02461442610756627,1.1092577084079753,1.7231798199386905
path_a_only,28.553313015996537,0.19860066797102838,0.0,0.5,0.1,0.1,0.09584316611289978,0.000679066281853494,0.093505859375,0.0985107421875,16384,0.33600187986678876,1302968.0,0.9224016,0.5180081,-0.13790720747833615,0.49063900980488406,0.8603807088627743,0.7892878,0.0001254885,0.37954247958611226,0.0958620542455054,0.0001267607018036072,0.00266487677188125,0.02461442610756627,1.0525330641293387,1.7091444472756452
path_a_only,28.674550755000382,0.18533767405522977,0.0,0.5,0.1,0.1,0.09580405801534653,0.000708740926119555,0.09326171875,0.098876953125,16384,0.2934698937713207,1303092.0,0.9030626,0.4978991,-0.12680167971659118,0.5288439314073053,0.8391933211332872,0.7928652,0.0001246096,0.28823578299985353,0.0958620542455054,0.0001267607018036072,0.00266487677188125,0.02461442610756627,1.0084798117973417,1.6979402892023352
path_a_only,28.791913474997273,0.16081461027146654,0.0,0.5,0.1,0.1,0.09584148228168488,0.0006948892380389663,0.0933837890625,0.0986328125,16384,0.33417063032257543,1303191.0,0.9084106,0.5177268,-0.12424382263874732,0.49477475128769305,0.860093842568538,0.7937811,0.0001241899,0.24463421222132312,0.0958620542455054,0.0001267607018036072,0.00266487677188125,0.02461442610756627,1.0487691465197644,1.695362039336781
path_a_only,28.910109284995997,0.1278661392988959,0.0,0.5,0.1,0.1,0.09583696722984314,0.0006935105149591405,0.093505859375,0.098876953125,16384,0.32926028862437506,1303315.0,0.9216112,0.5228576,-0.13487968427929678,0.4827963559964473,0.8652832769707669,0.7854433,0.0001261494,0.448201707909991,0.0958620542455054,0.0001267607018036072,0.00266487677188125,0.02461442610756627,1.0618597848082896,1.7060883629504895
path_a_only,29.030840225997963,0.09032640846221651,0.0,0.5,0.1,0.1,0.09583640098571777,0.000702635975552898,0.0933837890625,0.0986328125,16384,0.3286444701935777,1303439.0,0.984822,0.5746947,-0.1588552576900033,0.3769384198552096,0.9125143476906543,0.7766745,0.0001268895,0.5250888237860744,0.0958620542455054,0.0001267607018036072,0.00266487677188125,0.02461442610756627,1.1790680035874086,1.7303274059769411
path_a_only,29.151613957001246,0.05414975999725871,0.0,0.5,0.1,0.1,0.09583255648612976,0.000706381371533237,0.0933837890625,0.0985107421875,16384,0.3244633871634269,1303564.0,0.9642712,0.558408,-0.15356303002132346,0.4107811143995668,0.8987086690709732,0.7805954,0.0001268383,0.5197697853684878,0.0958620542455054,0.0001267607018036072,0.00266487677188125,0.02461442610756627,1.142070885282756,1.7249693965882278
path_a_only,29.273519315996964,0.024262329183651607,0.0,0.5,0.1,0.1,0.0957849994301796,0.0007065140326153318,0.0931396484375,0.0987548828125,16384,0.2727427418505344,1303689.0,1.032344,0.6025856,-0.16949076855479364,0.31480604723073247,0.9339004400907343,0.774163,0.0001274258,0.5808036734609069,0.0958620542455054,0.0001267607018036072,0.00266487677188125,0.02461442610756627,1.2456709491005817,1.7411092656584655
path_a_only,29.393734853998467,0.005520954408770512,0.0,0.5,0.1,0.1,0.09586157649755478,0.0007007317601735147,0.093017578125,0.0986328125,16384,0.35602408174179384,1303814.0,1.329732,0.670461,-0.20188193621288192,0.10564874272462434,0.9736950379824496,0.7701624,0.0001287076,0.7139666313449273,0.0958620542455054,0.0001267607018036072,0.00266487677188125,0.02461442610756627,1.4627162338255717,1.7740753685520847
path_a_only,29.510790570995596,5.74535689896738e-05,0.0,0.5,0.1,0.1,0.09582837671041489,0.0006995627693328298,0.0931396484375,0.098876953125,16384,0.3199176747992513,1303913.0,1.057637,0.6108585,-0.17716319952504264,0.29257416457041363,0.9396880115016762,0.7738442,0.0001281998,0.6612125745392605,0.0958620542455054,0.0001267607018036072,0.00266487677188125,0.02461442610756627,1.268957254554362,1.7488996301877928
path_a_only,29.62643190399831,0.007785129530372803,0.0,0.5,0.1,0.1,0.09584218263626099,0.0007015094442344379,0.0933837890625,0.0994873046875,16384,0.33493230048698275,1304038.0,1.11325,0.630582,-0.185785975532564,0.2415177466494961,0.9524456673998593,0.7701427,0.000128972,0.741434478173244,0.0958620542455054,0.0001267607018036072,0.00266487677188125,0.02461442610756627,1.3224544798934055,1.7576680303616596
path_a_only,29.74555590900127,0.028309016646985347,0.0,0.5,0.1,0.1,0.09587253630161285,0.0007132832402742719,0.0933837890625,0.09912109375,16384,0.3679434095273594,1304163.0,1.041031,0.6043188,-0.1733493681607207,0.3089887739232792,0.9351341797558613,0.7737863,0.0001271533,0.5524943381329334,0.0958620542455054,0.0001267607018036072,0.00266487677188125,0.02461442610756627,1.2516683841506673,1.7450258409813606
path_a_only,29.862555403000442,0.05814983344458106,0.0,0.5,0.1,0.1,0.09593378007411957,0.0007066514599693604,0.0931396484375,0.09912109375,16384,0.4345490345425522,1304264.0,1.148331,0.6437893,-0.1854919619316266,0.20900514124538233,0.9601612276028197,0.769912,0.0001287942,0.7229632861684212,0.0958620542455054,0.0001267607018036072,0.00266487677188125,0.02461442610756627,1.3564627311690032,1.757368815818309
path_a_only,29.983162111995625,0.09471268808416439,0.0,0.5,0.1,0.1,0.09586825966835022,0.0007102325245385025,0.0928955078125,0.098876953125,16384,0.36329235980002106,1304391.0,1.262978,0.6642719,-0.19584761428844882,0.1385312871922662,0.9708000795459263,0.7701654,0.0001285299,0.6955058280870174,0.0958620542455054,0.0001267607018036072,0.00266487677188125,0.02461442610756627,1.4290551776761813,1.767918055529182
path_a_only,30.104381357996317,0.13220780706661345,0.0,0.5,0.1,0.1,0.09581121057271957,0.0007055101635140603,0.09326171875,0.0986328125,16384,0.3012486528971826,1304516.0,0.9684716,0.560587,-0.1556047614532951,0.40581574782882446,0.9006113129575906,0.7799843,0.0001270302,0.539705790687527,0.0958620542455054,0.0001267607018036072,0.00266487677188125,0.02461442610756627,1.147443284359916,1.7270359693058113
path_a_only,30.224526794998383,0.1648316898389863,0.0,0.5,0.1,0.1,0.09583065658807755,0.0007094838309983293,0.093505859375,0.098876953125,16384,0.32239715427061977,1304641.0,0.9630844,0.5611771,-0.15085346231204194,0.40647193675714555,0.9011236305509719,0.7826839,0.0001261599,0.4492925263354728,0.0958620542455054,0.0001267607018036072,0.00266487677188125,0.02461442610756627,1.1470510070630278,1.7222278850996235
path_a_only,30.34921636299987,0.18898861604208714,0.0,0.5,0.1,0.1,0.09584543853998184,0.0006856609498315252,0.0933837890625,0.0987548828125,16384,0.3384732564640678,1304766.0,1.016456,0.5939175,-0.16659762163866976,0.3344752503563203,0.927562148518047,0.7768544,0.0001262623,0.4599306031706457,0.0958620542455054,0.0001267607018036072,0.00266487677188125,0.02461442610756627,1.2247131785061658,1.7381743819899234
path_a_only,30.47059150000132,0.1995735122582034,0.0,0.5,0.1,0.1,0.09582781046628952,0.0006968674360631473,0.093017578125,0.0987548828125,16384,0.3193018563684539,1304891.0,1.034378,0.6053821,-0.16827250756762768,0.3095200854847984,0.935885505752913,0.7747212,0.0001264335,0.4777161378794487,0.0958620542455054,0.0001267607018036072,0.00266487677188125,0.02461442610756627,1.2513957309498416,1.7398732508895174
path_a_only,30.58893701100169,0.1961220014077048,0.0,0.5,0.1,0.1,0.09582478553056717,0.0006759504803396073,0.0933837890625,0.0986328125,16384,0.31601208948814147,1305016.0,1.055077,0.6079115,-0.17850433771869176,0.2982245420216814,0.9376557598349031,0.7705907,0.000127325,0.5703318165762838,0.0958620542455054,0.0001267607018036072,0.00266487677188125,0.02461442610756627,1.262860221001314,1.7502624917700653
path_a_only,30.71452580999903,0.17813609723899482,0.0,0.5,0.1,0.1,0.09579862654209137,0.000692744359571433,0.0931396484375,0.0987548828125,16384,0.2875628985601193,1305140.0,1.129954,0.6418877,-0.1800072839261182,0.21849687066597348,0.959091494719205,0.7712015,0.000127585,0.5973425585405883,0.0958620542455054,0.0001267607018036072,0.00266487677188125,0.02461442610756627,1.346802718491415,1.7517901829192533
path_a_only,30.83654257699527,0.14912433495992905,0.0,0.5,0.1,0.1,0.09587728977203369,0.0006937848639625114,0.09326171875,0.0992431640625,16384,0.37311304319642175,1305240.0,1.153596,0.6451473,-0.18593031759362724,0.20510749639151984,0.9609166623196497,0.7707126,0.0001273665,0.5746431465436636,0.0958620542455054,0.0001267607018036072,0.00266487677188125,0.02461442610756627,1.3605023190326646,1.7578149319499063
path_a_only,30.958187199998065,0.113098134227075,0.0,0.5,0.1,0.1,0.09579681605100632,0.0006937293858275651,0.0933837890625,0.098876953125,16384,0.28559390015638547,1305365.0,0.9978806,0.5841437,-0.16150505446696917,0.3568850440032988,0.9200810740083641,0.7768428,0.0001269898,0.5355087369361498,0.0958620542455054,0.0001267607018036072,0.00266487677188125,0.02461442610756627,1.2007779143321997,1.7330118659058342
path_a_only,31.082259542999964,0.07444408869866578,0.0,0.5,0.1,0.1,0.09578752517700195,0.000700215031539952,0.093017578125,0.0987548828125,16384,0.27548961616685436,1305489.0,1.005203,0.5918485,-0.16066050768371623,0.34161007227938045,0.9260079696136999,0.77929,0.0001265848,0.4934343119532933,0.0958620542455054,0.0001267607018036072,0.00266487677188125,0.02461442610756627,1.2173788483854686,1.732156144137547
path_a_only,31.199345087996335,0.041388051618757186,0.0,0.5,0.1,0.1,0.0957915335893631,0.0007047996013335925,0.0933837890625,0.0985107421875,16384,0.2798489624269728,1305614.0,1.092149,0.6257247,-0.18074974207665545,0.2566943350845476,0.9494406506331634,0.7727971,0.0001283997,0.6819796796110466,0.0958620542455054,0.0001267607018036072,0.00266487677188125,0.02461442610756627,1.3067454886150198,1.7525450225183756
path_a_only,31.319370491997688,0.015673340694007498,0.0,0.5,0.1,0.1,0.09576760977506638,0.0006928986464170261,0.09326171875,0.0989990234375,16384,0.2538306337257825,1305739.0,1.019793,0.5958252,-0.16722600382706,0.3301963021265143,0.9289810900691186,0.776906,0.0001272214,0.5595690747782013,0.0958620542455054,0.0001267607018036072,0.00266487677188125,0.02461442610756627,1.2292841303780193,1.7388117046615446
path_a_only,31.4426953459988,0.0016161298943530994,0.0,0.5,0.1,0.1,0.09595315903425217,0.0006973940684878526,0.093505859375,0.0987548828125,16384,0.4556246100491844,1305863.0,1.296284,0.6668953,-0.20028648979050273,0.12252807168995454,0.9720453660479742,0.7699996,0.0001290857,0.7532464834091709,0.0958620542455054,0.0001267607018036072,0.00266487677188125,0.02461442610756627,1.4454058445387536,1.7724466537338601
path_a_only,31.566821289998188,0.0021953510582381763,0.0,0.5,0.1,0.1,0.09590064734220505,0.0007006991646687467,0.0927734375,0.0987548828125,16384,0.39851555346681466,1305988.0,1.122009,0.6310858,-0.1893896935929161,0.23747583855859195,0.9527522081116763,0.7699421,0.0001287811,0.7216023603232972,0.0958620542455054,0.0001267607018036072,0.00266487677188125,0.02461442610756627,1.3265213475494333,1.7613368807104801
path_a_only,31.689592520997394,0.017220056210329335,0.0,0.5,0.1,0.1,0.09582076966762543,0.0007106905298530892,0.093505859375,0.098876953125,16384,0.3116446403539335,1306113.0,0.9971676,0.5818529,-0.16272677828857762,0.3609541934897702,0.9182766826125826,0.7796729,0.0001275222,0.5908184254815175,0.0958620542455054,0.0001267607018036072,0.00266487677188125,0.02461442610756627,1.1962715557974466,1.73424996776848
path_a_only,31.809546669996053,0.04367392824463543,0.0,0.5,0.1,0.1,0.09583516418933868,0.0006994060003185078,0.0933837890625,0.0994873046875,16384,0.3272993930947307,1306212.0,0.947939,0.5446462,-0.1479117743860538,0.43885693960320216,0.8862994378651498,0.7849535,0.0001267573,0.511354900371916,0.0958620542455054,0.0001267607018036072,0.00266487677188125,0.02461442610756627,1.1110310090272213,1.7192528141309498
path_a_only,31.927634289997513,0.07746097418361862,0.0,0.5,0.1,0.1,0.09588586539030075,0.0006980360859117228,0.093505859375,0.0987548828125,16384,0.38243945127336665,1306337.0,0.9438246,0.5448482,-0.1441839645854351,0.4397189275163339,0.8864864630327477,0.7851303,0.0001267202,0.5075006752685487,0.0958620542455054,0.0001267607018036072,0.00266487677188125,0.02461442610756627,1.1103342423155373,1.715484597367398
path_a_only,32.04866786099592,0.11522995938241706,0.0,0.5,0.1,0.1,0.09583096206188202,0.000694484099702664,0.0931396484375,0.098876953125,16384,0.3227293721082868,1306461.0,0.9184354,0.512292,-0.13658850046269672,0.501175077539925,0.8544981703866908,0.7908452,0.0001264089,0.4751605061397506,0.0958620542455054,0.0001267607018036072,0.00266487677188125,0.02461442610756627,1.040352077884723,1.7078131416613351
path_a_only,32.1686296869957,0.15053312457100426,0.0,0.5,0.1,0.1,0.09583154320716858,0.0007139331633683524,0.093505859375,0.0989990234375,16384,0.32336139628726307,1306586.0,0.875505,0.4557342,-0.10979974696000828,0.6026652093589546,0.7904041124613697,0.8052141,0.000124882,0.31653472958091705,0.0958620542455054,0.0001267607018036072,0.00266487677188125,0.02461442610756627,0.9193574411888452,1.68081790334987
path_a_only,32.288264710994554,0.17868019809617647,0.0,0.5,0.1,0.1,0.09584902971982956,0.0006960832124078131,0.0933837890625,0.0985107421875,16384,0.34237884177517763,1306711.0,0.869118,0.4330218,-0.10796887763242971,0.6387851689566811,0.7617717698784707,0.8094002,0.0001244044,0.26691807434187304,0.0958620542455054,0.0001267607018036072,0.00266487677188125,0.02461442610756627,0.872986131496357,1.6789760830798213
path_a_only,32.40766348499892,0.19582199330393002,0.0,0.5,0.1,0.1,0.0959518775343895,0.0007040956317796033,0.0933837890625,0.0986328125,16384,0.4542309157058009,1306836.0,0.8401664,0.3866199,-0.07823328580699422,0.7113625785852901,0.6984574681255318,0.8281793,0.0001226986,0.08970682956221986,0.0958620542455054,0.0001267607018036072,0.00266487677188125,0.02461442610756627,0.776244690182895,1.6491096369816562
path_a_only,32.53074257999833,0.19953397119406077,0.0,0.5,0.1,0.1,0.09607824683189392,0.0007032626773480618,0.0936279296875,0.0987548828125,16384,0.5916637631367846,1306935.0,0.8315574,0.3735438,-0.06763521551099452,0.7305467585525521,0.6795049015210564,0.8354991,0.0001222835,0.04658314114151626,0.0958620542455054,0.0001267607018036072,0.00266487677188125,0.02461442610756627,0.749215389402567,1.6384832152150264
path_a_only,32.65083598199999,0.18898111306703716,0.0,0.5,0.1,0.1,0.09613823890686035,0.0006945695471274295,0.0931396484375,0.09912109375,16384,0.6569081053049517,1307060.0,0.8236025,0.3454448,-0.058829311234983014,0.7684308174906024,0.637223030712436,0.8450646,0.0001219909,0.016185667684764145,0.0958620542455054,0.0001267607018036072,0.00266487677188125,0.02461442610756627,0.6923249646022089,1.6296596245953736
path_a_only,32.76895198599959,0.1663777967019135,0.0,0.5,0.1,0.1,0.09613943099975586,0.0006476394839809849,0.0936279296875,0.099365234375,16384,0.658204565159262,1307184.0,0.8398448,0.3909374,-0.07711737201654745,0.7053908456814677,0.7046110031514163,0.8315203,0.0001223107,0.049408880300859416,0.0958620542455054,0.0001267607018036072,0.00266487677188125,0.02461442610756627,0.7848450843705095,1.6479903414126282
path_a_only,32.88755541199498,0.13459537296881982,0.0,0.5,0.1,0.1,0.09597153216600418,0.0006892905260159324,0.0936279296875,0.098876953125,16384,0.4756062975537423,1307308.0,0.8674822,0.4475118,-0.10222656072273852,0.6170903376244681,0.7802238431971432,0.8107044,0.0001234384,0.16656277919757295,0.0958620542455054,0.0001267607018036072,0.00266487677188125,0.02461442610756627,0.901619938614072,1.6732017792498466
path_a_only,33.01168924100057,0.09632854196540058,0.0,0.5,0.1,0.1,0.0959758311510086,0.000694309492024241,0.0936279296875,0.0994873046875,16384,0.4802816559033489,1307433.0,0.8559114,0.4126315,-0.09535045079579958,0.6716291216973768,0.7347262173225126,0.8162416,0.0001237483,0.19875750586964125,0.0958620542455054,0.0001267607018036072,0.00266487677188125,0.02461442610756627,0.8302337808707332,1.6662918550122054
path_a_only,33.134823353000684,0.058899149064194696,0.0,0.5,0.1,0.1,0.0962015688419342,0.0006974994559167428,0.09375,0.099365234375,16384,0.7257825350651876,1307558.0,0.8212551,0.3402046,-0.05569652581406962,0.7753173884103287,0.6291111541220917,0.850352,0.0001221144,0.029015770117807937,0.0958620542455054,0.0001267607018036072,0.00266487677188125,0.02461442610756627,0.6816680953584418,1.6265216889409584
path_a_only,33.25546163399849,0.028086519914495525,0.0,0.5,0.1,0.1,0.09624316543340683,0.000698948546689166,0.09375,0.09912109375,16384,0.7710208811065284,1307657.0,0.823066,0.3500182,-0.05756364831023082,0.762649413064743,0.6442455270665207,0.8470978,0.0001221722,0.035020465831411454,0.0958620542455054,0.0001267607018036072,0.00266487677188125,0.02461442610756627,0.7014362991210539,1.6283918128324644
path_a_only,33.37362651099829,0.007778032026582088,0.0,0.5,0.1,0.1,0.09602507948875427,0.000697396447547682,0.0936279296875,0.0987548828125,16384,0.5338416536345442,1307782.0,0.860258,0.4238862,-0.09869309560737556,0.6542530781792198,0.7498083638987025,0.8186499,0.000124397,0.266149307070581,0.0958620542455054,0.0001267607018036072,0.00266487677188125,0.02461442610756627,0.853349725040434,1.6696503459290817
path_a_only,33.49164842799655,3.441765645778583e-05,0.0,0.5,0.1,0.1,0.09587974846363068,0.0006959469296204056,0.093505859375,0.0987548828125,16384,0.3757869916459368,1307907.0,0.92937,0.5296126,-0.1390223620551178,0.46939308331203927,0.8719764424498133,0.7921067,0.0001261892,0.4523364291799134,0.0958620542455054,0.0001267607018036072,0.00266487677188125,0.02461442610756627,1.0769729362313978,1.7102704482795903
path_a_only,33.6093598869993,0.005843994072126574,0.0,0.5,0.1,0.1,0.09588503837585449,0.0007020354391377107,0.0933837890625,0.0989990234375,16384,0.3815400322494389,1308032.0,1.057209,0.6159631,-0.17194144515042348,0.2845001176427766,0.9431308618112495,0.7762126,0.0001288022,0.7237943859211708,0.0958620542455054,0.0001267607018036072,0.00266487677188125,0.02461442610756627,1.2778218980027063,1.743596454229132
path_a_only,33.733864429996174,0.02579726457154946,0.0,0.5,0.1,0.1,0.0958663821220398,0.0007090302957126917,0.0933837890625,0.098876953125,16384,0.3612504355294823,1308156.0,1.089828,0.6230388,-0.18247059192131504,0.2617105731149794,0.9477405019327357,0.7714042,0.0001291997,0.765089654885828,0.0958620542455054,0.0001267607018036072,0.00266487677188125,0.02461442610756627,1.3013690949002434,1.7542949732262156
path_a_only,33.85351401299704,0.0555873318032211,0.0,0.5,0.1,0.1,0.0958757996559143,0.0007122998328224185,0.0931396484375,0.0989990234375,16384,0.3714924683785339,1308281.0,1.088143,0.6218308,-0.18289030150292138,0.2642059231885871,0.9469669306624371,0.7713907,0.0001292542,0.7707515219514216,0.0958620542455054,0.0001267607018036072,0.00266487677188125,0.02461442610756627,1.2987130579944424,1.7547218664240054
path_a_only,33.97763257599581,0.09297884798724732,0.0,0.5,0.1,0.1,0.09587948769330978,0.0007045258995998848,0.0933837890625,0.099609375,16384,0.37550339105280645,1308381.0,1.123566,0.6312392,-0.1899453000949087,0.23665695757925745,0.9528453533502614,0.7700773,0.0001293598,0.7817220386876944,0.0958620542455054,0.0001267607018036072,0.00266487677188125,0.02461442610756627,1.3273535972670238,1.7619027588254168
path_a_only,34.10037248899607,0.13101297171422957,0.0,0.5,0.1,0.1,0.09592686593532562,0.0006964529119875432,0.0936279296875,0.09912109375,16384,0.4270295673875524,1308506.0,1.200748,0.654761,-0.19073833611237512,0.1741949871399692,0.9660615889229778,0.7730204,0.0001288867,0.73257287705957,0.0958620542455054,0.0001267607018036072,0.00266487677188125,0.02461442610756627,1.3923987003340859,1.7627105632457194
path_a_only,34.21902835500077,0.16350690221684427,0.0,0.5,0.1,0.1,0.09599384665489197,0.000690465663713102,0.0936279296875,0.098876953125,16384,0.4998744054516137,1308630.0,1.356616,0.6735206,-0.2018442288235502,0.09216981699925021,0.9750710908056658,0.7707389,0.0001295813,0.8047331130918988,0.0958620542455054,0.0001267607018036072,0.00266487677188125,0.02461442610756627,1.476550111006791,1.7740368685930117
path_a_only,34.335674920999736,0.18696800953810522,0.0,0.5,0.1,0.1,0.09599954634904861,0.0007093771211458171,0.09375,0.09912109375,16384,0.5060731041300349,1308755.0,1.406386,0.6759076,-0.2055965676766404,0.07015112947579619,0.9761192910668525,0.7703051,0.000129529,0.79929979845831,0.0958620542455054,0.0001267607018036072,0.00266487677188125,0.02461442610756627,1.4990523012008925,1.7778695855241304
path_a_only,34.455508038001426,0.19902472818359992,0.0,0.5,0.1,0.1,0.09604349732398987,0.0006979253767996304,0.09326171875,0.0987548828125,16384,0.5538719583836387,1308879.0,1.539666,0.68033,-0.20818906606268422,0.012978761902004851,0.978002486965876,0.7707808,0.0001291399,0.758877184234037,0.0958620542455054,0.0001267607018036072,0.00266487677188125,0.02461442610756627,1.5575264218055693,1.7805194175575918
path_a_only,34.57362292199832,0.19733707533106853,0.0,0.5,0.1,0.1,0.09612055122852325,0.0007028340152899905,0.093505859375,0.09912109375,16384,0.6376718822166222,1308979.0,-1.499683,0.677194,-0.21255502195142617,-0.030436494177790572,0.9766749625465957,0.7736969,0.0001291724,0.7622535269795748,0.0958620542455054,0.0001267607018036072,0.00266487677188125,0.02461442610756627,1.6019496257092385,1.7849853181790454
path_a_only,34.69487806799589,0.18183699193014935,0.0,0.5,0.1,0.1,0.09616950154304504,0.0006997698203112998,0.093505859375,0.0989990234375,16384,0.6909077649842399,1309103.0,-1.510245,0.678929,-0.20978497564923393,-0.025530448030165628,0.9774141702549791,0.7723784,0.0001287487,0.7182364063246696,0.0958620542455054,0.0001267607018036072,0.00266487677188125,0.02461442610756627,1.596910787704596,1.7821513632950894
path_a_only,34.81381262499781,0.15521367602394037,0.0,0.5,0.1,0.1,0.09609464555978775,0.0006897766711628391,0.0938720703125,0.0987548828125,16384,0.609498189007641,1309227.0,1.245391,0.6632537,-0.19242722016769434,0.1465303122809018,0.9703095549985041,0.7686998,0.000128133,0.6542728916038151,0.0958620542455054,0.0001267607018036072,0.00266487677188125,0.02461442610756627,1.420914854934173,1.7644313220804448
path_a_only,34.931582555000205,0.12132885578451211,0.0,0.5,0.1,0.1,0.09588062763214111,0.0006479706329193193,0.0936279296875,0.0985107421875,16384,0.3767431307884907,1309352.0,1.000248,0.5873958,-0.16069649856721457,0.35066850232535973,0.922609471458605,0.7769149,0.0001261671,0.4500405161129475,0.0958620542455054,0.0001267607018036072,0.00266487677188125,0.02461442610756627,1.2075764824617155,1.7321926088139663
path_a_only,35.05419297800108,0.08305690311635765,0.0,0.5,0.1,0.1,0.09584616124629974,0.0006947782070639148,0.0933837890625,0.098388671875,16384,0.3392592352507434,1309476.0,0.9512154,0.5507224,-0.1472664636377212,0.42766241890698614,0.8918617853357466,0.78285,0.0001256641,0.39778511915892756,0.0958620542455054,0.0001267607018036072,0.00266487677188125,0.02461442610756627,1.123669408250045,1.7186003581693372
path_a_only,35.17476617999637,0.0478127897697924,0.0,0.5,0.1,0.1,0.09581823647022247,0.0006951355287212743,0.0931396484375,0.098876953125,16384,0.3088896631635241,1309576.0,0.9177522,0.5126315,-0.13575173882285765,0.5008011335030718,0.8548506829198941,0.7881854,0.0001254153,0.3719379168484699,0.0958620542455054,0.0001267607018036072,0.00266487677188125,0.02461442610756627,1.040857657600701,1.7069685126723242
path_a_only,35.293192174998694,0.020373827701409192,0.0,0.5,0.1,0.1,0.09592538326978683,0.0007007842045630621,0.0931396484375,0.0992431640625,16384,0.4254170954437539,1309700.0,0.8827092,0.4688621,-0.11441763644183683,0.580454959843958,0.8062137706983259,0.8000193,0.0001246887,0.2964532818051481,0.0958620542455054,0.0001267607018036072,0.00266487677188125,0.02461442610756627,0.946788758189256,1.6854650932628852
path_a_only,35.41058401799819,0.003919605292791062,0.0,0.5,0.1,0.1,0.09598838537931442,0.0007044057665392605,0.093505859375,0.098876953125,16384,0.4939349987440545,1309825.0,0.8651838,0.4468958,-0.09954150983374668,0.6185022861427133,0.77945263477408,0.8103915,0.0001242329,0.24910137339234262,0.0958620542455054,0.0001267607018036072,0.00266487677188125,0.02461442610756627,0.9000261731600441,1.6705029586549631
path_a_only,35.52862094499869,0.00040396623862255787,0.0,0.5,0.1,0.1,0.095889613032341,0.0007054853179257438,0.093505859375,0.0992431640625,16384,0.38651519694035474,1309950.0,0.8871738,0.4708422,-0.1189496552051886,0.5762787876111414,0.808550393281705,0.7976772,0.0001259244,0.4248270273639593,0.0958620542455054,0.0001267607018036072,0.00266487677188125,0.02461442610756627,0.9515771880593391,1.690028286688367
path_a_only,35.64971409999998,0.010858606947187724,0.0,0.5,0.1,0.1,0.09586966782808304,0.000704276944725414,0.0933837890625,0.0986328125,16384,0.36482380300292516,1310074.0,0.8763282,0.4568277,-0.11047892513845227,0.6007820716666366,0.791741946257868,0.8053121,0.000125564,0.38738598350266945,0.0958620542455054,0.0001267607018036072,0.00266487677188125,0.02461442610756627,0.921680327361706,1.681501238848071
path_a_only,35.77023788099905,0.03392488961982358,0.0,0.5,0.1,0.1,0.09584970027208328,0.000696908722600642,0.093505859375,0.0986328125,16384,0.3431081004432272,1310174.0,0.8737356,0.4464173,-0.11023610373835642,0.6174434290547266,0.7788527546011037,0.8078974,0.0001257004,0.4015562342870199,0.0958620542455054,0.0001267607018036072,0.00266487677188125,0.02461442610756627,0.9004855421138132,1.6812569251684977
path_a_only,35.889643538997916,0.06602086420931677,0.0,0.5,0.1,0.1,0.09569897502660751,0.0006994991870810094,0.093017578125,0.0986328125,16384,0.17918695761386563,1310298.0,0.938208,0.5352898,-0.14430878876433256,0.45739065932023315,0.8774786369205655,0.7872333,0.0001267134,0.5067942404787142,0.0958620542455054,0.0001267607018036072,0.00266487677188125,0.02461442610756627,1.090289187363882,1.7156107407788437
path_a_only,36.01145980699948,0.10359942686595873,0.0,0.5,0.1,0.1,0.09573423862457275,0.0007078072924330764,0.0933837890625,0.0986328125,16384,0.2175378606791829,1310423.0,0.9247786,0.5151504,-0.1415889400244821,0.4946974220296443,0.8574538079103547,0.7898365,0.0001263097,0.46485486920567753,0.0958620542455054,0.0001267607018036072,0.00266487677188125,0.02461442610756627,1.047507038409286,1.7128626686359192
path_a_only,36.129643731001124,0.13961204433265348,0.0,0.5,0.1,0.1,0.095722496509552,0.0006992386668090629,0.093505859375,0.0987548828125,16384,0.20476773111422622,1310547.0,0.9339194,0.5269075,-0.1446661595978812,0.47261282863918697,0.8693151422084323,0.7866575,0.0001263515,0.46919736541378454,0.0958620542455054,0.0001267607018036072,0.00266487677188125,0.02461442610756627,1.0728328547304509,1.715971901406741
path_a_only,36.25580407599773,0.1719881935558918,0.0,0.5,0.1,0.1,0.09571480751037598,0.0007035104483786788,0.0931396484375,0.0987548828125,16384,0.19640556505392462,1310671.0,0.9907494,0.5784954,-0.16053845227102634,0.3686584459695586,0.915597267120066,0.7792008,0.0001268205,0.5179205884186241,0.0958620542455054,0.0001267607018036072,0.00266487677188125,0.02461442610756627,1.1880139412968909,1.7320324835684036
path_a_only,36.37603235399729,0.1925115803972821,0.0,0.5,0.1,0.1,0.09574881196022034,0.0006994477797032254,0.09326171875,0.0986328125,16384,0.2333870823981266,1310796.0,0.9747246,0.565427,-0.15743737093084895,0.39571890689356515,0.9047762270093883,0.7801185,0.0001268209,0.5179621434062616,0.0958620542455054,0.0001267607018036072,0.00266487677188125,0.02461442610756627,1.158497854822496,1.7288914485520575
path_a_only,36.49661047599511,0.19999433052200624,0.0,0.5,0.1,0.1,0.09574656188488007,0.000705752167165458,0.0931396484375,0.0986328125,16384,0.23094001442311587,1310920.0,1.018268,0.5958428,-0.16620344365359602,0.3306755873870656,0.9289941179705634,0.7762309,0.0001277091,0.6102349934550897,0.0958620542455054,0.0001267607018036072,0.00266487677188125,0.02461442610756627,1.2288305791468348,1.7377746307684512
path_a_only,36.617439998997725,0.19327070189481474,0.0,0.5,0.1,0.1,0.09577232599258423,0.0007041299066724696,0.0933837890625,0.0985107421875,16384,0.2589597530243978,1311020.0,1.071892,0.620757,-0.17531016104895525,0.2717179073752428,0.9462746568753748,0.7725182,0.0001275782,0.5966361237507538,0.0958620542455054,0.0001267607018036072,0.00266487677188125,0.02461442610756627,1.2911745583306526,1.7470171261209746
path_a_only,36.73975582199637,0.1729493534327266,0.0,0.5,0.1,0.1,0.0958840623497963,0.000704836184639977,0.093505859375,0.09912109375,16384,0.3804785557437223,1311144.0,1.210118,0.6582658,-0.18887939949580776,0.1661139576691523,0.9678485033896546,0.7708072,0.0001280653,0.6472397099461874,0.0958620542455054,0.0001267607018036072,0.00266487677188125,0.02461442610756627,1.4008202545827686,1.7608172071126647
path_a_only,36.8628544289968,0.1417648286643752,0.0,0.5,0.1,0.1,0.09601987898349762,0.000688137053867511,0.0936279296875,0.09912109375,16384,0.5281858475201154,1311269.0,1.480331,0.6812576,-0.20340316452569804,0.03720877732433422,0.9783877858758049,0.7701458,0.0001287815,0.7216439153109346,0.0958620542455054,0.0001267607018036072,0.00266487677188125,0.02461442610756627,1.5327839408752677,1.7756288269896947
path_a_only,36.983428514999105,0.10520373416849542,0.0,0.5,0.1,0.1,0.0961071252822876,0.0006865447416641716,0.09375,0.09912109375,16384,0.6230705031074523,1311395.0,1.477589,0.6819719,-0.20182233786395554,0.03806458622800316,0.9786821911194759,0.7706485,0.0001287554,0.7189324523675966,0.0958620542455054,0.0001267607018036072,0.00266487677188125,0.02461442610756627,1.5319222057832436,1.7740145176485762
path_a_only,37.101493176000076,0.06865250626626185,0.0,0.5,0.1,0.1,0.09595165401697159,0.0006590502455278643,0.0936279296875,0.0986328125,16384,0.45398782948311767,1311523.0,1.209119,0.6583491,-0.18842625793027018,0.16638427698724284,0.9678903954962192,0.7700369,0.0001279437,0.6346069937044209,0.0958620542455054,0.0001267607018036072,0.00266487677188125,0.02461442610756627,1.4005561871506123,1.760355780086691
path_a_only,37.22365035399707,0.03537819300287061,0.0,0.5,0.1,0.1,0.09592153877019882,0.0006888521454592647,0.0936279296875,0.0986328125,16384,0.4212360124136031,1311625.0,1.181882,0.6543932,-0.18453764313885604,0.18176485979231594,0.9658713133794977,0.7710558,0.0001281263,0.6535768455608879,0.0958620542455054,0.0001267607018036072,0.00266487677188125,0.02461442610756627,1.3847843566392957,1.7563977319335407
path_a_only,37.3431354419954,0.01189905001921418,0.0,0.5,0.1,0.1,0.09587790071964264,0.0007024092715191865,0.0933837890625,0.0987548828125,16384,0.37377747887175583,1311750.0,1.214736,0.6590716,-0.1892245810014405,0.16334296781368887,0.96825261828236,0.7703733,0.0001280181,0.6423362214049729,0.0958620542455054,0.0001267607018036072,0.00266487677188125,0.02461442610756627,1.4036711798427985,1.7611687275606067
path_a_only,37.46339464999619,0.0006605112259725904,0.0,0.5,0.1,0.1,0.09582539647817612,0.000702455394665859,0.0931396484375,0.0989990234375,16384,0.3166765251634755,1311875.0,1.075554,0.6203204,-0.1777484761433563,0.27111757354729377,0.945991934713263,0.771239,0.0001273512,0.5730536682665347,0.0958620542455054,0.0001267607018036072,0.00266487677188125,0.02461442610756627,1.2916816205437378,1.749494345685135
path_a_only,37.58543422699586,0.0035803445129349992,0.0,0.5,0.1,0.1,0.09578181058168411,0.0007002278324461319,0.093017578125,0.0987548828125,16384,0.26927471174025425,1311998.0,0.9826074,0.5701025,-0.16039803332165292,0.3853596988138235,0.9087190838959338,0.779137,0.0001266563,0.5008622659934756,0.0958620542455054,0.0001267607018036072,0.00266487677188125,0.02461442610756627,1.1697144104197248,1.7318902210393192
path_a_only,37.703672304000065,0.019781790439169666,0.0,0.5,0.1,0.1,0.09579044580459595,0.0006981575446818164,0.09326171875,0.0986328125,16384,0.2786659428099147,1312122.0,0.9569458,0.5476413,-0.15400395464089017,0.43111398029373205,0.8890576572699108,0.7806092,0.0001264837,0.4829312888279429,0.0958620542455054,0.0001267607018036072,0.00266487677188125,0.02461442610756627,1.1192924902232146,1.7254156293430685
path_a_only,37.82331508700008,0.04729954873556921,0.0,0.5,0.1,0.1,0.09576170891523361,0.0006978012186936077,0.09326171875,0.0987548828125,16384,0.24741315744694642,1312221.0,0.9332282,0.5307911,-0.1420409758517554,0.46633899707796567,0.8731278835218803,0.7898159,0.0001259785,0.4304473394419154,0.0958620542455054,0.0001267607018036072,0.00266487677188125,0.02461442610756627,1.0802410621114493,1.7133193197557508
path_a_only,37.941491238998424,0.08172226085306392,0.0,0.5,0.1,0.1,0.09570536017417908,0.0006968524442831583,0.093505859375,0.0986328125,16384,0.1861311207085153,1312345.0,0.9297524,0.5216029,-0.1433403035504679,0.48261625086005827,0.8640226338377028,0.7872435,0.000126906,0.5268029670261184,0.0958620542455054,0.0001267607018036072,0.00266487677188125,0.02461442610756627,1.0613980489312667,1.714632080592859
path_a_only,38.058560369994666,0.11829367922357123,0.0,0.5,0.1,0.1,0.09576987475156784,0.0007088283997401956,0.0931396484375,0.098876953125,16384,0.2562939074489721,1312470.0,0.9279074,0.5271149,-0.13887174088220933,0.47397200350616625,0.8695200857235532,0.788431,0.0001265502,0.4898398055226581,0.0958620542455054,0.0001267607018036072,0.00266487677188125,0.02461442610756627,1.0717259045105294,1.7101183517414555
path_a_only,38.17994866999652,0.15356906334123352,0.0,0.5,0.1,0.1,0.09577979892492294,0.0007076977305940569,0.09326171875,0.098876953125,16384,0.2670869357361056,1312595.0,0.922668,0.5203085,-0.13709399349499624,0.48675008828744215,0.8627164009683375,0.789992,0.0001260695,0.4399010991294243,0.0958620542455054,0.0001267607018036072,0.00266487677188125,0.02461442610756627,1.057111578618839,1.7083234350339607
path_a_only,38.30176326599758,0.1812260580099443,0.0,0.5,0.1,0.1,0.09576563537120819,0.0006929292890523652,0.0927734375,0.098388671875,16384,0.2516833720920811,1312721.0,0.9120058,0.5011361,-0.1348761123995924,0.5212207459861645,0.8426964864395713,0.7928285,0.0001265193,0.4866296827276704,0.0958620542455054,0.0001267607018036072,0.00266487677188125,0.02461442610756627,1.016873697652815,1.70608475813076
path_a_only,38.42085855700134,0.1969250412463539,0.0,0.5,0.1,0.1,0.09574057906866074,0.0007012603990698593,0.093017578125,0.0987548828125,16384,0.22443340652929594,1312823.0,0.8898464,0.4848293,-0.11729048849227877,0.5532855845235511,0.8246926720104132,0.8036194,0.0001251769,0.34717114421658396,0.0958620542455054,0.0001267607018036072,0.00266487677188125,0.02461442610756627,0.9798692871585297,1.6883574225886246
path_a_only,38.541419248998864,0.19915460179817832,0.0,0.5,0.1,0.1,0.09586986899375916,0.0007055512197189087,0.093017578125,0.0989990234375,16384,0.36504258060334,1312951.0,0.881345,0.4651349,-0.11397653920727883,0.5866483138198632,0.8017812073144662,0.8043163,0.0001250443,0.33339566581479096,0.0958620542455054,0.0001267607018036072,0.00266487677188125,0.02461442610756627,0.9391226393711154,1.685021091415282
path_a_only,38.663595783000346,0.18708087600059428,0.0,0.5,0.1,0.1,0.09585954248905182,0.00070957655082219,0.0936279296875,0.09912109375,16384,0.3538119971153768,1313076.0,0.8584872,0.42735,-0.09561647015082918,0.6494438649113836,0.7543740166289267,0.8154554,0.0001243234,0.25850318934530114,0.0958620542455054,0.0001267607018036072,0.00266487677188125,0.02461442610756627,0.8600056965170886,1.6665590953848795
path_a_only,38.78705310299847,0.16201958988967013,0.0,0.5,0.1,0.1,0.09588804095983505,0.0006950842650906816,0.0933837890625,0.0989990234375,16384,0.38480549050748303,1313201.0,0.889275,0.4826478,-0.1173991643584787,0.5569347466564383,0.8222172001209047,0.8004994,0.0001243661,0.26293918427559326,0.0958620542455054,0.0001267607018036072,0.00266487677188125,0.02461442610756627,0.9754290513788142,1.6884668544947175
path_a_only,38.90380811799696,0.12976171343293402,0.0,0.5,0.1,0.1,0.09568867087364197,0.0006999204734726655,0.09326171875,0.0985107421875,16384,0.16798068274817077,1313325.0,0.9740044,0.5678522,-0.1552489478146789,0.3918606363754796,0.9068312995600887,0.7806987,0.0001257605,0.40779987117953825,0.0958620542455054,0.0001267607018036072,0.00266487677188125,0.02461442610756627,1.1629098192958391,1.7266757784105629
path_a_only,39.02320018300088,0.0927178990008803,0.0,0.5,0.1,0.1,0.09577619284391403,0.0006936017683446781,0.09326171875,0.0987548828125,16384,0.26316514467681684,1313448.0,0.9105026,0.5038322,-0.13218145439720433,0.5172138279411385,0.8455873221021671,0.7938797,0.0001256475,0.39606058717197623,0.0958620542455054,0.0001267607018036072,0.00266487677188125,0.02461442610756627,1.0218457579219224,1.7033657503629198
path_a_only,39.14638743999967,0.055615072487631846,0.0,0.5,0.1,0.1,0.0957624763250351,0.0006771711418596801,0.0936279296875,0.0985107421875,16384,0.2482477534781587,1313547.0,0.914879,0.5122627,-0.133033139772412,0.5021823214782009,0.8544677288915357,0.7916695,0.0001250192,0.33078809034054246,0.0958620542455054,0.0001267607018036072,0.00266487677188125,0.02461442610756627,1.0394599161138398,1.7042250243094954
path_a_only,39.26432972499606,0.026178772710586037,0.0,0.5,0.1,0.1,0.09581554681062698,0.0006795668260784378,0.0936279296875,0.0985107421875,16384,0.3059645256172364,1313672.0,0.9449522,0.5375985,-0.14919225403838068,0.4515506513999215,0.8796838526170944,0.7824792,0.0001262704,0.46077209167030264,0.0958620542455054,0.0001267607018036072,0.00266487677188125,0.02461442610756627,1.0965573838907483,1.7205476607254702
path_a_only,39.38175233799848,0.006821103911674314,0.0,0.5,0.1,0.1,0.09586766362190247,0.0006895658642771789,0.0936279296875,0.0994873046875,16384,0.36264412987286593,1313796.0,0.9158892,0.5142991,-0.1331484051468241,0.49854613257457053,0.8565764740534239,0.7929355,0.0001248683,0.3151114712543382,0.0958620542455054,0.0001267607018036072,0.00266487677188125,0.02461442610756627,1.043701032784032,1.7043413243059073
path_a_only,39.499227709995466,2.943271767558153e-07,0.0,0.5,0.1,0.1,0.09587191045284271,0.0006907608177419667,0.093505859375,0.0989990234375,16384,0.36726276810384645,1313921.0,0.9323706,0.5337004,-0.13976658027462058,0.4617115927342638,0.8759496036719963,0.7892483,0.000125292,0.35912859190924346,0.0958620542455054,0.0001267607018036072,0.00266487677188125,0.02461442610756627,1.0857057859720873,1.7110220040073587
path_a_only,39.62028864899912,0.007055771816619677,0.0,0.5,0.1,0.1,0.0958910882472992,0.0007141537465935571,0.0933837890625,0.098876953125,16384,0.38811956601006375,1314020.0,0.913639,0.5066947,-0.1341929425893694,0.5116834418658831,0.8486296656843252,0.7912498,0.0001262552,0.45919300214008113,0.0958620542455054,0.0001267607018036072,0.00266487677188125,0.02461442610756627,1.028208643428715,1.7053953205648604
path_a_only,39.740670967999904,0.027247595343039083,0.0,0.5,0.1,0.1,0.09594600647687912,0.0007053253369640746,0.0931396484375,0.0989990234375,16384,0.4478458509233225,1314145.0,0.9096174,0.502895,-0.13165507061236514,0.5189824278956631,0.8445852129403972,0.794582,0.0001260557,0.43846745205593257,0.0958620542455054,0.0001267607018036072,0.00266487677188125,0.02461442610756627,1.019796280059241,1.7028347257335568
path_a_only,39.86273743699712,0.05820177904069748,0.0,0.5,0.1,0.1,0.0959259644150734,0.0007002737097758122,0.0933837890625,0.09912109375,16384,0.4260491196227302,1314269.0,0.91623,0.5104442,-0.13519258284638364,0.5048196235867778,0.8525726439342443,0.7919121,0.0001261998,0.4534376363523025,0.0958620542455054,0.0001267607018036072,0.00266487677188125,0.02461442610756627,1.0361960337366787,1.7064041539514547
path_a_only,39.98283885099954,0.0946112774429324,0.0,0.5,0.1,0.1,0.09591267257928848,0.000708673862267712,0.093505859375,0.09912109375,16384,0.41159359224717007,1314394.0,0.879457,0.4579413,-0.11390614082449999,0.5983452355147858,0.7931004792705806,0.8036539,0.0001262015,0.4536142450497625,0.0958620542455054,0.0001267607018036072,0.00266487677188125,0.02461442610756627,0.9244608660456644,1.6849502315561709
path_a_only,40.10314772299898,0.13184065999105196,0.0,0.5,0.1,0.1,0.09590991586446762,0.0006944813108472939,0.09326171875,0.0986328125,16384,0.40859552883407746,1314520.0,0.875973,0.4563706,-0.11018245780430061,0.601572120036904,0.7911831711977374,0.8095898,0.0001259814,0.43074861310228785,0.0958620542455054,0.0001267607018036072,0.00266487677188125,0.02461442610756627,0.920707265771628,1.681202950442178
path_a_only,40.22236555499694,0.16431324891053614,0.0,0.5,0.1,0.1,0.09600300341844559,0.0006992046808982244,0.093505859375,0.09912109375,16384,0.5098328377075348,1314621.0,0.8832536,0.4741863,-0.11337362638789537,0.5718762975161817,0.8124677970103439,0.8050794,0.0001262359,0.4571879739865775,0.0958620542455054,0.0001267607018036072,0.00266487677188125,0.02461442610756627,0.9574739892761848,1.6844142449953374
path_a_only,40.340925806995074,0.18777041561812324,0.0,0.5,0.1,0.1,0.0959441214799881,0.0007094792956702772,0.0931396484375,0.0987548828125,16384,0.4457958237786943,1314747.0,0.9350202,0.5387868,-0.13957709204409877,0.45242589977690145,0.8808115806388869,0.7887587,0.0001278402,0.6238546406532456,0.0958620542455054,0.0001267607018036072,0.00266487677188125,0.02461442610756627,1.0962911109556073,1.7108306399974178
path_a_only,40.457838146998256,0.19912406055765364,0.0,0.5,0.1,0.1,0.09593735635280609,0.0006895124894936679,0.09375,0.0986328125,16384,0.43843841410548323,1314872.0,0.9834736,0.5757514,-0.1570936481296975,0.3755854572446039,0.9133767842591931,0.7802103,0.0001279719,0.6375366203328564,0.0958620542455054,0.0001267607018036072,0.00266487677188125,0.02461442610756627,1.180667608451973,1.728543394691273
path_a_only,40.57534921699698,0.1972113222928428,0.0,0.5,0.1,0.1,0.09599357843399048,0.0007082800426550979,0.0931396484375,0.098876953125,16384,0.49958270198439386,1314996.0,0.9379014,0.5421939,-0.14037612766899235,0.44587865032730245,0.884017404785088,0.7878845,0.0001270508,0.5418458725508531,0.0958620542455054,0.0001267607018036072,0.00266487677188125,0.02461442610756627,1.1036527074589415,1.7116376205215005
path_a_only,40.694457853998756,0.18191278803026406,0.0,0.5,0.1,0.1,0.09598337858915329,0.0007035654796061592,0.093505859375,0.098876953125,16384,0.4884898673559512,1315096.0,1.069595,0.6214628,-0.17334085801208285,0.27139440583986485,0.9467301745600283,0.7736929,0.0001284486,0.6870597768497153,0.0958620542455054,0.0001267607018036072,0.00266487677188125,0.02461442610756627,1.2916179260907725,1.7450172000184239
path_a_only,40.81210679200012,0.15565969227512672,0.0,0.5,0.1,0.1,0.09597734361886978,0.0007002270704463209,0.093505859375,0.098876953125,16384,0.48192653934350516,1315220.0,1.07946,0.6229214,-0.1771283769495472,0.26562288224496244,0.9476655646941583,0.7727021,0.0001280504,0.6456917866566932,0.0958620542455054,0.0001267607018036072,0.00266487677188125,0.02461442610756627,1.2975170627404147,1.7488642480300882
path_a_only,40.92963202900137,0.12192712697871083,0.0,0.5,0.1,0.1,0.09594971686601639,0.0007054614508890889,0.0931396484375,0.098876953125,16384,0.4518810822198634,1315345.0,1.100102,0.6289631,-0.18118592863650268,0.24881071272561273,0.951454091639266,0.7717816,0.0001281708,0.6581998379355473,0.0958620542455054,0.0001267607018036072,0.00266487677188125,0.02461442610756627,1.3150183827197512,1.752988531858232
path_a_only,41.048837508998986,0.08471736802808526,0.0,0.5,0.1,0.1,0.09592627733945847,0.0006927199400856057,0.0936279296875,0.0989990234375,16384,0.42638944033448667,1315469.0,1.073365,0.623909,-0.17285758361644535,0.2661918939869696,0.9482943273909813,0.7739473,0.000126573,0.49220843981798895,0.0958620542455054,0.0001267607018036072,0.00266487677188125,0.02461442610756627,1.2971330833708903,1.7445265184809409
path_a_only,41.169381230996805,0.04926327587591814,0.0,0.5,0.1,0.1,0.09594836086034775,0.0006937622972761434,0.0936279296875,0.098876953125,16384,0.4504063591355854,1315593.0,1.119894,0.6349174,-0.1838498652721851,0.23254053661255192,0.9550518969518598,0.7712642,0.0001273587,0.573832824284734,0.0958620542455054,0.0001267607018036072,0.00266487677188125,0.02461442610756627,1.3319590365880822,1.7556979812853082
path_a_only,41.29362286199466,0.02029204796139808,0.0,0.5,0.1,0.1,0.09595605731010437,0.0006729583164125297,0.0938720703125,0.098876953125,16384,0.45877662806997643,1315718.0,1.027907,0.6011776,-0.16791598587581913,0.3186229891390336,0.9328899251677333,0.7753362,0.0001266926,0.504633381121568,0.0958620542455054,0.0001267607018036072,0.00266487677188125,0.02461442610756627,1.2416744320137285,1.739511582997437
path_a_only,41.41484538399527,0.003557086915628574,0.0,0.5,0.1,0.1,0.09588461369276047,0.0006818292013509267,0.093505859375,0.0985107421875,16384,0.38107816842634085,1315842.0,0.9434264,0.5445433,-0.14400172332057876,0.44034733811144455,0.8862041105179261,0.7865252,0.0001253711,0.36734609071453794,0.0958620542455054,0.0001267607018036072,0.00266487677188125,0.02461442610756627,1.1096385648480531,1.7153004342073748
path_a_only,41.539834001996496,0.0007820072552163632,0.0,0.5,0.1,0.1,0.09584876149892807,0.000683338340000672,0.09326171875,0.0987548828125,16384,0.34208713830795784,1315942.0,0.9110678,0.5079553,-0.13102736859170472,0.5102927804279659,0.8499606502203672,0.7948739,0.0001251807,0.34756591659914143,0.0958620542455054,0.0001267607018036072,0.00266487677188125,0.02461442610756627,1.0301031647745766,1.702201538540595
path_a_only,41.65743373800069,0.011983787077311361,0.0,0.5,0.1,0.1,0.09587614983320236,0.0006910568292042898,0.09326171875,0.0989990234375,16384,0.37187330346073755,1316066.0,0.920625,0.5242526,-0.13328165197755365,0.48073319047713803,0.8666784875718365,0.7904454,0.0001251345,0.3427663155270221,0.0958620542455054,0.0001267607018036072,0.00266487677188125,0.02461442610756627,1.0643636273945116,1.7044757694247488
path_a_only,41.7749604779965,0.035045754312330535,0.0,0.5,0.1,0.1,0.09583664685487747,0.0007047600368093749,0.09326171875,0.0986328125,16384,0.32891186503852915,1316191.0,0.9087506,0.4995611,-0.1321275228616257,0.5246593189440667,0.8409963833142201,0.792073,0.0001257738,0.4091815745184824,0.0958620542455054,0.0001267607018036072,0.00266487677188125,0.02461442610756627,1.013021216634261,1.7033113416153642
path_a_only,41.89167942699714,0.06662309294207494,0.0,0.5,0.1,0.1,0.09585463255643845,0.0006967295603424454,0.0933837890625,0.098876953125,16384,0.3484722030904362,1316290.0,0.8840286,0.4722414,-0.11487840786575136,0.5747945976975037,0.8101938791820109,0.8023829,0.0001250646,0.3355045814373869,0.0958620542455054,0.0001267607018036072,0.00266487677188125,0.02461442610756627,0.9537541034449424,1.6859289231033119
path_a_only,42.00882074699621,0.10277076474802241,0.0,0.5,0.1,0.1,0.09586287289857864,0.0006927235352554314,0.093505859375,0.0986328125,16384,0.3574339818333563,1316414.0,0.9033054,0.5027171,-0.12516332016318454,0.5208951978371482,0.844394656636295,0.7957737,0.0001260033,0.4330237486754337,0.0958620542455054,0.0001267607018036072,0.00266487677188125,0.02461442610756627,1.0180531248792928,1.6962887709224423
path_a_only,42.1313627290001,0.14010732746461974,0.0,0.5,0.1,0.1,0.09586171060800552,0.000704447753251158,0.093505859375,0.0987548828125,16384,0.3561699334754037,1316539.0,0.9280458,0.5356862,-0.13478760251499236,0.4595612905795075,0.8778586004643105,0.7883492,0.0001269083,0.5270419082050332,0.0958620542455054,0.0001267607018036072,0.00266487677188125,0.02461442610756627,1.088523876961938,1.7059954325691284
path_a_only,42.25561976899917,0.17194799208582842,0.0,0.5,0.1,0.1,0.09588645398616791,0.0007048343223765333,0.093505859375,0.0987548828125,16384,0.3830795783264324,1316663.0,0.9623992,0.5575645,-0.15254934659223487,0.4127746991640164,0.8979675632139158,0.7828198,0.0001272776,0.5654075505412549,0.0958620542455054,0.0001267607018036072,0.00266487677188125,0.02461442610756627,1.1399245176651593,1.723943626968454
path_a_only,42.37662268099666,0.19258183640194068,0.0,0.5,0.1,0.1,0.09588956832885742,0.0006964067528237559,0.09375,0.0989990234375,16384,0.3864665796958181,1316789.0,1.004425,0.5883281,-0.16289034581811754,0.34775535133120306,0.9233271093495337,0.7765756,0.0001280055,0.6410272392943964,0.0958620542455054,0.0001267607018036072,0.00266487677188125,0.02461442610756627,1.210594856776309,1.734415747180641
path_a_only,42.49473518799641,0.1999863219059726,0.0,0.5,0.1,0.1,0.09588279575109482,0.00070901887220356,0.0931396484375,0.0992431640625,16384,0.3791010671485176,1316915.0,1.073831,0.6241141,-0.17289342965992116,0.2657046103107176,0.9484244419246373,0.7751906,0.0001283925,0.6812316898335719,0.0958620542455054,0.0001267607018036072,0.00266487677188125,0.02461442610756627,1.2976451095572283,1.744562912484057
path_a_only,42.616005370000494,0.19343229295290598,0.0,0.5,0.1,0.1,0.09585948288440704,0.0007178117050964156,0.0931396484375,0.0986328125,16384,0.3537471741226613,1317040.0,1.075508,0.6211089,-0.17690547966333744,0.26988590878359925,0.9465020060756001,0.771428,0.0001288502,0.7287809844376574,0.0958620542455054,0.0001267607018036072,0.00266487677188125,0.02461442610756627,1.2930273724097052,1.7486377742252905
path_a_only,42.737264522998885,0.17348244667953838,0.0,0.5,0.1,0.1,0.095900759100914,0.0007059289734682151,0.09326171875,0.0987548828125,16384,0.39863709657815627,1317140.0,0.9970748,0.5750758,-0.1677579578344691,0.3722985674799072,0.9128258564674959,0.7749514,0.0001280664,0.6473539861621898,0.0958620542455054,0.0001267607018036072,0.00266487677188125,0.02461442610756627,1.1835386920162536,1.7393512810348923
path_a_only,42.85557008899923,0.14383301090499148,0.0,0.5,0.1,0.1,0.09590347111225128,0.0007067628701209273,0.0933837890625,0.0987548828125,16384,0.40158654274671224,1317264.0,0.8866574,0.473688,-0.11742687778117154,0.5718841236999198,0.8118863697799961,0.8014397,0.0001252067,0.35026699079556933,0.0958620542455054,0.0001267607018036072,0.00266487677188125,0.02461442610756627,0.9571305512071486,1.6884947609415606
path_a_only,42.97456905499712,0.10798087035871083,0.0,0.5,0.1,0.1,0.09598230570554733,0.0007050659480932187,0.0936279296875,0.098876953125,16384,0.4873230534870719,1317388.0,0.8722602,0.4438601,-0.10910078425741342,0.6216813350782161,0.7756347958219668,0.8062455,0.0001248112,0.30917949676909956,0.0958620542455054,0.0001267607018036072,0.00266487677188125,0.02461442610756627,0.8951335333138974,1.6801147160753787
path_a_only,43.09542474299815,0.07046845558910224,0.0,0.5,0.1,0.1,0.09611766785383224,0.0007022026255198077,0.09375,0.0997314453125,16384,0.6345360699440091,1317513.0,0.8676588,0.4299615,-0.10686582237300334,0.643685087030833,0.7577923229636537,0.8110971,0.0001245157,0.27848074965197783,0.0958620542455054,0.0001267607018036072,0.00266487677188125,0.02461442610756627,0.8666382110481026,1.6778666083607114
path_a_only,43.21746009699564,0.03687444248706953,0.0,0.5,0.1,0.1,0.09612787514925003,0.0006937422846820336,0.09375,0.0989990234375,16384,0.6456370074465413,1317637.0,0.8536178,0.4259336,-0.0895775389499391,0.6524587606470709,0.7525114153091369,0.8196298,0.0001230889,0.13025410874940238,0.0958620542455054,0.0001267607018036072,0.00266487677188125,0.02461442610756627,0.856491511402266,1.6604940974442377
path_a_only,43.33957023199764,0.012434456109052902,0.0,0.5,0.1,0.1,0.09611473977565765,0.0007015020753577711,0.093505859375,0.09912109375,16384,0.6313516404268594,1317760.0,0.8873338,0.4769633,-0.1171211246350776,0.5665043155307201,0.8156932650508308,0.7999931,0.0001244123,0.26773878534771256,0.0958620542455054,0.0001267607018036072,0.00266487677188125,0.02461442610756627,0.9637667644062295,1.6881868833143636
path_a_only,43.456570798996836,0.0009293078893819195,0.0,0.5,0.1,0.1,0.09606745094060898,0.0006811525544496385,0.09375,0.0989990234375,16384,0.5799226985811867,1317884.0,0.951696,0.5467204,-0.15000339966648266,0.4342541626196903,0.8882129825306366,0.78311,0.0001258515,0.41725363086704437,0.0958620542455054,0.0001267607018036072,0.00266487677188125,0.02461442610756627,1.1160618731773333,1.7213680381429601
path_a_only,43.580843700001424,0.0032079408373774515,0.0,0.5,0.1,0.1,0.09602761268615723,0.0006831769874883121,0.0933837890625,0.0987548828125,16384,0.5365966308249536,1317984.0,1.01392,0.592929,-0.16570795124350648,0.33696084331654763,0.9268215928462612,0.7757693,0.0001264735,0.4818716366431885,0.0958620542455054,0.0001267607018036072,0.00266487677188125,0.02461442610756627,1.2220874476415062,1.7372721708461285
path_a_only,43.69933889199456,0.018976396137802637,0.0,0.5,0.1,0.1,0.09602460265159607,0.0006994977177186154,0.0936279296875,0.09912109375,16384,0.5333230696928201,1318108.0,1.145633,0.6436777,-0.18450285766609845,0.21016405459139584,0.9600988311995532,0.7710098,0.0001277219,0.6115647530594862,0.0958620542455054,0.0001267607018036072,0.00266487677188125,0.02461442610756627,1.3552970515094689,1.7563623387136096
path_a_only,43.81747475299926,0.0457491832357574,0.0,0.5,0.1,0.1,0.09603127092123032,0.0007053179939450473,0.0936279296875,0.09912109375,16384,0.5405751420028684,1318232.0,1.233463,0.6610995,-0.1921400098445316,0.15368860020385355,0.9692584953377109,0.7709406,0.0001284096,0.6830081655550707,0.0958620542455054,0.0001267607018036072,0.00266487677188125,0.02461442610756627,1.4135424430864996,1.7641386503245888
path_a_only,43.939714650994574,0.08117381890851341,0.0,0.5,0.1,0.1,0.09598132967948914,0.0006955981553617231,0.0933837890625,0.098876953125,16384,0.4862615769813553,1318355.0,1.175626,0.6497021,-0.18861695275818915,0.1904907038905046,0.9633986386037273,0.7707158,0.000128757,0.7190986723181437,0.0958620542455054,0.0001267607018036072,0.00266487677188125,0.02461442610756627,1.3755865157055585,1.7605499566873077
path_a_only,44.057754863999435,0.1180448341645306,0.0,0.5,0.1,0.1,0.09602171927690506,0.0007061725050483131,0.09375,0.098876953125,16384,0.5301872574202069,1318479.0,1.197441,0.6544279,-0.19005435313428493,0.17588981696175243,0.965889287208358,0.770322,0.0001286201,0.7048764777992486,0.0958620542455054,0.0001267607018036072,0.00266487677188125,0.02461442610756627,1.3906686599049385,1.7620138352186758
path_a_only,44.1808297749958,0.1538025978613083,0.0,0.5,0.1,0.1,0.09594421833753586,0.0006985811095132366,0.09326171875,0.0986328125,16384,0.445901161141857,1318603.0,1.199923,0.6538821,-0.19170238335714393,0.17565642387138847,0.9656060361078455,0.7698812,0.0001287105,0.714267905005297,0.0958620542455054,0.0001267607018036072,0.00266487677188125,0.02461442610756627,1.3908509111840948,1.7636927344076097
path_a_only,44.30078133299685,0.18104573509948307,0.0,0.5,0.1,0.1,0.09586729854345322,0.0007095554278402043,0.093017578125,0.0987548828125,16384,0.3622470890424834,1318703.0,1.153585,0.6427541,-0.1890126002442713,0.20851690987523855,0.9595806038290795,0.7701221,0.0001291551,0.7604562737642586,0.0958620542455054,0.0001267607018036072,0.00266487677188125,0.02461442610756627,1.3568227845530352,1.7609528511523396
path_a_only,44.417459698997845,0.19665676456433223,0.0,0.5,0.1,0.1,0.09578333795070648,0.0007076286646434122,0.09326171875,0.098876953125,16384,0.2709358009285894,1318826.0,1.114279,0.631819,-0.18484150865831833,0.2392694241329803,0.9531966005772308,0.770415,0.0001287566,0.7190571173305091,0.0958620542455054,0.0001267607018036072,0.00266487677188125,0.02461442610756627,1.3248598548583592,1.7567069163831597
path_a_only,44.53669334399456,0.19933631293098644,0.0,0.5,0.1,0.1,0.09579632431268692,0.0007189898097766269,0.093017578125,0.0986328125,16384,0.28505911046648247,1318950.0,1.069693,0.6141491,-0.18083171554158708,0.2830003215275922,0.9419186316607003,0.7706477,0.0001286665,0.7096968563651852,0.0958620542455054,0.0001267607018036072,0.00266487677188125,0.02461442610756627,1.278925893576785,1.7526283694077873
path_a_only,44.65673955899547,0.18811952157758735,0.0,0.5,0.1,0.1,0.09575928747653961,0.0006996277856206504,0.093505859375,0.0987548828125,16384,0.2447797233678786,1319075.0,0.9814048,0.5708475,-0.1589532342156709,0.3844926653777168,0.9093400131980981,0.7792914,0.0001277372,0.6131542313366151,0.0958620542455054,0.0001267607018036072,0.00266487677188125,0.02461442610756627,1.170768456429129,1.730426643413614
path_a_only,44.777955883000686,0.164235888113017,0.0,0.5,0.1,0.1,0.09574617445468903,0.000702820006924309,0.09326171875,0.098388671875,16384,0.23051866497046503,1319176.0,0.9808714,0.5752487,-0.15548668821878758,0.3772467763635106,0.9129670089932566,0.7806238,0.0001272513,0.5626753101040968,0.0958620542455054,0.0001267607018036072,0.00266487677188125,0.02461442610756627,1.1789544437095385,1.7269164412587188
path_a_only,44.89454094499524,0.13252814909627342,0.0,0.5,0.1,0.1,0.09578622132539749,0.0007159426080358557,0.0933837890625,0.0986328125,16384,0.2740716132012025,1319303.0,1.021304,0.5984795,-0.16597932109280325,0.32529201838992017,0.9309328481374927,0.777691,0.000127213,0.5586964200378142,0.0958620542455054,0.0001267607018036072,0.00266487677188125,0.02461442610756627,1.2346330752270598,1.7375473513794641
path_a_only,45.01566380499571,0.09508105633933686,0.0,0.5,0.1,0.1,0.09572479128837585,0.0007045141828253515,0.093505859375,0.098388671875,16384,0.2072634163337736,1319428.0,0.9700904,0.5667397,-0.1529048334662619,0.39494453744626284,0.9058912320163013,0.7827907,0.0001267835,0.5140767520621669,0.0958620542455054,0.0001267607018036072,0.00266487677188125,0.02461442610756627,1.1596678932873798,1.7243033337799578
path_a_only,45.13671496100142,0.05835812622039743,0.0,0.5,0.1,0.1,0.0957377701997757,0.0006954164521516283,0.093017578125,0.0986328125,16384,0.22137862299757724,1319553.0,0.9318652,0.5299257,-0.1412053792702395,0.46817060113643455,0.8722828263222298,0.7865067,0.0001259507,0.4275592678011174,0.0958620542455054,0.0001267607018036072,0.00266487677188125,0.02461442610756627,1.0782069543120656,1.7124752151142315
path_a_only,45.25654288900114,0.027850897256971582,0.0,0.5,0.1,0.1,0.09577515721321106,0.0006997442115822875,0.0933837890625,0.0987548828125,16384,0.26203884517838477,1319677.0,0.9204996,0.5101202,-0.13964579629063856,0.5041791120234019,0.8522338145002505,0.789757,0.0001258226,0.414251283010244,0.0958620542455054,0.0001267607018036072,0.00266487677188125,0.02461442610756627,1.036578289127295,1.7109000237632719
path_a_only,45.37865038999735,0.0071792687147479856,0.0,0.5,0.1,0.1,0.09573179483413696,0.0006898080304423347,0.0933837890625,0.0987548828125,16384,0.21488011797784673,1319801.0,0.9216376,0.5226908,-0.13498285191434162,0.4830672157552232,0.8651160007487826,0.7914695,0.0001247723,0.30513827422136497,0.0958620542455054,0.0001267607018036072,0.00266487677188125,0.02461442610756627,1.0615388102251293,1.706192482765396
path_a_only,45.50243016999593,2.9143449134794164e-06,0.0,0.5,0.1,0.1,0.0957409143447876,0.0006985062904471367,0.093505859375,0.098876953125,16384,0.22479803586332073,1319926.0,0.9225346,0.5216935,-0.13631634922923075,0.48448438080258244,0.8641138453300888,0.788382,0.0001247886,0.30683163996758883,0.0958620542455054,0.0001267607018036072,0.00266487677188125,0.02461442610756627,1.0597966304441337,1.7075384208603104
path_a_only,45.622745218999626,0.007343289134279521,0.0,0.5,0.1,0.1,0.0957731306552887,0.0006752590128347865,0.093505859375,0.0989990234375,16384,0.2598348634260572,1320050.0,0.8904524,0.4789089,-0.11998931874085748,0.5626542943661567,0.8179380834876362,0.7991769,0.000124038,0.22885370566602373,0.0958620542455054,0.0001267607018036072,0.00266487677188125,0.02461442610756627,0.9682418227337983,1.6910754501918033
path_a_only,45.74495716599631,0.02817800618478565,0.0,0.5,0.1,0.1,0.09584339708089828,0.0006904435596973895,0.093505859375,0.0989990234375,16384,0.3362530689635614,1320150.0,0.872519,0.4431777,-0.10960596787575463,0.6226667595282107,0.774772636574535,0.8063343,0.0001242362,0.24944420204034973,0.0958620542455054,0.0001267607018036072,0.00266487677188125,0.02461442610756627,0.8938174774406455,1.6806229475957037
path_a_only,45.86175189999631,0.05792070794501821,0.0,0.5,0.1,0.1,0.09588120132684708,0.0006932826542106107,0.0936279296875,0.09912109375,16384,0.3773670520933775,1320274.0,0.8627942,0.4345405,-0.09952416800108375,0.637810499793109,0.7637360187508224,0.8114246,0.0001229983,0.12084190404953375,0.0958620542455054,0.0001267607018036072,0.00266487677188125,0.02461442610756627,0.8750051090771569,1.6704855302778203
path_a_only,45.98332235899579,0.09476296141393593,0.0,0.5,0.1,0.1,0.09585549682378769,0.0006983588751187189,0.0933837890625,0.098876953125,16384,0.3494121364848112,1320398.0,0.8653368,0.4322136,-0.10333097631037393,0.6407981875619181,0.7607235977358043,0.8109489,0.0001236166,0.18507552619003048,0.0958620542455054,0.0001267607018036072,0.00266487677188125,0.02461442610756627,0.8707582322535581,1.674312074754735
path_a_only,46.105707570997765,0.13260196691833612,0.0,0.5,0.1,0.1,0.09586532413959503,0.0006749450548459086,0.093505859375,0.0986328125,16384,0.3600998274087819,1320522.0,0.8623572,0.4307686,-0.09984715658029747,0.6435723949117548,0.758844593991667,0.813639,0.0001242736,0.25332959338444727,0.0958620542455054,0.0001267607018036072,0.00266487677188125,0.02461442610756627,0.8674091851951307,1.6708101357250174
path_a_only,46.22814305599604,0.16569246678531846,0.0,0.5,0.1,0.1,0.0958189070224762,0.0007077461989844204,0.09326171875,0.0986328125,16384,0.30961892183157363,1320646.0,0.8589538,0.4289987,-0.09585735017988266,0.6468902223565577,0.7565344728668845,0.8154539,0.0001239092,0.2154729996467826,0.0958620542455054,0.0001267607018036072,0.00266487677188125,0.02461442610756627,0.8633659985088951,1.666801086961053
path_a_only,46.346624496000004,0.18861421925793354,0.0,0.5,0.1,0.1,0.09583627432584763,0.0006975357021932662,0.093505859375,0.0986328125,16384,0.3285067213340572,1320771.0,0.8671792,0.4375839,-0.10435495786317779,0.6323147215783355,0.7676510507025224,0.8118015,0.0001246787,0.29541440711421385,0.0958620542455054,0.0001267607018036072,0.00266487677188125,0.02461442610756627,0.8817698698825769,1.675341622392405
path_a_only,46.470622765998996,0.19957441798376271,0.0,0.5,0.1,0.1,0.09578695148229599,0.0007025964479981102,0.093505859375,0.0986328125,16384,0.27486569486196755,1320895.0,0.871641,0.448525,-0.10708409829005236,0.614659873109637,0.7814897544320408,0.8119394,0.0001250244,0.33132830517982975,0.0958620542455054,0.0001267607018036072,0.00266487677188125,0.02461442610756627,0.9043270969594168,1.6780861440364951
path_a_only,46.59177493199968,0.19587230785269566,0.0,0.5,0.1,0.1,0.09576550871133804,0.0006981273810445042,0.09326171875,0.0986328125,16384,0.2515456232325606,1320995.0,0.8980438,0.4945733,-0.1227313202198215,0.5355192032829399,0.8355574222950239,0.801205,0.0001256245,0.39367117538282526,0.0958620542455054,0.0001267607018036072,0.00266487677188125,0.02461442610756627,1.0008360512805412,1.693837870961132
path_a_only,46.70981458599999,0.17905118937591694,0.0,0.5,0.1,0.1,0.09571979939937592,0.0007062435112355325,0.0933837890625,0.0987548828125,16384,0.2018344906938491,1321120.0,0.9603162,0.5532079,-0.15350433525508245,0.4207411025609837,0.8940991799983171,0.7821186,0.0001272036,0.5577198778283375,0.0958620542455054,0.0001267607018036072,0.00266487677188125,0.02461442610756627,1.1309642309170327,1.724909997552249
path_a_only,46.8289010879962,0.15120099451778218,0.0,0.5,0.1,0.1,0.09576773643493652,0.0007006202863310902,0.0933837890625,0.098876953125,16384,0.253968382585303,1321244.0,1.042788,0.605772,-0.1730952208819654,0.3060107778180148,0.9361599480681906,0.7744177,0.0001284816,0.6904880633298006,0.0958620542455054,0.0001267607018036072,0.00266487677188125,0.02461442610756627,1.2548661173965563,1.7447677927225054
path_a_only,46.94655293699907,0.11671210248442111,0.0,0.5,0.1,0.1,0.09579544514417648,0.0007088834159736913,0.093017578125,0.0987548828125,16384,0.2841029713239286,1321369.0,1.114013,0.6352142,-0.1807556920648397,0.23423797969982038,0.9552276946635851,0.7727255,0.0001287644,0.7198674395894358,0.0958620542455054,0.0001267607018036072,0.00266487677188125,0.02461442610756627,1.3303244409084831,1.7525510721526651
path_a_only,47.067737623998255,0.07887985031313645,0.0,0.5,0.1,0.1,0.09584799408912659,0.000705831422878515,0.0933837890625,0.0992431640625,16384,0.34125254227674556,1321493.0,1.261251,0.6649041,-0.19436813667103586,0.1384945060057849,0.9711026203513422,0.7700311,0.0001295273,0.79912318976085,0.0958620542455054,0.0001267607018036072,0.00266487677188125,0.02461442610756627,1.4291358679117812,1.7664095877012966
path_a_only,47.188734759998624,0.04412085905076107,0.0,0.5,0.1,0.1,0.09596189111471176,0.0006925158493059032,0.0933837890625,0.0989990234375,16384,0.46512117848200757,1321593.0,1.336642,0.6718641,-0.20088368381806884,0.10161499422172089,0.9743306104834241,0.7688929,0.0001293712,0.7829063558353584,0.0958620542455054,0.0001267607018036072,0.00266487677188125,0.02461442610756627,1.4668798921439583,1.7730562367637401
path_a_only,47.30882792599732,0.017499471965750066,0.0,0.5,0.1,0.1,0.09589065611362457,0.0007011630356654884,0.0936279296875,0.0986328125,16384,0.3876495993128763,1321718.0,1.008767,0.5878755,-0.16626509061957467,0.3470813468025163,0.9229791212931179,0.7754016,0.0001273177,0.569573438051902,0.0958620542455054,0.0001267607018036072,0.00266487677188125,0.02461442610756627,1.2111101268056261,1.7378371475752523
path_a_only,47.429171810996195,0.0024654112842017323,0.0,0.5,0.1,0.1,0.09585613012313843,0.0007018588200339822,0.093505859375,0.0986328125,16384,0.3501008807824135,1321843.0,0.9514796,0.548947,-0.14852415222668303,0.4305755637597638,0.8902501109791038,0.7840171,0.0001262787,0.4616343576637797,0.0958620542455054,0.0001267607018036072,0.00266487677188125,0.02461442610756627,1.1203085126047778,1.7198720314111569
path_a_only,47.5497444040011,0.0012186364322438747,0.0,0.5,0.1,0.1,0.09589230269193649,0.0007092820632238834,0.09326171875,0.0986328125,16384,0.3894403344866424,1321967.0,0.9304018,0.5326669,-0.13846492506722244,0.46399234905707576,0.8749506069159706,0.7890428,0.0001254942,0.38013463815994425,0.0958620542455054,0.0001267607018036072,0.00266487677188125,0.02461442610756627,1.0831981760525995,1.7097075672847195
path_a_only,47.67054582399578,0.014013212018224308,0.0,0.5,0.1,0.1,0.09591622650623322,0.0006859820531165304,0.0936279296875,0.0987548828125,16384,0.4154586631878327,1322091.0,0.892153,0.4831973,-0.1204113770555066,0.5553663405104925,0.8228422255229615,0.799407,0.0001238152,0.20570757755199678,0.0958620542455054,0.0001267607018036072,0.00266487677188125,0.02461442610756627,0.9770902111284183,1.691500590927018
path_a_only,47.79091206099838,0.038935950948108526,0.0,0.5,0.1,0.1,0.09600572288036346,0.0006629612228442988,0.0936279296875,0.098876953125,16384,0.5127903867501803,1322191.0,0.8714776,0.446971,-0.1072987938631758,0.6170848273681435,0.779546845717136,0.8096025,0.0001231366,0.13520954102516158,0.0958620542455054,0.0001267607018036072,0.00266487677188125,0.02461442610756627,0.9012018781786422,1.6783020837686442
path_a_only,47.907636443997035,0.07138861529288301,0.0,0.5,0.1,0.1,0.0960046648979187,0.000686454391932342,0.09375,0.098876953125,16384,0.5116397786294798,1322315.0,0.8737534,0.4546343,-0.10799321535505436,0.6047563547015238,0.7890546349178881,0.8048356,0.0001236464,0.18817137276901588,0.0958620542455054,0.0001267607018036072,0.00266487677188125,0.02461442610756627,0.9168617079873815,1.6790005639432097
path_a_only,48.03285272499488,0.11030267403214927,0.0,0.5,0.1,0.1,0.09594403207302094,0.0007020056846088105,0.093505859375,0.0987548828125,16384,0.445698589289621,1322439.0,0.941647,0.5469421,-0.14112496002886699,0.43680622417700277,0.8884166073284991,0.7880017,0.0001250188,0.330746535352905,0.0958620542455054,0.0001267607018036072,0.00266487677188125,0.02461442610756627,1.1138363192226084,1.7123939824132732
path_a_only,48.15466377499979,0.14669960476731364,0.0,0.5,0.1,0.1,0.09598614275455475,0.0007006269238339513,0.0936279296875,0.0992431640625,16384,0.4914960336431332,1322563.0,1.026981,0.5985077,-0.16963751584428285,0.3233400678045188,0.930953443395721,0.7756984,0.0001271746,0.5547071412246243,0.0958620542455054,0.0001267607018036072,0.00266487677188125,0.02461442610756627,1.2365097642663878,1.7412581691974107
path_a_only,48.2720152030015,0.1754282739486872,0.0,0.5,0.1,0.1,0.09606382250785828,0.0006893110045183382,0.09326171875,0.09912109375,16384,0.5759765988996297,1322687.0,1.172426,0.6482217,-0.18938709975577772,0.1937328200522816,0.962600706877304,0.770705,0.0001281161,0.6525171933761363,0.0958620542455054,0.0001267607018036072,0.00266487677188125,0.02461442610756627,1.3721897204687084,1.7613342390655207
path_a_only,48.39230051999766,0.1943304334312374,0.0,0.5,0.1,0.1,0.09606777876615524,0.0007027164805446929,0.09326171875,0.09912109375,16384,0.5802792250411221,1322812.0,1.315326,0.6717706,-0.1965293480929046,0.11017323890227833,0.9742884956561683,0.7714186,0.0001286734,0.7104136799019297,0.0958620542455054,0.0001267607018036072,0.00266487677188125,0.02461442610756627,1.4581939450563937,1.7686133006001004
path_a_only,48.50939133999782,0.19995647955037738,0.0,0.5,0.1,0.1,0.09605050086975098,0.00069249098015222,0.09375,0.0989990234375,16384,0.5614886600277118,1322911.0,1.207802,0.6542744,-0.19387982514918514,0.1721108796630783,0.9658097423932536,0.7696215,0.0001286134,0.7041804317563214,0.0958620542455054,0.0001267607018036072,0.00266487677188125,0.02461442610756627,1.3944438481758645,1.7659118068908521
path_a_only,48.63074347200018,0.19168245103183812,0.0,0.5,0.1,0.1,0.09590813517570496,0.0007012499193144703,0.093505859375,0.0994873046875,16384,0.4066589419267014,1323036.0,1.024179,0.5963825,-0.16964000441503718,0.32779691132021577,0.9293930566939871,0.7734114,0.0001284739,0.6896881298177812,0.0958620542455054,0.0001267607018036072,0.00266487677188125,0.02461442610756627,1.2317182090343808,1.7412606943671878
path_a_only,48.75080428799993,0.17053178471317892,0.0,0.5,0.1,0.1,0.09593290835618973,0.0006988815055284733,0.09326171875,0.0987548828125,16384,0.4336009982740878,1323160.0,1.066241,0.6206721,-0.17231365062800638,0.2738178536162778,0.9462197360276439,0.7742119,0.0001284225,0.6843483139063774,0.0958620542455054,0.0001267607018036072,0.00266487677188125,0.02461442610756627,1.2891101356969354,1.7439742991692095
path_a_only,48.87215968599776,0.13909119664085087,0.0,0.5,0.1,0.1,0.09609783440828323,0.0007063128688744037,0.09375,0.0992431640625,16384,0.6129662191179212,1323285.0,1.230155,0.6575136,-0.19651359924919268,0.15933027903567334,0.96746900079152,0.7673407,0.000129608,0.8075069085166944,0.0958620542455054,0.0001267607018036072,0.00266487677188125,0.02461442610756627,1.407573711498486,1.7685972385384907
path_a_only,48.99042005500087,0.10300917415694448,0.0,0.5,0.1,0.1,0.09607235342264175,0.0007105692801576659,0.0936279296875,0.0987548828125,16384,0.5852543897320379,1323409.0,1.137744,0.6384037,-0.18771420151212223,0.22075182242950678,0.9570956124884901,0.7689798,0.0001289279,0.7368530407862194,0.0958620542455054,0.0001267607018036072,0.00266487677188125,0.02461442610756627,1.3441129464091004,1.7596307865643033
path_a_only,49.11250818499684,0.06538588184544133,0.0,0.5,0.1,0.1,0.09594447910785675,0.0007113448112739852,0.0933837890625,0.0989990234375,16384,0.4461847617349874,1323534.0,1.029629,0.5971148,-0.17256389460273147,0.32472604427556656,0.929932631134471,0.7744359,0.0001280097,0.6414635666645886,0.0958620542455054,0.0001267607018036072,0.00266487677188125,0.02461442610756627,1.2348405434582173,1.7442283487468229
path_a_only,49.232756632998644,0.033221688934027924,0.0,0.5,0.1,0.1,0.09587205946445465,0.0006993386807419084,0.0933837890625,0.0986328125,16384,0.3674248255856352,1323633.0,0.9221186,0.5173547,-0.1379329912010926,0.4917991405329755,0.8597139613321083,0.7915077,0.0001260206,0.4348210018907527,0.0958620542455054,0.0001267607018036072,0.00266487677188125,0.02461442610756627,1.051182078900915,1.7091704797817329
path_a_only,49.35004073700111,0.010893538182957116,0.0,0.5,0.1,0.1,0.09590506553649902,0.0007126467726759108,0.09326171875,0.098876953125,16384,0.40332055780185233,1323758.0,0.9019272,0.4922717,-0.12777380375064876,0.538286408224028,0.8330195662746259,0.7950634,0.0001259079,0.42311288412391806,0.0958620542455054,0.0001267607018036072,0.00266487677188125,0.02461442610756627,0.9971062755588829,1.698920385544482
path_a_only,49.46720221099531,0.0005303647119592192,0.0,0.5,0.1,0.1,0.09591427445411682,0.0007002432961779261,0.0933837890625,0.098876953125,16384,0.4133357101763996,1323883.0,0.9680692,0.565388,-0.15218145718658438,0.39784532032391784,0.9047430050489073,0.7794282,0.0001268812,0.5242265577926001,0.0958620542455054,0.0001267607018036072,0.00266487677188125,0.02461442610756627,1.1565132001489822,1.7235713914240582
path_a_only,49.58849390899559,0.0038397015195697215,0.0,0.5,0.1,0.1,0.09603312611579895,0.0007123687808510224,0.0936279296875,0.0987548828125,16384,0.5425927576511389,1324009.0,1.087897,0.6308762,-0.17298726393094596,0.2501627676598612,0.952624792976985,0.7727332,0.0001274182,0.5800141286957975,0.0958620542455054,0.0001267607018036072,0.00266487677188125,0.02461442610756627,1.3139910109656618,1.7446581822513512
path_a_only,49.712564196997846,0.02148079444632385,0.0,0.5,0.1,0.1,0.09617101401090622,0.0006983525761431299,0.093505859375,0.098876953125,16384,0.6925526484243961,1324135.0,1.487037,0.6814905,-0.20343452413344099,0.03440147837312495,0.9784839971488261,0.7720291,0.0001285741,0.7000976542209494,0.0958620542455054,0.0001267607018036072,0.00266487677188125,0.02461442610756627,1.5356528654361759,1.7756608562717313
path_a_only,49.8310084199984,0.04936880035386146,0.0,0.5,0.1,0.1,0.09627160429954529,0.0006954674390301271,0.0936279296875,0.0992431640625,16384,0.8019495515059192,1324236.0,1.525688,0.6817059,-0.20506382484747895,0.018550527235373322,0.978572790178744,0.7719587,0.0001289301,0.7370815932182269,0.0958620542455054,0.0001267607018036072,0.00266487677188125,0.02461442610756627,1.5518418802656644,1.777325244275683
path_a_only,49.94857669599878,0.08391507230020942,0.0,0.5,0.1,0.1,0.09605244547128677,0.000648777090366069,0.0936279296875,0.0987548828125,16384,0.5636035101650555,1324361.0,1.121053,0.6374143,-0.1814195274314464,0.22837644103871066,0.9565203376013721,0.7706292,0.0001277313,0.6125412952689657,0.0958620542455054,0.0001267607018036072,0.00266487677188125,0.02461442610756627,1.3364264705491635,1.7532260672485218
path_a_only,50.06675742800144,0.1208190586617727,0.0,0.5,0.1,0.1,0.09596648812294006,0.0006908616626984537,0.0933837890625,0.09912109375,16384,0.47012065179519175,1324486.0,1.037988,0.6061695,-0.16978934330339923,0.3070069869809327,0.9364391538404884,0.7741646,0.0001271376,0.550863304868167,0.0958620542455054,0.0001267607018036072,0.00266487677188125,0.02461442610756627,1.2539932890482373,1.7414122315692664
path_a_only,50.18958709399885,0.15610100308353664,0.0,0.5,0.1,0.1,0.09592533856630325,0.0007046461709973685,0.0933837890625,0.098876953125,16384,0.42536847819921725,1324611.0,1.020354,0.5997268,-0.1643088963666154,0.3235351943198934,0.9318409545685217,0.7757527,0.0001266674,0.5020154169004151,0.0958620542455054,0.0001267607018036072,0.00266487677188125,0.02461442610756627,1.2366180996985676,1.7358536712734556
path_a_only,50.311198201998195,0.18291905389886703,0.0,0.5,0.1,0.1,0.09595846384763718,0.0007044091318475134,0.0936279296875,0.0987548828125,16384,0.4613938564008654,1324735.0,1.088233,0.6256271,-0.1788392968023819,0.25825443923028296,0.9493793501741449,0.7738935,0.0001275628,0.595036256726715,0.0958620542455054,0.0001267607018036072,0.00266487677188125,0.02461442610756627,1.3051985172323608,1.7506029289229326
path_a_only,50.431781658000546,0.19771224691687647,0.0,0.5,0.1,0.1,0.09594808518886566,0.0006997625581372639,0.0933837890625,0.0989990234375,16384,0.45010655279427614,1324835.0,1.074385,0.6192469,-0.17822332526832477,0.27323292592753257,0.9452937186501243,0.7736205,0.000127795,0.6191589270502186,0.0958620542455054,0.0001267607018036072,0.00266487677188125,0.02461442610756627,1.2894195536297675,1.7499768997375587
path_a_only,50.54960168500111,0.1987883320500068,0.0,0.5,0.1,0.1,0.09584305435419083,0.0007110985526366372,0.0933837890625,0.0987548828125,16384,0.33588033675544715,1324959.0,1.016482,0.5931737,-0.16723008623683774,0.3357012958994536,0.9270052525140553,0.7769363,0.0001271806,0.5553304660391866,0.0958620542455054,0.0001267607018036072,0.00266487677188125,0.02461442610756627,1.2233517467774329,1.7388158453799143
path_a_only,50.67063566399884,0.18597237570035288,0.0,0.5,0.1,0.1,0.0958741083741188,0.0007077834065994926,0.09326171875,0.0986328125,16384,0.3696531159602311,1325083.0,0.957143,0.5530535,-0.15092404616724495,0.4219667724196027,0.8939608354185828,0.7833407,0.0001270278,0.5394564607617022,0.0958620542455054,0.0001267607018036072,0.00266487677188125,0.02461442610756627,1.1297827776424372,1.7222992864467699
path_a_only,50.79393095099658,0.16031025881368144,0.0,0.5,0.1,0.1,0.09591090679168701,0.0007067547005204865,0.09326171875,0.098876953125,16384,0.4096732110879729,1325208.0,0.9030164,0.4964351,-0.12732496692092518,0.531242861300192,0.8375973824673584,0.7959389,0.0001259808,0.43068628062083303,0.0958620542455054,0.0001267607018036072,0.00266487677188125,0.02461442610756627,1.005575752866255,1.6984678525209407
path_a_only,50.91086803699727,0.12763713331148838,0.0,0.5,0.1,0.1,0.09588427096605301,0.0007088217818673458,0.09326171875,0.098876953125,16384,0.3807054362182266,1325332.0,0.868748,0.4341592,-0.10720833497354323,0.6371543826845903,0.7632435165384762,0.8107634,0.0001252987,0.35982463795217057,0.0958620542455054,0.0001267607018036072,0.00266487677188125,0.02461442610756627,0.8751941084943171,1.6782111000576223
path_a_only,51.03269012999954,0.0897481362123896,0.0,0.5,0.1,0.1,0.0959937646985054,0.0007033227988819414,0.09326171875,0.098876953125,16384,0.49978527383662985,1325431.0,0.8464252,0.3946033,-0.08576264178723655,0.6991683413145502,0.7097946180249148,0.8248844,0.0001242417,0.2500155831203644,0.0958620542455054,0.0001267607018036072,0.00266487677188125,0.02461442610756627,0.7929399338683987,1.6566644520944782
path_a_only,51.14954092499829,0.05472950053260458,0.0,0.5,0.1,0.1,0.09604860097169876,0.0006910818402925663,0.093505859375,0.098876953125,16384,0.5594224271349048,1325555.0,0.8393362,0.3851984,-0.07726551626446582,0.7134627901170061,0.6964200507702535,0.8321607,0.0001234199,0.16464086101934433,0.0958620542455054,0.0001267607018036072,0.00266487677188125,0.02461442610756627,0.7733106985213838,1.6481389290030821
path_a_only,51.26951321800152,0.025090113199842876,0.0,0.5,0.1,0.1,0.0960707738995552,0.000700611711496094,0.0936279296875,0.099365234375,16384,0.5835365804250767,1325680.0,0.8476322,0.3925933,-0.08780371276337101,0.7017849182022244,0.7069571674499556,0.8229063,0.0001242232,0.24809366494213578,0.0958620542455054,0.0001267607018036072,0.00266487677188125,0.02461442610756627,0.7890696842951592,1.6587132531047468
path_a_only,51.39177283999743,0.005724721894988696,0.0,0.5,0.1,0.1,0.09611430019140244,0.000709482432663048,0.093505859375,0.099365234375,16384,0.6308735708555825,1325804.0,0.8320262,0.3632518,-0.06960805747409866,0.7442534444533987,0.6642601363576881,0.8378877,0.0001235247,0.17552826778034217,0.0958620542455054,0.0001267607018036072,0.00266487677188125,0.02461442610756627,0.7286663920885434,1.6404607189605998
path_a_only,51.51382249799644,9.427023162961179e-05,0.0,0.5,0.1,0.1,0.09611456096172333,0.000718080135801813,0.093505859375,0.0992431640625,16384,0.6311571714487129,1325929.0,0.8421602,0.3750924,-0.08287172648532602,0.7268538630963697,0.6817739644861962,0.8282525,0.000124026,0.22760705603690207,0.0958620542455054,0.0001267607018036072,0.00266487677188125,0.02461442610756627,0.7534063786932772,1.6537632043141697
path_a_only,51.633994916999654,0.008730188711162032,0.0,0.5,0.1,0.1,0.09602802991867065,0.0007106249806201556,0.09326171875,0.0994873046875,16384,0.5370503917739622,1326054.0,0.8453808,0.3952302,-0.08419546063093333,0.6984618631609089,0.7106772475033493,0.8236619,0.0001237118,0.19496561324773154,0.0958620542455054,0.0001267607018036072,0.00266487677188125,0.02461442610756627,0.794066632169788,1.6550915812875178
path_a_only,51.75151896999887,0.029627555999894292,0.0,0.5,0.1,0.1,0.09613274037837982,0.0006982614403950708,0.09375,0.099365234375,16384,0.6509281842269453,1326153.0,0.8288135,0.3449727,-0.06688670494077036,0.7683750340741073,0.6364950712407604,0.842118,0.000122704,0.09026782189532447,0.0958620542455054,0.0001267607018036072,0.00266487677188125,0.02461442610756627,0.6917990379560228,1.6377330057156672
path_a_only,51.871696547998,0.060774923334142174,0.0,0.5,0.1,0.1,0.09622202068567276,0.0007039838089821759,0.0938720703125,0.0992431640625,16384,0.7480249244406991,1326277.0,0.8249598,0.3548706,-0.05995481606024605,0.7561573963072166,0.6516374851411426,0.843042,0.0001218351,0.0,0.0958620542455054,0.0001267607018036072,0.00266487677188125,0.02461442610756627,0.711290420281494,1.630787119810639
path_a_only,51.9897739980006,0.09678795930229195,0.0,0.5,0.1,0.1,0.09615982323884964,0.0007018007921866615,0.0936279296875,0.0994873046875,16384,0.680382131542058,1326401.0,0.8322233,0.366414,-0.06950718708298749,0.7400284533847377,0.6689743187333903,0.8340134,0.0001222488,0.042978245963971005,0.0958620542455054,0.0001267607018036072,0.00266487677188125,0.02461442610756627,0.7350121766763031,1.6403596036616581
path_a_only,52.11064016399905,0.13406294717201006,0.0,0.5,0.1,0.1,0.09601964056491852,0.0006407106102962803,0.093994140625,0.0989990234375,16384,0.5279265555492533,1326526.0,0.8603048,0.4377272,-0.09561895916923331,0.6334720992072687,0.7678346919574087,0.8180877,0.0001225155,0.07068503397120247,0.0958620542455054,0.0001267607018036072,0.00266487677188125,0.02461442610756627,0.8809897119905115,1.6665615958601372
path_a_only,52.23070095499861,0.1662962091429568,0.0,0.5,0.1,0.1,0.09585395455360413,0.0006997023389867286,0.093505859375,0.098876953125,16384,0.3477348415482972,1326650.0,0.9073354,0.5036338,-0.1289835933006524,0.5183662959337689,0.8453754289658271,0.794333,0.0001244652,0.27323443246275625,0.0958620542455054,0.0001267607018036072,0.00266487677188125,0.02461442610756627,1.0207428416988256,1.7001402694455412
path_a_only,52.35071642999537,0.1892026077087126,0.0,0.5,0.1,0.1,0.09582305699586868,0.0007070271331429588,0.0933837890625,0.0992431640625,16384,0.31413222269939145,1326774.0,0.9093248,0.4970976,-0.13374485861172963,0.5285178217029843,0.8383204786579301,0.7905745,0.0001251196,0.341218392237528,0.0958620542455054,0.0001267607018036072,0.00266487677188125,0.02461442610756627,1.0082886365940604,1.7049431606037562
path_a_only,52.47083322399703,0.19958048961447014,0.0,0.5,0.1,0.1,0.0958511233329773,0.0007026960995555586,0.0933837890625,0.0987548828125,16384,0.34465574939431015,1326874.0,0.903781,0.4957751,-0.12839641857846648,0.5321218553220807,0.8368755527465298,0.7967614,0.0001244944,0.2762679465602868,0.0958620542455054,0.0001267607018036072,0.00266487677188125,0.02461442610756627,1.0044374326435808,1.6995481713419345
path_a_only,52.591183885000646,0.19592493988946363,0.0,0.5,0.1,0.1,0.09577084332704544,0.000706610818853856,0.0933837890625,0.0989990234375,16384,0.2573472810805993,1326998.0,0.9654142,0.5595203,-0.1537969414961637,0.40855689692810665,0.8996820342537145,0.7838416,0.0001259592,0.4284423112884118,0.0958620542455054,0.0001267607018036072,0.00266487677188125,0.02461442610756627,1.1445276746042703,1.7252061201809115
path_a_only,52.71043370899861,0.17893191706295145,0.0,0.5,0.1,0.1,0.0957769975066185,0.0007095752231953509,0.0931396484375,0.0986328125,16384,0.26404025507847634,1327122.0,1.14992,0.6463311,-0.18290128982952944,0.20477155217325396,0.9615694096627923,0.7724934,0.0001277459,0.6140580523177296,0.0958620542455054,0.0001267607018036072,0.00266487677188125,0.02461442610756627,1.360975096767934,1.7547330432783912
path_a_only,52.833236998994835,0.15002620738406605,0.0,0.5,0.1,0.1,0.09590313583612442,0.0007105185796178724,0.0933837890625,0.098876953125,16384,0.4012219134126875,1327246.0,1.442104,0.6773722,-0.2073132960473061,0.05456963902953054,0.9767514278352445,0.769162,0.0001297354,0.820742172079203,0.0958620542455054,0.0001267607018036072,0.00266487677188125,0.02461442610756627,1.514985843505758,1.7796241135004105
path_a_only,52.95118547799939,0.11527549518497993,0.0,0.5,0.1,0.1,0.0961155965924263,0.0007060848989466663,0.0938720703125,0.09912109375,16384,0.632283470947145,1327370.0,-1.360649,0.6637429,-0.21994965497662397,-0.09830122132293852,0.9705457326484326,0.7744362,0.0001304763,0.8977123979305612,0.0958620542455054,0.0001267607018036072,0.00266487677188125,0.02461442610756627,1.6717365807642928,1.7925591881302088
path_a_only,53.07183506000001,0.0776234243909462,0.0,0.5,0.1,0.1,0.09617041051387787,0.0007056927755072546,0.0938720703125,0.0989990234375,16384,0.6918963156231516,1327494.0,-1.438177,0.6718263,-0.2173204448413103,-0.05903266509048229,0.974313588484883,0.7746326,0.0001307772,0.9289721373807904,0.0958620542455054,0.0001267607018036072,0.00266487677188125,0.02461442610756627,1.6313113269940498,1.789864790713666
path_a_only,53.194165205997706,0.04271423882206972,0.0,0.5,0.1,0.1,0.09603404253721237,0.0007174353271870746,0.093505859375,0.0992431640625,16384,0.54358941116414,1327619.0,1.555701,0.67776,-0.2135200387889904,0.006448268791093682,0.9769174032973033,0.7705676,0.0001303448,0.8840511957447706,0.0958620542455054,0.0001267607018036072,0.00266487677188125,0.02461442610756627,1.564195794216519,1.7859730084630518
path_a_only,53.31359871300083,0.016661767808450245,0.0,0.5,0.1,0.1,0.09589768201112747,0.0007033927133542813,0.0933837890625,0.098876953125,16384,0.39529060957921774,1327718.0,1.256025,0.6617055,-0.1979274332503017,0.144173209782141,0.969555989485941,0.7692691,0.0001290933,0.7540360281742831,0.0958620542455054,0.0001267607018036072,0.00266487677188125,0.02461442610756627,1.4231777783821835,1.7700393979092095
path_a_only,53.43444854999689,0.0021129973735099228,0.0,0.5,0.1,0.1,0.09589209407567978,0.0007035674965968688,0.093505859375,0.0989990234375,16384,0.3892134540121381,1327845.0,1.246795,0.6617402,-0.19517877594971905,0.14776156374375013,0.969572981110123,0.7702926,0.0001284717,0.6894595773857765,0.0958620542455054,0.0001267607018036072,0.00266487677188125,0.02461442610756627,1.4195613907372024,1.7672360553019368
path_a_only,53.553840228996705,0.001427078553146291,0.0,0.5,0.1,0.1,0.09591381251811981,0.0007001252570951645,0.0933837890625,0.0987548828125,16384,0.4128333319828543,1327973.0,1.178721,0.6495464,-0.19000485811822015,0.18953138268983138,0.9633151140032817,0.7707584,0.0001276261,0.6016123335203304,0.0958620542455054,0.0001267607018036072,0.00266487677188125,0.02461442610756627,1.376528576566268,1.7619634215835154
path_a_only,53.67452720100118,0.01465846875050597,0.0,0.5,0.1,0.1,0.09581489861011505,0.0007062893106242142,0.09326171875,0.0987548828125,16384,0.3052595755714552,1328074.0,1.017899,0.5889508,-0.17168559965669547,0.3422119713187352,0.9238046446931657,0.7737459,0.0001269947,0.5360177855347096,0.0958620542455054,0.0001267607018036072,0.00266487677188125,0.02461442610756627,1.2160315601064333,1.7433367467521774
path_a_only,53.79472398600046,0.0398886575087418,0.0,0.5,0.1,0.1,0.09581393003463745,0.000696011394831907,0.0933837890625,0.098876953125,16384,0.30420620193982806,1328200.0,0.9437112,0.5449995,-0.1440007028894538,0.43949668058546787,0.8866264519636771,0.7858539,0.0001254292,0.37338195266886887,0.0958620542455054,0.0001267607018036072,0.00266487677188125,0.02461442610756627,1.1105982995132315,1.7152994030288027
path_a_only,53.911692322995805,0.07261183002156762,0.0,0.5,0.1,0.1,0.09577284008264542,0.0007055109346000246,0.093017578125,0.098876953125,16384,0.2595188513365691,1328326.0,0.9348276,0.535168,-0.14127611881028776,0.4585601066348956,0.8773617764963861,0.7889846,0.0001254129,0.371688586922645,0.0958620542455054,0.0001267607018036072,0.00266487677188125,0.02461442610756627,1.0891870973353903,1.7125466709794888
path_a_only,54.03635768700042,0.1113972841224316,0.0,0.5,0.1,0.1,0.09579775482416153,0.0006982023437936874,0.09326171875,0.0987548828125,16384,0.28661486229165484,1328453.0,0.9311858,0.5379702,-0.13651680142825026,0.45486019290062085,0.8800371400356974,0.7907858,0.0001247514,0.30296702611731147,0.0958620542455054,0.0001267607018036072,0.00266487677188125,0.02461442610756627,1.0937481096478923,1.7077407646580696
path_a_only,54.15478382099536,0.14673295001706865,0.0,0.5,0.1,0.1,0.09586098045110703,0.0006937487356196567,0.0936279296875,0.0986328125,16384,0.35537585181463865,1328579.0,0.9159818,0.511867,-0.13431499377989065,0.5025408195385836,0.8540563255098557,0.7908649,0.0001247551,0.30335140975295605,0.0958620542455054,0.0001267607018036072,0.00266487677188125,0.02461442610756627,1.0389376592590622,1.7055184867845186
path_a_only,54.27643760299543,0.17633313435800402,0.0,0.5,0.1,0.1,0.0959300696849823,0.0006718978196412859,0.09326171875,0.0986328125,16384,0.43051380324601135,1328678.0,0.8956416,0.4827946,-0.12442821581613112,0.5551591886858463,0.8223842741240175,0.7979139,0.0001246074,0.2880072305678488,0.0958620542455054,0.0001267607018036072,0.00266487677188125,0.02461442610756627,0.977005057080004,1.6955478745642758
path_a_only,54.394372157999896,0.19454446164610256,0.0,0.5,0.1,0.1,0.09596720337867737,0.0006915966507361524,0.093505859375,0.0989990234375,16384,0.47089852770777796,1328803.0,0.8738984,0.461637,-0.10621220595978222,0.5937876915207444,0.7975808076324443,0.8056431,0.0001236485,0.18838953645411335,0.0958620542455054,0.0001267607018036072,0.00266487677188125,0.02461442610756627,0.9308335714533875,1.677209250598584
path_a_only,54.51459317999979,0.19989492641289022,0.0,0.5,0.1,0.1,0.09602826088666916,0.0007010174078370632,0.093505859375,0.098876953125,16384,0.5373015808707349,1328927.0,0.8715084,0.4522461,-0.1059214442195523,0.6089413154895823,0.7861113928345406,0.8088416,0.0001238126,0.20543747013235175,0.0958620542455054,0.0001267607018036072,0.00266487677188125,0.02461442610756627,0.9117207611311375,1.6769168393666607
path_a_only,54.63665117799974,0.19092563638119606,0.0,0.5,0.1,0.1,0.09606512635946274,0.0006961362092275845,0.093505859375,0.09912109375,16384,0.5773946018652816,1329050.0,0.8594474,0.425667,-0.09723761750044563,0.6517667900355267,0.7521601539231008,0.8139379,0.0001239258,0.21719753163373387,0.0958620542455054,0.0001267607018036072,0.00266487677188125,0.02461442610756627,0.8567856140507688,1.6681878327451416
path_a_only,54.7551248009986,0.16956311845324712,0.0,0.5,0.1,0.1,0.09604368358850479,0.0007012648585634745,0.0931396484375,0.0994873046875,16384,0.5540745302358747,1329174.0,0.8524264,0.4041133,-0.09232665498170087,0.6845840215200684,0.723063279567771,0.8191611,0.0001239805,0.22288017619314762,0.0958620542455054,0.0001267607018036072,0.00266487677188125,0.02461442610756627,0.8127272235793113,1.663254656145013
path_a_only,54.87354864199733,0.13868919384430053,0.0,0.5,0.1,0.1,0.09606757014989853,0.000700621347041134,0.0933837890625,0.0989990234375,16384,0.5800523445666178,1329298.0,0.8421448,0.394316,-0.07982030744790813,0.7002820178056715,0.709389747640138,0.8281917,0.0001234515,0.167923705042697,0.0958620542455054,0.0001267607018036072,0.00266487677188125,0.02461442610756627,0.7918589603948192,1.6507016377884964
path_a_only,54.99869008799578,0.10041151983141541,0.0,0.5,0.1,0.1,0.09599315375089645,0.0006984905854450617,0.0933837890625,0.09912109375,16384,0.4991208381612958,1329422.0,0.8496614,0.4018652,-0.08895531145969632,0.6883014041624398,0.7199500882638478,0.8216497,0.000124519,0.27882357829998494,0.0958620542455054,0.0001267607018036072,0.00266487677188125,0.02461442610756627,0.8078681253519004,1.6598693759202257
path_a_only,55.11918771699857,0.06342493049243178,0.0,0.5,0.1,0.1,0.09598042815923691,0.0007024028604080302,0.0933837890625,0.0989990234375,16384,0.4852811292165331,1329545.0,0.857856,0.4120727,-0.09808034041362401,0.6720653098060707,0.7339676192991199,0.8161957,0.0001249558,0.324201624800017,0.0958620542455054,0.0001267607018036072,0.00266487677188125,0.02461442610756627,0.8293959670199778,1.6690346033004737
path_a_only,55.24033630699705,0.03146830920706084,0.0,0.5,0.1,0.1,0.09592070430517197,0.0007010221707335966,0.093505859375,0.0986328125,16384,0.42032849051558585,1329644.0,0.8598834,0.4167948,-0.09977132786658542,0.6647772743910751,0.7403491457338973,0.8182404,0.0001250708,0.3361486837457664,0.0958620542455054,0.0001267607018036072,0.00266487677188125,0.02461442610756627,0.8391293649964826,1.6707339264672558
path_a_only,55.363586594998196,0.009043296705921508,0.0,0.5,0.1,0.1,0.09590499103069305,0.0006951762582208428,0.09326171875,0.09912109375,16384,0.40323952906095795,1329769.0,0.861863,0.42174,-0.10128209025475703,0.6571077837969781,0.7469613769580401,0.8154665,0.00012535,0.3651540651166671,0.0958620542455054,0.0001267607018036072,0.00266487677188125,0.02461442610756627,0.8493061493771759,1.6722523809487293
path_a_only,55.48218070399889,0.00015665252968059817,0.0,0.5,0.1,0.1,0.09597216546535492,0.0007000919847503921,0.093505859375,0.0986328125,16384,0.4762950418513447,1329893.0,0.8613354,0.426695,-0.09946381618152839,0.6498649589408216,0.7535134268289128,0.8132904,0.0001248088,0.3089301668432747,0.0958620542455054,0.0001267607018036072,0.00266487677188125,0.02461442610756627,0.8591207060348083,1.6704248775090946
path_a_only,55.60081223299494,0.004973509938130838,0.0,0.5,0.1,0.1,0.09598105400800705,0.0007088410019088616,0.09326171875,0.0992431640625,16384,0.48596177064004603,1330018.0,0.8602508,0.4215845,-0.0991974318142613,0.6576606161891984,0.7467545670667833,0.8144425,0.0001247505,0.3028735273951264,0.0958620542455054,0.0001267607018036072,0.00266487677188125,0.02461442610756627,0.8487517371609377,1.6701571691853454
path_a_only,55.72254141599842,0.023460051444200977,0.0,0.5,0.1,0.1,0.09599928557872772,0.0006924546652156687,0.093505859375,0.0989990234375,16384,0.5057895035369045,1330142.0,0.8525524,0.4102466,-0.09130456340199139,0.6757198012546034,0.7314822122884541,0.8197657,0.0001238007,0.20420120925014015,0.0958620542455054,0.0001267607018036072,0.00266487677188125,0.02461442610756627,0.8250038851749175,1.6622282289173442
path_a_only,55.83966936299839,0.05173363427449131,0.0,0.5,0.1,0.1,0.0959218367934227,0.0007187149498294268,0.093505859375,0.0987548828125,16384,0.4215601273771807,1330266.0,0.8456334,0.3976321,-0.0841370526154009,0.6950219852590895,0.7140485952536474,0.8210687,0.0001233214,0.15440794531363614,0.0958620542455054,0.0001267607018036072,0.00266487677188125,0.02461442610756627,0.7989002931078746,1.6550329652863143
path_a_only,55.963626063996344,0.08859764438089773,0.0,0.5,0.1,0.1,0.09593723714351654,0.0007016887940582567,0.0933837890625,0.09912109375,16384,0.4383087681200522,1330366.0,0.8431732,0.3871989,-0.08241638948653807,0.7100753584948923,0.6992857241516899,0.8282843,0.0001230066,0.12170417004301082,0.0958620542455054,0.0001267607018036072,0.00266487677188125,0.02461442610756627,0.7777426209737626,1.6533063043152276
path_a_only,56.081741238995164,0.12539845451223228,0.0,0.5,0.1,0.1,0.09597800672054291,0.000696189400275871,0.0936279296875,0.09912109375,16384,0.48264769513746525,1330490.0,0.8404424,0.3945865,-0.0773933533969743,0.7001681713036757,0.7097709494923259,0.8293072,0.0001224428,0.06313241496810768,0.0958620542455054,0.0001267607018036072,0.00266487677188125,0.02461442610756627,0.7922088331426091,1.6482671500813861
path_a_only,56.20384753899998,0.15975209876633334,0.0,0.5,0.1,0.1,0.09601275622844696,0.0006894189227468589,0.09326171875,0.098876953125,16384,0.5204394998906112,1330614.0,0.8469664,0.4065445,-0.08441280717421666,0.6820540993521924,0.7264135760996198,0.8244573,0.0001227627,0.0963660163311102,0.0958620542455054,0.0001267607018036072,0.00266487677188125,0.02461442610756627,0.8168826050672329,1.6553097043340286
path_a_only,56.32359279299999,0.1850321941005813,0.0,0.5,0.1,0.1,0.09598739445209503,0.0006819721178423161,0.0936279296875,0.0987548828125,16384,0.49285731649015907,1330738.0,0.8550924,0.4230192,-0.09210923336699003,0.6565243348880193,0.7486599273557983,0.815035,0.0001234923,0.17216231378171173,0.0958620542455054,0.0001267607018036072,0.00266487677188125,0.02461442610756627,0.8508727761164803,1.6630363040983087
path_a_only,56.44515090799541,0.19851907255602105,0.0,0.5,0.1,0.1,0.0959678664803505,0.000669600519604023,0.0933837890625,0.0987548828125,16384,0.47161968350173805,1330862.0,0.8647204,0.4416725,-0.10024918705412755,0.6266007530736926,0.7728658335975708,0.8112431,0.000123774,0.20142741382534457,0.0958620542455054,0.0001267607018036072,0.00266487677188125,0.02461442610756627,0.8895349657102285,1.671214193523494
path_a_only,56.56677696899715,0.19780754954106686,0.0,0.5,0.1,0.1,0.09588254988193512,0.0006924352699618754,0.0933837890625,0.0986328125,16384,0.37883367230356607,1330986.0,0.86918,0.4476954,-0.10427356992066018,0.616457133147299,0.7804534743389989,0.8090518,0.0001238281,0.20704772590330067,0.0958620542455054,0.0001267607018036072,0.00266487677188125,0.02461442610756627,0.9022625341738486,1.6752597879929116
path_a_only,56.687851759001205,0.18308551532339734,0.0,0.5,0.1,0.1,0.09585022926330566,0.0006958731771935429,0.0931396484375,0.0986328125,16384,0.3436834045035774,1331110.0,0.882283,0.4606211,-0.11646595769543723,0.5935121690798253,0.796353555810637,0.8019992,0.0001248244,0.31055081136113366,0.0958620542455054,0.0001267607018036072,0.00266487677188125,0.02461442610756627,0.9303181930972002,1.6875272016432732
path_a_only,56.80999935599539,0.15620850512005294,0.0,0.5,0.1,0.1,0.09573592245578766,0.000688158649519204,0.0933837890625,0.0987548828125,16384,0.21936911022339625,1331210.0,0.886622,0.4745131,-0.11711684303971864,0.5705792448542931,0.8128486762109627,0.8013617,0.0001245973,0.2869579671300045,0.0958620542455054,0.0001267607018036072,0.00266487677188125,0.02461442610756627,0.9587627400673657,1.6881825720483983
path_a_only,56.92719019299693,0.1226749310457673,0.0,0.5,0.1,0.1,0.09562567621469498,0.0006962474267513954,0.0931396484375,0.0985107421875,16384,0.0994708823219596,1331334.0,0.9083828,0.5015391,-0.13093041046800066,0.5215254267940957,0.8431301541410539,0.7941792,0.0001255279,0.3836356458683944,0.0958620542455054,0.0001267607018036072,0.00266487677188125,0.02461442610756627,1.016842428365191,1.7021037378795585
path_a_only,57.048296442997525,0.08488537416821415,0.0,0.5,0.1,0.1,0.09561129659414291,0.0007004472757669125,0.0927734375,0.098876953125,16384,0.08383233532934131,1331458.0,0.9259158,0.5175011,-0.14159407516850134,0.4904955802850778,0.8598634796280056,0.7878394,0.000126414,0.47569033223212775,0.0958620542455054,0.0001267607018036072,0.00266487677188125,0.02461442610756627,1.0524000979498043,1.7128678560421673
path_a_only,57.16848456599837,0.049506222404990086,0.0,0.5,0.1,0.1,0.09559175372123718,0.0007024224973208934,0.0931396484375,0.0985107421875,16384,0.06257849659274145,1331582.0,0.9233386,0.5185063,-0.13859283405519168,0.48955460132134987,0.8608880988105506,0.7882455,0.0001268408,0.5200295040412228,0.0958620542455054,0.0001267607018036072,0.00266487677188125,0.02461442610756627,1.053738044883196,1.7098367215270378
path_a_only,57.29085978999501,0.02081923427891516,0.0,0.5,0.1,0.1,0.09561187028884888,0.0007060320278132397,0.093017578125,0.0986328125,16384,0.08445625663422816,1331706.0,0.921708,0.5146287,-0.13878907179130137,0.49641897029276477,0.8569164483686728,0.7904769,0.0001266902,0.5043840511957459,0.0958620542455054,0.0001267607018036072,0.00266487677188125,0.02461442610756627,1.0457301339492702,1.7100348742689417
path_a_only,57.413268646996585,0.0036892102470584553,0.0,0.5,0.1,0.1,0.09561530500650406,0.0007131451175071608,0.0928955078125,0.0987548828125,16384,0.08819168158945978,1331830.0,0.9245526,0.5177841,-0.1401225346238574,0.4904117644341774,0.8601522984885541,0.7903232,0.0001268922,0.5253693199526266,0.0958620542455054,0.0001267607018036072,0.00266487677188125,0.02461442610756627,1.0526181592050285,1.711381495996658
path_a_only,57.52961814899754,0.0004325857531544963,0.0,0.5,0.1,0.1,0.09566773474216461,0.0007270157084240488,0.09326171875,0.0989990234375,16384,0.1452116065568457,1331956.0,0.9064214,0.4946311,-0.13166325192325964,0.5332939651455509,0.8356209277132354,0.7965092,0.0001264695,0.4814560867668137,0.0958620542455054,0.0001267607018036072,0.00266487677188125,0.02461442610756627,1.0027605514853386,1.7028429788877917
path_a_only,57.65255130700098,0.011266086694428301,0.0,0.5,0.1,0.1,0.09567969292402267,0.0007204851984084554,0.09326171875,0.0986328125,16384,0.15821671947039614,1332056.0,0.883343,0.464029,-0.1166647541641508,0.5879262093286547,0.8004574364201117,0.8026206,0.0001255396,0.38485112925678866,0.0958620542455054,0.0001267607018036072,0.00266487677188125,0.02461442610756627,0.9372971778755828,1.6877273626049416
path_a_only,57.77396270800091,0.034807743231913324,0.0,0.5,0.1,0.1,0.09571520239114761,0.0007103616625813384,0.0936279296875,0.0989990234375,16384,0.19683501738066492,1332181.0,0.8662584,0.4362062,-0.10353049834935353,0.6345910117801821,0.7658822910077889,0.8138051,0.0001244766,0.27441874961042306,0.0958620542455054,0.0001267607018036072,0.00266487677188125,0.02461442610756627,0.8788727553229707,1.6745126726691648
path_a_only,57.89046964499721,0.06626506547432837,0.0,0.5,0.1,0.1,0.09580589085817337,0.0007043988883489271,0.09326171875,0.0986328125,16384,0.2954632007973228,1332305.0,0.8721306,0.4492552,-0.1074888250695093,0.613429906805906,0.7824000906961053,0.805454,0.0001245868,0.2858671487045227,0.0958620542455054,0.0001267607018036072,0.00266487677188125,0.02461442610756627,0.9058655591529483,1.678493220402385
path_a_only,58.01258859099471,0.10395379164808984,0.0,0.5,0.1,0.1,0.0958099365234375,0.00067947672105113,0.0931396484375,0.098876953125,16384,0.2998630614278885,1332430.0,0.8859832,0.4711254,-0.11748555707125323,0.5761115766114224,0.8088835485865431,0.8029105,0.0001249927,0.32803507240956703,0.0958620542455054,0.0001267607018036072,0.00266487677188125,0.02461442610756627,0.9519090145111422,1.688553849237177
path_a_only,58.134691986997495,0.1410632245438454,0.0,0.5,0.1,0.1,0.0958346500992775,0.0006923075926938635,0.093505859375,0.0985107421875,16384,0.3267402947825594,1332554.0,0.8976596,0.4882643,-0.12465731211177002,0.545848878558512,0.8285587223084937,0.7966014,0.0001252259,0.35226163020216567,0.0958620542455054,0.0001267607018036072,0.00266487677188125,0.02461442610756627,0.9882643880749589,1.6957787685453503
path_a_only,58.25486176499544,0.17178240103847534,0.0,0.5,0.1,0.1,0.09579411149024963,0.0006895293812777042,0.09326171875,0.0986328125,16384,0.2826525568619189,1332678.0,0.9128724,0.503411,-0.13481094406922584,0.5172706482528947,0.8451373177272402,0.7909786,0.0001256343,0.39468927257994213,0.0958620542455054,0.0001267607018036072,0.00266487677188125,0.02461442610756627,1.0215598674642923,1.706018989125793
path_a_only,58.37720318699576,0.19265061306552106,0.0,0.5,0.1,0.1,0.09580575674772263,0.0006828478199386595,0.093505859375,0.0987548828125,16384,0.2953173490637129,1332802.0,0.9081492,0.5037011,-0.12979945858554867,0.5180452953778313,0.8454473209418751,0.7931826,0.0001249254,0.321043445739574,0.0958620542455054,0.0001267607018036072,0.00266487677188125,0.02461442610756627,1.0210567292761459,1.700963051403208
path_a_only,58.496558202001324,0.1999941543033629,0.0,0.5,0.1,0.1,0.09582778066396713,0.000674604196773514,0.09326171875,0.098876953125,16384,0.31926944487209613,1332901.0,0.90753,0.4992686,-0.13096529178997446,0.5254575938312732,0.8406797305938901,0.792403,0.0001251686,0.34630887822310974,0.0958620542455054,0.0001267607018036072,0.00266487677188125,0.02461442610756627,1.0121689877835944,1.7021389221643433
path_a_only,58.61661375800031,0.1933639980616935,0.0,0.5,0.1,0.1,0.09578263759613037,0.0006874798694846663,0.0933837890625,0.098876953125,16384,0.27017413076418206,1333025.0,0.8989958,0.4961313,-0.12316367670202173,0.5327452681107261,0.8372653032622757,0.7986411,0.000124357,0.2619938083068412,0.0958620542455054,0.0001267607018036072,0.00266487677188125,0.02461442610756627,1.0041180534501581,1.6942735327359593
path_a_only,58.73778648299776,0.17337112826943468,0.0,0.5,0.1,0.1,0.09579562395811081,0.0006938133143449815,0.093017578125,0.0987548828125,16384,0.28429744030207516,1333149.0,0.9061398,0.5099983,-0.1251600614172735,0.5081829498499617,0.8521062425002035,0.7957033,0.0001247005,0.2976791539404524,0.0958620542455054,0.0001267607018036072,0.00266487677188125,0.02461442610756627,1.0330395281085485,1.6962854863478094
path_a_only,58.86019707399828,0.14252190078391205,0.0,0.5,0.1,0.1,0.09568968415260315,0.0006987155691396097,0.0931396484375,0.0986328125,16384,0.16908267362433455,1333274.0,0.9939976,0.5809438,-0.16111133624286844,0.363504424886468,0.9175552683201135,0.7781083,0.0001259845,0.4310706642564776,0.0958620542455054,0.0001267607018036072,0.00266487677188125,0.02461442610756627,1.1935992740234553,1.732612923157197
path_a_only,58.97727174499596,0.10713422612498338,0.0,0.5,0.1,0.1,0.09574910998344421,0.0006957320182401622,0.09326171875,0.0986328125,16384,0.2337111973617042,1333398.0,1.091047,0.6272253,-0.1785473471360487,0.2547574943461055,0.9503785897762919,0.7725182,0.0001272499,0.5625298676473641,0.0958620542455054,0.0001267607018036072,0.00266487677188125,0.02461442610756627,1.3088945292687466,1.7503062034050831
path_a_only,59.0966213809952,0.07010949697138305,0.0,0.5,0.1,0.1,0.09579133242368698,0.0007011862088077578,0.0931396484375,0.0987548828125,16384,0.279630184826558,1333522.0,1.161558,0.6459089,-0.18817234465391977,0.20105199611570285,0.9613372267655809,0.7706602,0.0001283719,0.6790916079702457,0.0958620542455054,0.0001267607018036072,0.00266487677188125,0.02461442610756627,1.3646300152804995,1.7600972420003167
path_a_only,59.2190673399964,0.03648363761390132,0.0,0.5,0.1,0.1,0.09577750414609909,0.0007095697216203167,0.0931396484375,0.098876953125,16384,0.26459125051655824,1333621.0,1.109625,0.6331129,-0.18111603984933458,0.23901274270301842,0.9539758324689755,0.7712338,0.0001286648,0.7095202476677253,0.0958620542455054,0.0001267607018036072,0.00266487677188125,0.02461442610756627,1.3253059050706169,1.7529174673295156
path_a_only,59.33576091699797,0.013018657895161365,0.0,0.5,0.1,0.1,0.0957639291882515,0.0007046187957920329,0.0931396484375,0.098876953125,16384,0.2498278139255994,1333745.0,1.186218,0.6507446,-0.19116603195999074,0.1850550954913914,0.9639554760762261,0.768785,0.0001292796,0.7733902636663975,0.0958620542455054,0.0001267607018036072,0.00266487677188125,0.02461442610756627,1.3811291432118074,1.7631462765089103
path_a_only,59.45262557499518,0.0011054926119238861,0.0,0.5,0.1,0.1,0.09580811858177185,0.000700127751949842,0.0931396484375,0.0986328125,16384,0.29788596015006524,1333869.0,1.18143,0.6520999,-0.1875246413748834,0.18504126290775597,0.9646731259337145,0.7715332,0.0001288794,0.731814498535188,0.0958620542455054,0.0001267607018036072,0.00266487677188125,0.02461442610756627,1.3812807166693784,1.7594377993205712
path_a_only,59.57344513099815,0.0026501359188548512,0.0,0.5,0.1,0.1,0.09574953466653824,0.0007118173024989031,0.0928955078125,0.0986328125,16384,0.23417306118480224,1333993.0,1.104656,0.6302479,-0.18198680137308193,0.2451861862447906,0.9522418485871798,0.7724025,0.000128817,0.7253319204637548,0.0958620542455054,0.0001267607018036072,0.00266487677188125,0.02461442610756627,1.318787237656621,1.753802944224205
path_a_only,59.69763786599651,0.018664344778627384,0.0,0.5,0.1,0.1,0.09579020738601685,0.000699608372295323,0.0931396484375,0.0989990234375,16384,0.27840665083905264,1334118.0,0.9540686,0.5427614,-0.15438526742507036,0.4401603051729514,0.8845473955374826,0.7818252,0.0001281168,0.6525899146045012,0.0958620542455054,0.0001267607018036072,0.00266487677188125,0.02461442610756627,1.1090619328146314,1.7258015576407704
path_a_only,59.817860023998946,0.04585089968633846,0.0,0.5,0.1,0.1,0.09574777632951736,0.000708160082356173,0.0931396484375,0.0985107421875,16384,0.2322607828996945,1334217.0,0.913624,0.5122856,-0.13176231777809488,0.5024767971156365,0.854491521300332,0.7922027,0.0001265946,0.4944524091504074,0.0958620542455054,0.0001267607018036072,0.00266487677188125,0.02461442610756627,1.03921596800227,1.702942915397438
path_a_only,59.93564226899616,0.07991889405439308,0.0,0.5,0.1,0.1,0.0957932248711586,0.0007051860105658068,0.0927734375,0.0992431640625,16384,0.2816883148452756,1334341.0,0.9020942,0.4927473,-0.1277702683327254,0.5374725732583961,0.8335454345896097,0.7923337,0.0001267068,0.5061085831826972,0.0958620542455054,0.0001267607018036072,0.00266487677188125,0.02461442610756627,0.9980832334429985,1.6989168209092491
path_b_only,0.037783298997965176,0.1118421191697218,0.0,0.5,0.1,0.1,0.1106601133942604,0.0007022692642654784,0.1085205078125,0.113525390625,16384,0.771031242498028,1373967.0,0.7673866,0.001600332,0.03601515182969618,0.9993461185313247,0.0032006585352690807,1.043315,0.0001076741,0.5856551017212172,0.11082309587712748,0.00010683987931726907,0.004653858459977678,0.02083912465856985,0.003202741805133247,1.5347733845946552
path_b_only,0.15490570299880346,0.14676679845567522,0.0,0.5,0.1,0.1,0.11053484678268433,0.000680156326952101,0.107666015625,0.11328125,16384,0.7229814694148176,1374090.0,0.7768933,-0.0249919,0.016987663632173192,0.9986065886842294,-0.04996298950990238,1.017171,0.0001094011,0.8315228997309254,0.11082309587712748,0.00010683987931726907,0.004653858459977678,0.02083912465856985,-0.049991019756606025,1.5538078460045803
path_b_only,0.2716847650008276,0.17536007678581592,0.0,0.5,0.1,0.1,0.11086452007293701,0.0006977758617013197,0.1085205078125,0.11376953125,16384,0.8494375664460373,1374213.0,0.7811768,-0.1201324,0.008200112025946182,0.9712403812842656,-0.23795982838612958,1.023072,0.0001077766,0.6002477185689254,0.11082309587712748,0.00010683987931726907,0.004653858459977678,0.02083912465856985,-0.2402730374606752,1.5625961228677365
path_b_only,0.38900346699665533,0.1939815672703844,0.0,0.5,0.1,0.1,0.11102110147476196,0.0007021933497474472,0.108642578125,0.1142578125,16384,0.9094990683265315,1374337.0,0.7803688,-0.1604976,0.009544785099910805,0.9488738868231473,-0.31551108377128295,1.025674,0.0001067711,0.4570977064677325,0.11082309587712748,0.00010683987931726907,0.004653858459977678,0.02083912465856985,-0.32101034667257444,1.561251396762741
path_b_only,0.5069907599972794,0.19997588423305124,0.0,0.5,0.1,0.1,0.11103536933660507,0.0006786278287399615,0.1085205078125,0.114013671875,16384,0.9149719354801834,1374437.0,0.7748853,-0.145993,0.020134310093646197,0.9574624079668712,-0.2878547322649631,1.039321,0.0001060665,0.3567859227516692,0.11082309587712748,0.00010683987931726907,0.004653858459977678,0.02083912465856985,-0.29204694459498715,1.550660656076875
path_b_only,0.629443177000212,0.19184479563163134,0.0,0.5,0.1,0.1,0.11117398738861084,0.0006910101661496489,0.1087646484375,0.1138916015625,16384,0.9681430547458189,1374562.0,0.7758451,-0.1493831,0.01825862162320784,0.9555259436515421,-0.2943412878704764,1.031247,0.0001061017,0.36179724092766274,0.11082309587712748,0.00010683987931726907,0.004653858459977678,0.02083912465856985,-0.29881755082794914,1.552536690517911
path_b_only,0.7468348460024572,0.17141029121240875,0.0,0.5,0.1,0.1,0.1111501082777977,0.0007002590477231371,0.1087646484375,0.1143798828125,16384,0.958983504235399,1374687.0,0.7779386,-0.1179689,0.014505262534052899,0.9721873486323366,-0.23375490693896808,1.032246,0.0001071199,0.5067553138480364,0.11082309587712748,0.00010683987931726907,0.004653858459977678,0.02083912465856985,-0.23596309609525257,1.556290555555086
path_b_only,0.8666187310009263,0.14068742132341522,0.0,0.5,0.1,0.1,0.11096175760030746,0.0007066996778273201,0.1087646484375,0.1136474609375,16384,0.886735942019045,1374812.0,0.7763406,-0.08968266,0.017823533150453975,0.9837956789184642,-0.17840511149457813,1.035225,0.0001078487,0.6105123788100955,0.11082309587712748,0.00010683987931726907,0.004653858459977678,0.02083912465856985,-0.17939412668904264,1.552971849817792
path_b_only,0.9861059500035481,0.10436355860249781,0.0,0.5,0.1,0.1,0.11099815368652344,0.000701187379258517,0.108642578125,0.1138916015625,16384,0.9006967545754884,1374913.0,0.7764237,-0.09550314,0.017621555895152782,0.9816555447778643,-0.18984697041224669,1.031211,0.0001074313,0.5510883956663484,0.11082309587712748,0.00010683987931726907,0.004653858459977678,0.02083912465856985,-0.1910363086295388,1.5531738588002861
path_b_only,1.1035576709982706,0.06803728040650511,0.0,0.5,0.1,0.1,0.11088017374277115,0.0007083949282390309,0.1082763671875,0.11376953125,16384,0.8554420018976416,1375038.0,0.768586,-0.04800159,0.03346318821984295,0.9948325914415279,-0.09585577729014276,1.05036,0.0001073092,0.5337053857433685,0.11082309587712748,0.00010683987931726907,0.004653858459977678,0.02083912465856985,-0.09605714266960419,1.5373268901634336
path_b_only,1.2209216580013162,0.036034768430900074,0.0,0.5,0.1,0.1,0.11073893308639526,0.0006965477616500448,0.1085205078125,0.1136474609375,16384,0.8012649039176012,1375162.0,0.7755546,-0.03390992,0.01964059958982699,0.9975077762709619,-0.06776786204915113,1.017952,0.0001087974,0.745575945672754,0.11082309587712748,0.00010683987931726907,0.004653858459977678,0.02083912465856985,-0.06783294474812074,1.5511544642486215
path_b_only,1.3419999250036199,0.012068380201503567,0.0,0.5,0.1,0.1,0.11092055588960648,0.0007079914512523875,0.108154296875,0.114013671875,16384,0.8709317877842175,1375287.0,0.7748643,-0.1120496,0.02053940218812735,0.9747783184991793,-0.22222817720007282,1.03936,0.0001066707,0.44280406030665803,0.11082309587712748,0.00010683987931726907,0.004653858459977678,0.02083912465856985,-0.22414729304728498,1.5502554801830677
path_b_only,1.463367914002447,0.0006614753676291579,0.0,0.5,0.1,0.1,0.11085300147533417,0.0006969667262242094,0.108642578125,0.113525390625,16384,0.8450192622060656,1375412.0,0.7685824,-0.05859687,0.03339454090145024,0.9925790621282643,-0.11692566041103533,1.053437,0.000106605,0.43345054882475975,0.11082309587712748,0.00010683987931726907,0.004653858459977678,0.02083912465856985,-0.1172594429896936,1.537395575870328
path_b_only,1.585279660001106,0.0035674786787817797,0.0,0.5,0.1,0.1,0.11063766479492188,0.0007041268818663862,0.1083984375,0.1136474609375,16384,0.7624204076500108,1375537.0,0.7737727,-0.03998777,0.02317452076659534,0.9965342340370122,-0.07989031217553282,1.031131,0.0001081904,0.659159180535583,0.11082309587712748,0.00010683987931726907,0.004653858459977678,0.02083912465856985,-0.07999707036394987,1.5476197311815976
path_b_only,1.7102677209986723,0.021036076497442685,0.0,0.5,0.1,0.1,0.11086748540401459,0.0007024624836369153,0.108642578125,0.11376953125,16384,0.8505750082878928,1375662.0,0.7809472,-0.1145549,0.008669195644790186,0.9738303682488251,-0.22711067549375574,1.030276,0.000107689,0.5877763699263963,0.11082309587712748,0.00010683987931726907,0.004653858459977678,0.02083912465856985,-0.22911856374160866,1.5621270225576018
path_b_only,1.8320356690019253,0.04964736106022179,0.0,0.5,0.1,0.1,0.11098235100507736,0.000699115328239179,0.1085205078125,0.114013671875,16384,0.8946351612423837,1375762.0,0.7789992,-0.1522159,0.012209111879794211,0.9539392984389865,-0.29975115092496474,1.027131,0.0001064988,0.41833117410059545,0.11082309587712748,0.00010683987931726907,0.004653858459977678,0.02083912465856985,-0.304455220321763,1.5585869115748086
path_b_only,1.9549810190001153,0.08590397326381398,0.0,0.5,0.1,0.1,0.11098407953977585,0.0007011424993915974,0.1085205078125,0.1138916015625,16384,0.895298192667787,1375887.0,0.7774009,-0.1564517,0.015217245307163374,0.9513221510163034,-0.30782235206523817,1.032081,0.0001058814,0.3304337922296086,0.11082309587712748,0.00010683987931726907,0.004653858459977678,0.02083912465856985,-0.31294086598391857,1.555578494130754
path_b_only,2.0735268580028787,0.12289427401666571,0.0,0.5,0.1,0.1,0.11102578788995743,0.0006943830600240102,0.1085205078125,0.11376953125,16384,0.9112966836997154,1376012.0,0.7791149,-0.1372847,0.012095491938663425,0.9624660363490689,-0.27113249150419894,1.027465,0.0001071855,0.516094588630572,0.11082309587712748,0.00010683987931726907,0.004653858459977678,0.02083912465856985,-0.2745900076207701,1.5587005399065377
path_b_only,2.190382585002226,0.1563077061451014,0.0,0.5,0.1,0.1,0.11101114749908447,0.0007014213715884873,0.108154296875,0.1138916015625,16384,0.9056809218423129,1376136.0,0.7745583,-0.1344819,0.020898633318797304,0.9638202188220005,-0.2657326342685773,1.037315,0.0001067188,0.44965191270055954,0.11082309587712748,0.00010683987931726907,0.004653858459977678,0.02083912465856985,-0.26902401413605626,1.5498961719206727
path_b_only,2.3105447679990903,0.18280413340308138,0.0,0.5,0.1,0.1,0.11110322922468185,0.0006983512769783088,0.10888671875,0.114013671875,16384,0.9410016347154109,1376236.0,0.7827841,-0.156877,0.0049728757323208965,0.9511686726320744,-0.308631538748535,1.020245,0.0001076311,0.5795333209948589,0.11082309587712748,0.00010683987931726907,0.004653858459977678,0.02083912465856985,-0.31375801208740883,1.5658234305662317
path_b_only,2.428063685998495,0.1974571724357814,0.0,0.5,0.1,0.1,0.11108174920082092,0.0006889189772015148,0.108642578125,0.1142578125,16384,0.9327623260971455,1376361.0,0.7834981,-0.1832178,0.0035478292149091796,0.9336036212352111,-0.3582899542610182,1.0104,0.0001069403,0.48118620179097554,0.11082309587712748,0.00010683987931726907,0.004653858459977678,0.02083912465856985,-0.36643801528667286,1.5672484901371364
path_b_only,2.552042782001081,0.19866640762722246,0.0,0.5,0.1,0.1,0.11091893911361694,0.0006934106676570418,0.1083984375,0.1136474609375,16384,0.8703116247699395,1376486.0,0.7932804,-0.2734742,-0.013464124516789454,0.8540094528557093,-0.5200832354384137,0.9761714,0.000105525,0.2796941956976692,0.11082309587712748,0.00010683987931726907,0.004653858459977678,0.02083912465856985,-0.5470036012362876,1.584260858146902
path_b_only,2.6703411389971734,0.18601959830438133,0.0,0.5,0.1,0.1,0.11092110723257065,0.0006688215932304019,0.1082763671875,0.1136474609375,16384,0.8711432719457686,1376610.0,0.7900756,-0.2473047,-0.008233610755563711,0.8801156775935983,-0.4746878992642293,0.9891182,0.0001059718,0.3433037684543199,0.11082309587712748,0.00010683987931726907,0.004653858459977678,0.02083912465856985,-0.4946276820246931,1.5790300305825968
path_b_only,2.7928129639985855,0.16059004643102123,0.0,0.5,0.1,0.1,0.110931895673275,0.0006850782535461827,0.1087646484375,0.11376953125,16384,0.8752815025663889,1376735.0,0.7815227,-0.2217561,0.007000955313762107,0.90322296932606,-0.42911450022868014,1.012049,0.000105127,0.22303213223046267,0.11082309587712748,0.00010683987931726907,0.004653858459977678,0.02083912465856985,-0.4435238430551012,1.563795314289798
path_b_only,2.914152320998255,0.1266440787577155,0.0,0.5,0.1,0.1,0.11092271655797958,0.0006871907808054567,0.1083984375,0.11376953125,16384,0.8717605770659717,1376860.0,0.7823902,-0.1979357,0.005550626902543078,0.9226441959837745,-0.3856123418129186,1.018314,0.0001059614,0.3418231517205041,0.11082309587712748,0.00010683987931726907,0.004653858459977678,0.02083912465856985,-0.3958778383340924,1.5652456713899896
path_b_only,3.034924255000078,0.08905022148982236,0.0,0.5,0.1,0.1,0.11098090559244156,0.0007087849889888975,0.108154296875,0.11376953125,16384,0.894080729791831,1376985.0,0.7821397,-0.1642045,0.0061685970468742446,0.9465365982009802,-0.322537465539415,1.022071,0.0001069258,0.47912188038325104,0.11082309587712748,0.00010683987931726907,0.004653858459977678,0.02083912465856985,-0.32841548319698743,1.564627690626532
path_b_only,3.1569731089985,0.05266010084512222,0.0,0.5,0.1,0.1,0.11098067462444305,0.0007059760639299535,0.1083984375,0.1138916015625,16384,0.8939921350755056,1377085.0,0.7745148,-0.1515393,0.02077300629391039,0.9541960857215268,-0.29845990049457216,1.038528,0.0001056134,0.2922794379351075,0.11082309587712748,0.00010683987931726907,0.004653858459977678,0.02083912465856985,-0.3031460930950409,1.5500218262238419
path_b_only,3.2766865430021426,0.023616366831448132,0.0,0.5,0.1,0.1,0.11092101037502289,0.0007156157504908012,0.1083984375,0.114013671875,16384,0.8711061193227935,1377210.0,0.7707472,-0.09161622,0.028807285440026247,0.9828377668325654,-0.1822088482844685,1.048875,0.0001067414,0.4528694067567369,0.11082309587712748,0.00010683987931726907,0.004653858459977678,0.02083912465856985,-0.18330937949557402,1.5419850555320556
path_b_only,3.393824509003025,0.0055117288748988,0.0,0.5,0.1,0.1,0.1109294444322586,0.0007052631518859071,0.1083984375,0.1136474609375,16384,0.8743412554157093,1377334.0,0.7769144,-0.1095917,0.016560789659469756,0.9759348290474803,-0.2174326325506824,1.031015,0.0001075208,0.5638302415967879,0.11082309587712748,0.00010683987931726907,0.004653858459977678,0.02083912465856985,-0.21921395373417152,1.554234780048969
path_b_only,3.5139866239987896,9.652185780002764e-05,0.0,0.5,0.1,0.1,0.11093230545520782,0.0006994419935489922,0.1082763671875,0.11376953125,16384,0.8754386867405146,1377459.0,0.7784832,-0.1476712,0.013230704274657213,0.9566110456175498,-0.2910674421279279,1.032139,0.0001069956,0.48905909653905805,0.11082309587712748,0.00010683987931726907,0.004653858459977678,0.02083912465856985,-0.2953690324680709,1.5575652364806456
path_b_only,3.6391325739969034,0.009401601787636799,0.0,0.5,0.1,0.1,0.11102288216352463,0.000702165987024935,0.1085205078125,0.1141357421875,16384,0.9101821050104599,1377584.0,0.7844299,-0.1830289,0.0018082223554903235,0.9337439068207579,-0.3579372107046444,1.014325,0.0001068972,0.47505018436525653,0.11082309587712748,0.00010683987931726907,0.004653858459977678,0.02083912465856985,-0.3660584266904032,1.5689881034540236
path_b_only,3.7622354889972485,0.032058927731105816,0.0,0.5,0.1,0.1,0.11099512875080109,0.0007049266140930478,0.1080322265625,0.1142578125,16384,0.8995364495810327,1377708.0,0.7711615,-0.1153214,0.027715597799497064,0.9731250456109434,-0.22860334915157235,1.046321,0.0001061166,0.36391850913284185,0.11082309587712748,0.00010683987931726907,0.004653858459977678,0.02083912465856985,-0.23073304253073834,1.5430771794587415
path_b_only,3.8849173889975646,0.06462823922277354,0.0,0.5,0.1,0.1,0.11084797978401184,0.000704645434297414,0.1083984375,0.1138916015625,16384,0.8430930415995062,1377833.0,0.7792698,-0.1024128,0.01200021749458312,0.9790229291284328,-0.2033964085741591,1.030243,0.0001077481,0.5961902592502956,0.11082309587712748,0.00010683987931726907,0.004653858459977678,0.02083912465856985,-0.2048405593807865,1.5587958212659878
path_b_only,4.005959319001704,0.10187206591403579,0.0,0.5,0.1,0.1,0.11097298562526703,0.000700779473833707,0.1080322265625,0.1141357421875,16384,0.8910427883900911,1377932.0,0.7786254,-0.1233179,0.013135227356293362,0.9696502903995448,-0.24414295019593968,1.03378,0.0001071727,0.5142722911120285,0.11082309587712748,0.00010683987931726907,0.004653858459977678,0.02083912465856985,-0.2466575215991864,1.5576607216966223
path_b_only,4.125077470998804,0.1382908276973429,0.0,0.5,0.1,0.1,0.11080358177423477,0.0007072208624485405,0.1083984375,0.11376953125,16384,0.8260628508064977,1378057.0,0.7683628,-0.04076385,0.03395099007068577,0.9961000340627496,-0.08143741408842332,1.051221,0.000107273,0.5285517005737385,0.11082309587712748,0.00010683987931726907,0.004653858459977678,0.02083912465856985,-0.08157483247854902,1.536838810958979
path_b_only,4.247485988002154,0.17015000547510492,0.0,0.5,0.1,0.1,0.11082614958286285,0.0007097924490969744,0.1083984375,0.1138916015625,16384,0.8347194119597151,1378181.0,0.7788517,-0.1061003,0.012798884279188918,0.9774860214893428,-0.21061164819198405,1.033402,0.000107777,0.60030466536638,0.11082309587712748,0.00010683987931726907,0.004653858459977678,0.02083912465856985,-0.21221824830584568,1.5579970930560052
path_b_only,4.364038911000534,0.19101566181974283,0.0,0.5,0.1,0.1,0.11099113523960114,0.0007124445999248904,0.108642578125,0.1138916015625,16384,0.8980046183568252,1378306.0,0.7777602,-0.1416974,0.014666026091662012,0.9599997092915403,-0.2796166408474945,1.029672,0.0001066777,0.4438006292621116,0.11082309587712748,0.00010683987931726907,0.004653858459977678,0.02083912465856985,-0.2834261262347031,1.556129774894073
path_b_only,4.4859839729979285,0.19990307196033008,0.0,0.5,0.1,0.1,0.11104793846607208,0.0007120259134907795,0.108642578125,0.1142578125,16384,0.919793202784732,1378430.0,0.7795468,-0.1334593,0.011288054815002451,0.9645221745384085,-0.26376041143847495,1.03569,0.0001069916,0.488489628564512,0.11082309587712748,0.00010683987931726907,0.004653858459977678,0.02083912465856985,-0.2669360228187738,1.559508032245149
path_b_only,4.6041522870000335,0.19469446495744022,0.0,0.5,0.1,0.1,0.11109650880098343,0.0007027256666656118,0.1085205078125,0.114013671875,16384,0.9384238142597483,1378530.0,0.7825601,-0.1856241,0.005289413679162385,0.9318602393249817,-0.3627788809565939,1.021022,0.0001065574,0.4266738799276774,0.11082309587712748,0.00010683987931726907,0.004653858459977678,0.02083912465856985,-0.3712536460153979,1.5655068884509784
path_b_only,4.722476164002728,0.17655313952484405,0.0,0.5,0.1,0.1,0.1110324114561081,0.0006949005061908297,0.1082763671875,0.114013671875,16384,0.9138373515324028,1378655.0,0.7832279,-0.1792477,0.004064568495811189,0.9364169747399387,-0.35086568470262774,1.006478,0.0001068466,0.4678464144872647,0.11082309587712748,0.00010683987931726907,0.004653858459977678,0.02083912465856985,-0.3584984950812715,1.5667317471074045
path_b_only,4.839234671999293,0.14838592265252543,0.0,0.5,0.1,0.1,0.11090952903032303,0.0006679246035618989,0.1083984375,0.114013671875,16384,0.8667021045531969,1378779.0,0.7653708,-0.03716555,0.03993344422235615,0.996438846961788,-0.07426267095925322,1.052664,0.0001070416,0.49560797824632197,0.11082309587712748,0.00010683987931726907,0.004653858459977678,0.02083912465856985,-0.07439054779348275,1.5308522614383955
path_b_only,4.956228930001089,0.11370779104885625,0.0,0.5,0.1,0.1,0.11050951480865479,0.0006854473093009695,0.1080322265625,0.113525390625,16384,0.71326462955977,1378904.0,0.770339,0.006141097,0.030111502206776688,0.9994710864906079,0.012281885202815078,1.030946,0.0001087472,0.7384291225922167,0.11082309587712748,0.00010683987931726907,0.004653858459977678,0.02083912465856985,0.012287766218144203,1.5406802723677806
path_b_only,5.073065695003606,0.07724678059823206,0.0,0.5,0.1,0.1,0.11040299385786057,0.0007017789791063281,0.1080322265625,0.1134033203125,16384,0.6724053179692948,1379004.0,0.7735717,-0.00971039,0.023646261383088715,0.9995317578959902,-0.0194195592111185,1.027596,0.0001091323,0.7932546518415171,0.11082309587712748,0.00010683987931726907,0.004653858459977678,0.02083912465856985,-0.019426212483864003,1.5471478612396856
path_b_only,5.191136137000285,0.043496812694947345,0.0,0.5,0.1,0.1,0.11064837127923965,0.0007098790750925334,0.1082763671875,0.1134033203125,16384,0.766527201435806,1379128.0,0.7732018,-0.04649674,0.024284922781432655,0.9953830190197658,-0.09285950663554364,1.040313,0.0001074804,0.5580786150538845,0.11082309587712748,0.00010683987931726907,0.004653858459977678,0.02083912465856985,-0.09302099332583635,1.546509016343956
path_b_only,5.31034719300078,0.017230683159001392,0.0,0.5,0.1,0.1,0.11067561060190201,0.000702518469782234,0.1085205078125,0.11376953125,16384,0.7769756621740572,1379253.0,0.7742414,-0.1078039,0.021795082761360267,0.9766033685190232,-0.2139411951091286,1.041868,0.0001066236,0.436098574906393,0.11082309587712748,0.00010683987931726907,0.004653858459977678,0.02083912465856985,-0.21565983701284086,1.5489995181274159
path_b_only,5.427915337000741,0.0025532812470628746,0.0,0.5,0.1,0.1,0.1108236014842987,0.0007157730371443996,0.1082763671875,0.1138916015625,16384,0.8337420121860604,1379377.0,0.7827304,-0.1408415,0.005125223875608865,0.9605752979675526,-0.27797271271614477,1.025448,0.0001074171,0.5490667843567139,0.11082309587712748,0.00010683987931726907,0.004653858459977678,0.02083912465856985,-0.2816868007477753,1.565671080480861
path_b_only,5.548931281002297,0.0011792001780040473,0.0,0.5,0.1,0.1,0.1108904555439949,0.0007083306714124169,0.1085205078125,0.114013671875,16384,0.859385895721161,1379477.0,0.7832772,-0.2168284,0.0038492624107035567,0.9074270983422206,-0.42019191374074716,0.9973616,0.000105652,0.29777480388946515,0.11082309587712748,0.00010683987931726907,0.004653858459977678,0.02083912465856985,-0.4336602305381363,1.566947054878491
path_b_only,5.669917949999217,0.013912678716855365,0.0,0.5,0.1,0.1,0.1109735369682312,0.000706063949744803,0.1085205078125,0.114013671875,16384,0.8912542725516421,1379601.0,0.7816243,-0.1812886,0.00705695063891913,0.9349592033419722,-0.3546850540040057,1.021422,0.0001059832,0.3449267521817742,0.11082309587712748,0.00010683987931726907,0.004653858459977678,0.02083912465856985,-0.36258664624096726,1.5637393175813248
path_b_only,5.788223271003517,0.03826920624355129,0.0,0.5,0.1,0.1,0.11105313152074814,0.000700423228062868,0.1082763671875,0.114013671875,16384,0.9217851549550168,1379726.0,0.7721926,-0.1268089,0.025563289738516487,0.9676734275646655,-0.2509076638984885,1.047929,0.0001057511,0.31188337295881313,0.11082309587712748,0.00010683987931726907,0.004653858459977678,0.02083912465856985,-0.2537025334322798,1.5452302520466337
path_b_only,5.910216775999288,0.0721662939624709,0.0,0.5,0.1,0.1,0.1109505370259285,0.0007047238179971798,0.1083984375,0.1138916015625,16384,0.8824319535420739,1379850.0,0.7853548,-0.1643979,8.20810025807677e-05,0.9464318665627592,-0.32290356953313554,1.008182,0.0001070304,0.4940134679175969,0.11082309587712748,0.00010683987931726907,0.004653858459977678,0.02083912465856985,-0.3287958011493144,1.5707142457922236
path_b_only,6.029847808000341,0.10936322992486901,0.0,0.5,0.1,0.1,0.11097108572721481,0.0007007180105013483,0.10791015625,0.1142578125,16384,0.8903140254009625,1379975.0,0.7855819,-0.2406469,-0.00032572704028178165,0.8863966708221934,-0.46292638276212694,1.002431,0.0001052823,0.24514172634216502,0.11082309587712748,0.00010683987931726907,0.004653858459977678,0.02083912465856985,-0.48129382770521056,1.5711220538409383
path_b_only,6.149977253000543,0.1453926825644663,0.0,0.5,0.1,0.1,0.11081220954656601,0.0007075102464247056,0.1082763671875,0.113525390625,16384,0.8293722921453639,1380100.0,0.7969544,-0.2811576,-0.019551943983583207,0.8457970821705776,-0.5331463375830316,0.9703396,0.0001055938,0.28948904485983973,0.11082309587712748,0.00010683987931726907,0.004653858459977678,0.02083912465856985,-0.5624356911531057,1.5903495167075035
path_b_only,6.268408162002743,0.1746794544801935,0.0,0.5,0.1,0.1,0.11090313643217087,0.0007061534243100275,0.108642578125,0.1138916015625,16384,0.8642500314368349,1380199.0,0.7882118,-0.2487889,-0.004944890997568309,0.8787273377210532,-0.4772984537945752,0.9861486,0.0001052951,0.24696402386070654,0.11082309587712748,0.00010683987931726907,0.004653858459977678,0.02083912465856985,-0.4975844408123882,1.575741237944722
path_b_only,6.386248183000134,0.19368229101140721,0.0,0.5,0.1,0.1,0.11098702251911163,0.0007083591036166217,0.1083984375,0.1138916015625,16384,0.8964270608274175,1380324.0,0.7769895,-0.1839402,0.015691368896206145,0.9329597842179159,-0.35963846008765926,1.033376,0.0001051825,0.23093350037727245,0.11082309587712748,0.00010683987931726907,0.004653858459977678,0.02083912465856985,-0.3679278588967505,1.5551043139083238
path_b_only,6.511865417000081,0.19993053189179266,0.0,0.5,0.1,0.1,0.1109934002161026,0.0007069422253483449,0.1082763671875,0.1138916015625,16384,0.8988734181556295,1380449.0,0.7841686,-0.1905265,0.0022827400382521355,0.9282707347635812,-0.3718981474535719,1.007824,0.0001063035,0.3905269002434463,0.11082309587712748,0.00010683987931726907,0.004653858459977678,0.02083912465856985,-0.3810540438371466,1.5685135847741174
path_b_only,6.632705463001912,0.19143459731515391,0.0,0.5,0.1,0.1,0.11090087890625,0.0007062819529481163,0.108642578125,0.1143798828125,16384,0.8633840895321055,1380574.0,0.777179,-0.1890381,0.015276706484613567,0.9292509288647651,-0.3691332190997638,1.030978,0.0001049825,0.20246010165003267,0.11082309587712748,0.00010683987931726907,0.004653858459977678,0.02083912465856985,-0.3781225554650063,1.5555190260406115
path_b_only,6.751085786003387,0.17046906620130597,0.0,0.5,0.1,0.1,0.11099474877119064,0.0006956500779949298,0.1085205078125,0.1141357421875,16384,0.8993906969832071,1380698.0,0.7840308,-0.177588,0.002564036442057635,0.9375817924213491,-0.34775538563348496,1.013017,0.000106364,0.39914010335843664,0.11082309587712748,0.00010683987931726907,0.004653858459977678,0.02083912465856985,-0.35517721922457124,1.5682322875433805
path_b_only,6.8735279890024685,0.13869517681427107,0.0,0.5,0.1,0.1,0.11100547760725021,0.0006985704181999709,0.108642578125,0.114013671875,16384,0.9035060644512272,1380823.0,0.7815907,-0.1800868,0.0071262511308678896,0.935808521697347,-0.35243669965462715,1.012511,0.0001062521,0.38320923677054713,0.11082309587712748,0.00010683987931726907,0.004653858459977678,0.02083912465856985,-0.3601831629329779,1.5636700153467078
path_b_only,6.995988857997872,0.10126010407439397,0.0,0.5,0.1,0.1,0.11105041205883026,0.0006465959267387902,0.10888671875,0.11376953125,16384,0.9207420236176367,1380947.0,0.7773049,-0.1601589,0.015362534738058025,0.9490110651414703,-0.3148682117417923,1.02752,0.0001065034,0.4189860622713214,0.11082309587712748,0.00010683987931726907,0.004653858459977678,0.02083912465856985,-0.3203569539973703,1.5554331877138179
path_b_only,7.115183365000121,0.0645986344753664,0.0,0.5,0.1,0.1,0.11105302721261978,0.000693215153184558,0.1085205078125,0.114013671875,16384,0.9217451444379665,1381047.0,0.7825396,-0.1947933,0.005288691666545516,0.9250510326087766,-0.3798060252416912,1.018811,0.0001060657,0.35667202915676,0.11082309587712748,0.00010683987931726907,0.004653858459977678,0.02083912465856985,-0.3895923420263805,1.5655076104736945
path_b_only,7.237012700999912,0.032232422008768455,0.0,0.5,0.1,0.1,0.11097898334264755,0.0007011981747132326,0.108642578125,0.1138916015625,16384,0.8933433931204774,1381171.0,0.780733,-0.1939224,0.008637203518727736,0.9256859989890123,-0.3781941696947357,1.017692,0.0001060106,0.34882760780740485,0.11082309587712748,0.00010683987931726907,0.004653858459977678,0.02083912465856985,-0.38786003962191806,1.5621590158814838
path_b_only,7.35931134600105,0.009609622525346098,0.0,0.5,0.1,0.1,0.11103151738643646,0.0006988326538670333,0.108642578125,0.11376953125,16384,0.9134944042434011,1381296.0,0.7745081,-0.1106973,0.021246840970344107,0.9753607687888253,-0.21959039700417787,1.04416,0.000106932,0.48000455574379547,0.11082309587712748,0.00010683987931726907,0.004653858459977678,0.02083912465856985,-0.22144542218544627,1.5495478869290167
path_b_only,7.480232032998174,0.0001927765390072611,0.0,0.5,0.1,0.1,0.11101178079843521,0.0007013798741906335,0.1085205078125,0.1136474609375,16384,0.905923842838689,1381420.0,0.7774725,-0.1425904,0.015210467451537608,0.959490248136039,-0.2813309535258219,1.023437,0.0001067779,0.45806580202445885,0.11082309587712748,0.00010683987931726907,0.004653858459977678,0.02083912465856985,-0.28521471993736336,1.5555852727709218
path_b_only,7.60090439600026,0.004982531393075709,0.0,0.5,0.1,0.1,0.11104393005371094,0.0007038904678329087,0.108642578125,0.1142578125,16384,0.9182556557723744,1381545.0,0.7802283,-0.1366028,0.009956058352804489,0.9628594398279414,-0.2698195249352766,1.030561,0.0001071597,0.5124215201947578,0.11082309587712748,0.00010683987931726907,0.004653858459977678,0.02083912465856985,-0.27321948881743374,1.5608401039555306
path_b_only,7.721849278997979,0.023320296993259465,0.0,0.5,0.1,0.1,0.11104604601860046,0.0007017847224600779,0.1085205078125,0.114013671875,16384,0.9190672976896784,1381669.0,0.7764954,-0.1648169,0.016846003885498274,0.9460109647002042,-0.32369656596893115,1.022557,0.0001062393,0.38138693925200373,0.11082309587712748,0.00010683987931726907,0.004653858459977678,0.02083912465856985,-0.329682354884683,1.5539495260257665
path_b_only,7.841526490003162,0.05224542743196707,0.0,0.5,0.1,0.1,0.11101622134447098,0.0007102692233237965,0.108154296875,0.11376953125,16384,0.9076271477073974,1381794.0,0.781012,-0.1367176,0.008446317188778973,0.962811888640438,-0.2700406021667469,1.017551,0.0001073279,0.5363676485243662,0.11082309587712748,0.00010683987931726907,0.004653858459977678,0.02083912465856985,-0.27344520459558286,1.5623499091757964
path_b_only,7.962598890997469,0.08827711299819188,0.0,0.5,0.1,0.1,0.11100853234529495,0.0007050546345495608,0.1085205078125,0.114013671875,16384,0.9046778010219829,1381894.0,0.7835689,-0.1745174,0.003437921814165323,0.9396969513232328,-0.34199096533011114,1.018287,0.0001069342,0.48031776312979574,0.11082309587712748,0.00010683987931726907,0.004653858459977678,0.02083912465856985,-0.3490369507499631,1.5673583982083867
path_b_only,8.087030315997254,0.12700199984631244,0.0,0.5,0.1,0.1,0.1110120639204979,0.0007114050648834016,0.1083984375,0.114013671875,16384,0.9060324428135396,1382018.0,0.7756971,-0.1631223,0.01837756161353378,0.9470742933500745,-0.3204879843373192,1.033612,0.0001059838,0.3450121723779561,0.11082309587712748,0.00010683987931726907,0.004653858459977678,0.02083912465856985,-0.3263017486475297,1.5524177305671871
path_b_only,8.206376137000916,0.1603871849669804,0.0,0.5,0.1,0.1,0.11102347820997238,0.000712698939372469,0.108642578125,0.1143798828125,16384,0.910410736536461,1382143.0,0.7737223,-0.1449004,0.022375945151960397,0.9580395478319765,-0.2857613372527122,1.036422,0.0001060345,0.3522301789553106,0.11082309587712748,0.00010683987931726907,0.004653858459977678,0.02083912465856985,-0.28987547966291816,1.5484185140131834
path_b_only,8.329101741001068,0.18593021051771697,0.0,0.5,0.1,0.1,0.1109406054019928,0.0007155346370127192,0.1085205078125,0.114013671875,16384,0.8786223807400803,1382268.0,0.7747689,-0.0794437,0.020989171892665,0.9871808219030176,-0.15821971915707247,1.040456,0.0001074373,0.5519425976281654,0.11082309587712748,0.00010683987931726907,0.004653858459977678,0.02083912465856985,-0.15892270783783413,1.5498056134829996
path_b_only,8.448224245003075,0.19868002750315494,0.0,0.5,0.1,0.1,0.11098950356245041,0.0007070670740136598,0.108642578125,0.1141357421875,16384,0.8973787395543972,1382393.0,0.7788559,-0.1166864,0.01272946737045668,0.972808655053198,-0.2312602026161278,1.026774,0.0001071645,0.5131048817642111,0.11082309587712748,0.00010683987931726907,0.004653858459977678,0.02083912465856985,-0.2333920610759903,1.558066515620289
path_b_only,8.567904171999544,0.19773319045604537,0.0,0.5,0.1,0.1,0.11100368201732635,0.0007058593466997983,0.1087646484375,0.114013671875,16384,0.9028173119791488,1382517.0,0.7780598,-0.09795842,0.014395438379841417,0.9807639634779975,-0.1946659171421163,1.031825,0.0001076922,0.5882319443060312,0.11082309587712748,0.00010683987931726907,0.004653858459977678,0.02083912465856985,-0.19593740680493932,1.556400391177484
path_b_only,8.688375268000527,0.1829938799636102,0.0,0.5,0.1,0.1,0.11102589964866638,0.0007013510700117312,0.108642578125,0.1138916015625,16384,0.9113395521108406,1382617.0,0.7779504,-0.1008482,0.014593027181601983,0.9796194577226072,-0.20033162907774202,1.023966,0.000107895,0.6171039706154512,0.11082309587712748,0.00010683987931726907,0.004653858459977678,0.02083912465856985,-0.20171817584735052,1.556202781617128
path_b_only,8.806067186000291,0.15722590446961535,0.0,0.5,0.1,0.1,0.11099887639284134,0.0006950858588244483,0.108642578125,0.1138916015625,16384,0.9009739703007648,1382741.0,0.7705862,-0.073209,0.029302665066419195,0.9888659591178307,-0.14589540334766543,1.055696,0.0001070792,0.500960977207043,0.11082309587712748,0.00010683987931726907,0.004653858459977678,0.02083912465856985,-0.14648135481914304,1.5414894666704395
path_b_only,8.925136420002673,0.12330286079422971,0.0,0.5,0.1,0.1,0.11101038008928299,0.0007056534555246114,0.108642578125,0.1138916015625,16384,0.9053865587525864,1382865.0,0.7740583,-0.08657344,0.02233869280634538,0.9847941626070549,-0.1722830232459754,1.035,0.0001077503,0.5965034666362939,0.11082309587712748,0.00010683987931726907,0.004653858459977678,0.02083912465856985,-0.17319053510797477,1.5484557756725796
path_b_only,9.048859221002203,0.0847106271628368,0.0,0.5,0.1,0.1,0.11109058558940887,0.0006949414258373447,0.1087646484375,0.1138916015625,16384,0.9361517884701122,1382989.0,0.7785166,-0.1252114,0.013333402712322716,0.9687159766140038,-0.24781359330127142,1.029752,0.0001075853,0.5730129126863223,0.11082309587712748,0.00010683987931726907,0.004653858459977678,0.02083912465856985,-0.25044554043144096,1.5574625289830692
path_b_only,9.169880497000122,0.04912817682770935,0.0,0.5,0.1,0.1,0.11110637336969376,0.0006651246652812215,0.108642578125,0.114013671875,16384,0.9422076660150668,1383114.0,0.7791521,-0.1275529,0.01208752474381085,0.9675611022808435,-0.25234778599909874,1.032537,0.0001075865,0.5731837530786861,0.11082309587712748,0.00010683987931726907,0.004653858459977678,0.02083912465856985,-0.2551248537577826,1.5587085076838743
path_b_only,9.290677543001948,0.020854216665839267,0.0,0.5,0.1,0.1,0.11109908670186996,0.0006899055755325445,0.108642578125,0.1141357421875,16384,0.9394126456097032,1383238.0,0.7835852,-0.169089,0.003420549394401989,0.9433545125130439,-0.33176884055486233,1.01759,0.0001071441,0.5102005950940321,0.11082309587712748,0.00010683987931726907,0.004653858459977678,0.02083912465856985,-0.3381800574226368,1.567375770730298
path_b_only,9.408145271998364,0.004134823216895622,0.0,0.5,0.1,0.1,0.11099109798669815,0.0006966423084688436,0.108642578125,0.1138916015625,16384,0.8979903288864501,1383338.0,0.7898349,-0.2313506,-0.007940323626437264,0.894814807988454,-0.44636690139983887,0.9945236,0.0001066128,0.43456101137512254,0.11082309587712748,0.00010683987931726907,0.004653858459977678,0.02083912465856985,-0.4627169257140622,1.5787367338616003
path_b_only,9.528892055997858,0.00041165032063140983,0.0,0.5,0.1,0.1,0.11094681918621063,0.0007010975316942961,0.1083984375,0.11376953125,16384,0.8810058643986419,1383462.0,0.7844321,-0.2503125,0.0016950204524794597,0.8772811120476879,-0.4799739340318781,0.9976678,0.000104949,0.19769080736322028,0.11082309587712748,0.00010683987931726907,0.004653858459977678,0.02083912465856985,-0.5006257859573546,1.5691013055307572
path_b_only,9.648855362996983,0.010736669795904083,0.0,0.5,0.1,0.1,0.11086782813072205,0.0007080689459440105,0.1082763671875,0.11376953125,16384,0.8507064714153435,1383587.0,0.7947011,-0.269071,-0.01597524319842529,0.858513844049445,-0.5125414823994213,0.9738166,0.0001060886,0.3599322333110293,0.11082309587712748,0.00010683987931726907,0.004653858459977678,0.02083912465856985,-0.5382181841303693,1.5867722495740673
path_b_only,9.770243295999535,0.033926166538153474,0.0,0.5,0.1,0.1,0.1109020933508873,0.0007151211792305712,0.1082763671875,0.1136474609375,16384,0.8638499262663328,1383712.0,0.7939198,-0.2845033,-0.014357182559189835,0.8423142804850401,-0.5387954381766158,0.9724008,0.0001055457,0.28264119246593816,0.11082309587712748,0.00010683987931726907,0.004653858459977678,0.02083912465856985,-0.5690725282307003,1.5851540026377184
path_b_only,9.889965552996728,0.06611602610776998,0.0,0.5,0.1,0.1,0.11081355810165405,0.000694568480651979,0.1082763671875,0.11376953125,16384,0.8298895709729415,1383836.0,0.7956696,-0.3169904,-0.016549732641346945,0.8055058492418786,-0.5923566773377505,0.9582554,0.0001048095,0.1778306117509709,0.11082309587712748,0.00010683987931726907,0.004653858459977678,0.02083912465856985,-0.6340815117675342,1.5873468150071544
path_b_only,10.008868718003214,0.10278582946678025,0.0,0.5,0.1,0.1,0.11061569303274155,0.000704470147494403,0.1080322265625,0.1136474609375,16384,0.7539924780227946,1383960.0,0.8053643,-0.3398194,-0.031051059833826947,0.7771797359647067,-0.6285121237406839,0.9351188,0.0001054786,0.27308836719294877,0.11082309587712748,0.00010683987931726907,0.004653858459977678,0.02083912465856985,-0.6800286982801671,1.6018523785362437
path_b_only,10.130572492002102,0.1398797862757707,0.0,0.5,0.1,0.1,0.1104426383972168,0.0007033616400304365,0.10791015625,0.1134033203125,16384,0.6876121723424443,1384060.0,0.8169583,-0.3984865,-0.04408389128962852,0.6974831953090699,-0.7152438764437024,0.906668,0.0001050691,0.2147890832989272,0.11082309587712748,0.00010683987931726907,0.004653858459977678,0.02083912465856985,-0.7979694136190307,1.6148945092810991
path_b_only,10.250431674998254,0.17080650714026896,0.0,0.5,0.1,0.1,0.11018623411655426,0.0007018255930160099,0.1077880859375,0.113037109375,16384,0.5892606056449123,1384184.0,0.8215503,-0.4334749,-0.04675130459176795,0.6454640038398517,-0.7623585345924815,0.894374,0.0001045064,0.13467917597984094,0.11082309587712748,0.00010683987931726907,0.004653858459977678,0.02083912465856985,-0.8682402806222376,1.6175646787592253
path_b_only,10.367923429002985,0.1915144225030902,0.0,0.5,0.1,0.1,0.11010641604661942,0.0007063346752281959,0.107421875,0.1129150390625,16384,0.5586439864192874,1384309.0,0.8531592,-0.5054861,-0.07174716725668022,0.5261680632479803,-0.8473485193286829,0.8549704,0.0001047415,0.1681496561837096,0.11082309587712748,0.00010683987931726907,0.004653858459977678,0.02083912465856985,-1.0151087112402668,1.6426051920348133
path_b_only,10.487207086000126,0.1999192485644025,0.0,0.5,0.1,0.1,0.10930564254522324,0.0007122471458068937,0.10693359375,0.1123046875,16384,0.25148324702493224,1384433.0,0.8759356,-0.5589862,-0.07878923978011325,0.43035366235583766,-0.899215202825102,0.8332278,0.0001040214,0.06563118406628528,0.11082309587712748,0.00010683987931726907,0.004653858459977678,0.02083912465856985,-1.124424526452314,1.6496673123796295
path_b_only,10.608255624996673,0.19427229545821437,0.0,0.5,0.1,0.1,0.10945258289575577,0.000702060368071862,0.10693359375,0.1124267578125,16384,0.30784663397235845,1384558.0,0.8657334,-0.5375173,-0.07610281357525411,0.4695748853835039,-0.8796066102428968,0.8422448,0.0001042336,0.09584146011588658,0.11082309587712748,0.00010683987931726907,0.004653858459977678,0.02083912465856985,-1.0804395834578835,1.6469727924810902
path_b_only,10.730549102998339,0.17489691528091103,0.0,0.5,0.1,0.1,0.10865002125501633,0.0007004191445819398,0.1064453125,0.1116943359375,16384,0.0,1384682.0,1.01026,-0.660935,-0.10709833705018154,0.22186692171424016,-0.9691774941929537,0.7914543,0.0001038218,0.03721473213650011,0.11082309587712748,0.00010683987931726907,0.004653858459977678,0.02083912465856985,-1.345751164187897,1.6781004651545144
path_b_only,10.851041472000361,0.1451072807786676,0.0,0.5,0.1,0.1,0.10937229543924332,0.0007055533430302967,0.1068115234375,0.1123046875,16384,0.27704996742000754,1384781.0,0.8868614,-0.5642599,-0.0862572782264346,0.4192159510067773,-0.9037796569819719,0.8267329,0.0001041853,0.08896513432325774,0.11082309587712748,0.00010683987931726907,0.004653858459977678,0.02083912465856985,-1.1364866605694752,1.6571609283422215
path_b_only,10.97111425500043,0.10906227440228286,0.0,0.5,0.1,0.1,0.10926304757595062,0.000705896459098956,0.10693359375,0.1123046875,16384,0.2351446665980772,1384906.0,0.9050226,-0.5906027,-0.0900047070826475,0.368991612272858,-0.9250645073589429,0.8156619,0.0001040314,0.06705485400264649,0.11082309587712748,0.00010683987931726907,0.004653858459977678,0.02083912465856985,-1.1912540848598765,1.6609229980734326
path_b_only,11.09022256499884,0.07203375166435996,0.0,0.5,0.1,0.1,0.10971546918153763,0.000693520212946636,0.107421875,0.112548828125,16384,0.40868456851515256,1385031.0,0.848768,-0.5107624,-0.06598948457189682,0.5178786995736562,-0.852905059460802,0.8543206,0.0001040396,0.06822226335046393,0.11082309587712748,0.00010683987931726907,0.004653858459977678,0.02083912465856985,-1.0251040207208888,1.6368337985619696
path_b_only,11.20995828800369,0.038719649518223154,0.0,0.5,0.1,0.1,0.10995645076036453,0.0006973939474989297,0.107666015625,0.1131591796875,16384,0.5011202944774055,1385155.0,0.8238798,-0.4375357,-0.04928031404288457,0.639044730152289,-0.7675892674552081,0.8898684,0.0001047147,0.1643342207542589,0.11082309587712748,0.00010683987931726907,0.004653858459977678,0.02083912465856985,-0.8765295375354656,1.6200966092804017
path_b_only,11.328435927003738,0.014176962064002152,0.0,0.5,0.1,0.1,0.11033179610967636,0.0006776159090509221,0.10791015625,0.113037109375,16384,0.645095282188461,1385279.0,0.8035161,-0.3542709,-0.02750829706527928,0.7588131252647653,-0.6507272351135213,0.9394982,0.0001046361,0.1531441750544545,0.11082309587712748,0.00010683987931726907,0.004653858459977678,0.02083912465856985,-0.7088662765649896,1.5983080943261694
path_b_only,11.451040797997848,0.0011805436494107535,0.0,0.5,0.1,0.1,0.11057353019714355,0.0006944775531226358,0.1082763671875,0.11376953125,16384,0.7378196554522903,1385404.0,0.8077216,-0.3628881,-0.033384074260955895,0.7472390997224408,-0.6637162280912945,0.9299138,0.0001046707,0.1580700730342661,0.11082309587712748,0.00010683987931726907,0.004653858459977678,0.02083912465856985,-0.7262711908145421,1.6041866052397427
path_b_only,11.57219572699978,0.00256112142951731,0.0,0.5,0.1,0.1,0.11019334197044373,0.0007153479937570673,0.10791015625,0.113525390625,16384,0.5919870365924758,1385503.0,0.8097086,-0.3982355,-0.03398397022410461,0.6984075874586589,-0.7148929511108518,0.9169204,0.0001038998,0.04831935764012455,0.11082309587712748,0.00010683987931726907,0.004653858459977678,0.02083912465856985,-0.7970620774775607,1.6047868418267952
path_b_only,11.69277819400304,0.017785670336569193,0.0,0.5,0.1,0.1,0.11071287095546722,0.0007050134211625197,0.1082763671875,0.113525390625,16384,0.7912679904432022,1385628.0,0.8032913,-0.322826,-0.028576668549600524,0.7981962349280963,-0.6017193237392477,0.9455476,0.0001055641,0.2852607451488441,0.11082309587712748,0.00010683987931726907,0.004653858459977678,0.02083912465856985,-0.645959833438372,1.599376886182831
path_b_only,11.814030485998956,0.044843401542180944,0.0,0.5,0.1,0.1,0.11078360676765442,0.0007103514615100548,0.1080322265625,0.11376953125,16384,0.8184008367913852,1385752.0,0.7948222,-0.2982446,-0.015592330326322222,0.8271659241697488,-0.5617414112626915,0.9701178,0.0001055378,0.28151649321621264,0.11082309587712748,0.00010683987931726907,0.004653858459977678,0.02083912465856985,-0.5965717562750208,1.5863892889935638
path_b_only,11.932918974998756,0.07908151868529986,0.0,0.5,0.1,0.1,0.11100447922945023,0.0006977969948130419,0.1087646484375,0.1138916015625,16384,0.9031231066451753,1385877.0,0.7832811,-0.2161578,0.003844567206082516,0.9079898683651583,-0.41897448400734444,1.009979,0.000106209,0.37707321934482624,0.11082309587712748,0.00010683987931726907,0.004653858459977678,0.02083912465856985,-0.4323190101442793,1.566951750117854
path_b_only,12.053160814997682,0.11662343298131814,0.0,0.5,0.1,0.1,0.11113138496875763,0.0007012143575496049,0.1087646484375,0.114013671875,16384,0.9518016164248888,1386001.0,0.7774675,-0.1637552,0.015017606473055722,0.946727046304659,-0.32168675958310206,1.029105,0.0001061328,0.3662248544297475,0.11082309587712748,0.00010683987931726907,0.004653858459977678,0.02083912465856985,-0.3275487178829857,1.555778155781491
path_b_only,12.175162318999355,0.15229332922375055,0.0,0.5,0.1,0.1,0.11106844246387482,0.0007099401759801682,0.1085205078125,0.114013671875,16384,0.9276581272791705,1386101.0,0.7760038,-0.1494673,0.017954405272086537,0.9554821189341273,-0.2945022236392724,1.041758,0.0001060136,0.3492547087883144,0.11082309587712748,0.00010683987931726907,0.004653858459977678,0.02083912465856985,-0.29898428322121173,1.5528409567505033
path_b_only,12.29341355500219,0.17966822660961376,0.0,0.5,0.1,0.1,0.11111841350793839,0.0007007304495759409,0.1082763671875,0.114013671875,16384,0.9468260228402895,1386226.0,0.7769289,-0.106832,0.016552562533430723,0.9771203630218647,-0.21204199782495092,1.03515,0.0001075267,0.5646702068592403,0.11082309587712748,0.00010683987931726907,0.004653858459977678,0.02083912465856985,-0.21369373053006013,1.5542430083028644
path_b_only,12.410640654001327,0.19608532584112492,0.0,0.5,0.1,0.1,0.11085154861211777,0.0006986719596841813,0.1083984375,0.1136474609375,16384,0.8444619728614379,1386350.0,0.7670435,-0.03209241,0.03662550997855788,0.9972685370945785,-0.06414075880475638,1.052575,0.0001078449,0.6099713842342787,0.11082309587712748,0.00010683987931726907,0.004653858459977678,0.02083912465856985,-0.06422797235041378,1.534162623455528
path_b_only,12.53099184200255,0.1995263893938109,0.0,0.5,0.1,0.1,0.11048863083124161,0.0007019468450296429,0.108154296875,0.1138916015625,16384,0.7052539524675058,1386475.0,0.7688536,0.02426199,0.033044148272208196,0.9982761917727114,0.04850494000343693,1.032615,0.000108922,0.7633148730798243,0.11082309587712748,0.00010683987931726907,0.004653858459977678,0.02083912465856985,0.04855051460999782,1.5377461619950177
path_b_only,12.651214256002277,0.18892682089375096,0.0,0.5,0.1,0.1,0.11055328696966171,0.0007094175716642377,0.1077880859375,0.1138916015625,16384,0.7300547572504773,1386599.0,0.7702325,-0.007075468,0.030323639866572064,0.9994399638006087,-0.014150463719622546,1.038675,0.0001085731,0.7136430290001557,0.11082309587712748,0.00010683987931726907,0.004653858459977678,0.02083912465856985,-0.014157446981720057,1.5404680377895905
path_b_only,12.773745881997456,0.1652438944566183,0.0,0.5,0.1,0.1,0.11081945896148682,0.0007097240862778924,0.1083984375,0.1138916015625,16384,0.8321530230803525,1386724.0,0.7733273,-0.05923845,0.02397016034147596,0.9927004632863173,-0.11819992218413095,1.040868,0.0001079009,0.6179439358779056,0.11082309587712748,0.00010683987931726907,0.004653858459977678,0.02083912465856985,-0.11851111151925497,1.5468238704428654
path_b_only,12.89205304299685,0.13326624004414833,0.0,0.5,0.1,0.1,0.1109904944896698,0.000711274750187567,0.1083984375,0.1142578125,16384,0.897758839466374,1386823.0,0.7760443,-0.09681944,0.018357017933180533,0.9811387861603306,-0.19243103228022806,1.039481,0.0001075402,0.5665921612733302,0.11082309587712748,0.00010683987931726907,0.004653858459977678,0.02083912465856985,-0.19367192868001393,1.5524382777136982
path_b_only,13.013060267003311,0.09589814722590152,0.0,0.5,0.1,0.1,0.11095274984836578,0.0007019597917315535,0.1085205078125,0.1138916015625,16384,0.8832807480823531,1386948.0,0.7710996,-0.06057965,0.028383617552249704,0.992263313751916,-0.12086308963746648,1.041877,0.0001071776,0.5149698893808445,0.11082309587712748,0.00010683987931726907,0.004653858459977678,0.02083912465856985,-0.12120837479036295,1.5424088967458975
path_b_only,13.134253837997676,0.059062322427086464,0.0,0.5,0.1,0.1,0.1108638122677803,0.0007011285813747017,0.1082763671875,0.11376953125,16384,0.8491660665089109,1387072.0,0.7770991,-0.1051512,0.016231688749353244,0.9778331208262997,-0.20875564685881762,1.033814,0.0001072322,0.5227431272333825,0.11082309587712748,0.00010683987931726907,0.004653858459977678,0.02083912465856985,-0.2103305253677794,1.5545639252066887
path_b_only,13.25539874000242,0.028100251079689414,0.0,0.5,0.1,0.1,0.11082828789949417,0.0006866337018634474,0.1083984375,0.1143798828125,16384,0.8355396275592442,1387197.0,0.7682948,-0.07692824,0.03379606545218129,0.9876093387284453,-0.15325018765507264,1.055021,0.0001059496,0.3401432211955972,0.11082309587712748,0.00010683987931726907,0.004653858459977678,0.02083912465856985,-0.15394512192795062,1.5369938245356844
path_b_only,13.37210599899845,0.007963787400804029,0.0,0.5,0.1,0.1,0.11093664914369583,0.0006863839684537723,0.108642578125,0.1138916015625,16384,0.8771048389862478,1387321.0,0.7740772,-0.09395628,0.02224144523312671,0.98214452160306,-0.18680861007736815,1.041201,0.0001067036,0.4474879343972885,0.11082309587712748,0.00010683987931726907,0.004653858459977678,0.02083912465856985,-0.187959611045609,1.548553047413434
path_b_only,13.49519093100389,1.1412571326474552e-05,0.0,0.5,0.1,0.1,0.11081346869468689,0.0006763959086136157,0.1082763671875,0.1134033203125,16384,0.8298552762440413,1387446.0,0.7684954,-0.02361131,0.03376140968747289,0.998314503791711,-0.04720507107318415,1.047219,0.000107455,0.5544624934155249,0.11082309587712748,0.00010683987931726907,0.004653858459977678,0.02083912465856985,-0.04724957603152058,1.5370285000884976
path_b_only,13.62112400100159,0.007152921234110238,0.0,0.5,0.1,0.1,0.11078088730573654,0.0007011907834069997,0.10791015625,0.114013671875,16384,0.8173577054540051,1387570.0,0.7731187,-0.05899806,0.024385705556704485,0.9927470728327308,-0.11772249889696626,1.043068,0.0001078656,0.6129183810025476,0.11082309587712748,0.00010683987931726907,0.004653858459977678,0.02083912465856985,-0.11803138348122966,1.5464082037132219
path_b_only,13.7443940689991,0.028055027264140928,0.0,0.5,0.1,0.1,0.11090802401304245,0.0006859324429214601,0.1082763671875,0.1136474609375,16384,0.866124809950044,1387695.0,0.7673646,-0.01583503,0.036041225624372,0.9988485233716374,-0.031664766125659286,1.047364,0.0001077462,0.5959197619623852,0.11082309587712748,0.00010683987931726907,0.004653858459977678,0.02083912465856985,-0.031690656181982746,1.534747293861198
path_b_only,13.869009724003263,0.05999988610510154,0.0,0.5,0.1,0.1,0.1108197569847107,0.0006925989525508189,0.1083984375,0.1141357421875,16384,0.8322673388433531,1387819.0,0.7752003,-0.06501588,0.02022213941326568,0.9913515462698836,-0.12966563456005312,1.043259,0.0001079317,0.6223288392819004,0.11082309587712748,0.00010683987931726907,0.004653858459977678,0.02083912465856985,-0.13005850638259897,1.5505728088714392
path_b_only,13.986784259999695,0.09584934554179395,0.0,0.5,0.1,0.1,0.11100601404905319,0.0007065282898719504,0.1087646484375,0.1138916015625,16384,0.9037118328246282,1387919.0,0.7726233,-0.07130973,0.02528757080445031,0.989524008969799,-0.1421364641291849,1.042351,0.0001073,0.5323956094019164,0.11082309587712748,0.00010683987931726907,0.004653858459977678,0.02083912465856985,-0.14266539369814302,1.5455060601444055
path_b_only,14.108123284997419,0.13331847503865507,0.0,0.5,0.1,0.1,0.1108999103307724,0.0007021951128062129,0.1085205078125,0.1138916015625,16384,0.8630125633023538,1388043.0,0.7742126,-0.0599663,0.02220857577649873,0.992568276408435,-0.11964529171500156,1.033142,0.0001081077,0.6473854301618698,0.11082309587712748,0.00010683987931726907,0.004653858459977678,0.02083912465856985,-0.11996233030920367,1.5485859249910239
path_b_only,14.228215575996728,0.16570964233674218,0.0,0.5,0.1,0.1,0.11087074875831604,0.000703524602698921,0.1085205078125,0.114013671875,16384,0.851826765892749,1388168.0,0.7733873,-0.05744883,0.023861045110573915,0.9931199167526765,-0.11464502377071624,1.039073,0.0001078483,0.6104554320126409,0.11082309587712748,0.00010683987931726907,0.004653858459977678,0.02083912465856985,-0.11493052725624153,1.546933016891772
path_b_only,14.35095583400107,0.18923657663360596,0.0,0.5,0.1,0.1,0.11093464493751526,0.0006997321024496941,0.1082763671875,0.1138916015625,16384,0.876336065480069,1388292.0,0.7715563,-0.07416267,0.027376260951152805,0.9886409867174861,-0.14778206832565846,1.037836,0.000107295,0.5316837744337338,0.11082309587712748,0.00010683987931726907,0.004653858459977678,0.02083912465856985,-0.14838136488497478,1.5434166451227358
path_b_only,14.46797050999885,0.19949417146430054,0.0,0.5,0.1,0.1,0.11079926788806915,0.000718642648535082,0.1082763671875,0.1136474609375,16384,0.8244081301370646,1388417.0,0.7732042,-0.02167355,0.0243626030819348,0.9987635701415887,-0.04333352661739027,1.038451,0.0001083175,0.6772540254267435,0.11082309587712748,0.00010683987931726907,0.004653858459977678,0.02083912465856985,-0.043359977841062936,1.5464313130536345
path_b_only,14.590098540997133,0.19602072708031235,0.0,0.5,0.1,0.1,0.1105559915304184,0.0007119407499064159,0.10791015625,0.1134033203125,16384,0.7310921727997074,1388516.0,0.770923,0.02149552,0.028919537415206715,0.998657383293006,0.042977798338868084,1.032169,0.0001089033,0.7606526102988282,0.11082309587712748,0.00010683987931726907,0.004653858459977678,0.02083912465856985,0.04300903993759375,1.5418727567692152
path_b_only,14.707170713998494,0.1795571530184182,0.0,0.5,0.1,0.1,0.1101212203502655,0.000712813119996392,0.107666015625,0.1131591796875,16384,0.5643226219463402,1388640.0,0.7638037,0.0944902,0.04240681713382789,0.981280390343468,0.18785754546450653,1.018359,0.000108873,0.7563388903916508,0.11082309587712748,0.00010683987931726907,0.004653858459977678,0.02083912465856985,0.18915261267384142,1.5283767890647704
path_b_only,14.824745676996827,0.1523179639693586,0.0,0.5,0.1,0.1,0.10993357002735138,0.0007011963610542562,0.1072998046875,0.11279296875,16384,0.4923437017730375,1388765.0,0.7659912,0.1109501,0.03785274243054955,0.9747463087593731,0.22008362831083902,1.00601,0.0001104746,0.9843538673993816,0.11082309587712748,0.00010683987931726907,0.004653858459977678,0.02083912465856985,0.2220620111935454,1.5329345391061422
path_b_only,14.94303746100195,0.11779994836850052,0.0,0.5,0.1,0.1,0.10961300879716873,0.0006978952282627168,0.10693359375,0.11279296875,16384,0.36938280919556,1388889.0,0.7654028,0.1496295,0.03820316254533903,0.954791219361584,0.2948122212554187,0.99236,0.0001096921,0.8729516948790584,0.11082309587712748,0.00010683987931726907,0.004653858459977678,0.02083912465856985,0.29948439752492195,1.5325838653387327
path_b_only,15.065051830999437,0.07970532586344622,0.0,0.5,0.1,0.1,0.1094733476638794,0.000699590956575761,0.1072998046875,0.1123046875,16384,0.3158115847594225,1389014.0,0.7652909,0.144505,0.03853630073073821,0.9577515345901223,0.2850034236921653,0.9895814,0.0001099142,0.9045714041656583,0.11082309587712748,0.00010683987931726907,0.004653858459977678,0.02083912465856985,0.2892310315747606,1.532250481651608
path_b_only,15.186198586998216,0.04478338723643315,0.0,0.5,0.1,0.1,0.10946372151374817,0.0006948387471958715,0.106689453125,0.1123046875,16384,0.31211918561450436,1389138.0,0.7683693,0.1480462,0.03256937243049111,0.9559292942677075,0.29178488710062916,0.9832776,0.0001105845,1.0,0.11082309587712748,0.00010683987931726907,0.004653858459977678,0.02083912465856985,0.2962543311105006,1.538221193544349
path_b_only,15.308050371997524,0.01763776433382666,0.0,0.5,0.1,0.1,0.11009213328361511,0.0006869785501352276,0.10791015625,0.113037109375,16384,0.5531654034774856,1389262.0,0.7684558,0.05586406,0.03366700879914843,0.9931944505193381,0.11149581147338337,1.022385,0.0001092468,0.8095556726128615,0.11082309587712748,0.00010683987931726907,0.004653858459977678,0.02083912465856985,0.11179175922816054,1.5371229546729226
path_b_only,15.43095248300233,0.0023434855193929516,0.0,0.5,0.1,0.1,0.11016921699047089,0.0006979927695391247,0.107666015625,0.113525390625,16384,0.5827331755775804,1389386.0,0.7633996,0.0823659,0.04338750903790947,0.98550775547924,0.16398776768331186,1.01307,0.0001088622,0.7548013268603804,0.11082309587712748,0.00010683987931726907,0.004653858459977678,0.02083912465856985,0.1648884930441774,1.5273951935555943
path_b_only,15.555442484997911,0.0015130625532516484,0.0,0.5,0.1,0.1,0.1103086918592453,0.0006725325996541414,0.1080322265625,0.1131591796875,16384,0.6362329526618425,1389486.0,0.7687379,0.03840819,0.03321611976933299,0.996497631874557,0.07674085649684383,1.02582,0.0001092889,0.8155493230449441,0.11082309587712748,0.00010683987931726907,0.004653858459977678,0.02083912465856985,0.0768588749478396,1.5375740960414612
path_b_only,15.675080148001143,0.014749142382571565,0.0,0.5,0.1,0.1,0.11061708629131317,0.0006835345549167879,0.108154296875,0.113525390625,16384,0.7545269042148222,1389610.0,0.7724465,-0.005862586,0.025898649742200387,0.999595811607474,-0.011724903339739842,1.03563,0.0001091214,0.791702851610882,0.11082309587712748,0.00010683987931726907,0.004653858459977678,0.02083912465856985,-0.011729106430925285,1.5448947809681701
path_b_only,15.800125209003454,0.041253302460727496,0.0,0.5,0.1,0.1,0.11065223813056946,0.0006916313706686342,0.1082763671875,0.1138916015625,16384,0.7680104484607383,1389735.0,0.768499,-0.01289503,0.03378065504239047,0.999096535676986,-0.025787201150032996,1.042364,0.0001081796,0.6576216170043125,0.11082309587712748,0.00010683987931726907,0.004653858459977678,0.02083912465856985,-0.025804790814481837,1.5370092437496872
path_b_only,15.922789636002562,0.07598081204815363,0.0,0.5,0.1,0.1,0.11085010319948196,0.0007002004316420859,0.1085205078125,0.113525390625,16384,0.8439075414108852,1389859.0,0.771276,-0.04425933,0.02813000363845337,0.9956874979911924,-0.088403106502769,1.035647,0.0001076591,0.5835195968166734,0.11082309587712748,0.00010683987931726907,0.004653858459977678,0.02083912465856985,-0.08855379494803861,1.5426626119697258
path_b_only,16.04374207899673,0.11369876917517259,0.0,0.5,0.1,0.1,0.1108771413564682,0.0007026686709717006,0.1085205078125,0.1138916015625,16384,0.854278839009111,1389984.0,0.7703032,-0.0756334,0.02984065387278922,0.988130498585968,-0.15069058743229577,1.046695,0.0001070737,0.5001779587420452,0.11082309587712748,0.00010683987931726907,0.004653858459977678,0.02083912465856985,-0.1513347130071736,1.54095124247212
path_b_only,16.16394563000358,0.14925786996826396,0.0,0.5,0.1,0.1,0.11098938435316086,0.0007069726646827916,0.1085205078125,0.1142578125,16384,0.8973330132491969,1390108.0,0.7741544,-0.1065926,0.021976601115657034,0.9771148579555298,-0.21157406118413494,1.036766,0.0001070161,0.4919776199085997,0.11082309587712748,0.00010683987931726907,0.004653858459977678,0.02083912465856985,-0.2132374947209188,1.5488179562845006
path_b_only,16.283409659998142,0.17772968421441326,0.0,0.5,0.1,0.1,0.11093895137310028,0.0006986536576280648,0.1085205078125,0.1141357421875,16384,0.8779879282554272,1390233.0,0.7708599,-0.06015092,0.028862307624394755,0.9923528192997418,-0.12001187118968207,1.05268,0.0001077352,0.5943537250323875,0.11082309587712748,0.00010683987931726907,0.004653858459977678,0.02083912465856985,-0.12035222245861998,1.541930010459433
path_b_only,16.40202823599975,0.1953006218817273,0.0,0.5,0.1,0.1,0.11075518280267715,0.0007065267558910629,0.1083984375,0.1136474609375,16384,0.8074979708952067,1390333.0,0.7721491,-0.04981922,0.026363615821848072,0.9946908823542026,-0.09947365642327514,1.038858,0.0001079467,0.6244643441864423,0.11082309587712748,0.00010683987931726907,0.004653858459977678,0.02083912465856985,-0.09967319958845211,1.5444296560551634
path_b_only,16.51987260599708,0.19980517785233126,0.0,0.5,0.1,0.1,0.11073564738035202,0.0007055976675798802,0.1082763671875,0.113525390625,16384,0.80000457263052,1390458.0,0.7769689,-0.06406111,0.0167195550535794,0.9916626329489141,-0.12777198007246196,1.035796,0.000108384,0.6867214305035511,0.11082309587712748,0.00010683987931726907,0.004653858459977678,0.02083912465856985,-0.12814023030063515,1.554075992669428
path_b_only,16.64105211500282,0.19034147769314982,0.0,0.5,0.1,0.1,0.11097494512796402,0.0006980415842318782,0.1085205078125,0.11376953125,16384,0.8917944145318198,1390582.0,0.7748033,-0.1294366,0.020482131976246144,0.9664620294265457,-0.2559914606904505,1.036212,0.0001063886,0.40264233140188704,0.11082309587712748,0.00010683987931726907,0.004653858459977678,0.02083912465856985,-0.25892876526208486,1.5503127624453066
path_b_only,16.764156655997795,0.1674969759761264,0.0,0.5,0.1,0.1,0.111015684902668,0.000707901324425822,0.108642578125,0.1138916015625,16384,0.9074213793339964,1390708.0,0.770344,-0.09676842,0.029541744477449533,0.9808853709129984,-0.19233089835514924,1.048633,0.0001068223,0.46438689654190435,0.11082309587712748,0.00010683987931726907,0.004653858459977678,0.02083912465856985,-0.19362241841199435,1.5412502837101292
path_b_only,16.88243114799843,0.13610125524753908,0.0,0.5,0.1,0.1,0.11091170459985733,0.0007073558318780675,0.1085205078125,0.1138916015625,16384,0.867536609623101,1390832.0,0.7785556,-0.1190948,0.013298335673026284,0.9716757235236827,-0.23594372757726612,1.03025,0.0001078879,0.6160931649606349,0.11082309587712748,0.00010683987931726907,0.004653858459977678,0.02083912465856985,-0.2382110718636392,1.557497599131691
path_b_only,17.001926646997163,0.09939472969052811,0.0,0.5,0.1,0.1,0.1109839528799057,0.0007095093087056837,0.1083984375,0.11376953125,16384,0.8952496084685118,1390932.0,0.7836808,-0.1551487,0.0032706874409407145,0.9522371863687458,-0.30534184695222855,1.014208,0.0001078997,0.6177730954855418,0.11082309587712748,0.00010683987931726907,0.004653858459977678,0.02083912465856985,-0.3102991151034633,1.567525633522621
path_b_only,17.122321018003277,0.06251056489235247,0.0,0.5,0.1,0.1,0.11103803664445877,0.0007016734319601124,0.1083984375,0.1138916015625,16384,0.9159950615590384,1391057.0,0.7805371,-0.199899,0.008955295276746936,0.9210961051150356,-0.3892322800442142,1.018078,0.0001060627,0.3562449281758505,0.11082309587712748,0.00010683987931726907,0.004653858459977678,0.02083912465856985,-0.3998149449730186,1.5618409118153926
path_b_only,17.243031218000397,0.03085421772372103,0.0,0.5,0.1,0.1,0.11106308549642563,0.0007092546957028152,0.1087646484375,0.1138916015625,16384,0.9256033014392354,1391181.0,0.7777016,-0.1469883,0.014732167290568166,0.956985795081048,-0.289760506729294,1.029721,0.0001066249,0.43628365199811947,0.11082309587712748,0.00010683987931726907,0.004653858459977678,0.02083912465856985,-0.2940094593066269,1.5560636265486492
path_b_only,17.36089663799794,0.009397717342570278,0.0,0.5,0.1,0.1,0.11100857704877853,0.0007006819110597618,0.1082763671875,0.1138916015625,16384,0.904694948386433,1391306.0,0.7823813,-0.1731354,0.005675559975604152,0.940627790057017,-0.33939232252868595,1.018791,0.000106902,0.47573354593470984,0.11082309587712748,0.00010683987931726907,0.004653858459977678,0.02083912465856985,-0.34627661131864906,1.565120736348679
path_b_only,17.480968224997923,0.00017868946849686207,0.0,0.5,0.1,0.1,0.11098727583885193,0.000699101671002482,0.1085205078125,0.114013671875,16384,0.896524229225968,1391430.0,0.7879235,-0.227955,-0.004534781929823061,0.897849293728103,-0.44027954926932,0.9892988,0.0001062983,0.38978659187653836,0.11082309587712748,0.00010683987931726907,0.004653858459977678,0.02083912465856985,-0.4559150420782667,1.5753311242672596
path_b_only,17.604992638000112,0.005390714973233859,0.0,0.5,0.1,0.1,0.11093702167272568,0.0006970489727142409,0.1083984375,0.1136474609375,16384,0.8772477336899985,1391554.0,0.7862258,-0.2313975,-0.0014811513015197566,0.8948069383368399,-0.4464508363695525,0.9953846,0.0001059407,0.33887615495223516,0.11082309587712748,0.00010683987931726907,0.004653858459977678,0.02083912465856985,-0.4627955472847294,1.5722774786379774
path_b_only,17.728060300003563,0.024587301512102505,0.0,0.5,0.1,0.1,0.1110098659992218,0.0006545011985518128,0.1087646484375,0.11376953125,16384,0.9051893640614104,1391679.0,0.7834491,-0.2194772,0.0035285619153035156,0.9051896534707874,-0.42499322406392037,0.9995222,0.0001059838,0.3450121723779561,0.11082309587712748,0.00010683987931726907,0.004653858459977678,0.02083912465856985,-0.4389573228664183,1.5672677575573455
path_b_only,17.849225031997776,0.0543841573319664,0.0,0.5,0.1,0.1,0.1110728457570076,0.0006831774184210032,0.108642578125,0.1143798828125,16384,0.9293471426775038,1391778.0,0.7812796,-0.1787433,0.007716282388671627,0.9367474925131495,-0.34992083998588225,1.02229,0.0001063492,0.3970330718526202,0.11082309587712748,0.00010683987931726907,0.004653858459977678,0.02083912465856985,-0.35749772087762555,1.5630799678316272
path_b_only,17.969050018000416,0.09029208988549037,0.0,0.5,0.1,0.1,0.11107621341943741,0.0007141973949533735,0.1083984375,0.114013671875,16384,0.9306389107994101,1391902.0,0.7722577,-0.125933,0.025448809595059577,0.9681146509358698,-0.24921151805948602,1.040444,0.0001066328,0.43740835124784694,0.11082309587712748,0.00010683987931726907,0.004653858459977678,0.02083912465856985,-0.25194937041080046,1.5453447694463516
path_b_only,18.091946148997522,0.12848570976753843,0.0,0.5,0.1,0.1,0.11099552363157272,0.0006995140901163508,0.1083984375,0.1138916015625,16384,0.8996879179670084,1392027.0,0.7737345,-0.06809522,0.023109229250756962,0.9904708569312425,-0.1357698239423113,1.047539,0.0001076834,0.5869791147620338,0.11082309587712748,0.00010683987931726907,0.004653858459977678,0.02083912465856985,-0.13622704659916263,1.5476850401877906
path_b_only,18.212037022000004,0.16179510605800185,0.0,0.5,0.1,0.1,0.11081983149051666,0.0007062675663768779,0.108154296875,0.114013671875,16384,0.8322959177841033,1392151.0,0.7693409,-0.0391072,0.03201084365412452,0.9964287620906533,-0.07813467838955492,1.046341,0.0001076479,0.5819250864879484,0.11082309587712748,0.00010683987931726907,0.004653858459977678,0.02083912465856985,-0.07825458578274969,1.5387800137312184
path_b_only,18.329166814997734,0.18594066497617856,0.0,0.5,0.1,0.1,0.11089177429676056,0.0007065786185709475,0.1083984375,0.1143798828125,16384,0.8598917429724384,1392276.0,0.7740539,-0.02658624,0.02265451681372807,0.9983296668935979,-0.05314742767109424,1.026332,0.0001090004,0.7744764453809013,0.11082309587712748,0.00010683987931726907,0.004653858459977678,0.02083912465856985,-0.0531861429179461,1.5481398717147061
path_b_only,18.450187068003288,0.19877801052252425,0.0,0.5,0.1,0.1,0.11067906767129898,0.0007026772944119634,0.108154296875,0.1134033203125,16384,0.7783017250248637,1392400.0,0.764172,0.04821792,0.04224238827037751,0.9944568883940632,0.09628643600638827,1.022683,0.0001084071,0.6900101080565476,0.11082309587712748,0.00010683987931726907,0.004653858459977678,0.02083912465856985,0.0965222647512074,1.5285413654032043
path_b_only,18.570526016999793,0.19755549410576323,0.0,0.5,0.1,0.1,0.11027125269174576,0.0006886753689235354,0.10791015625,0.1131591796875,16384,0.6218720349348972,1392524.0,0.7705363,0.0819709,0.029320861676048426,0.9861558201144891,0.1632084113178407,1.012219,0.0001099417,0.9084864964906536,0.11082309587712748,0.00010683987931726907,0.004653858459977678,0.02083912465856985,0.1640129559585044,1.5414712622386926
path_b_only,18.694000440002128,0.18199513180474755,0.0,0.5,0.1,0.1,0.11014840006828308,0.0006992063335566599,0.106689453125,0.113525390625,16384,0.5747482195319913,1392624.0,0.7665878,0.09598124,0.03692098786932769,0.9809371334198157,0.19078569373217574,1.006497,0.0001097451,0.880497145541776,0.11082309587712748,0.00010683987931726907,0.004653858459977678,0.02083912465856985,0.19209508617246218,1.5338669455776122
path_b_only,18.814083520002896,0.15514270012815232,0.0,0.5,0.1,0.1,0.10992850363254547,0.0007091995206119644,0.1072998046875,0.1129150390625,16384,0.49040033380202797,1392748.0,0.7682783,0.09329434,0.03363884656179426,0.9820668294287946,0.1855078719021564,1.014354,0.000109861,0.8969974801042115,0.11082309587712748,0.00010683987931726907,0.004653858459977678,0.02083912465856985,0.18669558352456805,1.537151132870978
path_b_only,18.935114872998383,0.12024338961498218,0.0,0.5,0.1,0.1,0.1101476177573204,0.0007107161526162095,0.10791015625,0.113037109375,16384,0.5744481406541148,1392872.0,0.7672612,0.07436549,0.035865593284009165,0.9883093574113977,0.14818324220861276,1.023066,0.0001096053,0.8605942398314367,0.11082309587712748,0.00010683987931726907,0.004653858459977678,0.02083912465856985,0.14882744478893617,1.5349230398273241
path_b_only,19.058971243000997,0.08157943474920823,0.0,0.5,0.1,0.1,0.1104331910610199,0.0007111838530174596,0.1080322265625,0.1136474609375,16384,0.6839883626553266,1392996.0,0.7669672,0.03146263,0.03678064092452003,0.997342879586596,0.06288374186622686,1.025453,0.0001084163,0.6913198843979996,0.11082309587712748,0.00010683987931726907,0.004653858459977678,0.02083912465856985,0.06296792274992669,1.5340073879140508
path_b_only,19.18192172700219,0.045908555408069596,0.0,0.5,0.1,0.1,0.11050735414028168,0.000709193744669605,0.108154296875,0.1136474609375,16384,0.712435840278016,1393120.0,0.7714235,0.02239966,0.027917649582597154,0.9986065131297116,0.04478433628739549,1.02212,0.0001095277,0.8495465611252687,0.11082309587712748,0.00010683987931726907,0.004653858459977678,0.02083912465856985,0.0448168001007776,1.5428750494596493
path_b_only,19.301397590003035,0.018841004766543643,0.0,0.5,0.1,0.1,0.11036762595176697,0.0006991611969885983,0.10791015625,0.113037109375,16384,0.6588388947952033,1393245.0,0.7649127,0.04962152,0.04075792224963455,0.9942443883708837,0.09908020976411083,1.03633,0.0001083999,0.6889850657023666,0.11082309587712748,0.00010683987931726907,0.004653858459977678,0.02083912465856985,0.09932584690080626,1.5300271115352517
path_b_only,19.41912452100223,0.0032104497787703024,0.0,0.5,0.1,0.1,0.11041814088821411,0.0007103409167182092,0.108154296875,0.1131591796875,16384,0.6782154166237983,1393370.0,0.7660433,0.0347458,0.03860665483954706,0.9968391104255583,0.06943568339176817,1.032584,0.0001085546,0.7110092396178871,0.11082309587712748,0.00010683987931726907,0.004653858459977678,0.02083912465856985,0.06954352937870967,1.5321800751493402
path_b_only,19.53890089900233,0.0007458447303258509,0.0,0.5,0.1,0.1,0.110771045088768,0.0007076043193817868,0.1085205078125,0.1138916015625,16384,0.8135824273809116,1393470.0,0.7686007,-0.02563615,0.03354446782501833,0.9981223485820743,-0.05124983843233554,1.038915,0.0001081882,0.6588459731495846,0.11082309587712748,0.00010683987931726907,0.004653858459977678,0.02083912465856985,-0.05130119631331409,1.5372455649013523
path_b_only,19.660023823998927,0.012372937940882539,0.0,0.5,0.1,0.1,0.11092150956392288,0.0007023628575778031,0.1080322265625,0.1142578125,16384,0.8712975982258193,1393594.0,0.768673,-0.03106579,0.0333795571789135,0.9975121236175868,-0.06209161294790177,1.039904,0.0001082208,0.663487137142125,0.11082309587712748,0.00010683987931726907,0.004653858459977678,0.02083912465856985,-0.06216626697753469,1.5374105679509937
path_b_only,19.784680071003095,0.03739732594721089,0.0,0.5,0.1,0.1,0.11104732751846313,0.0006906225731405097,0.108642578125,0.114501953125,16384,0.9195588554705808,1393719.0,0.7683919,-0.05467846,0.03380283422120328,0.9934515733275882,-0.1091390848942465,1.048427,0.0001078526,0.6110676100852768,0.11082309587712748,0.00010683987931726907,0.004653858459977678,0.02083912465856985,-0.10941970161118109,1.5369870518970161
path_b_only,19.907586872999673,0.0713736934790855,0.0,0.5,0.1,0.1,0.11102895438671112,0.0006625122344692548,0.1085205078125,0.11376953125,16384,0.9125112886815963,1393844.0,0.7682058,-0.06498689,0.03408798366038953,0.9909791816304273,-0.12960814382228367,1.046383,0.0001074884,0.5592175510029747,0.11082309587712748,0.00010683987931726907,0.004653858459977678,0.02083912465856985,-0.13004978890020125,1.536701738027206
path_b_only,20.02773107700341,0.10870095852946259,0.0,0.5,0.1,0.1,0.11091569811105728,0.0006954532474396276,0.1085205078125,0.11376953125,16384,0.8690684408473084,1393969.0,0.7708489,-0.03598105,0.029019119701981254,0.9969896086674174,-0.07190000626503554,1.035824,0.0001084356,0.6940675673751794,0.11082309587712748,0.00010683987931726907,0.004653858459977678,0.02083912465856985,-0.07199247160568634,1.5417731326702575
path_b_only,20.14489282100112,0.14396367675829239,0.0,0.5,0.1,0.1,0.11097884923219681,0.0007071452678257723,0.1083984375,0.1141357421875,16384,0.8932919510271271,1394093.0,0.7751982,-0.08808282,0.02008280254728795,0.9843180716041806,-0.17525585569467853,1.033841,0.0001080271,0.6359106504747924,0.11082309587712748,0.00010683987931726907,0.004653858459977678,0.02083912465856985,-0.17620154857147297,1.5507121740400402
path_b_only,20.267388364998624,0.17446600219833863,0.0,0.5,0.1,0.1,0.11115285754203796,0.000710931071135913,0.1082763671875,0.1138916015625,16384,0.9600380671490791,1394193.0,0.7804013,-0.1597294,0.009487941473394474,0.9493581121403702,-0.3140527883650607,1.013613,0.0001076276,0.5790350365171341,0.11082309587712748,0.00010683987931726907,0.004653858459977678,0.02083912465856985,-0.3194736900203434,1.5613082429633525
path_b_only,20.38511479600129,0.19355714479654187,0.0,0.5,0.1,0.1,0.11114023625850677,0.0007063674805120554,0.108642578125,0.1138916015625,16384,0.9551967945860055,1394317.0,0.7813636,-0.2030647,0.007412677809468288,0.9186268992136986,-0.3950565431032859,1.015965,0.0001061693,0.3714212496974694,0.11082309587712748,0.00010683987931726907,0.004653858459977678,0.02083912465856985,-0.4061412153125885,1.563383581098703
path_b_only,20.506198720999237,0.19998103904516407,0.0,0.5,0.1,0.1,0.1111232116818428,0.0007138627103850932,0.1085205078125,0.11474609375,16384,0.9486665066245985,1394441.0,0.7783675,-0.1682648,0.013272137851776491,0.9438130062282666,-0.3302133547135935,1.025756,0.0001064607,0.41290699164305705,0.11082309587712748,0.00010683987931726907,0.004653858459977678,0.02083912465856985,-0.3365604160686444,1.557523799265173
path_b_only,20.62792449400149,0.19203246588665734,0.0,0.5,0.1,0.1,0.11105348914861679,0.0006987839900016442,0.1087646484375,0.114013671875,16384,0.9219223338706174,1394566.0,0.7777482,-0.1365308,0.01473248597240125,0.962837050599145,-0.26968086296697524,1.025251,0.0001071467,0.510570749277487,0.11082309587712748,0.00010683987931726907,0.004653858459977678,0.02083912465856985,-0.27309199772843984,1.5560633078322268
path_b_only,20.750447179998446,0.17061126995391687,0.0,0.5,0.1,0.1,0.11106086522340775,0.0007057288635344873,0.108642578125,0.1143798828125,16384,0.9247516490048813,1394690.0,0.7667305,-0.09099964,0.03671015900837188,0.9827984240040266,-0.18099619333229502,1.0471,0.0001065985,0.43252516336612534,0.11082309587712748,0.00010683987931726907,0.004653858459977678,0.02083912465856985,-0.18212341348661498,1.534077917461656
path_b_only,20.868049008000526,0.1402765517502545,0.0,0.5,0.1,0.1,0.11080571264028549,0.0007047867049077466,0.1083984375,0.11376953125,16384,0.8268802085119518,1394814.0,0.7666732,-0.003959876,0.03743999931163673,0.999267494363327,-0.007919669209189474,1.03734,0.0001088045,0.7465867513275722,0.11082309587712748,0.00010683987931726907,0.004653858459977678,0.02083912465856985,-0.00792530872896835,1.5333475750191947
path_b_only,20.989227047000895,0.10338377693260135,0.0,0.5,0.1,0.1,0.11064886301755905,0.0007099026370216689,0.108154296875,0.1134033203125,16384,0.7667158224447569,1394939.0,0.7659698,0.02952997,0.03877921871725069,0.9975029570665203,0.05902561172260294,1.038035,0.0001083516,0.6821087399097379,0.11082309587712748,0.00010683987931726907,0.004653858459977678,0.02083912465856985,0.05910444996121411,1.5320073819497615
path_b_only,21.11300863899669,0.06523842152354682,0.0,0.5,0.1,0.1,0.11034778505563736,0.0007000796499005069,0.107666015625,0.1134033203125,16384,0.651228322873441,1395064.0,0.7699484,0.03406564,0.030822933314698077,0.9972037170742781,0.06807858279312835,1.027823,0.0001093514,0.8244472601472075,0.11082309587712748,0.00010683987931726907,0.004653858459977678,0.02083912465856985,0.06816371749155392,1.5399685108212922
path_b_only,21.233907205001742,0.0329530687551223,0.0,0.5,0.1,0.1,0.11060163378715515,0.0007121957344960915,0.1080322265625,0.113525390625,16384,0.7485996319032432,1395163.0,0.7694569,0.0004882959,0.031877110460724986,0.9994913186703694,0.0009765916447656065,1.034465,0.000108231,0.6649392804772136,0.11082309587712748,0.00010683987931726907,0.004653858459977678,0.02083912465856985,0.0009770883605875191,1.5389138152088382
path_b_only,21.353674206002324,0.010381260116151897,0.0,0.5,0.1,0.1,0.11076240241527557,0.0006995940884347627,0.108154296875,0.1136474609375,16384,0.8102672702538953,1395288.0,0.7719834,-0.03917025,0.02674403058491111,0.9965741657457817,-0.07826039225670034,1.041113,0.0001079496,0.6248772084679872,0.11082309587712748,0.00010683987931726907,0.004653858459977678,0.02083912465856985,-0.07836858880860698,1.544049107102557
path_b_only,21.471777402002772,0.00039280698416187254,0.0,0.5,0.1,0.1,0.11095301061868668,0.0007073678525661984,0.1083984375,0.11376953125,16384,0.8833807743749785,1395412.0,0.7763928,-0.1039569,0.017621889179190414,0.9783049793388373,-0.2064190795992308,1.026596,0.0001075805,0.572329551116869,0.11082309587712748,0.00010683987931726907,0.004653858459977678,0.02083912465856985,-0.20794656292950764,1.5531735254644898
path_b_only,21.591207112003758,0.004077122205728728,0.0,0.5,0.1,0.1,0.11099247634410858,0.0006986619589810472,0.1085205078125,0.114013671875,16384,0.8985190392903277,1395536.0,0.7729422,-0.08940458,0.024512200206403864,0.9837508518607722,-0.1778578463387165,1.04017,0.0001071346,0.5088481086544882,0.11082309587712748,0.00010683987931726907,0.004653858459977678,0.02083912465856985,-0.17886348323451307,1.54628167124031
path_b_only,21.713950700999703,0.02175127430694311,0.0,0.5,0.1,0.1,0.11095979064702988,0.000700678767742742,0.1085205078125,0.1138916015625,16384,0.8859814579832413,1395661.0,0.776675,-0.1062805,0.017052811907125418,0.9773450839521719,-0.21096395066594253,1.039424,0.0001074243,0.5500918267108947,0.11082309587712748,0.00010683987931726907,0.004653858459977678,0.02083912465856985,-0.21259238718956075,1.553742688291213
path_b_only,21.838995767000597,0.05154840759410879,0.0,0.5,0.1,0.1,0.1111089363694191,0.0006929783989054352,0.1087646484375,0.1141357421875,16384,0.9431907815768716,1395785.0,0.7882347,-0.16135,-0.005380215223892608,0.9483673682213731,-0.3171283465365578,1.012697,0.0001080471,0.6387579903475168,0.11082309587712748,0.00010683987931726907,0.004653858459977678,0.02083912465856985,-0.3227048398349881,1.576176567975721
path_b_only,21.956030353998358,0.08623041602424876,0.0,0.5,0.1,0.1,0.11104922741651535,0.000689497125329821,0.1083984375,0.1141357421875,16384,0.9202876184597094,1395885.0,0.7803007,-0.1837495,0.009514034783305696,0.9331803311416931,-0.35928255275259624,1.022442,0.0001062783,0.386939252003814,0.11082309587712748,0.00010683987931726907,0.004653858459977678,0.02083912465856985,-0.3675164252250842,1.5612821484756552
path_b_only,22.077185011003166,0.12401145616598906,0.0,0.5,0.1,0.1,0.11120907217264175,0.0006773041649454003,0.109130859375,0.114013671875,16384,0.9816008779450598,1396009.0,0.782592,-0.1633818,0.00531532890435807,0.9470712042799083,-0.32097956524121996,1.014572,0.0001072197,0.520963539812929,0.11082309587712748,0.00010683987931726907,0.004653858459977678,0.02083912465856985,-0.32676838770913674,1.5654809728614691
path_b_only,22.196854729001643,0.15797626611443472,0.0,0.5,0.1,0.1,0.11124880611896515,0.0007052113274218606,0.10888671875,0.1143798828125,16384,0.9968420270471096,1396134.0,0.7778631,-0.1549489,0.014351714167857741,0.952256598782006,-0.3049613063596263,1.031891,0.000106401,0.40440768212297584,0.11082309587712748,0.00010683987931726907,0.004653858459977678,0.02083912465856985,-0.30993078286495557,1.5564441199068755
path_b_only,22.314462078997167,0.18348783589352102,0.0,0.5,0.1,0.1,0.11125703901052475,0.0006965341907490429,0.10888671875,0.1143798828125,16384,1.0,1396259.0,0.7754883,-0.1421457,0.019022930150320434,0.9596721190704675,-0.28047736451859095,1.031804,0.0001064199,0.4070984183026991,0.11082309587712748,0.00010683987931726907,0.004653858459977678,0.02083912465856985,-0.2843442853898446,1.5517722491471493
path_b_only,22.435977501001616,0.19798409338983097,0.0,0.5,0.1,0.1,0.1112123653292656,0.0007119031617352384,0.108642578125,0.114013671875,16384,0.982864067126216,1396383.0,0.7768381,-0.1145933,0.0166716468929467,0.973708795964091,-0.22718546795963238,1.034966,0.0001074781,0.5577511709685214,0.11082309587712748,0.00010683987931726907,0.004653858459977678,0.02083912465856985,-0.22921902701731778,1.554123907508496
path_b_only,22.5547434800028,0.19852475607062586,0.0,0.5,0.1,0.1,0.11118390411138535,0.0006973293252707466,0.108642578125,0.1142578125,16384,0.9719469117596625,1396508.0,0.7745204,-0.1056099,0.02127035198195334,0.9775445248069776,-0.2096527465750549,1.034333,0.0001069788,0.4866673310459705,0.11082309587712748,0.00010683987931726907,0.004653858459977678,0.02083912465856985,-0.21126832105519133,1.5495243706029642
path_b_only,22.676016498000536,0.18509672608520264,0.0,0.5,0.1,0.1,0.11100178211927414,0.0007034144069455625,0.1087646484375,0.1143798828125,16384,0.9020885489900202,1396608.0,0.7666973,-0.03198977,0.037316501439566926,0.9972560751340241,-0.06393590015470366,1.050284,0.0001071943,0.5173474181745694,0.11082309587712748,0.00010683987931726907,0.004653858459977678,0.02083912465856985,-0.06402419402249127,1.5334711592533619
path_b_only,22.79693429300096,0.15955496771122987,0.0,0.5,0.1,0.1,0.11085370182991028,0.0007109313209993103,0.1082763671875,0.1142578125,16384,0.8452879042491169,1396732.0,0.7714156,-0.01943874,0.027940353276410503,0.99885366273364,-0.038867687124154636,1.037379,0.0001087417,0.7376461041272189,0.11082309587712748,0.00010683987931726907,0.004653858459977678,0.02083912465856985,-0.038892671661604705,1.5428523369058806
path_b_only,22.919012639002176,0.1251693120541229,0.0,0.5,0.1,0.1,0.11100456863641739,0.0007043054539947443,0.1085205078125,0.11376953125,16384,0.9031574013740755,1396856.0,0.7699936,-0.04536546,0.030677548123768293,0.995414161328555,-0.09060648689626714,1.045257,0.0001078472,0.6102988283196417,0.11082309587712748,0.00010683987931726907,0.004653858459977678,0.02083912465856985,-0.09077376184272667,1.540113964797604
path_b_only,23.04017043099884,0.08741355816366875,0.0,0.5,0.1,0.1,0.11106059700250626,0.0007101625308063817,0.1087646484375,0.1138916015625,16384,0.9246487648181808,1396981.0,0.7738186,-0.1043234,0.022654828872292945,0.9780497623609923,-0.20713623795553862,1.031227,0.0001075458,0.5673894164376928,0.11082309587712748,0.00010683987931726907,0.004653858459977678,0.02083912465856985,-0.20870115505560927,1.5481395595760308
path_b_only,23.1627050399984,0.05108168397330572,0.0,0.5,0.1,0.1,0.11108162999153137,0.0007054559792781017,0.1085205078125,0.1138916015625,16384,0.9327165997919453,1397106.0,0.7745061,-0.1113889,0.021244105954918237,0.9750560854690463,-0.22093962558118882,1.04297,0.0001073572,0.5405390014379053,0.11082309587712748,0.00010683987931726907,0.004653858459977678,0.02083912465856985,-0.22282893725730846,1.5495506225619038
path_b_only,23.283460140002717,0.022260339476873087,0.0,0.5,0.1,0.1,0.11116766184568405,0.0007033671733927199,0.1087646484375,0.1138916015625,16384,0.965716702676132,1397231.0,0.7713986,-0.1030349,0.0274031586345053,0.9784589908385013,-0.20461444265778012,1.044913,0.0001071905,0.5168064235987526,0.11082309587712748,0.00010683987931726907,0.004653858459977678,0.02083912465856985,-0.20614833132040422,1.5433897373444323
path_b_only,23.39998758099682,0.004895554086552428,0.0,0.5,0.1,0.1,0.11107436567544937,0.0007024620744128115,0.1083984375,0.11376953125,16384,0.9299301530688067,1397331.0,0.7785063,-0.1050435,0.013480234029079297,0.9779198696090943,-0.20854498774665675,1.024528,0.0001081215,0.6493500946740498,0.11082309587712748,0.00010683987931726907,0.004653858459977678,0.02083912465856985,-0.21010637671662957,1.5573156844684672
path_b_only,23.52254544400057,0.0002507296919682933,0.0,0.5,0.1,0.1,0.11102042347192764,0.000703697263641193,0.108642578125,0.1142578125,16384,0.9092389999657052,1397456.0,0.768755,-0.07061436,0.032948835887546025,0.9894953658521414,-0.14075970719915717,1.047243,0.0001067234,0.45030680087128555,0.11082309587712748,0.00010683987931726907,0.004653858459977678,0.02083912465856985,-0.14130595786806,1.5378415263086844
path_b_only,23.63989781899727,0.009503631428326512,0.0,0.5,0.1,0.1,0.11079613119363785,0.0007097528916554666,0.1080322265625,0.113525390625,16384,0.8232049567314838,1397580.0,0.7732389,-0.0405481,0.024236215066025718,0.9964187958801918,-0.08100733976586291,1.029858,0.0001080585,0.6403809740749691,0.11082309587712748,0.00010683987931726907,0.004653858459977678,0.02083912465856985,-0.08112008061059228,1.546557738399775
path_b_only,23.759578769000655,0.031448882316582924,0.0,0.5,0.1,0.1,0.11088968813419342,0.0006934676772867368,0.1083984375,0.1138916015625,16384,0.8590915326314346,1397705.0,0.7761279,-0.05840427,0.018413129929013835,0.9930149363914341,-0.11654309395984468,1.037279,0.0001089437,0.7664042368417296,0.11082309587712748,0.00010683987931726907,0.004653858459977678,0.02083912465856985,-0.11682843721583636,1.5523821562322184
path_b_only,23.88147074599692,0.06361753796842426,0.0,0.5,0.1,0.1,0.11096429079771042,0.0007048942211887101,0.1083984375,0.1141357421875,16384,0.8877076260045498,1397830.0,0.7773188,-0.09343784,0.015876704298317997,0.9824612204732195,-0.18578988273556668,1.026468,0.0001081633,0.6553010350080423,0.11082309587712748,0.00010683987931726907,0.004653858459977678,0.02083912465856985,-0.18689951547177275,1.5549189554147886
path_b_only,24.00008374999743,0.10002631083736188,0.0,0.5,0.1,0.1,0.11111100763082504,0.0007003594030796638,0.108642578125,0.1138916015625,16384,0.9439852761297255,1397929.0,0.7776864,-0.1323048,0.014886115744447386,0.9650798762327882,-0.26153247608767277,1.031319,0.0001066537,0.44038382141484317,0.11082309587712748,0.00010683987931726907,0.004653858459977678,0.02083912465856985,-0.26463962738051894,1.5559096612105712
path_b_only,24.12221254999895,0.13745784196623068,0.0,0.5,0.1,0.1,0.11108580231666565,0.0006870456471486187,0.10888671875,0.11376953125,16384,0.9343170204739532,1398054.0,0.7759246,-0.1370368,0.018238859466181506,0.9625035535291131,-0.2706552298574747,1.039176,0.0001060857,0.3595193690294844,0.11082309587712748,0.00010683987931726907,0.004653858459977678,0.02083912465856985,-0.27412037488262353,1.5525564559663223
path_b_only,24.243558185997244,0.16926528493008375,0.0,0.5,0.1,0.1,0.11098238825798035,0.000683433312704434,0.1085205078125,0.114013671875,16384,0.8946494507127588,1398179.0,0.7729734,-0.0921432,0.024426242288398185,0.982763758698426,-0.18324506344404073,1.040163,0.0001067943,0.46040062072009175,0.11082309587712748,0.00010683987931726907,0.004653858459977678,0.02083912465856985,-0.18434203255659387,1.5463676549032455
path_b_only,24.360735071997624,0.19058078896891864,0.0,0.5,0.1,0.1,0.11097366362810135,0.0007092806212890836,0.1082763671875,0.114013671875,16384,0.8913028567509174,1398303.0,0.7763546,-0.1122133,0.017632574150703236,0.9747624103503254,-0.22254737854408405,1.031767,0.0001065399,0.4241824575390433,0.11082309587712748,0.00010683987931726907,0.004653858459977678,0.02083912465856985,-0.2244620941804225,1.5531628388325767
path_b_only,24.48052877400187,0.1998129658464351,0.0,0.5,0.1,0.1,0.11082106828689575,0.0006989257801865395,0.108154296875,0.1136474609375,16384,0.8327703282005555,1398428.0,0.7726825,-0.0555155,0.025272006231709828,0.9935210206350997,-0.11080301104759893,1.037347,0.0001079794,0.6291197448783474,0.11082309587712748,0.00010683987931726907,0.004653858459977678,0.02083912465856985,-0.11106661987932176,1.545521629692939
path_b_only,24.601200518998667,0.19498842844318798,0.0,0.5,0.1,0.1,0.11105123162269592,0.0006954466884709403,0.1083984375,0.114013671875,16384,0.9210563919658882,1398552.0,0.7721332,-0.1147373,0.025831441918827226,0.9734433667721504,-0.22746592776874314,1.04648,0.0001061766,0.37246052875101304,0.11082309587712748,0.00010683987931726907,0.004653858459977678,0.02083912465856985,-0.229552572502846,1.5449620112838789
path_b_only,24.724241007003002,0.17619523767924894,0.0,0.5,0.1,0.1,0.11097929626703262,0.0007112382546221594,0.1087646484375,0.114013671875,16384,0.893463424671628,1398651.0,0.7732073,-0.108543,0.023807109873360748,0.9762389825864812,-0.21538493540168896,1.043032,0.0001063199,0.3928617189390811,0.11082309587712748,0.00010683987931726907,0.004653858459977678,0.02083912465856985,-0.21714853182305704,1.5469869674548349
path_b_only,24.843518394001876,0.14720383082186314,0.0,0.5,0.1,0.1,0.11085288971662521,0.0007030551911588348,0.1085205078125,0.114013671875,16384,0.8449763937949404,1398776.0,0.7735016,-0.06901501,0.02356460617586609,0.9902086206975315,-0.13759213942688933,1.046818,0.0001068438,0.4674477869050825,0.11082309587712748,0.00010683987931726907,0.004653858459977678,0.02083912465856985,-0.13806860481615502,1.5472295392062574
path_b_only,24.96187672099768,0.11194816870480663,0.0,0.5,0.1,0.1,0.11080380529165268,0.0007074290169815954,0.1085205078125,0.1138916015625,16384,0.8261485876287481,1398900.0,0.7693029,-0.0578476,0.03196980378305155,0.9928001655165111,-0.11543726866337968,1.044097,0.0001065578,0.426730826725132,0.11082309587712748,0.00010683987931726907,0.004653858459977678,0.02083912465856985,-0.11575463519052942,1.5388210746181343
path_b_only,25.082260456998483,0.07444381109263827,0.0,0.5,0.1,0.1,0.11068978905677795,0.0007119834715971279,0.1080322265625,0.11328125,16384,0.7824142345988089,1399025.0,0.7682655,-0.0213098,0.03422751247297141,0.9985054564827245,-0.042606698582950124,1.043721,0.0001075004,0.5609259549266088,0.11082309587712748,0.00010683987931726907,0.004653858459977678,0.02083912465856985,-0.04264460202247333,1.5365621277454695
path_b_only,25.20255234400247,0.04057466707597496,0.0,0.5,0.1,0.1,0.11061259359121323,0.0007054362650191963,0.1082763671875,0.11376953125,16384,0.7528035940875888,1399149.0,0.7754258,-0.01617887,0.01993296481793164,0.9992777486484625,-0.032352093744105866,1.026679,0.0001090531,0.7819791859455288,0.11082309587712748,0.00010683987931726907,0.004653858459977678,0.02083912465856985,-0.03236417240054745,1.5508620417697205
path_b_only,25.32233838999673,0.015175856531993229,0.0,0.5,0.1,0.1,0.11086869984865189,0.0007101176181670973,0.1083984375,0.113525390625,16384,0.8510408450221201,1399249.0,0.772937,-0.05384187,0.024775404417877935,0.993898960156749,-0.10747574766087412,1.03669,0.0001076043,0.5757178855654101,0.11082309587712748,0.00010683987931726907,0.004653858459977678,0.02083912465856985,-0.10771693293294282,1.546018387067456
path_b_only,25.4409841960005,0.0017138073248431224,0.0,0.5,0.1,0.1,0.1109093725681305,0.0007126957403620052,0.1085205078125,0.1138916015625,16384,0.8666420887776215,1399373.0,0.772149,-0.0746262,0.026200665784465397,0.9885353643428579,-0.14869888552367735,1.045691,0.0001066431,0.43887473128229815,0.11082309587712748,0.00010683987931726907,0.004653858459977678,0.02083912465856985,-0.14930403961879302,1.5445926624008441
path_b_only,25.561931327996717,0.0018867749130772604,0.0,0.5,0.1,0.1,0.11084801703691483,0.0007108051112735038,0.108642578125,0.1136474609375,16384,0.8431073310698812,1399497.0,0.7731433,-0.06074039,0.02432666118806802,0.9923321451713984,-0.12118220667643974,1.034379,0.000107481,0.5581640352500664,0.11082309587712748,0.00010683987931726907,0.004653858459977678,0.02083912465856985,-0.12151691933213238,1.5464672656029212
path_b_only,25.682204087999708,0.01594025365673632,0.0,0.5,0.1,0.1,0.11087321490049362,0.0007004700828841089,0.108154296875,0.114013671875,16384,0.8527727288315786,1399621.0,0.7730382,-0.04794974,0.02460383690652873,0.995101049922348,-0.09575255428925979,1.041447,0.0001073949,0.545906237097991,0.11082309587712748,0.00010683987931726907,0.004653858459977678,0.02083912465856985,-0.09592860889420374,1.5461900068947714
path_b_only,25.803028770998935,0.041993916986640026,0.0,0.5,0.1,0.1,0.11074429005384445,0.0007004865416377563,0.1085205078125,0.11376953125,16384,0.8033197297575363,1399746.0,0.7714709,-0.01813851,0.027832600789899714,0.9989544040428934,-0.03626906362973149,1.029699,0.0001078443,0.6098859640380967,0.11082309587712748,0.00010683987931726907,0.004653858459977678,0.02083912465856985,-0.03629108540634407,1.5429601313140582
path_b_only,25.92284822199872,0.07599867898017883,0.0,0.5,0.1,0.1,0.11045728623867035,0.0006847356348433554,0.1080322265625,0.1134033203125,16384,0.6932307920939218,1399870.0,0.7651221,0.08157718,0.04000262149736661,0.985908618925509,0.1624314790972916,1.011944,0.0001084788,0.700217821500263,0.11082309587712748,0.00010683987931726907,0.004653858459977678,0.02083912465856985,0.16328623108345086,1.5307830288436854
path_b_only,26.043755929997133,0.11370307956038603,0.0,0.5,0.1,0.1,0.10959786176681519,0.0007001555418701203,0.107177734375,0.1126708984375,16384,0.3635727105410565,1399995.0,0.7633181,0.1557395,0.0420215400392498,0.9509533576600594,0.3064668036309787,0.9941976,0.000109402,0.8316510300251974,0.11082309587712748,0.00010683987931726907,0.004653858459977678,0.02083912465856985,0.31176364928037126,1.5287624099102428
path_b_only,26.164961044996744,0.14953523609444264,0.0,0.5,0.1,0.1,0.10960646718740463,0.0006958741334589804,0.107177734375,0.112548828125,16384,0.36687357819769767,1400094.0,0.7655895,0.1361396,0.038147861793491486,0.9624047023221576,0.2689273686123892,1.001538,0.0001096749,0.8705029825885163,0.11082309587712748,0.00010683987931726907,0.004653858459977678,0.02083912465856985,0.27248259179184053,1.5326392064315073
path_b_only,26.284370328001387,0.17791920430734595,0.0,0.5,0.1,0.1,0.11000442504882812,0.0006745909501243689,0.1075439453125,0.1129150390625,16384,0.5195222744264206,1400219.0,0.7654612,0.08231245,0.03932440475563589,0.9856957838883136,0.163882313918915,1.015596,0.0001088315,0.7504306601557482,0.11082309587712748,0.00010683987931726907,0.004653858459977678,0.02083912465856985,0.16475350174533343,1.5314617797121353
path_b_only,26.402182894998987,0.19531533026830342,0.0,0.5,0.1,0.1,0.11019714176654816,0.0006785359629823488,0.107666015625,0.11328125,16384,0.5934445625707329,1400344.0,0.7707472,0.06234787,0.029070253207038318,0.9918096171451249,0.12437284155682576,1.01946,0.0001092197,0.8056975270853189,0.11082309587712748,0.00010683987931726907,0.004653858459977678,0.02083912465856985,0.12474873747939208,1.541721977583585
path_b_only,26.524989267003548,0.19969199787053366,0.0,0.5,0.1,0.1,0.11019077152013779,0.0006953185178472511,0.1077880859375,0.1134033203125,16384,0.591001063136596,1400468.0,0.7701187,0.03755681,0.030468017133312954,0.9967147269780734,0.07504300738235979,1.020348,0.00010906,0.7829615182016199,0.11082309587712748,0.00010683987931726907,0.004653858459977678,0.02083912465856985,0.07514857408952924,1.5403235937809332
path_b_only,26.6489507389997,0.18924981925554102,0.0,0.5,0.1,0.1,0.11044424027204514,0.0006972677497175208,0.1080322265625,0.1134033203125,16384,0.6882266195685723,1400593.0,0.777371,-0.03346205,0.016017699778503033,0.9976328386715971,-0.066874154184235,1.038743,0.0001097443,0.8803832519468687,0.11082309587712748,0.00010683987931726907,0.004653858459977678,0.02083912465856985,-0.06693269974557836,1.554777942002557
path_b_only,26.770193916003336,0.16608547711525032,0.0,0.5,0.1,0.1,0.1109536811709404,0.000705339016655119,0.108642578125,0.1138916015625,16384,0.8836379848417298,1400717.0,0.7782796,-0.1264879,0.01378352055960626,0.9680737875295462,-0.2502861491556855,1.032924,0.0001078402,0.609302259364188,0.11082309587712748,0.00010683987931726907,0.004653858459977678,0.02083912465856985,-0.2530003605408737,1.5570123697532723
path_b_only,26.893646345997695,0.1327937827552746,0.0,0.5,0.1,0.1,0.1110224649310112,0.0007100691249988608,0.108642578125,0.1141357421875,16384,0.9100220629422591,1400842.0,0.7813256,-0.1730981,0.00766179356520766,0.9406390252353883,-0.33932214947389244,1.016248,0.0001068691,0.47104967184407937,0.11082309587712748,0.00010683987931726907,0.004653858459977678,0.02083912465856985,-0.3462067882858699,1.5631344582658944
path_b_only,27.014048327997443,0.09558802021342731,0.0,0.5,0.1,0.1,0.11112511903047562,0.0006951798842466427,0.1087646484375,0.1142578125,16384,0.9493981275078021,1400966.0,0.7814825,-0.1907472,0.007268252898854995,0.9280808350947395,-0.3723078511523081,1.016469,0.0001059753,0.34380205293204674,0.11082309587712748,0.00010683987931726907,0.004653858459977678,0.02083912465856985,-0.381504996227342,1.5635280099005817
path_b_only,27.137084328001947,0.058252653792541485,0.0,0.5,0.1,0.1,0.11107868701219559,0.0007152342128355475,0.1087646484375,0.1138916015625,16384,0.9315877316323148,1401091.0,0.7817915,-0.2060657,0.006609291454137374,0.91624530676758,-0.4005631724121147,1.009345,0.0001056382,0.29581013937728523,0.11082309587712748,0.00010683987931726907,0.004653858459977678,0.02083912465856985,-0.4121409486704053,1.5641869872211605
path_b_only,27.260369114999776,0.027023805591039604,0.0,0.5,0.1,0.1,0.11110690981149673,0.0007063985616493602,0.1087646484375,0.1142578125,16384,0.9424134343884678,1401190.0,0.7860502,-0.1949597,-0.0012061887372820728,0.9249389135599498,-0.3801138662180973,1.008336,0.0001067011,0.4471320169131982,0.11082309587712748,0.00010683987931726907,0.004653858459977678,0.02083912465856985,-0.3899196989519118,1.5720025158246578
path_b_only,27.378285257000243,0.007222009136152799,0.0,0.5,0.1,0.1,0.11104852706193924,0.0007116779303972986,0.108642578125,0.114013671875,16384,0.9200189764166581,1401314.0,0.7892742,-0.2371659,-0.0068961606522963985,0.889571386715169,-0.4567441197277849,0.9883694,0.0001062298,0.3800344528124598,0.11082309587712748,0.00010683987931726907,0.004653858459977678,0.02083912465856985,-0.47434400901722995,1.577692542108518
path_b_only,27.500032447002013,5.195398833368614e-10,0.0,0.5,0.1,0.1,0.11108003556728363,0.0007039349502390137,0.1087646484375,0.1141357421875,16384,0.9321050104598924,1401439.0,0.7788453,-0.1739089,0.012320586751076192,0.9400380109273078,-0.3408470935095972,1.022067,0.0001061308,0.3659401204424764,0.11082309587712748,0.00010683987931726907,0.004653858459977678,0.02083912465856985,-0.3478453208144181,1.5584754283181337
path_b_only,27.62407575499674,0.007501320349913007,0.0,0.5,0.1,0.1,0.11114881932735443,0.0007107606942944788,0.108154296875,0.114013671875,16384,0.9584890885604216,1401563.0,0.7851693,-0.1969939,0.0004226583137820923,0.9233854975868094,-0.3838737347179538,1.013815,0.0001070705,0.49972238436240835,0.11082309587712748,0.00010683987931726907,0.004653858459977678,0.02083912465856985,-0.3939878371325012,1.5703736684685305
path_b_only,27.748147022997728,0.028878894312195702,0.0,0.5,0.1,0.1,0.1111336350440979,0.000710331493979342,0.10888671875,0.114013671875,16384,0.9526647004355431,1401688.0,0.7807369,-0.1660261,0.008813159379443623,0.9453342699978201,-0.3259838127721086,1.030988,0.0001064327,0.4089207158212425,0.11082309587712748,0.00010683987931726907,0.004653858459977678,0.02083912465856985,-0.33206559218117526,1.561983053322505
path_b_only,27.866355372003454,0.059237013971562266,0.0,0.5,0.1,0.1,0.1111072301864624,0.0007105224775912615,0.10888671875,0.114501953125,16384,0.9425363238336935,1401812.0,0.7745886,-0.164774,0.020454180365042696,0.9459676049606885,-0.3236153841685111,1.037342,0.0001047228,0.16548739340271365,0.11082309587712748,0.00010683987931726907,0.004653858459977678,0.02083912465856985,-0.3296195693671691,1.5503407199134511
path_b_only,27.98740473700309,0.0960441139204462,0.0,0.5,0.1,0.1,0.11105430871248245,0.0007051005879995535,0.1087646484375,0.114013671875,16384,0.922236702218869,1401937.0,0.7861399,-0.2298328,-0.0013294895393506547,0.8961999175386928,-0.4436484421940474,1.005135,0.0001055951,0.2896741219515662,0.11082309587712748,0.00010683987931726907,0.004653858459977678,0.02083912465856985,-0.4596660374959729,1.5721258167259025
path_b_only,28.1099108970011,0.13384745306205895,0.0,0.5,0.1,0.1,0.11101055145263672,0.0006986150952470955,0.108642578125,0.114013671875,16384,0.9054522903163117,1402062.0,0.7772077,-0.1791599,0.01533984538039776,0.936361750262764,-0.35070124292417126,1.030414,0.0001053897,0.2604319414586912,0.11082309587712748,0.00010683987931726907,0.004653858459977678,0.02083912465856985,-0.3583638684297319,1.5554558797454274
path_b_only,28.23510893400089,0.16732655952747544,0.0,0.5,0.1,0.1,0.1110447570681572,0.000700449661852136,0.1085205078125,0.1141357421875,16384,0.918572882014701,1402161.0,0.7684282,-0.0999541,0.033257620886630535,0.9795203767640696,-0.1985793598462247,1.052465,0.0001057489,0.3115701655728128,0.11082309587712748,0.00010683987931726907,0.004653858459977678,0.02083912465856985,-0.2000203471383375,1.537532571982226
path_b_only,28.353229359003308,0.18955664746028722,0.0,0.5,0.1,0.1,0.11091747879981995,0.000693812991149472,0.1085205078125,0.1141357421875,16384,0.8697514775312368,1402286.0,0.7783849,-0.0982929,0.013755913048111213,0.98064268573373,-0.19532203606646537,1.023585,0.0001080892,0.6447516407796012,0.11082309587712748,0.00010683987931726907,0.004653858459977678,0.02083912465856985,-0.1966046455592072,1.5570399798824028
path_b_only,28.476055708000786,0.1997172068072773,0.0,0.5,0.1,0.1,0.11093176901340485,0.0006518019291152777,0.1083984375,0.1136474609375,16384,0.8752329183671136,1402410.0,0.7694465,-0.05641208,0.031695111427196734,0.9931364704116614,-0.11258495037030836,1.046685,0.0001069625,0.48434674904970026,0.11082309587712748,0.00010683987931726907,0.004653858459977678,0.02083912465856985,-0.11288111524056355,1.539095906254333
path_b_only,28.59660509799869,0.19542981522345682,0.0,0.5,0.1,0.1,0.11082212626934052,0.0006922091503004949,0.108642578125,0.114013671875,16384,0.8331761491592076,1402534.0,0.7791367,-0.08796456,0.01232930497611075,0.9844871460352328,-0.17502299143314973,1.025823,0.000107967,0.6273543941572586,0.11082309587712748,0.00010683987931726907,0.004653858459977678,0.02083912465856985,-0.1759426328896767,1.5584667094308557
path_b_only,28.713996949998545,0.17823967780073458,0.0,0.5,0.1,0.1,0.11107073724269867,0.0006996376368817851,0.108642578125,0.114013671875,16384,0.9285383586542748,1402658.0,0.7780016,-0.1595583,0.01404575295148887,0.9494090435596212,-0.31372788341368546,1.028762,0.0001062519,0.38318076337181983,0.11082309587712748,0.00010683987931726907,0.004653858459977678,0.02083912465856985,-0.31914919709459744,1.5567501119706109
path_b_only,28.834218317002524,0.14975902964194826,0.0,0.5,0.1,0.1,0.11110972613096237,0.0007135832126028323,0.1087646484375,0.1142578125,16384,0.9434937183488231,1402783.0,0.7781295,-0.1456413,0.013924470702987968,0.9577751110307556,-0.2871810331579464,1.032555,0.0001069478,0.4822539542432484,0.11082309587712748,0.00010683987931726907,0.004653858459977678,0.02083912465856985,-0.291311669580367,1.5568714060813207
path_b_only,28.953058256003715,0.11469378841807228,0.0,0.5,0.1,0.1,0.11106070876121521,0.000710575261510602,0.1085205078125,0.1143798828125,16384,0.924691633229306,1402882.0,0.77776,-0.1212857,0.014828513197660162,0.9706102708934323,-0.24019953628707288,1.030533,0.000107159,0.5123218632992113,0.11082309587712748,0.00010683987931726907,0.004653858459977678,0.02083912465856985,-0.24259860914631037,1.555967270116006
path_b_only,29.074003667999932,0.07695993599726539,0.0,0.5,0.1,0.1,0.11076060682535172,0.0007081156880399431,0.1077880859375,0.1141357421875,16384,0.8095785177818169,1403006.0,0.7705287,-0.0328041,0.029670571185975464,0.9974073359520251,-0.06556114241364518,1.045374,0.0001078215,0.606639996583192,0.11082309587712748,0.00010683987931726907,0.004653858459977678,0.02083912465856985,-0.0656371394966655,1.541121400504482
path_b_only,29.19517238700064,0.042455174717678845,0.0,0.5,0.1,0.1,0.11093422770500183,0.0007129933412830383,0.1082763671875,0.114013671875,16384,0.8761760234118683,1403130.0,0.7703524,-0.08138916,0.029689260912254527,0.9863341054481801,-0.16206042149834857,1.048764,0.0001066202,0.4356145271280308,0.11082309587712748,0.00010683987931726907,0.004653858459977678,0.02083912465856985,-0.16285074939224842,1.541102702540894
path_b_only,29.31830666300084,0.015853448629742944,0.0,0.5,0.1,0.1,0.11084279417991638,0.000704492604417115,0.1083984375,0.114013671875,16384,0.8411039473232964,1403254.0,0.7708788,-0.04854867,0.028897885551309108,0.9948701472794111,-0.09694484134241639,1.042109,0.0001072411,0.5240101934767444,0.11082309587712748,0.00010683987931726907,0.004653858459977678,0.02083912465856985,-0.09713803586449998,1.5418944176861664
path_b_only,29.436245399003383,0.001999127366892506,0.0,0.5,0.1,0.1,0.11056923866271973,0.0007141651342546866,0.108154296875,0.11376953125,16384,0.7361735084650822,1403378.0,0.7705043,0.009796184,0.02977760569569796,0.9993645393093868,0.019591114566774582,1.031316,0.0001081489,0.6532509502996824,0.11082309587712748,0.00010683987931726907,0.004653858459977678,0.02083912465856985,0.019601061227217276,1.5410143186797112
path_b_only,29.559567878000962,0.0017459274753484355,0.0,0.5,0.1,0.1,0.11080066114664078,0.0007048014176921179,0.1085205078125,0.1136474609375,16384,0.8249425563290922,1403502.0,0.7714744,-0.06170391,0.027632172251292157,0.9920101454396584,-0.12309481874336849,1.038156,0.0001076476,0.5818823763898564,0.11082309587712748,0.00010683987931726907,0.004653858459977678,0.02083912465856985,-0.12345520112474917,1.5431606369708055
path_b_only,29.67900656099664,0.015400388423404049,0.0,0.5,0.1,0.1,0.11102761328220367,0.0007035635442317038,0.108642578125,0.1138916015625,16384,0.9119968677480937,1403627.0,0.7823042,-0.1493174,0.005914005490815792,0.9557207451474095,-0.29421570630055616,1.029151,0.0001073011,0.5325522130949156,0.11082309587712748,0.00010683987931726907,0.004653858459977678,0.02083912465856985,-0.29864018358691524,1.5648822868293601
path_b_only,29.795289569003216,0.04003075024320665,0.0,0.5,0.1,0.1,0.11107322573661804,0.0007073144234241531,0.1087646484375,0.11376953125,16384,0.9294928952753295,1403726.0,0.7857287,-0.1862244,-0.0006157493382307787,0.9314388236878839,-0.36389742865220076,1.011482,0.0001067709,0.4570692330690052,0.11082309587712748,0.00010683987931726907,0.004653858459977678,0.02083912465856985,-0.37244887406322125,1.5714120761720374
path_b_only,29.913390939000237,0.07312544907268005,0.0,0.5,0.1,0.1,0.11106914281845093,0.0006912197028437501,0.1087646484375,0.114013671875,16384,0.9279267693222218,1403850.0,0.7710085,-0.147457,0.027533039945229123,0.9564309238850203,-0.2906575640643486,1.040238,0.0001052369,0.2386782648310811,0.11082309587712748,0.00010683987931726907,0.004653858459977678,0.02083912465856985,-0.29502920758740414,1.5432598070083774
path_b_only,30.0320308770024,0.11004582275764606,0.0,0.5,0.1,0.1,0.11105294525623322,0.0007041699581118593,0.1083984375,0.114013671875,16384,0.9217137076031414,1403974.0,0.7789196,-0.1310938,0.012513970410501304,0.9657442031088221,-0.2591940097808416,1.023166,0.0001074966,0.560384960350792,0.11082309587712748,0.00010683987931726907,0.004653858459977678,0.02083912465856985,-0.2622086154590555,1.5582820297478848
path_b_only,30.15293918899988,0.14621983466730326,0.0,0.5,0.1,0.1,0.11102045327425003,0.000696747139366781,0.10888671875,0.114013671875,16384,0.9092504315420054,1404098.0,0.7794852,-0.1140593,0.011519290963514828,0.9740254744990685,-0.22614526517829728,1.03707,0.0001075302,0.5651684913369671,0.11082309587712748,0.00010683987931726907,0.004653858459977678,0.02083912465856985,-0.22813400466703504,1.5592767810592458
path_b_only,30.27089178100141,0.17519608630678773,0.0,0.5,0.1,0.1,0.1109851747751236,0.0007039144341507666,0.1083984375,0.1138916015625,16384,0.895718303096814,1404197.0,0.7774029,-0.1222905,0.01551396949724978,0.9701148299950545,-0.24214981596958723,1.034575,0.0001069694,0.4853290813057892,0.11082309587712748,0.00010683987931726907,0.004653858459977678,0.02083912465856985,-0.2446110401001711,1.5552817349048027
path_b_only,30.38805149900145,0.19387896047617814,0.0,0.5,0.1,0.1,0.11091550439596176,0.0006893388648657628,0.1085205078125,0.1138916015625,16384,0.8689941356013581,1404371.0,0.7745872,-0.08854524,0.02128211054693236,0.9841303288291012,-0.17616630679387354,1.041374,0.0001068386,0.46670747853817457,0.11082309587712748,0.00010683987931726907,0.004653858459977678,0.02083912465856985,-0.17713102312646756,1.5495126093756593
path_b_only,30.545108029000403,0.19899757812027025,0.0,0.5,0.1,0.1,0.1111069992184639,0.0006859740360705747,0.1083984375,0.1138916015625,16384,0.942447729117368,1404495.0,0.7742487,-0.1208476,0.02164898361107533,0.9706922413319331,-0.23934889623015984,1.037533,0.0001067436,0.45318261414273725,0.11082309587712748,0.00010683987931726907,0.004653858459977678,0.02083912465856985,-0.2417529886700187,1.5491456517582365
path_b_only,30.665971469003125,0.18671153513924466,0.0,0.5,0.1,0.1,0.11098207533359528,0.0006697884101575124,0.108642578125,0.114501953125,16384,0.8945294191616082,1404594.0,0.774393,-0.090143,0.021651845003858704,0.9835541583812552,-0.17931094539617418,1.037674,0.0001070578,0.4979143235432295,0.11082309587712748,0.00010683987931726907,0.004653858459977678,0.02083912465856985,-0.18032873833132035,1.549142789694592
path_b_only,30.78405774100247,0.162755013890759,0.0,0.5,0.1,0.1,0.11102621257305145,0.0007030399420613471,0.108642578125,0.1138916015625,16384,0.9114595836619912,1404718.0,0.7771459,-0.1047767,0.016142739468014315,0.9779906982153473,-0.2080230904652777,1.028449,0.0001073682,0.542105038367905,0.11082309587712748,0.00010683987931726907,0.004653858459977678,0.02083912465856985,-0.20958111585720873,1.5546528861438556
path_b_only,30.90687409399834,0.12884078962810724,0.0,0.5,0.1,0.1,0.11102467775344849,0.000695938377805775,0.1083984375,0.1141357421875,16384,0.9108708574825383,1404842.0,0.7735012,-0.08170951,0.023474700416063195,0.9863975112849697,-0.1626926186745858,1.040323,0.0001073497,0.5394712489856344,0.11082309587712748,0.00010683987931726907,0.004653858459977678,0.02083912465856985,-0.16346447108116902,1.5473194698431807
path_b_only,31.03027905899944,0.09050189240357674,0.0,0.5,0.1,0.1,0.1110556572675705,0.0007067207523190862,0.108642578125,0.114013671875,16384,0.9227539810464465,1404967.0,0.7780307,-0.1288105,0.0142481414798248,0.9668938629215185,-0.2547807848113248,1.027537,0.0001074441,0.5529106931848918,0.11082309587712748,0.00010683987931726907,0.004653858459977678,0.02083912465856985,-0.2576477482160362,1.5565477031862618
path_b_only,31.147924135999347,0.055182982925441215,0.0,0.5,0.1,0.1,0.11117726564407349,0.000698349280890792,0.1083984375,0.1142578125,16384,0.969400528138825,1405091.0,0.7749381,-0.1335988,0.0201762959353118,0.9643035460749465,-0.2640295212842955,1.031161,0.0001062633,0.3848037470992722,0.11082309587712748,0.00010683987931726907,0.004653858459977678,0.02083912465856985,-0.2672533355766822,1.550618661704522
path_b_only,31.266459389000374,0.02572910578549041,0.0,0.5,0.1,0.1,0.1110929548740387,0.0006913247692043219,0.108642578125,0.1138916015625,16384,0.9370605987859666,1405191.0,0.7713533,-0.0800376,0.02772696147820877,0.9868258528611686,-0.15939244565541041,1.042247,0.0001072334,0.5229139676257443,0.11082309587712748,0.00010683987931726907,0.004653858459977678,0.02083912465856985,-0.16013729878373262,1.5430658114111921
path_b_only,31.384126899996772,0.00655290417508754,0.0,0.5,0.1,0.1,0.1107928678393364,0.0007006480205481781,0.1083984375,0.113525390625,16384,0.8219531991266276,1405316.0,0.7689806,-0.01907314,0.03280534429595171,0.9987338866687081,-0.03813702931850293,1.04244,0.0001074633,0.555644139462707,0.11082309587712748,0.00010683987931726907,0.004653858459977678,0.02083912465856985,-0.038166832894942715,1.537985095513577
path_b_only,31.505229155998677,1.349345542753233e-05,0.0,0.5,0.1,0.1,0.11098898947238922,0.0007114755379313602,0.1087646484375,0.1142578125,16384,0.8971815448632212,1405441.0,0.7776987,-0.08838606,0.015158357792726918,0.9842997388045223,-0.17585291688902133,1.02752,0.0001081277,0.6502327700345942,0.11082309587712748,0.00010683987931726907,0.004653858459977678,0.02083912465856985,-0.17679264677263573,1.5556373884381454
path_b_only,31.628035971996724,0.007981238739808855,0.0,0.5,0.1,0.1,0.11103123426437378,0.0007032522232862303,0.108642578125,0.1136474609375,16384,0.9133858042685505,1405566.0,0.7715612,-0.06679846,0.027423829159441176,0.9907097100158984,-0.13319986514425666,1.043827,0.0001072137,0.5201093378511118,0.11082309587712748,0.00010683987931726907,0.004653858459977678,0.02083912465856985,-0.1336474866008639,1.5433690590481695
path_b_only,31.74989225900208,0.029265391900308232,0.0,0.5,0.1,0.1,0.1107078343629837,0.0007065532138840671,0.108154296875,0.11376953125,16384,0.7893360540484927,1405692.0,0.7711233,0.0003810589,0.028545840244854195,0.999592193937751,0.000762117726224009,1.021426,0.0001085795,0.7145541777594274,0.11082309587712748,0.00010683987931726907,0.004653858459977678,0.02083912465856985,0.0007624285015168653,1.5422466082934296
path_b_only,31.866910023003584,0.05939619054183797,0.0,0.5,0.1,0.1,0.11094217747449875,0.0006926923993631468,0.1083984375,0.11376953125,16384,0.8792253963899082,1405817.0,0.7733672,-0.06859675,0.023833534286574688,0.9903169695486939,-0.13676352754774262,1.045129,0.0001075897,0.573639327458321,0.11082309587712748,0.00010683987931726907,0.004653858459977678,0.02083912465856985,-0.13723272866112346,1.54696053554172
path_b_only,31.98704639299831,0.09593162748231296,0.0,0.5,0.1,0.1,0.11102130264043808,0.0007139429244985082,0.1085205078125,0.1141357421875,16384,0.909576231466557,1405917.0,0.7749624,-0.06609055,0.02068795799842736,0.9910608879111612,-0.13179652820387974,1.031386,0.0001082654,0.6698367050582978,0.11082309587712748,0.00010683987931726907,0.004653858459977678,0.02083912465856985,-0.13220956128756267,1.5501068928001183
path_b_only,32.10599400699721,0.1326870236352451,0.0,0.5,0.1,0.1,0.11115279793739319,0.0007053461092268244,0.10888671875,0.1138916015625,16384,0.9600152039964791,1406042.0,0.77874,-0.1569811,0.012665015732977713,0.951033067382374,-0.30882956808206746,1.022617,0.0001074332,0.5513588929542568,0.11082309587712748,0.00010683987931726907,0.004653858459977678,0.02083912465856985,-0.3139882447568989,1.5581309724538521
path_b_only,32.225795790996926,0.165134707055126,0.0,0.5,0.1,0.1,0.1110910102725029,0.0007086286133755485,0.10888671875,0.114013671875,16384,0.936314688432388,1406167.0,0.7726472,-0.09490744,0.025041176820611993,0.9817198634145233,-0.1886771031174921,1.044902,0.000107285,0.5302601044973726,0.11082309587712748,0.00010683987931726907,0.004653858459977678,0.02083912465856985,-0.18987514659830396,1.5457525321799064
path_b_only,32.3460180309994,0.18852576588858597,0.0,0.5,0.1,0.1,0.11104465276002884,0.0007053800245464844,0.1080322265625,0.11376953125,16384,0.9185328714976508,1406294.0,0.7699933,-0.08430638,0.030367994169266582,0.9853506631985088,-0.16781494410330114,1.056179,0.0001069071,0.4764596176022551,0.11082309587712748,0.00010683987931726907,0.004653858459977678,0.02083912465856985,-0.16869130875337301,1.5404236630505344
path_b_only,32.46817258700321,0.19950052866586446,0.0,0.5,0.1,0.1,0.1108512133359909,0.0007042391629319088,0.1085205078125,0.1136474609375,16384,0.8443333676280622,1406397.0,0.7655071,-0.04854329,0.03958434167891907,0.994503320227521,-0.09693413201903359,1.06838,0.0001064634,0.4132913825258746,0.11082309587712748,0.00010683987931726907,0.004653858459977678,0.02083912465856985,-0.09716297342049174,1.5312016402365187
path_b_only,32.58964608999668,0.19606032858289757,0.0,0.5,0.1,0.1,0.11063443869352341,0.0007008002529134551,0.1083984375,0.1136474609375,16384,0.7611829395155298,1406525.0,0.7698669,-0.01506842,0.03104342915441471,0.9990637373600858,-0.030132278347851354,1.044489,0.0001079604,0.6264147719992595,0.11082309587712748,0.00010683987931726907,0.004653858459977678,0.02083912465856985,-0.030151376261632556,1.5397479094133484
path_b_only,32.71475014599855,0.17809209445198315,0.0,0.5,0.1,0.1,0.11082051694393158,0.0006857981383505943,0.1083984375,0.1136474609375,16384,0.8325588440390045,1406653.0,0.7687122,-0.05497725,0.03316424023839851,0.9934076631787161,-0.10973307572109911,1.05716,0.0001072178,0.5206930425250206,0.11082309587712748,0.00010683987931726907,0.004653858459977678,0.02083912465856985,-0.11001526285400587,1.5376260041709673
path_b_only,32.83492170100362,0.14956723225058066,0.0,0.5,0.1,0.1,0.11091956496238708,0.0006879542944053154,0.1083984375,0.11376953125,16384,0.8705516878722407,1406781.0,0.7681795,-0.05087992,0.03425240912804175,0.9942370947501203,-0.10158430927936377,1.055826,0.0001068112,0.46280662291254393,0.11082309587712748,0.00010683987931726907,0.004653858459977678,0.02083912465856985,-0.10181979356701776,1.5365372164834468
path_b_only,32.955731119996926,0.11386268955253753,0.0,0.5,0.1,0.1,0.11070539802312851,0.000701412132573977,0.1082763671875,0.113525390625,16384,0.7884015226859632,1406905.0,0.7723019,-0.01916104,0.02617030362532789,0.998923046166583,-0.03831270083709304,1.036257,0.0001083841,0.6867356672029157,0.11082309587712748,0.00010683987931726907,0.004653858459977678,0.02083912465856985,-0.03833521628410841,1.5446230349746959
path_b_only,33.07888456599903,0.0754705779947501,0.0,0.5,0.1,0.1,0.11067739129066467,0.0006977735953514339,0.1080322265625,0.1134033203125,16384,0.7776586988579856,1407029.0,0.7736092,-0.03325503,0.02352361682057264,0.9975116892723731,-0.06646103532638842,1.027127,0.0001084403,0.69473669224527,0.11082309587712748,0.00010683987931726907,0.004653858459977678,0.02083912465856985,-0.06652849686740137,1.547270539926995
path_b_only,33.19882963800046,0.04151933083137513,0.0,0.5,0.1,0.1,0.11087335646152496,0.0007040023134993037,0.1083984375,0.1136474609375,16384,0.8528270288190039,1407151.0,0.7797153,-0.1001398,0.011138297375702327,0.979947693484284,-0.1989433496410526,1.019718,0.0001081001,0.6463034410102362,0.11082309587712748,0.00010683987931726907,0.004653858459977678,0.02083912465856985,-0.20029219351802086,1.5596577991003766
path_b_only,33.32060455500323,0.015465592056715216,0.0,0.5,0.1,0.1,0.11096065491437912,0.0007091601070032487,0.1085205078125,0.11376953125,16384,0.886312973695943,1407250.0,0.7788511,-0.1007401,0.012828884780231638,0.9796874412242764,-0.20011980717241706,1.033859,0.0001084343,0.6938824902834528,0.11082309587712748,0.00010683987931726907,0.004653858459977678,0.02083912465856985,-0.2014970099906983,1.5579670900916822
path_b_only,33.44009265200293,0.0017658248895650736,0.0,0.5,0.1,0.1,0.1110074445605278,0.0007145749244068504,0.108642578125,0.11376953125,16384,0.9042605484870309,1407374.0,0.7790752,-0.1578884,0.012020333952902338,0.9504794214949791,-0.3105549563060145,1.029493,0.0001064614,0.41300664853860164,0.11082309587712748,0.00010683987931726907,0.004653858459977678,0.02083912465856985,-0.31580040547975363,1.5587757033566447
path_b_only,33.56362714200077,0.001991168602942822,0.0,0.5,0.1,0.1,0.11092449724674225,0.000713395983986434,0.1085205078125,0.1138916015625,16384,0.8724436137499,1407498.0,0.7871051,-0.2233459,-0.0030789018275947768,0.9018758698862505,-0.4319843002708027,1.004952,0.0001061044,0.3621816318104803,0.11082309587712748,0.00010683987931726907,0.004653858459977678,0.02083912465856985,-0.4466940703022333,1.5738752334869905
path_b_only,33.68658196699835,0.016693153579477843,0.0,0.5,0.1,0.1,0.11097937077283859,0.0007018666791265515,0.1082763671875,0.114013671875,16384,0.8934920036123781,1407623.0,0.7831432,-0.2000666,0.004153669606890525,0.9209997489201961,-0.3895410241781121,1.010488,0.0001061436,0.3677624179610198,0.11082309587712748,0.00010683987931726907,0.004653858459977678,0.02083912465856985,-0.40013684862416277,1.5666426452440563
path_b_only,33.807634402000986,0.04317855486586001,0.0,0.5,0.1,0.1,0.11086057871580124,0.0007024808498765829,0.1085205078125,0.11376953125,16384,0.8479257404803549,1407747.0,0.7953556,-0.2966522,-0.016510284314121097,0.8289333009975313,-0.5591037408291981,0.9650468,0.0001052239,0.23682749391381036,0.11082309587712748,0.00010683987931726907,0.004653858459977678,0.02083912465856985,-0.5933963322849847,1.5873073612893676
path_b_only,33.92695493700012,0.07725309236886387,0.0,0.5,0.1,0.1,0.11075659841299057,0.0007114037227609611,0.108154296875,0.1141357421875,16384,0.8080409707694594,1407871.0,0.7973619,-0.2776948,-0.02032911627989667,0.8494518548659207,-0.5272743814145773,0.9733,0.0001059683,0.34280548397659505,0.11082309587712748,0.00010683987931726907,0.004653858459977678,0.02083912465856985,-0.5555178721858782,1.5911268435809711
path_b_only,34.04418188300042,0.11383562200941837,0.0,0.5,0.1,0.1,0.11070545017719269,0.0007167539958865585,0.1082763671875,0.113525390625,16384,0.7884215279444883,1407970.0,0.7965732,-0.3089747,-0.018215317688737798,0.8148646500491802,-0.5793650009292289,0.963296,0.0001048989,0.19055822098204767,0.11082309587712748,0.00010683987931726907,0.004653858459977678,0.02083912465856985,-0.6180673581904159,1.5890126519344479
path_b_only,34.162247879998176,0.14879300205555174,0.0,0.5,0.1,0.1,0.11029591411352158,0.0007043697341003739,0.1077880859375,0.11328125,16384,0.6313316643231935,1408095.0,0.8170394,-0.4065507,-0.043461782882771895,0.68587317261041,-0.7264220980407888,0.9062146,0.0001044933,0.1328141683632056,0.11082309587712748,0.00010683987931726907,0.004653858459977678,0.02083912465856985,-0.8141016432667003,1.614271804007365
path_b_only,34.282478316999914,0.1775452734154871,0.0,0.5,0.1,0.1,0.1103108674287796,0.0007043471477123193,0.10791015625,0.1131591796875,16384,0.6370674577317467,1408219.0,0.8101533,-0.3695385,-0.03657763024936469,0.7381849425781987,-0.673606018022525,0.926915,0.0001044941,0.1329280619581148,0.11082309587712748,0.00010683987931726907,0.004653858459977678,0.02083912465856985,-0.7396874728105516,1.607382118301171
path_b_only,34.398898945997644,0.19499819193781126,0.0,0.5,0.1,0.1,0.11050701886415482,0.0006976135466825864,0.108154296875,0.1136474609375,16384,0.7123072350446403,1408343.0,0.8042719,-0.3460691,-0.029054244901219644,0.7693347819154323,-0.6381848041032897,0.9419008,0.0001048229,0.17973832946569623,0.11082309587712748,0.00010683987931726907,0.004653858459977678,0.02083912465856985,-0.6924883457866273,1.5998546609356816
path_b_only,34.51915291899786,0.19981902913632943,0.0,0.5,0.1,0.1,0.11067211627960205,0.0007066707278847916,0.108154296875,0.1136474609375,16384,0.7756353098528757,1408467.0,0.7893734,-0.2627666,-0.006877536640019217,0.8650292318753475,-0.5016743241296205,0.9867152,0.0001054371,0.26718013695704623,0.11082309587712748,0.00010683987931726907,0.004653858459977678,0.02083912465856985,-0.5255469160900805,1.5776739176545687
path_b_only,34.64147514999786,0.190284414543964,0.0,0.5,0.1,0.1,0.11071319878101349,0.0006891238930208442,0.108154296875,0.11376953125,16384,0.7913937377825029,1408591.0,0.8051302,-0.3443038,-0.030463548429064694,0.7715303955668146,-0.6354626825657229,0.9379894,0.0001051869,0.23155991514927116,0.11082309587712748,0.00010683987931726907,0.004653858459977678,0.02083912465856985,-0.6889898085921016,1.601264589029322
path_b_only,34.7604251820012,0.16835727766645017,0.0,0.5,0.1,0.1,0.11047566682100296,0.0006957003160613079,0.1080322265625,0.113525390625,16384,0.7002812167769814,1408690.0,0.8090176,-0.3612322,-0.03542440674072451,0.7493416000857953,-0.6612354178263046,0.9275674,0.0001047392,0.1678222120983466,0.11082309587712748,0.00010683987931726907,0.004653858459977678,0.02083912465856985,-0.7230181091344741,1.6062281466699022
path_b_only,34.87814766699739,0.13735289148453528,0.0,0.5,0.1,0.1,0.11060087382793427,0.0006727755628098783,0.108154296875,0.1134033203125,16384,0.7483081267075917,1408815.0,0.7952705,-0.3182496,-0.015877269243649492,0.8040247494986023,-0.5943838107780818,0.9608452,0.0001042403,0.09679531897324829,0.11082309587712748,0.00010683987931726907,0.004653858459977678,0.02083912465856985,-0.6365923819067927,1.586674263191555
path_b_only,34.99619651299872,0.10119487224792069,0.0,0.5,0.1,0.1,0.11078062653541565,0.0006725725937757985,0.108642578125,0.1136474609375,16384,0.8172576791613796,1408939.0,0.7924148,-0.2667491,-0.012082719483078987,0.8609485566906644,-0.5085485135384381,0.9798564,0.0001052353,0.23845047764126268,0.11082309587712748,0.00010683987931726907,0.004653858459977678,0.02083912465856985,-0.5335413186245033,1.582879340294244
path_b_only,35.1162333780012,0.06429031871437575,0.0,0.5,0.1,0.1,0.11092476546764374,0.000687264225977199,0.108642578125,0.1136474609375,16384,0.8725464979366004,1409064.0,0.7871683,-0.2304043,-0.0031709921117896536,0.8956876150955249,-0.4446725098018967,0.9952888,0.0001059368,0.33832092367705374,0.11082309587712748,0.00010683987931726907,0.004653858459977678,0.02083912465856985,-0.4608110960016196,1.5739673242208656
path_b_only,35.23789655700239,0.03202849473924882,0.0,0.5,0.1,0.1,0.11096712946891785,0.0007065678290756961,0.1083984375,0.114013671875,16384,0.8887964836471302,1409188.0,0.7819759,-0.194906,0.006331004514325367,0.9249588524843387,-0.3800145255022429,1.022097,0.000105417,0.2643185603849592,0.11082309587712748,0.00010683987931726907,0.004653858459977678,0.02083912465856985,-0.38982023373057784,1.564465279986991
path_b_only,35.35725196800195,0.009888245755124578,0.0,0.5,0.1,0.1,0.110926054418087,0.0007012879750295756,0.1085205078125,0.114013671875,16384,0.8730409136115779,1409313.0,0.7876089,-0.2225339,-0.003990726818859914,0.9025726558170697,-0.43051907631460284,1.000779,0.0001056728,0.3007360373570987,0.11082309587712748,0.00010683987931726907,0.004653858459977678,0.02083912465856985,-0.4450715982676714,1.5747870642064856
path_b_only,35.48105950900208,0.000176979951601694,0.0,0.5,0.1,0.1,0.11095257103443146,0.0007129237122352295,0.1082763671875,0.1138916015625,16384,0.8832121586245527,1409412.0,0.7922045,-0.2332652,-0.01215756922874528,0.8930515031126657,-0.4497901803048359,0.9916322,0.0001065581,0.426773536823222,0.11082309587712748,0.00010683987931726907,0.004653858459977678,0.02083912465856985,-0.46656762279228303,1.5829541955381687
path_b_only,35.6041755979968,0.0053078890019389174,0.0,0.5,0.1,0.1,0.11085285991430283,0.0007043107391189324,0.1082763671875,0.113525390625,16384,0.8449649622186404,1409536.0,0.7974268,-0.2876047,-0.02018399137632534,0.8388356074101717,-0.5440105056273534,0.9700662,0.0001064212,0.40728349539442754,0.11082309587712748,0.00010683987931726907,0.004653858459977678,0.02083912465856985,-0.5753415113630256,1.5909816888937023
path_b_only,35.7229398519994,0.023540666741354688,0.0,0.5,0.1,0.1,0.11054394394159317,0.0007149780967883411,0.1080322265625,0.11376953125,16384,0.7264709580804097,1409661.0,0.8031309,-0.3481614,-0.027203617668663332,0.7667234830535758,-0.6414008603984954,0.9438016,0.0001043505,0.1124841616719567,0.11082309587712748,0.00010683987931726907,0.004653858459977678,0.02083912465856985,-0.6966323553055194,1.5980033008611754
path_b_only,35.8428675949981,0.052616025334249146,0.0,0.5,0.1,0.1,0.11062557250261307,0.0007099501851399007,0.108154296875,0.113525390625,16384,0.7577820455662632,1409785.0,0.8012312,-0.3257543,-0.025175700602183788,0.7947712676898396,-0.6063866886351269,0.9459534,0.0001049394,0.19632408422431175,0.11082309587712748,0.00010683987931726907,0.004653858459977678,0.02083912465856985,-0.6517504073022309,1.595974687615783
path_b_only,35.96402478800155,0.08872209917606615,0.0,0.5,0.1,0.1,0.11062600463628769,0.000704127817462181,0.1077880859375,0.1134033203125,16384,0.7579478034226139,1409910.0,0.8027932,-0.3451812,-0.02681826747221568,0.7705487314792044,-0.6368166399722747,0.9425086,0.0001045528,0.14128500448455947,0.11082309587712748,0.00010683987931726907,0.004653858459977678,0.02083912465856985,-0.6906596148563837,1.5976178100113465
path_b_only,36.08713642800285,0.1270340961372423,0.0,0.5,0.1,0.1,0.11067505180835724,0.0007065067791472142,0.1080322265625,0.1136474609375,16384,0.7767613201184311,1410034.0,0.8003225,-0.3218866,-0.023870519828260526,0.7994804375393805,-0.6002176507525994,0.9480036,0.0001051618,0.2279865036090035,0.11082309587712748,0.00010683987931726907,0.004653858459977678,0.02083912465856985,-0.6439871053714334,1.5946691141151448
path_b_only,36.20785150300071,0.16075598214696668,0.0,0.5,0.1,0.1,0.11068669706583023,0.00071307112963758,0.1082763671875,0.1136474609375,16384,0.781228208557678,1410159.0,0.7940443,-0.2786125,-0.01467566852381286,0.8485989976292085,-0.528833022773807,0.9797726,0.0001053413,0.2535413789666997,0.11082309587712748,0.00010683987931726907,0.004653858459977678,0.02083912465856985,-0.557292111376877,1.585472522165727
path_b_only,36.32700310299697,0.18559113088056364,0.0,0.5,0.1,0.1,0.11087015271186829,0.0007041488088934026,0.1085205078125,0.114013671875,16384,0.8515981343667478,1410258.0,0.7976019,-0.268438,-0.02097151941468918,0.8590547106366591,-0.5114540052696872,0.9677572,0.0001061399,0.3672356600845657,0.11082309587712748,0.00010683987931726907,0.004653858459977678,0.02083912465856985,-0.5370069321778388,1.5917693837424456
path_b_only,36.444064802002686,0.1984599945582221,0.0,0.5,0.1,0.1,0.11078561842441559,0.0006991161367495174,0.108154296875,0.1136474609375,16384,0.8191724681916389,1410382.0,0.7994116,-0.2971122,-0.023219550002257547,0.8282575733044947,-0.5598662739989276,0.9648764,0.0001057057,0.30541991144772923,0.11082309587712748,0.00010683987931726907,0.004653858459977678,0.02083912465856985,-0.594406633533672,1.5940179637639242
path_b_only,36.56257707600162,0.198073801220698,0.0,0.5,0.1,0.1,0.11050998419523239,0.000703553201433143,0.1080322265625,0.113525390625,16384,0.7134446768864959,1410507.0,0.8232112,-0.4067374,-0.051903903672334724,0.68501394220626,-0.7266786661011947,0.9008336,0.0001048874,0.1889210005552307,0.11082309587712748,0.00010683987931726907,0.004653858459977678,0.02083912465856985,-0.814903618222329,1.6227235637497932
path_b_only,36.68766382300237,0.1831183569563091,0.0,0.5,0.1,0.1,0.10957841575145721,0.0007184076436373975,0.10693359375,0.112548828125,16384,0.35611360700526995,1410631.0,0.8709638,-0.5358358,-0.08151398909556655,0.4716653622486603,-0.8780018540051997,0.8387323,0.0001042197,0.09386255890434203,0.11082309587712748,0.00010683987931726907,0.004653858459977678,0.02083912465856985,-1.077831009450509,1.6524008572380589
path_b_only,36.81087180400209,0.1559816020350912,0.0,0.5,0.1,0.1,0.1097075492143631,0.0007071327087964553,0.107177734375,0.1126708984375,16384,0.40564662711341265,1410755.0,0.8409208,-0.4899685,-0.06173347491887374,0.5536437351872258,-0.8304622764234253,0.8648772,0.0001035604,0.0,0.11082309587712748,0.00010683987931726907,0.004653858459977678,0.02083912465856985,-0.98279187459022,1.6325690803835442
path_b_only,36.92932999700133,0.12201969408942084,0.0,0.5,0.1,0.1,0.10984454303979874,0.0006819957942715765,0.1075439453125,0.112548828125,16384,0.4581947254706952,1410880.0,0.8464524,-0.4927823,-0.06728431400715117,0.5482794565382156,-0.8335841041111245,0.8599304,0.0001046244,0.15147848122891025,0.11082309587712748,0.00010683987931726907,0.004653858459977678,0.02083912465856985,-0.9890010126406659,1.638131512529019
path_b_only,37.048958320003294,0.08467986107539413,0.0,0.5,0.1,0.1,0.10951557010412216,0.000664736790083169,0.1072998046875,0.112548828125,16384,0.3320072704825268,1410981.0,0.844083,-0.5026789,-0.06274076319541312,0.5320999752354199,-0.8443537250395255,0.8591944,0.000103864,0.043222619267947224,0.11082309587712748,0.00010683987931726907,0.004653858459977678,0.02083912465856985,-1.0084763753990496,1.6335783252340748
path_b_only,37.170180314999016,0.04904710760119682,0.0,0.5,0.1,0.1,0.11019040644168854,0.0006889056262385191,0.107666015625,0.1129150390625,16384,0.5908610263269202,1411107.0,0.8216261,-0.4402254,-0.046099802178855696,0.6351327986394203,-0.7710260283100228,0.8920214,0.0001039368,0.053586936404663756,0.11082309587712748,0.00010683987931726907,0.004653858459977678,0.02083912465856985,-0.8817404262003441,1.6169124730956874
path_b_only,37.293608498999674,0.020294772885448037,0.0,0.5,0.1,0.1,0.1101677343249321,0.0006942352252931965,0.1077880859375,0.1131591796875,16384,0.5821644546566526,1411232.0,0.8265535,-0.4346769,-0.05305679236659965,0.6431355181326335,-0.7639120905575698,0.8894548,0.0001043943,0.11871983599322222,0.11082309587712748,0.00010683987931726907,0.004653858459977678,0.02083912465856985,-0.8710251529223045,1.623878043431217
path_b_only,37.41096849799942,0.003886189497558784,0.0,0.5,0.1,0.1,0.10980038344860077,0.000711502518249295,0.107177734375,0.113037109375,16384,0.4412559872880872,1411357.0,0.8328747,-0.4578255,-0.057765590412564245,0.6065299154238251,-0.7929593925670189,0.8773854,0.0001041889,0.08947765550034724,0.11082309587712748,0.00010683987931726907,0.004653858459977678,0.02083912465856985,-0.9178309765156856,1.6285940915245816
path_b_only,37.52969709700119,0.0004348932902929481,0.0,0.5,0.1,0.1,0.11026191711425781,0.00069793715141305,0.10791015625,0.1131591796875,16384,0.6182910936589047,1411481.0,0.8230135,-0.4225099,-0.0498847508837348,0.6618391553355673,-0.7479842539077749,0.893482,0.0001051184,0.22180777608519256,0.11082309587712748,0.00010683987931726907,0.004653858459977678,0.02083912465856985,-0.8464257546032266,1.620701790485377
path_b_only,37.650119427999016,0.010916387308941622,0.0,0.5,0.1,0.1,0.10983110219240189,0.0007094352823012986,0.1070556640625,0.11279296875,16384,0.45303908455936986,1411580.0,0.8361481,-0.4767394,-0.05865235848959363,0.5758707039580653,-0.8154341378471045,0.8693222,0.0001040582,0.07087028943209718,0.11082309587712748,0.00010683987931726907,0.004653858459977678,0.02083912465856985,-0.9559123018020736,1.6294823657709743
path_b_only,37.7712380189987,0.034161057469719466,0.0,0.5,0.1,0.1,0.11032026261091232,0.0007139498087093677,0.1080322265625,0.1136474609375,16384,0.6406712621603393,1411704.0,0.8100755,-0.378062,-0.03589098998173545,0.7266149449690648,-0.6861068128110476,0.9200476,0.0001049285,0.19477228399367863,0.11082309587712748,0.00010683987931726907,0.004653858459977678,0.02083912465856985,-0.7567321959903381,1.6066950268219666
path_b_only,37.89184697699966,0.06667271645171968,0.0,0.5,0.1,0.1,0.1107393130660057,0.0006973888936455125,0.1085205078125,0.1134033203125,16384,0.8014106565154269,1411828.0,0.8281611,-0.4228097,-0.05665743228310604,0.6608435457652606,-0.7483820838231519,0.8879078,0.0001054971,0.2757221565752193,0.11082309587712748,0.00010683987931726907,0.004653858459977678,0.02083912465856985,-0.8474366348149052,1.627484115285498
path_b_only,38.01099845900171,0.10345458030756018,0.0,0.5,0.1,0.1,0.11032627522945404,0.0006982465223898982,0.10791015625,0.113037109375,16384,0.6429775826788756,1411952.0,0.8123001,-0.3791463,-0.03904337166633947,0.724960622353479,-0.6876828565303779,0.91923,0.000104768,0.17192238151506836,0.11082309587712748,0.00010683987931726907,0.004653858459977678,0.02083912465856985,-0.7590156280565363,1.6098496247927894
path_b_only,38.13108228499914,0.140026604519673,0.0,0.5,0.1,0.1,0.11080439388751984,0.0007137666152693829,0.108154296875,0.1138916015625,16384,0.8263743612606742,1412076.0,0.7938886,-0.2653912,-0.014643792768453052,0.8622869420035919,-0.5062082466568959,0.9812838,0.0001059754,0.34381628963141136,0.11082309587712748,0.00010683987931726907,0.004653858459977678,0.02083912465856985,-0.5308453462439013,1.585440642984641
path_b_only,38.25234818299941,0.1712303844452072,0.0,0.5,0.1,0.1,0.11095254123210907,0.0007057753153564132,0.108642578125,0.11376953125,16384,0.8832007270482527,1412200.0,0.7976353,-0.3031252,-0.020110711874596062,0.8215441649132668,-0.5697900879840402,0.9631038,0.0001054898,0.2746828775216738,0.11082309587712748,0.00010683987931726907,0.004653858459977678,0.02083912465856985,-0.6063906592987798,1.5909083945147744
path_b_only,38.36896303699905,0.19164559632673311,0.0,0.5,0.1,0.1,0.11025718599557877,0.0007228245702560073,0.1077880859375,0.1134033203125,16384,0.6164763309212707,1412299.0,0.8294725,-0.4473033,-0.05509429173758597,0.6233958843239585,-0.7799629417003627,0.8839446,0.0001045897,0.146538346549736,0.11082309587712748,0.00010683987931726907,0.004653858459977678,0.02083912465856985,-0.8965046519058628,1.6259185286999709
path_b_only,38.488979127003404,0.1999400680566853,0.0,0.5,0.1,0.1,0.10985596477985382,0.0007104708153339432,0.1075439453125,0.1129150390625,16384,0.4625758770876916,1412423.0,0.8307032,-0.4596951,-0.054862215260850535,0.6038179652161485,-0.7952320430031112,0.8797734,0.0001043247,0.10881109323614252,0.11082309587712748,0.00010683987931726907,0.004653858459977678,0.02083912465856985,-0.9213711149448187,1.6256861006874423
path_b_only,38.609906933001184,0.19409797684559169,0.0,0.5,0.1,0.1,0.11025402694940567,0.0007048402573371818,0.10791015625,0.113037109375,16384,0.6152645838334648,1412547.0,0.8132625,-0.3929658,-0.03936471333746971,0.705632328371158,-0.7074838772024117,0.9137498,0.0001045311,0.138195640722654,0.11082309587712748,0.00010683987931726907,0.004653858459977678,0.02083912465856985,-0.7867084220756695,1.610171213694491
path_b_only,38.73116000799928,0.1747696093245223,0.0,0.5,0.1,0.1,0.11068108677864075,0.000712064717214076,0.1082763671875,0.1136474609375,16384,0.7790762143191925,1412671.0,0.7988877,-0.3404399,-0.02096071503793573,0.7767364382960307,-0.629476889050182,0.94661,0.0001044689,0.12934041371848254,0.11082309587712748,0.00010683987931726907,0.004653858459977678,0.02083912465856985,-0.681057834711579,1.5917585769902254
path_b_only,38.8539882499972,0.14427913290956337,0.0,0.5,0.1,0.1,0.11079408973455429,0.0007009780316934545,0.108154296875,0.114013671875,16384,0.8224218937549299,1412794.0,0.8090267,-0.3628664,-0.03533576253263013,0.747178187610588,-0.663683764940197,0.9259208,0.0001052639,0.24252217365925716,0.11082309587712748,0.00010683987931726907,0.004653858459977678,0.02083912465856985,-0.7262873805650041,1.6061394469294277
path_b_only,38.973970156002906,0.10816840562965804,0.0,0.5,0.1,0.1,0.1107093095779419,0.0006925561836947942,0.1085205078125,0.1136474609375,16384,0.7899019170753455,1412918.0,0.816662,-0.3780568,-0.0454597437022492,0.7260862450772907,-0.6860992467654271,0.9129146,0.0001064101,0.4057032217650652,0.11082309587712748,0.00010683987931726907,0.004653858459977678,0.02083912465856985,-0.7570900432653032,1.61627174283864
path_b_only,39.09600317999866,0.07029488790923161,0.0,0.5,0.1,0.1,0.11028388887643814,0.0006923528053280808,0.1080322265625,0.1131591796875,16384,0.626719023286121,1413042.0,0.8132367,-0.3772032,-0.040549711772681615,0.7275490658672317,-0.6848562459603263,0.9192554,0.0001052741,0.2439743169943476,0.11082309587712748,0.00010683987931726907,0.004653858459977678,0.02083912465856985,-0.7551803326933118,1.6113571593054947
path_b_only,39.2168271010014,0.0370287992316828,0.0,0.5,0.1,0.1,0.1107185035943985,0.0006523448910046436,0.1085205078125,0.11328125,16384,0.7934285583639128,1413167.0,0.802584,-0.3465773,-0.026434659432155984,0.7687798141385256,-0.6389669836179643,0.9418596,0.0001045512,0.14105721729474105,0.11082309587712748,0.00010683987931726907,0.004653858459977678,0.02083912465856985,-0.6934450138842116,1.5972340659135598
path_b_only,39.33824116799951,0.012636863002248741,0.0,0.5,0.1,0.1,0.11080332100391388,0.0007003913967048578,0.1082763671875,0.1142578125,16384,0.8259628245138723,1413292.0,0.801868,-0.342076,-0.025522157581853472,0.7745348915212253,-0.6320160767643261,0.9454856,0.0001048285,0.18053558463005875,0.11082309587712748,0.00010683987931726907,0.004653858459977678,0.02083912465856985,-0.6844177758828645,1.5963212559619828
path_b_only,39.46077638200222,0.0007582552796527309,0.0,0.5,0.1,0.1,0.1106429323554039,0.0006975763739954821,0.108154296875,0.1134033203125,16384,0.7644409387610458,1413392.0,0.8112966,-0.3798132,-0.03754077614169834,0.7241208763608398,-0.6886505983044582,0.9202968,0.0001050126,0.20674534815848286,0.11082309587712748,0.00010683987931726907,0.004653858459977678,0.02083912465856985,-0.7602965609432681,1.608345926297835
path_b_only,39.57985951699811,0.0031307176319889385,0.0,0.5,0.1,0.1,0.11085429042577744,0.0006875691062347469,0.1083984375,0.11376953125,16384,0.845513677881043,1413517.0,0.8026598,-0.3422029,-0.026743141030723453,0.7743331684224792,-0.6322127400556043,0.9401482,0.0001053051,0.24838769379706968,0.11082309587712748,0.00010683987931726907,0.004653858459977678,0.02083912465856985,-0.6846977820339619,1.5975426566147648
path_b_only,39.700252752998495,0.01914499897175001,0.0,0.5,0.1,0.1,0.11064615100622177,0.000706677659019719,0.1083984375,0.1134033203125,16384,0.7656755490014518,1413642.0,0.8080784,-0.3618952,-0.03397699357551523,0.7485302644132359,-0.6622295728559852,0.9341692,0.0001050586,0.21329422986574678,0.11082309587712748,0.00010683987931726907,0.004653858459977678,0.02083912465856985,-0.7243011006623483,1.60477986114684
path_b_only,39.81628443900263,0.045435427923734506,0.0,0.5,0.1,0.1,0.11046894639730453,0.0007075279172463779,0.10791015625,0.1134033203125,16384,0.6977033963213187,1413742.0,0.810754,-0.3715302,-0.037328148767867664,0.7354548236319018,-0.6765447595733278,0.922181,0.0001049223,0.1938896086331342,0.11082309587712748,0.00010683987931726907,0.004653858459977678,0.02083912465856985,-0.7437013244343236,1.6081331497853246
path_b_only,39.93299380099779,0.07910450647177762,0.0,0.5,0.1,0.1,0.11087930202484131,0.000701602392325272,0.108154296875,0.11376953125,16384,0.8551076282908651,1413868.0,0.8001682,-0.3181626,-0.02375517993730552,0.8039340205526718,-0.5942438741999471,0.9528202,0.0001053115,0.2492988425563414,0.11082309587712748,0.00010683987931726907,0.004653858459977678,0.02083912465856985,-0.6365337733265819,1.594553741508364
path_b_only,40.052894555999956,0.11654094329543575,0.0,0.5,0.1,0.1,0.11068325489759445,0.0007069659810700239,0.1083984375,0.1136474609375,16384,0.7799078614950216,1413993.0,0.799398,-0.3388605,-0.021808999612652948,0.7786983751386549,-0.6270193044016379,0.9461018,0.0001048372,0.18177417747469346,0.11082309587712748,0.00010683987931726907,0.004653858459977678,0.02083912465856985,-0.6779125011152924,1.5926070556223912
path_b_only,40.1715960970032,0.15133510054744717,0.0,0.5,0.1,0.1,0.11065863072872162,0.0007087937351416898,0.1082763671875,0.113525390625,16384,0.7704625215771003,1414118.0,0.8042937,-0.3360245,-0.029566275674409483,0.7819888839422926,-0.622590732932504,0.9421204,0.0001056173,0.29283466921028894,0.11082309587712748,0.00010683987931726907,0.004653858459977678,0.02083912465856985,-0.6723970167197404,1.6003669117969062
path_b_only,40.29535228700115,0.18003486790272297,0.0,0.5,0.1,0.1,0.1107681542634964,0.0007096946628623421,0.1083984375,0.113525390625,16384,0.8124735644798061,1414243.0,0.7901574,-0.282257,-0.008041548404279153,0.844810440835004,-0.5350052827360003,0.985448,0.0001042766,0.10196324084224291,0.11082309587712748,0.00010683987931726907,0.004653858459977678,0.02083912465856985,-0.564534476341708,1.5788379618714972
path_b_only,40.41319039300288,0.19630417084751856,0.0,0.5,0.1,0.1,0.1109534278512001,0.0007111123029974697,0.1083984375,0.1141357421875,16384,0.8835408164431794,1414343.0,0.7825206,-0.2110429,0.0052500074434371794,0.9122213406809212,-0.40966408559714684,1.009092,0.0001049753,0.20143505929585176,0.11082309587712748,0.00010683987931726907,0.004653858459977678,0.02083912465856985,-0.4220919889916339,1.5655462952338701
path_b_only,40.53105150200281,0.199524565664011,0.0,0.5,0.1,0.1,0.11102966964244843,0.0007078938489796689,0.1083984375,0.11376953125,16384,0.9127856465127977,1414468.0,0.7800294,-0.1759025,0.01007968377256561,0.9386981364342915,-0.34459281569677774,1.019211,0.0001061764,0.37243205535228574,0.11082309587712748,0.00010683987931726907,0.004653858459977678,0.02083912465856985,-0.35182364891746865,1.5607164723318399
path_b_only,40.65602314699936,0.18822569952450957,0.0,0.5,0.1,0.1,0.11100967228412628,0.0007006723678134888,0.108642578125,0.114013671875,16384,0.9051150588154601,1414593.0,0.7842356,-0.2016648,0.002138555028100131,0.9197567973340309,-0.3924829427379463,1.014551,0.0001060472,0.35403823977448945,0.11082309587712748,0.00010683987931726907,0.004653858459977678,0.02083912465856985,-0.40333057579603926,1.568657770136709
path_b_only,40.77401637299772,0.1651794716357315,0.0,0.5,0.1,0.1,0.1109267994761467,0.0007130877792590305,0.1083984375,0.11376953125,16384,0.8733267030190793,1414719.0,0.7852665,-0.1979354,0.00024296139361491094,0.9226610914948012,-0.3856117882163139,1.005497,0.0001063785,0.4012044247661612,0.11082309587712748,0.00010683987931726907,0.004653858459977678,0.02083912465856985,-0.39587081233538335,1.5705533653988915
path_b_only,40.8952905690021,0.13230536498666334,0.0,0.5,0.1,0.1,0.1110168993473053,0.0007039019395158934,0.1082763671875,0.1141357421875,16384,0.9078872160682236,1414844.0,0.7801442,-0.1895449,0.009761703920586232,0.9289505745515345,-0.3700750453312689,1.014524,0.0001060434,0.35349724519867265,0.11082309587712748,0.00010683987931726907,0.004653858459977678,0.02083912465856985,-0.3791087813529268,1.5610344678341295
path_b_only,41.0174077720003,0.09453391274232457,0.0,0.5,0.1,0.1,0.1110241636633873,0.0006996527992297769,0.1085205078125,0.114013671875,16384,0.9106736627913623,1414969.0,0.7751196,-0.1419747,0.019732557748632668,0.9597536775144311,-0.2801490757832739,1.031391,0.000106233,0.3804900271920947,0.11082309587712748,0.00010683987931726907,0.004653858459977678,0.02083912465856985,-0.2840062335596776,1.5510624882648865
path_b_only,41.14081945700309,0.05718927350858238,0.0,0.5,0.1,0.1,0.11107917129993439,0.0007014898762869728,0.1085205078125,0.1138916015625,16384,0.9317734947471907,1415069.0,0.7802288,-0.1734731,0.009722525435027503,0.9403652126813945,-0.3400275566448124,1.01948,0.0001065242,0.421947295738955,0.11082309587712748,0.00010683987931726907,0.004653858459977678,0.02083912465856985,-0.3469632904958022,1.5610736481790146
path_b_only,41.25842055999965,0.027443702597065106,0.0,0.5,0.1,0.1,0.11110830307006836,0.0006895888016978721,0.1087646484375,0.1138916015625,16384,0.9429478605804954,1415194.0,0.7776753,-0.1885138,0.014360295133066726,0.9296521507056275,-0.3681584721449346,1.02289,0.0001060058,0.34814424623795154,0.11082309587712748,0.00010683987931726907,0.004653858459977678,0.02083912465856985,-0.37706843475332175,1.5564355380572834
path_b_only,41.375228869997954,0.0075845550700868875,0.0,0.5,0.1,0.1,0.11110726743936539,0.0006429002523497895,0.1083984375,0.1136474609375,16384,0.9425506133040685,1415319.0,0.7883107,-0.208291,-0.0053268672618363095,0.9144618144095235,-0.4046371392643253,1.000817,0.0001071869,0.5162939024216612,0.11082309587712748,0.00010683987931726907,0.004653858459977678,0.02083912465856985,-0.416588277928978,1.5761232192491548
path_b_only,41.495928190000996,8.181611184321369e-06,0.0,0.5,0.1,0.1,0.11098802834749222,0.0007033198930998898,0.1085205078125,0.1138916015625,16384,0.8968128765275444,1415444.0,0.789559,-0.2554459,-0.007258985020600932,0.8722786005598264,-0.48895536620622304,0.9913534,0.0001056519,0.29776056719010247,0.11082309587712748,0.00010683987931726907,0.004653858459977678,0.02083912465856985,-0.5109065686135659,1.5780553755664604
path_b_only,41.61735822800256,0.006720036788148059,0.0,0.5,0.1,0.1,0.1110260859131813,0.0007168403759680112,0.1085205078125,0.1141357421875,16384,0.9114109994627159,1415569.0,0.7929401,-0.2735958,-0.012880974428744666,0.8538919236337584,-0.5202909409655386,0.9776776,0.000105917,0.3355020572030567,0.11082309587712748,0.00010683987931726907,0.004653858459977678,0.02083912465856985,-0.547242150112484,1.58367765745105
path_b_only,41.738748199997644,0.026834493528977224,0.0,0.5,0.1,0.1,0.11080482602119446,0.0007060229016946857,0.1085205078125,0.11376953125,16384,0.8265401191170251,1415671.0,0.7968062,-0.3202239,-0.018292984890456224,0.8016195572597827,-0.5975545599545095,0.960387,0.000104567,0.14330661579419401,0.11082309587712748,0.00010683987931726907,0.004653858459977678,0.02083912465856985,-0.6405725281742289,1.5890903320793215
path_b_only,41.85708538300241,0.05659535887133037,0.0,0.5,0.1,0.1,0.11079033464193344,0.0007031858772194095,0.1083984375,0.11376953125,16384,0.8209815151411228,1415798.0,0.8052044,-0.3503671,-0.030270628429255486,0.7637693709177907,-0.6447790606884967,0.9392344,0.0001049561,0.1987016130180366,0.11082309587712748,0.00010683987931726907,0.004653858459977678,0.02083912465856985,-0.7011210033227733,1.6010715800160853
path_b_only,41.976978213999246,0.09277379641391073,0.0,0.5,0.1,0.1,0.11054599285125732,0.0007095317586589198,0.10791015625,0.113525390625,16384,0.7272568789510385,1415925.0,0.8055766,-0.3645568,-0.030088583552114783,0.7451579997762463,-0.6662088505185826,0.932264,0.0001049473,0.19744878347403919,0.11082309587712748,0.00010683987931726907,0.004653858459977678,0.02083912465856985,-0.7295183205854956,1.6008894521779953
path_b_only,42.096446711999306,0.1298381333244226,0.0,0.5,0.1,0.1,0.11064466834068298,0.0007066448809402056,0.1082763671875,0.1138916015625,16384,0.765106828080524,1416025.0,0.8013639,-0.3349189,-0.02502754285684148,0.783522762384381,-0.6208588429942008,0.9478324,0.0001051071,0.22019902905710292,0.11082309587712748,0.00010683987931726907,0.004653858459977678,0.02083912465856985,-0.6700859835611199,1.5958264831717737
path_b_only,42.21600830399984,0.16277116694341837,0.0,0.5,0.1,0.1,0.11087343841791153,0.0007140072985307699,0.1083984375,0.114013671875,16384,0.8528584656538291,1416150.0,0.7926513,-0.2756645,-0.012356432535203854,0.8517394935902147,-0.5238197720912106,0.9792732,0.0001055106,0.27764411098930736,0.11082309587712748,0.00010683987931726907,0.004653858459977678,0.02083912465856985,-0.5513759506511033,1.5831530737846606
path_b_only,42.33296722600062,0.18654497510390824,0.0,0.5,0.1,0.1,0.11105027794837952,0.0007036674290607117,0.108642578125,0.1138916015625,16384,0.9206905815242864,1416274.0,0.7857455,-0.2108372,-0.0006338231898104168,0.912404686403943,-0.4092887568652313,1.008922,0.0001064611,0.41296393844051166,0.11082309587712748,0.00010683987931726907,0.004653858459977678,0.02083912465856985,-0.42167449010493874,1.5714301500271448
path_b_only,42.45478848699713,0.1989929812019035,0.0,0.5,0.1,0.1,0.11109676957130432,0.0007082906933670121,0.1083984375,0.1138916015625,16384,0.9385238405523738,1416398.0,0.7787594,-0.1630312,0.012577577064746154,0.9472274572358914,-0.32031538959845207,1.02421,0.0001062664,0.3852450847795444,0.11082309587712748,0.00010683987931726907,0.004653858459977678,0.02083912465856985,-0.32608914870231587,1.5582184180873078
path_b_only,42.578588520002086,0.19696763992886024,0.0,0.5,0.1,0.1,0.1111038476228714,0.0006832530333321581,0.1087646484375,0.114013671875,16384,0.9412388399236371,1416523.0,0.7815081,-0.1495242,0.007434748550499503,0.9555883517738373,-0.29461097479244003,1.021536,0.0001070042,0.49028345268432816,0.11082309587712748,0.00010683987931726907,0.004653858459977678,0.02083912465856985,-0.2990569209119798,1.5633615097494702
path_b_only,42.70397707600205,0.18016100426316425,0.0,0.5,0.1,0.1,0.11102274060249329,0.000709374697204374,0.1082763671875,0.114501953125,16384,0.9101278050230346,1416647.0,0.7884138,-0.2303317,-0.005402527174029068,0.8957414930887397,-0.4445424504580963,0.9989734,0.000106442,0.41024472886205915,0.11082309587712748,0.00010683987931726907,0.004653858459977678,0.02083912465856985,-0.4606706426393461,1.5761988802501343
path_b_only,42.8271352390002,0.15167672981316802,0.0,0.5,0.1,0.1,0.11108095198869705,0.0007010763987025605,0.10888671875,0.11376953125,16384,0.9324565314311191,1416772.0,0.7846905,-0.2129082,0.0012889402445175739,0.9107008985615044,-0.4130644162746466,1.011082,0.0001059289,0.3371962244273282,0.11082309587712748,0.00010683987931726907,0.004653858459977678,0.02083912465856985,-0.4258167767712311,1.5695073861934783
path_b_only,42.9486765249967,0.11605397307244719,0.0,0.5,0.1,0.1,0.11108194291591644,0.0007211968791199298,0.108642578125,0.114013671875,16384,0.9328366313430959,1416896.0,0.7876825,-0.2235185,-0.004119704269560486,0.9017225398610165,-0.43229560389082033,0.9949132,0.0001061407,0.3673495536794749,0.11082309587712748,0.00010683987931726907,0.004653858459977678,0.02083912465856985,-0.44704106828528856,1.574916042717791
path_b_only,43.07027288500103,0.07810201917576556,0.0,0.5,0.1,0.1,0.11100580543279648,0.0006995243972100182,0.1085205078125,0.1141357421875,16384,0.9036318117905278,1417020.0,0.78425,-0.1816305,0.0021464737019151092,0.9347406187199991,-0.3553243143462044,1.015161,0.000106714,0.44896855113110434,0.11082309587712748,0.00010683987931726907,0.004653858459977678,0.02083912465856985,-0.3632618757000765,1.5686498514447191
path_b_only,43.19215963900206,0.043231810357306735,0.0,0.5,0.1,0.1,0.11111459136009216,0.0006981482189423184,0.108642578125,0.1141357421875,16384,0.9453599231798072,1417144.0,0.7814473,-0.1576071,0.007512330496084896,0.9507003140683585,-0.31002012470296497,1.014341,0.0001066072,0.43376375621076,0.11082309587712748,0.00010683987931726907,0.004653858459977678,0.02083912465856985,-0.3152234017642286,1.5632839256371516
path_b_only,43.312684885000635,0.01682078342459363,0.0,0.5,0.1,0.1,0.11106155812740326,0.0006906834495550313,0.1087646484375,0.114013671875,16384,0.9250174331538575,1417244.0,0.7821331,-0.1625967,0.006187832043786367,0.94756875063755,-0.3194920555347044,1.027847,0.0001065563,0.4265172762346763,0.11082309587712748,0.00010683987931726907,0.004653858459977678,0.02083912465856985,-0.3251998550566326,1.564608455262506
path_b_only,43.43111627300095,0.002332423952696644,0.0,0.5,0.1,0.1,0.11105966567993164,0.0006895822071951172,0.1083984375,0.114013671875,16384,0.924291528058804,1417368.0,0.7877751,-0.21569,-0.0043183527264099375,0.9083793381630888,-0.41812477782130913,0.9990038,0.0001061778,0.3726313691433768,0.11082309587712748,0.00010683987931726907,0.004653858459977678,0.02083912465856985,-0.4313842918692514,1.575114692942982
path_b_only,43.55121749600221,0.001291722522796121,0.0,0.5,0.1,0.1,0.11099512130022049,0.000667387082393777,0.108642578125,0.114013671875,16384,0.8995335916869577,1417493.0,0.7846981,-0.222119,0.0012642278520367534,0.902937527181668,-0.42976996606905044,1.00332,0.0001053038,0.2482026167053432,0.11082309587712748,0.00010683987931726907,0.004653858459977678,0.02083912465856985,-0.44423838036382435,1.5695320986060963
path_b_only,43.671283843999845,0.014131809285172672,0.0,0.5,0.1,0.1,0.11105275899171829,0.000701010272775695,0.1085205078125,0.1138916015625,16384,0.921642260251266,1417618.0,0.7840863,-0.2134641,0.0023882235928212817,0.9102388698903234,-0.4140766790449053,1.004374,0.0001061854,0.37371335829501234,0.11082309587712748,0.00010683987931726907,0.004653858459977678,0.02083912465856985,-0.4269294973162512,1.5684081009318194
path_b_only,43.79302835099952,0.039463798335251654,0.0,0.5,0.1,0.1,0.11099006980657578,0.0006950992931297234,0.1083984375,0.114013671875,16384,0.8975959395040982,1417743.0,0.7811173,-0.1760454,0.008036398603279702,0.9386193264919489,-0.3448610970134057,1.018846,0.0001066677,0.4423769593257485,0.11082309587712748,0.00010683987931726907,0.004653858459977678,0.02083912465856985,-0.35210266461696627,1.5627598416857067
path_b_only,43.91610135600058,0.07394659030420044,0.0,0.5,0.1,0.1,0.11102550476789474,0.0006950845420536972,0.108642578125,0.1141357421875,16384,0.9111880837248648,1417868.0,0.7862695,-0.2468396,-0.0015345891684726796,0.880594026756571,-0.4738689745876296,0.996253,0.0001052853,0.2455688273230726,0.11082309587712748,0.00010683987931726907,0.004653858459977678,0.02083912465856985,-0.49367983363182644,1.572330916565687
path_b_only,44.03922157800116,0.11229066597569547,0.0,0.5,0.1,0.1,0.11092305928468704,0.0007079302927738703,0.108642578125,0.1138916015625,16384,0.8718920401934223,1417968.0,0.7923706,-0.2387434,-0.012384774884523147,0.8880663103187117,-0.45954852391011897,0.9838236,0.0001064897,0.4170356344585061,0.11082309587712748,0.00010683987931726907,0.004653858459977678,0.02083912465856985,-0.4775264866474833,1.5831814183028707
path_b_only,44.15805210299732,0.1476382129402959,0.0,0.5,0.1,0.1,0.11099862307310104,0.0007039947010040177,0.1085205078125,0.1141357421875,16384,0.9008768019022143,1418094.0,0.7778911,-0.1746789,0.014106634345588847,0.939486826707998,-0.3422944716316288,1.026124,0.0001056737,0.3008641676513706,0.11082309587712748,0.00010683987931726907,0.004653858459977678,0.02083912465856985,-0.3493940530668831,1.5566892245441089
path_b_only,44.27815446900058,0.17668045880624472,0.0,0.5,0.1,0.1,0.11099574714899063,0.0007104588275741173,0.108642578125,0.11376953125,16384,0.8997736547892589,1418220.0,0.7760867,-0.1504125,0.017785587011965517,0.9549267452408969,-0.29630825860624754,1.031084,0.0001062851,0.38790734756054035,0.11082309587712748,0.00010683987931726907,0.004653858459977678,0.02083912465856985,-0.30087408074571975,1.5530098019722207
path_b_only,44.39412864999758,0.1945195114978704,0.0,0.5,0.1,0.1,0.11100916564464569,0.000711825159182513,0.1087646484375,0.1141357421875,16384,0.9049207220183592,1418321.0,0.7809502,-0.1535018,0.008479871399090044,0.9532056525909474,-0.3022036989345449,1.026179,0.0001067407,0.45276974986119234,0.11082309587712748,0.00010683987931726907,0.004653858459977678,0.02083912465856985,-0.30701499905176544,1.5623163537637763
path_b_only,44.510779126998386,0.19994266822012177,0.0,0.5,0.1,0.1,0.11093557626008987,0.0007061018362569004,0.1083984375,0.1143798828125,16384,0.8766933022394457,1418446.0,0.7897197,-0.2297426,-0.007746525183536973,0.8962474461648866,-0.44348676033281936,0.9903486,0.0001059668,0.3425919334861393,0.11082309587712748,0.00010683987931726907,0.004653858459977678,0.02083912465856985,-0.4595000470963422,1.5785429294569486
path_b_only,44.62766243999795,0.19206463722269967,0.0,0.5,0.1,0.1,0.11100921779870987,0.0007166535293241937,0.1085205078125,0.114013671875,16384,0.9049407272768842,1418571.0,0.7834988,-0.192723,0.0035200089393371404,0.9266241553420534,-0.37597245148240976,1.008919,0.0001064701,0.4142452413832363,0.11082309587712748,0.00010683987931726907,0.004653858459977678,0.02083912465856985,-0.38544851368624045,1.567276310586429
path_b_only,44.74843011100165,0.17105855837037093,0.0,0.5,0.1,0.1,0.11097681522369385,0.00070108870318888,0.1085205078125,0.1142578125,16384,0.8925117459446483,1418696.0,0.7845904,-0.1670981,0.001526145930444582,0.9446730364087325,-0.3280099467408033,1.011987,0.0001071061,0.5047906493358564,0.11082309587712748,0.00010683987931726907,0.004653858459977678,0.02083912465856985,-0.33419660435968224,1.5692701802720215
path_b_only,44.866160999001295,0.1408187389212998,0.0,0.5,0.1,0.1,0.1109546348452568,0.0007062347822332208,0.1083984375,0.11376953125,16384,0.8840037952833316,1418821.0,0.7713949,-0.09190708,0.027531120773556968,0.9827681398887103,-0.1827807993434654,1.043364,0.0001068848,0.47328483364416774,0.11082309587712748,0.00010683987931726907,0.004653858459977678,0.02083912465856985,-0.18388465799447928,1.5432617269078441
path_b_only,44.98916411300161,0.10340353684306182,0.0,0.5,0.1,0.1,0.11095751076936722,0.0007069819217590066,0.1085205078125,0.1141357421875,16384,0.8851069423962871,1418921.0,0.7805009,-0.133505,0.009447298008099153,0.964517847795765,-0.26384857370046866,1.030637,0.0001069838,0.4873791660141511,0.11082309587712748,0.00010683987931726907,0.004653858459977678,0.02083912465856985,-0.26702220783589015,1.5613488882503284
path_b_only,45.11217921000207,0.06548286197827549,0.0,0.5,0.1,0.1,0.11096914857625961,0.0007040206045595912,0.1083984375,0.114013671875,16384,0.8895709729414589,1419046.0,0.7809516,-0.1378923,0.008556959154525322,0.9621737963781279,-0.2723019721069398,1.029674,0.0001070261,0.4934012898449609,0.11082309587712748,0.00010683987931726907,0.004653858459977678,0.02083912465856985,-0.2757949612820747,1.562239263211295
path_b_only,45.23242889199901,0.03329836533929377,0.0,0.5,0.1,0.1,0.1109606996178627,0.0006996261503026383,0.1085205078125,0.1141357421875,16384,0.886330121060393,1419172.0,0.7784595,-0.1503104,0.013254542747812294,0.9550608758166844,-0.29611322257003997,1.01609,0.0001065016,0.4187298016827776,0.11082309587712748,0.00010683987931726907,0.004653858459977678,0.02083912465856985,-0.30064803601050194,1.5575413959169733
path_b_only,45.34988452499965,0.010915823102985833,0.0,0.5,0.1,0.1,0.11096080392599106,0.0007098986887663785,0.1082763671875,0.11376953125,16384,0.8863701315774433,1419297.0,0.7782819,-0.1406219,0.0136728829167133,0.9606136623702258,-0.277550795243695,1.034619,0.0001065544,0.4262467789467679,0.11082309587712748,0.00010683987931726907,0.004653858459977678,0.02083912465856985,-0.2812708086275224,1.5571230178232756
path_b_only,45.46910109499731,0.0004707766064990515,0.0,0.5,0.1,0.1,0.1109614223241806,0.0007098218720565059,0.1083984375,0.11376953125,16384,0.8866073367856694,1419422.0,0.7805082,-0.1822729,0.009137100985576036,0.9342411107293801,-0.35652497866028043,1.017051,0.000105743,0.3107302003103584,0.11082309587712748,0.00010683987931726907,0.004653858459977678,0.02083912465856985,-0.3645617303598816,1.5616590986669394
path_b_only,45.59126920699782,0.004082637512130727,0.0,0.5,0.1,0.1,0.11095711588859558,0.0006888095124580641,0.1085205078125,0.1138916015625,16384,0.8849554740103113,1419522.0,0.7833145,-0.1738985,0.003917800249682612,0.9401176732322579,-0.3408275389659247,1.015353,0.0001065949,0.4320126421890339,0.11082309587712748,0.00010683987931726907,0.004653858459977678,0.02083912465856985,-0.3477997823290653,1.566878516522655
path_b_only,45.71477313800278,0.021912417547723953,0.0,0.5,0.1,0.1,0.11102113872766495,0.0006836949612625806,0.1087646484375,0.114013671875,16384,0.9095133577969066,1419648.0,0.7817995,-0.2028866,0.006612828536660357,0.9187736697066086,-0.3947292924937248,1.020654,0.0001057458,0.3111288278925406,0.11082309587712748,0.00010683987931726907,0.004653858459977678,0.02083912465856985,-0.4057825937547084,1.564183450061339
path_b_only,45.83584793600312,0.05068570077807528,0.0,0.5,0.1,0.1,0.11097705364227295,0.0007051903989877819,0.108642578125,0.1142578125,16384,0.8926031985550488,1419774.0,0.78429,-0.2329448,0.0019801141506001463,0.8934201007643695,-0.44921776756728415,1.001565,0.0001052107,0.23494824959781233,0.11082309587712748,0.00010683987931726907,0.004653858459977678,0.02083912465856985,-0.46589058571640196,1.5688162113503383
path_b_only,45.956950362997304,0.08651674935951743,0.0,0.5,0.1,0.1,0.11098984628915787,0.0006988950358937494,0.1085205078125,0.114013671875,16384,0.8975102026818478,1419902.0,0.780373,-0.2170728,0.00911780211063169,0.9071839454640941,-0.4206354178821261,1.015191,0.0001052371,0.2387067382298084,0.11082309587712748,0.00010683987931726907,0.004653858459977678,0.02083912465856985,-0.4341648738243462,1.5616783983458324
path_b_only,46.07815222699719,0.12430631517378707,0.0,0.5,0.1,0.1,0.11103615164756775,0.0007029972886748807,0.1087646484375,0.1141357421875,16384,0.9152720143580598,1420030.0,0.777256,-0.1704926,0.015346089106313637,0.9423007034442655,-0.3344157320425933,1.033549,0.0001058864,0.3311456271977892,0.11082309587712748,0.00010683987931726907,0.004653858459977678,0.02083912465856985,-0.34102699121246305,1.5554496352844744
path_b_only,46.198931361002906,0.1585065890091093,0.0,0.5,0.1,0.1,0.11099711805582047,0.0007059511575996621,0.108642578125,0.1138916015625,16384,0.9002995072990615,1420132.0,0.7713684,-0.09221844,0.027580008746777157,0.9826527123631827,-0.18339299333073739,1.055338,0.0001067882,0.45953218205891005,0.11082309587712748,0.00010683987931726907,0.004653858459977678,0.02083912465856985,-0.18450787393023083,1.5432128203634998
path_b_only,46.31543967199832,0.1836564912729053,0.0,0.5,0.1,0.1,0.11085691303014755,0.0006929562209540874,0.1082763671875,0.1138916015625,16384,0.8465196565954479,1420258.0,0.7703865,-0.04857505,0.0298772669505897,0.9948360983045047,-0.09699735269497237,1.052022,0.0001073852,0.5445252772597198,0.11082309587712748,0.00010683987931726907,0.004653858459977678,0.02083912465856985,-0.09719362673732856,1.5409146130620632
path_b_only,46.432980737001344,0.19779166939722403,0.0,0.5,0.1,0.1,0.11071693152189255,0.0007059085569717854,0.108154296875,0.1143798828125,16384,0.7928255427140849,1420383.0,0.7763604,-0.0434642,0.01800629495422394,0.9960613641979995,-0.08681896160425777,1.035464,0.0001085818,0.7148816218447904,0.11082309587712748,0.00010683987931726907,0.004653858459977678,0.02083912465856985,-0.08694253130128393,1.5527890586785404
path_b_only,46.55223954599933,0.1986563271252718,0.0,0.5,0.1,0.1,0.11070825159549713,0.0007180213309175768,0.1083984375,0.11376953125,16384,0.7894960961166936,1420483.0,0.7689358,-0.03363739,0.03284431311734309,0.9971971614803252,-0.06722404503919877,1.042607,0.0001073976,0.5462906279808086,0.11082309587712748,0.00010683987931726907,0.004653858459977678,0.02083912465856985,-0.06731115061280812,1.5379461056813468
path_b_only,46.672224034002284,0.18571643691559261,0.0,0.5,0.1,0.1,0.11073748767375946,0.0007144762710293209,0.10791015625,0.11376953125,16384,0.8007104724670485,1420607.0,0.7714395,-0.04110073,0.02781944611919794,0.9962350144735557,-0.08210891763076272,1.030029,0.0001080746,0.642673082672512,0.11082309587712748,0.00010683987931726907,0.004653858459977678,0.02083912465856985,-0.08223335913957852,1.5429732910804685
path_b_only,46.79299935999734,0.16054345076309895,0.0,0.5,0.1,0.1,0.11051028221845627,0.0007120442831509202,0.108154296875,0.11376953125,16384,0.7135589926494964,1420732.0,0.7686196,0.01387931,0.03353790382922275,0.9990519835890631,0.027755055278278026,1.031727,0.0001083425,0.6808132002676485,0.11082309587712748,0.00010683987931726907,0.004653858459977678,0.02083912465856985,0.02777424852257937,1.5372521325925503
path_b_only,46.91527167800086,0.12630497026430004,0.0,0.5,0.1,0.1,0.11028372496366501,0.0007202616186087871,0.1077880859375,0.1136474609375,16384,0.6266561496164706,1420856.0,0.7674289,0.03222709,0.035856182510641155,0.9972791698021484,0.0644095618251004,1.029543,0.00010834,0.6804572827835582,0.11082309587712748,0.00010683987931726907,0.004653858459977678,0.02083912465856985,0.06449571084571737,1.5349324566576774
path_b_only,47.03606936700089,0.08869270871891081,0.0,0.5,0.1,0.1,0.11060524731874466,0.0007221782391593584,0.108154296875,0.1136474609375,16384,0.7499857105296249,1420980.0,0.7729868,-0.01661915,0.02480646850007028,0.9991397606558354,-0.03323218014447681,1.033965,0.000108484,0.7009581298671709,0.11082309587712748,0.00010683987931726907,0.004653858459977678,0.02083912465856985,-0.03324853526832339,1.5459873134350148
path_b_only,47.1558148059994,0.05298094681347497,0.0,0.5,0.1,0.1,0.11073648184537888,0.0007005685075856294,0.1083984375,0.113525390625,16384,0.8003246567669215,1421104.0,0.7722439,-0.0575649,0.026131346576231465,0.9930361233823307,-0.11487563006967734,1.031677,0.0001077842,0.6013297077205609,0.11082309587712748,0.00010683987931726907,0.004653858459977678,0.02083912465856985,-0.11516930295733374,1.5446620053513247
path_b_only,47.277356307000446,0.023480733647504887,0.0,0.5,0.1,0.1,0.1108940914273262,0.0007017211478433836,0.1080322265625,0.114013671875,16384,0.8607805480297678,1421203.0,0.7758291,-0.08375026,0.01886912829873679,0.9858239903011814,-0.16671837374417434,1.034897,0.0001080954,0.6456343161401457,0.11082309587712748,0.00010683987931726907,0.004653858459977678,0.02083912465856985,-0.16753062892975157,1.5519260786100613
path_b_only,47.39502864800306,0.005388549232123591,0.0,0.5,0.1,0.1,0.11096742004156113,0.0006942707545158084,0.1085205078125,0.1138916015625,16384,0.8889079415160557,1421327.0,0.7766165,-0.1017749,0.017199850557581196,0.9792041208087937,-0.20214711210372072,1.033391,0.000107735,0.5943252516336602,0.11082309587712748,0.00010683987931726907,0.004653858459977678,0.02083912465856985,-0.2035803382688921,1.5535956280718366
path_b_only,47.51403248000133,9.715569827098425e-05,0.0,0.5,0.1,0.1,0.11107024550437927,0.0006943668969750124,0.1085205078125,0.114013671875,16384,0.9283497376453239,1421451.0,0.7855034,-0.1602787,-0.00019975168408617661,0.9490599102082129,-0.3150956155436688,1.013969,0.0001074305,0.5509745020714392,0.11082309587712748,0.00010683987931726907,0.004653858459977678,0.02083912465856985,-0.3205574066236845,1.5709960784803112
path_b_only,47.639176393000525,0.009407430020448776,0.0,0.5,0.1,0.1,0.11110036075115204,0.0006986268943097525,0.1087646484375,0.1141357421875,16384,0.9399013454965305,1421575.0,0.7808241,-0.15238,0.008726450204471402,0.9538790798434507,-0.3000642432943995,1.026828,0.0001070288,0.4937856807277785,0.11082309587712748,0.00010683987931726907,0.004653858459977678,0.02083912465856985,-0.3047719777048292,1.5620697658320752
path_b_only,47.76319674200204,0.03228082228435261,0.0,0.5,0.1,0.1,0.1111367791891098,0.0006768369395013547,0.108642578125,0.1141357421875,16384,0.953870731735199,1421699.0,0.7775031,-0.1593319,0.014994548082119507,0.9495365090314127,-0.313297911809592,1.025093,0.0001063525,0.3975028829316197,0.11082309587712748,0.00010683987931726907,0.004653858459977678,0.02083912465856985,-0.31870089405870816,1.5558012167690376
path_b_only,47.88678443199751,0.0651774743398351,0.0,0.5,0.1,0.1,0.11116161197423935,0.0007028322812801864,0.1087646484375,0.1141357421875,16384,0.9633960926872206,1421823.0,0.7792158,-0.1214913,0.012001203223906,0.9705504868438765,-0.2405986774865833,1.035605,0.0001072934,0.5314559872439174,0.11082309587712748,0.00010683987931726907,0.004653858459977678,0.02083912465856985,-0.2430004529243992,1.5587948354656764
path_b_only,48.00800699699903,0.10251520702159292,0.0,0.5,0.1,0.1,0.11117064952850342,0.0006927180220103159,0.1087646484375,0.1142578125,16384,0.9668627182002126,1421947.0,0.7765908,-0.1309927,0.01701279138923172,0.9657278243677877,-0.25899871461265184,1.040018,0.0001066923,0.44587918736919885,0.11082309587712748,0.00010683987931726907,0.004653858459977678,0.02083912465856985,-0.2620242144279801,1.5537827146156757
path_b_only,48.12912530700123,0.13946244697133106,0.0,0.5,0.1,0.1,0.11123564094305038,0.0007080288705628712,0.10888671875,0.1142578125,16384,0.9917921282165598,1422072.0,0.7815427,-0.1677179,0.00728110111304788,0.9442388701930428,-0.32918071265362375,1.009711,0.0001068092,0.4625218889252709,0.11082309587712748,0.00010683987931726907,0.004653858459977678,0.02083912465856985,-0.33544504105791084,1.5635151613464056
path_b_only,48.24933448500087,0.1705626834141725,0.0,0.5,0.1,0.1,0.11119983345270157,0.0007033323480357336,0.1085205078125,0.1142578125,16384,0.9780570892920425,1422196.0,0.7873229,-0.1971642,-0.0035540358109841805,0.9232479527748287,-0.3841882175790166,1.009167,0.000106825,0.46477128742472196,0.11082309587712748,0.00010683987931726907,0.004653858459977678,0.02083912465856985,-0.39433102809116116,1.574350370087862
path_b_only,48.36726883600204,0.1914313274975926,0.0,0.5,0.1,0.1,0.11108299344778061,0.0007160855377577006,0.108642578125,0.114501953125,16384,0.9332395944076729,1422320.0,0.78945,-0.2428229,-0.007166596914565999,0.8843446492521034,-0.4667795852732189,0.9922032,0.0001063551,0.3978730371150746,0.11082309587712748,0.00010683987931726907,0.004653858459977678,0.02083912465856985,-0.4856593547117072,1.577962985057083
path_b_only,48.49061819200142,0.19995656784370958,0.0,0.5,0.1,0.1,0.11110569536685944,0.0006978444455341811,0.108642578125,0.1141357421875,16384,0.9419475976542405,1422420.0,0.7816483,-0.1953588,0.006934452367544191,0.9246099951622003,-0.3808520319185894,1.01619,0.0001062715,0.3859711564470877,0.11082309587712748,0.00010683987931726907,0.004653858459977678,0.02083912465856985,-0.390727503674801,1.5638618188504094
path_b_only,48.61105829200096,0.1939749361346953,0.0,0.5,0.1,0.1,0.11105960607528687,0.0007078220365418878,0.108642578125,0.114013671875,16384,0.924268664906204,1422544.0,0.7851537,-0.1498672,0.0004671279485351897,0.9554148313995621,-0.29526645886931696,1.01945,0.0001080626,0.6409646787488779,0.11082309587712748,0.00010683987931726907,0.004653858459977678,0.02083912465856985,-0.29973443371816,1.5703291988293728
path_b_only,48.73096987600002,0.1748092603055201,0.0,0.5,0.1,0.1,0.11113491654396057,0.000709752703047346,0.108642578125,0.114013671875,16384,0.9531562582164455,1422668.0,0.7909454,-0.2163207,-0.01007203798777417,0.9078055849444504,-0.41927028751682005,0.9991576,0.0001074584,0.554946541193889,0.11082309587712748,0.00010683987931726907,0.004653858459977678,0.02083912465856985,-0.4326648268887894,1.5808685350850211
path_b_only,48.854899496000144,0.14402226935081242,0.0,0.5,0.1,0.1,0.11106431484222412,0.000708868505410893,0.1085205078125,0.1143798828125,16384,0.9260748539616128,1422793.0,0.7830606,-0.231732,0.004181929108338243,0.8944995128220683,-0.4470493630797557,1.007046,0.0001057323,0.3092068734784526,0.11082309587712748,0.00010683987931726907,0.004653858459977678,0.02083912465856985,-0.46346837018813725,1.566614385497163
path_b_only,48.97603195300326,0.10752267070273236,0.0,0.5,0.1,0.1,0.11104340106248856,0.000698394460354402,0.1083984375,0.114013671875,16384,0.9180527452930485,1422917.0,0.7896444,-0.2427962,-0.007510641234249609,0.8843667199082316,-0.466732359052815,0.9926146,0.0001060421,0.35331216810694616,0.11082309587712748,0.00010683987931726907,0.004653858459977678,0.02083912465856985,-0.48560728551890664,1.5783070386431484
path_b_only,49.099966292997124,0.06910837182248127,0.0,0.5,0.1,0.1,0.11109737306833267,0.0007096284787151195,0.1087646484375,0.1142578125,16384,0.9387553299724499,1423042.0,0.7782339,-0.192313,0.01328121335492746,0.9268436752299671,-0.37521248787590755,1.021651,0.0001056839,0.30231631098646106,0.11082309587712748,0.00010683987931726907,0.004653858459977678,0.02083912465856985,-0.38466170526977184,1.557514722962046
path_b_only,49.22219557099743,0.03572765313932441,0.0,0.5,0.1,0.1,0.11117039620876312,0.0007118844634223616,0.1087646484375,0.1141357421875,16384,0.9667655498016622,1423166.0,0.7880761,-0.2216608,-0.004838107849904924,0.9033189180473415,-0.42894233296588113,1.003687,0.0001060494,0.3543514471604898,0.11082309587712748,0.00010683987931726907,0.004653858459977678,0.02083912465856985,-0.4433271575178619,1.5756344535194973
path_b_only,49.34361939399969,0.011827222908043972,0.0,0.5,0.1,0.1,0.11108452081680298,0.0007110776840060782,0.108642578125,0.114013671875,16384,0.9338254626930508,1423290.0,0.7899581,-0.2424971,-0.008068036183359713,0.8846408631136375,-0.4662032283261263,0.9945092,0.0001059934,0.34637889551686274,0.11082309587712748,0.00010683987931726907,0.004653858459977678,0.02083912465856985,-0.4850113521696615,1.5788644505098797
path_b_only,49.46380275500269,0.0006458813215380194,0.0,0.5,0.1,0.1,0.11114883422851562,0.0007059225871273816,0.108642578125,0.1142578125,16384,0.9584948043485716,1423415.0,0.7840821,-0.2239567,0.002372471960602857,0.9013496182248327,-0.4330857156530846,1.005983,0.0001053815,0.2592645321108738,0.11082309587712748,0.00010683987931726907,0.004653858459977678,0.02083912465856985,-0.4479147522382978,1.568423852608663
path_b_only,49.58776916599891,0.0037774640362130685,0.0,0.5,0.1,0.1,0.11120642721652985,0.0007059559858540969,0.1083984375,0.1141357421875,16384,0.9805863255484298,1423514.0,0.7786713,-0.174132,0.01264567190585587,0.9398815006599925,-0.3412665405503006,1.025995,0.0001060966,0.3610711692601175,0.11082309587712748,0.00010683987931726907,0.004653858459977678,0.02083912465856985,-0.3482930328390572,1.558150317830192
path_b_only,49.7061734279996,0.02025341790676652,0.0,0.5,0.1,0.1,0.11116539686918259,0.0007024803100008965,0.108642578125,0.114013671875,16384,0.9648479028773278,1423638.0,0.775717,-0.131622,0.01869414443154634,0.9653699386503138,-0.26021416278569787,1.040191,0.0001064798,0.41562620122150756,0.11082309587712748,0.00010683987931726907,0.004653858459977678,0.02083912465856985,-0.2632911035395238,1.5521010933484105
path_b_only,49.824283039000875,0.047558227610292915,0.0,0.5,0.1,0.1,0.11116166412830353,0.0007056219372042328,0.108642578125,0.114013671875,16384,0.9634160979457458,1423762.0,0.7812624,-0.1493003,0.007905414181043064,0.9557164094315109,-0.29418301985323136,1.025817,0.0001074209,0.5496077789325307,0.11082309587712748,0.00010683987931726907,0.004653858459977678,0.02083912465856985,-0.2986102186464734,1.5628908302693059
path_b_only,49.941129787002865,0.08161063205302266,0.0,0.5,0.1,0.1,0.11108393222093582,0.0006494017909201828,0.108642578125,0.1138916015625,16384,0.9335996890611247,1423887.0,0.7755053,-0.09585778,0.019421961107508483,0.9814866463431934,-0.1905433034161252,1.030565,0.0001075757,0.5716461895474138,0.11082309587712748,0.00010683987931726907,0.004653858459977678,0.02083912465856985,-0.1917521788648231,1.5513731444454217
path_b_only,50.06197392500326,0.11934690993917588,0.0,0.5,0.1,0.1,0.11113682389259338,0.0006867078563814412,0.1090087890625,0.11376953125,16384,0.953887879099649,1424011.0,0.7785434,-0.1300265,0.013248147475149302,0.9662855371691854,-0.2571317701999026,1.02287,0.0001072046,0.5188137982090225,0.11082309587712748,0.00010683987931726907,0.004653858459977678,0.02083912465856985,-0.2600763533011934,1.5575477917512093
path_b_only,50.180133959998784,0.15361820810236704,0.0,0.5,0.1,0.1,0.11124739050865173,0.0007066522814992305,0.1087646484375,0.1142578125,16384,0.9962990271728569,1424111.0,0.780617,-0.1623634,0.009062441656118699,0.9476945968640348,-0.3190498757654422,1.016812,0.0001068965,0.47495052746971006,0.11082309587712748,0.00010683987931726907,0.004653858459977678,0.02083912465856985,-0.32474062478969223,1.5617337610877202
path_b_only,50.30063824199897,0.18101939333739153,0.0,0.5,0.1,0.1,0.11123879998922348,0.00071677494413682,0.1087646484375,0.1141357421875,16384,0.9930038753043657,1424235.0,0.7799975,-0.1319815,0.010427004769681718,0.9653072685379853,-0.26090832658094093,1.018893,0.0001076307,0.5794763741974062,0.11082309587712748,0.00010683987931726907,0.004653858459977678,0.02083912465856985,-0.26397769340516364,1.5603691330744236
path_b_only,50.41906870400271,0.19678514115201,0.0,0.5,0.1,0.1,0.11121442914009094,0.0007059837113199728,0.10888671875,0.1142578125,16384,0.9836557037849949,1424359.0,0.781907,-0.1411522,0.006705884253605754,0.9603926417593878,-0.2785695689963311,1.028776,0.0001072582,0.526444669067922,0.11082309587712748,0.00010683987931726907,0.004653858459977678,0.02083912465856985,-0.282310921859378,1.564090392280919
path_b_only,50.544787965998694,0.19901172958192404,0.0,0.5,0.1,0.1,0.11119475960731506,0.0007163711278837593,0.1085205078125,0.114501953125,16384,0.976110863426958,1424483.0,0.7787701,-0.1471489,0.012685822183585325,0.9569219802697024,-0.2900679120348162,1.020551,0.0001067588,0.45534659244600634,0.11082309587712748,0.00010683987931726907,0.004653858459977678,0.02083912465856985,-0.294322191935918,1.5581101643315955
path_b_only,50.665131435998774,0.1868426856407626,0.0,0.5,0.1,0.1,0.11118593066930771,0.0007096924425134486,0.10888671875,0.1141357421875,16384,0.9727242589480664,1424607.0,0.7849591,-0.1868971,0.0008174908024272641,0.9309482378331606,-0.3651502569958303,1.01673,0.0001067808,0.45847866630600376,0.11082309587712748,0.00010683987931726907,0.004653858459977678,0.02083912465856985,-0.37379433106353943,1.5699788359014157
path_b_only,50.784044180996716,0.16275833056934583,0.0,0.5,0.1,0.1,0.11120657622814178,0.000704130563695718,0.108642578125,0.1143798828125,16384,0.9806434834299301,1424731.0,0.7841118,-0.1646789,0.0024344406843630232,0.9462471172860188,-0.32343541322256864,1.013831,0.0001071851,0.5160376418331174,0.11082309587712748,0.00010683987931726907,0.004653858459977678,0.02083912465856985,-0.32935881286593993,1.568361883705908
path_b_only,50.90298276500107,0.13000915564900073,0.0,0.5,0.1,0.1,0.11114557087421417,0.0007120222536209188,0.1087646484375,0.1138916015625,16384,0.9572430467437155,1424855.0,0.7809912,-0.1708627,0.00830417920036439,0.9421412674419574,-0.3351132238373628,1.015607,0.0001064721,0.41452997537050934,0.11082309587712748,0.00010683987931726907,0.004653858459977678,0.02083912465856985,-0.34173766437745456,1.562492052149712
path_b_only,51.0239974119977,0.09246813018241729,0.0,0.5,0.1,0.1,0.11113139986991882,0.0007092926976764238,0.1087646484375,0.114013671875,16384,0.9518073322130388,1424954.0,0.7806251,-0.1788119,0.008942019516807266,0.936688573584886,-0.3500493628082653,1.022653,0.000106322,0.3931606896257168,0.11082309587712748,0.00010683987931726907,0.004653858459977678,0.02083912465856985,-0.3576387411067796,1.5618541881069155
path_b_only,51.1449915819976,0.056008457947637626,0.0,0.5,0.1,0.1,0.11114203184843063,0.0007110831211027714,0.108642578125,0.114013671875,16384,0.9558855470580838,1425078.0,0.7809204,-0.1737136,0.008420337726679378,0.9402141058279622,-0.3404798571350357,1.016226,0.0001069668,0.48495892712233435,0.11082309587712748,0.00010683987931726907,0.004653858459977678,0.02083912465856985,-0.3474400380888225,1.5623758895617887
path_b_only,51.26553268400312,0.025924367083298053,0.0,0.5,0.1,0.1,0.11111017316579819,0.0007147589528133614,0.10888671875,0.114013671875,16384,0.943665191993324,1425202.0,0.7775882,-0.110573,0.015238910615662857,0.9755276996525137,-0.21934785801079268,1.035355,0.0001078764,0.614455944533818,0.11082309587712748,0.00010683987931726907,0.004653858459977678,0.02083912465856985,-0.2211721093211918,1.5555568263097856
path_b_only,51.38332515399816,0.006642878248376685,0.0,0.5,0.1,0.1,0.11104759573936462,0.0007060926972432593,0.108642578125,0.1143798828125,16384,0.9196617396572814,1425326.0,0.7722982,-0.1169915,0.02548307989781279,0.9724167931665288,-0.23185381818431594,1.048277,0.0001062557,0.38372175794763663,0.11082309587712748,0.00010683987931726907,0.004653858459977678,0.02083912465856985,-0.23406042873308053,1.5453104880257973
path_b_only,51.5037687130025,7.0089152477414984e-06,0.0,0.5,0.1,0.1,0.11099585890769958,0.0007099995346197708,0.1085205078125,0.114013671875,16384,0.8998165232003841,1425451.0,0.7742756,-0.1038181,0.021765527168181486,0.978278840939922,-0.20614745013299052,1.035611,0.0001067372,0.4522714653834655,0.11082309587712748,0.00010683987931726907,0.004653858459977678,0.02083912465856985,-0.2076861198018296,1.549029080733407
path_b_only,51.62684222400276,0.007835071493996038,0.0,0.5,0.1,0.1,0.11093265563249588,0.0007104059190437933,0.108642578125,0.1142578125,16384,0.8755730077620403,1425576.0,0.7769898,-0.09807564,0.016493470806960408,0.9806852535352327,-0.19489586686042443,1.042726,0.0001075402,0.5665921612733302,0.11082309587712748,0.00010683987931726907,0.004653858459977678,0.02083912465856985,-0.1961783130764787,1.5543021080973138
path_b_only,51.74906866100355,0.02908273334013506,0.0,0.5,0.1,0.1,0.11098546534776688,0.0007060019090592416,0.108642578125,0.114013671875,16384,0.8958297609657395,1425700.0,0.7723897,-0.07680638,0.025707670377531237,0.9878903061189531,-0.1530093420676048,1.040134,0.0001073689,0.5422046952634496,0.11082309587712748,0.00010683987931726907,0.004653858459977678,0.02083912465856985,-0.15366394877360268,1.545085823942219
path_b_only,51.86722862700117,0.05948768091947537,0.0,0.5,0.1,0.1,0.11098861694335938,0.0007121757313745687,0.1083984375,0.1138916015625,16384,0.8970386501594705,1425799.0,0.7728032,-0.09547096,0.02472950731428251,0.9815144258394712,-0.18978378048981379,1.03759,0.0001068474,0.4679603080821739,0.11082309587712748,0.00010683987931726907,0.004653858459977678,0.02083912465856985,-0.19100105264011757,1.5460642982377317
path_b_only,51.990037001996825,0.09687054289752214,0.0,0.5,0.1,0.1,0.11087245494127274,0.0006903585605485015,0.1080322265625,0.11376953125,16384,0.8524812236359272,1425924.0,0.7733872,-0.05324139,0.023883570959658144,0.9940491850759408,-0.10628166675430438,1.041031,0.0001079003,0.6178585156817238,0.11082309587712748,0.00010683987931726907,0.004653858459977678,0.02083912465856985,-0.10651327862412696,1.5469104846213475
path_b_only,52.11378337199858,0.13498968635410663,0.0,0.5,0.1,0.1,0.11094597727060318,0.0006493294837768703,0.108642578125,0.114013671875,16384,0.8806829223681654,1426048.0,0.7724935,-0.07707735,0.025500440132166236,0.9878125824091019,-0.15354487808887457,1.043996,0.0001072682,0.5278683390042851,0.11082309587712748,0.00010683987931726907,0.004653858459977678,0.02083912465856985,-0.15420524696111348,1.5452931221480941
path_b_only,52.235058819002006,0.16731491750055394,0.0,0.5,0.1,0.1,0.11078222095966339,0.0006926992878919824,0.1083984375,0.1136474609375,16384,0.8178692684934326,1426172.0,0.7763237,-0.04369742,0.0180786689274528,0.9960194423324128,-0.08728363091462783,1.024664,0.0001083912,0.6877464728577319,0.11082309587712748,0.00010683987931726907,0.004653858459977678,0.02083912465856985,-0.08740916198167525,1.5527166729224273
path_b_only,52.35606439100229,0.18994936574427804,0.0,0.5,0.1,0.1,0.11090623587369919,0.0007002115876862978,0.1085205078125,0.1136474609375,16384,0.8654389153720407,1426296.0,0.7726009,-0.04551481,0.025485774114851242,0.9955334983933581,-0.09090395422889125,1.045286,0.0001086325,0.722099628422145,0.11082309587712748,0.00010683987931726907,0.004653858459977678,0.02083912465856985,-0.0910592794102203,1.5453077929334447
path_b_only,52.475000359998376,0.19969174224672354,0.0,0.5,0.1,0.1,0.11095168441534042,0.0007106082870047668,0.108642578125,0.11474609375,16384,0.882872069229626,1426421.0,0.7716015,-0.04848738,0.027460198212027206,0.9949227485370565,-0.09682283799613253,1.04767,0.0001080414,0.6379464984837916,0.11082309587712748,0.00010683987931726907,0.004653858459977678,0.02083912465856985,-0.09701145838107372,1.543332676293728
path_b_only,52.59554472000309,0.19552884277346694,0.0,0.5,0.1,0.1,0.11092367768287659,0.0007094929868105894,0.1085205078125,0.114013671875,16384,0.8721292454016484,1426521.0,0.7710535,-0.05998656,0.028479196567504885,0.9924033008478229,-0.11968552054954273,1.048019,0.0001074682,0.556341737731523,0.11082309587712748,0.00010683987931726907,0.004653858459977678,0.02083912465856985,-0.12002203766174757,1.542313279076765
path_b_only,52.712893698997505,0.17845506090727453,0.0,0.5,0.1,0.1,0.1109008938074112,0.0007089040380907658,0.108154296875,0.114013671875,16384,0.8633898053202557,1426645.0,0.7705063,-0.0386604,0.029690350019773423,0.9965700585951626,-0.07724377921449485,1.044882,0.0001075502,0.5680158312096915,0.11082309587712748,0.00010683987931726907,0.004653858459977678,0.02083912465856985,-0.07735497051186258,1.541101612953042
path_b_only,52.835104858000705,0.14951724959840149,0.0,0.5,0.1,0.1,0.11084315925836563,0.000711514488034689,0.1080322265625,0.1136474609375,16384,0.8412439841329721,1426770.0,0.7705668,-0.02578953,0.02961893424021674,0.9982307737737747,-0.051556192891685906,1.03916,0.0001083704,0.6847852393900984,0.11082309587712748,0.00010683987931726907,0.004653858459977678,0.02083912465856985,-0.051601719679966074,1.5411730601547795
path_b_only,52.95523258799949,0.11401777873175067,0.0,0.5,0.1,0.1,0.11066301167011261,0.0007036544450255669,0.1083984375,0.11376953125,16384,0.7721429632932085,1426896.0,0.7674948,-0.0284673,0.03574106930354739,0.9977397097040633,-0.05690384560546411,1.038885,0.0001072691,0.527996469298557,0.11082309587712748,0.00010683987931726907,0.004653858459977678,0.02083912465856985,-0.056971039109692256,1.5350476436969898
path_b_only,53.07601051500387,0.07634689063597498,0.0,0.5,0.1,0.1,0.11088323593139648,0.0007000877298117348,0.1085205078125,0.1138916015625,16384,0.8566165963624724,1427024.0,0.7715647,-0.07063854,0.02738778632977226,0.9896580889433058,-0.14080758555219483,1.05626,0.0001068262,0.4649421278170857,0.11082309587712748,0.00010683987931726907,0.004653858459977678,0.02083912465856985,-0.14133045090333196,1.5434051154209634
path_b_only,53.194880780996755,0.04253012160663836,0.0,0.5,0.1,0.1,0.11096540838479996,0.0007035360692617305,0.1085205078125,0.11376953125,16384,0.8881363101158019,1427126.0,0.7777009,-0.1008172,0.015082046625999254,0.9796244710456622,-0.2002708855477445,1.042427,0.0001074271,0.550490454293075,0.11082309587712748,0.00010683987931726907,0.004653858459977678,0.02083912465856985,-0.20165765264826874,1.5557137083295367
path_b_only,53.314177886000834,0.016561341191609874,0.0,0.5,0.1,0.1,0.11104890704154968,0.0006997156875131656,0.108642578125,0.1138916015625,16384,0.9201647290144838,1427251.0,0.7786811,-0.1254476,0.013013120340506293,0.9686031462119719,-0.2482712304059271,1.031799,0.0001074332,0.5513588929542568,0.11082309587712748,0.00010683987931726907,0.004653858459977678,0.02083912465856985,-0.2509169035410297,1.5577828391499449
path_b_only,53.43525550499908,0.002061472899284586,0.0,0.5,0.1,0.1,0.11107226461172104,0.0007128024810595819,0.10888671875,0.1142578125,16384,0.9291242269396527,1427376.0,0.7808018,-0.1608297,0.008721128490224536,0.9486720339022544,-0.3161412880495315,1.023012,0.0001073453,0.5388448342136357,0.11082309587712748,0.00010683987931726907,0.004653858459977678,0.02083912465856985,-0.321672073245149,1.562075087748837
path_b_only,53.556969703000505,0.0015973425644798395,0.0,0.5,0.1,0.1,0.1110977753996849,0.0006985128149645794,0.1085205078125,0.11376953125,16384,0.9389096562525007,1427501.0,0.7741834,-0.09158898,0.022052426660777388,0.9830224536805663,-0.18215528001738,1.039746,0.0001068245,0.4647001039279046,0.11082309587712748,0.00010683987931726907,0.004653858459977678,0.02083912465856985,-0.18322302216989916,1.5487421123586793
path_b_only,53.6793459410037,0.015457284781219632,0.0,0.5,0.1,0.1,0.11094684153795242,0.0007151051756085659,0.1082763671875,0.114013671875,16384,0.881014438080867,1427626.0,0.7795951,-0.1155627,0.011297257112874893,0.9733436531329563,-0.22907314309520582,1.032095,0.0001074585,0.5549607778932517,0.11082309587712748,0.00010683987931726907,0.004653858459977678,0.02083912465856985,-0.2311404188643169,1.559498829360463
path_b_only,53.79985808100173,0.041185410455252314,0.0,0.5,0.1,0.1,0.11096422374248505,0.0007074438966011257,0.1087646484375,0.11376953125,16384,0.8876819049578747,1427750.0,0.7755391,-0.1041495,0.01929065143379268,0.9781938960074605,-0.20679596848344348,1.044081,0.0001064753,0.41498554975014423,0.11082309587712748,0.00010683987931726907,0.004653858459977678,0.02083912465856985,-0.20833833865566653,1.5515044787248204
path_b_only,53.91727294500015,0.07430212024337154,0.0,0.5,0.1,0.1,0.11104418337345123,0.0007055361239807325,0.1085205078125,0.1141357421875,16384,0.9183528241709249,1427850.0,0.7775085,-0.1192049,0.01533236817515308,0.9715937715468621,-0.2361577048869791,1.026972,0.0001069972,0.48928688372887646,0.11082309587712748,0.00010683987931726907,0.004653858459977678,0.02083912465856985,-0.23843837129323253,1.5554633578301322
path_b_only,54.037195099997916,0.1116586111603617,0.0,0.5,0.1,0.1,0.11095839738845825,0.0006993290591162805,0.108642578125,0.11376953125,16384,0.8854470317912136,1427974.0,0.7779069,-0.09119152,0.014733479342295023,0.9833038905544053,-0.1813736017369683,1.032816,0.0001076142,0.5771273188024086,0.11082309587712748,0.00010683987931726907,0.004653858459977678,0.02083912465856985,-0.1824030611827543,1.5560623143545047
path_b_only,54.15657335900323,0.1472292403973532,0.0,0.5,0.1,0.1,0.11107166111469269,0.0006971463785460743,0.10888671875,0.1141357421875,16384,0.9288927375195766,1428098.0,0.778821,-0.1357084,0.01267240804468452,0.9633086743933743,-0.26809663913005144,1.036631,0.0001065556,0.4264176193391317,0.11082309587712748,0.00010683987931726907,0.004653858459977678,0.02083912465856985,-0.27143914756897525,1.5581235795488546
path_b_only,54.27624821099744,0.17629468390614134,0.0,0.5,0.1,0.1,0.11106183379888535,0.000665877457683901,0.1083984375,0.114013671875,16384,0.925123175234633,1428223.0,0.7803365,-0.1550065,0.009640579132316689,0.9522808062597025,-0.3050710167540742,1.011424,0.0001064538,0.4119246593869661,0.11082309587712748,0.00010683987931726907,0.004653858459977678,0.02083912465856985,-0.31002788748119947,1.5611555983225325
path_b_only,54.39312226400216,0.19441580931811242,0.0,0.5,0.1,0.1,0.11097162216901779,0.0006840600066244923,0.1083984375,0.11376953125,16384,0.8905197937743635,1428322.0,0.7706253,-0.1085321,0.02884820684506849,0.9761077197250929,-0.21536364701337996,1.052269,0.0001057735,0.3150723936162632,0.11082309587712748,0.00010683987931726907,0.004653858459977678,0.02083912465856985,-0.21715602655405553,1.5419441171127646
path_b_only,54.513169764999475,0.1999144216621055,0.0,0.5,0.1,0.1,0.1108628585934639,0.000703947710154137,0.1083984375,0.1142578125,16384,0.8488002560673091,1428446.0,0.7729263,-0.0571717,0.02477827243494949,0.9931608655934318,-0.11409440069015124,1.037675,0.0001076383,0.5805583633490398,0.11082309587712748,0.00010683987931726907,0.004653858459977678,0.02083912465856985,-0.11437867139044977,1.546015518169653
path_b_only,54.63723981400108,0.1908485082212667,0.0,0.5,0.1,0.1,0.1107320487499237,0.000709327247619187,0.1082763671875,0.1136474609375,16384,0.7986242097922882,1428571.0,0.767529,-0.03806231,0.035627240595656966,0.9964672233230312,-0.07605111814054649,1.047349,0.000106876,0.4720320041001684,0.11082309587712748,0.00010683987931726907,0.004653858459977678,0.02083912465856985,-0.07617307225994452,1.5351615449466278
path_b_only,54.75381123999978,0.1698589851578557,0.0,0.5,0.1,0.1,0.1107972264289856,0.0007100353642327005,0.1083984375,0.1136474609375,16384,0.8236250671605108,1428695.0,0.7738729,-0.04986863,0.022933942972858112,0.9947660297284249,-0.09957198580958528,1.039477,0.0001077283,0.5933713927762985,0.11082309587712748,0.00010683987931726907,0.004653858459977678,0.02083912465856985,-0.09976358693058662,1.5478603729346738
path_b_only,54.87284989299951,0.1388915239475267,0.0,0.5,0.1,0.1,0.11083657294511795,0.0007040140055182954,0.1083984375,0.1138916015625,16384,0.8387176057706597,1428819.0,0.7717179,-0.04360765,0.027253133125697594,0.995826302602659,-0.08710477472303231,1.043578,0.00010737,0.5423612989564488,0.11082309587712748,0.00010683987931726907,0.004653858459977678,0.02083912465856985,-0.08724778937038469,1.5435398189063716
path_b_only,54.991195000002335,0.1027658195784715,0.0,0.5,0.1,0.1,0.11076752096414566,0.0006978901793120451,0.1082763671875,0.1143798828125,16384,0.8122306434834299,1428943.0,0.7706073,-0.03355476,0.02951083387334927,0.9973124786236092,-0.06705915795573797,1.043887,0.0001073292,0.5365527256160928,0.11082309587712748,0.00010683987931726907,0.004653858459977678,0.02083912465856985,-0.06713880558937557,1.5412812077970064
path_b_only,55.11601127400354,0.06435550291425998,0.0,0.5,0.1,0.1,0.1107415184378624,0.0007098534769722927,0.1083984375,0.1134033203125,16384,0.802256593161631,1429067.0,0.7694126,-0.007866417,0.0319617244856301,0.999365271822045,-0.015732184970770748,1.031841,0.0001079387,0.623325408237354,0.11082309587712748,0.00010683987931726907,0.004653858459977678,0.02083912465856985,-0.01574087677890912,1.5388291580464757
path_b_only,55.238859418001084,0.031806935562662106,0.0,0.5,0.1,0.1,0.11061380803585052,0.0007123606222399922,0.108154296875,0.1134033203125,16384,0.753269430821816,1429166.0,0.7695955,0.005029613,0.031598466554348933,0.9994500249120285,0.010059056355318416,1.033567,0.00010838,0.6861519625290069,0.11082309587712748,0.00010683987931726907,0.004653858459977678,0.02083912465856985,0.010064251816331193,1.5391925995594515
path_b_only,55.355987984999956,0.01006112485491853,0.0,0.5,0.1,0.1,0.1105283871293068,0.0007052295027438052,0.1082763671875,0.11376953125,16384,0.7205036752517805,1429290.0,0.7704146,0.01537158,0.02994848341432551,0.9990786976916634,0.030738317454142284,1.019472,0.0001093116,0.818781053800486,0.11082309587712748,0.00010683987931726907,0.004653858459977678,0.02083912465856985,0.03075696058154831,1.5408433647153774
path_b_only,55.47501629999897,0.00030786498439590304,0.0,0.5,0.1,0.1,0.11034245043992996,0.0007072417532459404,0.1077880859375,0.1131591796875,16384,0.649182070715731,1429414.0,0.7682732,0.03355547,0.034166146265051656,0.9971637547375826,0.067060574759252,1.030518,0.000108482,0.7006733958798979,0.11082309587712748,0.00010683987931726907,0.004653858459977678,0.02083912465856985,0.06715020349958545,1.536623529866432
path_b_only,55.59525283599942,0.004444084519366162,0.0,0.5,0.1,0.1,0.11024447530508041,0.0007082033031609017,0.1077880859375,0.1131591796875,16384,0.6116007636292968,1429538.0,0.7731195,0.03179045,0.024505243433964822,0.9976785086469547,0.06353807069962321,1.011501,0.000109737,0.8793439728933232,0.11082309587712748,0.00010683987931726907,0.004653858459977678,0.02083912465856985,0.06360002477800064,1.546288630103079
path_b_only,55.71500792999723,0.021958516946224402,0.0,0.5,0.1,0.1,0.11091732978820801,0.0007091608641402032,0.1083984375,0.1142578125,16384,0.8696943196497365,1429663.0,0.7765275,-0.09666224,0.01740990942490233,0.9812165105248526,-0.19212249875339624,1.025868,0.0001078902,0.6164206090459979,0.11082309587712748,0.00010683987931726907,0.004653858459977678,0.02083912465856985,-0.19335415618420537,1.5533855377450674
path_b_only,55.83801052199851,0.05127787409589329,0.0,0.5,0.1,0.1,0.11096416413784027,0.0007069450973959752,0.1085205078125,0.1138916015625,16384,0.8876590418052746,1429787.0,0.7730833,-0.0951739,0.02418243164152828,0.9816406722031922,-0.18920042461994574,1.049518,0.0001067235,0.45032103757064823,0.11082309587712748,0.00010683987931726907,0.004653858459977678,0.02083912465856985,-0.1904041638502596,1.54661153759221
path_b_only,55.95977282200329,0.08739587254340739,0.0,0.5,0.1,0.1,0.11098404228687286,0.000699543100946751,0.1085205078125,0.114013671875,16384,0.8952839031974119,1429886.0,0.7718511,-0.0883351,0.026669126435820124,0.9840730596984342,-0.1757525842510209,1.04928,0.0001067552,0.45483407126891684,0.11082309587712748,0.00010683987931726907,0.004653858459977678,0.02083912465856985,-0.1767337238397455,1.544124037978331
path_b_only,56.07831736100343,0.12435663447037529,0.0,0.5,0.1,0.1,0.11088046431541443,0.0006948600732105975,0.1083984375,0.1138916015625,16384,0.8555534597665672,1430010.0,0.7715851,-0.07626985,0.027301869077194355,0.9880112150610252,-0.1519488297372783,1.036098,0.0001069256,0.47909340698452374,0.11082309587712748,0.00010683987931726907,0.004653858459977678,0.02083912465856985,-0.15259702832954458,1.5434910648134592
path_b_only,56.198934168998676,0.15850730442431754,0.0,0.5,0.1,0.1,0.11096183210611343,0.0006852619435220641,0.1085205078125,0.1138916015625,16384,0.8867645209597952,1430134.0,0.7792707,-0.1204137,0.011900963568267352,0.9710680436055618,-0.23850623001132173,1.025473,0.0001073157,0.5346307712020048,0.11082309587712748,0.00010683987931726907,0.004653858459977678,0.02083912465856985,-0.24084479397220893,1.5588950822806587
path_b_only,56.31693891900068,0.18391360941223442,0.0,0.5,0.1,0.1,0.11105696856975555,0.000690708798852029,0.1085205078125,0.11474609375,16384,0.923256970403649,1430258.0,0.7773155,-0.1270332,0.015645712021510275,0.9677719084781098,-0.25134188838308885,1.039765,0.0001064065,0.4051907005879757,0.11082309587712748,0.00010683987931726907,0.004653858459977678,0.02083912465856985,-0.2540981890330727,1.5551499763885093
path_b_only,56.434064793997095,0.19786227886916102,0.0,0.5,0.1,0.1,0.11102090775966644,0.0006801907270872677,0.108642578125,0.1142578125,16384,0.9094247630805812,1430382.0,0.7748,-0.1026682,0.02074949006347977,0.9787725344106531,-0.20389650449542376,1.03171,0.0001070259,0.4933728164462336,0.11082309587712748,0.00010683987931726907,0.004653858459977678,0.02083912465856985,-0.205381249498501,1.5500453475240057
path_b_only,56.55849676000071,0.1983161214608305,0.0,0.5,0.1,0.1,0.11094656586647034,0.0006981801349599673,0.108642578125,0.11376953125,16384,0.8809086960000915,1430506.0,0.774789,-0.07491707,0.02097901921255736,0.9885732719507409,-0.14927413284787755,1.039329,0.0001075806,0.5723437878162316,0.11082309587712748,0.00010683987931726907,0.004653858459977678,0.02083912465856985,-0.1498673724807671,1.549815768399122
path_b_only,56.67722490400047,0.18489672354770662,0.0,0.5,0.1,0.1,0.11087539047002792,0.0006902044115247725,0.1083984375,0.1138916015625,16384,0.8536072339014826,1430606.0,0.7658675,-0.05397088,0.038824112980290586,0.9934215854048449,-0.1077322695528966,1.036256,0.0001063943,0.40345382326561413,0.11082309587712748,0.00010683987931726907,0.004653858459977678,0.02083912465856985,-0.10802352117561131,1.531962453852797
path_b_only,56.796950042997196,0.15955099281266213,0.0,0.5,0.1,0.1,0.1108822450041771,0.0007118424831338678,0.1082763671875,0.1138916015625,16384,0.8562364964504956,1430730.0,0.7786315,-0.05355376,0.013455362939019173,0.9941784218175815,-0.10690284748537851,1.027943,0.0001091412,0.7945217180848791,0.11082309587712748,0.00010683987931726907,0.004653858459977678,0.02083912465856985,-0.10711725431082009,1.5573405578144137
path_b_only,56.921039168999414,0.12455264866788407,0.0,0.5,0.1,0.1,0.11098860204219818,0.0007068643263430594,0.1087646484375,0.1138916015625,16384,0.8970329343713205,1430854.0,0.7743961,-0.08382775,0.02169384973440422,0.9857400191018189,-0.16687118272741694,1.039284,0.0001073579,0.5406386583334518,0.11082309587712748,0.00010683987931726907,0.004653858459977678,0.02083912465856985,-0.16769533931450908,1.5491007750954973
path_b_only,57.03978328299854,0.08753422633721195,0.0,0.5,0.1,0.1,0.11081326007843018,0.0006970263187379162,0.1083984375,0.113525390625,16384,0.8297752552099409,1430978.0,0.7710733,-0.06331337,0.028416456159627464,0.9915864514270836,-0.1262886153442662,1.037129,0.0001071425,0.5099728079042156,0.11082309587712748,0.00010683987931726907,0.004653858459977678,0.02083912465856985,-0.12667817156389738,1.542376044887314
path_b_only,57.160880329000065,0.05158246268606889,0.0,0.5,0.1,0.1,0.11089484393596649,0.000699879973583903,0.1082763671875,0.11376953125,16384,0.8610691953313442,1431102.0,0.7724095,-0.05224328,0.025832747144927136,0.9942106921272171,-0.10429654277523374,1.039884,0.0001076166,0.5774689995871344,0.11082309587712748,0.00010683987931726907,0.004653858459977678,0.02083912465856985,-0.10452156856818506,1.5449607056220742
path_b_only,57.28144528000121,0.022660049805706878,0.0,0.5,0.1,0.1,0.110836923122406,0.0007102617898375701,0.1083984375,0.1143798828125,16384,0.8388519267921853,1431226.0,0.7730084,-0.0581974,0.024609344162900434,0.9929288498228351,-0.11613216337162433,1.036492,0.0001074955,0.5602283566577909,0.11082309587712748,0.00010683987931726907,0.004653858459977678,0.02083912465856985,-0.11643022169513895,1.5461844979703636
path_b_only,57.39905385900056,0.004986620259329083,0.0,0.5,0.1,0.1,0.11075282096862793,0.000707331591845528,0.1083984375,0.11376953125,16384,0.8065920184734273,1431350.0,0.7721107,-0.03132718,0.02651966126447668,0.9976854578214714,-0.0626133757114107,1.040057,0.0001081473,0.653023163109864,0.11082309587712748,0.00010683987931726907,0.004653858459977678,0.02083912465856985,-0.06267643270223111,1.5442735560333694
path_b_only,57.51812518599763,0.0001620754904751165,0.0,0.5,0.1,0.1,0.11075849831104279,0.0007168437134499139,0.1082763671875,0.1136474609375,16384,0.808769733758588,1431449.0,0.7731769,-0.03463417,0.024381483454671303,0.997303920257544,-0.0692129605166831,1.028867,0.0001082347,0.6654660383536677,0.11082309587712748,0.00010683987931726907,0.004653858459977678,0.02083912465856985,-0.0692889707208284,1.5464124270709607
path_b_only,57.64132007899752,0.009694649425060348,0.0,0.5,0.1,0.1,0.11079706996679306,0.0007051667664755402,0.1083984375,0.11376953125,16384,0.8235650513849355,1431573.0,0.770047,-0.07336618,0.030367631470331634,0.988787893207868,-0.1462063924882491,1.04229,0.000106759,0.45537506584473364,0.11082309587712748,0.00010683987931726907,0.004653858459977678,0.02083912465856985,-0.1468005550790914,1.5404240259168263
path_b_only,57.7631620309985,0.032272798875843764,0.0,0.5,0.1,0.1,0.1109408438205719,0.0007031884226716635,0.108642578125,0.114013671875,16384,0.8787138333504807,1431697.0,0.7753296,-0.1101525,0.019649101406800425,0.9756329989963325,-0.2185272616478951,1.027016,0.0001072876,0.5306302586808276,0.11082309587712748,0.00010683987931726907,0.004653858459977678,0.02083912465856985,-0.2203482428547341,1.5511459607906617
path_b_only,57.88281941400055,0.064012522906162,0.0,0.5,0.1,0.1,0.1110055074095726,0.0007020581573015312,0.1085205078125,0.11376953125,16384,0.9035174960275273,1431821.0,0.7811302,-0.1807644,0.00798404340224118,0.9353230975253934,-0.3537046201090036,1.017545,0.0001063525,0.3975028829316197,0.11082309587712748,0.00010683987931726907,0.004653858459977678,0.02083912465856985,-0.36154085315627604,1.5628121985664822
path_b_only,58.00404467200133,0.10127063699095695,0.0,0.5,0.1,0.1,0.11090091615915298,0.0007090207769109326,0.1083984375,0.11376953125,16384,0.8633983790024806,1431946.0,0.7868556,-0.2504884,-0.002556672010840126,0.8771101142412202,-0.48028253239523777,0.9909986,0.0001055891,0.2888199199897491,0.11082309587712748,0.00010683987931726907,0.004653858459977678,0.02083912465856985,-0.5009785896298222,1.5733530015910566
path_b_only,58.1250565090013,0.13828474410627856,0.0,0.5,0.1,0.1,0.11090037971735,0.0006939523898954404,0.1082763671875,0.1142578125,16384,0.8631926106290796,1432071.0,0.7855746,-0.2435027,-0.0003118475375406102,0.883738181553139,-0.467981547944216,0.9924092,0.0001055831,0.28796571802793197,0.11082309587712748,0.00010683987931726907,0.004653858459977678,0.02083912465856985,-0.487005425748964,1.5711081743374917
path_b_only,58.24539214200195,0.1696796964277621,0.0,0.5,0.1,0.1,0.11098113656044006,0.0007008174364792023,0.10791015625,0.113525390625,16384,0.8941693245081564,1432196.0,0.7788387,-0.1770436,0.01230471994034327,0.9378826651177,-0.3467343368328408,1.025869,0.0001056158,0.29262111871983515,0.11082309587712748,0.00010683987931726907,0.004653858459977678,0.02083912465856985,-0.35411518826690624,1.5584912963317192
path_b_only,58.362684218998766,0.1908385317301692,0.0,0.5,0.1,0.1,0.11102311313152313,0.0006988448154414805,0.1087646484375,0.114013671875,16384,0.9102706997267853,1432296.0,0.7776807,-0.1327602,0.014893434963665896,0.964841130801865,-0.26241146679968386,1.035245,0.0001065433,0.4246665053174055,0.11082309587712748,0.00010683987931726907,0.004653858459977678,0.02083912465856985,-0.2655505653976351,1.5559023411798623
path_b_only,58.48197393600276,0.19983969188852027,0.0,0.5,0.1,0.1,0.11078990995883942,0.0006883893755757363,0.1083984375,0.1142578125,16384,0.820818615178847,1432422.0,0.7693009,-0.02971537,0.03213213635504411,0.9977172291637003,-0.05939576115489501,1.05087,0.0001072365,0.5233553053060165,0.11082309587712748,0.00010683987931726907,0.004653858459977678,0.02083912465856985,-0.05946148035882848,1.5386586586024094
path_b_only,58.606245955001214,0.1944810209829232,0.0,0.5,0.1,0.1,0.11043203622102737,0.0006898227278950322,0.108154296875,0.1131591796875,16384,0.6835453890736993,1432550.0,0.7618429,0.01917928,0.04705846087499005,0.9981557211404534,0.03834915402793762,1.05923,0.0001066648,0.4419640950442036,0.11082309587712748,0.00010683987931726907,0.004653858459977678,0.02083912465856985,0.038401124076055115,1.5237204801052207
path_b_only,58.7252373529991,0.17599214826319995,0.0,0.5,0.1,0.1,0.1103130429983139,0.0006936501462712168,0.10791015625,0.11328125,16384,0.6379019628016507,1432653.0,0.7633698,0.03765381,0.04391764720025453,0.9961981306494887,0.0752364589468305,1.038423,0.0001076532,0.582679631554219,0.11082309587712748,0.00010683987931726907,0.004653858459977678,0.02083912465856985,0.07538048838252953,1.5268645495622226
path_b_only,58.84273643799679,0.14742025550657914,0.0,0.5,0.1,0.1,0.11050458997488022,0.0007015564872693927,0.108154296875,0.1134033203125,16384,0.7113755615761858,1432781.0,0.7697922,-0.004044091,0.03120583859617148,0.9994802541200937,-0.008088093813912572,1.039342,0.0001081089,0.6475562705542336,0.11082309587712748,0.00010683987931726907,0.004653858459977678,0.02083912465856985,-0.008092123118041528,1.5395854212477191
path_b_only,58.960271060001105,0.11244883429210724,0.0,0.5,0.1,0.1,0.1106080412864685,0.0007022324481054405,0.1082763671875,0.1134033203125,16384,0.7510574208077552,1432907.0,0.7702438,-0.002770347,0.030303621490600542,0.99952538314377,-0.005540665650814862,1.039729,0.0001082929,0.6737517973832932,0.11082309587712748,0.00010683987931726907,0.004653858459977678,0.02083912465856985,-0.005543239815470891,1.5404880653695112
path_b_only,59.08312161899812,0.0741823468877869,0.0,0.5,0.1,0.1,0.11082832515239716,0.0007035480556790801,0.1083984375,0.1138916015625,16384,0.8355539170296192,1433032.0,0.7713951,-0.0290524,0.027955208655952454,0.9979209068453135,-0.058072110259823694,1.037578,0.0001083916,0.6878034196551865,0.11082309587712748,0.00010683987931726907,0.004653858459977678,0.02083912465856985,-0.05812754319915614,1.5428374757213292
path_b_only,59.20530437999696,0.039881536047172164,0.0,0.5,0.1,0.1,0.11077024787664413,0.0007044880811615254,0.1080322265625,0.1136474609375,16384,0.813276632714885,1433157.0,0.7664438,0.005414113,0.03789742600082804,0.9992229677137586,0.010828014398794234,1.038811,0.0001077384,0.5948092994120243,0.11082309587712748,0.00010683987931726907,0.004653858459977678,0.02083912465856985,0.010836010520183237,1.5328898234515542
path_b_only,59.32883716499782,0.014112331901748057,0.0,0.5,0.1,0.1,0.11063556373119354,0.0007092433132984456,0.108154296875,0.113525390625,16384,0.7616144815208569,1433258.0,0.7686183,0.03182458,0.03348548453784893,0.9974131413736403,0.06360619262644032,1.033421,0.0001086887,0.7301006534644994,0.11082309587712748,0.00010683987931726907,0.004653858459977678,0.02083912465856985,0.06368492257577074,1.5373045813430593
path_b_only,59.447852878998674,0.0013389331142844019,0.0,0.5,0.1,0.1,0.11064674705266953,0.0007072973911080476,0.1082763671875,0.1134033203125,16384,0.7659041805274529,1433383.0,0.7645185,0.01467874,0.04172920205379579,0.998697681802344,0.02935326316744995,1.04548,0.0001076833,0.5869648780626692,0.11082309587712748,0.00010683987931726907,0.004653858459977678,0.02083912465856985,0.02938308127139777,1.5290550045484883
path_b_only,59.56605394899816,0.002145400051349139,0.0,0.5,0.1,0.1,0.11074891686439514,0.0007086715082989535,0.1083984375,0.1136474609375,16384,0.80509448197812,1433508.0,0.77142,-0.002264578,0.02795239866396109,0.9995989947449542,-0.004529140515394589,1.0397,0.0001082542,0.6682421947295728,0.11082309587712748,0.00010683987931726907,0.004653858459977678,0.02083912465856985,-0.004530926447314787,1.5428402868118496
path_b_only,59.69039515899931,0.017361784925770743,0.0,0.5,0.1,0.1,0.11069066822528839,0.0007171695517577499,0.108154296875,0.113525390625,16384,0.7827514660996605,1433634.0,0.7664991,-0.00193312,0.037788844651976315,0.9992782672922542,-0.0038662303680359234,1.045609,0.0001071497,0.5109978502583946,0.11082309587712748,0.00010683987931726907,0.004653858459977678,0.02083912465856985,-0.003869003462919629,1.5329984826339007
path_b_only,59.808274035996874,0.04334402480215585,0.0,0.5,0.1,0.1,0.11071117967367172,0.000717052235393524,0.1082763671875,0.114013671875,16384,0.790619248488174,1433759.0,0.7683626,-0.02126076,0.03403374425651709,0.9985162562740055,-0.042508707442435,1.042239,0.0001074324,0.5512449993593476,0.11082309587712748,0.00010683987931726907,0.004653858459977678,0.02083912465856985,-0.042546182540611266,1.5367560089212051
path_b_only,59.92603135499667,0.07697064291470397,0.0,0.5,0.1,0.1,0.11071242392063141,0.0007095083973796491,0.1085205078125,0.1134033203125,16384,0.7910965167987014,1433859.0,0.771858,-0.03476825,0.02701158033717455,0.997217548044591,-0.06948047495248103,1.038798,0.0001076855,0.5872780854486694,0.11082309587712748,0.00010683987931726907,0.004653858459977678,0.02083912465856985,-0.06956192270238226,1.5437814606559321
both_paths,0.035174354998162016,0.11102787390821933,0.0,0.5,0.1,0.1,0.1921248957514763,0.01114580998994665,0.1737060546875,0.213134765625,16384,0.4037463111878339,1448189.0,0.03796288,0.19766,0.920214602326959,0.07000255984563218,0.38510352800162134,0.8981688,0.0001765299,0.3230571517608484,0.2300930974114851,0.00022951328287148593,0.6030392367196598,0.6500071356384944,1.3909837072166304,0.40216792022651593
both_paths,0.15101316400250653,0.145682422318451,0.0,0.5,0.1,0.1,0.27465641498565674,0.006288408435366548,0.25927734375,0.285888671875,16384,0.7050722773924183,1448301.0,-0.01298533,0.1051426,0.977641631996455,-0.02539570827481711,0.2087388257812335,1.533305,9.753914e-05,0.09161801676706047,0.2300930974114851,0.00022951328287148593,0.6030392367196598,0.6500071356384944,1.691863927518705,0.21185931395767746
both_paths,0.270349599995825,0.17508369364048365,0.0,0.5,0.1,0.1,0.3409944698214531,0.005190265552156393,0.3272705078125,0.3502197265625,16384,0.9472752400303633,1448438.0,-0.8439038,-0.02480129,-0.11660085277061055,-0.9919404429757124,-0.049582242005719354,0.5173846,9.306298e-05,0.07850308283689202,0.2300930974114851,0.00022951328287148593,0.6030392367196598,0.6500071356384944,-3.0916491209535466,1.6876630220941584
both_paths,0.3924293390009552,0.19434385877210705,0.0,0.5,0.1,0.1,0.3490823656320572,0.0020857053263611215,0.3424072265625,0.3543701171875,16384,0.9768044797960475,1448575.0,-1.555588,-0.01374649,-0.9991597158873584,-0.03040047076703192,-0.027489516638820703,0.7006789,0.0001246321,0.1709990890193251,0.2300930974114851,0.00022951328287148593,0.6030392367196598,0.6500071356384944,-2.4064364149184714,3.1005950483284406
both_paths,0.513935645998572,0.19990418034735616,0.0,0.5,0.1,0.1,0.33082447946071625,0.00775272515461412,0.3111572265625,0.345458984375,16384,0.9101441875527642,1448699.0,1.445046,0.02564159,-0.9672667293230899,0.2485305103132323,0.05126070413149744,0.8251868,0.0001620933,0.28075860676329023,0.2300930974114851,0.00022951328287148593,0.6030392367196598,0.6500071356384944,0.2034028534661778,2.8850252203924267
both_paths,0.6315274660009891,0.19158382822787304,0.0,0.5,0.1,0.1,0.33064180612564087,0.00624877753128755,0.31884765625,0.3426513671875,16384,0.9094772397042068,1448749.0,1.425754,0.02677787,-0.9568458025178135,0.2856232380113201,0.05353014208808057,0.8343616,0.0001661562,0.2926627087312452,0.2300930974114851,0.00022951328287148593,0.6030392367196598,0.6500071356384944,0.18526604839402383,2.84674286000496
both_paths,0.7483398379990831,0.17107850998467022,0.0,0.5,0.1,0.1,0.34368132054805756,0.0032658116764112686,0.333251953125,0.350341796875,16384,0.9570850423792613,1448948.0,-1.419857,-0.1514764,-0.9112986859300829,-0.28377464610064856,-0.2983398318236365,0.5677509,0.0001093886,0.126336365755518,0.2300930974114851,0.00022951328287148593,0.6030392367196598,0.6500071356384944,-2.331178539101341,2.717223556321242
both_paths,0.8723461420013336,0.1390372741316481,0.0,0.5,0.1,0.1,0.3417041227221489,0.00496758194478558,0.32763671875,0.349609375,16384,0.9498662119154838,1449072.0,-0.2291043,-0.1097577,0.875324805811693,-0.43172736038368587,-0.2177566775712216,0.9119946,7.475908e-05,0.024873534481960443,0.2300930974114851,0.00022951328287148593,0.6030392367196598,0.6500071356384944,-2.674443435846359,0.504689186960797
both_paths,0.992793746998359,0.10226371776711679,0.0,0.5,0.1,0.1,0.2822657376527786,0.012995507631510443,0.2529296875,0.30908203125,16384,0.7328542269567655,1449184.0,0.03403144,0.1776992,0.9353372437582322,0.0637602346135858,0.347963896001832,1.302014,0.0001223963,0.16444830234479368,0.2300930974114851,0.00022951328287148593,0.6030392367196598,0.6500071356384944,1.3895687142685738,0.3615851410636636
both_paths,1.1087930479989154,0.0664832092389387,0.0,0.5,0.1,0.1,0.16908090561628342,0.009729307785000665,0.15087890625,0.19189453125,16384,0.31961175681239296,1449296.0,0.3434428,0.3506795,0.5907173751653456,0.48445538048912606,0.6452565125536514,1.05252,0.0002441234,0.5211028620591491,0.2300930974114851,0.00022951328287148593,0.6030392367196598,0.6500071356384944,0.9267865951357361,0.9388487005227987
both_paths,1.2265669589978643,0.034681654986003105,0.0,0.5,0.1,0.1,0.09252998977899551,0.0035158567250948122,0.086669921875,0.1026611328125,16384,0.04012121922680239,1449420.0,0.8302771,0.3539164,-0.06810405352105763,0.7567142569492058,0.6501887196989904,0.9201398,0.0003847344,0.9330863422866025,0.2300930974114851,0.00022951328287148593,0.6030392367196598,0.6500071356384944,0.7098260255952935,1.63895313677554
both_paths,1.3475410300015938,0.011252714092294114,0.0,0.5,0.1,0.1,0.12010735273361206,0.005232720477027804,0.109130859375,0.13037109375,16384,0.1408073039466975,1449545.0,1.033923,0.304431,-0.3911468953927667,0.7210376054626232,0.5719343299132571,0.8604312,0.0003677435,0.8833038209035198,0.2300930974114851,0.00022951328287148593,0.6030392367196598,0.6500071356384944,0.6705870407145604,1.9726737707656268
both_paths,1.4711949459961033,0.0004091765563634664,0.0,0.5,0.1,0.1,0.19110947102308273,0.011805549365395424,0.169189453125,0.2158203125,16384,0.4000389538020693,1449670.0,1.180755,0.2098715,-0.6491486825625379,0.6422839948466178,0.4075257757384081,0.9040074,0.0003427533,0.8100837345121272,0.2300930974114851,0.00022951328287148593,0.6030392367196598,0.6500071356384944,0.565397831815079,2.277261047979389
both_paths,1.5919643439992797,0.004144629009908085,0.0,0.5,0.1,0.1,0.2254854217171669,0.012533521965951727,0.2005615234375,0.2493896484375,16384,0.5255469615694356,1449795.0,1.129029,0.1227753,-0.6153924891566155,0.7497993861992085,0.2430904456059823,1.022843,0.0003052105,0.7000851326852201,0.2300930974114851,0.00022951328287148593,0.6030392367196598,0.6500071356384944,0.31351477541709016,2.2336801397030546
both_paths,1.7185518089972902,0.022659470078608107,0.0,0.5,0.1,0.1,0.224908247590065,0.007710618641757198,0.2073974609375,0.2410888671875,16384,0.5234396751274669,1449919.0,1.12354,0.1279276,-0.60552422357032,0.754516097388286,0.25307286194199435,0.8829972,0.0002983239,0.6799077252637923,0.2300930974114851,0.00022951328287148593,0.6030392367196598,0.6500071356384944,0.323619124466088,2.2212207448666677
both_paths,1.8390960649994668,0.05157597399617026,0.0,0.5,0.1,0.1,0.19954586029052734,0.011162072152084973,0.1719970703125,0.2264404296875,16384,0.43084055749092903,1450019.0,1.05685,0.1222727,-0.5012534564382427,0.8307377238750762,0.24211527531234464,0.8881286,0.0003273813,0.7650445124167262,0.2300930974114851,0.00022951328287148593,0.6030392367196598,0.6500071356384944,0.28359082909422595,2.09584307496652
both_paths,1.958307626999158,0.08693937402780753,0.0,0.5,0.1,0.1,0.14729876816272736,0.013831656604186506,0.1202392578125,0.176513671875,16384,0.2400842784005384,1450144.0,0.9674656,0.1672311,-0.33640617755407026,0.8826525115465926,0.3282612184891044,0.8763496,0.0003851496,0.9343028583556898,0.2300930974114851,0.00022951328287148593,0.6030392367196598,0.6500071356384944,0.3560528325005343,1.9138943655205136
both_paths,2.0785235599978478,0.12441945780142422,0.0,0.5,0.1,0.1,0.09105703979730606,0.0024912748893505684,0.08447265625,0.096923828125,16384,0.03474341835118512,1450269.0,0.7543013,0.1727693,0.058479934680637606,0.9390740344336839,0.33870349140833,0.9813358,0.0003648595,0.8748538393446377,0.2300930974114851,0.00022951328287148593,0.6030392367196598,0.6500071356384944,0.3461558016555202,1.5122830080971499
both_paths,2.1948314379988005,0.15745719176845144,0.0,0.5,0.1,0.1,0.10645630210638046,0.003573746638122973,0.0986328125,0.1158447265625,16384,0.09096675747273064,1450397.0,0.4449177,0.197262,0.5811784332097669,0.7172811549386409,0.3843687988660498,1.139137,0.0002343709,0.49252850520998204,0.2300930974114851,0.00022951328287148593,0.6030392367196598,0.6500071356384944,0.49192945126143384,0.9506202787916459
both_paths,2.3167392079994897,0.18387946668518682,0.0,0.5,0.1,0.1,0.21719489991664886,0.009641373832895544,0.1966552734375,0.2371826171875,16384,0.4952779259929445,1450499.0,0.1672585,0.1418694,0.906800861930986,0.3151855460710678,0.27994690273175715,1.332722,0.0001241582,0.1696105847680234,0.2300930974114851,0.00022951328287148593,0.6030392367196598,0.6500071356384944,0.726255786480297,0.4351641348974242
both_paths,2.437114027001371,0.19805479987648406,0.0,0.5,0.1,0.1,0.32123731821775436,0.008330169270267569,0.3021240234375,0.337646484375,16384,0.8751410681203253,1450637.0,-0.6353821,0.01359444,0.2954416643245534,-0.9549739105984808,0.027185530294309007,0.4180325,8.272547e-05,0.04821467477005441,0.2300930974114851,0.00022951328287148593,0.6030392367196598,0.6500071356384944,3.1131330381397166,1.2708785400664036
both_paths,2.554363557996112,0.19854511189901544,0.0,0.5,0.1,0.1,0.35278092324733734,0.0007437646533441941,0.3502197265625,0.35595703125,16384,0.9903080655452124,1450749.0,-1.532103,-0.001437035,-0.9970030292017655,-0.0773091165832486,-0.0028740660432319274,0.6737401,0.0001231062,0.16652827526734934,0.2300930974114851,0.00022951328287148593,0.6030392367196598,0.6500071356384944,-3.104433477448327,3.064152754725136
both_paths,2.6720954830016126,0.18573723018589908,0.0,0.5,0.1,0.1,0.3386870101094246,0.005643922484659292,0.328125,0.348388671875,16384,0.9388506098568624,1450874.0,1.423795,0.01178445,-0.9568258181842824,0.28970495932700063,0.02356671800059176,0.7637367,0.0001388821,0.21275090497427326,0.2300930974114851,0.00022951328287148593,0.6030392367196598,0.6500071356384944,0.08116857971083391,2.846674097659412
both_paths,2.7951328459967044,0.1600086426246476,0.0,0.5,0.1,0.1,0.3404895216226578,0.0034792172966175766,0.3309326171875,0.34765625,16384,0.945431653418883,1450974.0,1.493469,0.02215711,-0.9870947890619763,0.15388766166949455,0.04429971774839651,0.7333623,0.0001309191,0.1894196972234485,0.2300930974114851,0.00022951328287148593,0.6030392367196598,0.6500071356384944,0.2802920005664693,2.9807631521186972
both_paths,2.9123437750022276,0.12719127856654402,0.0,0.5,0.1,0.1,0.35063228011131287,0.0019166867185158388,0.34521484375,0.356201171875,16384,0.982463281213128,1451099.0,-1.370076,-0.0158007,-0.9200394322152721,-0.3905497754137218,-0.03159614048093777,0.5387513,0.0001012005,0.10234562581020495,0.2300930974114851,0.00022951328287148593,0.6030392367196598,0.6500071356384944,-3.0608667672383745,2.7389774372341287
both_paths,3.033556932998181,0.0894772951659344,0.0,0.5,0.1,0.1,0.33999254554510117,0.004350276280073378,0.3287353515625,0.3489990234375,16384,0.9436171733494516,1451199.0,-0.5980193,0.01734597,0.36582682891610974,-0.9300363881566477,0.03468498161626696,0.5992012,8.944692e-05,0.0679082006192043,0.2300930974114851,0.00022951328287148593,0.6030392367196598,0.6500071356384944,3.1043157095624503,1.1962752677169035
both_paths,3.158438878999732,0.05225498664888398,0.0,0.5,0.1,0.1,0.2676393985748291,0.00952633413351562,0.245361328125,0.28466796875,16384,0.6794528622951814,1451361.0,0.2384324,0.09157918,0.8735777313243336,0.45131853713578785,0.1821360078947676,1.345805,0.0001449855,0.23063357399177709,0.2300930974114851,0.00022951328287148593,0.6030392367196598,0.6500071356384944,0.38357518869552365,0.5082905815081856
both_paths,3.277579659996263,0.023435577969164678,0.0,0.5,0.1,0.1,0.1407299041748047,0.012629988032657764,0.119384765625,0.1688232421875,16384,0.21610108620446475,1451473.0,0.5800861,0.1852654,0.3720912946154501,0.8546485990261933,0.36211026035444416,1.025498,0.0002949935,0.6701498131335215,0.2300930974114851,0.00022951328287148593,0.6030392367196598,0.6500071356384944,0.400764704454708,1.189535246734738
both_paths,3.398335063000559,0.00505728161654144,0.0,0.5,0.1,0.1,0.08565578609704971,0.0007631079744678979,0.0833740234375,0.0894775390625,16384,0.01502321926787798,1451597.0,0.8520492,0.1982966,-0.12259165679824471,0.9141993349547491,0.38627821793592704,0.9792352,0.000385919,0.9365571634220573,0.2300930974114851,0.00022951328287148593,0.6030392367196598,0.6500071356384944,0.3997781363400472,1.6936971448557563
both_paths,3.5189230530013447,0.00017665431626684436,0.0,0.5,0.1,0.1,0.1361628696322441,0.0053120226683140695,0.124755859375,0.146484375,16384,0.19942665552638705,1451722.0,0.9753948,0.08119293,-0.36603460959557993,0.9164499229877124,0.16167313702043187,0.9777904,0.0003314741,0.7770362199493867,0.2300930974114851,0.00022951328287148593,0.6030392367196598,0.6500071356384944,0.1746157745860799,1.945540651810732
both_paths,3.638293664997036,0.009290352253061837,0.0,0.5,0.1,0.1,0.20324993878602982,0.01353382470848298,0.1800537109375,0.2332763671875,16384,0.4443643002005223,1451821.0,1.098123,0.01150566,-0.5853068818618956,0.8104853031699425,0.02300928922482042,0.88757,0.0002887136,0.6517500075885756,0.2300930974114851,0.00022951328287148593,0.6030392367196598,0.6500071356384944,0.028381897318458638,2.196054820019137
both_paths,3.7583306430024095,0.031163929352187425,0.0,0.5,0.1,0.1,0.23047217726707458,0.00754625999775814,0.2130126953125,0.2509765625,16384,0.5437538108828273,1451946.0,1.094445,0.07418649,-0.5731157588592353,0.8060303089768007,0.14782918506832846,1.029264,0.0002887048,0.6517242240110034,0.2300930974114851,0.00022951328287148593,0.6030392367196598,0.6500071356384944,0.18138814500005207,2.1810992922731853
both_paths,3.8805836890023784,0.06335810085751203,0.0,0.5,0.1,0.1,0.22497551143169403,0.011497337214015997,0.2052001953125,0.25,16384,0.523685258175708,1452071.0,1.160883,0.05389984,-0.6783870718944579,0.7267841179442601,0.10759101537975853,0.9129164,0.0003122675,0.720761803926909,0.2300930974114851,0.00022951328287148593,0.6030392367196598,0.6500071356384944,0.14696969342490096,2.3163613880559266
both_paths,4.001669930999924,0.10052462188959475,0.0,0.5,0.1,0.1,0.18988879770040512,0.008249668152371787,0.1734619140625,0.2059326171875,16384,0.3955822253692349,1452196.0,0.9897182,0.07101463,-0.3933606231032305,0.9084219206416694,0.14155223166569536,0.992999,0.0003285595,0.7684965818594013,0.2300930974114851,0.00022951328287148593,0.6030392367196598,0.6500071356384944,0.15457903431455122,1.975080371379768
both_paths,4.120309605001239,0.13690287281093064,0.0,0.5,0.1,0.1,0.13200464844703674,0.011073246991059197,0.1126708984375,0.156005859375,16384,0.18424481920553012,1452320.0,0.928621,0.09676666,-0.2772696362926249,0.9413456873258234,0.19232744407189745,0.9658122,0.0003986496,0.973857210313009,0.2300930974114851,0.00022951328287148593,0.6030392367196598,0.6500071356384944,0.20153746341077827,1.851747481992452
both_paths,4.23845361200074,0.16809976238329313,0.0,0.5,0.1,0.1,0.08496307581663132,0.0010327486958659482,0.0819091796875,0.0888671875,16384,0.01249410558520539,1452445.0,0.6948526,0.175144,0.16916601768143238,0.923914689774611,0.3431683325723537,0.9943158,0.0003460469,0.8197338244089145,0.2300930974114851,0.00022951328287148593,0.6030392367196598,0.6500071356384944,0.3556359025886757,1.4008128970209048
both_paths,4.3626091289988835,0.19082866532790255,0.0,0.5,0.1,0.1,0.13212867081165314,0.006480316681972266,0.1173095703125,0.1451416015625,16384,0.1846976299522095,1452545.0,0.3715651,0.2114237,0.671499282981476,0.6170043994590084,0.41035872599908485,1.119061,0.0002187661,0.4468071902897171,0.2300930974114851,0.00022951328287148593,0.6030392367196598,0.6500071356384944,0.586904955570748,0.8345660798161568
both_paths,4.483330989001843,0.19986291492765956,0.0,0.5,0.1,0.1,0.2521144971251488,0.014146092739426986,0.2215576171875,0.271728515625,16384,0.6227708095114195,1452645.0,-0.02581922,0.2374565,0.8881470549265352,-0.045903336513418116,0.4572610769814745,0.7302569,0.0001455919,0.23241029688265993,0.2300930974114851,0.00022951328287148593,0.6030392367196598,0.6500071356384944,1.6708487148392939,0.4774990049855725
both_paths,4.602215803002764,0.19488823770107955,0.0,0.5,0.1,0.1,0.33648356050252914,0.004775069143583346,0.3245849609375,0.344970703125,16384,0.9308057248487854,1452757.0,-0.3338541,-0.006025299,0.7851857672931469,-0.6191430375586044,-0.012050306343679143,0.4117012,8.564284e-05,0.05676242882707103,0.2300930974114851,0.00022951328287148593,0.6030392367196598,0.6500071356384944,-3.1221322310513617,0.6678002742134524
both_paths,4.72442669999873,0.17615744363289773,0.0,0.5,0.1,0.1,0.350013367831707,0.002040067740248002,0.343505859375,0.3546142578125,16384,0.9802036070622264,1452919.0,-1.54433,-0.005915137,-0.9985295152982967,-0.05290423635476968,-0.01182999805017643,0.7035727,0.0001248421,0.17161437893866116,0.2300930974114851,0.00022951328287148593,0.6030392367196598,0.6500071356384944,-2.921600154615224,3.087355300582267
both_paths,4.847387419998995,0.14612882065325997,0.0,0.5,0.1,0.1,0.3370235189795494,0.0062133314081080785,0.320556640625,0.349853515625,16384,0.9327771354238994,1453044.0,1.415504,0.009957322,-0.9519662507093879,0.30555476905224876,0.01991332769121606,0.7912685,0.0001483946,0.24062207334419913,0.2300930974114851,0.00022951328287148593,0.6030392367196598,0.6500071356384944,0.06507902650163189,2.830390814215157
both_paths,4.969450021002558,0.10958283138867772,0.0,0.5,0.1,0.1,0.34050241112709045,0.0035518833912540054,0.33203125,0.34765625,16384,0.9454787135289248,1453169.0,-1.557301,-0.00945072,-0.9994572125832212,-0.02698255594335291,-0.01890031455139353,0.7164951,0.0001359669,0.2042095089130897,0.2300930974114851,0.00022951328287148593,0.6030392367196598,0.6500071356384944,-2.5305552113110417,3.108643100423859
both_paths,5.090360203997989,0.07199223908204032,0.0,0.5,0.1,0.1,0.3502923399209976,0.0011019914523701364,0.345703125,0.3538818359375,16384,0.9812221456173096,1453293.0,-0.9791276,-0.07149725,-0.3739805606580512,-0.9164224460232874,-0.1425076863701906,0.5472312,9.375004e-05,0.08051613565583986,0.2300930974114851,0.00022951328287148593,0.6030392367196598,0.6500071356384944,-2.98732386363102,1.9540936561741076
both_paths,5.208261676998518,0.03914171821639328,0.0,0.5,0.1,0.1,0.32628851383924484,0.004065797439667384,0.3131103515625,0.334716796875,16384,0.8935831907815501,1453368.0,-0.3318179,0.02274893,0.7869426341991662,-0.6153475954265035,0.045482164443851496,1.235379,7.46762e-05,0.024630700060462477,0.2300930974114851,0.00022951328287148593,0.6030392367196598,0.6500071356384944,3.067813849087182,0.6649581081295689
both_paths,5.327172730998427,0.014381323700466422,0.0,0.5,0.1,0.1,0.23632468283176422,0.009511498081113063,0.2193603515625,0.2562255859375,16384,0.5651215490556083,1453480.0,0.3278802,0.1281519,0.7666936086992339,0.5898433655274471,0.2535068332866011,1.214989,0.0001456111,0.23246655196099927,0.2300930974114851,0.00022951328287148593,0.6030392367196598,0.6500071356384944,0.4059180287631876,0.6971211697717455
both_paths,5.446609136000916,0.0014034120469582356,0.0,0.5,0.1,0.1,0.125385582447052,0.01087512894043826,0.1038818359375,0.145263671875,16384,0.16007833740167532,1453641.0,0.6264315,0.2060551,0.2864321740304042,0.8703570049617403,0.40054374741624116,1.032347,0.0003143966,0.7269999647233779,0.2300930974114851,0.00022951328287148593,0.6030392367196598,0.6500071356384944,0.4313089701124668,1.2802954263135093
both_paths,5.5643582830016385,0.002037035768069309,0.0,0.5,0.1,0.1,0.08845049142837524,0.002597310530469579,0.0830078125,0.0950927734375,16384,0.025226803208084982,1453766.0,0.8914306,0.1748971,-0.19773304422531734,0.9183982167154251,0.3427044772910269,0.8944676,0.0003838591,0.9305217553037698,0.2300930974114851,0.00022951328287148593,0.6030392367196598,0.6500071356384944,0.3571517645210909,1.7698410895767493
both_paths,5.681742619999568,0.015861815114752487,0.0,0.5,0.1,0.1,0.14719751477241516,0.011389710968512552,0.1219482421875,0.1695556640625,16384,0.2397145981141409,1453865.0,1.086702,0.1413138,-0.5443058035471087,0.7911745443502608,0.27887996090987544,0.99816,0.0003935543,0.9589282259035179,0.2300930974114851,0.00022951328287148593,0.6030392367196598,0.6500071356384944,0.33889006000941935,2.146357698221111
both_paths,5.799340035002388,0.04105386440215747,0.0,0.5,0.1,0.1,0.21837859600782394,0.013353762538766708,0.1856689453125,0.2398681640625,16384,0.49959964903494813,1453990.0,1.259127,0.1531186,-0.7741585738855907,0.5565900698888093,0.30147304453399937,0.8267024,0.0003101819,0.7146510960423029,0.2300930974114851,0.00022951328287148593,0.6030392367196598,0.6500071356384944,0.49640435703904773,2.456181054532569
both_paths,5.920577030999993,0.07530663645191307,0.0,0.5,0.1,0.1,0.2485533133149147,0.011482913946110227,0.225830078125,0.2742919921875,16384,0.609768781166272,1454115.0,1.247087,0.1400854,-0.7665418088286226,0.5796123355372478,0.2765197928011672,0.8196513,0.0002656437,0.5841563080167119,0.2300930974114851,0.00022951328287148593,0.6030392367196598,0.6500071356384944,0.4451417278370373,2.444235073641488
both_paths,6.040735768001468,0.1127626153308946,0.0,0.5,0.1,0.1,0.24219800531864166,0.01209961482035715,0.214599609375,0.2637939453125,16384,0.5865652906662256,1454202.0,1.259969,0.115299,-0.7913979572152507,0.5669653611480135,0.22855973524186302,0.9101416,0.0003207573,0.7456365103896683,0.2300930974114851,0.00022951328287148593,0.6030392367196598,0.6500071356384944,0.38320020371780705,2.483888805608934
both_paths,6.158470900998509,0.14775385242419434,0.0,0.5,0.1,0.1,0.20369479060173035,0.013607014087546495,0.178955078125,0.2291259765625,16384,0.44598847244922984,1454364.0,1.028088,0.197378,-0.43066249842695703,0.8164715270982975,0.384582966193805,0.9519676,0.000334778,0.7867164883517415,0.2300930974114851,0.00022951328287148593,0.6030392367196598,0.6500071356384944,0.44020457633995935,2.0160230349401447
both_paths,6.279315041996597,0.1769139813336062,0.0,0.5,0.1,0.1,0.13822011649608612,0.010470698348421632,0.1187744140625,0.1593017578125,16384,0.20693774831518685,1454464.0,1.004493,0.2647787,-0.3661846932911763,0.7814926871366744,0.5051514132922397,0.8450212,0.0003948041,0.9625900799091667,0.2300930974114851,0.00022951328287148593,0.6030392367196598,0.6500071356384944,0.5738353729763706,1.945701932981075
both_paths,6.4004670700014685,0.1951508926409278,0.0,0.5,0.1,0.1,0.08762746304273605,0.0011153640814641557,0.0843505859375,0.0921630859375,16384,0.02222189277122707,1454589.0,0.7135905,0.3516072,0.1091689191908833,0.7549147995523682,0.6466728635867615,0.9065934,0.0003609885,0.863511995164876,0.2300930974114851,0.00022951328287148593,0.6030392367196598,0.6500071356384944,0.708323061905801,1.4614093931623235
both_paths,6.520285230995796,0.1997970062445046,0.0,0.5,0.1,0.1,0.14172130823135376,0.009722331128022302,0.12353515625,0.16552734375,16384,0.21972074313082207,1454713.0,0.2470895,0.380536,0.6374649488152367,0.3434457842155819,0.6896980733165285,0.8578628,0.0002232071,0.4598191071076768,0.2300930974114851,0.00022951328287148593,0.6030392367196598,0.6500071356384944,1.1087777136715644,0.8795927836758208
both_paths,6.641168825997738,0.19032575049274347,0.0,0.5,0.1,0.1,0.2657545432448387,0.011106949802721897,0.2388916015625,0.2862548828125,16384,0.6725711780764084,1454813.0,0.06300226,0.1174329,0.9648351691042889,0.12222111862974837,0.23271247199149253,1.365063,9.57948e-05,0.08650718430089527,0.2300930974114851,0.00022951328287148593,0.6030392367196598,0.6500071356384944,1.087190772740998,0.2659807505953324
both_paths,6.765223827002046,0.16724922583540586,0.0,0.5,0.1,0.1,0.3401942327618599,0.003859858337538192,0.330078125,0.3486328125,16384,0.9443535416609145,1454925.0,-0.3984887,-0.1958696,0.6459297752030192,-0.6610644469581108,-0.38179644114913386,0.7621964,7.128695e-05,0.014700360255177687,0.2300930974114851,0.00022951328287148593,0.6030392367196598,0.6500071356384944,-2.6178456017267497,0.8685557253893595
both_paths,6.885831384999619,0.13510303798625065,0.0,0.5,0.1,0.1,0.3420666605234146,0.004276079630877969,0.3310546875,0.3505859375,16384,0.951189852316942,1455087.0,1.420704,0.004406317,-0.9552448094129029,0.295685125737087,0.00881251993188514,0.7896427,0.0001509734,0.24817783355364614,0.2300930974114851,0.00022951328287148593,0.6030392367196598,0.6500071356384944,0.02979491113405741,2.8412825773729615
both_paths,7.007650179999473,0.09759685643816621,0.0,0.5,0.1,0.1,0.32814034819602966,0.007917176895124054,0.3096923828125,0.344970703125,16384,0.9003443140710137,1455137.0,1.479813,0.02317449,-0.9824335103109901,0.1807697644100809,0.04633238708667615,0.8252509,0.0001681745,0.2985762308464643,0.2300930974114851,0.00022951328287148593,0.6030392367196598,0.6500071356384944,0.2509049209009975,2.953879243106401
both_paths,7.125341360995662,0.061632600358494834,0.0,0.5,0.1,0.1,0.3373236134648323,0.004040513554927032,0.32763671875,0.3458251953125,16384,0.9338727927142245,1455300.0,1.439606,-0.02827157,-0.9642317788799949,0.25896593534883056,-0.05651301555239953,0.7370928,0.0001332472,0.1962409184672882,0.2300930974114851,0.00022951328287148593,0.6030392367196598,0.6500071356384944,-0.21485726216455792,2.873325972032371
both_paths,7.244329952001863,0.03056004128090324,0.0,0.5,0.1,0.1,0.34907275438308716,0.0013219346061489352,0.3441162109375,0.353271484375,16384,0.9767693887313342,1455437.0,-1.174944,-0.1271563,-0.6800342106773514,-0.6886660196909801,-0.2515801773419646,0.4815643,9.716616e-05,0.09052520327127965,0.2300930974114851,0.00022951328287148593,0.6030392367196598,0.6500071356384944,-2.791339666093387,2.318605621100864
both_paths,7.3654238609960885,0.008804955961564526,0.0,0.5,0.1,0.1,0.31684428453445435,0.0032470091089529425,0.310546875,0.325927734375,16384,0.8591019217254358,1455487.0,-0.4117515,-0.04005141,0.6774764957856315,-0.7311790805343288,-0.08001718469800696,1.026154,7.464871e-05,0.02455015568006939,0.2300930974114851,0.00022951328287148593,0.6030392367196598,0.6500071356384944,-3.0325905926619807,0.8264699345253012
both_paths,7.486546043000999,8.931104361382947e-05,0.0,0.5,0.1,0.1,0.22208113968372345,0.009228744078386563,0.1982421875,0.24169921875,16384,0.5131177880551376,1455651.0,0.2987251,0.1440385,0.7927029995344324,0.5393552018321882,0.2841089945525719,1.008063,0.0001692835,0.30182554761095814,0.2300930974114851,0.00022951328287148593,0.6030392367196598,0.6500071356384944,0.4848231757065924,0.6555660285840792
both_paths,7.607774374002474,0.005677379021583676,0.0,0.5,0.1,0.1,0.10919128358364105,0.0027189369478387796,0.10302734375,0.1163330078125,16384,0.10095228716895219,1455792.0,0.6447663,0.1108532,0.27077603778929915,0.9371908625368822,0.2198945759597148,1.031307,0.0003181684,0.7380511576650532,0.2300930974114851,0.00022951328287148593,0.6030392367196598,0.6500071356384944,0.23046279611576326,1.296597232838469
both_paths,7.725588506000349,0.024079606284657107,0.0,0.5,0.1,0.1,0.08927351236343384,0.002831099225879699,0.082763671875,0.0987548828125,16384,0.02823168644256715,1455919.0,0.8721434,0.04046191,-0.17205655702580594,0.9817648186138995,0.08083552508917342,0.9628616,0.0003817332,0.9242929703536907,0.2300930974114851,0.00022951328287148593,0.6030392367196598,0.6500071356384944,0.08215164324381563,1.74371330755522
both_paths,7.847337211002014,0.05385718476930464,0.0,0.5,0.1,0.1,0.1619645580649376,0.0064108180950148835,0.1484375,0.1754150390625,16384,0.29362967964170117,1456044.0,1.004537,0.0277484,-0.42372720002756376,0.9040898881005939,0.05546831700220153,0.8972126,0.0003252808,0.7588901482473672,0.2300930974114851,0.00022951328287148593,0.6030392367196598,0.6500071356384944,0.06127585044258277,2.00835256738237
both_paths,7.9683230180016835,0.09006480039704061,0.0,0.5,0.1,0.1,0.22314286977052689,0.01366257031488708,0.1982421875,0.254150390625,16384,0.5169942082061679,1456169.0,1.12263,0.04799361,-0.6216038900779655,0.7774466664518743,0.09583989077001584,0.9970748,0.0003035819,0.6953134128631691,0.2300930974114851,0.00022951328287148593,0.6030392367196598,0.6500071356384944,0.12265636777500655,2.2415848941551166
both_paths,8.091084888998012,0.12822624283692016,0.0,0.5,0.1,0.1,0.2546781748533249,0.01109598350885338,0.2279052734375,0.2764892578125,16384,0.6321309021844732,1456219.0,1.228194,0.03551491,-0.7723371366441423,0.6312357650872498,0.07097010803881985,0.8409872,0.0002791525,0.6237364435516034,0.2300930974114851,0.00022951328287148593,0.6030392367196598,0.6500071356384944,0.11196026066424247,2.4533085904695935
both_paths,8.208053727998049,0.160806430785147,0.0,0.5,0.1,0.1,0.24479899555444717,0.019649526344822192,0.2100830078125,0.282958984375,16384,0.5960616128370188,1456407.0,1.116825,0.03199665,-0.6141091507632181,0.7866259565489064,0.06394963199579085,0.989355,0.0002857362,0.6430263685131887,0.2300930974114851,0.00022951328287148593,0.6030392367196598,0.6500071356384944,0.08111772212407198,2.232053026744049
both_paths,8.328272300997924,0.18579664242005697,0.0,0.5,0.1,0.1,0.20268038660287857,0.012189550413690138,0.1781005859375,0.22900390625,16384,0.4422848417889425,1456482.0,1.041847,0.02426413,-0.49012643346616114,0.8703004856262013,0.04850921496518725,1.023075,0.0003143984,0.7270052386369721,0.2300930974114851,0.00022951328287148593,0.6030392367196598,0.6500071356384944,0.05568085211321305,2.0830311243167796
both_paths,8.447164910998254,0.19862558689737542,0.0,0.5,0.1,0.1,0.12765080481767654,0.005823053211799255,0.1153564453125,0.139404296875,16384,0.16834875730706816,1456644.0,0.8659254,0.07102195,-0.15874410028562266,0.9771177888121972,0.1415667242372668,0.964835,0.0003724455,0.8970804551926542,0.2300930974114851,0.00022951328287148593,0.6030392367196598,0.6500071356384944,0.14388079426208433,1.730214819948497
both_paths,8.569570405998093,0.1976210281220448,0.0,0.5,0.1,0.1,0.08350300043821335,0.0009720746454008145,0.0804443359375,0.0872802734375,16384,0.007163310414878394,1456769.0,0.660884,0.07896796,0.24339491195979845,0.9570903146693236,0.15728015258848488,1.025053,0.0003241749,0.7556499143340635,0.2300930974114851,0.00022951328287148593,0.6030392367196598,0.6500071356384944,0.16287583325832244,1.3249318327781017
both_paths,8.690321663001669,0.18265121476392504,0.0,0.5,0.1,0.1,0.1547710821032524,0.00938391419654303,0.1363525390625,0.177978515625,16384,0.2673660034772797,1456869.0,0.4904733,0.05750168,0.5525618743197795,0.8255348608844015,0.11475002619949137,1.129351,0.0002109599,0.42393539901199667,0.2300930974114851,0.00022951328287148593,0.6030392367196598,0.6500071356384944,0.1381158390664834,0.9853614713845544
both_paths,8.807189765997464,0.15693633497614481,0.0,0.5,0.1,0.1,0.2900017201900482,0.013248400930711791,0.2615966796875,0.3133544921875,16384,0.7610986169088063,1456944.0,0.3157354,0.06716912,0.7998877537079675,0.5850137773885489,0.13393454271995406,1.079128,0.0001279983,0.18086189343108278,0.2300930974114851,0.00022951328287148593,0.6030392367196598,0.6500071356384944,0.2250638295921923,0.6436881626216727
both_paths,8.927374845996383,0.12261842777213795,0.0,0.5,0.1,0.1,0.3499578908085823,0.003121641138413586,0.3421630859375,0.3568115234375,16384,0.9800010581724166,1457081.0,-1.30044,0.1920028,-0.7949030666382307,-0.47725881446780277,0.3746373428556262,0.1839548,8.82432e-05,0.06438135880156992,0.2300930974114851,0.00022951328287148593,0.6030392367196598,0.6500071356384944,2.476079245663641,2.4896441276819603
both_paths,9.046573008999985,0.08542080555475368,0.0,0.5,0.1,0.1,0.3445384055376053,0.006537565216379105,0.3262939453125,0.355712890625,16384,0.9602142948756572,1457244.0,1.504471,0.03047005,-0.9893748299971759,0.13201645686473515,0.060902388171078986,0.720029,0.0001309285,0.18944723877221883,0.2300930974114851,0.00022951328287148593,0.6030392367196598,0.6500071356384944,0.43223113742329256,2.995688306815112
both_paths,9.163390185996832,0.0508940648537842,0.0,0.5,0.1,0.1,0.33302435278892517,0.005717960742723084,0.322509765625,0.3450927734375,16384,0.9181760154204828,1457368.0,1.448507,0.0175095,-0.9696445828445244,0.2419990781236432,0.035011842961706785,0.7980057,0.0001527489,0.25337996332403284,0.2300930974114851,0.00022951328287148593,0.6030392367196598,0.6500071356384944,0.14368063454926183,2.894569384240623
both_paths,9.285370104997128,0.021884313875982664,0.0,0.5,0.1,0.1,0.3404112905263901,0.0047035086601222645,0.3302001953125,0.3502197265625,16384,0.9451460284735428,1457456.0,1.517915,-0.002389173,-0.9944009894908484,0.10556438643264691,-0.004778327816351182,0.7133352,0.0001269417,0.17776610615122326,0.2300930974114851,0.00022951328287148593,0.6030392367196598,0.6500071356384944,-0.045233705922154144,3.0357225147968543
both_paths,9.40841419500066,0.004110814639720253,0.0,0.5,0.1,0.1,0.3508567363023758,0.0012193324256770308,0.3465576171875,0.354736328125,16384,0.9832827799848728,1457593.0,-1.155548,-0.09719056,-0.6618064189249064,-0.7243629825529986,-0.1931593471119519,0.3528454,9.204908e-05,0.07553240450729751,0.2300930974114851,0.00022951328287148593,0.6030392367196598,0.6500071356384944,-2.8809955654252972,2.294022136056438
both_paths,9.531590541999321,0.0004920705908723344,0.0,0.5,0.1,0.1,0.31370217353105545,0.0056214061772684645,0.3035888671875,0.3255615234375,16384,0.8476299454089122,1457731.0,0.1277446,0.0619012,0.9601344894516514,0.25078451718790673,0.12348638833590249,1.757657,8.984286e-05,0.06906828581283254,0.2300930974114851,0.00022951328287148593,0.6030392367196598,0.6500071356384944,0.4575494405383256,0.28331339356959406
both_paths,9.653097747999709,0.011345377202731405,0.0,0.5,0.1,0.1,0.20360643416643143,0.010588803911241208,0.1807861328125,0.2220458984375,16384,0.4456658794752498,1457808.0,0.2931658,0.1264829,0.8064660851022412,0.535699676529287,0.2502764674240908,1.240826,0.000163926,0.28612832978789604,0.2300930974114851,0.00022951328287148593,0.6030392367196598,0.6500071356384944,0.4370613161964796,0.632645525391309
both_paths,9.773349192000751,0.03466171114295985,0.0,0.5,0.1,0.1,0.09579763561487198,0.004580793671031283,0.0877685546875,0.1070556640625,16384,0.05205152837228192,1457973.0,0.757424,0.138572,0.05378531262683917,0.960335797711714,0.27360975088442896,0.9807384,0.0003650541,0.8754240080032225,0.2300930974114851,0.00022951328287148593,0.6030392367196598,0.6500071356384944,0.2775563773290797,1.5169850481229679
both_paths,9.896371000002546,0.06801604802609401,0.0,0.5,0.1,0.1,0.10164748877286911,0.00432819150998605,0.0924072265625,0.11279296875,16384,0.07340958249929716,1458097.0,0.924078,0.1173064,-0.26631580856415665,0.935433192746185,0.23246641051450492,1.022726,0.0003585441,0.8563500205038039,0.2300930974114851,0.00022951328287148593,0.6030392367196598,0.6500071356384944,0.24357774012536515,1.8403651005159611
both_paths,10.01944645900221,0.10610548566488003,0.0,0.5,0.1,0.1,0.18088404089212418,0.010585387759030162,0.1641845703125,0.2069091796875,16384,0.362705488446539,1458197.0,1.109762,0.09616208,-0.5930336846275771,0.782161284451322,0.191140717803658,0.8654804,0.0003211414,0.746761904951654,0.2300930974114851,0.00022951328287148593,0.6030392367196598,0.6500071356384944,0.23967764397725233,2.2056176839926227
both_paths,10.13667495700065,0.14163044730394098,0.0,0.5,0.1,0.1,0.241259403526783,0.01030755344060812,0.2191162109375,0.25927734375,16384,0.583138416976785,1458321.0,1.115981,0.07628833,-0.6069038798778279,0.7801077687043347,0.1519853604673267,1.058402,0.000286511,0.6452964953203392,0.2300930974114851,0.00022951328287148593,0.6030392367196598,0.6500071356384944,0.19241575009864098,2.2229555042379805
both_paths,10.255251697999483,0.17186763541240918,0.0,0.5,0.1,0.1,0.25541166961193085,0.013344127824235804,0.2301025390625,0.279541015625,16384,0.6348089216719831,1458457.0,1.255293,0.07968349,-0.7972021795146508,0.5824818799903927,0.15869324012051783,0.904934,0.0002855276,0.6424151805266483,0.2300930974114851,0.00022951328287148593,0.6030392367196598,0.6500071356384944,0.2659876443821574,2.4934429004815275
both_paths,10.379360781997093,0.19290353576708402,0.0,0.5,0.1,0.1,0.2418549805879593,0.01219653877899823,0.2171630859375,0.2607421875,16384,0.5853128932868481,1458531.0,1.209084,0.07639438,-0.7408113475957112,0.654244015158603,0.15219499302728753,0.963996,0.0003210457,0.7464815085455565,0.2300930974114851,0.00022951328287148593,0.6030392367196598,0.6500071356384944,0.22856221289282175,2.405073760073613
both_paths,10.498065922998649,0.1999981540669955,0.0,0.5,0.1,0.1,0.195189468562603,0.010586694127820727,0.1778564453125,0.2186279296875,16384,0.4149351923799617,1458694.0,0.9763732,0.06928506,-0.3691579217735908,0.9190447964556678,0.13812708242616117,1.027656,0.0003300879,0.7729747204913692,0.2300930974114851,0.00022951328287148593,0.6030392367196598,0.6500071356384944,0.149177640041819,1.9488991067701809
both_paths,10.617541847001121,0.1932591580644089,0.0,0.5,0.1,0.1,0.11866847425699234,0.007416453160594886,0.103271484375,0.1346435546875,16384,0.1355538995353698,1458818.0,0.889468,0.1175062,-0.20095984763053326,0.951521764233983,0.23285504467234805,0.9180194,0.000388973,0.9455052368204018,0.2300930974114851,0.00022951328287148593,0.6030392367196598,0.6500071356384944,0.24000176099023696,1.7731339860957496
both_paths,10.737303203997726,0.1734742039578957,0.0,0.5,0.1,0.1,0.08493634313344955,0.0018480820314002579,0.0814208984375,0.0921630859375,16384,0.012396503461026272,1458943.0,0.6761647,0.1485693,0.207235599414763,0.9334506497061315,0.2927854007603606,1.000909,0.000336054,0.7904551070997075,0.2300930974114851,0.00022951328287148593,0.6030392367196598,0.6500071356384944,0.30394060422140523,1.3620479615305705
both_paths,10.862289110002166,0.14192613181306643,0.0,0.5,0.1,0.1,0.1454712674021721,0.011641136262491207,0.1241455078125,0.1650390625,16384,0.23341199807026347,1459068.0,0.2728688,0.1291912,0.8263710535844526,0.5018186453151465,0.25551698380302,1.125699,0.0001757594,0.3207996237472843,0.2300930974114851,0.00022951328287148593,0.6030392367196598,0.6500071356384944,0.4709661385491777,0.5981637394261828
both_paths,10.984547720996488,0.10485257017250597,0.0,0.5,0.1,0.1,0.2678569406270981,0.0072584013760122025,0.247802734375,0.281494140625,16384,0.6802471172622332,1459143.0,0.01089213,0.0740683,0.9888131551444715,0.021543970896646943,0.1475953980693152,1.720576,9.149382e-05,0.07390551936153297,0.2300930974114851,0.00022951328287148593,0.6030392367196598,0.6500071356384944,1.425853522248766,0.1497181677994033
both_paths,11.103360332999728,0.0680960300281355,0.0,0.5,0.1,0.1,0.34344469010829926,0.004898397523592261,0.3314208984375,0.3524169921875,16384,0.9562210949255464,1459280.0,-0.4038133,0.02485684,0.6903615361562949,-0.7217558692297831,0.049693205051404496,0.4944394,7.276751e-05,0.019038329983616858,0.2300930974114851,0.00022951328287148593,0.6030392367196598,0.6500071356384944,3.0728507033680916,0.8088076642008176
both_paths,11.221428213000763,0.03591252504095885,0.0,0.5,0.1,0.1,0.35180430859327316,0.0020369798090759195,0.3450927734375,0.3558349609375,16384,0.9867424053347124,1459418.0,-1.457247,-0.01232674,-0.9740276586786413,-0.2250832050171558,-0.02465098270271008,0.5754494,0.0001105751,0.1298127537997668,0.2300930974114851,0.00022951328287148593,0.6030392367196598,0.6500071356384944,-3.032507983286757,2.913182699194913
both_paths,11.341862048997427,0.012089016728269689,0.0,0.5,0.1,0.1,0.34777095913887024,0.001951390671003758,0.3421630859375,0.3538818359375,16384,0.9720164808313699,1459543.0,-1.454829,-0.02072549,-0.9723875468809097,-0.22966335962523032,-0.041439110953045095,0.5858678,0.0001067555,0.11862150915264262,0.2300930974114851,0.00022951328287148593,0.6030392367196598,0.6500071356384944,-2.9630792311917817,2.90604872226615
both_paths,11.465381670997886,0.0005908181648436456,0.0,0.5,0.1,0.1,0.3525988310575485,0.0008563242563176508,0.3494873046875,0.3564453125,16384,0.9896432394819634,1459668.0,-1.073746,0.01703675,-0.5449405120609528,-0.8377823608507058,0.03406690714115712,0.5157939,9.532434e-05,0.08512875908446263,0.2300930974114851,0.00022951328287148593,0.6030392367196598,0.6500071356384944,3.1009518489524304,2.147114492091598
both_paths,11.588561147000291,0.0038455008741528074,0.0,0.5,0.1,0.1,0.33975721150636673,0.006587954626001444,0.3221435546875,0.3502197265625,16384,0.9427579591091167,1459743.0,-0.7327293,0.02606198,0.10500023003920132,-0.9931064918339445,0.052100360545682255,0.3565675,9.668752e-05,0.0891228110475129,0.2300930974114851,0.00022951328287148593,0.6030392367196598,0.6500071356384944,3.0891786961761127,1.46560219443663
both_paths,11.706566849999945,0.020328052895231846,0.0,0.5,0.1,0.1,0.275545671582222,0.011027489416449925,0.2568359375,0.299560546875,16384,0.7083189897472886,1459905.0,0.3242778,0.05621303,0.791925784867748,0.6002225386897004,0.11218937253809881,1.563221,0.0001363634,0.2053712348798362,0.2300930974114851,0.00022951328287148593,0.6030392367196598,0.6500071356384944,0.1847807888447286,0.6568399154748784
both_paths,11.824294371996075,0.047561259156305546,0.0,0.5,0.1,0.1,0.1567181870341301,0.009802895306469796,0.1334228515625,0.1768798828125,16384,0.27447496354541623,1460018.0,0.6037176,0.06756417,0.3521779334409219,0.9261867539506262,0.134717482175417,1.001432,0.0002919898,0.6613491163206178,0.2300930974114851,0.00022951328287148593,0.6030392367196598,0.6500071356384944,0.14444095336118723,1.210899220583095
both_paths,11.94723343700025,0.08349871433167055,0.0,0.5,0.1,0.1,0.08526428788900375,0.001994870653813081,0.081298828125,0.0919189453125,16384,0.013593843231892501,1460143.0,0.7846203,0.06171252,0.0015438914383685428,0.9923915933569551,0.12311190776553846,1.059598,0.0003626827,0.8684759198379196,0.2300930974114851,0.00022951328287148593,0.6030392367196598,0.6500071356384944,0.12342518784980694,1.5692524347431906
both_paths,12.070447637997859,0.12195154533149037,0.0,0.5,0.1,0.1,0.1331641972064972,0.011058880337183328,0.1143798828125,0.1546630859375,16384,0.1884783793477387,1460268.0,0.9603328,0.05870439,-0.34041516989626974,0.9329501136799642,0.11713922267556527,1.035544,0.0003298925,0.7724022078711871,0.2300930974114851,0.00022951328287148593,0.6030392367196598,0.6500071356384944,0.12490423739552181,1.91815472987012
both_paths,12.191390599000442,0.1565691265814557,0.0,0.5,0.1,0.1,0.21732012927532196,0.017763179473987447,0.1856689453125,0.258056640625,16384,0.4957351435244949,1460393.0,1.083518,0.03477746,-0.5601771832712126,0.8254522597533387,0.06949885042529258,1.084788,0.0002759715,0.6144162662496603,0.2300930974114851,0.00022951328287148593,0.6030392367196598,0.6500071356384944,0.08399677139779405,2.1653960044808933
both_paths,12.313326786999824,0.18329098595313514,0.0,0.5,0.1,0.1,0.2647682651877403,0.014135475293028098,0.2410888671875,0.29345703125,16384,0.6689702363845649,1460506.0,1.253203,0.03658338,-0.8028072959206893,0.5917403289495685,0.07310149595710923,0.9399634,0.0002618255,0.5729691653023833,0.2300930974114851,0.00022951328287148593,0.6030392367196598,0.6500071356384944,0.1229136960819881,2.5027850746850238
both_paths,12.434353304997785,0.19788087967119455,0.0,0.5,0.1,0.1,0.27066104859113693,0.01374011086186335,0.2503662109375,0.2974853515625,16384,0.6904850306006325,1460630.0,1.168972,0.01544938,-0.6937533872203392,0.7195497259749987,0.03089384355515901,0.9943164,0.0002648017,0.581689288435374,0.2300930974114851,0.00022951328287148593,0.6030392367196598,0.6500071356384944,0.04290861361672338,2.337483885888475
both_paths,12.553324314001657,0.19860007620781558,0.0,0.5,0.1,0.1,0.23801259696483612,0.013448165843562489,0.2132568359375,0.26025390625,16384,0.5712841928762691,1460755.0,1.134608,0.06256933,-0.6379800968058343,0.7598705700798675,0.12481231031478952,0.950329,0.0003247561,0.757352802434626,0.2300930974114851,0.00022951328287148593,0.6030392367196598,0.6500071356384944,0.16280098226033735,2.2626686621251837
both_paths,12.673922559995844,0.18544038701519938,0.0,0.5,0.1,0.1,0.16755445301532745,0.0121842266557376,0.145263671875,0.192138671875,16384,0.31403861567653873,1460868.0,0.9888134,0.1016164,-0.38755665872686973,0.8994786292408752,0.20183664636388704,0.8806604,0.0003608772,0.8631858915076278,0.2300930974114851,0.00022951328287148593,0.6030392367196598,0.6500071356384944,0.22073655066604347,1.968775950215482
both_paths,12.796402464999119,0.15968910192706923,0.0,0.5,0.1,0.1,0.09833166748285294,0.005457068282415329,0.085205078125,0.11083984375,16384,0.06130338279223954,1460993.0,0.7944163,0.08769034,-0.01775863729436928,0.984500033910152,0.17448299066773504,0.9510704,0.0003747889,0.9039465047020456,0.2300930974114851,0.00022951328287148593,0.6030392367196598,0.6500071356384944,0.17540862858397777,1.5885558976429601
both_paths,12.917136436000874,0.12573932273491933,0.0,0.5,0.1,0.1,0.10154393315315247,0.005724356102914071,0.0909423828125,0.1153564453125,16384,0.07303149667879394,1461118.0,0.4925316,0.07695084,0.5462765038724772,0.8234577519131311,0.1532948535699605,1.176155,0.0002438996,0.5204471388022567,0.2300930974114851,0.00022951328287148593,0.6030392367196598,0.6500071356384944,0.1840530971421872,0.9928839752614731
both_paths,13.036904799002514,0.08843197248754618,0.0,0.5,0.1,0.1,0.20190443843603134,0.010816929552633038,0.1812744140625,0.232666015625,16384,0.4394518231644279,1461217.0,0.3487849,0.1399111,0.7365958250527925,0.6173723059397497,0.276184768539889,0.8942176,0.000168977,0.30092751732392714,0.2300930974114851,0.00022951328287148593,0.6030392367196598,0.6500071356384944,0.4206524099285631,0.7427731426194844
both_paths,13.154171939997468,0.05343708184518729,0.0,0.5,0.1,0.1,0.3131596967577934,0.006899502340007148,0.2994384765625,0.3289794921875,16384,0.8456493404307959,1461355.0,-0.1229106,0.009393478,0.9697666460228306,-0.24330997527522477,0.018785850877706154,0.270921,8.45927e-05,0.05368556903711111,0.2300930974114851,0.00022951328287148593,0.6030392367196598,0.6500071356384944,3.0645359921621997,0.24652357647476078
both_paths,13.272494056996948,0.02447304244918956,0.0,0.5,0.1,0.1,0.3513481616973877,0.0010769383580581974,0.347412109375,0.35498046875,16384,0.9850769942843728,1461468.0,-1.506098,-0.06410931,-0.9834998012818127,-0.1279766403462281,-0.1278675893427546,0.6363344,0.0001115441,0.1326518772847033,0.2300930974114851,0.00022951328287148593,0.6030392367196598,0.6500071356384944,-2.3566207300063207,2.9596818208528837
both_paths,13.39177736199781,0.00572424813572682,0.0,0.5,0.1,0.1,0.3405711427330971,0.003415940684467401,0.3330078125,0.34912109375,16384,0.9457296554451879,1461593.0,1.491966,0.005114991,-0.9875456053631718,0.157000090594982,0.010229803568681042,0.762128,0.0001437382,0.22697904486612056,0.2300930974114851,0.00022951328287148593,0.6030392367196598,0.6500071356384944,0.06506597048134521,2.983603205638766
both_paths,13.510306776996003,5.241765207700255e-05,0.0,0.5,0.1,0.1,0.33641595393419266,0.0067152829745612454,0.321533203125,0.3497314453125,16384,0.93055889049126,1461706.0,1.455199,-0.01527714,-0.9729390189376359,0.22903360425955674,-0.030549526159129824,0.7495282,0.0001368142,0.206692057240011,0.2300930974114851,0.00022951328287148593,0.6030392367196598,0.6500071356384944,-0.1326017764513141,2.90842353476068
both_paths,13.630446905001008,0.008280387171485631,0.0,0.5,0.1,0.1,0.34759239852428436,0.0031309988047582373,0.33837890625,0.35400390625,16384,0.9713645486942247,1461819.0,-1.345037,-0.0465673,-0.8958859283744947,-0.43444148095181545,-0.09300001596216652,0.5218007,0.000105519,0.11499862350855188,0.2300930974114851,0.00022951328287148593,0.6030392367196598,0.6500071356384944,-2.9307074923105163,2.6812175959439566
both_paths,13.753349323000293,0.03003725504899539,0.0,0.5,0.1,0.1,0.3409573808312416,0.0036106189816401384,0.332763671875,0.3494873046875,16384,0.9471398266038963,1461922.0,-0.3201406,-0.0117048,0.8017080728768972,-0.5972572784062953,-0.023407461945218123,0.878837,7.219752e-05,0.017368286644938894,0.2300930974114851,0.00022951328287148593,0.6030392367196598,0.6500071356384944,-3.102421111686445,0.6406488933797655
both_paths,13.873166026001854,0.06119999252405149,0.0,0.5,0.1,0.1,0.27072593569755554,0.007057561976279123,0.256103515625,0.2840576171875,16384,0.6907219360910104,1462064.0,0.1762005,0.1000973,0.9198019579828556,0.33825883492533054,0.19886004798818505,1.400386,0.0001289974,0.18378920847112407,0.2300930974114851,0.00022951328287148593,0.6030392367196598,0.6500071356384944,0.5314698311507149,0.4032208567261793
both_paths,13.993721642997116,0.09802772386376642,0.0,0.5,0.1,0.1,0.149529866874218,0.005216995816120415,0.13720703125,0.159912109375,16384,0.24823011142501142,1462179.0,0.537544,0.1222757,0.46150222156465265,0.8534594741279038,0.2421210967929315,0.9997958,0.0002720043,0.6027925606878026,0.2300930974114851,0.00022951328287148593,0.6030392367196598,0.6500071356384944,0.2764305974286687,1.0911085399404086
both_paths,14.111212053998315,0.13423181227932354,0.0,0.5,0.1,0.1,0.08379602432250977,0.0016455704217212912,0.0804443359375,0.0911865234375,16384,0.008233152650619895,1462304.0,0.7862994,0.05569456,-0.0017913016666052436,0.9938010293897045,0.11115891877084283,0.9987032,0.0003699223,0.8896876003142313,0.2300930974114851,0.00022951328287148593,0.6030392367196598,0.6500071356384944,0.11138929945380838,1.5725876294194798
both_paths,14.233097541000461,0.1668579928290285,0.0,0.5,0.1,0.1,0.12813877314329147,0.0053001143067206635,0.1158447265625,0.138671875,16384,0.17013034970422178,1462428.0,0.9289748,0.05788653,-0.2813272535280013,0.9526339022976453,0.11551460780157734,1.035702,0.0003461924,0.8201601324244543,0.2300930974114851,0.00022951328287148593,0.6030392367196598,0.6500071356384944,0.1206690132396222,1.855973271069518
both_paths,14.352086013997905,0.1893962554051818,0.0,0.5,0.1,0.1,0.19935473799705505,0.012410635541730247,0.17431640625,0.2249755859375,16384,0.43014276214827496,1462552.0,1.120184,0.08213983,-0.6122940227646012,0.7735309506630651,0.16354173183942003,1.020488,0.0003247331,0.7572854135386986,0.2300930974114851,0.00022951328287148593,0.6030392367196598,0.6500071356384944,0.2083540780619857,2.2297551810467584
both_paths,14.47181835000083,0.1996083312874227,0.0,0.5,0.1,0.1,0.24609505385160446,0.011047672378496149,0.2183837890625,0.2620849609375,16384,0.6007935749076582,1462652.0,1.149783,0.1061843,-0.6509913130148217,0.7292351061738557,0.21077587694715905,0.9012108,0.0002621763,0.5739969924628743,0.2300930974114851,0.00022951328287148593,0.6030392367196598,0.6500071356384944,0.28136883505877597,2.2796859646021916
both_paths,14.5879115860007,0.19621034498143575,0.0,0.5,0.1,0.1,0.24542108178138733,0.007042910731063029,0.226318359375,0.2589111328125,16384,0.5983328751999885,1462778.0,1.208479,0.1361854,-0.7211399004952421,0.638426076101371,0.26901559298211464,0.9292392,0.0003079595,0.708139570724529,0.2300930974114851,0.00022951328287148593,0.6030392367196598,0.6500071356384944,0.3987946482862883,2.3762426177749485
both_paths,14.705321896995883,0.17990770631822417,0.0,0.5,0.1,0.1,0.21648628264665604,0.011751874324169678,0.1944580078125,0.244140625,16384,0.49269073523805273,1462904.0,1.078382,0.1487031,-0.5287288127750259,0.7966006906824493,0.29304126355473603,0.9765792,0.0003327933,0.780901412623616,0.2300930974114851,0.00022951328287148593,0.6030392367196598,0.6500071356384944,0.35250042607746757,2.127898547444789
both_paths,14.824606164002034,0.1523553112553692,0.0,0.5,0.1,0.1,0.1570996567606926,0.00564450859960393,0.14892578125,0.1715087890625,16384,0.27586772518364666,1463003.0,0.9415694,0.15875,-0.2919299803598401,0.9040535021799511,0.3121924915228882,0.9845204,0.0003542714,0.8438312146069123,0.2300930974114851,0.00022951328287148593,0.6030392367196598,0.6500071356384944,0.332504166394747,1.867040424703116
both_paths,14.942641014000401,0.1179224930786396,0.0,0.5,0.1,0.1,0.09761051833629608,0.0065494247635767885,0.087158203125,0.1163330078125,16384,0.05867043764134185,1463127.0,0.8204155,0.1942096,-0.06476473984071983,0.9232400896909436,0.378725844458524,0.9413708,0.0003844326,0.9322020827739566,0.2300930974114851,0.00022951328287148593,0.6030392367196598,0.6500071356384944,0.3892802671664244,1.635606427950785
both_paths,15.062985005002702,0.08034154941125932,0.0,0.5,0.1,0.1,0.10085387527942657,0.005903015482146556,0.0906982421875,0.116943359375,16384,0.07051206704188717,1463250.0,0.5890696,0.2217307,0.34563217849095024,0.8345289217173403,0.42906861456985335,0.9829138,0.0002936367,0.666174454264211,0.2300930974114851,0.00022951328287148593,0.6030392367196598,0.6500071356384944,0.47489922401306917,1.2178839267358537
both_paths,15.182502659998136,0.04575514430043218,0.0,0.5,0.1,0.1,0.21054214239120483,0.010829968195962289,0.190185546875,0.232177734375,16384,0.47098843504596316,1463374.0,0.01738433,0.1478546,0.9560175722522042,0.03325285034741518,0.29141834103016556,1.207994,0.0001221435,0.1637076104799929,0.2300930974114851,0.00022951328287148593,0.6030392367196598,0.6500071356384944,1.4571808088725575,0.29768665562923874
both_paths,15.303731187996163,0.018414879920871527,0.0,0.5,0.1,0.1,0.3205561712384224,0.009217231963461157,0.3004150390625,0.3363037109375,16384,0.8726541725248116,1463486.0,-0.2562564,-0.0484125,0.8674329904821333,-0.4880719077959791,-0.0966737805385539,0.4928646,7.960708e-05,0.03907794176263333,0.2300930974114851,0.00022951328287148593,0.6030392367196598,0.6500071356384944,-2.946050833570591,0.5207767013460165
both_paths,15.421354537000298,0.0030367336012692148,0.0,0.5,0.1,0.1,0.3505284711718559,0.001709749483739713,0.34375,0.3548583984375,16384,0.9820842705118494,1463622.0,-1.534952,-0.04025594,-0.9942004580879065,-0.07139524047066659,-0.0804249263346433,0.674192,0.0001163207,0.14664708599280193,0.2300930974114851,0.00022951328287148593,0.6030392367196598,0.6500071356384944,-2.2967882773158164,3.0338414923065553
both_paths,15.541433965001488,0.000845998189415581,0.0,0.5,0.1,0.1,0.3395956829190254,0.005751996180653663,0.327392578125,0.35107421875,16384,0.9421682116029285,1463722.0,1.48402,0.0252186,-0.9837249201465269,0.17246311712543447,0.05041581809400731,0.8056288,0.0001580252,0.26883926904495165,0.2300930974114851,0.00022951328287148593,0.6030392367196598,0.6500071356384944,0.2844035923949595,2.960930433806593
both_paths,15.658784143000958,0.012185954950276232,0.0,0.5,0.1,0.1,0.33830970525741577,0.006872601981903311,0.3216552734375,0.3505859375,16384,0.9374730543466744,1463833.0,1.43809,0.002544821,-0.9649718422452123,0.2623040972647445,0.005089620025960852,0.7453615,0.000133652,0.1974269630356084,0.2300930974114851,0.00022951328287148593,0.6030392367196598,0.6500071356384944,0.01940107486863285,2.8761323552507774
both_paths,15.774479695995979,0.03493098729965852,0.0,0.5,0.1,0.1,0.34904082119464874,0.0030563033190007904,0.33984375,0.35595703125,16384,0.9766527993488839,1463970.0,-1.378512,0.001280969,-0.9269573004710508,-0.3751580994613687,0.002561935197443006,0.5618553,0.0001082858,0.12310521469340452,0.2300930974114851,0.00022951328287148593,0.6030392367196598,0.6500071356384944,3.1347638116232943,2.7570158913594445
both_paths,15.89510021499882,0.06763804583543959,0.0,0.5,0.1,0.1,0.34895481914281845,0.0017359378478313558,0.3436279296875,0.353515625,16384,0.97633880232564,1464069.0,-0.715326,0.02336677,0.13953351684972237,-0.9891147372465319,0.04671653066391388,0.6010306,8.809224e-05,0.06393905324812718,0.2300930974114851,0.00022951328287148593,0.6030392367196598,0.6500071356384944,3.094397077648148,1.4308060194154926
both_paths,16.01280032900104,0.10402025821146163,0.0,0.5,0.1,0.1,0.2930828854441643,0.009985103431966326,0.26953125,0.31298828125,16384,0.772348077791722,1464206.0,-0.06250437,0.1306791,0.9585015024679525,-0.12044914678358246,0.25839286523777083,0.6900658,0.0001412919,0.21981150329625457,0.2300930974114851,0.00022951328287148593,0.6030392367196598,0.6500071356384944,2.0069969472984033,0.2890976916783579
both_paths,16.130317310002283,0.1398062564904133,0.0,0.5,0.1,0.1,0.18179719150066376,0.012539694398407625,0.15185546875,0.2015380859375,16384,0.36603943882042883,1464256.0,0.1779294,0.09653738,0.9199306807441757,0.34192191575460057,0.19187742481141737,1.513072,0.0001375821,0.20894196737838325,0.2300930974114851,0.00022951328287148593,0.6030392367196598,0.6500071356384944,0.5113810138185979,0.40289267655187944
both_paths,16.252457684000547,0.17125452512979802,0.0,0.5,0.1,0.1,0.08975081145763397,0.004485668647325427,0.08251953125,0.100341796875,16384,0.02997432503765149,1464443.0,0.7686972,0.1255851,0.03234783355981483,0.9680819560466455,0.24853761091812093,0.9609852,0.0003695296,0.8885370081650729,0.2300930974114851,0.00022951328287148593,0.6030392367196598,0.6500071356384944,0.25130455275100294,1.5384428492101232
both_paths,16.374506376996578,0.1923284970768574,0.0,0.5,0.1,0.1,0.10852313786745071,0.006761212562042084,0.09814453125,0.1256103515625,16384,0.09851285971911643,1464568.0,0.907878,0.06877006,-0.24022693248639024,0.9609852879779512,0.13710688238784174,0.9805198,0.0003530174,0.840157054802877,0.2300930974114851,0.00022951328287148593,0.6030392367196598,0.6500071356384944,0.14171682288110476,1.8133959493464
both_paths,16.494703024000046,0.1999861542738373,0.0,0.5,0.1,0.1,0.1846470832824707,0.010078074064449914,0.160400390625,0.204345703125,16384,0.37644451075779156,1464693.0,1.024936,0.04582221,-0.4590247310844423,0.8836973933085462,0.0915161915320777,1.020532,0.000312127,0.7203501456713532,0.2300930974114851,0.00022951328287148593,0.6030392367196598,0.6500071356384944,0.10319269645845441,2.0476934613199806
both_paths,16.61876654799562,0.1931195985750156,0.0,0.5,0.1,0.1,0.22373901307582855,0.017629392320941895,0.1865234375,0.263916015625,16384,0.5191707518967876,1464818.0,1.08358,0.03402167,-0.560337896688959,0.8254687676217948,0.06799084655414271,1.06168,0.0002882294,0.6503313248317064,0.2300930974114851,0.00022951328287148593,0.6030392367196598,0.6500071356384944,0.08218083738644744,2.1655900281855796
both_paths,16.738387357996544,0.17324273539188656,0.0,0.5,0.1,0.1,0.24223583191633224,0.01134062071268269,0.2191162109375,0.2620849609375,16384,0.5867033971278915,1464918.0,1.16792,0.04337774,-0.6899638242487633,0.718639180520719,0.08664669323483322,0.8742102,0.000281426,0.6303976894164156,0.2300930974114851,0.00022951328287148593,0.6030392367196598,0.6500071356384944,0.11999130028845295,2.3322354010659656
both_paths,16.86259413800144,0.1418391142015404,0.0,0.5,0.1,0.1,0.20730990171432495,0.012594245137086046,0.1873779296875,0.2373046875,16384,0.4591873915900319,1465006.0,1.092303,0.02803774,-0.5750805415943157,0.8161747396948331,0.05604609677453108,1.012437,0.0003214371,0.7476282917571191,0.2300930974114851,0.00022951328287148593,0.6030392367196598,0.6500071356384944,0.0685616057533216,2.18349892139397
both_paths,16.98336974799895,0.10522217126360286,0.0,0.5,0.1,0.1,0.14254830032587051,0.005324084753766199,0.1309814453125,0.153564453125,16384,0.2227401252315772,1465168.0,0.8704786,0.02201469,-0.1691767865968248,0.9846023973947322,0.04401515558666503,0.990496,0.0003490176,0.8284378328059223,0.2300930974114851,0.00022951328287148593,0.6030392367196598,0.6500071356384944,0.044673739193939355,1.7407906829703739
both_paths,17.103173661002074,0.06815161555409965,0.0,0.5,0.1,0.1,0.0869431272149086,0.0033988872600682458,0.0804443359375,0.0965576171875,16384,0.019723354558893756,1465293.0,0.7576203,0.03543705,0.05538775106996909,0.9959505329022159,0.0708147798358744,1.044769,0.0003628805,0.8690554643428943,0.2300930974114851,0.00022951328287148593,0.6030392367196598,0.6500071356384944,0.07098324790157795,1.5153802167730768
both_paths,17.22638516999723,0.034724909839741844,0.0,0.5,0.1,0.1,0.11550018936395645,0.009321413692871339,0.0933837890625,0.133544921875,16384,0.12398636127284812,1465418.0,0.4676534,0.01127874,0.5934205373927228,0.8045764800171219,0.022555567024344473,1.203032,0.0002292774,0.4776047947140853,0.2300930974114851,0.00022951328287148593,0.6030392367196598,0.6500071356384944,0.02802674635290181,0.9354944281272402
both_paths,17.349509806997958,0.010969367141940273,0.0,0.5,0.1,0.1,0.23194382339715958,0.013649667603109511,0.2054443359375,0.256591796875,16384,0.5491268513426889,1465518.0,0.3400661,0.06245015,0.7714330134633521,0.6239967733391509,0.12457581065832977,0.8266365,0.0001539168,0.25680185426114055,0.2300930974114851,0.00022951328287148593,0.6030392367196598,0.6500071356384944,0.19705106934440808,0.6897061730773357
both_paths,17.46632424499694,0.0005591126490496201,0.0,0.5,0.1,0.1,0.33286911994218826,0.008013068940621247,0.31787109375,0.3511962890625,16384,0.9176092539218005,1465655.0,-0.8589734,0.1749477,-0.13773608514817165,-0.9292562839667174,0.34279954719401684,0.4775465,9.185762e-05,0.0749714358979828,0.2300930974114851,0.00022951328287148593,0.6030392367196598,0.6500071356384944,2.7881835565524336,1.7089716762017964
both_paths,17.586280903000443,0.003651223335732548,0.0,0.5,0.1,0.1,0.3525647446513176,0.0024242186886651806,0.3460693359375,0.3575439453125,16384,0.9895187886129223,1465768.0,-1.570543,0.04755745,-0.9954798593265644,-0.0005043634874509707,0.09497154991173055,0.6738578,0.0001263713,0.1760948615322266,0.2300930974114851,0.00022951328287148593,0.6030392367196598,0.6500071356384944,1.5761069566248311,3.04647640826177
both_paths,17.70730046099925,0.020467549170815044,0.0,0.5,0.1,0.1,0.33802272379398346,0.00809418947421857,0.3232421875,0.353271484375,16384,0.9364252732376634,1465893.0,1.471083,0.003839682,-0.9801514213314633,0.19810153908972003,0.0076792885215054086,0.8395696,0.0001670866,0.2953887360691037,0.2300930974114851,0.00022951328287148593,0.6030392367196598,0.6500071356384944,0.038745006822023864,2.942020163226794
both_paths,17.82836262800265,0.04865377194755043,0.0,0.5,0.1,0.1,0.34162116050720215,0.005446504234209724,0.3284912109375,0.3519287109375,16384,0.9495633134615444,1466018.0,1.538904,0.03492559,-0.9955328057026696,0.0635859713411871,0.06979439102369721,0.7499594,0.0001355434,0.20296867424242862,0.2300930974114851,0.00022951328287148593,0.6030392367196598,0.6500071356384944,0.8319113207730284,3.0470355360796626
both_paths,17.948103923001327,0.08376849803820811,0.0,0.5,0.1,0.1,0.3550688475370407,0.0009440074809757637,0.3521728515625,0.358642578125,16384,0.9986613710895055,1466143.0,-1.04884,0.1615582,-0.47682027214177564,-0.8196471370689943,0.3175232255587678,0.415559,8.78859e-05,0.06333448695309953,0.2300930974114851,0.00022951328287148593,0.6030392367196598,0.6500071356384944,2.7720038790195023,2.067830040548102
both_paths,18.068129159997625,0.12124036366872985,0.0,0.5,0.1,0.1,0.34250885248184204,0.003673743408655411,0.3326416015625,0.3511962890625,16384,0.9528043133175079,1466268.0,-0.3276298,0.06518457,0.7861612797078625,-0.6041940093749373,0.1300001589365727,1.030209,8.129815e-05,0.04403269568592695,0.2300930974114851,0.00022951328287148593,0.6030392367196598,0.6500071356384944,2.929660758621133,0.6662234106368853
both_paths,18.188249193997763,0.15575256910894006,0.0,0.5,0.1,0.1,0.26055869460105896,0.017386957332956143,0.2261962890625,0.296630859375,16384,0.6536009212900618,1466381.0,0.2243096,-0.01704287,0.9005234597646669,0.43346984973354347,-0.0340791400339515,1.578601,0.0001256798,0.17406879972641276,0.2300930974114851,0.00022951328287148593,0.6030392367196598,0.6500071356384944,-0.07845801687023268,0.4498244198998496
both_paths,18.311294163002458,0.18293590130180906,0.0,0.5,0.1,0.1,0.1339970901608467,0.010776987955005044,0.113037109375,0.1578369140625,16384,0.19151930573008524,1466493.0,0.5579536,-0.07809312,0.43401466489167756,0.8873752549481209,-0.15555200919538884,1.168406,0.0002703667,0.5979944712977799,0.2300930974114851,0.00022951328287148593,0.6030392367196598,0.6500071356384944,-0.17353140936792544,1.1218520545504187
both_paths,18.43147690499609,0.19769184019328143,0.0,0.5,0.1,0.1,0.08154100924730301,0.0011550129057031505,0.07861328125,0.0863037109375,16384,0.0,1466618.0,0.8156641,-0.03462988,-0.06034987762362691,0.995775397939023,-0.06920440108976819,0.9684198,0.0003773754,0.9115248255418683,0.2300930974114851,0.00022951328287148593,0.6030392367196598,0.6500071356384944,-0.06938643449502502,1.6311828980486536
both_paths,18.54934516600042,0.19880080707141684,0.0,0.5,0.1,0.1,0.13129668682813644,0.009275306998379767,0.109619140625,0.1485595703125,16384,0.18166002225970407,1466744.0,1.018051,0.02050049,-0.4483189036112977,0.8929333805514699,0.040989493308502066,0.9178076,0.0003724388,0.8970608245142754,0.2300930974114851,0.00022951328287148593,0.6030392367196598,0.6500071356384944,0.04587211033421479,2.0356800901664034
both_paths,18.671179448996554,0.1858849946756373,0.0,0.5,0.1,0.1,0.1973012015223503,0.00923508266641014,0.177978515625,0.2196044921875,16384,0.42264521614259704,1466869.0,1.128333,0.03131323,-0.6321046542615194,0.7723514468437398,0.06258553043081812,0.9534284,0.0003286352,0.768718379225562,0.2300930974114851,0.00022951328287148593,0.6030392367196598,0.6500071356384944,0.08085578606018462,2.2550626322639844
both_paths,18.790360487000726,0.1612011807628668,0.0,0.5,0.1,0.1,0.2277957871556282,0.015317631005138771,0.1956787109375,0.25830078125,16384,0.5339822006694777,1466994.0,1.156843,0.0185575,-0.6759531882636942,0.7360097801377334,0.03710647945780077,0.9410934,0.0003154634,0.7301256375136053,0.2300930974114851,0.00022951328287148593,0.6030392367196598,0.6500071356384944,0.05037309270607793,2.313053695805848
both_paths,18.911091353998927,0.12756970196445155,0.0,0.5,0.1,0.1,0.22409380972385406,0.009597314241147613,0.2064208984375,0.244384765625,16384,0.5204661290298449,1467094.0,1.048221,0.02696586,-0.5010420594070167,0.8637424634885253,0.05390557922839658,0.9209968,0.0002821629,0.6325567710428859,0.2300930974114851,0.00022951328287148593,0.6030392367196598,0.6500071356384944,0.06232848166585736,2.095598787491337
both_paths,19.031076637002116,0.09025248875307072,0.0,0.5,0.1,0.1,0.1907539740204811,0.011649498773133845,0.16748046875,0.2080078125,16384,0.39874101964569175,1467219.0,1.012322,0.03322537,-0.4374593070648832,0.8967832232271431,0.06640184636475323,0.8713992,0.0003298252,0.7722050221018,0.2300930974114851,0.00022951328287148593,0.6030392367196598,0.6500071356384944,0.07390960382666423,2.0235676683658625
both_paths,19.148220192000736,0.055099857324226204,0.0,0.5,0.1,0.1,0.12904470413923264,0.008355229013288602,0.11181640625,0.146728515625,16384,0.1734379409760131,1467344.0,0.8685986,0.05555545,-0.1646126395427911,0.9801059984133593,0.11088241870065427,0.9543058,0.000367465,0.8824878292724003,0.2300930974114851,0.00022951328287148593,0.6030392367196598,0.6500071356384944,0.11265409453545505,1.7361616074250261
both_paths,19.26600635000068,0.02582448478248353,0.0,0.5,0.1,0.1,0.08435714989900589,0.0013588957595684844,0.0811767578125,0.090087890625,16384,0.010281845175230224,1467469.0,0.698156,0.1663939,0.1640757882704137,0.9307845472931215,0.32667914262129,0.9939034,0.0003460879,0.8198539524407848,0.2300930974114851,0.00022951328287148593,0.6030392367196598,0.6500071356384944,0.3375403170309017,1.4059752976032829
both_paths,19.388431289000437,0.0060800035637857686,0.0,0.5,0.1,0.1,0.13007701933383942,0.009366129726032731,0.111572265625,0.1513671875,16384,0.17720696614759546,1467594.0,0.3357296,0.2840387,0.6599476927078407,0.5244155658758958,0.5380124135711568,0.9154618,0.0002196815,0.4494892683476231,0.2300930974114851,0.00022951328287148593,0.6030392367196598,0.6500071356384944,0.7981953653778278,0.8500471893610895
both_paths,19.510015344996646,4.9495503703991806e-05,0.0,0.5,0.1,0.1,0.2465883269906044,0.014383791017251566,0.2117919921875,0.267822265625,16384,0.6025945353963433,1467694.0,0.09700058,0.1024137,0.9607289694923551,0.18875653957777871,0.20339817094747875,2.172771,8.216906e-05,0.04658442017949352,0.2300930974114851,0.00022951328287148593,0.6030392367196598,0.6500071356384944,0.8227171937786792,0.28117891938797296
both_paths,19.63193771299848,0.008468000401522693,0.0,0.5,0.1,0.1,0.33235782384872437,0.004693644595233211,0.3214111328125,0.3424072265625,16384,0.9157424908861841,1467806.0,-0.2505901,-0.120809,0.8515406565332225,-0.46650454678954284,-0.23927393944107544,0.5944191,7.553776e-05,0.027155029502858634,0.2300930974114851,0.00022951328287148593,0.6030392367196598,0.6500071356384944,-2.667672006350954,0.5518794421659521
both_paths,19.754246094002156,0.030238829951055604,0.0,0.5,0.1,0.1,0.34866661578416824,0.0012630690441183567,0.343994140625,0.3524169921875,16384,0.9752865600270065,1467944.0,-1.560708,-0.05707612,-0.9932894879202988,-0.020043977936073806,-0.11390448689814105,0.6624484,0.0001214105,0.16155995566631032,0.2300930974114851,0.00022951328287148593,0.6030392367196598,0.6500071356384944,-1.7449847633520397,3.02567862768212
both_paths,19.875266755996563,0.06180909487083233,0.0,0.5,0.1,0.1,0.3397619277238846,0.003106851800728858,0.329833984375,0.3458251953125,16384,0.9427751782129644,1468069.0,1.482535,-0.00394198,-0.9844296957907798,0.17560187501221078,-0.007883878326599788,0.7373305,0.000134878,0.20101908418373235,0.2300930974114851,0.00022951328287148593,0.6030392367196598,0.6500071356384944,-0.04486619290737659,2.964895859333327
both_paths,19.996778864995576,0.09898806786460444,0.0,0.5,0.1,0.1,0.3440225273370743,0.0037568416164553316,0.3343505859375,0.35107421875,16384,0.9583308023789565,1468194.0,-1.512885,-0.03477282,-0.9908989238640341,-0.11528451400385503,-0.06948959286104682,0.6367547,0.0001162244,0.14636493161550637,0.2300930974114851,0.00022951328287148593,0.6030392367196598,0.6500071356384944,-2.599141763747447,3.006574768334829
both_paths,20.112655830998847,0.13465763142076065,0.0,0.5,0.1,0.1,0.3517816737294197,0.0007646110960828713,0.3489990234375,0.355224609375,16384,0.9866597645171938,1468294.0,-1.216891,-0.0618522,-0.7539811297176557,-0.6452035157223186,-0.12338913780899609,0.498014,9.835632e-05,0.09401231493983693,0.2300930974114851,0.00022951328287148593,0.6030392367196598,0.6500071356384944,-2.952633559854487,2.424898025331782
both_paths,20.233290240001224,0.16690299920206525,0.0,0.5,0.1,0.1,0.33213114738464355,0.004350452283978388,0.32470703125,0.3438720703125,16384,0.9149148858064668,1468369.0,-0.3086202,0.00970599,0.8153251386989068,-0.5786779247284815,0.01941076086984799,0.8992636,7.154782e-05,0.01546469683259296,0.2300930974114851,0.00022951328287148593,0.6030392367196598,0.6500071356384944,3.1080619365344564,0.6175058047963757
both_paths,20.351328158998513,0.18928930535180338,0.0,0.5,0.1,0.1,0.23818876594305038,0.008247898544982457,0.2203369140625,0.2548828125,16384,0.5719273930507995,1468532.0,0.3384818,0.06912457,0.7720412382138622,0.6204522210386778,0.13780917206549828,1.307281,0.0001581795,0.2692913606380638,0.2300930974114851,0.00022951328287148593,0.6030392367196598,0.6500071356384944,0.2185628150611505,0.6887497569403226
both_paths,20.47145711199846,0.19959823273071306,0.0,0.5,0.1,0.1,0.12609612196683884,0.012538054494381324,0.099609375,0.147705078125,16384,0.16267254636950973,1468670.0,0.6339984,0.06039958,0.29602049444952744,0.9475496143160199,0.12050558192639532,1.065203,0.0003087263,0.7103862579157048,0.2300930974114851,0.00022951328287148593,0.6030392367196598,0.6500071356384944,0.12649695334657496,1.2702726073047421
both_paths,20.591204762000416,0.19592308645097933,0.0,0.5,0.1,0.1,0.0851198136806488,0.0020367309867947,0.080810546875,0.092041015625,16384,0.01306636196378847,1468795.0,0.8519302,0.05261028,-0.13193799614809343,0.9856783436002293,0.10502651155748174,1.059048,0.0003788778,0.9159267854219183,0.2300930974114851,0.00022951328287148593,0.6030392367196598,0.6500071356384944,0.10615199912896234,1.7031201410077572
both_paths,20.71478587499587,0.17808508274235674,0.0,0.5,0.1,0.1,0.1432858407497406,0.01340437839928191,0.12158203125,0.17138671875,16384,0.22543291560911763,1468895.0,1.063315,0.05511767,-0.5244489347833993,0.8443048189263545,0.11001221542307774,0.8715998,0.0003820118,0.9251092549800101,0.2300930974114851,0.00022951328287148593,0.6030392367196598,0.6500071356384944,0.12956918884961421,2.122864096674336
both_paths,20.832221336000657,0.15030223528965223,0.0,0.5,0.1,0.1,0.20580905675888062,0.009522550682438697,0.18994140625,0.2254638671875,16384,0.453707745019619,1469022.0,1.127011,0.0387155,-0.6294063969522506,0.7732166581143995,0.07735364949364501,1.023347,0.000332573,0.7802559441987126,0.2300930974114851,0.00022951328287148593,0.6030392367196598,0.6500071356384944,0.09970960722492617,2.251585408949968
both_paths,20.952400262998708,0.11489822773972316,0.0,0.5,0.1,0.1,0.2408483847975731,0.009323841602304898,0.2197265625,0.2608642578125,16384,0.5816377707163433,1469148.0,1.138683,0.03275571,-0.6478358481569062,0.7589618593020033,0.06546457032371045,0.9968508,0.0002988969,0.6815865877579806,0.2300930974114851,0.00022951328287148593,0.6030392367196598,0.6500071356384944,0.08604245176728043,2.2755364049356595
both_paths,21.068675684000482,0.0785918898888256,0.0,0.5,0.1,0.1,0.22833997756242752,0.010750843231711937,0.2110595703125,0.254150390625,16384,0.5359690621940157,1469249.0,1.124884,0.04408375,-0.6255538189113637,0.7751961256350253,0.08805331592765213,0.8634746,0.0002899568,0.6553925239110453,0.2300930974114851,0.00022951328287148593,0.6030392367196598,0.6500071356384944,0.11310366524925852,2.246637517396988
both_paths,21.188319298998977,0.04422914869382875,0.0,0.5,0.1,0.1,0.18487811833620071,0.007870890529605701,0.1712646484375,0.2022705078125,16384,0.3772880292273206,1469375.0,1.051148,0.07728454,-0.5007842949731031,0.8517705993175234,0.15395433104190065,0.9159528,0.0003580062,0.8547739993247047,0.2300930974114851,0.00022951328287148593,0.6030392367196598,0.6500071356384944,0.17881566226674828,2.0953009652279593
both_paths,21.31035454999801,0.01722938614114436,0.0,0.5,0.1,0.1,0.11833508312702179,0.009961917275457737,0.1005859375,0.143798828125,16384,0.13433667482783276,1469500.0,0.9069402,0.08757818,-0.23701433427592514,0.9557494040306398,0.17426210730625474,0.9526542,0.0003959338,0.9659000466799951,0.2300930974114851,0.00022951328287148593,0.6030392367196598,0.6500071356384944,0.18034921761995726,1.8100877860400915
both_paths,21.431393526996544,0.0023137585260657595,0.0,0.5,0.1,0.1,0.08433794230222702,0.0010045596350383922,0.081298828125,0.0880126953125,16384,0.010211717450555262,1469625.0,0.6892044,0.136375,0.18413485949949862,0.9452662804441323,0.26938079473565874,1.008383,0.0003380068,0.7961767173591335,0.2300930974114851,0.00022951328287148593,0.6030392367196598,0.6500071356384944,0.27761949527206475,1.3856047280530304
both_paths,21.55353073900187,0.0014107577207276567,0.0,0.5,0.1,0.1,0.13470818847417831,0.010298735688141773,0.112548828125,0.1558837890625,16384,0.19411555487610066,1469750.0,0.3096906,0.1730217,0.765971508108584,0.5461187180531114,0.33917841110231,1.17114,0.0001900945,0.3628007786171634,0.2300930974114851,0.00022951328287148593,0.6030392367196598,0.6500071356384944,0.5557688613645655,0.69824515986076
both_paths,21.67330340600165,0.014458703898730982,0.0,0.5,0.1,0.1,0.26770205795764923,0.01055013255413054,0.244873046875,0.2869873046875,16384,0.6796816342752111,1469825.0,0.03822196,0.1586776,0.9472894825476326,0.07255590750778067,0.31205492551850683,1.05584,0.0001246953,0.17118426198552528,0.2300930974114851,0.00022951328287148593,0.6030392367196598,0.6500071356384944,1.3423453065612767,0.3261294381295327
both_paths,21.795077968999976,0.03997756729125699,0.0,0.5,0.1,0.1,0.34498996287584305,0.0039030783913626952,0.3343505859375,0.3525390625,16384,0.9618629492625368,1469963.0,-0.8993342,0.04341199,-0.22505417093826482,-0.9704798504451906,0.08671493541005844,0.3337035,8.781088e-05,0.0631146819542967,0.2300930974114851,0.00022951328287148593,0.6030392367196598,0.6500071356384944,3.0524766762656297,1.7977949598316387
both_paths,21.913322125998093,0.07310462676742004,0.0,0.5,0.1,0.1,0.3493893891572952,0.0015510862602694604,0.3450927734375,0.3544921875,16384,0.977925435295817,1470100.0,1.525772,0.01294488,-0.9956145955925594,0.08989686932871177,0.025886867866951407,0.7109894,0.0001255914,0.1738097919698923,0.2300930974114851,0.00022951328287148593,0.6030392367196598,0.6500071356384944,0.28037635028523855,3.0479057979862487
both_paths,22.035883470001863,0.11124926263669026,0.0,0.5,0.1,0.1,0.33476977050304413,0.004425983345143752,0.3251953125,0.34423828125,16384,0.9245486071771565,1470225.0,1.466668,0.01362547,-0.9780295846152198,0.20667777261560413,0.02724756730486234,0.7884993,0.0001481074,0.23978059113070713,0.2300930974114851,0.00022951328287148593,0.6030392367196598,0.6500071356384944,0.13108004891296376,2.931586273038806
both_paths,22.154570115999377,0.14667358443652054,0.0,0.5,0.1,0.1,0.3402603939175606,0.00441752159499407,0.3284912109375,0.3492431640625,16384,0.9445950987575451,1470350.0,1.568014,0.01535729,-0.9995128690265231,0.005562000284589586,0.030709750946606225,0.7208129,0.0001306629,0.18866904352185856,0.2300930974114851,0.00022951328287148593,0.6030392367196598,0.6500071356384944,1.3916234731714736,3.1103782169283387
both_paths,22.277258248999715,0.17649942988714545,0.0,0.5,0.1,0.1,0.3536449372768402,0.0009866212900684547,0.348876953125,0.3568115234375,16384,0.9934626162510529,1470475.0,-0.850712,0.02556888,-0.13008621602959006,-0.9901842175261389,0.0511154747728215,0.4929205,8.441246e-05,0.053157474489200926,0.2300930974114851,0.00022951328287148593,0.6030392367196598,0.6500071356384944,3.090016248611711,1.701252260914927
both_paths,22.3953741669975,0.19464654636522222,0.0,0.5,0.1,0.1,0.32824666053056717,0.006678190374816434,0.314697265625,0.3387451171875,16384,0.9007324647705433,1470551.0,-0.3345718,0.04614558,0.7810151349580514,-0.6176745557367515,0.09216019836059039,0.5436055,8.86375e-05,0.06553663887392334,0.2300930974114851,0.00022951328287148593,0.6030392367196598,0.6500071356384944,2.9934801976679584,0.6745066728071135
both_paths,22.518134174002626,0.19983776377160067,0.0,0.5,0.1,0.1,0.23312044888734818,0.009468465786024732,0.2215576171875,0.255859375,16384,0.5534227593301089,1470713.0,0.4029094,0.1047166,0.6773884544403579,0.705634591825957,0.2079055184681695,0.9537396,0.0002023411,0.3986827287416454,0.2300930974114851,0.00022951328287148593,0.6030392367196598,0.6500071356384944,0.28652867253567704,0.8265896234117976
both_paths,22.638536820995796,0.1906774671152567,0.0,0.5,0.1,0.1,0.11549896746873856,0.006264214309775205,0.101318359375,0.1279296875,16384,0.12398190008322567,1470826.0,0.6509686,0.1078046,0.25948135023064184,0.941752626091573,0.2139425626940766,1.004603,0.0003223758,0.7503786376965516,0.2300930974114851,0.00022951328287148593,0.6030392367196598,0.6500071356384944,0.22338358085367638,1.308311207220085
both_paths,22.759170730001642,0.16864439105663082,0.0,0.5,0.1,0.1,0.08869530260562897,0.0023805876417245875,0.0833740234375,0.09521484375,16384,0.026120618870369663,1470951.0,0.8782372,0.07174394,-0.18271577500102695,0.9727112036530041,0.1429960134189,1.016633,0.0003877643,0.9419638038418233,0.2300930974114851,0.00022951328287148593,0.6030392367196598,0.6500071356384944,0.14596219248024145,1.7545443486688426
both_paths,22.879650331000448,0.1369145706160602,0.0,0.5,0.1,0.1,0.15642917156219482,0.011248885615485591,0.131591796875,0.1805419921875,16384,0.27341975618782643,1471076.0,1.032023,0.03249187,-0.4724912946351954,0.878939719742118,0.06493801316335467,0.9063914,0.0003316981,0.7776925291966786,0.2300930974114851,0.00022951328287148593,0.6030392367196598,0.6500071356384944,0.07374822266239844,2.0629116972176575
both_paths,22.999779113997647,0.10006939337865843,0.0,0.5,0.1,0.1,0.2236374467611313,0.009092581520568284,0.20263671875,0.2386474609375,16384,0.5187999291106088,1471201.0,1.122208,0.02829262,-0.6228206576229381,0.7803178550814299,0.05655504822071687,0.8966392,0.0002721474,0.6032118368185503,0.2300930974114851,0.00022951328287148593,0.6030392367196598,0.6500071356384944,0.07235043087406856,2.243139176737333
both_paths,23.11856116799754,0.06360819918668531,0.0,0.5,0.1,0.1,0.2517131641507149,0.009813509262997538,0.236572265625,0.271240234375,16384,0.6213055263394484,1471313.0,1.089308,-0.01312777,-0.5708821730133309,0.8206121797432827,-0.02625252354642852,0.9014,0.0002434232,0.5190513096709628,0.2300930974114851,0.00022951328287148593,0.6030392367196598,0.6500071356384944,-0.031980481950434125,2.178376249635465
both_paths,23.236603967998235,0.03232690351965714,0.0,0.5,0.1,0.1,0.2335725575685501,0.007492433441593399,0.217529296875,0.2486572265625,16384,0.5550734266927937,1471438.0,1.053686,0.00775281,-0.5111344574777394,0.8593609028776414,0.015504998686288348,0.8883262,0.0002785783,0.6220540651150188,0.2300930974114851,0.00022951328287148593,0.6030392367196598,0.6500071356384944,0.018040518844407938,2.1073005026557925
both_paths,23.357306427002186,0.009880829128339055,0.0,0.5,0.1,0.1,0.1840839758515358,0.010101626409949754,0.160888671875,0.20556640625,16384,0.3743885824012326,1471487.0,0.9739018,0.002934772,-0.36813323149529514,0.9297545228272343,0.005869510297579784,1.064314,0.0002980186,0.6790132109191575,0.2300930974114851,0.00022951328287148593,0.6030392367196598,0.6500071356384944,0.006312883865266183,1.9477967795407316
both_paths,23.474339016996964,0.0003247738909956249,0.0,0.5,0.1,0.1,0.11506325751543045,0.005990952299740324,0.1044921875,0.129150390625,16384,0.12239110514955934,1471674.0,0.8112006,0.02430065,-0.05152106320519971,0.9974895252162809,0.048582168848296345,1.04344,0.0003675303,0.8826791551377939,0.2300930974114851,0.00022951328287148593,0.6030392367196598,0.6500071356384944,0.04866598387012733,1.6223402103589883
both_paths,23.596423461996892,0.004553146791704182,0.0,0.5,0.1,0.1,0.08367159217596054,0.001784335700237535,0.080078125,0.0904541015625,16384,0.007778845773274454,1471799.0,0.6561753,0.04312508,0.2546281624422705,0.9631945998557417,0.086143262650135,1.034557,0.0003221713,0.7497794625131979,0.2300930974114851,0.00022951328287148593,0.6030392367196598,0.6500071356384944,0.08919763792663327,1.313333154488717
both_paths,23.718563319998793,0.022661762536880098,0.0,0.5,0.1,0.1,0.14752484112977982,0.011825075099272504,0.127197265625,0.17236328125,16384,0.24090968008782015,1471924.0,0.4397403,0.09290774,0.626576518975232,0.7571459757837414,0.18474803712994323,0.9651918,0.0001983524,0.3869960292118558,0.2300930974114851,0.00022951328287148593,0.6030392367196598,0.6500071356384944,0.23932918947609627,0.8936435964943421
both_paths,23.83895133999613,0.05153619859187396,0.0,0.5,0.1,0.1,0.27407023310661316,0.007882475121857701,0.2548828125,0.28857421875,16384,0.7029321032781719,1471973.0,0.1932618,0.1012231,0.9073094712629203,0.36927214556268334,0.2010661728589181,0.760454,0.000147921,0.23923444807849642,0.2300930974114851,0.00022951328287148593,0.6030392367196598,0.6500071356384944,0.4986055140740606,0.4339560694481673
both_paths,23.960254983001505,0.08754615427472795,0.0,0.5,0.1,0.1,0.3460198789834976,0.003515096388807456,0.336669921875,0.354736328125,16384,0.9656232152691288,1472111.0,-0.557869,0.08646888,0.43295868352820865,-0.8848368636988341,0.1720770263490495,0.3052517,8.488136e-05,0.0545313289805185,0.2300930974114851,0.00022951328287148593,0.6030392367196598,0.6500071356384944,2.9495169612255108,1.1230238569976398
both_paths,24.07801661799749,0.1242649877843458,0.0,0.5,0.1,0.1,0.3511824905872345,0.0015275804614628137,0.345703125,0.35546875,16384,0.9844721222572694,1472273.0,1.561326,0.02155829,-0.9988914221410601,0.018921919190524307,0.0431032220043675,0.7217529,0.00012971,0.18587709226407118,0.2300930974114851,0.00022951328287148593,0.6030392367196598,0.6500071356384944,1.1571352511558954,3.094501619546004
both_paths,24.197490537000704,0.15813889963875633,0.0,0.5,0.1,0.1,0.3401667922735214,0.004425135872987074,0.3316650390625,0.350830078125,16384,0.9442533553110395,1472398.0,1.508564,0.01384114,-0.9918841031608626,0.124095982987944,0.027678744607137602,0.7683377,0.0001446702,0.22970976012717395,0.2300930974114851,0.00022951328287148593,0.6030392367196598,0.6500071356384944,0.2194509955374495,3.014102272589352
both_paths,24.318673094996484,0.1842086951056354,0.0,0.5,0.1,0.1,0.34708046168088913,0.0037724380433495908,0.337890625,0.3555908203125,16384,0.9694954462542941,1472523.0,-1.442706,-0.01288984,-0.9670433732714453,-0.25330351265882795,-0.025776824600462777,0.5947526,0.00011331,0.13782587951592035,0.2300930974114851,0.00022951328287148593,0.6030392367196598,0.6500071356384944,-3.040179156655181,2.884146512040161
both_paths,24.447320833998674,0.19863366856306797,0.0,0.5,0.1,0.1,0.35101238638162613,0.0015336249260918802,0.345703125,0.35546875,16384,0.9838510648165968,1472647.0,-0.5924048,-0.008433598,0.37641989810653287,-0.9262956250506968,-0.016866396218698437,0.7207373,8.153322e-05,0.044721439501823744,0.2300930974114851,0.00022951328287148593,0.6030392367196598,0.6500071356384944,-3.1233862277672424,1.1848674047264494
both_paths,24.567238283001643,0.19777726589103248,0.0,0.5,0.1,0.1,0.3062494173645973,0.01006597363437005,0.2818603515625,0.3226318359375,16384,0.820419626568506,1472760.0,0.022894,0.06805994,0.9897115923625873,0.045348610561116394,0.13569991696124178,1.90439,8.108364e-05,0.043404191683085125,0.2300930974114851,0.00022951328287148593,0.6030392367196598,0.6500071356384944,1.2482812328746622,0.14356948205335812
both_paths,24.690130880997458,0.18268493898567212,0.0,0.5,0.1,0.1,0.20078492909669876,0.011167513795925645,0.176513671875,0.2230224609375,16384,0.43536444858948203,1472859.0,0.3620721,0.1170171,0.7286461787490301,0.6444342138395146,0.23190362271315026,1.257567,0.0001823279,0.34004501343851784,0.2300930974114851,0.00022951328287148593,0.6030392367196598,0.6500071356384944,0.3454282392118495,0.7544531582210009
both_paths,24.809928415998,0.156226936394694,0.0,0.5,0.1,0.1,0.0998377725481987,0.006219834682670805,0.088623046875,0.11767578125,16384,0.06680223423992958,1472997.0,0.6869104,0.1606493,0.18568929651018656,0.9304786372359121,0.3157989721470794,1.002871,0.0003378746,0.7957893777051512,0.2300930974114851,0.00022951328287148593,0.6030392367196598,0.6500071356384944,0.3271953027516834,1.384023014317055
both_paths,24.932134930000757,0.12115928317188832,0.0,0.5,0.1,0.1,0.09474722295999527,0.003978633201505522,0.0870361328125,0.1055908203125,16384,0.048216428630010834,1473122.0,0.929014,0.1427223,-0.2718351713899472,0.9202260811243259,0.2815840890639309,0.9764028,0.0004033336,0.9875811054662004,0.2300930974114851,0.00022951328287148593,0.6030392367196598,0.6500071356384944,0.2969471917284534,1.846095827075844
both_paths,25.05468371399911,0.08290498302155826,0.0,0.5,0.1,0.1,0.15701984614133835,0.007259906167260817,0.1473388671875,0.176025390625,16384,0.2755763333346481,1473247.0,1.081235,0.1065621,-0.5451317793286397,0.8112293042746254,0.211514441710486,0.9397652,0.0003594149,0.8589014227026509,0.2300930974114851,0.00022951328287148593,0.6030392367196598,0.6500071356384944,0.25505474369669123,2.147342622347027
both_paths,25.17245678100153,0.04843304285649205,0.0,0.5,0.1,0.1,0.21155215054750443,0.012321879195630688,0.1895751953125,0.238525390625,16384,0.47467601630455997,1473372.0,1.114518,0.07607502,-0.6046582990484832,0.7819314493273267,0.15156368280251506,0.9908618,0.0003125666,0.7216381525691636,0.2300930974114851,0.00022951328287148593,0.6030392367196598,0.6500071356384944,0.1914582438577126,2.2201331131597186
both_paths,25.293577272997936,0.0203006975916354,0.0,0.5,0.1,0.1,0.2311418280005455,0.010354075162319345,0.2100830078125,0.25146484375,16384,0.5461987332125638,1473497.0,1.104636,0.07542225,-0.5892045456936831,0.7938866417026308,0.15027309626150406,1.029724,0.0003162822,0.7325246822086164,0.2300930974114851,0.00022951328287148593,0.6030392367196598,0.6500071356384944,0.18707452058165686,2.200870321013756
both_paths,25.414582798999618,0.0035789261902966774,0.0,0.5,0.1,0.1,0.20593726634979248,0.017131761044448583,0.1761474609375,0.236328125,16384,0.45417584350146806,1473598.0,1.147516,0.09215426,-0.6513414585536221,0.7363202979303504,0.18326680884710148,0.887059,0.0003539136,0.8427828777824434,0.2300930974114851,0.00022951328287148593,0.6030392367196598,0.6500071356384944,0.24393886403509102,2.280147328945132
both_paths,25.538295995000226,0.0007228572629212476,0.0,0.5,0.1,0.1,0.15170104056596756,0.007409330022365333,0.13720703125,0.165283203125,16384,0.25615715574135384,1473725.0,0.971669,0.0893592,-0.3581865164960845,0.9165701108993382,0.1777685326664282,0.9082554,0.0003737786,0.9009863741996396,0.2300930974114851,0.00022951328287148593,0.6030392367196598,0.6500071356384944,0.191571289196391,1.9371211358585718
both_paths,25.656401041997015,0.011830251854108437,0.0,0.5,0.1,0.1,0.09511570632457733,0.0022105705224657016,0.0888671875,0.101318359375,16384,0.04956177652731479,1473853.0,0.7793144,0.07230143,0.012040239796466968,0.9894899606880008,0.14409944595071236,0.9964958,0.0003687325,0.8862015434283929,0.2300930974114851,0.00022951328287148593,0.6030392367196598,0.6500071356384944,0.1446134161755226,1.558755796072459
both_paths,25.77474381600041,0.03499401677564838,0.0,0.5,0.1,0.1,0.09672179073095322,0.005865683946123934,0.0845947265625,0.1097412109375,16384,0.05542565665514963,1473979.0,0.5395565,0.08830828,0.4647662284168372,0.867825985209085,0.17569977893858946,1.193999,0.0002596945,0.5667254375971205,0.2300930974114851,0.00022951328287148593,0.6030392367196598,0.6500071356384944,0.19975952267905672,1.0874257532555123
both_paths,25.897759275998396,0.06842958101165497,0.0,0.5,0.1,0.1,0.1952603980898857,0.011304891962428397,0.1781005859375,0.222900390625,16384,0.4151941589970702,1474080.0,0.3700295,0.1240744,0.7158097820886674,0.6536758676287336,0.24560988568458886,0.8816398,0.0001758272,0.32099827449267,0.2300930974114851,0.00022951328287148593,0.6030392367196598,0.6500071356384944,0.35941621658644207,0.773013252854472
both_paths,26.018662299000425,0.10585957584647002,0.0,0.5,0.1,0.1,0.30815837532281876,0.009783899884000039,0.2845458984375,0.3258056640625,16384,0.8273893104728195,1474218.0,-0.4023748,0.05800331,0.6886319395257762,-0.7158133668686709,0.11574660114709774,0.781188,7.936025e-05,0.03835474171125369,0.2300930974114851,0.00022951328287148593,0.6030392367196598,0.6500071356384944,2.9812808382748965,0.8111956594138888
both_paths,26.13530139499926,0.14123771455997766,0.0,0.5,0.1,0.1,0.35246942192316055,0.0013523285335833113,0.3480224609375,0.3563232421875,16384,0.9891707614176192,1474331.0,-1.418107,-0.00111209,-0.9537308180541525,-0.30065358758086036,-0.0022241781661726913,0.5931522,0.0001077109,0.1214207852904221,0.2300930974114851,0.00022951328287148593,0.6030392367196598,0.6500071356384944,-3.1341949783757364,2.8362061537216867
both_paths,26.25454453400016,0.17171297892276174,0.0,0.5,0.1,0.1,0.3436834365129471,0.004574606647218994,0.33154296875,0.3526611328125,16384,0.9570927678539733,1474456.0,1.438078,0.01797302,-0.9643546797332065,0.2621611914679759,0.0359382994138003,0.7745068,0.0001414773,0.22035471639646845,0.2300930974114851,0.00022951328287148593,0.6030392367196598,0.6500071356384944,0.13623558741264175,2.8737900346759084
both_paths,26.375577523001994,0.19245723301322018,0.0,0.5,0.1,0.1,0.33694418519735336,0.0062930745650893035,0.3240966796875,0.34912109375,16384,0.9324874845269486,1474581.0,1.511705,0.006217837,-0.9929477721442885,0.11789861652067622,0.012435353481296672,0.756504,0.0001405695,0.2176949059737385,0.2300930974114851,0.00022951328287148593,0.6030392367196598,0.6500071356384944,0.1050864286814992,3.022760566461423
both_paths,26.49707634399965,0.1999957818769934,0.0,0.5,0.1,0.1,0.34759383648633957,0.003554029288424956,0.33837890625,0.354736328125,16384,0.9713697987527439,1474681.0,-1.529351,-0.02127871,-0.9956642147840307,-0.08272079871202916,-0.04254457496489433,0.6516326,0.0001182546,0.15231332015948781,0.2300930974114851,0.00022951328287148593,0.6030392367196598,0.6500071356384944,-2.6665584757882344,3.04843770722763
both_paths,26.61944897899957,0.19304123468118983,0.0,0.5,0.1,0.1,0.3476146012544632,0.002353029142570163,0.341064453125,0.3531494140625,16384,0.9714456117739498,1474806.0,-0.5265507,-0.1671501,0.4674820375262616,-0.8208566010756421,-0.32810819109074246,0.3796724,8.337373e-05,0.050114045451524925,0.2300930974114851,0.00022951328287148593,0.6030392367196598,0.6500071356384944,-2.7613325209527333,1.084356066664577
both_paths,26.744402044998424,0.17194323236939463,0.0,0.5,0.1,0.1,0.2909143641591072,0.00791129821705078,0.2733154296875,0.3077392578125,16384,0.7644307175211454,1474944.0,0.03910123,0.1033407,0.9757261138545053,0.07646011309503119,0.20521306451559104,1.419211,0.0001105905,0.12985787506051816,0.2300930974114851,0.00022951328287148593,0.6030392367196598,0.6500071356384944,1.214141158058192,0.220783742224324
both_paths,26.870137404999696,0.13967516860122622,0.0,0.5,0.1,0.1,0.17497988045215607,0.0133947680700105,0.144775390625,0.19921875,16384,0.34114915620270614,1474994.0,0.2308681,0.1670666,0.8457668231693731,0.4208645806339356,0.327950431610949,1.317494,0.0001560397,0.26302184935522893,0.2300930974114851,0.00022951328287148593,0.6030392367196598,0.6500071356384944,0.6619475623786832,0.5627955903205867
both_paths,26.987626501002524,0.10388627044412853,0.0,0.5,0.1,0.1,0.0912446603178978,0.004338344314548439,0.083251953125,0.101806640625,16384,0.03542842857723822,1475181.0,0.7678641,0.2049854,0.032155525844021995,0.9165685870015555,0.39858254788646535,0.9841138,0.0003694689,0.8883591600788648,0.2300930974114851,0.00022951328287148593,0.6030392367196598,0.6500071356384944,0.41019566694670573,1.5386352570207467
both_paths,27.105306625002413,0.06751713768548168,0.0,0.5,0.1,0.1,0.10707839578390121,0.006802792991531691,0.095703125,0.123046875,16384,0.09323804703807612,1475306.0,0.9456054,0.1583934,-0.29928796188781503,0.9018787106160597,0.31151485872515194,0.9212796,0.000370141,0.8903283808159399,0.2300930974114851,0.00022951328287148593,0.6030392367196598,0.6500071356384944,0.33257685689489236,1.8747426495706534
both_paths,27.22340529399662,0.035436965656999636,0.0,0.5,0.1,0.1,0.17404313385486603,0.008617129923631344,0.1556396484375,0.191162109375,16384,0.3377290559048265,1475431.0,1.116101,0.1190538,-0.5968969633660417,0.7668651568931875,0.23586404191310142,0.8949776,0.0003400013,0.8020205066168276,0.2300930974114851,0.00022951328287148593,0.6030392367196598,0.6500071356384944,0.29838639460300254,2.210424255675763
both_paths,27.34653167000215,0.011399298640823868,0.0,0.5,0.1,0.1,0.22298020869493484,0.006881401966238142,0.207275390625,0.2396240234375,16384,0.5164003259388662,1475531.0,1.13885,0.07599534,-0.6419950427640876,0.7516106300534371,0.15140616188587805,0.8909628,0.0002971293,0.676407604608369,0.2300930974114851,0.00022951328287148593,0.6030392367196598,0.6500071356384944,0.19878198581580797,2.2678938534856674
both_paths,27.467195810000703,0.0005305715665998995,0.0,0.5,0.1,0.1,0.22655188292264938,0.010824584158555346,0.2064208984375,0.24755859375,16384,0.5294406552290651,1475656.0,1.152163,0.09420794,-0.6576470818585929,0.7296697092791079,0.18730304611356302,0.9251942,0.0003169371,0.7344435077713461,0.2300930974114851,0.00022951328287148593,0.6030392367196598,0.6500071356384944,0.2512704632837237,2.2884874403192192
both_paths,27.59037449600146,0.004003521576987731,0.0,0.5,0.1,0.1,0.19487255066633224,0.013373612065647819,0.1702880859375,0.224365234375,16384,0.41377811212520055,1475781.0,1.075989,0.1302896,-0.5304778373588879,0.8075981487527252,0.2576402418144503,0.992928,0.0003585164,0.8562688608334915,0.2300930974114851,0.00022951328287148593,0.6030392367196598,0.6500071356384944,0.30881403742806945,2.1299604804464565
both_paths,27.708374879002804,0.02067261217460077,0.0,0.5,0.1,0.1,0.142348513007164,0.007270329249776386,0.1295166015625,0.156982421875,16384,0.22201069352592978,1475906.0,0.911056,0.2071389,-0.22764212113868168,0.8866507353931513,0.4025289282899624,0.9627358,0.0003768462,0.9099742949451413,0.2300930974114851,0.00022951328287148593,0.6030392367196598,0.6500071356384944,0.4261655216393483,1.8004518670499507
both_paths,27.826154640999448,0.04805977429379872,0.0,0.5,0.1,0.1,0.09140630811452866,0.003171170702297311,0.0841064453125,0.099853515625,16384,0.03601861132143837,1476005.0,0.7926986,0.2313632,-0.013064963469891262,0.8947434069820049,0.44638945147904713,0.9560218,0.000378312,0.9142690185821072,0.2300930974114851,0.00022951328287148593,0.6030392367196598,0.6500071356384944,0.46276898098871566,1.5838616619768977
both_paths,27.944189460002235,0.08255629907409955,0.0,0.5,0.1,0.1,0.11067380756139755,0.004459595822517325,0.1036376953125,0.124755859375,16384,0.10636504309740395,1476131.0,0.5215748,0.2153323,0.4575260415473011,0.7851017164622478,0.417474808957486,1.100053,0.0002639174,0.5790983318845696,0.2300930974114851,0.00022951328287148593,0.6030392367196598,0.6500071356384944,0.4887208095226052,1.0955853675215006
both_paths,28.06657614299911,0.12076335084957328,0.0,0.5,0.1,0.1,0.2280663400888443,0.00794909253002933,0.209228515625,0.2423095703125,16384,0.5349700005399671,1476256.0,0.06234138,0.146801,0.9497770203103215,0.1190383087263018,0.28940195705286603,1.651324,0.0001054594,0.11482399836954028,0.2300930974114851,0.00022951328287148593,0.6030392367196598,0.6500071356384944,1.1805651587787072,0.31827376181164585
both_paths,28.18863554499694,0.15585328926787384,0.0,0.5,0.1,0.1,0.3269357979297638,0.004416816030367694,0.3153076171875,0.33544921875,16384,0.8959464515792951,1476394.0,-0.829624,-0.2640629,-0.07630081699465911,-0.8603763559338075,-0.5039153812655551,0.2711915,8.933798e-05,0.06758901164866875,0.2300930974114851,0.00022951328287148593,0.6030392367196598,0.6500071356384944,-2.611760322383139,1.6471713732914819
both_paths,28.30842463600129,0.1824288620298335,0.0,0.5,0.1,0.1,0.3493944779038429,0.0012446318392465873,0.3455810546875,0.3531494140625,16384,0.977944014518452,1476506.0,-1.555919,-0.05671506,-0.9931339061217707,-0.029559079132407497,-0.11318703703232992,0.6851543,0.0001235329,0.16777848578440024,0.2300930974114851,0.00022951328287148593,0.6030392367196598,0.6500071356384944,-1.8262436181253545,3.0243410821393373
both_paths,28.426527673997043,0.19734790987458176,0.0,0.5,0.1,0.1,0.33536048978567123,0.0046697820271894615,0.3243408203125,0.3448486328125,16384,0.9267053475382326,1476631.0,1.490043,0.02284218,-0.985956354730413,0.16063765858286283,0.04566847065242876,0.8238018,0.0001694149,0.30221054330334274,0.2300930974114851,0.00022951328287148593,0.6030392367196598,0.6500071356384944,0.2769869258597657,2.973803264236116
both_paths,28.54833387999679,0.19884936270328157,0.0,0.5,0.1,0.1,0.3360055536031723,0.0040794994662252965,0.3260498046875,0.3460693359375,16384,0.9290605020280052,1476744.0,1.467629,0.004985411,-0.9787397671150754,0.20486350155830096,0.00997065678880194,0.7755999,0.0001453252,0.23162887868510318,0.2300930974114851,0.00022951328287148593,0.6030392367196598,0.6500071356384944,0.048631382528158795,2.9350206524138738
both_paths,28.669398199999705,0.18617028871346333,0.0,0.5,0.1,0.1,0.3499355912208557,0.001761619816004493,0.345458984375,0.3548583984375,16384,0.9799196414618067,1476794.0,1.550429,-0.0168273,-0.9986046658515476,0.04070032914214092,-0.033648247313054915,0.7003594,0.0001268046,0.17736440973245665,0.2300930974114851,0.00022951328287148593,0.6030392367196598,0.6500071356384944,-0.6908294868720346,3.0887597327516554
both_paths,28.79243538100127,0.16068437174275718,0.0,0.5,0.1,0.1,0.34223131835460663,0.0036204462868716465,0.3336181640625,0.3511962890625,16384,0.9517910248209438,1476982.0,-0.2502134,0.03637214,0.8750574631627781,-0.4785311206635249,0.07268013978821339,0.6397864,8.276136e-05,0.04831983074722095,0.2300930974114851,0.00022951328287148593,0.6030392367196598,0.6500071356384944,2.9908628823229426,0.5052418021506901
both_paths,28.915391030001047,0.1262687933865171,0.0,0.5,0.1,0.1,0.26861944794654846,0.01282596346121753,0.23779296875,0.2911376953125,16384,0.6830310628009008,1477119.0,0.146927,0.1605798,0.9081964127280872,0.2748337116905817,0.315667082265814,1.146855,0.0001505608,0.2469689353597506,0.2300930974114851,0.00022951328287148593,0.6030392367196598,0.6500071356384944,0.854438665473912,0.4318418072351238
both_paths,29.038782404000813,0.0878462701998209,0.0,0.5,0.1,0.1,0.14621631056070328,0.008794896318865625,0.12939453125,0.165771484375,16384,0.2361321812401808,1477232.0,0.592212,0.145211,0.361050160371562,0.8874923614425014,0.286356578546542,0.971232,0.0002963797,0.674211312591539,0.2300930974114851,0.00022951328287148593,0.6030392367196598,0.6500071356384944,0.3121122536571992,1.20140255719357
both_paths,29.15591647799738,0.05295275902923027,0.0,0.5,0.1,0.1,0.08477716147899628,0.0013035306405211214,0.081298828125,0.0902099609375,16384,0.011815324703198278,1477357.0,0.8106129,0.1143382,-0.04909584180052505,0.9727290919367497,0.22668857937223907,0.9606538,0.0003782265,0.9140185076863775,0.2300930974114851,0.00022951328287148593,0.6030392367196598,0.6500071356384944,0.2289574249568318,1.6199119134697568
both_paths,29.27737651800271,0.02347664600201746,0.0,0.5,0.1,0.1,0.12128200381994247,0.006386055085189406,0.1075439453125,0.1329345703125,16384,0.1450960033045446,1477457.0,0.9410204,0.07254324,-0.30302597698439193,0.9419514099539289,0.14457800164084528,1.046993,0.0003695232,0.8885182564722931,0.2300930974114851,0.00022951328287148593,0.6030392367196598,0.6500071356384944,0.1522991915826477,1.8786626557077468
both_paths,29.396648734000337,0.0052249560747420765,0.0,0.5,0.1,0.1,0.19619348645210266,0.008365812236735133,0.1807861328125,0.2099609375,16384,0.41860090292845814,1477582.0,1.03291,0.06891356,-0.47054749780151367,0.8716127119956822,0.13739116638367443,0.9609058,0.0003051347,0.6998630423238598,0.2300930974114851,0.00022951328287148593,0.6030392367196598,0.6500071356384944,0.15634228689096474,2.0607074844587343
both_paths,29.516907855999307,0.0001410407846319517,0.0,0.5,0.1,0.1,0.23127983510494232,0.012650906689582953,0.2110595703125,0.258056640625,16384,0.5467026028185198,1477708.0,1.160014,0.053094,-0.6772401178850649,0.7280880782046082,0.10598855175604491,0.8670958,0.0002854891,0.64230237737477,0.2300930974114851,0.00022951328287148593,0.6030392367196598,0.6500071356384944,0.1445556748982466,2.314801402058391
both_paths,29.64033490899601,0.009562143095709574,0.0,0.5,0.1,0.1,0.22920620441436768,0.009552282023455101,0.209228515625,0.25146484375,16384,0.539131692005453,1477833.0,1.173513,0.08546514,-0.6903842608359683,0.7031613279196494,0.17009914552474698,0.8736928,0.0003299853,0.7726741074164937,0.2300930974114851,0.00022951328287148593,0.6030392367196598,0.6500071356384944,0.23734666375524238,2.332816400769647
both_paths,29.76510271999723,0.032722620372955744,0.0,0.5,0.1,0.1,0.18529804050922394,0.010098123503249718,0.1651611328125,0.2056884765625,16384,0.3788211823267797,1477958.0,1.048644,0.1083095,-0.4907595781862431,0.8443699521315582,0.21492887278309256,0.9857054,0.0003780339,0.9134541989317863,0.2300930974114851,0.00022951328287148593,0.6030392367196598,0.6500071356384944,0.2492502945102033,2.0837576465980554
both_paths,29.88449626199872,0.06450452222390832,0.0,0.5,0.1,0.1,0.1270918920636177,0.01222647565483229,0.109619140625,0.1556396484375,16384,0.1663081438880546,1478082.0,0.8755142,0.1306418,-0.17317373492404342,0.9504110809979465,0.2583207979408007,1.011541,0.0003847791,0.933217311140861,0.2300930974114851,0.00022951328287148593,0.6030392367196598,0.6500071356384944,0.265387854234842,1.74484751064927
both_paths,30.005652804997226,0.10177578772176425,0.0,0.5,0.1,0.1,0.08481902629137039,0.0007660469695151712,0.0819091796875,0.08837890625,16384,0.01196817485251892,1478207.0,0.6805431,0.1626648,0.19725658347666575,0.926785942729643,0.3196211141865319,0.997111,0.0003404041,0.8032006912811545,0.2300930974114851,0.00022951328287148593,0.6030392367196598,0.6500071356384944,0.33209780372414377,1.3722375977200465
both_paths,30.12317071799771,0.13773677369682052,0.0,0.5,0.1,0.1,0.12791582196950912,0.006569338828722086,0.1143798828125,0.1436767578125,16384,0.16931634581237787,1478307.0,0.4613548,0.2134809,0.5494702665589141,0.7256704492715552,0.41410726294245953,0.9423026,0.0002445179,0.522258728121902,0.2300930974114851,0.00022951328287148593,0.6030392367196598,0.6500071356384944,0.5185625505984759,0.9890662427809963
both_paths,30.243179252000118,0.16917937169721142,0.0,0.5,0.1,0.1,0.2524886354804039,0.01187433147552269,0.227783203125,0.273193359375,16384,0.6241368040119152,1478432.0,0.00251819,0.1700856,0.9426856029279146,0.004747763059474097,0.3336484868516045,0.6387629,0.000128703,0.18292663060325484,0.2300930974114851,0.00022951328287148593,0.6030392367196598,0.6500071356384944,1.5565674517059023,0.34020703169123984
both_paths,30.364734522001527,0.19110597469510193,0.0,0.5,0.1,0.1,0.33738867938518524,0.003796318448877484,0.3272705078125,0.344970703125,16384,0.9341103510616203,1478544.0,-0.7529577,-0.01295186,0.06481366546925399,-0.9975611941764375,-0.025900823186137723,0.2852709,8.741334e-05,0.06194990883747353,0.2300930974114851,0.00022951328287148593,0.6030392367196598,0.6500071356384944,-3.115634340999464,1.5059371969999478
both_paths,30.48081605599873,0.19981844254499528,0.0,0.5,0.1,0.1,0.35100168734788895,0.001893568971219051,0.3450927734375,0.355224609375,16384,0.9838120022050246,1478681.0,1.516387,-0.004057417,-0.9940523602200769,0.10860044224341396,-0.008114744939272129,0.7142599,0.0001332205,0.1961626887489726,0.2300930974114851,0.00022951328287148593,0.6030392367196598,0.6500071356384944,-0.07458250596362737,3.032473041372858
both_paths,30.59809322899673,0.19528905453917267,0.0,0.5,0.1,0.1,0.3363470509648323,0.005538523158761939,0.32373046875,0.349365234375,16384,0.9303073229203546,1478731.0,1.431861,0.02705078,-0.9602347067920769,0.27390725382544656,0.05407517150907944,0.8021171,0.0001542387,0.2577450058089228,0.2300930974114851,0.00022951328287148593,0.6030392367196598,0.6500071356384944,0.19491497495431442,2.858637991029988
both_paths,30.718479520000983,0.17735492422864452,0.0,0.5,0.1,0.1,0.33815139532089233,0.0038873540874228823,0.3287353515625,0.345947265625,16384,0.9368950582668087,1478918.0,1.537319,-0.01075315,-0.9975286410072182,0.0668891675441166,-0.021504642185991605,0.7291076,0.0001324715,0.1939681547033406,0.2300930974114851,0.00022951328287148593,0.6030392367196598,0.6500071356384944,-0.3110599680510413,3.0712737002408836
both_paths,30.835382331999426,0.149441497069253,0.0,0.5,0.1,0.1,0.3507194221019745,0.0014593618946421277,0.34619140625,0.355224609375,16384,0.9827814401998612,1479031.0,-1.26471,-0.08658032,-0.8061623467812024,-0.5660531423990326,-0.17229657748314392,0.4280204,9.534096e-05,0.08517745488665011,0.2300930974114851,0.00022951328287148593,0.6030392367196598,0.6500071356384944,-2.8461202329032256,2.5084336120605824
both_paths,30.958496699000534,0.11300173374118898,0.0,0.5,0.1,0.1,0.33938006311655045,0.0030843446184609514,0.3316650390625,0.3486328125,16384,0.9413809748488194,1479106.0,-0.4048894,-0.03085848,0.6883455962128805,-0.7227559689721134,-0.061677787650950076,0.8736604,7.13343e-05,0.014839093482228005,0.2300930974114851,0.00022951328287148593,0.6030392367196598,0.6500071356384944,-3.0564619588001802,0.8115904812032715
both_paths,31.07765199700225,0.07584615375361797,0.0,0.5,0.1,0.1,0.2603481709957123,0.010507811946723658,0.242431640625,0.2811279296875,16384,0.6528322909609634,1479268.0,0.1545494,0.1357672,0.917705007191177,0.2930545206225826,0.2682099321779676,1.466655,0.0001327638,0.19482457967201644,0.2300930974114851,0.00022951328287148593,0.6030392367196598,0.6500071356384944,0.7411616536033536,0.4085319640042154
both_paths,31.197404421996907,0.04188311417789854,0.0,0.5,0.1,0.1,0.14141621440649033,0.00915039024013386,0.125,0.1595458984375,16384,0.21860683304637094,1479380.0,0.5247241,0.222836,0.4494007243682133,0.7824465003657994,0.4310643374284613,1.04434,0.0002756276,0.6134086557579476,0.2300930974114851,0.00022951328287148593,0.6030392367196598,0.6500071356384944,0.5035482032072562,1.1047019342535487
both_paths,31.315312446000462,0.016365413261413275,0.0,0.5,0.1,0.1,0.08544546365737915,0.000994147038786436,0.0826416015625,0.08984375,16384,0.014255323402924718,1479505.0,0.8088132,0.1618469,-0.04438182084763643,0.947027607090992,0.31807069243449315,1.004304,0.0003790547,0.9164450939301592,0.2300930974114851,0.00022951328287148593,0.6030392367196598,0.6500071356384944,0.32402472619475997,1.6151927307249794
both_paths,31.43843665299937,0.0018644897323598225,0.0,0.5,0.1,0.1,0.13311662524938583,0.007944395372999877,0.11376953125,0.1475830078125,16384,0.1883046921785961,1479632.0,1.015619,0.1707272,-0.41869125485717745,0.8441373303051635,0.3348578813338481,0.8837386,0.0003602329,0.8612981234360649,0.2300930974114851,0.00022951328287148593,0.6030392367196598,0.6500071356384944,0.3776466501139293,2.002800022173369
both_paths,31.562578122997365,0.001926263027721281,0.0,0.5,0.1,0.1,0.1999039128422737,0.0069481252021471925,0.186279296875,0.217041015625,16384,0.4321478220621876,1479761.0,1.10576,0.07347752,-0.5913326301915691,0.7930226661553682,0.1464266759663426,0.963487,0.0003030843,0.6938554687495422,0.2300930974114851,0.00022951328287148593,0.6030392367196598,0.6500071356384944,0.18258727987371914,2.2035066786549558
both_paths,31.680526611999085,0.015655970163056504,0.0,0.5,0.1,0.1,0.2401454970240593,0.005908735309067442,0.2279052734375,0.2525634765625,16384,0.5790714985884007,1479888.0,1.19151,0.09521822,-0.7126970467987926,0.6754503504118642,0.18928746290436008,0.9593528,0.0003035569,0.695240164063248,0.2300930974114851,0.00022951328287148593,0.6030392367196598,0.6500071356384944,0.2732302208303006,2.3641319040886857
both_paths,31.8052912580024,0.042574360701004545,0.0,0.5,0.1,0.1,0.23529496043920517,0.0073546695750735,0.215576171875,0.24951171875,16384,0.5613619903107858,1479987.0,1.155999,0.1218955,-0.6552098128046606,0.7158451138097846,0.24138325177844933,0.8505032,0.0002892025,0.65318246111983,0.2300930974114851,0.00022951328287148593,0.6030392367196598,0.6500071356384944,0.3252268587362446,2.2852566471707214
both_paths,31.92640355000185,0.07708444424342042,0.0,0.5,0.1,0.1,0.19532199203968048,0.012554994805427242,0.174072265625,0.2181396484375,16384,0.41541904103736804,1480112.0,1.089898,0.1269499,-0.553707554447852,0.79392457685815,0.2511806330272827,0.861352,0.0003487975,0.8277929503714181,0.2300930974114851,0.00022951328287148593,0.6030392367196598,0.6500071356384944,0.3064143555257277,2.157606397162712
both_paths,32.045574837997265,0.11426888916898215,0.0,0.5,0.1,0.1,0.12842225283384323,0.00784977937420205,0.11669921875,0.145751953125,16384,0.17116534569663175,1480237.0,0.886169,0.1218887,-0.19426134321365013,0.950790738074546,0.24137005390994246,1.006676,0.000384621,0.9327540857301608,0.2300930974114851,0.00022951328287148593,0.6030392367196598,0.6500071356384944,0.2486105813121826,1.766300719125461
both_paths,32.16323902599834,0.14906456130004228,0.0,0.5,0.1,0.1,0.0852348729968071,0.0012668180177429623,0.0819091796875,0.09130859375,16384,0.013486448252444575,1480363.0,0.6859641,0.1821725,0.1845915402635389,0.9159419436968496,0.3563373668870156,1.000326,0.0003397665,0.8013325538879701,0.2300930974114851,0.00022951328287148593,0.6030392367196598,0.6500071356384944,0.371021890821595,1.3851400824145679
both_paths,32.28333884199674,0.17771568523444792,0.0,0.5,0.1,0.1,0.1337013617157936,0.011067561830181117,0.1136474609375,0.1552734375,16384,0.1904395890319477,1480489.0,0.3008459,0.1785278,0.7723855789984336,0.5303379537410741,0.3495170556310306,1.139075,0.0001908263,0.3649449174884498,0.2300930974114851,0.00022951328287148593,0.6030392367196598,0.6500071356384944,0.5827081173871784,0.6882077979730357
both_paths,32.40643548799562,0.19571093301771542,0.0,0.5,0.1,0.1,0.2537098601460457,0.010960478387786922,0.2291259765625,0.2703857421875,16384,0.6285955454205548,1480564.0,0.1856638,0.1287854,0.9011063447291375,0.3508829445958668,0.25473224114867477,1.266581,0.0001213662,0.1614301587928504,0.2300930974114851,0.00022951328287148593,0.6030392367196598,0.6500071356384944,0.6279469700604636,0.4484819944418646
both_paths,32.527190119995794,0.19963539056015756,0.0,0.5,0.1,0.1,0.34017395973205566,0.0022751169458180057,0.3343505859375,0.34814453125,16384,0.9442795239965077,1480701.0,-0.7925335,-0.0970664,-0.014002128117490627,-0.9811154233832776,-0.1929156976703379,0.4323344,8.868296e-05,0.06566983449169961,0.2300930974114851,0.00022951328287148593,0.6030392367196598,0.6500071356384944,-2.947440577185392,1.58479891249468
both_paths,32.65057088700269,0.18901908621844368,0.0,0.5,0.1,0.1,0.3465077579021454,0.0028942230130107457,0.3385009765625,0.352783203125,16384,0.9674044812377733,1480837.0,1.532386,-0.03020344,-0.9952321828389095,0.07660513892893601,-0.060370149340366476,0.7172677,0.000132241,0.19329280076806934,0.2300930974114851,0.00022951328287148593,0.6030392367196598,0.6500071356384944,-0.6674235980896563,3.043903241005203
both_paths,32.77219203099958,0.16561306091285438,0.0,0.5,0.1,0.1,0.3344319760799408,0.005032474799004558,0.3223876953125,0.343994140625,16384,0.9233153058655531,1480961.0,1.469801,-0.008177289,-0.9795381402084931,0.20059307939609447,-0.016353848943865133,0.7752171,0.0001459195,0.23337014915682425,0.2300930974114851,0.00022951328287148593,0.6030392367196598,0.6500071356384944,-0.08134756992023151,2.938949990955315
both_paths,32.89234081000177,0.1331809706997461,0.0,0.5,0.1,0.1,0.33985672891139984,0.0028588720477671216,0.3326416015625,0.3468017578125,16384,0.9431213012419652,1481085.0,-1.568638,-0.02863942,-0.9983507142430103,-0.004309560961941861,-0.05724752444242995,0.7104421,0.0001344911,0.1998854857561555,0.2300930974114851,0.00022951328287148593,0.6030392367196598,0.6500071356384944,-1.645934034889725,3.084151565269015
both_paths,33.01163276399893,0.09634627283413019,0.0,0.5,0.1,0.1,0.34907492250204086,0.0008852959647729998,0.3460693359375,0.3525390625,16384,0.9767773046226765,1481209.0,-0.887599,-0.1665585,-0.19182297627024295,-0.925354695984327,-0.32699026345531995,0.5593111,8.896816e-05,0.06650545680119795,0.2300930974114851,0.00022951328287148593,0.6030392367196598,0.6500071356384944,-2.8019210014740143,1.7638156076860203
both_paths,33.12903453200124,0.06056375800616374,0.0,0.5,0.1,0.1,0.3270214945077896,0.005785613453409559,0.31298828125,0.3375244140625,16384,0.8962593333051335,1481259.0,-0.5202779,-0.06050702,0.5020422366251891,-0.8563764017416949,-0.12071889323682801,0.8565698,8.067528e-05,0.042207716485656174,0.2300930974114851,0.00022951328287148593,0.6030392367196598,0.6500071356384944,-3.0015506243231886,1.0448377697694122
both_paths,33.2482096179956,0.029688161190496498,0.0,0.5,0.1,0.1,0.23303014785051346,0.007917137794507423,0.2115478515625,0.245849609375,16384,0.5530930665360589,1481444.0,0.1957828,0.2826079,0.7805571568892967,0.3222813006988996,0.5355980657626792,1.083414,0.0001788191,0.32976439787201095,0.2300930974114851,0.00022951328287148593,0.6030392367196598,0.6500071356384944,1.0291113907178202,0.6752396742908017
both_paths,33.368236117996275,0.008446020863102838,0.0,0.5,0.1,0.1,0.12366770952939987,0.0068982702652218815,0.109619140625,0.1365966796875,16384,0.15380631282813717,1481556.0,0.584359,0.3888794,0.2788191639782438,0.6556667903576264,0.7016843548352789,0.909172,0.00032113,0.7467285034988901,0.2300930974114851,0.00022951328287148593,0.6030392367196598,0.6500071356384944,0.8192876593216463,1.288232034853566
both_paths,33.48766743500164,7.504508415517863e-05,0.0,0.5,0.1,0.1,0.09003495424985886,0.0022893813320545727,0.0859375,0.098388671875,16384,0.03101174204150294,1481680.0,0.9417054,0.3391127,-0.23948330226637804,0.7409465141471011,0.6274121540971694,0.8939186,0.0004062129,0.9960173162506973,0.2300930974114851,0.00022951328287148593,0.6030392367196598,0.6500071356384944,0.7026165786310132,1.8126299588426056
both_paths,33.60609072400257,0.00550301321317806,0.0,0.5,0.1,0.1,0.1456046625971794,0.01145497073796396,0.12939453125,0.17626953125,16384,0.23389902940563218,1481804.0,1.07404,0.2496959,-0.47909956282563176,0.7356129039783087,0.4788917042514812,0.9305548,0.0003604148,0.8618310817042896,0.2300930974114851,0.00022951328287148593,0.6030392367196598,0.6500071356384944,0.57708524242469,2.070424917046124
both_paths,33.72576425399893,0.02411555330137137,0.0,0.5,0.1,0.1,0.2084505334496498,0.007545856695159957,0.19189453125,0.2213134765625,16384,0.46335188490021967,1481904.0,1.123025,0.1986184,-0.5764213653831144,0.7197698471948056,0.3868717831517728,0.9731684,0.0003069392,0.7051501407021548,0.2300930974114851,0.00022951328287148593,0.6030392367196598,0.6500071356384944,0.4931907957944244,2.1851388222813513
both_paths,33.843006181996316,0.052654370212813335,0.0,0.5,0.1,0.1,0.2401365265250206,0.005588067162347201,0.2257080078125,0.251708984375,16384,0.5790387469280017,1482028.0,1.174071,0.1885799,-0.6520923175897395,0.6626797354918996,0.36828138360339135,0.8686628,0.0002679328,0.590863261132675,0.2300930974114851,0.00022951328287148593,0.6030392367196598,0.6500071356384944,0.5072437572779838,2.281137304465819
both_paths,33.96344791899901,0.0885420452750382,0.0,0.5,0.1,0.1,0.2368381842970848,0.007293831572701117,0.2197265625,0.251220703125,16384,0.5669963639944459,1482153.0,1.220838,0.2074496,-0.699999784302419,0.5895019581279902,0.40309768461234313,0.9132228,0.000325081,0.7583047438383987,0.2300930974114851,0.00022951328287148593,0.6030392367196598,0.6500071356384944,0.5997661976673587,2.3461935213686678
both_paths,34.08149607700034,0.12532395268977825,0.0,0.5,0.1,0.1,0.1990623101592064,0.01403827628837121,0.1727294921875,0.2257080078125,16384,0.4290750961025932,1482278.0,1.142524,0.2877038,-0.5495694951981723,0.6339124387355691,0.5441768002808915,0.911351,0.0003650194,0.8753223386689322,0.2300930974114851,0.00022951328287148593,0.6030392367196598,0.6500071356384944,0.7093744717354569,2.1526451791375787
both_paths,34.20239780499833,0.15938627834134939,0.0,0.5,0.1,0.1,0.13214198499917984,0.005963344882365149,0.1187744140625,0.1455078125,16384,0.18474624059766884,1482403.0,0.9315052,0.4099831,-0.1965367274399619,0.65332442906631,0.7311227702324488,0.8675576,0.0003884651,0.9440171142012077,0.2300930974114851,0.00022951328287148593,0.6030392367196598,0.6500071356384944,0.8415336410571008,1.7686208267276964
both_paths,34.31927429099596,0.18431041103055637,0.0,0.5,0.1,0.1,0.0887482538819313,0.000769034230273815,0.0859375,0.0924072265625,16384,0.026313946154801374,1482502.0,0.6900101,0.4351421,0.12223145846344981,0.6329143850579002,0.7645121658604773,0.8829578,0.0003595449,0.8592823164622398,0.2300930974114851,0.00022951328287148593,0.6030392367196598,0.6500071356384944,0.8792927745512387,1.4482584364960767
both_paths,34.440205765997234,0.19824081749384206,0.0,0.5,0.1,0.1,0.14291369169950485,0.005649167593652997,0.1298828125,0.1551513671875,16384,0.2240741841429463,1482627.0,0.2833927,0.3360389,0.6601665581038457,0.42015810300910933,0.6226132700457873,1.002011,0.0002169495,0.4414846394922604,0.2300930974114851,0.00022951328287148593,0.6030392367196598,0.6500071356384944,0.9771634686654114,0.8497558409730553
both_paths,34.56242947899591,0.19808284782556443,0.0,0.5,0.1,0.1,0.26465127617120743,0.00737555760773044,0.2532958984375,0.2835693359375,16384,0.6685431046805904,1482727.0,0.07004136,0.203599,0.9092395159986743,0.1282084624287351,0.39603799402097284,0.8915648,0.0001231447,0.16664107841922757,0.2300930974114851,0.00022951328287148593,0.6030392367196598,0.6500071356384944,1.2577156244038594,0.42934281165416427
both_paths,34.6805619250008,0.18433806941701325,0.0,0.5,0.1,0.1,0.34169793128967285,0.006421047737573442,0.3245849609375,0.351318359375,16384,0.9498436067412384,1482840.0,-0.3646234,-0.2682697,0.6408960773627075,-0.5726803946686178,-0.5111647323351747,0.3132359,8.087073e-05,0.042780375603438246,0.2300930974114851,0.00022951328287148593,0.6030392367196598,0.6500071356384944,-2.4128905382099166,0.8751312958492508
both_paths,34.8051389819957,0.1574647972774409,0.0,0.5,0.1,0.1,0.34565693885087967,0.0021685802337167524,0.3382568359375,0.3514404296875,16384,0.9642981059393804,1483003.0,1.537488,-0.002711839,-0.9977672557072583,0.06656641378200415,-0.005423651409297909,0.7442963,0.0001413316,0.21992782239052908,0.2300930974114851,0.00022951328287148593,0.6030392367196598,0.6500071356384944,-0.08129771387869855,3.0747559025371785
both_paths,34.93027702999825,0.12172938034934135,0.0,0.5,0.1,0.1,0.3355710878968239,0.005903588421709773,0.3238525390625,0.3477783203125,16384,0.9274742498910885,1483128.0,1.412226,0.01808677,-0.9495094239231362,0.31164707528122587,0.03616565151924997,0.7946723,0.0001477646,0.23877620358619092,0.2300930974114851,0.00022951328287148593,0.6030392367196598,0.6500071356384944,0.11553005849109876,2.8224648598962148
both_paths,35.049851454998134,0.08440264744076267,0.0,0.5,0.1,0.1,0.34705547243356705,0.0019736229995356487,0.341552734375,0.352294921875,16384,0.9694042094860397,1483253.0,-1.43776,-0.02731231,-0.9633719404575755,-0.2625521316492415,-0.05459745878193568,0.5732497,0.0001064706,0.11778676582874335,0.2300930974114851,0.00022951328287148593,0.6030392367196598,0.6500071356384944,-2.9365656184515796,2.8701009517422373
both_paths,35.16745613399689,0.04978536370179289,0.0,0.5,0.1,0.1,0.35005417466163635,0.0012845144158704688,0.3453369140625,0.354248046875,16384,0.980352594474191,1483353.0,-0.6959352,-0.005450336,0.17796217654316432,-0.9839769528684734,-0.01090045612319329,0.433015,8.524282e-05,0.05559038942929572,0.2300930974114851,0.00022951328287148593,0.6030392367196598,0.6500071356384944,-3.130515147944291,1.3918811452025937
both_paths,35.288263927002845,0.021319953920705403,0.0,0.5,0.1,0.1,0.3032235950231552,0.006317864614089612,0.2890625,0.3154296875,16384,0.8093722249326367,1483490.0,0.05828497,0.06469283,0.984911487508794,0.11533395396965111,0.12902496206138167,1.161718,0.0001079791,0.12220659841597416,0.2300930974114851,0.00022951328287148593,0.6030392367196598,0.6500071356384944,0.8413679193397425,0.17393452661798522
both_paths,35.40931979600282,0.004030468918893318,0.0,0.5,0.1,0.1,0.20418909192085266,0.0094236427099839,0.1884765625,0.2222900390625,16384,0.44779318686576813,1483565.0,0.3565833,0.06905996,0.7490914890015047,0.6480014141380137,0.13768118382931963,1.17378,0.0001725214,0.3113124391815214,0.2300930974114851,0.00022951328287148593,0.6030392367196598,0.6500071356384944,0.20935716640436253,0.7241067198216982
both_paths,35.52825583700178,0.0003937321734025778,0.0,0.5,0.1,0.1,0.09744787961244583,0.002970549634043891,0.0882568359375,0.104248046875,16384,0.058076636981167384,1483729.0,0.7115901,-0.02332925,0.14692053586526532,0.9880480351983525,-0.04664157246211233,1.051405,0.0003430109,0.8108384901465129,0.2300930974114851,0.00022951328287148593,0.6030392367196598,0.6500071356384944,-0.04717075680647209,1.4233420273718604
both_paths,35.64835764899908,0.010666293771967941,0.0,0.5,0.1,0.1,0.09433036297559738,0.005626412417080091,0.0855712890625,0.109130859375,16384,0.04669445570698363,1483829.0,0.8838978,-0.03005959,-0.19537392469525192,0.9788866461821055,-0.060082971593651904,0.962785,0.0003765292,0.9090455001621435,0.2300930974114851,0.00022951328287148593,0.6030392367196598,0.6500071356384944,-0.06130198054619074,1.767435034748656
both_paths,35.766750383001636,0.033106486581920835,0.0,0.5,0.1,0.1,0.1551593691110611,0.005051840653828674,0.1427001953125,0.1685791015625,16384,0.26878365528931836,1483954.0,0.9673824,0.007809269,-0.35594211260650255,0.9343774898715642,0.01561790301335951,1.068657,0.0003263429,0.7620020502632092,0.2300930974114851,0.00022951328287148593,0.6030392367196598,0.6500071356384944,0.0167132116998574,1.9347183382999933
both_paths,35.88432233099593,0.06445344358911004,0.0,0.5,0.1,0.1,0.22114158421754837,0.01191139617297735,0.1904296875,0.23974609375,16384,0.5096874324616014,1484079.0,1.070509,-0.01708335,-0.5395036107400518,0.8412900479529165,-0.03416005289554132,0.9165188,0.0002555476,0.5545752196614311,0.2300930974114851,0.00022951328287148593,0.6030392367196598,0.6500071356384944,-0.04058207764581878,2.1406437771255087
both_paths,36.00878688899684,0.10276013201195336,0.0,0.5,0.1,0.1,0.24615935236215591,0.007130027960516214,0.228515625,0.260498046875,16384,0.6010283314103521,1484191.0,1.146111,-0.04546849,-0.6577268810673473,0.7477623857461779,-0.09081169739964001,0.932291,0.0002754988,0.6130312779407547,0.2300930974114851,0.00022951328287148593,0.6030392367196598,0.6500071356384944,-0.12085276631561559,2.2885933743785105
both_paths,36.125278284998785,0.13834909951864308,0.0,0.5,0.1,0.1,0.22630544006824493,0.013425595565697552,0.19384765625,0.2491455078125,16384,0.5285408822464919,1484316.0,1.060848,-0.061602,-0.5194862203076898,0.8455953458865634,-0.12289254625653127,0.9692352,0.0002984874,0.6803867724152753,0.2300930974114851,0.00022951328287148593,0.6030392367196598,0.6500071356384944,-0.14432212970509983,2.1170458890802357
both_paths,36.24551190400234,0.16970667824772373,0.0,0.5,0.1,0.1,0.17648103833198547,0.007792375853490669,0.15625,0.18798828125,16384,0.34662994527290036,1484416.0,0.9758682,-0.05605863,-0.36945899187190406,0.9224870491137961,-0.11188251669638606,1.033503,0.0003324415,0.7798706555111284,0.2300930974114851,0.00022951328287148593,0.6030392367196598,0.6500071356384944,-0.12069407591243264,1.9492230795170589
both_paths,36.36566306900204,0.19122585211600485,0.0,0.5,0.1,0.1,0.10684909671545029,0.006564062296464669,0.0953369140625,0.1246337890625,16384,0.09240086672209605,1484554.0,0.8383417,-0.0898662,-0.10398682581062818,0.978380985842313,-0.1787662904466439,0.9387668,0.0003735515,0.9003209821011577,0.2300930974114851,0.00022951328287148593,0.6030392367196598,0.6500071356384944,-0.1807228758033097,1.674971476526771
both_paths,36.48421347900148,0.199877042905097,0.0,0.5,0.1,0.1,0.08385829627513885,0.0019087977468588617,0.0789794921875,0.0889892578125,16384,0.008460510107110715,1484679.0,0.6288173,-0.03690182,0.3072294859673253,0.9487744454552809,-0.0737366571203042,1.064542,0.0003072423,0.7060382091523965,0.2300930974114851,0.00022951328287148593,0.6030392367196598,0.6500071356384944,-0.07756188559235033,1.258515986566064
both_paths,36.605412946002616,0.19456643421112604,0.0,0.5,0.1,0.1,0.16384565830230713,0.004818578437732069,0.154541015625,0.1781005859375,16384,0.3004976538630978,1484804.0,0.3303738,-0.03202107,0.7879151029735206,0.6124491806623178,-0.06399837195024465,1.034671,0.0001737491,0.31490954124804,0.2300930974114851,0.00022951328287148593,0.6030392367196598,0.6500071356384944,-0.10411793759186594,0.6633804626960846
both_paths,36.72655331299757,0.1757227697947701,0.0,0.5,0.1,0.1,0.2942983955144882,0.010711583847479191,0.2667236328125,0.31005859375,16384,0.7767859549781639,1484880.0,0.2441716,0.04531486,0.8794870356872562,0.4672379178089497,0.0905057026910464,1.117827,0.0001046747,0.11252486503762116,0.2300930974114851,0.00022951328287148593,0.6030392367196598,0.6500071356384944,0.19133413785837838,0.4960130329260177
both_paths,36.84836386400275,0.14585643207179652,0.0,0.5,0.1,0.1,0.3542690947651863,0.0014699255138517066,0.3492431640625,0.35888671875,16384,0.9957414408744802,1484994.0,-0.5936106,0.3978769,0.26187184442376327,-0.648897712149756,0.7143912767278928,0.3285153,7.885685e-05,0.03687980387604519,0.2300930974114851,0.00022951328287148593,0.6030392367196598,0.6500071356384944,2.3081905452795493,1.305835103936802
both_paths,36.96820419799769,0.10997234262721695,0.0,0.5,0.1,0.1,0.3483958765864372,0.004637248588565874,0.3359375,0.3565673828125,16384,0.9742980800971234,1485158.0,1.532199,0.03901284,-0.9939885731840873,0.07688338067741123,0.07794653395164376,0.7394827,0.0001278444,0.18041097381876933,0.2300930974114851,0.00022951328287148593,0.6030392367196598,0.6500071356384944,0.7922646437414729,3.031888876399074
both_paths,37.084328657001606,0.07381618701832014,0.0,0.5,0.1,0.1,0.3418354094028473,0.005578776570069157,0.326904296875,0.352294921875,16384,0.9503455449785162,1485284.0,1.492101,0.02219888,-0.9866663999033268,0.1565871930495215,0.04438317558129796,0.7794498,0.0001394463,0.21440398389088947,0.2300930974114851,0.00022951328287148593,0.6030392367196598,0.6500071356384944,0.2761963571597139,2.97810970816897
both_paths,37.206496708000486,0.03958262711998566,0.0,0.5,0.1,0.1,0.3515796512365341,0.0032227417502408494,0.3443603515625,0.3592529296875,16384,0.9859221720988224,1485409.0,-1.442647,0.137986,-0.9307317210543481,-0.24390954744570525,0.27248228582431294,0.5709222,0.0001049209,0.11324621921924279,0.2300930974114851,0.00022951328287148593,0.6030392367196598,0.6500071356384944,2.3009193468102573,2.7672049670307355
both_paths,37.32855742800166,0.014157376663501628,0.0,0.5,0.1,0.1,0.35321853309869766,0.0033147230905285654,0.34326171875,0.360107421875,16384,0.9919057970846942,1485534.0,-0.7768113,0.217981,0.015566603744800256,-0.9063305543417381,0.4222826152169304,0.424012,9.602278e-05,0.08717515475713448,0.2300930974114851,0.00022951328287148593,0.6030392367196598,0.6500071356384944,2.705574199562772,1.555229094300496
both_paths,37.45131071499782,0.0011675879400038225,0.0,0.5,0.1,0.1,0.3096966966986656,0.008660612800599472,0.2962646484375,0.3284912109375,16384,0.8330057849932382,1485647.0,0.06904665,-0.04180723,0.9870198688021953,0.1371738991563273,-0.08351706400459087,0.6880818,0.0001261574,0.17546814480010284,0.2300930974114851,0.00022951328287148593,0.6030392367196598,0.6500071356384944,-0.5468947286443235,0.16129667967412023
both_paths,37.57518964799965,0.0027769338169001956,0.0,0.5,0.1,0.1,0.19843126088380814,0.010637257710868677,0.1776123046875,0.21630859375,16384,0.4267711092816002,1485747.0,0.3617752,-0.08055438,0.7397544336084063,0.6534761981305364,-0.16041270658387966,1.173561,0.0001874799,0.3551401261262296,0.2300930974114851,0.00022951328287148593,0.6030392367196598,0.6500071356384944,-0.24071624536700753,0.7380909916323338
both_paths,37.69842819299811,0.018809041053124753,0.0,0.5,0.1,0.1,0.09638262540102005,0.005083702938736916,0.0855712890625,0.1064453125,16384,0.05418735010640889,1485884.0,0.6799161,-0.08395198,0.20645796270818423,0.9640784723034482,-0.1671161538434732,1.047914,0.0003344548,0.7857695278663631,0.2300930974114851,0.00022951328287148593,0.6030392367196598,0.6500071356384944,-0.17163735158726112,1.362842787688643
both_paths,37.819779956000275,0.04635896588173799,0.0,0.5,0.1,0.1,0.0912567749619484,0.004123086317084731,0.08251953125,0.1026611328125,16384,0.03547265964020234,1486009.0,0.9001794,-0.060916,-0.22586480688644142,0.9665481602976301,-0.12153083080197082,0.9879484,0.0003827808,0.9273623880655787,0.2300930974114851,0.00022951328287148593,0.6030392367196598,0.6500071356384944,-0.12508055425940023,1.7986270192197096
both_paths,37.93914893799956,0.08099930265763329,0.0,0.5,0.1,0.1,0.16155444085597992,0.009370754494379794,0.1431884765625,0.179443359375,16384,0.29213232486872476,1486134.0,0.9990822,-0.02709202,-0.4138687452158716,0.9087241735575102,-0.05415753064588498,1.00015,0.0003169941,0.7346105150351657,0.2300930974114851,0.00022951328287148593,0.6030392367196598,0.6500071356384944,-0.059526915723775,1.9974961006980676
both_paths,38.058705281000584,0.11833843421009892,0.0,0.5,0.1,0.1,0.2209218218922615,0.01068275461756839,0.1929931640625,0.2398681640625,16384,0.5088850711865771,1486234.0,1.029473,-0.03862658,-0.4675936897534993,0.8805679722045665,-0.07717634113020701,1.025739,0.0002732165,0.6063442484983703,0.2300930974114851,0.00022951328287148593,0.6030392367196598,0.6500071356384944,-0.08742043872223926,2.0573628942010758
both_paths,38.18189999400056,0.15408570190426116,0.0,0.5,0.1,0.1,0.2299935445189476,0.008379077900533067,0.211181640625,0.249267578125,16384,0.5420063030624843,1486372.0,1.079716,-0.02282577,-0.5546483674263218,0.8308324577059516,-0.045635684870549406,0.9162268,0.0002687341,0.5932110316677415,0.2300930974114851,0.00022951328287148593,0.6030392367196598,0.6500071356384944,-0.05487252252917729,2.1587366411717355
both_paths,38.30426585600071,0.181682136115567,0.0,0.5,0.1,0.1,0.21018405258655548,0.009903030417958236,0.1898193359375,0.2271728515625,16384,0.46968103446282583,1486447.0,1.129056,-0.002257485,-0.6344581482916033,0.7729440298306237,-0.004514954660439599,0.9414974,0.0003297527,0.7719926005820292,0.2300930974114851,0.00022951328287148593,0.6030392367196598,0.6500071356384944,-0.0058411775458027115,2.2581036337190317
both_paths,38.42128448999574,0.19695788215368668,0.0,0.5,0.1,0.1,0.1535845324397087,0.007847513060144733,0.1373291015625,0.171630859375,16384,0.2630338619253651,1486610.0,0.9694878,0.0192399,-0.35965088912542265,0.9322935554953822,0.0384703045617246,0.9314038,0.0003752798,0.9053848181372937,0.2300930974114851,0.00022951328287148593,0.6030392367196598,0.6500071356384944,0.04124075701608465,1.9386900471033501
both_paths,38.542618230996595,0.19910502332575522,0.0,0.5,0.1,0.1,0.09490843117237091,0.00620521561741763,0.0836181640625,0.111083984375,16384,0.048805006434041925,1486734.0,0.7824484,0.03083199,0.005888279874772097,0.99808201006772,0.06162490843235429,1.041817,0.0003664548,0.879527991765194,0.2300930974114851,0.00022951328287148593,0.6030392367196598,0.6500071356384944,0.0616650503866949,1.5649080128933441
both_paths,38.66133835900109,0.18742733688494048,0.0,0.5,0.1,0.1,0.09439545124769211,0.003054365953156751,0.08740234375,0.10595703125,16384,0.0469320956615067,1486859.0,0.582375,0.06044659,0.39209738984360554,0.9119843958535165,0.12059891623695529,1.140624,0.0002786651,0.6223083849483444,0.2300930974114851,0.00022951328287148593,0.6030392367196598,0.6500071356384944,0.13147509516112965,1.1678858782351385
both_paths,38.784172346997366,0.16272697755140392,0.0,0.5,0.1,0.1,0.1960911825299263,0.008175389861494112,0.177001953125,0.2105712890625,16384,0.4182273871070804,1486984.0,0.1876865,0.06263975,0.9230794175678793,0.3637463053051923,0.12495204775979693,1.581242,0.0001172563,0.14938834908104395,0.2300930974114851,0.00022951328287148593,0.6030392367196598,0.6500071356384944,0.33088524565245336,0.39478463397279784
both_paths,38.90523037099774,0.12933485104537143,0.0,0.5,0.1,0.1,0.3094933032989502,0.013026151763560074,0.284912109375,0.333740234375,16384,0.8322631873377293,1487096.0,-0.07919237,0.1748907,0.9276888970465248,-0.148172849645516,0.342692452389208,0.7292357,7.610896e-05,0.02882861808345274,0.2300930974114851,0.00022951328287148593,0.6030392367196598,0.6500071356384944,1.9788999964111103,0.38262198378096535
both_paths,39.02276649399573,0.09285379140372052,0.0,0.5,0.1,0.1,0.35400818288326263,0.000891765494189806,0.350341796875,0.357666015625,16384,0.994788840878207,1487146.0,-0.8088262,0.09408922,-0.046012064475586076,-0.9812684539542232,0.18706980300674625,0.3828033,8.230248e-05,0.046975334374911734,0.2300930974114851,0.00022951328287148593,0.6030392367196598,0.6500071356384944,2.9532123067715315,1.6168246421917232
both_paths,39.14029853000102,0.05733722950229131,0.0,0.5,0.1,0.1,0.34281107783317566,0.006372031465009635,0.3251953125,0.3516845703125,16384,0.9539077504872966,1487333.0,1.46682,0.01187292,-0.9781798088374778,0.20639889204794032,0.023743608488563155,0.7751275,0.0001411845,0.21949682645179408,0.2300930974114851,0.00022951328287148593,0.6030392367196598,0.6500071356384944,0.1145340177538281,2.9323081122652086
both_paths,39.26205731600203,0.026662223085900535,0.0,0.5,0.1,0.1,0.3360213339328766,0.004690634545413868,0.3255615234375,0.346435546875,16384,0.9291181166598366,1487458.0,1.447607,0.03195217,-0.967822454195914,0.24339574462583255,0.06386085383264595,0.8216167,0.0001575816,0.2675395423391541,0.2300930974114851,0.00022951328287148593,0.6030392367196598,0.6500071356384944,0.2565909825583388,2.887224386033102
both_paths,39.383383792999666,0.006636277541393176,0.0,0.5,0.1,0.1,0.3449183255434036,0.004687497336770436,0.333740234375,0.355224609375,16384,0.9616013984197324,1487545.0,1.53826,0.02249076,-0.9968741646890001,0.0649609644099132,0.044966352737822624,0.6976961,0.0001212362,0.1610492650332614,0.2300930974114851,0.00022951328287148593,0.6030392367196598,0.6500071356384944,0.6054757436510485,3.062504536351
both_paths,39.50327783999819,5.302020625597148e-06,0.0,0.5,0.1,0.1,0.35297897458076477,0.001983799746687217,0.34619140625,0.3572998046875,16384,0.9910311590973109,1487707.0,-0.5156741,0.1507994,0.4904772721114547,-0.8192649110389068,0.29704722029084557,0.4621316,8.477162e-05,0.054209796048385425,0.2300930974114851,0.00022951328287148593,0.6030392367196598,0.6500071356384944,2.793756956077356,1.058158984878919
both_paths,39.62338857100258,0.007419499745036043,0.0,0.5,0.1,0.1,0.30282142758369446,0.004503560503220405,0.2919921875,0.31103515625,16384,0.8079038950945819,1487819.0,0.2650984,0.03422997,0.8606867011929424,0.5045185391518013,0.06840647660669871,0.9987926,0.0001259357,0.17481857444240376,0.2300930974114851,0.00022951328287148593,0.6030392367196598,0.6500071356384944,0.13476580205160626,0.5341794273917753
both_paths,39.74540801600233,0.028276632694916717,0.0,0.5,0.1,0.1,0.18086733669042587,0.008462372004042783,0.168212890625,0.202392578125,16384,0.3626445007201149,1487894.0,0.3234378,0.0631596,0.7916127890118937,0.5978940892979631,0.12598353168319523,1.341021,0.0001686767,0.3000476527392766,0.2300930974114851,0.00022951328287148593,0.6030392367196598,0.6500071356384944,0.20767413933769863,0.6573523344210439
both_paths,39.86516768099682,0.05889658123993599,0.0,0.5,0.1,0.1,0.09228413552045822,0.0039258153362618595,0.0841064453125,0.10205078125,16384,0.039223595231913176,1488056.0,0.74119,0.09145052,0.08682832594781553,0.9794791581385147,0.18188298597000926,1.014029,0.0003553911,0.8471118818577723,0.2300930974114851,0.00022951328287148593,0.6030392367196598,0.6500071356384944,0.18360230533827293,1.483858526954696
both_paths,39.98930632099655,0.09664111357038033,0.0,0.5,0.1,0.1,0.10054468363523483,0.004308348012846388,0.0906982421875,0.10986328125,16384,0.06938319565077536,1488183.0,0.8786562,0.0350566,-0.1849809214836437,0.9802419333124208,0.07005576966238805,1.058895,0.0003597845,0.8599843329606826,0.2300930974114851,0.00022951328287148593,0.6030392367196598,0.6500071356384944,0.07134652986622347,1.7568487755370634
both_paths,40.10670181200112,0.13289709155240437,0.0,0.5,0.1,0.1,0.16528740525245667,0.013209453725269861,0.140380859375,0.184814453125,16384,0.30576153118908794,1488309.0,1.026005,0.02743429,-0.46215880476462023,0.8850998237793212,0.05484105327537418,0.9570016,0.000322625,0.7511087817341636,0.2300930974114851,0.00022951328287148593,0.6030392367196598,0.6500071356384944,0.06188119498217404,2.0512243693108814
both_paths,40.224211405999085,0.16475621961879244,0.0,0.5,0.1,0.1,0.21045862138271332,0.009073324244981081,0.192138671875,0.2305908203125,16384,0.4706834964138428,1488409.0,1.045203,0.04177151,-0.4948095851190311,0.8649856997028916,0.08344587337808516,0.9513908,0.0002835544,0.6366337992464867,0.2300930974114851,0.00022951328287148593,0.6030392367196598,0.6500071356384944,0.09617320042143707,2.0884120255726324
both_paths,40.346485837995715,0.18859402423889735,0.0,0.5,0.1,0.1,0.22129818052053452,0.009462531102421172,0.205810546875,0.24169921875,16384,0.5102591719950453,1488534.0,1.124242,0.02389748,-0.626277339980461,0.778134997366577,0.04777676527681065,0.8751482,0.0003033699,0.6946922630398392,0.2300930974114851,0.00022951328287148593,0.6030392367196598,0.6500071356384944,0.0613220891734918,2.2475652384687526
both_paths,40.46777252099855,0.19948790397828314,0.0,0.5,0.1,0.1,0.19220254570245743,0.009905462098970778,0.1749267578125,0.2110595703125,16384,0.4040298143478659,1488659.0,1.053048,0.01727056,-0.5097945496068408,0.8596027586227997,0.03453425197150243,0.958652,0.000354307,0.8439355208979998,0.2300930974114851,0.00022951328287148593,0.6030392367196598,0.6500071356384944,0.04015307085472397,2.1057422866080984
both_paths,40.58684208500199,0.1963014220729058,0.0,0.5,0.1,0.1,0.1395983248949051,0.007856985144983317,0.1231689453125,0.1541748046875,16384,0.21196964378080924,1488784.0,0.8621048,0.01947956,-0.15269624573043433,0.9875053474650478,0.038949265304572475,1.066566,0.0003587091,0.8568334625832823,0.2300930974114851,0.00022951328287148593,0.6030392367196598,0.6500071356384944,0.039421646409137256,1.724092267502786
both_paths,40.707331585996144,0.1795265230577849,0.0,0.5,0.1,0.1,0.08774127811193466,0.00359756403594683,0.081787109375,0.09814453125,16384,0.022637436263133477,1488909.0,0.7323632,0.04478745,0.10544668962655454,0.990393239937028,0.0894551615829825,1.009423,0.0003552366,0.8466592042742608,0.2300930974114851,0.00022951328287148593,0.6030392367196598,0.6500071356384944,0.0900784424395753,1.4651532425350473
both_paths,40.826574425002036,0.1518274859980442,0.0,0.5,0.1,0.1,0.11010558903217316,0.0035799989177733114,0.1026611328125,0.1190185546875,16384,0.10429045391108278,1489034.0,0.4411255,0.07479341,0.6283187571706693,0.7635481149754412,0.14902957929537392,1.278207,0.0002155689,0.4374395477654252,0.2300930974114851,0.00022951328287148593,0.6030392367196598,0.6500071356384944,0.19275700358984427,0.8914061089571956
both_paths,40.950553467002464,0.11547168686792657,0.0,0.5,0.1,0.1,0.22872065007686615,0.01028499579212116,0.207763671875,0.252685546875,16384,0.5373589131780413,1489134.0,0.2912691,0.1170285,0.8122995379045528,0.5351447313630875,0.23192580109677063,1.127079,0.000135565,0.20303196120556039,0.2300930974114851,0.00022951328287148593,0.6030392367196598,0.6500071356384944,0.40895463305814417,0.6227122748794892
both_paths,41.07157598599588,0.07770275846990517,0.0,0.5,0.1,0.1,0.3272116407752037,0.005477295315565353,0.3126220703125,0.338134765625,16384,0.8969535651365648,1489271.0,-0.9173564,0.02864778,-0.26043534939694896,-0.9637915948140838,0.05726421701388964,0.2843873,9.351474e-05,0.07982671795098376,0.2300930974114851,0.00022951328287148593,0.6030392367196598,0.6500071356384944,3.0822468626400514,1.8342694120097702
both_paths,41.189307747001294,0.04397166657160654,0.0,0.5,0.1,0.1,0.3517470136284828,0.0010044539683847784,0.3477783203125,0.3551025390625,16384,0.9865332190652203,1489383.0,-1.528134,-0.02111747,-0.9954735413275638,-0.0851451627721843,-0.042222384741475445,0.6676751,0.0001165738,0.1473886568432017,0.2300930974114851,0.00022951328287148593,0.6030392367196598,0.6500071356384944,-2.681240803945648,3.046409907201726
both_paths,41.31226449699898,0.016894165636261005,0.0,0.5,0.1,0.1,0.3371942862868309,0.004706220463815102,0.3271484375,0.3465576171875,16384,0.9334006138760135,1489508.0,1.456533,0.008762656,-0.9738516560916348,0.22650793983850553,0.017524414903101204,0.7831235,0.0001496111,0.2441863599483531,0.2300930974114851,0.00022951328287148593,0.6030392367196598,0.6500071356384944,0.07721395656163432,2.9124066975025227
both_paths,41.43654912200145,0.0019801882614325084,0.0,0.5,0.1,0.1,0.33443380892276764,0.0037487345514308898,0.32373046875,0.3431396484375,16384,0.9233219976499868,1489634.0,1.493801,0.01426839,-0.9877645220109611,0.15332032570343893,0.02853290701363852,0.7838971,0.000152837,0.2536380920949543,0.2300930974114851,0.00022951328287148593,0.6030392367196598,0.6500071356384944,0.18399511964135273,2.9850007580479554
both_paths,41.55842100999871,0.0016795325484104812,0.0,0.5,0.1,0.1,0.3472071588039398,0.002584065570145851,0.3408203125,0.353271484375,16384,0.9699580226538665,1489760.0,-1.275483,-0.06471047,-0.8236454589396828,-0.5522243095208165,-0.12905994708776522,0.4777868,0.000101213,0.10238225021016542,0.2300930974114851,0.00022951328287148593,0.6030392367196598,0.6500071356384944,-2.9120042124344967,2.5386058484023706
both_paths,41.678396581002744,0.015298368339452459,0.0,0.5,0.1,0.1,0.34285932034254074,0.0019863649067278816,0.3375244140625,0.3482666015625,16384,0.9540838858702564,1489860.0,-0.2346724,-0.0001598633,0.8918647823134452,-0.452302009551025,-0.0003197265945526528,1.137203,6.626968e-05,0.0,0.2300930974114851,0.00022951328287148593,0.6030392367196598,0.6500071356384944,-3.140885766300888,0.46934490078548585
both_paths,41.80023255299602,0.0412805961646219,0.0,0.5,0.1,0.1,0.2690891698002815,0.011775305696927545,0.2484130859375,0.29345703125,16384,0.6847460365798508,1489997.0,0.2585949,0.1470833,0.83187430733591,0.47320034897699,0.2899423503430549,1.062249,0.0001539398,0.2568692431570678,0.2300930974114851,0.00022951328287148593,0.6030392367196598,0.6500071356384944,0.5497246389621306,0.5883197931755852
both_paths,41.920331814995734,0.07523199255468342,0.0,0.5,0.1,0.1,0.14665314555168152,0.008322902135199383,0.1312255859375,0.165771484375,16384,0.23772708373258486,1490110.0,0.5682588,0.1700633,0.3966520945944846,0.8552039859417685,0.33360644220865926,1.054194,0.0002836015,0.6367717999855377,0.2300930974114851,0.00022951328287148593,0.6030392367196598,0.6500071356384944,0.37193410781994185,1.162929445953977
both_paths,42.04059268900164,0.11271803203184642,0.0,0.5,0.1,0.1,0.08618243038654327,0.0010759058090155603,0.0831298828125,0.090576171875,16384,0.016946019197532636,1490235.0,0.851336,0.2353536,-0.11719352183692454,0.8835090780999924,0.4535166891685022,0.9233584,0.0003917873,0.9537510007251045,0.2300930974114851,0.00022951328287148593,0.6030392367196598,0.6500071356384944,0.47424119202088777,1.6882597825464147
both_paths,42.158103465997556,0.14765239985278114,0.0,0.5,0.1,0.1,0.12824538350105286,0.009115029452558564,0.112060546875,0.1473388671875,16384,0.17051958849878113,1490359.0,0.9920006,0.1875234,-0.37363522485606476,0.8521791190161676,0.3663160764416248,1.017628,0.0003669394,0.880947846502862,0.2300930974114851,0.00022951328287148593,0.6030392367196598,0.6500071356384944,0.40597827488704574,1.9537213289342856
both_paths,42.279161612997996,0.17688316798795312,0.0,0.5,0.1,0.1,0.199111670255661,0.012549596437562972,0.177490234375,0.22802734375,16384,0.429255311841915,1490484.0,1.117111,0.1383245,-0.5924036503000266,0.7579287224267798,0.2731336061924879,0.907788,0.0003072066,0.7059336098661094,0.2300930974114851,0.00022951328287148593,0.6030392367196598,0.6500071356384944,0.3458817281839366,2.204835430602089
both_paths,42.39891710200027,0.1949999731318604,0.0,0.5,0.1,0.1,0.233867846429348,0.005075121344395784,0.2216796875,0.2467041015625,16384,0.5561515384507622,1490584.0,1.102615,0.1142494,-0.5773151946596069,0.7844729755263182,0.22651559920681968,0.9679824,0.0002745056,0.6101212496174948,0.2300930974114851,0.00022951328287148593,0.6030392367196598,0.6500071356384944,0.28110286239966875,2.186233078766918
both_paths,42.51842092000152,0.1998325939408362,0.0,0.5,0.1,0.1,0.2404947578907013,0.009476532067935464,0.221923828125,0.257568359375,16384,0.5803466643562782,1490708.0,1.149986,0.1108925,-0.6499361243271385,0.7274583718915778,0.21997125143862142,0.8760794,0.0002825916,0.6338128414639306,0.2300930974114851,0.00022951328287148593,0.6030392367196598,0.6500071356384944,0.2936418567552841,2.2782967123270104
both_paths,42.63954542099964,0.19054341858514945,0.0,0.5,0.1,0.1,0.20515330880880356,0.010537461131708984,0.1893310546875,0.2254638671875,16384,0.45131358232302576,1490833.0,1.109079,0.1641142,-0.5708882945383718,0.7550936279756086,0.32236651214061063,0.9178266,0.0003498353,0.8308336545537371,0.2300930974114851,0.00022951328287148593,0.6030392367196598,0.6500071356384944,0.4034979537435808,2.178383705545723
both_paths,42.76025041699904,0.1683973408551366,0.0,0.5,0.1,0.1,0.14130257815122604,0.005879501073667435,0.1265869140625,0.15478515625,16384,0.21819194241148246,1490958.0,0.9385524,0.2842903,-0.2540983734085305,0.8034426799323573,0.5384365112938114,0.890533,0.0003841491,0.931371441382853,0.2300930974114851,0.00022951328287148593,0.6030392367196598,0.6500071356384944,0.590418339686321,1.8277116919971175
both_paths,42.877470168998116,0.1375502431662992,0.0,0.5,0.1,0.1,0.09121229499578476,0.0022050564481257773,0.0859375,0.097900390625,16384,0.03531026145699461,1491082.0,0.7059702,0.4228813,0.1049044886754706,0.6548107701745145,0.7484770561073981,0.882127,0.0003628397,0.8689359223014235,0.2300930974114851,0.00022951328287148593,0.6030392367196598,0.6500071356384944,0.8520470377642395,1.465698467492345
both_paths,42.99874350999744,0.10039473695101411,0.0,0.5,0.1,0.1,0.12035799026489258,0.0035954710323508996,0.111328125,0.1278076171875,16384,0.14172239186681607,1491182.0,0.4025137,0.3897564,0.4929655398656271,0.5127086931197108,0.7029329786718426,0.949625,0.0002620255,0.573555155701751,0.2300930974114851,0.00022951328287148593,0.6030392367196598,0.6500071356384944,0.9406199594270692,1.0553013770320223
both_paths,43.11689610999747,0.06409592025203045,0.0,0.5,0.1,0.1,0.23298272490501404,0.012383553271458866,0.2054443359375,0.249755859375,16384,0.5529199234144313,1491307.0,0.06856321,0.1696011,0.9341681903596691,0.1289081356787157,0.3327348564187088,1.376476,0.0001098636,0.12772809295401627,0.2300930974114851,0.00022951328287148593,0.6030392367196598,0.6500071356384944,1.2011816018997443,0.3648755105160555
both_paths,43.23466925899993,0.03277563659299232,0.0,0.5,0.1,0.1,0.32698215544223785,0.004118971241201291,0.3173828125,0.3380126953125,16384,0.8961157047611911,1491419.0,-0.4495537,-0.2384277,0.5528857816551865,-0.6954478032638174,-0.45898765275229786,0.5801704,8.016374e-05,0.040708928841193405,0.2300930974114851,0.00022951328287148593,0.6030392367196598,0.6500071356384944,-2.55822755681505,0.984972797107244
both_paths,43.35436515699985,0.010285163234651576,0.0,0.5,0.1,0.1,0.34642623364925385,0.0016959039518103292,0.34033203125,0.3505859375,16384,0.9671068328423531,1491557.0,1.51267,-0.05626185,-0.9869688386671369,0.11525743735743028,-0.11228639558664712,0.7137818,0.000131614,0.19145572086605162,0.2300930974114851,0.00022951328287148593,0.6030392367196598,0.6500071356384944,-0.772341896788094,2.979978533192061
both_paths,43.47218207900005,0.0003816301359290397,0.0,0.5,0.1,0.1,0.33291318267583847,0.004963334288587871,0.3221435546875,0.3450927734375,16384,0.9177701287719664,1491657.0,1.422035,0.036921,-0.9534603054983835,0.29235373796793845,0.07377491264043251,0.8522236,0.0001786996,0.3294142686083888,0.2300930974114851,0.00022951328287148593,0.6030392367196598,0.6500071356384944,0.24718742319381137,2.8353077101782245
both_paths,43.59175911400234,0.004126279267703106,0.0,0.5,0.1,0.1,0.3319631814956665,0.006647884619944299,0.31689453125,0.3436279296875,16384,0.9143016354476334,1491794.0,1.503529,-0.0004094512,-0.9909635227611433,0.13412913910047336,-0.0008189023084738558,0.7625037,0.0001444584,0.2290891962942436,0.2300930974114851,0.00022951328287148593,0.6030392367196598,0.6500071356384944,-0.006105251545830193,3.007055522778589
both_paths,43.71031146199675,0.021044508720324026,0.0,0.5,0.1,0.1,0.34735947847366333,0.002308857601407492,0.34033203125,0.351806640625,16384,0.9705141480236318,1491906.0,-1.431489,-0.08691938,-0.9469466344012212,-0.27087884300674026,-0.17296451661404355,0.5597271,0.0001060513,0.11655823695646897,0.2300930974114851,0.00022951328287148593,0.6030392367196598,0.6500071356384944,-2.5733223546695294,2.8143947695814586
both_paths,43.82983699099714,0.04905178582383614,0.0,0.5,0.1,0.1,0.3458188995718956,0.0024020645069405674,0.3394775390625,0.3515625,16384,0.9648894311833618,1492031.0,-0.2206814,-0.003101808,0.904152954558527,-0.4271638449182034,-0.006203576209203173,1.232195,6.701255e-05,0.002176573439891372,0.2300930974114851,0.00022951328287148593,0.6030392367196598,0.6500071356384944,-3.1270709654647204,0.4414035274413044
both_paths,43.94943690999935,0.08418185605496445,0.0,0.5,0.1,0.1,0.28074221312999725,0.007819120974166892,0.2646484375,0.298583984375,16384,0.7272917763545798,1492144.0,0.1113135,0.1387249,0.9380216730347252,0.2123487967093142,0.27390386900013225,1.17921,0.0001305641,0.18837956426457092,0.2300930974114851,0.00022951328287148593,0.6030392367196598,0.6500071356384944,0.9113190918743719,0.35391903764754584
both_paths,44.0710486129974,0.12213570290009607,0.0,0.5,0.1,0.1,0.15404365211725235,0.008824749951793562,0.1334228515625,0.17041015625,16384,0.26471012672362754,1492256.0,0.4617436,0.1761931,0.5659862177862583,0.7486916010901931,0.3451383602745562,1.076366,0.0002500668,0.5385167387571589,0.2300930974114851,0.00022951328287148593,0.6030392367196598,0.6500071356384944,0.4319544543437628,0.9691672995656366
both_paths,44.19107315700239,0.1564868615887859,0.0,0.5,0.1,0.1,0.08640920370817184,0.0018724308627959554,0.0826416015625,0.0936279296875,16384,0.017773977908134585,1492381.0,0.7777128,0.200879,0.014146275221505434,0.9202662522047876,0.39103696494105467,0.9759468,0.0003732351,0.899393945289358,0.2300930974114851,0.00022951328287148593,0.6030392367196598,0.6500071356384944,0.40180051834330976,1.556649579712296
both_paths,44.309355270001106,0.18259403903836885,0.0,0.5,0.1,0.1,0.12335579842329025,0.006624268384009338,0.108154296875,0.136474609375,16384,0.1526675125698778,1492506.0,0.9854386,0.2183463,-0.3529410564020864,0.8345959119714278,0.42294476521924235,0.9055746,0.0003724559,0.8971109266934212,0.2300930974114851,0.00022951328287148593,0.6030392367196598,0.6500071356384944,0.4690456833089822,1.93150891883151
both_paths,44.43429272800131,0.19787698083656155,0.0,0.5,0.1,0.1,0.1927867755293846,0.010495909378365831,0.1756591796875,0.2156982421875,16384,0.4061628614396667,1492631.0,1.191808,0.1332471,-0.7005926456877193,0.6631863892910371,0.2633510164540828,0.901269,0.0003384,0.7973287744842903,0.2300930974114851,0.00022951328287148593,0.6030392367196598,0.6500071356384944,0.37800349073803385,2.347024031252048
both_paths,44.558563920996676,0.19831226358881787,0.0,0.5,0.1,0.1,0.24419978260993958,0.007522401539344553,0.2288818359375,0.2620849609375,16384,0.5938738617675914,1492758.0,1.167537,0.103905,-0.6771270919536259,0.7063511766654419,0.20631751395790818,0.9643322,0.000279852,0.6257859449733918,0.2300930974114851,0.00022951328287148593,0.6030392367196598,0.6500071356384944,0.2841834245262653,2.314647795414549
both_paths,44.68195401399862,0.18410227489219777,0.0,0.5,0.1,0.1,0.246622234582901,0.01074633281495838,0.2257080078125,0.27099609375,16384,0.6027183334083666,1492860.0,1.182334,0.1121535,-0.6952094421431217,0.6835264305871923,0.22243077629631577,0.9429334,0.000288956,0.6524602279526093,0.2300930974114851,0.00022951328287148593,0.6030392367196598,0.6500071356384944,0.3146085597781645,2.339507561119467
both_paths,44.801420454001345,0.15841691832538515,0.0,0.5,0.1,0.1,0.2108219489455223,0.00845796488721975,0.19189453125,0.2244873046875,16384,0.47201002026713007,1492988.0,1.102496,0.1415088,-0.5689572483878991,0.7735015140697322,0.27925446681960586,0.9012522,0.0003347939,0.7867630745884912,0.2300930974114851,0.00022951328287148593,0.6030392367196598,0.6500071356384944,0.3464639232017501,2.176033637005575
both_paths,44.923791809997056,0.12371344403640104,0.0,0.5,0.1,0.1,0.14472585171461105,0.007982087941675603,0.13134765625,0.1646728515625,16384,0.2306904547815588,1493115.0,0.9875104,0.2056159,-0.36051559837965774,0.8427558645845847,0.3997387347171231,0.9062298,0.0003990388,0.9749975476301785,0.2300930974114851,0.00022951328287148593,0.6030392367196598,0.6500071356384944,0.44289605735697,1.9396169316534826
both_paths,45.04175881300034,0.08691868036031833,0.0,0.5,0.1,0.1,0.09009688347578049,0.0026122603737504632,0.0843505859375,0.0977783203125,16384,0.031237848188709408,1493240.0,0.7413187,0.2260693,0.07919758143651688,0.896021576978855,0.43689023413545436,0.9593942,0.0003608299,0.8630473047781775,0.2300930974114851,0.00022951328287148593,0.6030392367196598,0.6500071356384944,0.45366957614206616,1.4915157195397244
both_paths,45.159421506999934,0.05198397110501364,0.0,0.5,0.1,0.1,0.11382187902927399,0.007502738774102811,0.0986328125,0.126220703125,16384,0.11785878131452489,1493365.0,0.4897861,0.2193364,0.5046031210610273,0.7516469007706442,0.4247383038735209,1.019521,0.0002466689,0.5285610548671015,0.2300930974114851,0.00022951328287148593,0.6030392367196598,0.6500071356384944,0.5143448344688544,1.0418741189605083
both_paths,45.281310501995904,0.022686897980414678,0.0,0.5,0.1,0.1,0.23319105803966522,0.00838130009588983,0.21728515625,0.2503662109375,16384,0.5536805562450602,1493465.0,0.03437027,0.1435301,0.9568153150585361,0.06587579426395518,0.2831339481579826,0.9465022,0.0001290593,0.18397057249972834,0.2300930974114851,0.00022951328287148593,0.6030392367196598,0.6500071356384944,1.3421968574142724,0.2949546889780638
both_paths,45.40330430200265,0.004578694935288827,0.0,0.5,0.1,0.1,0.33265428245067596,0.0030887456169442495,0.3258056640625,0.3409423828125,16384,0.9168248734171448,1493603.0,-0.5833539,-0.02297614,0.3927658099319668,-0.9184905510644537,-0.04593610947612395,0.3377951,8.058507e-05,0.04194340551602139,0.2300930974114851,0.00022951328287148593,0.6030392367196598,0.6500071356384944,-3.0916216795859937,1.1671591617969177
both_paths,45.52257216099679,0.00025132403859859376,0.0,0.5,0.1,0.1,0.3526299074292183,0.0010719702113878699,0.347412109375,0.355712890625,16384,0.9897567005912028,1493715.0,-1.512137,-0.01157085,-0.9928601397691517,-0.11701837536165188,-0.023139634510943436,0.6610999,0.0001187333,0.15371588818037438,0.2300930974114851,0.00022951328287148593,0.6030392367196598,0.6500071356384944,-2.9463676500315024,3.0220236549990522
both_paths,45.6395889359992,0.009462385265507786,0.0,0.5,0.1,0.1,0.342762753367424,0.003108181659758586,0.336669921875,0.350830078125,16384,0.9537313158782036,1493841.0,1.479475,0.005635238,-0.983304690030932,0.18161736787033658,0.011270237398721225,0.7754,0.0001471728,0.23704225799446188,0.2300930974114851,0.00022951328287148593,0.6030392367196598,0.6500071356384944,0.06197537368373629,2.9586064602740882
both_paths,45.763367266001296,0.03232025040415802,0.0,0.5,0.1,0.1,0.34430021792650223,0.00346811832288072,0.337158203125,0.3529052734375,16384,0.9593446621254114,1493966.0,-1.56316,0.007643109,-0.9997665569632632,-0.015270275597644727,0.01528562268911687,0.6756208,0.0001242481,0.16987398745253912,0.2300930974114851,0.00022951328287148593,0.6030392367196598,0.6500071356384944,2.3556922274201106,3.1199846865447056
both_paths,45.88494946600258,0.06463766521679387,0.0,0.5,0.1,0.1,0.3524978458881378,0.0012103499039605925,0.3486328125,0.3563232421875,16384,0.9892745384810928,1494067.0,-0.9489726,-0.007111488,-0.3213119259910475,-0.9468666045489642,-0.014222496469993231,0.4704346,8.826462e-05,0.06444411837334219,0.2300930974114851,0.00022951328287148593,0.6030392367196598,0.6500071356384944,-3.1265731915783848,1.8979108774809825
both_paths,46.005659602997184,0.10177792303927384,0.0,0.5,0.1,0.1,0.3295230120420456,0.007244964362447927,0.314208984375,0.3448486328125,16384,0.9053924765573326,1494142.0,-0.5037268,0.06365305,0.5296938569221012,-0.8386327800565304,0.1269625068815342,0.5130413,8.84856e-05,0.06509157916560358,0.2300930974114851,0.00022951328287148593,0.6030392367196598,0.6500071356384944,2.9913413672253935,1.0125567395240793
both_paths,46.122322276001796,0.13748980149546935,0.0,0.5,0.1,0.1,0.2381104752421379,0.010690126260613038,0.220947265625,0.2615966796875,16384,0.5716415504864533,1494305.0,0.3297539,0.1202842,0.7675355871845374,0.5950830379023364,0.2382546965040013,1.014481,0.0001741264,0.31601501213644717,0.2300930974114851,0.00022951328287148593,0.6030392367196598,0.6500071356384944,0.38082718559206086,0.6958086747383765
both_paths,46.24543412899948,0.16968915702549292,0.0,0.5,0.1,0.1,0.11857554316520691,0.005346482512054314,0.1083984375,0.13232421875,16384,0.13521460430268137,1494443.0,0.6442606,0.1002545,0.2729609677982739,0.9411824236186574,0.1991681589259179,1.040297,0.0003177676,0.7368768329047203,0.2300930974114851,0.00022951328287148593,0.6030392367196598,0.6500071356384944,0.20853831506683163,1.2943267844711197
both_paths,46.36958135099849,0.19172314933748894,0.0,0.5,0.1,0.1,0.08671074360609055,0.0028168818844686956,0.0816650390625,0.0950927734375,16384,0.01887491245935455,1494568.0,0.8582412,0.08180391,-0.14323266190661263,0.9761940731138391,0.1628789003540931,1.028751,0.0003793787,0.9173943983771348,0.2300930974114851,0.00022951328287148593,0.6030392367196598,0.6500071356384944,0.16532796665531313,1.7145233166413216
both_paths,46.48724824300007,0.19991976724168575,0.0,0.5,0.1,0.1,0.1464676484465599,0.004962913572304768,0.1356201171875,0.1563720703125,16384,0.23704982618361958,1494667.0,0.9751352,0.07135411,-0.36666636411248965,0.9194172173435384,0.14222432239526359,0.9777794,0.0003440418,0.8138589776600536,0.2300930974114851,0.00022951328287148593,0.6030392367196598,0.6500071356384944,0.1534732116378783,1.9462196095721065
both_paths,46.60542508999788,0.1945651936676735,0.0,0.5,0.1,0.1,0.21715807169675827,0.008151671639377332,0.2005615234375,0.2384033203125,16384,0.49514346464962866,1494792.0,1.11962,0.03006624,-0.6186451809401856,0.7833687389273631,0.06009624756037574,0.9023162,0.0002846368,0.6398051792878646,0.2300930974114851,0.00022951328287148593,0.6030392367196598,0.6500071356384944,0.07656518067033025,2.237813445572057
both_paths,46.72625019300176,0.17578493368433917,0.0,0.5,0.1,0.1,0.24747098237276077,0.012317676572965801,0.2266845703125,0.27880859375,16384,0.605817146446302,1494930.0,1.136061,0.004323835,-0.6452069259102081,0.7639589271846867,0.008647562218443575,0.9398906,0.0002587882,0.5640700221023858,0.2300930974114851,0.00022951328287148593,0.6030392367196598,0.6500071356384944,0.011318923838297579,2.272090421700904
both_paths,46.846849913999904,0.14627857811880457,0.0,0.5,0.1,0.1,0.2455478310585022,0.008162778828195267,0.228271484375,0.2626953125,16384,0.5987956420161912,1495030.0,1.143076,0.03488174,-0.6542905090938542,0.7530238224371743,0.06970690462079143,0.9712976,0.0002940491,0.6673827664677072,0.2300930974114851,0.00022951328287148593,0.6030392367196598,0.6500071356384944,0.09230626180673474,2.284040387961113
both_paths,46.967096294996736,0.11031860451501245,0.0,0.5,0.1,0.1,0.2025129795074463,0.01028456173755774,0.1806640625,0.2205810546875,16384,0.44167363160829015,1495168.0,1.002854,0.03058547,-0.4205422600428642,0.9052110187803293,0.061132798044244,0.9967766,0.0003378692,0.7957735559643684,0.2300930974114851,0.00022951328287148593,0.6030392367196598,0.6500071356384944,0.06743191415979988,2.0048392453953072
both_paths,47.08938691300136,0.07228590027953832,0.0,0.5,0.1,0.1,0.1304333433508873,0.0055092231119613,0.1187744140625,0.1455078125,16384,0.17850791976768082,1495293.0,0.8751802,0.04660859,-0.17782526418333752,0.9796498723693009,0.09308223775210105,0.9838306,0.0003842298,0.9316078885089978,0.2300930974114851,0.00022951328287148593,0.6030392367196598,0.6500071356384944,0.09473142630382059,1.7495723768381664
both_paths,47.21156148299633,0.03832241966926319,0.0,0.5,0.1,0.1,0.08314978331327438,0.0009349781172495407,0.080322265625,0.0872802734375,16384,0.005873700185479399,1495418.0,0.6696683,0.05317372,0.22810256578440186,0.9678336707671703,0.10614709233849576,1.06018,0.0003288935,0.7694751858263454,0.2300930974114851,0.00022951328287148593,0.6030392367196598,0.6500071356384944,0.10923833405211791,1.3406679007444096
both_paths,47.33426254799997,0.01325186813529279,0.0,0.5,0.1,0.1,0.1333589106798172,0.0044736691123239275,0.1221923828125,0.1417236328125,16384,0.18918928623550266,1495518.0,0.5069962,0.09787348,0.5183831219672956,0.83273583284434,0.19449928420558107,1.051084,0.0002352837,0.49520296539269615,0.2300930974114851,0.00022951328287148593,0.6030392367196598,0.6500071356384944,0.22945315219939522,1.0258372190739342
both_paths,47.45177645399963,0.0011454001060778735,0.0,0.5,0.1,0.1,0.2539931908249855,0.012534963747048362,0.2322998046875,0.2794189453125,16384,0.6296299973654499,1495618.0,0.1151441,0.1253185,0.9431801377143242,0.22112611488728906,0.24802110623098583,0.9252468,0.0001268154,0.17739605321402258,0.2300930974114851,0.00022951328287148593,0.6030392367196598,0.6500071356384944,0.8426628880942642,0.3387218624926986
both_paths,47.572409239997796,0.002576226969988077,0.0,0.5,0.1,0.1,0.33790336549282074,0.002840682125911886,0.331298828125,0.3450927734375,16384,0.9359894911782015,1495755.0,-0.4601345,-0.05314564,0.6021883181596543,-0.7912735786452613,-0.10609124945050101,0.5394398,7.529253e-05,0.026436517374673944,0.2300930974114851,0.00022951328287148593,0.6030392367196598,0.6500071356384944,-3.008310935552231,0.9245570052035383
both_paths,47.69387435299723,0.017982199745349967,0.0,0.5,0.1,0.1,0.3515981212258339,0.001271349043936504,0.3472900390625,0.35546875,16384,0.9859896067882985,1495893.0,-1.539627,-0.01569798,-0.9975657198779064,-0.06226758426256821,-0.03139080238825071,0.6734805,0.0001209664,0.16025876398451433,0.2300930974114851,0.00022951328287148593,0.6030392367196598,0.6500071356384944,-2.674648488865016,3.0718034225630406
both_paths,47.81581063699559,0.0453107503358439,0.0,0.5,0.1,0.1,0.34508680552244186,0.002402534042365443,0.3399658203125,0.35302734375,16384,0.9622165257424923,1496017.0,1.503333,0.000871051,-0.9909096965879045,0.1345174274648412,0.0017421011188102804,0.7328277,0.0001329433,0.19535050605544896,0.2300930974114851,0.00022951328287148593,0.6030392367196598,0.6500071356384944,0.012950022649904191,3.006654822242107
both_paths,47.93360811399907,0.07929327714058698,0.0,0.5,0.1,0.1,0.34841471165418625,0.003033865011158617,0.339599609375,0.3541259765625,16384,0.974366847703011,1496117.0,-1.522443,0.01431841,-0.9949194647602295,-0.09651639926566295,0.028632906139779642,0.6454587,0.0001184876,0.15299599897475116,0.2300930974114851,0.00022951328287148593,0.6030392367196598,0.6500071356384944,2.8531995453128864,3.0407477920378754
both_paths,48.050245810998604,0.11571971488152645,0.0,0.5,0.1,0.1,0.3522631376981735,0.0016285019352105046,0.3468017578125,0.356201171875,16384,0.9884176092403206,1496242.0,-0.9333968,-0.01128788,-0.2916195686068358,-0.9562679796198441,-0.022573842369975373,0.448289,9.00138e-05,0.06956913180717209,0.2300930974114851,0.00022951328287148593,0.6030392367196598,0.6500071356384944,-3.1179908482956304,1.8667158915544013
both_paths,48.1714628799964,0.15129918010803278,0.0,0.5,0.1,0.1,0.32200272381305695,0.005923085233383829,0.308349609375,0.3336181640625,16384,0.8779355953831584,1496317.0,-0.3015119,0.02424026,0.8226567606411088,-0.5664691820158484,0.04846153111255497,1.272409,7.148083e-05,0.01526841934832476,0.2300930974114851,0.00022951328287148593,0.6030392367196598,0.6500071356384944,3.0562502874447928,0.604728017321802
both_paths,48.292555444000755,0.17950500147554915,0.0,0.5,0.1,0.1,0.22634999454021454,0.010957273736004207,0.205810546875,0.25,16384,0.5287035524534571,1496478.0,0.2793449,0.1577589,0.8060919775603967,0.5039089224472485,0.3103087520370989,1.18193,0.0001754028,0.3197548028652117,0.2300930974114851,0.00022951328287148593,0.6030392367196598,0.6500071356384944,0.5519585704828733,0.6332779602142098
both_paths,48.41324701999838,0.19630896107299742,0.0,0.5,0.1,0.1,0.11375556141138077,0.005339982001705614,0.1015625,0.125244140625,16384,0.11761665296800361,1496616.0,0.6929859,0.1592719,0.17452883554858073,0.9335178083030264,0.31318395096679263,0.9984576,0.0003433069,0.8117057559375771,0.2300930974114851,0.00022951328287148593,0.6030392367196598,0.6500071356384944,0.32368843043293083,1.3953690875143072
both_paths,48.534668310996494,0.19940747624329136,0.0,0.5,0.1,0.1,0.09089574217796326,0.003817314940049176,0.0838623046875,0.1014404296875,16384,0.03415451411864506,1496717.0,0.8704364,0.1444954,-0.16223893529222846,0.9447021045230345,0.28498501993086184,0.9173606,0.0003821807,0.9256041238722762,0.2300930974114851,0.00022951328287148593,0.6030392367196598,0.6500071356384944,0.2929850326840455,1.733755554692714
both_paths,48.65342590500222,0.18860688048570323,0.0,0.5,0.1,0.1,0.1577693521976471,0.010214818075447116,0.1405029296875,0.179931640625,16384,0.2783128107276377,1496844.0,1.079855,0.090348,-0.546414526269205,0.8180060764874953,0.17971428521832714,0.9823184,0.0003638496,0.8718948808230305,0.2300930974114851,0.00022951328287148593,0.6030392367196598,0.6500071356384944,0.21626221267176549,2.1488734694051885
both_paths,48.77458632699563,0.16504357171768602,0.0,0.5,0.1,0.1,0.22932719439268112,0.011637635489846462,0.20654296875,0.253662109375,16384,0.5395734313852034,1496971.0,1.129423,0.08916918,-0.6249600704568256,0.7602342336411136,0.17739453298991,0.9602572,0.0002783253,0.6213127872598186,0.2300930974114851,0.00022951328287148593,0.6030392367196598,0.6500071356384944,0.22924009810440626,2.2458767100270145
both_paths,48.895330501996796,0.1322934920840867,0.0,0.5,0.1,0.1,0.25576891005039215,0.005687723992804436,0.241455078125,0.265869140625,16384,0.6361132211842854,1497098.0,1.230211,0.1025237,-0.7605624078354418,0.6165114265390295,0.20361356716674353,0.9311834,0.0002784102,0.6215615401843502,0.2300930974114851,0.00022951328287148593,0.6030392367196598,0.6500071356384944,0.3189885951796674,2.4349752254247328
both_paths,49.017612684001506,0.09446963511772762,0.0,0.5,0.1,0.1,0.24776583164930344,0.010731785333802887,0.223876953125,0.27197265625,16384,0.6068936532641015,1497200.0,1.174239,0.1437706,-0.6728233585399288,0.683287986134359,0.28359523304791695,0.9502756,0.000299729,0.68402460081455,0.2300930974114851,0.00022951328287148593,0.6030392367196598,0.6500071356384944,0.3934085130303888,2.3088148878185293
both_paths,49.134159501001704,0.05908936385369483,0.0,0.5,0.1,0.1,0.19907716661691666,0.009768498654961,0.179931640625,0.2200927734375,16384,0.42912933763983213,1497325.0,1.103384,0.2333754,-0.5304266806831505,0.7184422187619809,0.4499870161680413,0.8673426,0.0003423286,0.8088393838990701,0.2300930974114851,0.00022951328287148593,0.6030392367196598,0.6500071356384944,0.5595602480446109,2.129900133882864
both_paths,49.25450228399859,0.02829627234871822,0.0,0.5,0.1,0.1,0.12994766235351562,0.00797771452389045,0.1175537109375,0.1495361328125,16384,0.17673467849988148,1497450.0,0.9682192,0.2778636,-0.3037439590396431,0.793359173840822,0.5275612084199632,0.867135,0.0004075722,1.0,0.2300930974114851,0.00022951328287148593,0.6030392367196598,0.6500071356384944,0.5868280807719377,1.8794161514949117
both_paths,49.37858452599903,0.007186969358051645,0.0,0.5,0.1,0.1,0.08676563203334808,0.0007381155786381148,0.083984375,0.0897216796875,16384,0.0190753123614804,1497575.0,0.6590571,0.2928904,0.20832167871693366,0.8068201538761655,0.5528501763369524,0.9507564,0.0003381168,0.7964990120787858,0.2300930974114851,0.00022951328287148593,0.6030392367196598,0.6500071356384944,0.6007382090733584,1.3609376505974689
both_paths,49.498245713999495,1.5186910926612285e-06,0.0,0.5,0.1,0.1,0.14904425293207169,0.01045287440119832,0.1243896484375,0.16845703125,16384,0.24645711497859377,1497700.0,0.2982562,0.2804709,0.7005198315350791,0.4756732998861686,0.5319839070888024,0.9327276,0.0002043952,0.40470114313835126,0.2300930974114851,0.00022951328287148593,0.6030392367196598,0.6500071356384944,0.8412228023517954,0.7946706605089789
both_paths,49.62229736799782,0.007290460742635091,0.0,0.5,0.1,0.1,0.26838845014572144,0.008360314579798266,0.2467041015625,0.2840576171875,16384,0.6821876803432505,1497775.0,0.1712391,0.1666774,0.8900722614703718,0.31733535108604943,0.327214981796543,1.060518,0.0001243794,0.17025869014972406,0.2300930974114851,0.00022951328287148593,0.6030392367196598,0.6500071356384944,0.8007249060729795,0.47329265089470485
both_paths,49.74243136999576,0.02762814142747276,0.0,0.5,0.1,0.1,0.3418886512517929,0.003685684237003657,0.3319091796875,0.3494873046875,16384,0.950539933155602,1497913.0,-0.6215993,-0.2505598,0.2822063610060953,-0.8304022732047188,-0.4804077793543034,0.286294,8.333446e-05,0.04999898623660909,0.2300930974114851,0.00022951328287148593,0.6030392367196598,0.6500071356384944,-2.617113905796644,1.2847031520152488
both_paths,49.863538844001596,0.05843063253014887,0.0,0.5,0.1,0.1,0.3486124649643898,0.0016699269662688785,0.34423828125,0.353271484375,16384,0.9750888531600795,1498050.0,1.560409,-0.04164986,-0.9963175468705034,0.020701130094935356,-0.08320341946539672,0.699542,0.00012966,0.18573059466422925,0.2300930974114851,0.00022951328287148593,0.6030392367196598,0.6500071356384944,-1.3269460433211024,3.055747264332874
both_paths,49.98637159699865,0.09571981888207268,0.0,0.5,0.1,0.1,0.34183289110660553,0.0027486402292781664,0.336181640625,0.3487548828125,16384,0.9503363505755139,1498175.0,1.530697,-0.03195751,-0.994750504607454,0.07994913091666206,-0.06387151202912066,0.7264096,0.0001331965,0.1960923699010485,0.2300930974114851,0.00022951328287148593,0.6030392367196598,0.6500071356384944,-0.6740710059955508,3.0390831935405855
both_paths,50.10738428300101,0.13309948662452048,0.0,0.5,0.1,0.1,0.3466668874025345,0.0029516252220751797,0.3377685546875,0.3521728515625,16384,0.9679854695789711,1498300.0,-1.468598,-0.139836,-0.941138457763411,-0.19508997087176894,-0.2760404075202771,0.5844283,0.0001086856,0.12427660950174053,0.2300930974114851,0.00022951328287148593,0.6030392367196598,0.6500071356384944,-2.186034306916523,2.7967789992897756
both_paths,50.22741066500021,0.16551881721057093,0.0,0.5,0.1,0.1,0.34407995641231537,0.0028799014013227648,0.335693359375,0.3502197265625,16384,0.958540478291212,1498424.0,-0.4696988,-0.1054608,0.577192955871271,-0.7893137490879363,-0.20936116448217262,0.9006392,7.781372e-05,0.0338234830495831,0.2300930974114851,0.00022951328287148593,0.6030392367196598,0.6500071356384944,-2.882318440339247,0.9555092736830119
both_paths,50.34800896800152,0.18881493965756752,0.0,0.5,0.1,0.1,0.29185284674167633,0.012764020375429954,0.266845703125,0.3179931640625,16384,0.767857155972574,1498536.0,-0.05255524,0.1216266,0.9652030021812913,-0.1018282340311041,0.24086131971391497,1.739187,9.576342e-05,0.08641524240723447,0.2300930974114851,0.00022951328287148593,0.6030392367196598,0.6500071356384944,1.9707741418762543,0.26457776472118727
both_paths,50.464787749995594,0.1993887563316187,0.0,0.5,0.1,0.1,0.18451973795890808,0.009066569121079237,0.16796875,0.202392578125,16384,0.37597956775152913,1498586.0,0.1833217,0.2325727,0.8343536343435444,0.32039730932812577,0.4485527583607266,1.205353,0.0001539421,0.2568759820466605,0.2300930974114851,0.00022951328287148593,0.6030392367196598,0.6500071356384944,0.950543176952654,0.5838371731654027
both_paths,50.5809381470026,0.19678459977567675,0.0,0.5,0.1,0.1,0.09534802287817001,0.003719634668855479,0.087890625,0.1064453125,16384,0.050409973805472276,1498773.0,0.7431716,0.3600532,0.06341097832163843,0.749056346047073,0.6594646603684691,0.8950244,0.000371578,0.894538721835397,0.2300930974114851,0.00022951328287148593,0.6030392367196598,0.6500071356384944,0.7218768149965484,1.5073427759777978
both_paths,50.701337115999195,0.1806540769717979,0.0,0.5,0.1,0.1,0.11218414455652237,0.0061920524843211075,0.1024169921875,0.125732421875,16384,0.11187934549451811,1498900.0,0.9710874,0.198185,-0.33476407752190285,0.8595819718997607,0.38607233258267587,0.951209,0.0003779899,0.9133252810439255,0.2300930974114851,0.00022951328287148593,0.6030392367196598,0.6500071356384944,0.42213821505900606,1.9121511775279547
both_paths,50.821401798995794,0.15321032909785126,0.0,0.5,0.1,0.1,0.18685632199048996,0.009920898212680721,0.167724609375,0.2073974609375,16384,0.3845105320118238,1499027.0,1.074732,0.09853892,-0.5363224565330512,0.8209864742552234,0.19580457529978906,1.03335,0.0003123869,0.7211116401953317,0.2300930974114851,0.00022951328287148593,0.6030392367196598,0.6500071356384944,0.23412538775688674,2.136870162501259
both_paths,50.94113065300189,0.1183891005249902,0.0,0.5,0.1,0.1,0.24496132135391235,0.008954391630525986,0.2252197265625,0.2620849609375,16384,0.5966542709974119,1499127.0,1.209092,0.06488426,-0.7432514102378671,0.6563777780125105,0.12940461240149506,0.944977,0.0002908727,0.6580760669449495,0.2300930974114851,0.00022951328287148593,0.6030392367196598,0.6500071356384944,0.19465328846544905,2.4087136702701173
both_paths,51.063992591996794,0.08003128236362177,0.0,0.5,0.1,0.1,0.2562531977891922,0.0114303550020545,0.2359619140625,0.2857666015625,16384,0.6378813756078201,1499265.0,1.15566,0.06088267,-0.6696790806119847,0.7326501649729399,0.12146466463877842,0.9734758,0.0002726155,0.6045833473482704,0.2300930974114851,0.00022951328287148593,0.6030392367196598,0.6500071356384944,0.16429371536491777,2.3045729029987436
both_paths,51.1850024949963,0.04509706307416372,0.0,0.5,0.1,0.1,0.23196623474359512,0.009851047046824516,0.20751953125,0.2503662109375,16384,0.5492086760889349,1499315.0,1.184435,0.09915738,-0.7019788214154111,0.6844047615033036,0.19701740206346283,0.9461872,0.0003077023,0.7073859870709422,0.2300930974114851,0.00022951328287148593,0.6030392367196598,0.6500071356384944,0.2802885770589656,2.3489685043747963
both_paths,51.3054040279967,0.018112109261813877,0.0,0.5,0.1,0.1,0.18044838309288025,0.012527882223731114,0.161865234375,0.2044677734375,16384,0.36111488392950286,1499502.0,0.9825888,0.1431329,-0.36860050446325193,0.8856634469357406,0.2823719654486593,0.955943,0.0003633151,0.8703288214807202,0.2300930974114851,0.00022951328287148593,0.6030392367196598,0.6500071356384944,0.308637049849966,1.9482993962678679
both_paths,51.42551863600238,0.002725100789182061,0.0,0.5,0.1,0.1,0.10543448477983475,0.006145245239969072,0.0928955078125,0.118896484375,16384,0.08723606044857533,1499627.0,0.8080971,0.1576122,-0.043146152149595426,0.9497472921482853,0.31002982213278063,1.002803,0.0003811675,0.9226354965090795,0.2300930974114851,0.00022951328287148593,0.6030392367196598,0.6500071356384944,0.31552836968550135,1.6139558769153188
both_paths,51.54638826599694,0.0010600278074141267,0.0,0.5,0.1,0.1,0.08983031660318375,0.003510347117141698,0.081787109375,0.0977783203125,16384,0.0302646015892444,1499727.0,0.6302055,0.1276734,0.29552238096551553,0.9213410722151253,0.25258097908978827,1.030905,0.0003154791,0.7301716377599554,0.2300930974114851,0.00022951328287148593,0.6030392367196598,0.6500071356384944,0.2675710807744274,1.2707940508377171
both_paths,51.66335435099609,0.012881860463094544,0.0,0.5,0.1,0.1,0.17912238836288452,0.0077558725557437735,0.1634521484375,0.2001953125,16384,0.35627362271311325,1499851.0,0.2973448,0.0865486,0.8159440308869935,0.5518792966972247,0.17223408587402708,1.442837,0.0001512996,0.24913358389501483,0.2300930974114851,0.00022951328287148593,0.6030392367196598,0.6500071356384944,0.3025081250852386,0.6164361067718284
both_paths,51.78641208499903,0.037822562677565924,0.0,0.5,0.1,0.1,0.3029506281018257,0.01167381663389071,0.2794189453125,0.3253173828125,16384,0.8083756114924053,1499926.0,-0.07037124,0.06991151,0.980449291414223,-0.13890927053401966,0.13936786403276247,1.22042,9.64038e-05,0.08829152506696987,0.2300930974114851,0.00022951328287148593,0.6030392367196598,0.6500071356384944,2.3545465176260567,0.1980643726141576
both_paths,51.909615003998624,0.07198476225126033,0.0,0.5,0.1,0.1,0.35270049422979355,0.0020400209345890954,0.346435546875,0.3570556640625,16384,0.990014415899027,1500038.0,-0.6245963,0.07211102,0.3128068442030402,-0.9388800217969484,0.14372259004866425,0.521788,7.798453e-05,0.03432394815016307,0.2300930974114851,0.00022951328287148593,0.6030392367196598,0.6500071356384944,2.9896930616132043,1.2526495838348228
both_paths,52.0307633659977,0.10964955821883182,0.0,0.5,0.1,0.1,0.34762445092201233,0.0030024945472657385,0.33935546875,0.355224609375,16384,0.971481573314687,1500226.0,1.501515,0.02535588,-0.9891423007499742,0.13794212564012262,0.05069002703621516,0.7494228,0.0001372357,0.2079270320066784,0.2300930974114851,0.00022951328287148593,0.6030392367196598,0.6500071356384944,0.35215551210420726,2.994097537664916
both_paths,52.148160076998465,0.14488326692944165,0.0,0.5,0.1,0.1,0.3417225405573845,0.0035527302829786367,0.331787109375,0.34814453125,16384,0.9499334561883297,1500351.0,1.54021,0.008042817,-0.9980004075856937,0.06112659939514501,0.01608494032238565,0.7301817,0.0001320587,0.19275867051904566,0.2300930974114851,0.00022951328287148593,0.6030392367196598,0.6500071356384944,0.2573083096023927,3.0783430027631904
both_paths,52.2703351109958,0.1750806871197517,0.0,0.5,0.1,0.1,0.3523642271757126,0.0015149448358072924,0.3477783203125,0.3568115234375,16384,0.9887866910744517,1500475.0,-1.192953,0.05006148,-0.724155903416896,-0.6823540673789722,0.09995576160398366,0.494591,9.586342e-05,0.08670823760691833,0.2300930974114851,0.00022951328287148593,0.6030392367196598,0.6500071356384944,2.996140503195628,2.3806059596761138
both_paths,52.39147868500004,0.19424441931369962,0.0,0.5,0.1,0.1,0.34544187784194946,0.0051086865520363015,0.3336181640625,0.35400390625,16384,0.9635129093634521,1500575.0,-0.1801334,0.08985202,0.9207332297621583,-0.3468470967866543,0.17873838720994953,0.9106708,6.91336e-05,0.008391148122785614,0.2300930974114851,0.00022951328287148593,0.6030392367196598,0.6500071356384944,2.665761694348644,0.4008408404096404
both_paths,52.51058096699853,0.1999447565899357,0.0,0.5,0.1,0.1,0.2835818901658058,0.0101357705929442,0.2581787109375,0.304443359375,16384,0.7376595538347938,1500712.0,0.2448109,0.05662249,0.8768579843382489,0.4672797642896816,0.11300308485896703,0.8627748,0.0001541242,0.25740952630528474,0.2300930974114851,0.00022951328287148593,0.6030392367196598,0.6500071356384944,0.23727625034177446,0.5015092611045101
both_paths,52.63324291299796,0.19136609599644017,0.0,0.5,0.1,0.1,0.16554030030965805,0.008372578148981399,0.1483154296875,0.183837890625,16384,0.30668486142905776,1500825.0,0.5236199,0.1539997,0.47643611481103443,0.8252920787287863,0.30315278869125656,1.013821,0.0002663566,0.5862450707952581,0.2300930974114851,0.00022951328287148593,0.6030392367196598,0.6500071356384944,0.352027520472721,1.0741995999151606
both_paths,52.751312724001764,0.17041846367822558,0.0,0.5,0.1,0.1,0.08586438000202179,0.001485514034063439,0.0821533203125,0.0914306640625,16384,0.015784804181658008,1500949.0,0.7942084,0.1421424,-0.01691235611064848,0.959713485296521,0.28047102943225893,0.9662982,0.0003755983,0.9063180078482866,0.2300930974114851,0.00022951328287148593,0.6030392367196598,0.6500071356384944,0.2843265977641396,1.5877094892433066
both_paths,52.87508267299563,0.13824434649636755,0.0,0.5,0.1,0.1,0.1259545013308525,0.006883441383697154,0.11328125,0.138916015625,16384,0.16215548361131668,1501074.0,1.012858,0.1074025,-0.4292920838490967,0.8776516602974859,0.21315691384885133,0.9558174,0.0003770595,0.9105992537060669,0.2300930974114851,0.00022951328287148593,0.6030392367196598,0.6500071356384944,0.23825868000988093,2.0145051411273673
both_paths,52.99772839900106,0.10071363844351654,0.0,0.5,0.1,0.1,0.20543742924928665,0.01049199840383921,0.1802978515625,0.226806640625,16384,0.45235091771974995,1501199.0,1.096478,0.09711234,-0.5718336397895115,0.7973424796882324,0.19300585092089784,0.9192324,0.0002802925,0.6270765888279991,0.2300930974114851,0.00022951328287148593,0.6030392367196598,0.6500071356384944,0.23749321359832853,2.1795355840323953
both_paths,53.11630888599757,0.06426816220574379,0.0,0.5,0.1,0.1,0.2546650245785713,0.00915046016149716,0.2364501953125,0.2698974609375,16384,0.6320828899912803,1501299.0,1.151757,0.08193892,-0.659930525716275,0.733399829230109,0.16314530858436532,0.9377546,0.0002567541,0.5581102067456167,0.2300930974114851,0.00022951328287148593,0.6030392367196598,0.6500071356384944,0.21888666536645474,2.291522615093311
both_paths,53.23629058500228,0.032399419786910966,0.0,0.5,0.1,0.1,0.2587525472044945,0.007514870042123996,0.244140625,0.2750244140625,16384,0.6470066029686768,1501435.0,1.223113,0.1159305,-0.7472723582687194,0.6235230408709243,0.22978912087081613,0.9472214,0.000303996,0.6965267059850598,0.2300930974114851,0.00022951328287148593,0.6030392367196598,0.6500071356384944,0.35308938186234684,2.4147441840829655
both_paths,53.36027931499848,0.009479967718712762,0.0,0.5,0.1,0.1,0.2274419367313385,0.012590760254076409,0.2044677734375,0.2509765625,16384,0.5326902782381402,1501547.0,1.149723,0.1389918,-0.6403008100876012,0.7174329684580392,0.27441721587875634,0.9031686,0.0003273907,0.7650720539654967,0.2300930974114851,0.00022951328287148593,0.6030392367196598,0.6500071356384944,0.3653286576384134,2.265686144972494
both_paths,53.48268111499783,0.00014797981031650087,0.0,0.5,0.1,0.1,0.16191412508487701,0.009633165992651285,0.1466064453125,0.1844482421875,16384,0.29344554676027185,1501672.0,0.9863156,0.1617726,-0.3708148002914749,0.8725921282221805,0.31792980616714644,0.9894772,0.0003870803,0.9399597166759857,0.2300930974114851,0.00022951328287148593,0.6030392367196598,0.6500071356384944,0.3494020254092627,1.950682543286198
both_paths,53.60208071499801,0.00509837578019387,0.0,0.5,0.1,0.1,0.09537418186664581,0.0032098984433055725,0.087646484375,0.1025390625,16384,0.050505481346718895,1501797.0,0.7767614,0.231968,0.015446915411314113,0.8941647667606306,0.44747152165046505,0.9486964,0.0003728263,0.8981961809130502,0.2300930974114851,0.00022951328287148593,0.6030392367196598,0.6500071356384944,0.4639957063894644,1.5553487970267532
both_paths,53.72538164699654,0.02403732556064392,0.0,0.5,0.1,0.1,0.10341762006282806,0.005980732084157109,0.09423828125,0.119140625,16384,0.07987240453632258,1501921.0,0.4991434,0.2867081,0.4550927032773907,0.7061012394257817,0.5425049963871778,1.038203,0.0002698835,0.5965787184929077,0.2300930974114851,0.00022951328287148593,0.6030392367196598,0.6500071356384944,0.655117207415397,1.098320006394672
both_paths,53.846305539998866,0.053569885387370196,0.0,0.5,0.1,0.1,0.20952585339546204,0.008790272331631092,0.19287109375,0.2275390625,16384,0.4672779221846119,1502046.0,0.01179388,0.1672241,0.944328815780666,0.022278733452876436,0.3282479942391437,1.212008,0.0001196663,0.15644953339342466,0.2300930974114851,0.00022951328287148593,0.6030392367196598,0.6500071356384944,1.5030286065428866,0.33524778740691263
both_paths,53.96654704600223,0.08950978033899915,0.0,0.5,0.1,0.1,0.31679608672857285,0.00750447521075408,0.3031005859375,0.333740234375,16384,0.8589259495567305,1502158.0,-0.5142469,-0.02920816,0.5152291714249908,-0.8550615851195059,-0.05838310171304021,0.6455477,8.652324e-05,0.05934195856508764,0.2300930974114851,0.00022951328287148593,0.6030392367196598,0.6500071356384944,-3.0734190543800057,1.0295213041643863
both_paths,54.08440962000168,0.1262083600201301,0.0,0.5,0.1,0.1,0.3511206582188606,0.0007253618053103566,0.3486328125,0.3541259765625,16384,0.9842463697409477,1502270.0,-1.425745,-0.06244157,-0.9507521621228872,-0.2838228945463588,-0.12455878431480391,0.5966527,0.0001078089,0.12170792058611228,0.2300930974114851,0.00022951328287148593,0.6030392367196598,0.6500071356384944,-2.7280404799220586,2.8264499655264723
both_paths,54.20634495699778,0.16037937687669493,0.0,0.5,0.1,0.1,0.34422817826271057,0.0025495397564378824,0.3385009765625,0.3514404296875,16384,0.9590816423543167,1502395.0,1.531182,-0.005922826,-0.9967931128422816,0.07914023807110586,-0.01184537497267264,0.7489076,0.0001381233,0.2105276573990722,0.2300930974114851,0.00022951328287148593,0.6030392367196598,0.6500071356384944,-0.14857282360491197,3.0614851926902755
both_paths,54.32834912299586,0.18580903787214276,0.0,0.5,0.1,0.1,0.3430912122130394,0.0038199247628540964,0.334228515625,0.352783203125,16384,0.9549305326129963,1502520.0,1.557244,-0.01347682,-0.9992695974181023,0.027091490970990336,-0.026950376487770863,0.6950634,0.0001281195,0.1812170036130996,0.2300930974114851,0.00022951328287148593,0.6030392367196598,0.6500071356384944,-0.782786962690821,3.103369845899219
both_paths,54.45145233700168,0.19883918133022624,0.0,0.5,0.1,0.1,0.35106203705072403,0.0008568920762913382,0.3477783203125,0.3546142578125,16384,0.9840323414485728,1502645.0,-1.155559,-0.1453727,-0.6462159009549145,-0.7072675396645801,-0.2866664205829485,0.4704163,9.472296e-05,0.08336674455260394,0.2300930974114851,0.00022951328287148593,0.6030392367196598,0.6500071356384944,-2.756512456671691,2.2734117937099287
both_paths,54.57358342000225,0.19733991938781842,0.0,0.5,0.1,0.1,0.33460167795419693,0.004392856606392308,0.3240966796875,0.3450927734375,16384,0.9239348943779354,1502745.0,-0.4914129,0.03047151,0.5536437821955137,-0.8305233931281627,0.06090530275050126,0.6409009,9.396474e-05,0.08114519634956105,0.2300930974114851,0.00022951328287148593,0.6030392367196598,0.6500071356384944,3.068390050401046,0.9840628383544531
both_paths,54.69499880600051,0.18181518742984776,0.0,0.5,0.1,0.1,0.2468417063355446,0.008413894099054424,0.22705078125,0.2596435546875,16384,0.6035196337907367,1502882.0,0.2590243,0.2207463,0.7854833955793363,0.4477047964309392,0.42728942243154966,0.9198376,0.0001708176,0.30632038696930797,0.2300930974114851,0.00022951328287148593,0.6030392367196598,0.6500071356384944,0.7620703857084035,0.6673195086241561
both_paths,54.818340013000125,0.15402226614298792,0.0,0.5,0.1,0.1,0.13067766278982162,0.008548889551665413,0.113525390625,0.1494140625,16384,0.17939994007316623,1503021.0,0.6054591,0.2391604,0.3126369140966303,0.8308983811008324,0.46028908332498203,1.00461,0.0003103885,0.7152564241248497,0.2300930974114851,0.00022951328287148593,0.6030392367196598,0.6500071356384944,0.5058826843384754,1.2528284868701427
both_paths,54.94241289099591,0.1179929950029934,0.0,0.5,0.1,0.1,0.08739369362592697,0.0019697636218100395,0.083740234375,0.0950927734375,16384,0.02136839102979898,1503146.0,0.874858,0.1912825,-0.16510142157188992,0.912900696330452,0.37330127140731406,0.994932,0.0003909151,0.9511954965934619,0.2300930974114851,0.00022951328287148593,0.6030392367196598,0.6500071356384944,0.38817034902890857,1.736657170007475
both_paths,55.06254147499567,0.08047818857293451,0.0,0.5,0.1,0.1,0.13734500110149384,0.009800170636285232,0.1170654296875,0.157958984375,16384,0.20374266606948385,1503246.0,1.034987,0.1608796,-0.4541369121841197,0.8329192503298632,0.3162359679445265,0.9302224,0.0003706636,0.8918595737294879,0.2300930974114851,0.00022951328287148593,0.6030392367196598,0.6500071356384944,0.3628602086119863,2.0421995542418174
both_paths,55.18225741900096,0.045819884826662396,0.0,0.5,0.1,0.1,0.208808995783329,0.012698586621037502,0.1871337890625,0.23486328125,16384,0.4646606456021443,1503371.0,1.13767,0.1342299,-0.6244864689893294,0.7346161086339487,0.26524672096890084,0.979484,0.0003199795,0.7433575937265272,0.2300930974114851,0.00022951328287148593,0.6030392367196598,0.6500071356384944,0.34650114975025614,2.2452701866553557
both_paths,55.30479965199629,0.01822123597101183,0.0,0.5,0.1,0.1,0.2438989281654358,0.008702936457651269,0.2244873046875,0.2591552734375,16384,0.59277542983494,1503495.0,1.128107,0.1017522,-0.6199341145236066,0.7581795386634911,0.20210264917078047,1.000433,0.0002794351,0.6245644479859099,0.2300930974114851,0.00022951328287148593,0.6030392367196598,0.6500071356384944,0.2605056503419756,2.239455059644628
both_paths,55.42246154099848,0.002952266091070105,0.0,0.5,0.1,0.1,0.23985838145017624,0.008016446290555536,0.2247314453125,0.256103515625,16384,0.5780232278366263,1503620.0,1.107234,0.1031829,-0.5874027714056644,0.7829254529041516,0.20490417111365494,0.9175748,0.0002827132,0.634169123626746,0.2300930974114851,0.00022951328287148593,0.6030392367196598,0.6500071356384944,0.25597479299353854,2.1986421662873004
both_paths,55.54247032300191,0.0008887845634586583,0.0,0.5,0.1,0.1,0.20431708544492722,0.009769747957626038,0.18359375,0.2244873046875,16384,0.44826049647872046,1503744.0,1.022038,0.1414198,-0.43769720224116276,0.85471254510505,0.2790835437468616,0.8931118,0.0003370272,0.7933065363830306,0.2300930974114851,0.00022951328287148593,0.6030392367196598,0.6500071356384944,0.3156090363015118,2.0238322372946578
both_paths,55.658703900000546,0.012173897642340184,0.0,0.5,0.1,0.1,0.13664527237415314,0.007519493315990007,0.1212158203125,0.152099609375,16384,0.20118792774885788,1503844.0,0.8939398,0.1488172,-0.20591253826032366,0.9335946275938738,0.29325943789594705,1.04519,0.0003770875,0.9106812923619784,0.2300930974114851,0.00022951328287148593,0.6030392367196598,0.6500071356384944,0.30435878504696223,1.7781924645485583
both_paths,55.780801649998466,0.03645185347156038,0.0,0.5,0.1,0.1,0.08558982610702515,0.0011374653053329898,0.082275390625,0.0899658203125,16384,0.014782396635392549,1503971.0,0.7083569,0.2159219,0.1393840089404076,0.8974359627072198,0.41854604393240397,0.975179,0.0003530669,0.8403020874267203,0.2300930974114851,0.00022951328287148593,0.6030392367196598,0.6500071356384944,0.4363916040401774,1.4309570027523102
both_paths,55.900341635002405,0.06920039314601635,0.0,0.5,0.1,0.1,0.12203026562929153,0.008271623340893606,0.1048583984375,0.135498046875,16384,0.1478279379007845,1504097.0,0.4097374,0.31181,0.5541182016368332,0.5932311492368849,0.5839775870612216,0.9476514,0.0002386938,0.505194394697115,0.2300930974114851,0.00022951328287148593,0.6030392367196598,0.6500071356384944,0.7775377293825985,0.9834930307375123
both_paths,56.01672415900248,0.1052516325358096,0.0,0.5,0.1,0.1,0.23546871542930603,0.005635291588094026,0.22509765625,0.2498779296875,16384,0.5619963769155742,1504197.0,-0.01732186,0.1599501,0.9486972150695251,-0.032879555611656355,0.3144718253550027,1.522282,0.0001055737,0.11515889188277892,0.2300930974114851,0.00022951328287148593,0.6030392367196598,0.6500071356384944,1.6749726717649844,0.3217065420126775
both_paths,56.133436582000286,0.14070329440776802,0.0,0.5,0.1,0.1,0.32967402786016464,0.005293234118202365,0.3193359375,0.3402099609375,16384,0.9059438415113422,1504335.0,-1.048981,-0.2067968,-0.4606668773458775,-0.7913661596169087,-0.40190251246985687,0.3287159,9.210024e-05,0.07568230085145576,0.2300930974114851,0.00022951328287148593,0.6030392367196598,0.6500071356384944,-2.67167754275393,2.0495427281404597
both_paths,56.25634674500179,0.17210642157945893,0.0,0.5,0.1,0.1,0.3485589921474457,0.0013559049759541506,0.3438720703125,0.352783203125,16384,0.9748936217093456,1504447.0,1.560028,-0.04287885,-0.996094008991577,0.02145584898765976,-0.0856526228162747,0.6928731,0.0001258712,0.17462959253860763,0.2300930974114851,0.00022951328287148593,0.6030392367196598,0.6500071356384944,-1.3253485922297863,3.05317844144475
both_paths,56.37759761200141,0.19269716759259933,0.0,0.5,0.1,0.1,0.3396732285618782,0.005503891851003118,0.3253173828125,0.347900390625,16384,0.9424513339297,1504571.0,1.499879,-0.01147343,-0.9896976925806841,0.1413223667059307,-0.02294484624276606,0.7489751,0.000136233,0.20498916913944848,0.2300930974114851,0.00022951328287148593,0.6030392367196598,0.6500071356384944,-0.16095375754064944,2.9979260550442475
both_paths,56.50126952100254,0.1999992046670886,0.0,0.5,0.1,0.1,0.3457411825656891,0.003993136686295798,0.3348388671875,0.3538818359375,16384,0.9646056832019482,1504696.0,-1.546607,0.0325384,-0.9967157100445894,-0.048257418674439945,0.06503087646026338,0.6756453,0.0001162219,0.1463576067355143,0.2300930974114851,0.00022951328287148593,0.6030392367196598,0.6500071356384944,2.209202453060187,3.060523679356029
both_paths,56.62259777299914,0.19267412381688975,0.0,0.5,0.1,0.1,0.35543549060821533,0.0008071655889781891,0.3526611328125,0.3587646484375,16384,1.0,1504821.0,-1.166236,0.1676869,-0.6516858120762398,-0.6833624230362825,0.3291221674705502,0.4095129,9.624308e-05,0.08782062318203801,0.2300930974114851,0.00022951328287148593,0.6030392367196598,0.6500071356384944,2.6927554911224956,2.2806012397963684
both_paths,56.74434291700163,0.17195613304973634,0.0,0.5,0.1,0.1,0.3272119611501694,0.006618946977668379,0.311767578125,0.3404541015625,16384,0.8969547348387219,1504870.0,-0.483391,0.1431689,0.5448267613147609,-0.789551050968991,0.28244103467632004,0.6114347,8.437202e-05,0.05303898723044879,0.2300930974114851,0.00022951328287148593,0.6030392367196598,0.6500071356384944,2.7980537708211237,0.9946138194148572
both_paths,56.865292950002186,0.1410675393055872,0.0,0.5,0.1,0.1,0.22056187689304352,0.006967019767864949,0.2081298828125,0.2340087890625,16384,0.5075708972118789,1505057.0,0.4361727,-0.06003181,0.6384029414291713,0.7603259467018404,-0.11977536953202193,0.9912268,0.0002064387,0.4106885000438906,0.2300930974114851,0.00022951328287148593,0.6030392367196598,0.6500071356384944,-0.15624756189562117,0.8783747553054002
both_paths,56.98735977400065,0.10397000052697083,0.0,0.5,0.1,0.1,0.10648849606513977,0.006174488161308876,0.094970703125,0.1229248046875,16384,0.09108429893833207,1505169.0,0.6405649,-0.01181727,0.2855528882827546,0.9580715320438065,-0.023632339719336863,1.051259,0.0003117042,0.71911136196709,0.2300930974114851,0.00022951328287148593,0.6030392367196598,0.6500071356384944,-0.024661570380218656,1.2812130390913834
both_paths,57.10443668199878,0.06777573902728665,0.0,0.5,0.1,0.1,0.08788707107305527,0.0026379178264129078,0.081787109375,0.0958251953125,16384,0.023169732351744673,1505294.0,0.8327366,-0.03034121,-0.09436149063538002,0.9936891217502986,-0.060645184476505555,0.987059,0.0003647296,0.8744732385802482,0.2300930974114851,0.00022951328287148593,0.6030392367196598,0.6500071356384944,-0.06095473512643146,1.6652984153976433
both_paths,57.22956962399621,0.03397029385759599,0.0,0.5,0.1,0.1,0.1563897505402565,0.00809184768984269,0.1416015625,0.1751708984375,16384,0.27327582841775067,1505418.0,1.075799,0.03652869,-0.5472306862032174,0.8337929505745149,0.07299240816551192,0.9211268,0.0003521185,0.8375233209529187,0.2300930974114851,0.00022951328287148593,0.6030392367196598,0.6500071356384944,0.08731999555468528,2.149848281561325
both_paths,57.35090910799772,0.010770049333606452,0.0,0.5,0.1,0.1,0.22181163728237152,0.016418626833905058,0.19482421875,0.256103515625,16384,0.5121338237196283,1505518.0,1.116135,-0.05890867,-0.610021915446833,0.7836175374607811,-0.1175449601577126,0.8592748,0.0002693945,0.5951459719664537,0.2300930974114851,0.00022951328287148593,0.6030392367196598,0.6500071356384944,-0.14889285499256655,2.226884575015436
both_paths,57.47039016299823,0.0004323431617889173,0.0,0.5,0.1,0.1,0.2515765652060509,0.012272259856510362,0.232666015625,0.2818603515625,16384,0.6208067979825086,1505655.0,1.126018,-0.09060566,-0.6194449127334802,0.7640735058118514,-0.18022119133164555,0.9685384,0.0002520543,0.5443400183508752,0.2300930974114851,0.00022951328287148593,0.6030392367196598,0.6500071356384944,-0.23163524454679685,2.2388317511834726
both_paths,57.593340833002,0.004268731258406433,0.0,0.5,0.1,0.1,0.23615779727697372,0.004993462078189986,0.2254638671875,0.2476806640625,16384,0.5645122430412582,1505779.0,1.054501,-0.05741878,-0.5092198947803761,0.8529743860391863,-0.11458531983171318,0.9386596,0.0002623471,0.5744974282639342,0.2300930974114851,0.00022951328287148593,0.6030392367196598,0.6500071356384944,-0.13353673128735943,2.105074445467575
both_paths,57.71436414500204,0.021832216750609396,0.0,0.5,0.1,0.1,0.18506429344415665,0.009308868850087821,0.169189453125,0.2071533203125,16384,0.37796776219247885,1505879.0,0.9755076,-0.02693219,-0.3705854666103321,0.927236671731951,-0.05383833701607614,1.070245,0.000317919,0.7373204276370416,0.2300930974114851,0.00022951328287148593,0.6030392367196598,0.6500071356384944,-0.05799809085023355,1.95043561673173
both_paths,57.83525876599742,0.050524763821311144,0.0,0.5,0.1,0.1,0.11523087322711945,0.0048623042250482825,0.1070556640625,0.12646484375,16384,0.12300307699673259,1506041.0,0.8186863,0.002658995,-0.066526161264905,0.9977705092436437,0.005317964933673945,1.005512,0.0003702708,0.8907086885851296,0.2300930974114851,0.00022951328287148593,0.6030392367196598,0.6500071356384944,0.005329797312071172,1.6373716571864825
both_paths,57.95784388099855,0.08679494577226249,0.0,0.5,0.1,0.1,0.08388129621744156,0.0015874178796501737,0.0804443359375,0.0897216796875,16384,0.00854448384104074,1506140.0,0.6689615,0.03253216,0.23028593675573217,0.9709485012191662,0.0650184228722114,1.057482,0.0003264061,0.7621872232294093,0.2300930974114851,0.00022951328287148593,0.6030392367196598,0.6500071356384944,0.0668639986913866,1.3384248200094913
both_paths,58.07758214799833,0.12413255167921097,0.0,0.5,0.1,0.1,0.1567443087697029,0.009110578528586438,0.135498046875,0.1729736328125,16384,0.27457033507478407,1506265.0,0.4050342,0.0367598,0.6875864482324116,0.72237765475532,0.07345338737826095,1.001081,0.0001992871,0.3897346553433007,0.2300930974114851,0.00022951328287148593,0.6030392367196598,0.6500071356384944,0.10133451856510156,0.8126365101919399
both_paths,58.19935469300253,0.1586143932087489,0.0,0.5,0.1,0.1,0.27799707651138306,0.00642115860275671,0.267578125,0.29296875,16384,0.7172691698202154,1506340.0,0.2495517,0.07241943,0.8688185527289894,0.4736267661874198,0.14433297885359178,1.31202,0.0001162308,0.14638368330828613,0.2300930974114851,0.00022951328287148593,0.6030392367196598,0.6500071356384944,0.2957996443601374,0.5179851574916414
both_paths,58.318256876002124,0.1841380993140005,0.0,0.5,0.1,0.1,0.3461265116930008,0.0031830676700036705,0.3385009765625,0.353271484375,16384,0.9660125356708154,1506477.0,-0.6906574,0.05119826,0.18736316130201208,-0.9769578254419851,0.10221767505957063,0.5816568,8.132497e-05,0.044111276998482135,0.2300930974114851,0.00022951328287148593,0.6030392367196598,0.6500071356384944,3.0373434152337433,1.3823192481733493
both_paths,58.44019709600252,0.19824030880547336,0.0,0.5,0.1,0.1,0.3478859215974808,0.0017778535176208152,0.3428955078125,0.3536376953125,16384,0.9724362134891413,1506639.0,1.52202,0.001509759,-0.9952409751319903,0.09739755621719817,0.0030195134115984243,0.7324735,0.000134038,0.19855792450638804,0.2300930974114851,0.00022951328287148593,0.6030392367196598,0.6500071356384944,0.03099201575796373,3.043993428333016
both_paths,58.55831265600136,0.19832667434643406,0.0,0.5,0.1,0.1,0.33913155645132065,0.004839944895253348,0.327880859375,0.3482666015625,16384,0.9404736668081644,1506764.0,1.459859,0.02538584,-0.9742296129629743,0.21977513947149988,0.0507498699140801,0.7318872,0.0001298559,0.18630457226040986,0.2300930974114851,0.00022951328287148593,0.6030392367196598,0.6500071356384944,0.22693937467224945,2.91407632664748
both_paths,58.679333893996954,0.18454473652016876,0.0,0.5,0.1,0.1,0.34535522758960724,0.003618392332842556,0.3372802734375,0.353759765625,16384,0.9631965457335182,1506863.0,-1.548097,-0.03707393,-0.9962247958270007,-0.0452583617403994,-0.07407993569129165,0.6644732,0.000121718,0.16246091590533815,0.2300930974114851,0.00022951328287148593,0.6030392367196598,0.6500071356384944,-2.1192207995933847,3.0546722080280913
both_paths,58.799006758999894,0.15903068098316744,0.0,0.5,0.1,0.1,0.34951693564653397,0.0011424475529921761,0.3455810546875,0.3531494140625,16384,0.9783911127662246,1506988.0,-0.6923132,-0.1995414,0.17055108729338,-0.9054960263997684,-0.3885733814831836,0.3922527,8.344014e-05,0.050308623563634955,0.2300930974114851,0.00022951328287148593,0.6030392367196598,0.6500071356384944,-2.7362310511314436,1.3994074032867425
both_paths,58.92030837399943,0.12477514212947971,0.0,0.5,0.1,0.1,0.3088695779442787,0.006060430552535133,0.2962646484375,0.32080078125,16384,0.8299859404520953,1507038.0,-0.2722064,0.002234422,0.8554230167279178,-0.5179106988838451,0.004468829125790326,0.635896,8.532896e-05,0.055842775494303415,0.2300930974114851,0.00022951328287148593,0.6030392367196598,0.6500071356384944,3.1329642969337046,0.5444292922460056
both_paths,59.0396620399988,0.08757201974582308,0.0,0.5,0.1,0.1,0.2050471156835556,0.008416469759800442,0.1837158203125,0.2196044921875,16384,0.4509258668615082,1507200.0,0.2950221,0.2469975,0.7315764728513362,0.4898779909463611,0.4741470429695362,0.9484934,0.0001935555,0.3729413424782213,0.2300930974114851,0.00022951328287148593,0.6030392367196598,0.6500071356384944,0.7690816245267453,0.7501648763016405
both_paths,59.157473161998496,0.052521781353426424,0.0,0.5,0.1,0.1,0.10214850306510925,0.0054551959971515,0.092529296875,0.114013671875,16384,0.07523880625638321,1507362.0,0.7404611,0.2648286,0.07745523177280712,0.8594973612460652,0.505237541243791,0.9361368,0.0003633856,0.8705353830964976,0.2300930974114851,0.00022951328287148593,0.6030392367196598,0.6500071356384944,0.5314222231638945,1.4932634388289294
both_paths,59.27755806800269,0.023439941615847587,0.0,0.5,0.1,0.1,0.10076883435249329,0.004648974776975909,0.092529296875,0.1119384765625,16384,0.07020157912511447,1507462.0,0.9060036,0.2150404,-0.2171244361095785,0.8826179668394355,0.41694424550090486,0.9450022,0.0003803857,0.9203448600379509,0.2300930974114851,0.00022951328287148593,0.6030392367196598,0.6500071356384944,0.44132068157573956,1.7896639872217444
both_paths,59.39759531500022,0.005130508175467313,0.0,0.5,0.1,0.1,0.17633311450481415,0.005779883762551782,0.1619873046875,0.190185546875,16384,0.3460898693048256,1507586.0,1.122212,0.1877092,-0.5803785858738262,0.7271312163452388,0.3666618214041263,0.8819558,0.0003345743,0.7861196571299855,0.2300930974114851,0.00022951328287148593,0.6030392367196598,0.6500071356384944,0.46704830102732675,2.1899898356431664
both_paths,59.518961080000736,0.00017736481417986172,0.0,0.5,0.1,0.1,0.23237111419439316,0.014887707761447436,0.203369140625,0.2613525390625,16384,0.5506869075917614,1507711.0,1.187305,0.106314,-0.7037930899708879,0.6783375715676535,0.2110294422798117,0.9507566,0.0002992668,0.6826703770016114,0.2300930974114851,0.00022951328287148593,0.6030392367196598,0.6500071356384944,0.3016070658566554,2.351519135551212
both_paths,59.64043289300025,0.009575283264710313,0.0,0.5,0.1,0.1,0.24885065853595734,0.009781811696923987,0.234375,0.2744140625,16384,0.6108544007799466,1507836.0,1.254204,0.1203354,-0.7829126638367991,0.5746608231750201,0.23835414641196312,0.9062442,0.0003031269,0.6939802847046075,0.2300930974114851,0.00022951328287148593,0.6030392367196598,0.6500071356384944,0.3931770209312888,2.4701301984333814
both_paths,59.76366514199617,0.03238917111700222,0.0,0.5,0.1,0.1,0.22883975505828857,0.008953456063986917,0.2103271484375,0.2449951171875,16384,0.5377937703567279,1507960.0,1.093393,0.1600058,-0.5484343913073416,0.7747649126015212,0.31457757172580325,0.9580394,0.0003006898,0.6868396986931123,0.2300930974114851,0.00022951328287148593,0.6030392367196598,0.6500071356384944,0.38569356991586146,2.1512871084602003
both_paths,59.88835119899886,0.06563930141640135,0.0,0.5,0.1,0.1,0.17896272242069244,0.009651219408897717,0.156005859375,0.1959228515625,16384,0.3556906758008617,1508085.0,1.020664,0.2480612,-0.39870085745561734,0.7838644720584432,0.47601902872542134,0.8665132,0.000350461,0.8326669255181589,0.2300930974114851,0.00022951328287148593,0.6030392367196598,0.6500071356384944,0.5457494862641159,1.9808961298462209
