elapsed_s,utc,out1_command_estimated_v,in1_reference_v,rp_out2_v,in1_started_s,in1_finished_s,pax_requested_s,pax_received_s,in1_std_v,in1_min_v,in1_max_v,in1_sample_count,scope_sampling_time_s,scope_duration_s,scope_decimation,scope_fpga_average,sine_frequency_hz,sine_amplitude_v,sine_offset_v,pax_timestamp,pax_revisions,pax_adc_min,pax_adc_max,pax_rev_time,pax_ptotal,s1,s2,s3,dop,theta,eta,s1_over_s0,s2_over_s0,s3_over_s0
0.15849396950216033,2026-09-23T21:54:22.676093+00:00,0.5210013813857728,0.5204043537378311,0.0,0.1443670760054374,0.17262086299888324,5.6010030675679445e-06,0.14436670600844081,0.002333797356917418,0.5142822265625,0.5255126953125,16384,5.12e-07,0.008388608,64,True,0.46566128730773926,0.3599853515625,0.3599853515625,51896.0,110.0,35856.0,37696.0,0.01765442,0.0006916732,-0.6161680112662213,0.6488773400164998,0.446424886745062,0.03424666,1.165172,0.231383,-0.02110169638471045,0.02222188164524946,0.015288561311896643
0.3300434485063306,2026-09-23T21:54:22.845612+00:00,0.6560447210795621,0.6557453721761703,0.0,0.31794625900511164,0.34214063800754957,0.17378639199887402,0.3179457980004372,0.0017297491737233715,0.650146484375,0.6597900390625,16384,5.12e-07,0.008388608,64,True,0.46566128730773926,0.3599853515625,0.3599853515625,52080.0,132.0,35856.0,37504.0,0.01611723,0.0006926112,-0.6759091520110738,0.675547624060229,0.2945882310178916,0.03489551,1.178231,0.1495123,-0.023586194573093945,0.023573578870869957,0.010279806561367146
0.5004820805042982,2026-09-23T21:54:23.016787+00:00,0.7179323436396725,0.718658983707428,0.0,0.4876493890042184,0.513314772004378,0.3432962490041973,0.4876489680027589,0.0008788064498053489,0.7147216796875,0.7213134765625,16384,5.12e-07,0.008388608,64,True,0.46566128730773926,0.3599853515625,0.3599853515625,52252.0,154.0,35696.0,37696.0,0.01537693,0.0006926031,-0.5785783326264835,0.7416885103632377,0.33933061549220667,0.04177372,1.116637,0.1731026,-0.024169369265205586,0.03098308815913099,0.014175102118999104
0.6699966460000724,2026-09-23T21:54:23.185213+00:00,0.6930068955818904,0.6944032162427902,0.0,0.6582636109960731,0.6817296810040716,0.5144705830025487,0.6582631700002821,0.001252664606056808,0.6895751953125,0.6976318359375,16384,5.12e-07,0.008388608,64,True,0.46566128730773926,0.3599853515625,0.3599853515625,52419.0,176.0,35648.0,37760.0,0.01508975,0.0006928051,-0.5616047469006287,0.7348766259451148,0.38020580334629883,0.04380731,1.111667,0.1950094,-0.024602393244947382,0.03219296816453169,0.01665579349099035
0.8415287015086506,2026-09-23T21:54:23.359106+00:00,0.5861785546950118,0.5852911099791527,0.0,0.8274226180074038,0.8556347850098973,0.6829330320033478,0.8274222269974416,0.0021078267118795216,0.579345703125,0.5899658203125,16384,5.12e-07,0.008388608,64,True,0.46566128730773926,0.3599853515625,0.3599853515625,52585.0,198.0,35680.0,37712.0,0.01501723,0.000692629,-0.578873850691687,0.7431148749638794,0.3356863827932203,0.04180978,1.116295,0.1711669,-0.024202588345172277,0.031069469436967305,0.014034973813580324
1.0138592020011856,2026-09-23T21:54:23.529553+00:00,0.42273501626554966,0.4219975546002388,0.0,1.001637274006498,1.0260811299958732,0.8567254340014188,1.0016361120069632,0.002617268899059735,0.4150390625,0.4278564453125,16384,5.12e-07,0.008388608,64,True,0.46566128730773926,0.3599853515625,0.3599853515625,52765.0,222.0,35856.0,37504.0,0.01504973,0.0006924492,-0.6781142497609931,0.6741500623118584,0.29271617269294,0.03467029,1.179563,0.1485331,-0.02351041769234606,0.0233729781638702,0.01014855459495431
1.1848729945049854,2026-09-23T21:54:23.701529+00:00,0.24498715149035577,0.24178139865398407,0.0,1.1716891990072327,1.1980567900027381,1.027220591000514,1.1716887280053925,0.0024844371688155023,0.2349853515625,0.2470703125,16384,5.12e-07,0.008388608,64,True,0.46566128730773926,0.3599853515625,0.3599853515625,52933.0,244.0,35776.0,37616.0,0.01559732,0.0006928487,-0.7085384192890236,0.48308790030427823,0.5143922520518903,0.03455095,1.27159,0.2701494,-0.024480675497934087,0.0166911458890181,0.017772740981032258
1.3560229060021811,2026-09-23T21:54:23.871688+00:00,0.095337173316481,0.09198445826768875,0.0,1.3438285440061009,1.3682172679982614,1.1991373400087468,1.3438281230046414,0.0018808788252920353,0.086181640625,0.0963134765625,16384,5.12e-07,0.008388608,64,True,0.46566128730773926,0.3599853515625,0.3599853515625,53107.0,266.0,35536.0,37952.0,0.01601828,0.0006934395,-0.58010072614703,0.5633440475625723,0.5883252770360176,0.0444485,1.185424,0.3144931,-0.025784607126146265,0.025039797898084994,0.026150176076335428
1.5271643340020091,2026-09-23T21:54:24.042457+00:00,0.010676585274861039,0.0062869638204574585,0.0,1.515342687998782,1.5389859800052363,1.3708959610085003,1.515342206999776,0.0009306111478330884,0.0025634765625,0.0086669921875,16384,5.12e-07,0.008388608,64,True,0.46566128730773926,0.3599853515625,0.3599853515625,53267.0,286.0,35568.0,37920.0,0.01592658,0.0006933708,-0.5479265177585986,0.6876291551266034,0.4763850083249996,0.04641297,1.121802,0.2482693,-0.0254308970309343,0.03191491134801639,0.022110443099837954
1.6962079029981396,2026-09-23T21:54:24.211231+00:00,0.011230064882511215,0.00619913637638092,0.0,1.6846557929966366,1.7077600129996426,1.540121183003066,1.6846553920040606,0.0009356856397341188,0.002197265625,0.0086669921875,16384,5.12e-07,0.008388608,64,True,0.46566128730773926,0.3599853515625,0.3599853515625,53445.0,308.0,35632.0,37808.0,0.01632377,0.0006930758,-0.5579193119574167,0.7332558565596219,0.3886668112483722,0.04415673,1.110612,0.1995921,-0.02463589241988942,0.03237818087902195,0.017162255444255335
1.8645801770035177,2026-09-23T21:54:24.379915+00:00,0.0948932311457737,0.0899975523352623,0.0,1.8527159960067365,1.876444358000299,1.708771453006193,1.8527155850024428,0.001899149887518453,0.084716796875,0.094482421875,16384,5.12e-07,0.008388608,64,True,0.46566128730773926,0.3599853515625,0.3599853515625,53608.0,328.0,35600.0,37824.0,0.01641342,0.0006931084,-0.5515307770018036,0.7252598601478237,0.41208243990510673,0.04487461,1.110479,0.2123692,-0.024749728520952908,0.03254575337278814,0.0184920387785901
2.0361595995054813,2026-09-23T21:54:24.553787+00:00,0.24479466410360434,0.24265949428081512,0.0,2.022002950005117,2.0503162490058457,1.877581053005997,2.0220024489972275,0.0024682083171946125,0.2359619140625,0.248046875,16384,5.12e-07,0.008388608,64,True,0.46566128730773926,0.3599853515625,0.3599853515625,53774.0,348.0,35536.0,37968.0,0.01669487,0.0006935326,-0.5474307601401143,0.6512140925833578,0.5255851676686193,0.04644958,1.134913,0.2767014,-0.025427928887589046,0.030248621090578083,0.024413210292436944
2.20716345749679,2026-09-23T21:54:24.722558+00:00,0.42252466162540137,0.4193315804004669,0.0,2.1952390469959937,2.2190878679975867,2.0514022190036485,2.1952386470075,0.0026080716688538902,0.412841796875,0.42529296875,16384,5.12e-07,0.008388608,64,True,0.46566128730773926,0.3599853515625,0.3599853515625,53957.0,370.0,35632.0,37872.0,0.01663625,0.0006937633,-0.6306463426636735,0.4963298645801214,0.5966086288437428,0.04062507,1.237409,0.3196343,-0.02562005181595572,0.02016343549165795,0.02423726730938107
2.378198730504664,2026-09-23T21:54:24.895280+00:00,0.5849489362980733,0.5852614119648933,0.0,2.364589185002842,2.3918082760064863,2.2202635970024858,2.364588864002144,0.0020693672825841344,0.579833984375,0.5902099609375,16384,5.12e-07,0.008388608,64,True,0.46566128730773926,0.3599853515625,0.3599853515625,54124.0,390.0,35856.0,37552.0,0.01675403,0.0006930351,-0.7333056025155158,0.5368849227962569,0.41715401591428264,0.03295646,1.254809,0.2151558,-0.024167156757078496,0.01769382648273793,0.013747919639318418
2.5491697160032345,2026-09-23T21:54:25.064693+00:00,0.692177308863975,0.6924680024385452,0.0,2.537117401006981,2.561222030999488,2.392864870998892,2.5371170209982665,0.001232410883256132,0.6878662109375,0.6959228515625,16384,5.12e-07,0.008388608,64,True,0.46566128730773926,0.3599853515625,0.3599853515625,54292.0,410.0,35824.0,37552.0,0.01676177,0.0006926576,-0.6426288116526709,0.710459708202027,0.28683656227086307,0.03690909,1.153053,0.1454615,-0.02371884464588148,0.02622242131140235,0.010586876492145889
2.7190514405010617,2026-09-23T21:54:25.234390+00:00,0.7181173307355141,0.7189121097326279,0.0,2.7071849750063848,2.7309179059957387,2.562421403999906,2.7071844340098323,0.0008369954094277889,0.7149658203125,0.7215576171875,16384,5.12e-07,0.008388608,64,True,0.46566128730773926,0.3599853515625,0.3599853515625,54459.0,430.0,35712.0,37712.0,0.01671545,0.0006928058,-0.5763491637715769,0.741031815044901,0.34451921646123546,0.04190502,1.115916,0.1758633,-0.024151923234831205,0.031052953030092877,0.014437084656192402
2.8902400445003877,2026-09-23T21:54:25.407088+00:00,0.656608008469987,0.6569728776812553,0.0,2.8768628050020197,2.9036172839987557,2.731952550006099,2.876862324003014,0.0017674404820216512,0.651611328125,0.6612548828125,16384,5.12e-07,0.008388608,64,True,0.46566128730773926,0.3599853515625,0.3599853515625,54643.0,452.0,35664.0,37744.0,0.0167609,0.0006928774,-0.5707839061813589,0.7417856699378291,0.3520791847287137,0.04267548,1.113322,0.1798958,-0.02435847717256446,0.03165605952171843,0.015025148206306528
3.061657083002501,2026-09-23T21:54:25.577107+00:00,0.5220127143254244,0.5227982997894287,0.0,3.049679643998388,3.073634522006614,2.9047802290006075,3.0496776610089,0.0023814267287350773,0.5164794921875,0.5279541015625,16384,5.12e-07,0.008388608,64,True,0.46566128730773926,0.3599853515625,0.3599853515625,54810.0,472.0,35776.0,37600.0,0.0166463,0.0006926492,-0.6183139136522615,0.7284053337571265,0.2951500871390568,0.03840393,1.137314,0.1498063,-0.0237456842579275,0.027973627449235323,0.01133492328598224
3.233502736002265,2026-09-23T21:54:25.750784+00:00,0.3470570038322161,0.344168558716774,0.0,3.219692793005379,3.247312678999151,3.0748949100088794,3.2196924129966646,0.0026424315680967196,0.337158203125,0.3499755859375,16384,5.12e-07,0.008388608,64,True,0.46566128730773926,0.3599853515625,0.3599853515625,54977.0,492.0,35872.0,37504.0,0.0166599,0.0006926813,-0.7253422315349783,0.5880773685793618,0.3578318819175162,0.03284484,1.230163,0.1829725,-0.023823749540009317,0.019315307078610164,0.011752930908479713
3.406559926996124,2026-09-23T21:54:25.924911+00:00,0.17420713537043941,0.17028767615556717,0.0,3.391680244996678,3.42143960899557,3.2483953129994916,3.3916797840065556,0.002298758462549519,0.1636962890625,0.17529296875,16384,5.12e-07,0.008388608,64,True,0.46566128730773926,0.3599853515625,0.3599853515625,55144.0,512.0,35696.0,37760.0,0.01666785,0.0006932711,-0.6601242328529915,0.47841330594496156,0.5790999101148799,0.03809816,1.25723,0.3088121,-0.025149518643110526,0.018226666676020097,0.022062641031542315
3.5820767780023743,2026-09-23T21:54:26.098300+00:00,0.04669352277691652,0.042451128363609314,0.0,3.5693238920066506,3.594829663998098,3.4225413990061497,3.569323400995927,0.0014272523872662663,0.03759765625,0.0458984375,16384,5.12e-07,0.008388608,64,True,0.46566128730773926,0.3599853515625,0.3599853515625,55328.0,534.0,35520.0,37968.0,0.01687015,0.0006935005,-0.5596190828373949,0.6163946082261439,0.5539712709825046,0.04607996,1.153977,0.2935634,-0.025787224952383846,0.028403438891276382,0.025526974008022976
3.752419327007374,2026-09-23T21:54:26.268799+00:00,4.965824445829492e-05,-0.004981964826583862,0.0,3.739510508006788,3.7653281460079597,3.596077107009478,3.7395101279980736,0.0006955800646359348,-0.0078125,-0.0035400390625,16384,5.12e-07,0.008388608,64,True,0.46566128730773926,0.3599853515625,0.3599853515625,55497.0,554.0,35600.0,37872.0,0.01684513,0.0006930479,-0.547605106591023,0.7127445381223345,0.43831937056467674,0.04553217,1.112955,0.226864,-0.024933648806170577,0.032452805476357614,0.019957632094843854
3.92187220499909,2026-09-23T21:54:26.437543+00:00,0.04054417046686809,0.035605818033218384,0.0,3.9096759550011484,3.934068454997032,3.766331191000063,3.9096754339989275,0.0013539751089274845,0.0311279296875,0.0389404296875,16384,5.12e-07,0.008388608,64,True,0.46566128730773926,0.3599853515625,0.3599853515625,55665.0,574.0,35600.0,37840.0,0.01676297,0.0006929412,-0.5522647565729747,0.7232844247103988,0.4145639632417902,0.04484872,1.111457,0.2137318,-0.024768367433409502,0.03243838064419776,0.018592663109521342
4.095806341501884,2026-09-23T21:54:26.615013+00:00,0.1618887697238454,0.15934277325868607,0.0,4.080071192001924,4.111541491001844,3.935321509008645,4.080070801996044,0.0022427823377171347,0.1531982421875,0.164306640625,16384,5.12e-07,0.008388608,64,True,0.46566128730773926,0.3599853515625,0.3599853515625,55833.0,594.0,35536.0,37904.0,0.0167907,0.0006931055,-0.5458315261913498,0.684452141570703,0.4833148155342438,0.04624642,1.121997,0.2522186,-0.025242754009486165,0.03165346120897819,0.022351579951419166
4.26855262650497,2026-09-23T21:54:26.783950+00:00,0.3321915732845639,0.3286811411380768,0.0,4.256626424001297,4.2804788290086435,4.112633372002165,4.2566260029998375,0.0026686272885731825,0.322021484375,0.3345947265625,16384,5.12e-07,0.008388608,64,True,0.46566128730773926,0.3599853515625,0.3599853515625,56017.0,616.0,35568.0,37936.0,0.016771,0.0006934463,-0.5871219348680623,0.5501989177010133,0.5937751969873922,0.04380622,1.194324,0.3178713,-0.025719592645656007,0.02410213483257248,0.02601104690977304
4.440209414504352,2026-09-23T21:54:26.959086+00:00,0.5083999173658074,0.508524090051651,0.0,4.4248041350074345,4.4556146940012695,4.281572805004544,4.42480359399633,0.002434759638639939,0.5023193359375,0.513671875,16384,5.12e-07,0.008388608,64,True,0.46566128730773926,0.3599853515625,0.3599853515625,56185.0,636.0,35792.0,37632.0,0.01677245,0.0006930146,-0.7096649772486159,0.48476303559209566,0.5112537720058973,0.03475301,1.271154,0.2683215,-0.02466299405097092,0.016846974623562456,0.017767607451058667
4.615355493500829,2026-09-23T21:54:27.133164+00:00,0.6501421558283262,0.6505018025636673,0.0,4.601019338006154,4.629691648995504,4.456772560006357,4.601017824999872,0.0016918342413170815,0.6448974609375,0.6544189453125,16384,5.12e-07,0.008388608,64,True,0.46566128730773926,0.3599853515625,0.3599853515625,56352.0,656.0,35840.0,37520.0,0.01671395,0.0006925822,-0.6701769379725567,0.6823070021490365,0.2920959202524444,0.03525009,1.173613,0.1482088,-0.02362379737945704,0.024051383233383728,0.010296407477531487
4.785251763001725,2026-09-23T21:54:27.300396+00:00,0.7166318179428183,0.7172142788767815,0.0,4.773578070002259,4.7969254560011905,4.630848884000443,4.773577127998578,0.0009069154391582873,0.712646484375,0.7198486328125,16384,5.12e-07,0.008388608,64,True,0.46566128730773926,0.3599853515625,0.3599853515625,56537.0,678.0,35664.0,37760.0,0.01671422,0.0006929061,-0.5689085644268251,0.743909495456447,0.3506304434750971,0.04245528,1.111837,0.1791221,-0.0241531723971389,0.031582885924262186,0.014886113654259419
4.9559987715038005,2026-09-23T21:54:27.473213+00:00,0.6964775744049607,0.6971519291400909,0.0,4.942269906998263,4.969727636009338,4.798035751999123,4.942268935003085,0.0012329592293886793,0.6923828125,0.700927734375,16384,5.12e-07,0.008388608,64,True,0.46566128730773926,0.3599853515625,0.3599853515625,56703.0,698.0,35648.0,37824.0,0.01664253,0.0006932392,-0.5536275842667164,0.732464461906367,0.3962225510785777,0.04435735,1.109013,0.2036995,-0.024557452524973232,0.032490182499342386,0.017575382376085347
5.126673844497418,2026-09-23T21:54:27.641913+00:00,0.5941320315441273,0.5951892510056496,0.0,5.114907887997106,5.13843980099773,4.970826089003822,5.114907367009437,0.0021290468515816428,0.5892333984375,0.60009765625,16384,5.12e-07,0.008388608,64,True,0.46566128730773926,0.3599853515625,0.3599853515625,56870.0,718.0,35712.0,37760.0,0.016711,0.0006931458,-0.5749382150330627,0.7419605636445761,0.3448776172656307,0.04208097,1.115019,0.1760542,-0.024193957778659864,0.031222420219910497,0.014512784665826488
5.2971549135036184,2026-09-23T21:54:27.814118+00:00,0.43480106827533727,0.43303871154785156,0.0,5.283662333007669,5.310647493999568,5.139564954995876,5.283661941997707,0.0026827914559265746,0.4263916015625,0.43896484375,16384,5.12e-07,0.008388608,64,True,0.46566128730773926,0.3599853515625,0.3599853515625,57037.0,738.0,35856.0,37568.0,0.01662827,0.0006929597,-0.6575536430160032,0.6970718086394516,0.2858567825966464,0.03591123,1.163515,0.1449502,-0.023613560111685583,0.025032706046567335,0.010265468666888166
5.470058544000494,2026-09-23T21:54:27.986967+00:00,0.25479577900857664,0.25178752839565277,0.0,5.456621638004435,5.483495449996553,5.311716021009488,5.4566212270001415,0.0025570658250419656,0.2445068359375,0.25732421875,16384,5.12e-07,0.008388608,64,True,0.46566128730773926,0.3599853515625,0.3599853515625,57219.0,760.0,35824.0,37584.0,0.01661133,0.0006932409,-0.71900113193458,0.49573482194427143,0.4871184235775467,0.03373792,1.268982,0.2543936,-0.024257602669118306,0.016725061763970074,0.016434362405185383
5.645318179500464,2026-09-23T21:54:28.163182+00:00,0.09942321243611241,0.09567103534936905,0.0,5.630925317003857,5.65971104199707,5.486040331001277,5.630922932003159,0.001891247207590001,0.09033203125,0.1002197265625,16384,5.12e-07,0.008388608,64,True,0.46566128730773926,0.3599853515625,0.3599853515625,57386.0,780.0,35568.0,37904.0,0.01664613,0.00069375,-0.5974767950057209,0.5330598856334394,0.5990564562361016,0.04295057,1.206556,0.3211611,-0.025661968907268868,0.022895225932091035,0.02572981625752062
5.8161933329975,2026-09-23T21:54:28.331249+00:00,0.012241194687599377,0.00793546438217163,0.0,5.804608421996818,5.827778243998182,5.660850643005688,5.80460795100953,0.0010020358748211186,0.0040283203125,0.010498046875,16384,5.12e-07,0.008388608,64,True,0.46566128730773926,0.3599853515625,0.3599853515625,57569.0,802.0,35568.0,37952.0,0.01658617,0.0006936141,-0.5487177662211941,0.6764069369230272,0.4913068987055148,0.04637501,1.126172,0.2567948,-0.025446791895685536,0.03136837846387476,0.022784362340537236
5.987105960499321,2026-09-23T21:54:28.504772+00:00,0.010192628319582564,0.00576387345790863,0.0,5.972910714001046,6.001301206997596,5.828891676006606,5.972910263008089,0.0009304811490136121,0.001708984375,0.0081787109375,16384,5.12e-07,0.008388608,64,True,0.46566128730773926,0.3599853515625,0.3599853515625,57735.0,822.0,35632.0,37840.0,0.01676153,0.000693302,-0.553240822297352,0.7251879954540417,0.4099109217782549,0.04475867,1.111249,0.2111782,-0.024762323395735822,0.03245845017648895,0.018347067677268725
6.157712284504669,2026-09-23T21:54:28.672939+00:00,0.09358933749522941,0.0885552167892456,0.0,6.145955781001248,6.169468788008089,6.002384531995631,6.145955319996574,0.0018570792083647768,0.0828857421875,0.093017578125,16384,5.12e-07,0.008388608,64,True,0.46566128730773926,0.3599853515625,0.3599853515625,57903.0,842.0,35616.0,37872.0,0.01679498,0.0006933965,-0.5497493134544301,0.717386745212663,0.4279391897800018,0.04525256,1.112331,0.2211057,-0.024877563792055406,0.03246358673094074,0.019365343861870915
6.329163780501403,2026-09-23T21:54:28.846123+00:00,0.2428376221206132,0.24024472385644913,0.0,6.315675438003382,6.342652122999425,6.17060800800391,6.315674455996486,0.002476138779754381,0.2333984375,0.245849609375,16384,5.12e-07,0.008388608,64,True,0.46566128730773926,0.3599853515625,0.3599853515625,58070.0,862.0,35536.0,38000.0,0.01665047,0.0006937345,-0.5504422552663649,0.6408282176155445,0.5351191634813337,0.04650117,1.140233,0.2823244,-0.025596208887324633,0.029799261888137432,0.02488366719130329
6.501458651000576,2026-09-23T21:54:29.018404+00:00,0.42182740815913367,0.42038939893245697,0.0,6.48798417999933,6.514933122001821,6.343792145009502,6.487983579005231,0.002629288955573971,0.4136962890625,0.42578125,16384,5.12e-07,0.008388608,64,True,0.46566128730773926,0.3599853515625,0.3599853515625,58254.0,884.0,35664.0,37840.0,0.01666368,0.0006937618,-0.6386706616891736,0.48634980732828187,0.5962915820378956,0.03985398,1.245385,0.3194368,-0.02545356777754709,0.0193829754942652,0.023764592784706648
6.67507307449705,2026-09-23T21:54:29.191112+00:00,0.5865135217129036,0.5859830677509308,0.0,6.662505034997594,6.687641113996506,6.517604452004889,6.662504624007852,0.002093824692174378,0.58056640625,0.5908203125,16384,5.12e-07,0.008388608,64,True,0.46566128730773926,0.3599853515625,0.3599853515625,58420.0,904.0,35904.0,37552.0,0.01666198,0.0006932086,-0.7357460071053753,0.553964065879473,0.389617282397457,0.03277395,1.24811,0.200108,-0.02411330284957122,0.018155590596930556,0.012769297332430138
6.844334717505262,2026-09-23T21:54:29.359365+00:00,0.6922574853955872,0.69254270195961,0.0,6.832774688009522,6.8558947470010025,6.688821161005762,6.8327717520005535,0.0012585933675790413,0.6878662109375,0.696044921875,16384,5.12e-07,0.008388608,64,True,0.46566128730773926,0.3599853515625,0.3599853515625,58587.0,924.0,35808.0,37584.0,0.0166403,0.0006929651,-0.6209997848663149,0.7273339367284646,0.29213800108692534,0.03806839,1.138747,0.1482308,-0.023640462000206974,0.027688431963614514,0.011121223359197498
7.016455260003568,2026-09-23T21:54:29.534618+00:00,0.7178481570778481,0.7184674069285393,0.0,7.001764323009411,7.0311461969977245,6.856960189004894,7.001763952008332,0.0008732372776515185,0.7144775390625,0.7210693359375,16384,5.12e-07,0.008388608,64,True,0.46566128730773926,0.3599853515625,0.3599853515625,58754.0,944.0,35664.0,37808.0,0.0167181,0.0006933409,-0.5604552284468156,0.7408536409731805,0.37016998738878004,0.04334343,1.109222,0.189596,-0.024292051962318564,0.03211113792776618,0.01604443693648647
7.190919672000746,2026-09-23T21:54:29.709492+00:00,0.6531576899205278,0.6532662585377693,0.0,7.175818685005652,7.20602065899584,7.032360067998525,7.175818183997762,0.0016281827788878801,0.6478271484375,0.6575927734375,16384,5.12e-07,0.008388608,64,True,0.46566128730773926,0.3599853515625,0.3599853515625,58937.0,966.0,35680.0,37808.0,0.0167253,0.0006934789,-0.5613823135816577,0.7372776653035116,0.37586106773954203,0.04352706,1.110785,0.1926629,-0.02443532164620763,0.03209152917432587,0.01636012724716311
7.3676038140038145,2026-09-23T21:54:29.886432+00:00,0.5116043024026954,0.5108162090182304,0.0,7.352246455004206,7.382961173003423,7.207149280002341,7.352246014008415,0.0024268008820587036,0.504150390625,0.5162353515625,16384,5.12e-07,0.008388608,64,True,0.46566128730773926,0.3599853515625,0.3599853515625,59105.0,986.0,35792.0,37648.0,0.01675133,0.0006933179,-0.6062630117006813,0.736132582672754,0.30092188582946316,0.03954628,1.129875,0.1528296,-0.023975446814358422,0.029111305231499882,0.011900341155139984
7.5414411520032445,2026-09-23T21:54:30.057837+00:00,0.33341646566278643,0.3317110016942024,0.0,7.528516218008008,7.554366085998481,7.384211402008077,7.528515847006929,0.002647371768089592,0.32470703125,0.3375244140625,16384,5.12e-07,0.008388608,64,True,0.46566128730773926,0.3599853515625,0.3599853515625,59289.0,1008.0,35904.0,37536.0,0.01684482,0.0006932286,-0.7276603562557048,0.5776970389102796,0.3698331207019127,0.03259281,1.235288,0.1894147,-0.023716495735974497,0.01882876982676535,0.012053900634744508
7.716613733500708,2026-09-23T21:54:30.233169+00:00,0.16078201142764606,0.1575300246477127,0.0,7.703529620004701,7.729697846996714,7.5569270069972845,7.703529339996749,0.002263106080030103,0.1513671875,0.162109375,16384,5.12e-07,0.008388608,64,True,0.46566128730773926,0.3599853515625,0.3599853515625,59457.0,1028.0,35648.0,37840.0,0.01674757,0.000693903,-0.6362770437371496,0.48808313570123824,0.5974331563088545,0.03987454,1.243621,0.3201482,-0.02537125443157872,0.019462090517844453,0.02382237228856367
7.8866508710052585,2026-09-23T21:54:30.401426+00:00,0.04183420683194389,0.03813062608242035,0.0,7.875346938002622,7.897954804007895,7.730699988998822,7.875346657005139,0.001359995817735723,0.033447265625,0.0416259765625,16384,5.12e-07,0.008388608,64,True,0.46566128730773926,0.3599853515625,0.3599853515625,59641.0,1050.0,35568.0,38016.0,0.01673185,0.0006939195,-0.5480249991459378,0.6567356123215418,0.5180414421836775,0.04661604,1.133102,0.2722798,-0.025546755281187,0.030614413573405483,0.024149040590492
8.057000726505066,2026-09-23T21:54:30.574185+00:00,2.3883123595191957e-05,-0.004978805780410767,0.0,8.043288123008097,8.070713330002036,7.898943833002704,8.043287681997754,0.000675586762446736,-0.0076904296875,-0.0035400390625,16384,5.12e-07,0.008388608,64,True,0.46566128730773926,0.3599853515625,0.3599853515625,59808.0,1070.0,35632.0,37856.0,0.0166969,0.0006935529,-0.5556301673364673,0.7273209888608367,0.40283904516338026,0.04473048,1.11158,0.2073083,-0.024853604087440504,0.03253341694581988,0.01801918385289968
8.231114227506623,2026-09-23T21:54:30.749002+00:00,0.04775264022954567,0.043935626745224,0.0,8.21669737000775,8.245531085005496,8.071822233003331,8.216696999996202,0.0014663594230750266,0.039306640625,0.047607421875,16384,5.12e-07,0.008388608,64,True,0.46566128730773926,0.3599853515625,0.3599853515625,59975.0,1090.0,35664.0,37792.0,0.01672927,0.0006933024,-0.5595249039034833,0.7382696176465235,0.37668269614073563,0.04359619,1.109663,0.1931063,-0.024393154020308,0.03218574252214519,0.016421930390663777
8.404311098005564,2026-09-23T21:54:30.919989+00:00,0.17394644140479248,0.16971056163311005,0.0,8.392106077008066,8.416516119003063,8.246625982006663,8.392105345003074,0.002288360377928061,0.1636962890625,0.1748046875,16384,5.12e-07,0.008388608,64,True,0.46566128730773926,0.3599853515625,0.3599853515625,60142.0,1110.0,35600.0,37888.0,0.01665825,0.0006934743,-0.5453811834678755,0.7112858134928073,0.4434319071098232,0.0455113,1.112467,0.229712,-0.02482100665516152,0.0323715420436152,0.020181162554047297
8.576029078001739,2026-09-23T21:54:31.093670+00:00,0.3453432957556983,0.3425678685307503,0.0,8.561859645997174,8.590198510006303,8.417648686998291,8.56185913500667,0.0026773293806987295,0.3359375,0.3482666015625,16384,5.12e-07,0.008388608,64,True,0.46566128730773926,0.3599853515625,0.3599853515625,60325.0,1132.0,35568.0,38000.0,0.01663113,0.0006939875,-0.5716408745806152,0.5802903010599104,0.5800774750018379,0.04507932,1.174343,0.3094119,-0.025769181910299418,0.02615909217437604,0.026149498120399853
8.745570438004506,2026-09-23T21:54:31.260189+00:00,0.5183033586624508,0.5161806493997574,0.0,8.734422944005928,8.756717932003085,8.591339343009167,8.734422692999942,0.002433987966730418,0.510009765625,0.5213623046875,16384,5.12e-07,0.008388608,64,True,0.46566128730773926,0.3599853515625,0.3599853515625,60492.0,1152.0,35792.0,37728.0,0.01666765,0.0006937114,-0.6882384407782586,0.4749288956315578,0.5484253757160589,0.0360786,1.268783,0.29024,-0.024830679409462483,0.01713476965393272,0.019786419760309402
8.914367726007185,2026-09-23T21:54:31.429488+00:00,0.652643412984421,0.6524049118161201,0.0,8.902718755009118,8.926016697005252,8.757706119009526,8.90271812400897,0.0016117332903572744,0.64697265625,0.656494140625,16384,5.12e-07,0.008388608,64,True,0.46566128730773926,0.3599853515625,0.3599853515625,60659.0,1172.0,35920.0,37520.0,0.01665392,0.0006932174,-0.7092338695424315,0.6289795366482533,0.3183897937616998,0.03348025,1.208047,0.1620152,-0.023745327260747996,0.021058392131867686,0.01065976989259015
9.084718142003112,2026-09-23T21:54:31.600325+00:00,0.7172448064506447,0.717925414443016,0.0,9.072585016008816,9.096851267997408,8.927081488000113,9.072582710999995,0.0009249286894664798,0.7137451171875,0.720458984375,16384,5.12e-07,0.008388608,64,True,0.46566128730773926,0.3599853515625,0.3599853515625,60826.0,1192.0,35776.0,37648.0,0.01669955,0.0006932063,-0.596923434720995,0.7402499204958981,0.3093743174323081,0.03993284,1.124708,0.1572675,-0.023836848010963935,0.029560281635175416,0.012354195118133569
9.256319127001916,2026-09-23T21:54:31.773290+00:00,0.694432947000983,0.6952355429530144,0.0,9.242820940999081,9.26981731300475,9.098006829008227,9.242820590006886,0.0012562346260187322,0.690185546875,0.6988525390625,16384,5.12e-07,0.008388608,64,True,0.46566128730773926,0.3599853515625,0.3599853515625,60993.0,1212.0,35664.0,37824.0,0.01669337,0.0006934982,-0.5586949878508253,0.7367367728166163,0.3808921607622343,0.04381759,1.109806,0.1953805,-0.024480667912702442,0.032282029849201636,0.016689776534493668
9.428264317997673,2026-09-23T21:54:31.944332+00:00,0.5887897547264285,0.5894439145922661,0.0,9.415667499997653,9.440861135997693,9.271027327005868,9.415667110006325,0.002056639710199069,0.583740234375,0.59423828125,16384,5.12e-07,0.008388608,64,True,0.46566128730773926,0.3599853515625,0.3599853515625,61176.0,1234.0,35712.0,37760.0,0.01666473,0.0006933055,-0.5744158852500917,0.7432433373162433,0.34298065879487494,0.04207919,1.114381,0.1750441,-0.024170955174456808,0.03127507760716429,0.014432348307754715
9.597756220500742,2026-09-23T21:54:32.112885+00:00,0.4289866690154646,0.428758904337883,0.0,9.586098984000273,9.60941345700121,9.442003913005465,9.586098483006936,0.002587959377546345,0.4217529296875,0.4344482421875,16384,5.12e-07,0.008388608,64,True,0.46566128730773926,0.3599853515625,0.3599853515625,61342.0,1254.0,35856.0,37552.0,0.01665865,0.000693045,-0.6626138230275944,0.693001629360659,0.284062780448667,0.03574411,1.166891,0.1440144,-0.02368454137781887,0.024770726470046626,0.010153571271263004
9.766109107498778,2026-09-23T21:54:32.281235+00:00,0.2537051453041403,0.25249917060136795,0.0,9.754454274996533,9.777763940001023,9.610490781997214,9.754453824003576,0.0025432543751758596,0.245849609375,0.258056640625,16384,5.12e-07,0.008388608,64,True,0.46566128730773926,0.3599853515625,0.3599853515625,61509.0,1274.0,35840.0,37584.0,0.01659755,0.0006930975,-0.7237034762741034,0.5083939172467951,0.4666785867545642,0.03328028,1.264599,0.2427658,-0.024085054327375517,0.01691949191627017,0.015531194037196189
9.935880700002599,2026-09-23T21:54:32.452023+00:00,0.10264590594555228,0.0989585816860199,0.0,9.923209847998805,9.948551552006393,9.779334521008423,9.923209357002634,0.0019298979377780565,0.09326171875,0.1033935546875,16384,5.12e-07,0.008388608,64,True,0.46566128730773926,0.3599853515625,0.3599853515625,61675.0,1294.0,35568.0,37904.0,0.01665755,0.0006937319,-0.6007786124553273,0.526499308665813,0.6015509428059046,0.04281808,1.210996,0.3227206,-0.0257241866904012,0.022543689518397473,0.02575725639313865
10.107065398005943,2026-09-23T21:54:32.623824+00:00,0.013381384560326448,0.0086979940533638,0.0,10.093778028007364,10.120352768004523,9.949679191005998,10.093777638001484,0.0010071750085543054,0.0048828125,0.01123046875,16384,5.12e-07,0.008388608,64,True,0.46566128730773926,0.3599853515625,0.3599853515625,61859.0,1316.0,35536.0,37968.0,0.01669728,0.0006935146,-0.5446767451974402,0.6782298630224078,0.49328642404360645,0.04666405,1.123708,0.2579319,-0.02541682287173061,0.03164895223957079,0.023018742355892054
10.281432394003787,2026-09-23T21:54:32.798666+00:00,0.010033758541549809,0.005416423082351685,0.0,10.267670902001555,10.295193886006018,10.122952432007878,10.26766898900678,0.0009133107354170235,0.0015869140625,0.0078125,16384,5.12e-07,0.008388608,64,True,0.46566128730773926,0.3599853515625,0.3599853515625,62026.0,1336.0,35600.0,37888.0,0.0167042,0.0006932672,-0.549374945451792,0.7168210110358515,0.4293655871717948,0.04543038,1.112357,0.2218951,-0.024958312534354182,0.032565450923342926,0.019506241784137762
10.455457985503017,2026-09-23T21:54:32.972944+00:00,0.09556635838218247,0.09192698448896408,0.0,10.441443414005334,10.4694725570007,10.297856347999186,10.441442933006329,0.0018866753641727612,0.08642578125,0.0965576171875,16384,5.12e-07,0.008388608,64,True,0.46566128730773926,0.3599853515625,0.3599853515625,62193.0,1356.0,35616.0,37888.0,0.01669278,0.0006932743,-0.5456049513087485,0.7147667559075909,0.43751996726631404,0.04553194,1.111388,0.2264194,-0.02484245190669286,0.03254471704397907,0.019921132898371774
10.629744284502522,2026-09-23T21:54:33.148183+00:00,0.24844351790988345,0.24592899531126022,0.0,10.614777840004535,10.644710729000508,10.4705665520014,10.614777288996265,0.0026559255683181915,0.239501953125,0.2515869140625,16384,5.12e-07,0.008388608,64,True,0.46566128730773926,0.3599853515625,0.3599853515625,62376.0,1378.0,35536.0,38000.0,0.01664545,0.0006936327,-0.5507956511861254,0.6326478875510874,0.5444086709555596,0.04623126,1.14357,0.287842,-0.025463976956855074,0.029248108977825087,0.025168698813200923
10.802073447004659,2026-09-23T21:54:33.317302+00:00,0.42767854476128125,0.4247826635837555,0.0,10.790317099003005,10.813829795006313,10.645850109998719,10.790316598009667,0.0025697080831160904,0.41796875,0.4305419921875,16384,5.12e-07,0.008388608,64,True,0.46566128730773926,0.3599853515625,0.3599853515625,62542.0,1398.0,35664.0,37840.0,0.01661683,0.0006936846,-0.6357829892130966,0.49011616037476685,0.5962936692324976,0.03975341,1.242429,0.3194381,-0.025274541841213808,0.019483788671003862,0.023704706713403863
10.970283576003567,2026-09-23T21:54:33.485385+00:00,0.586712546987197,0.5854678228497505,0.0,10.95865312400565,10.981914028001484,10.814961120995576,10.95865265300381,0.002082421724328237,0.5797119140625,0.5902099609375,16384,5.12e-07,0.008388608,64,True,0.46566128730773926,0.3599853515625,0.3599853515625,62725.0,1420.0,35904.0,37520.0,0.01658847,0.0006932394,-0.73080135864321,0.5738576876708585,0.369617002458347,0.03283702,1.237957,0.1892984,-0.02399733882979426,0.018843776367201737,0.01213712090206479
11.141644840499794,2026-09-23T21:54:33.659576+00:00,0.6931991117167895,0.6945723593235016,0.0,11.127184026001487,11.1561056549981,10.982940255998983,11.127181942007155,0.001221645442726324,0.689697265625,0.697998046875,16384,5.12e-07,0.008388608,64,True,0.46566128730773926,0.3599853515625,0.3599853515625,62891.0,1440.0,35792.0,37632.0,0.01665622,0.0006931121,-0.6115344356695783,0.7323965231003009,0.29936761170988574,0.03896987,1.133252,0.1520149,-0.023831417458566827,0.02854139729367072,0.011666316910544724
11.31415267400007,2026-09-23T21:54:33.829945+00:00,0.7175249434040878,0.7183480858802795,0.0,11.30183246100205,11.32647288699809,11.157195692998357,11.301831318996847,0.0009127487464253486,0.7142333984375,0.721435546875,16384,5.12e-07,0.008388608,64,True,0.46566128730773926,0.3599853515625,0.3599853515625,63057.0,1460.0,35664.0,37840.0,0.0165896,0.0006934355,-0.5552036887733102,0.7344641838336924,0.390270709428747,0.04408801,1.109041,0.2004628,-0.024477825782674583,0.03238106428150166,0.01720625894000169
11.485344949505816,2026-09-23T21:54:34.002126+00:00,0.6534886075659235,0.6537610068917274,0.0,11.472035283004516,11.498654616007116,11.327575959003298,11.472034923004685,0.0016040873289049262,0.6485595703125,0.65771484375,16384,5.12e-07,0.008388608,64,True,0.46566128730773926,0.3599853515625,0.3599853515625,63223.0,1480.0,35648.0,37840.0,0.01661393,0.0006935653,-0.5538301736290219,0.7319135646368907,0.3969567642433713,0.04443049,1.109282,0.2040994,-0.024606945991122522,0.03251927831446373,0.017636983544147465
11.658685141002934,2026-09-23T21:54:34.177124+00:00,0.5153066132767463,0.5153063014149666,0.0,11.643719056999544,11.673651225006324,11.499719407001976,11.643718677005381,0.0024524392738072246,0.5089111328125,0.520751953125,16384,5.12e-07,0.008388608,64,True,0.46566128730773926,0.3599853515625,0.3599853515625,63406.0,1502.0,35776.0,37680.0,0.01666093,0.0006933352,-0.5918610514250118,0.7406781572700037,0.3179565428626862,0.04040677,1.122488,0.1617867,-0.023915193376888622,0.02992841194483287,0.012847596897447704
11.830667551002989,2026-09-23T21:54:34.345910+00:00,0.33945008537693977,0.3385515511035919,0.0,11.818895884003723,11.842439218002255,11.674989840001217,11.818895513002644,0.002656280988229454,0.3319091796875,0.34423828125,16384,5.12e-07,0.008388608,64,True,0.46566128730773926,0.3599853515625,0.3599853515625,63573.0,1522.0,35920.0,37520.0,0.01660987,0.0006932964,-0.7029447210387397,0.6388167720493086,0.31270089688433916,0.03355243,1.201976,0.1590176,-0.023585503546521842,0.021433855027010385,0.010491874953649009
11.999404293506814,2026-09-23T21:54:34.514560+00:00,0.1715888073503151,0.16927172243595123,0.0,11.987719545009895,12.011089042003732,11.84349566300807,11.98771879299602,0.002293915287273966,0.1632080078125,0.17431640625,16384,5.12e-07,0.008388608,64,True,0.46566128730773926,0.3599853515625,0.3599853515625,63739.0,1542.0,35760.0,37712.0,0.01664277,0.0006937465,-0.6867302239468812,0.47622955151802665,0.5491875943416837,0.03603697,1.26763,0.2906959,-0.02474767647846704,0.017161870061168583,0.019791056861663426
12.172031120004249,2026-09-23T21:54:34.690813+00:00,0.04668327758167046,0.04227612912654877,0.0,12.156721531006042,12.187340709002456,12.012118186001317,12.156721129998914,0.0014540891694919784,0.03759765625,0.0458984375,16384,5.12e-07,0.008388608,64,True,0.46566128730773926,0.3599853515625,0.3599853515625,63906.0,1562.0,35568.0,38000.0,0.01670182,0.0006940715,-0.5756660802391432,0.5724221370883469,0.5839019275814306,0.04485191,1.17951,0.3117634,-0.025819723220938832,0.025674226174694198,0.026189116704708842
12.347655383004167,2026-09-23T21:54:34.866083+00:00,2.173650747172573e-07,-0.00500836968421936,0.0,12.332699324004352,12.362611442003981,12.188576461005141,12.332698862999678,0.0006530160017208612,-0.0078125,-0.003662109375,16384,5.12e-07,0.008388608,64,True,0.46566128730773926,0.3599853515625,0.3599853515625,64090.0,1584.0,35600.0,37952.0,0.01671483,0.0006937052,-0.5464830573082566,0.6922912200926844,0.47126333897047756,0.04622642,1.119515,0.2453613,-0.02526195533001554,0.03200214470231687,0.02178481703785166
12.522109806501248,2026-09-23T21:54:35.039008+00:00,0.04569176201316255,0.04129651188850403,0.0,12.50868282400188,12.535536789000616,12.363769468007376,12.508682393003255,0.0014068785505055856,0.03662109375,0.0447998046875,16384,5.12e-07,0.008388608,64,True,0.46566128730773926,0.3599853515625,0.3599853515625,64273.0,1606.0,35600.0,37888.0,0.01658712,0.0006934833,-0.5481464068954576,0.7110853057184867,0.44033306098775454,0.04573227,1.113757,0.2279848,-0.025067979479672927,0.03251954519415038,0.020137430435018457
12.696847684499517,2026-09-23T21:54:35.215015+00:00,0.17175938542025515,0.16929863393306732,0.0,12.6821524650004,12.711542903998634,12.537877306007431,12.682152024004608,0.002315217467945247,0.163330078125,0.17431640625,16384,5.12e-07,0.008388608,64,True,0.46566128730773926,0.3599853515625,0.3599853515625,64439.0,1626.0,35536.0,37968.0,0.01665242,0.0006935704,-0.5474417605171054,0.6629448070563526,0.5106972700523744,0.04663116,1.130528,0.2679978,-0.02552784432535482,0.030913885369013905,0.023814406111375478
12.87016803300503,2026-09-23T21:54:35.386318+00:00,0.3444716046837488,0.34174758940935135,0.0,12.85748970300483,12.882846363005228,12.712642090002191,12.857489332003752,0.0027043799497093583,0.334716796875,0.347412109375,16384,5.12e-07,0.008388608,64,True,0.46566128730773926,0.3599853515625,0.3599853515625,64622.0,1648.0,35600.0,37904.0,0.01658867,0.0006937561,-0.6080471171948991,0.5192332937740065,0.6005626444489942,0.04227165,1.217409,0.3221023,-0.02570315492157176,0.021948848062761983,0.025386773909222327
13.039892800501548,2026-09-23T21:54:35.554771+00:00,0.5176930140876079,0.5157325938344002,0.0,13.02848641500168,13.051299186001415,12.884054442998604,13.028486103998148,0.0024237408219669157,0.5091552734375,0.5211181640625,16384,5.12e-07,0.008388608,64,True,0.46566128730773926,0.3599853515625,0.3599853515625,64787.0,1668.0,35824.0,37616.0,0.01650972,0.0006932248,-0.7211293913325274,0.48987037945234085,0.4898973487288926,0.03405222,1.272444,0.255986,-0.024556056682121317,0.016681173932594592,0.01668209229633297
13.210395050002262,2026-09-23T21:54:35.727980+00:00,0.6532921354037917,0.6541898846626282,0.0,13.196282185002929,13.224507915001595,13.052321606999612,13.196281673997873,0.0016005502058928233,0.648681640625,0.658447265625,16384,5.12e-07,0.008388608,64,True,0.46566128730773926,0.3599853515625,0.3599853515625,64953.0,1688.0,35856.0,37504.0,0.01671027,0.0006926487,-0.6771363993547849,0.6748198068686391,0.2934357253754386,0.03485298,1.178954,0.1489094,-0.023600221383984328,0.023519481232396538,0.010227109467795654
13.3807595545004,2026-09-23T21:54:35.896023+00:00,0.7173820019833161,0.7179751768708229,0.0,13.368967258997145,13.392551850003656,13.22559174100752,13.368966788009857,0.0009294661876641219,0.7135009765625,0.7208251953125,16384,5.12e-07,0.008388608,64,True,0.46566128730773926,0.3599853515625,0.3599853515625,65120.0,1708.0,35696.0,37712.0,0.01670472,0.0006928528,-0.5724668594549567,0.7420088215979972,0.34886186879126024,0.04204551,1.113961,0.1781782,-0.024069661063881975,0.031198139328586807,0.014668075192881621
13.552047058008611,2026-09-23T21:54:36.069506+00:00,0.6941357499731258,0.694648377597332,0.0,13.538058471007389,13.566035645009833,13.393684577997192,13.538057910001953,0.001253081593187398,0.689697265625,0.6983642578125,16384,5.12e-07,0.008388608,64,True,0.46566128730773926,0.3599853515625,0.3599853515625,65288.0,1728.0,35648.0,37824.0,0.01670967,0.0006931652,-0.5569201773913954,0.7308349985334895,0.3946138884186554,0.04407369,1.110977,0.2028238,-0.02454552725309337,0.03221059516651547,0.01739209018785841
13.723365935504262,2026-09-23T21:54:36.238507+00:00,0.5886805148238569,0.5894917994737625,0.0,13.711696015001507,13.735035856007016,13.567101017004461,13.71169556400855,0.0020475630552320287,0.5831298828125,0.594482421875,16384,5.12e-07,0.008388608,64,True,0.46566128730773926,0.3599853515625,0.3599853515625,65472.0,1750.0,35680.0,37760.0,0.0168186,0.0006931217,-0.5751436738506047,0.74084761885884,0.3469215474149976,0.04214027,1.115469,0.1771434,-0.024236709704856422,0.031219518687568608,0.0146193676768858
13.894558110005164,2026-09-23T21:54:36.411688+00:00,0.4270892125240715,0.42523952573537827,0.0,13.880899017007323,13.908217203003005,13.736077823996311,13.88089860600303,0.002575519390338591,0.418701171875,0.4306640625,16384,5.12e-07,0.008388608,64,True,0.46566128730773926,0.3599853515625,0.3599853515625,65640.0,1770.0,35840.0,37552.0,0.01676963,0.0006928778,-0.6536041261471925,0.7004493432873213,0.2866572234773179,0.03610991,1.160806,0.1453679,-0.02360158617080377,0.025293162745664278,0.010351166540615837
14.065647611998429,2026-09-23T21:54:36.580824+00:00,0.24911474027131125,0.24749156087636948,0.0,14.053942975995596,14.077352248001262,13.909291211006348,14.053942586004268,0.002721850730551923,0.2403564453125,0.2530517578125,16384,5.12e-07,0.008388608,64,True,0.46566128730773926,0.3599853515625,0.3599853515625,65808.0,1790.0,35824.0,37584.0,0.01675528,0.0006930036,-0.7213988350577492,0.5090840483834704,0.4694860513996329,0.03342766,1.263529,0.2443543,-0.024114674982706516,0.0170174884807862,0.015693820100929453
14.23461176550336,2026-09-23T21:54:36.749935+00:00,0.09988951763065523,0.09684747457504272,0.0,14.222760504009784,14.246463026996935,14.078356575002545,14.222759983007563,0.001923672913523063,0.091064453125,0.1014404296875,16384,5.12e-07,0.008388608,64,True,0.46566128730773926,0.3599853515625,0.3599853515625,65975.0,1810.0,35584.0,37904.0,0.01672405,0.0006936558,-0.607760011765931,0.5201347192860442,0.6000730304650457,0.04229496,1.216864,0.3217962,-0.02570518538723958,0.021999077146814466,0.02538006482059789
14.406656391496654,2026-09-23T21:54:36.924956+00:00,0.012097693124979991,0.007245711982250214,0.0,14.391828531995998,14.42148425099731,14.247602718009148,14.391828050996992,0.0009193323291912103,0.00341796875,0.0098876953125,16384,5.12e-07,0.008388608,64,True,0.46566128730773926,0.3599853515625,0.3599853515625,66142.0,1830.0,35536.0,37968.0,0.01672417,0.0006935144,-0.5501993125362795,0.6523828398132676,0.5212267709949114,0.04645528,1.135714,0.2741439,-0.025559663119680377,0.030306627490720495,0.02421373559006449
14.579428654506046,2026-09-23T21:54:37.094618+00:00,0.010795464139764788,0.0057353004813194275,0.0,14.56771176600887,14.591145543003222,14.422675188005087,14.567711365001742,0.0009502992911926722,0.001953125,0.0081787109375,16384,5.12e-07,0.008388608,64,True,0.46566128730773926,0.3599853515625,0.3599853515625,66326.0,1852.0,35600.0,37872.0,0.01671828,0.0006931296,-0.5473924168703262,0.7189073613695546,0.42840838894859157,0.04545086,1.110784,0.2213653,-0.024879456104234837,0.03267495783457704,0.019471529708927984
14.747146351000993,2026-09-23T21:54:37.262194+00:00,0.09323504770787505,0.08807070553302765,0.0,14.735569971002406,14.75872273099958,14.592309430008754,14.735569420008687,0.0018351989624600473,0.0828857421875,0.09228515625,16384,5.12e-07,0.008388608,64,True,0.46566128730773926,0.3599853515625,0.3599853515625,66493.0,1872.0,35568.0,37936.0,0.01671065,0.0006932413,-0.5423386495061504,0.6944243521333318,0.47290972544032894,0.04624657,1.116919,0.2462951,-0.02508130231809165,0.032114744410638774,0.021870452721256952
14.915455337999447,2026-09-23T21:54:37.430708+00:00,0.23921614700826924,0.23473000526428223,0.0,14.90367513000092,14.927235545997974,14.75981004400819,14.903674639004748,0.002512757901085084,0.2281494140625,0.240478515625,16384,5.12e-07,0.008388608,64,True,0.46566128730773926,0.3599853515625,0.3599853515625,66661.0,1892.0,35536.0,37968.0,0.0167646,0.0006936329,-0.5706944497882486,0.5824459222239412,0.5788476420143654,0.04517235,1.173002,0.3086574,-0.02577960942889219,0.02631045105477265,0.026147908281747623
15.085657807001553,2026-09-23T21:54:37.602102+00:00,0.415867892448365,0.41420406848192215,0.0,15.07268500799546,15.098630606007646,14.928360990001238,15.072684216007474,0.002575709432162718,0.407470703125,0.419677734375,16384,5.12e-07,0.008388608,64,True,0.46566128730773926,0.3599853515625,0.3599853515625,66829.0,1912.0,35728.0,37760.0,0.01678307,0.0006935318,-0.6691625031140485,0.4729956619627699,0.5731462712000682,0.03762804,1.263143,0.3051701,-0.025179273433675542,0.017797899688161586,0.021566370818567018
15.258216318499763,2026-09-23T21:54:37.776646+00:00,0.5809099216818572,0.5821322500705719,0.0,15.24325730399869,15.273175333000836,15.099625975999516,15.243256782996468,0.0020814268837621996,0.576416015625,0.5870361328125,16384,5.12e-07,0.008388608,64,True,0.46566128730773926,0.3599853515625,0.3599853515625,66997.0,1932.0,35904.0,37504.0,0.01684543,0.0006927898,-0.7088002210790406,0.6282809934366191,0.3207261135058979,0.03354053,1.208171,0.163248,-0.023773535079108194,0.021072877508790725,0.010757323831827974
15.431068048499583,2026-09-23T21:54:37.946759+00:00,0.6909456057266938,0.6914885640144348,0.0,15.418847692999407,15.443288403999759,15.274347906000912,15.418846250002389,0.0012337494670315446,0.6865234375,0.695068359375,16384,5.12e-07,0.008388608,64,True,0.46566128730773926,0.3599853515625,0.3599853515625,67181.0,1954.0,35712.0,37696.0,0.01675745,0.0006928673,-0.5798759433691545,0.7409655551154016,0.3386944588183542,0.04178378,1.117417,0.1727645,-0.02422940884502921,0.030960341742519815,0.014151934754485172
15.606254322003224,2026-09-23T21:54:38.126081+00:00,0.7178636074925822,0.7182654663920403,0.0,15.589898808000726,15.622609836005722,15.44462956400821,15.589898317004554,0.000868223734581884,0.7142333984375,0.7208251953125,16384,5.12e-07,0.008388608,64,True,0.46566128730773926,0.3599853515625,0.3599853515625,67349.0,1974.0,35600.0,37856.0,0.01683445,0.000693186,-0.5523708646302705,0.7185904503759569,0.42250939934643683,0.04508294,1.113075,0.2181061,-0.02490250254787461,0.032396170158872244,0.01904796590017145
15.778176001003885,2026-09-23T21:54:38.293439+00:00,0.6547856497790576,0.6561952084302902,0.0,15.766383670008508,15.789968331999262,15.623593473996152,15.766383220005082,0.0017266012463253682,0.650634765625,0.6602783203125,16384,5.12e-07,0.008388608,64,True,0.46566128730773926,0.3599853515625,0.3599853515625,67518.0,1994.0,35600.0,37872.0,0.01681025,0.0006932342,-0.552144621092912,0.7171080892684031,0.4253143610366158,0.04524065,1.113475,0.2196546,-0.02497938155224705,0.03244243607876058,0.019241498147631174
15.948062611503701,2026-09-23T21:54:38.463754+00:00,0.5205969175375531,0.5210359692573547,0.0,15.935841711005196,15.960283512002206,15.791016862000106,15.935841351005365,0.002337270671556015,0.5147705078125,0.526123046875,16384,5.12e-07,0.008388608,64,True,0.46566128730773926,0.3599853515625,0.3599853515625,67686.0,2014.0,35712.0,37728.0,0.01679537,0.000692969,-0.5793314195409428,0.7415798621206053,0.33828156087771044,0.04173778,1.116988,0.1725451,-0.024180007335887575,0.03095189713762016,0.014119121365970487
16.117078410497925,2026-09-23T21:54:38.632141+00:00,0.34845304174672403,0.34773538261651993,0.0,16.105487242995878,16.128669577999972,15.96143310199841,16.105486832006136,0.0026267628888070847,0.3411865234375,0.3533935546875,16384,5.12e-07,0.008388608,64,True,0.46566128730773926,0.3599853515625,0.3599853515625,67871.0,2036.0,35904.0,37504.0,0.01681067,0.0006927349,-0.7039047738620992,0.6351719530986154,0.3179224108662951,0.03354605,1.203739,0.1617687,-0.023613224739216673,0.02130751009724381,0.010665041091041279
16.288975278497674,2026-09-23T21:54:38.806381+00:00,0.17645529446466868,0.1726263463497162,0.0,16.275040221997187,16.30291033499816,16.129676711003412,16.27503970100952,0.002335190740871091,0.166015625,0.1776123046875,16384,5.12e-07,0.008388608,64,True,0.46566128730773926,0.3599853515625,0.3599853515625,68039.0,2056.0,35712.0,37744.0,0.01680145,0.0006932782,-0.6726133571120793,0.47576177354165544,0.5667821509812365,0.03711057,1.262981,0.3012974,-0.024961065072042817,0.017655790600341753,0.021033608688739748
16.460920937504852,2026-09-23T21:54:38.976284+00:00,0.04988513612641521,0.046173565089702606,0.0,16.449030588002643,16.47281128700706,16.304229041998042,16.449030157004017,0.0014596605420929911,0.0416259765625,0.0498046875,16384,5.12e-07,0.008388608,64,True,0.46566128730773926,0.3599853515625,0.3599853515625,68207.0,2076.0,35536.0,37984.0,0.01684788,0.0006936538,-0.5635723146175938,0.6015169385618573,0.5661833791447244,0.04576766,1.161819,0.3009341,-0.025793386080831066,0.027530022728339973,0.02591288839434684
16.629974021001544,2026-09-23T21:54:39.145059+00:00,0.00026134115022363735,-0.004607558250427246,0.0,16.618360356005724,16.641587685997365,16.474003827999695,16.618360014996142,0.0007127409974130187,-0.0076904296875,-0.0030517578125,16384,5.12e-07,0.008388608,64,True,0.46566128730773926,0.3599853515625,0.3599853515625,68375.0,2096.0,35600.0,37904.0,0.01678998,0.0006932946,-0.5485965115902192,0.7131340769817822,0.43644204164858363,0.04558043,1.11326,0.2258202,-0.02500526489478217,0.032504957876482735,0.01989321592842035
16.80175563100056,2026-09-23T21:54:39.319763+00:00,0.03814168935897844,0.03394737094640732,0.0,16.787220393001917,16.816290868999204,16.64269889400748,16.787219922000077,0.0013001590216511762,0.029541015625,0.0372314453125,16384,5.12e-07,0.008388608,64,True,0.46566128730773926,0.3599853515625,0.3599853515625,68543.0,2116.0,35648.0,37824.0,0.01677357,0.0006931307,-0.5554712508103196,0.7334876518155525,0.39172382383169607,0.04425948,1.109477,0.2012522,-0.02458486871581432,0.03246378205577741,0.017337492746402474
16.97484902550059,2026-09-23T21:54:39.491874+00:00,0.1567652984077869,0.1534123569726944,0.0,16.961295015003998,16.98840303599718,16.817424028005917,16.961294574008207,0.0022574787992160304,0.147216796875,0.158447265625,16384,5.12e-07,0.008388608,64,True,0.46566128730773926,0.3599853515625,0.3599853515625,68711.0,2136.0,35584.0,37904.0,0.01686617,0.0006933688,-0.5453177421760494,0.7028811942832869,0.4567128055911242,0.04589787,1.115313,0.2371483,-0.025028922839089834,0.03226074968065904,0.020962144978356693
17.14667216300586,2026-09-23T21:54:39.661885+00:00,0.3250752694332894,0.3212427645921707,0.0,17.134930382002494,17.158413944009226,16.990719929002807,17.134929891006323,0.0025856826666532614,0.3143310546875,0.32666015625,16384,5.12e-07,0.008388608,64,True,0.46566128730773926,0.3599853515625,0.3599853515625,68896.0,2158.0,35536.0,38000.0,0.01676163,0.0006938601,-0.5686441659138259,0.5857565118865051,0.5775232647735705,0.04526624,1.170686,0.3078458,-0.025740383288855063,0.02651499484861739,0.02614230670882399
17.318151155501255,2026-09-23T21:54:39.836404+00:00,0.5016907974428257,0.5021753907203674,0.0,17.303370020003058,17.33293229099945,17.159550028009107,17.303369218003354,0.002705651496806601,0.49462890625,0.507568359375,16384,5.12e-07,0.008388608,64,True,0.46566128730773926,0.3599853515625,0.3599853515625,69064.0,2178.0,35776.0,37728.0,0.01685735,0.0006935452,-0.6888486230688352,0.4706143736314007,0.5513707335610897,0.03611968,1.271119,0.2920032,-0.024880991833686947,0.01699844057896663,0.019915334457591822
17.49141374300234,2026-09-23T21:54:40.008004+00:00,0.6445324704924055,0.6447177529335022,0.0,17.478294870001264,17.504532616003416,17.334073385005468,17.478294469008688,0.0016747827925859583,0.6395263671875,0.6488037109375,16384,5.12e-07,0.008388608,64,True,0.46566128730773926,0.3599853515625,0.3599853515625,69232.0,2198.0,35904.0,37520.0,0.01677508,0.0006929764,-0.6992006551417277,0.6459512454587241,0.3063746600809244,0.03387237,1.19788,0.1556911,-0.023683583295203002,0.02187989958813872,0.0103776358448853
17.664906462501676,2026-09-23T21:54:40.182090+00:00,0.7158388431299234,0.716791994869709,0.0,17.651193373007118,17.678619551996235,17.50721492500452,17.651192902005278,0.0008654198043153749,0.712646484375,0.7193603515625,16384,5.12e-07,0.008388608,64,True,0.46566128730773926,0.3599853515625,0.3599853515625,69400.0,2218.0,35728.0,37696.0,0.01680737,0.0006928881,-0.5836753418137213,0.7434157212779672,0.32658254808760895,0.04104603,1.118201,0.1663428,-0.023957555590346256,0.03051426399804708,0.013404917066280438
17.838670481505687,2026-09-23T21:54:40.356187+00:00,0.6973050725729719,0.697954036295414,0.0,17.824625238004955,17.85271572500642,17.680670485002338,17.824624778004363,0.0011796065899845804,0.6932373046875,0.7012939453125,16384,5.12e-07,0.008388608,64,True,0.46566128730773926,0.3599853515625,0.3599853515625,69585.0,2240.0,35632.0,37808.0,0.01676602,0.0006931242,-0.5583321653122594,0.7336035787805176,0.38741577456027876,0.04396717,1.110676,0.1989134,-0.02454828522875221,0.03225447326085141,0.01703357522077345
18.011846210007207,2026-09-23T21:54:40.528353+00:00,0.5939155719733473,0.5939849466085434,0.0,17.998811270008446,18.024881150005967,17.853893899009563,17.998810699005844,0.002150996101440448,0.587890625,0.5989990234375,16384,5.12e-07,0.008388608,64,True,0.46566128730773926,0.3599853515625,0.3599853515625,69753.0,2260.0,35712.0,37728.0,0.0167463,0.0006931682,-0.5775576569125633,0.740300709233891,0.3440668726417408,0.0420054,1.116663,0.1756224,-0.024260540401674986,0.031096627411653286,0.014452666612065379
18.182209569502447,2026-09-23T21:54:40.697297+00:00,0.43464367001043325,0.43465451896190643,0.0,18.170592473004945,18.19382666599995,18.025961489998735,18.170591871996294,0.0027198503363437382,0.427978515625,0.4404296875,16384,5.12e-07,0.008388608,64,True,0.46566128730773926,0.3599853515625,0.3599853515625,69921.0,2280.0,35840.0,37552.0,0.01684065,0.0006928676,-0.6572796577096297,0.6968762876931651,0.286961480362966,0.0360089,1.163481,0.1455267,-0.023667917466500286,0.025093748555914414,0.010333167250242007
18.353789751003205,2026-09-23T21:54:40.871348+00:00,0.2559756083143264,0.2526140585541725,0.0,18.339703140009078,18.367876361997332,18.19496602700383,18.339702748999116,0.0025250165754432683,0.2459716796875,0.2578125,16384,5.12e-07,0.008388608,64,True,0.46566128730773926,0.3599853515625,0.3599853515625,70089.0,2300.0,35840.0,37568.0,0.01683107,0.0006932183,-0.7258280622391038,0.5172560209427781,0.45345323117679076,0.03338498,1.261216,0.235318,-0.024231755341291236,0.01726858191405423,0.015138527053772537
18.525221874500858,2026-09-23T21:54:41.040900+00:00,0.10308335055579615,0.10002505779266357,0.0,18.513014398995438,18.537429350006278,18.368964396009687,18.513012926006922,0.001903146163505773,0.0943603515625,0.1046142578125,16384,5.12e-07,0.008388608,64,True,0.46566128730773926,0.3599853515625,0.3599853515625,70273.0,2322.0,35568.0,37936.0,0.01670277,0.0006938486,-0.5942240303800347,0.5380170597606524,0.5978590512197756,0.04319768,1.202898,0.3204138,-0.025669099512667017,0.02324108878208154,0.025826123979695477
18.696467155503342,2026-09-23T21:54:41.212869+00:00,0.013533397740166542,0.008998766541481018,0.0,18.68354221699701,18.709392094009672,18.538657085999148,18.68354185600765,0.0009800729172876328,0.0047607421875,0.0113525390625,16384,5.12e-07,0.008388608,64,True,0.46566128730773926,0.3599853515625,0.3599853515625,70440.0,2342.0,35568.0,37968.0,0.01671082,0.000693691,-0.5466679383740305,0.6732028526844998,0.4979478730663873,0.04653628,1.126418,0.2606154,-0.025439892247196626,0.031328356449324635,0.023172641646421858
18.865213036006026,2026-09-23T21:54:41.380375+00:00,0.008570908250241815,0.0034219175577163696,0.0,18.853522036006325,18.876904036005726,18.710509343000012,18.853521594995982,0.0008668237789024726,-0.0003662109375,0.0057373046875,16384,5.12e-07,0.008388608,64,True,0.46566128730773926,0.3599853515625,0.3599853515625,70608.0,2362.0,35616.0,37856.0,0.01675368,0.0006931676,-0.5507561090219559,0.723081937006895,0.41691752271804544,0.04493886,1.110865,0.2150257,-0.024750351677482414,0.03249447793568167,0.018735798184973063
19.038129277003463,2026-09-23T21:54:41.556820+00:00,0.0904352339240525,0.08677162230014801,0.0,19.022910083003808,19.05334847100312,18.878143674999592,19.02290850999998,0.0017967522210433511,0.081298828125,0.0909423828125,16384,5.12e-07,0.008388608,64,True,0.46566128730773926,0.3599853515625,0.3599853515625,70775.0,2382.0,35600.0,37840.0,0.01666463,0.0006931153,-0.5513247544930153,0.7169980277047362,0.42656165246155775,0.04513733,1.113153,0.2203439,-0.024885327380720218,0.03236337658585782,0.019253854072502647
19.20961907700257,2026-09-23T21:54:41.724732+00:00,0.23841917807878923,0.23380331695079803,0.0,19.19797727900732,19.221260874997824,19.054601205003564,19.197976798008312,0.0025086282710831327,0.227294921875,0.2391357421875,16384,5.12e-07,0.008388608,64,True,0.46566128730773926,0.3599853515625,0.3599853515625,70958.0,2404.0,35520.0,37968.0,0.01674565,0.0006933594,-0.5565435937553181,0.6171040637745836,0.5562749344728827,0.04607963,1.15232,0.2949482,-0.025645322879115372,0.028435926930229217,0.02563294315878468
19.381691367998428,2026-09-23T21:54:41.900495+00:00,0.4169770567860961,0.4161151647567749,0.0,19.366359446998104,19.397023288998753,19.222263850009767,19.366359006002313,0.0025656341691909813,0.4093017578125,0.42138671875,16384,5.12e-07,0.008388608,64,True,0.46566128730773926,0.3599853515625,0.3599853515625,71126.0,2424.0,35664.0,37776.0,0.01669342,0.0006932674,-0.6603144087328935,0.4773034047494919,0.5797985352122511,0.03827452,1.25785,0.3092407,-0.025273217043335305,0.018268558711152523,0.02219151063195201
19.55807956150238,2026-09-23T21:54:42.077124+00:00,0.584958513065503,0.5837874859571457,0.0,19.542506042009336,19.573653080995427,19.39810609300912,19.542505560995778,0.0020642286872945936,0.577880859375,0.588623046875,16384,5.12e-07,0.008388608,64,True,0.46566128730773926,0.3599853515625,0.3599853515625,71292.0,2444.0,35872.0,37488.0,0.01670093,0.0006925544,-0.7227830281344448,0.597483268542224,0.34727285821512616,0.03298261,1.225408,0.1773307,-0.023839270731577423,0.019706557627853446,0.011453965246094803
19.73104486450029,2026-09-23T21:54:42.246047+00:00,0.6929856358328332,0.6932374984025955,0.0,19.719513243995607,19.742576485004975,19.574663870007498,19.719512733005104,0.001239144075402394,0.6884765625,0.6968994140625,16384,5.12e-07,0.008388608,64,True,0.46566128730773926,0.3599853515625,0.3599853515625,71477.0,2466.0,35680.0,37648.0,0.01678795,0.0006924465,-0.582928060701198,0.7396761498743117,0.33626487975144725,0.04147833,1.119115,0.171474,-0.02417888246802432,0.030680531437616163,0.013947705649740847
19.898691068003245,2026-09-23T21:54:42.413562+00:00,0.7181417529209305,0.7189047858119011,0.0,19.88729074400908,19.910091391997412,19.743630274999305,19.88729047399829,0.0008528931742995348,0.7149658203125,0.7215576171875,16384,5.12e-07,0.008388608,64,True,0.46566128730773926,0.3599853515625,0.3599853515625,71644.0,2486.0,35584.0,37856.0,0.01669423,0.0006926887,-0.5455716414943397,0.7163941932442531,0.43489187608311053,0.0454199,1.110825,0.2249591,-0.02477980939950876,0.03253855261773465,0.019752745522507272
20.070344014500733,2026-09-23T21:54:42.588836+00:00,0.6564678210817863,0.6569797471165657,0.0,20.055323923996184,20.085364105005283,19.911179525995976,20.05532333299925,0.001718372697837433,0.6510009765625,0.6612548828125,16384,5.12e-07,0.008388608,64,True,0.46566128730773926,0.3599853515625,0.3599853515625,71812.0,2506.0,35584.0,37872.0,0.01679612,0.0006928122,-0.5482532352258563,0.713446343016193,0.4363630434640435,0.04558013,1.113003,0.2257763,-0.024989453734515114,0.032518977062702674,0.019889484248286755
20.242252151001594,2026-09-23T21:54:42.757435+00:00,0.521329626812957,0.5220950022339821,0.0,20.2305404820072,20.253963819995988,20.086452269009897,20.230537926996476,0.002375303683079898,0.5157470703125,0.5272216796875,16384,5.12e-07,0.008388608,64,True,0.46566128730773926,0.3599853515625,0.3599853515625,71997.0,2528.0,35664.0,37696.0,0.01678377,0.0006924821,-0.5759610284923359,0.7405633388253042,0.3461716840614906,0.04192751,1.115906,0.1767437,-0.024148611781722697,0.031049976794231333,0.014514116745204989
20.41274966250785,2026-09-23T21:54:42.929323+00:00,0.34771199988285195,0.34587834030389786,0.0,20.39964744100871,20.42585188400699,20.255061511998065,20.399647049998748,0.002616678922020388,0.3387451171875,0.3514404296875,16384,5.12e-07,0.008388608,64,True,0.46566128730773926,0.3599853515625,0.3599853515625,72165.0,2548.0,35856.0,37504.0,0.01686327,0.0006923017,-0.6889165408503767,0.658983509742279,0.30188529879823367,0.03420461,1.189199,0.1533348,-0.023564121602336206,0.022540273947165856,0.010325868910127052
20.586529022504692,2026-09-23T21:54:43.103807+00:00,0.17411700679511036,0.1713242456316948,0.0,20.572721881006146,20.600336164003238,20.426970054002595,20.572721329997876,0.0022972970574016323,0.1644287109375,0.176513671875,16384,5.12e-07,0.008388608,64,True,0.46566128730773926,0.3599853515625,0.3599853515625,72333.0,2568.0,35728.0,37648.0,0.01682737,0.0006929253,-0.6958001664652549,0.4783065744975699,0.5358030880270515,0.03560662,1.26968,0.2827293,-0.024775092123265074,0.017030880441636663,0.01907813695020577
20.757546079999884,2026-09-23T21:54:43.272946+00:00,0.049001948141166596,0.0455087274312973,0.0,20.74561721799546,20.769474942004308,20.601463703002082,20.745616657004575,0.001455627833383654,0.04052734375,0.0489501953125,16384,5.12e-07,0.008388608,64,True,0.46566128730773926,0.3599853515625,0.3599853515625,72502.0,2588.0,35536.0,37952.0,0.0168058,0.0006933416,-0.5810631882439732,0.562299483064972,0.5883747637455351,0.04445841,1.186302,0.3145237,-0.02583314545885774,0.02499894096089058,0.026158206480252133
20.92874906650104,2026-09-23T21:54:43.445554+00:00,0.0001308762123821694,-0.004803955554962158,0.0,20.915415755996946,20.942082377005136,20.770608291000826,20.915414643997792,0.0006844650040795941,-0.0079345703125,-0.00341796875,16384,5.12e-07,0.008388608,64,True,0.46566128730773926,0.3599853515625,0.3599853515625,72669.0,2608.0,35536.0,37936.0,0.01674382,0.000692981,-0.5482500263711256,0.6770168046404198,0.4909889559028144,0.04653675,1.125743,0.2566123,-0.025513774414726482,0.031506161783350056,0.0228490302936103
21.09983840899804,2026-09-23T21:54:43.616347+00:00,0.03962502511695021,0.03497558832168579,0.0,21.086801134995767,21.11287568300031,20.943193544997484,21.086800724006025,0.0013356131116571517,0.030517578125,0.0384521484375,16384,5.12e-07,0.008388608,64,True,0.46566128730773926,0.3599853515625,0.3599853515625,72837.0,2628.0,35568.0,37872.0,0.0167469,0.0006926087,-0.5467916771326881,0.7038824013562928,0.45339654484713576,0.04585406,1.115622,0.2352862,-0.025072618370742907,0.032275865864735534,0.020790072371213254
21.271502872499696,2026-09-23T21:54:43.786811+00:00,0.15823401608079518,0.15368088334798813,0.0,21.259665313002188,21.283340431997203,21.115535110002384,21.259664541008533,0.0022352006196281076,0.147705078125,0.1585693359375,16384,5.12e-07,0.008388608,64,True,0.46566128730773926,0.3599853515625,0.3599853515625,73021.0,2650.0,35520.0,37952.0,0.01667597,0.0006930693,-0.5484217298840823,0.6584013537099216,0.5155009831454187,0.04648451,1.132657,0.2707961,-0.025493115387013925,0.030605464310542386,0.023962810606033048
21.441255152007216,2026-09-23T21:54:43.957322+00:00,0.3246724249363769,0.32101449370384216,0.0,21.42865980800707,21.453850496007362,21.284461959003238,21.428659358003642,0.0025929196304688585,0.3143310546875,0.3270263671875,16384,5.12e-07,0.008388608,64,True,0.46566128730773926,0.3599853515625,0.3599853515625,73187.0,2670.0,35568.0,37936.0,0.01673063,0.0006932325,-0.5920442584539586,0.5400540548269243,0.5981849328566374,0.04334647,1.201043,0.3206171,-0.02566302868774676,0.023409436885933627,0.025929205246522247
21.61118936350249,2026-09-23T21:54:44.126443+00:00,0.49982076476396586,0.49723222106695175,0.0,21.599407237998093,21.622971489006886,21.45503487100359,21.59940685699985,0.00264560118576636,0.4908447265625,0.503173828125,16384,5.12e-07,0.008388608,64,True,0.46566128730773926,0.3599853515625,0.3599853515625,73355.0,2690.0,35792.0,37616.0,0.01675125,0.000693102,-0.7242548270105981,0.48324889350483413,0.4918591795201165,0.03415526,1.276598,0.2571119,-0.024737111922802,0.016505491602369922,0.016799578159896255
21.779044133501884,2026-09-23T21:54:44.294038+00:00,0.6397337890372472,0.6391235291957855,0.0,21.767522000998724,21.790566266005044,21.6242718630092,21.767521610003314,0.0017244654697715872,0.6336669921875,0.6436767578125,16384,5.12e-07,0.008388608,64,True,0.46566128730773926,0.3599853515625,0.3599853515625,73522.0,2710.0,35856.0,37504.0,0.01675132,0.0006925452,-0.6793102779486447,0.6714521158258221,0.296124302323132,0.0348968,1.181006,0.1503162,-0.023705754907518264,0.023431530195550547,0.010333790553309873
21.951011825498426,2026-09-23T21:54:44.469803+00:00,0.7143092602176517,0.7151564359664917,0.0,21.93569265899714,21.966330991999712,21.791644753000583,21.935692068000208,0.0009164914302130266,0.7109375,0.71826171875,16384,5.12e-07,0.008388608,64,True,0.46566128730773926,0.3599853515625,0.3599853515625,73690.0,2730.0,35664.0,37696.0,0.0167717,0.0006925721,-0.5786732201625461,0.7404381364146084,0.3418898512819167,0.04202891,1.117086,0.1744636,-0.024321004689621836,0.0311198077959373,0.014369257789441061
22.126403960995958,2026-09-23T21:54:44.644577+00:00,0.6998901281316985,0.7007924690842628,0.0,22.111702534995857,22.14110538699606,21.967430628006696,22.111702095004148,0.0011836698759067716,0.6959228515625,0.7042236328125,16384,5.12e-07,0.008388608,64,True,0.46566128730773926,0.3599853515625,0.3599853515625,73874.0,2752.0,35616.0,37808.0,0.01678847,0.0006927498,-0.5597003751537932,0.7290575935849655,0.3939676576684974,0.04430432,1.112766,0.2024722,-0.024797144524933704,0.03230040092461826,0.017454469174995563
22.2978051290047,2026-09-23T21:54:44.812929+00:00,0.6010452121486691,0.6022009551525116,0.0,22.286152521002805,22.309457737006596,22.14220200800628,22.2861520400038,0.002017193553037155,0.59619140625,0.607177734375,16384,5.12e-07,0.008388608,64,True,0.46566128730773926,0.3599853515625,0.3599853515625,74043.0,2772.0,35664.0,37696.0,0.0167907,0.0006924765,-0.5772285398329303,0.7413146382057144,0.34243221224685316,0.04195943,1.116193,0.1747522,-0.024220180511122052,0.031105139669768,0.014368260439516977
22.468579999498616,2026-09-23T21:54:44.986116+00:00,0.44347696961923716,0.4415808767080307,0.0,22.454515058998368,22.482644939998863,22.31058090699662,22.454514618002577,0.0025303585560996233,0.4351806640625,0.4468994140625,16384,5.12e-07,0.008388608,64,True,0.46566128730773926,0.3599853515625,0.3599853515625,74210.0,2792.0,35840.0,37504.0,0.01672805,0.0006922751,-0.6668853316572761,0.6865830576328157,0.28959913568921186,0.03543469,1.170821,0.146904,-0.023630874992822765,0.024328857806470955,0.010261855597415158
22.640807955503988,2026-09-23T21:54:45.156726+00:00,0.26401838340256506,0.2621661052107811,0.0,22.628361410999787,22.653254500008188,22.48371921799844,22.628361020004377,0.0025824950012371785,0.2554931640625,0.267578125,16384,5.12e-07,0.008388608,64,True,0.46566128730773926,0.3599853515625,0.3599853515625,74394.0,2814.0,35728.0,37616.0,0.01665757,0.0006924903,-0.7063393078397812,0.4865984673029894,0.5141076869866862,0.03455339,1.269177,0.2699835,-0.024406417576118018,0.016813626614122442,0.017764163410448893
22.811494295005105,2026-09-23T21:54:45.327996+00:00,0.10958099077097078,0.10588455200195312,0.0,22.798463739003637,22.824524851006572,22.65447627499816,22.798462806997122,0.001980871318827394,0.099853515625,0.110595703125,16384,5.12e-07,0.008388608,64,True,0.46566128730773926,0.3599853515625,0.3599853515625,74561.0,2834.0,35520.0,37936.0,0.01670198,0.0006932608,-0.5848245383260697,0.555730084094415,0.5908843651714891,0.04416233,1.190849,0.3160773,-0.02582721425365354,0.02454233536470531,0.02609483032654381
22.983466689001943,2026-09-23T21:54:45.500925+00:00,0.015906761412739057,0.011086292564868927,0.0,22.969479389998014,22.997453988005873,22.82562454699655,22.96947900899977,0.0010017674390674332,0.0069580078125,0.0135498046875,16384,5.12e-07,0.008388608,64,True,0.46566128730773926,0.3599853515625,0.3599853515625,74727.0,2854.0,35568.0,37920.0,0.01668347,0.0006930021,-0.5486154915930442,0.6872774035842992,0.47609958297245625,0.04643831,1.122233,0.248107,-0.02547677626940018,0.0319160011236428,0.02210926002494564
23.155438146997767,2026-09-23T21:54:45.671929+00:00,0.007521343318733886,0.002679973840713501,0.0,23.142418525996618,23.168457767998916,22.99852915800875,23.14241810500971,0.0008319636596242499,-0.0008544921875,0.0047607421875,16384,5.12e-07,0.008388608,64,True,0.46566128730773926,0.3599853515625,0.3599853515625,74894.0,2874.0,35616.0,37776.0,0.01673635,0.0006924187,-0.5594746265256831,0.72962718610171,0.3932331516737216,0.04399845,1.11248,0.2020727,-0.024616016381458945,0.03210246526633678,0.017301649162258657
23.326379525002267,2026-09-23T21:54:45.841570+00:00,0.08579829636669667,0.08073093742132187,0.0,23.314661023003282,23.33809802700125,23.169675765995635,23.314660552001442,0.0017706295165534217,0.07568359375,0.0848388671875,16384,5.12e-07,0.008388608,64,True,0.46566128730773926,0.3599853515625,0.3599853515625,75078.0,2896.0,35584.0,37808.0,0.01668867,0.0006924298,-0.553093385599944,0.7233793371858165,0.41329171457724684,0.04472609,1.111787,0.213033,-0.0247377045427478,0.03235392933911318,0.018484922422436257
23.498116248003498,2026-09-23T21:54:46.016059+00:00,0.23202696359273003,0.22980039566755295,0.0,23.48364481900353,23.512587677003467,23.339186791999964,23.483644288004143,0.002466412697051454,0.2235107421875,0.235107421875,16384,5.12e-07,0.008388608,64,True,0.46566128730773926,0.3599853515625,0.3599853515625,75245.0,2916.0,35520.0,37936.0,0.01666887,0.0006927692,-0.5488140774709469,0.6514432394583887,0.5238557188135622,0.04631169,1.135448,0.2756856,-0.02541650742347048,0.030169437358392667,0.02426064365442086
23.66996931900212,2026-09-23T21:54:46.185658+00:00,0.41000983497260574,0.4073242023587227,0.0,23.65775127899542,23.68218735900882,23.513814331003232,23.657750818005297,0.0026506184449191918,0.4005126953125,0.412841796875,16384,5.12e-07,0.008388608,64,True,0.46566128730773926,0.3599853515625,0.3599853515625,75411.0,2936.0,35584.0,37872.0,0.01668338,0.0006930384,-0.6169477284538425,0.5095987034495486,0.5997371605946915,0.04153881,1.225599,0.3215863,-0.02562727447217576,0.021168123718837147,0.024912367963882378
23.839978024006996,2026-09-23T21:54:46.356627+00:00,0.5740509579092732,0.5738415941596031,0.0,23.82679988500604,23.853156163007952,23.683267899003113,23.82679876300972,0.002140210753958763,0.567626953125,0.57861328125,16384,5.12e-07,0.008388608,64,True,0.46566128730773926,0.3599853515625,0.3599853515625,75578.0,2956.0,35808.0,37520.0,0.01669687,0.0006923151,-0.7315740851689753,0.5211479360437721,0.439549981988958,0.03332701,1.261308,0.2275488,-0.02438117685216729,0.01736830247601015,0.014648886645245822
24.011618960001215,2026-09-23T21:54:46.528070+00:00,0.6869333145599105,0.6873561069369316,0.0,23.998638773002313,24.024599147000117,23.85455452000315,23.99863836199802,0.0013840102621372494,0.6822509765625,0.69140625,16384,5.12e-07,0.008388608,64,True,0.46566128730773926,0.3599853515625,0.3599853515625,75762.0,2978.0,35792.0,37520.0,0.01676585,0.0006919184,-0.6371374429041745,0.7142622693242883,0.28962957284995544,0.03711013,1.149593,0.1469199,-0.023644253334041493,0.026506365668719348,0.010748191100306316
24.18253937850386,2026-09-23T21:54:46.698368+00:00,0.7191310538833424,0.7203933522105217,0.0,24.17018153599929,24.194897221008432,24.025698623008793,24.170181135006715,0.0008162721065219893,0.716552734375,0.722900390625,16384,5.12e-07,0.008388608,64,True,0.46566128730773926,0.3599853515625,0.3599853515625,75930.0,2998.0,35648.0,37712.0,0.01672537,0.0006924924,-0.5727611029531707,0.7397711303219923,0.3531053577701552,0.04250103,1.114816,0.1804441,-0.0243429368194458,0.031441035002948904,0.015007341403750101
24.35249259450211,2026-09-23T21:54:46.867770+00:00,0.663915218669884,0.6653577759861946,0.0,24.340686559007736,24.364298629996483,24.195974444999592,24.340686188006657,0.0015508258967032076,0.6600341796875,0.6693115234375,16384,5.12e-07,0.008388608,64,True,0.46566128730773926,0.3599853515625,0.3599853515625,76097.0,3018.0,35648.0,37712.0,0.01672845,0.0006922636,-0.5691787984863215,0.7392254267233858,0.35997397661399877,0.04286428,1.113477,0.18412,-0.024397439388381258,0.03168636567419069,0.015430025326295895
24.523408794004354,2026-09-23T21:54:47.040622+00:00,0.5341977272618024,0.5334751158952713,0.0,24.509665764009696,24.53715182399901,24.36535491500399,24.509664562006947,0.002380725481457026,0.527099609375,0.5384521484375,16384,5.12e-07,0.008388608,64,True,0.46566128730773926,0.3599853515625,0.3599853515625,76264.0,3038.0,35728.0,37616.0,0.01673337,0.0006921863,-0.6144076564679688,0.7289803523473609,0.3018126530897204,0.03920233,1.135557,0.1532967,-0.024086211703383948,0.028577728336237517,0.011831759224598738
24.694311879007728,2026-09-23T21:54:47.209845+00:00,0.3618286221642201,0.36065803468227386,0.0,24.682248780009104,24.70637497800635,24.538375624004402,24.682248470009654,0.0026191765582265227,0.3533935546875,0.3668212890625,16384,5.12e-07,0.008388608,64,True,0.46566128730773926,0.3599853515625,0.3599853515625,76448.0,3060.0,35840.0,37472.0,0.01672408,0.0006920669,-0.7230392848960393,0.5869607607613014,0.36426811255384167,0.03283288,1.22985,0.1864234,-0.023739462076277473,0.01927161222278452,0.011959971227306777
24.863623805002135,2026-09-23T21:54:47.378877+00:00,0.19048481587232335,0.18849525600671768,0.0,24.85184095799923,24.87540665200504,24.707382962005795,24.85184022699832,0.0023483979332737923,0.182373046875,0.1937255859375,16384,5.12e-07,0.008388608,64,True,0.46566128730773926,0.3599853515625,0.3599853515625,76615.0,3080.0,35632.0,37760.0,0.01678258,0.0006925531,-0.6528892841356055,0.4820944304346821,0.5842264482242788,0.03868327,1.252778,0.3119633,-0.025255892458324346,0.018648989018001026,0.022599789437800798
25.033130396004708,2026-09-23T21:54:47.550022+00:00,0.05977959518003412,0.05550400912761688,0.0,25.01971043800586,25.046550354003557,24.876424194007996,25.01971011700516,0.001554053696235488,0.050537109375,0.0594482421875,16384,5.12e-07,0.008388608,64,True,0.46566128730773926,0.3599853515625,0.3599853515625,76783.0,3100.0,35472.0,37952.0,0.016693,0.0006926565,-0.5609586302331991,0.6118954044831012,0.5575925296660232,0.04596697,1.156396,0.2957414,-0.02578556852717056,0.02812697770101258,0.025630839083382203
25.204055573005462,2026-09-23T21:54:47.719419+00:00,0.0012841311097513408,-0.003453582525253296,0.0,25.192163280007662,25.215947866003262,25.047620975004975,25.19216283899732,0.0007492090220419671,-0.006591796875,-0.0015869140625,16384,5.12e-07,0.008388608,64,True,0.46566128730773926,0.3599853515625,0.3599853515625,76950.0,3120.0,35568.0,37840.0,0.01668475,0.0006924526,-0.5523409040237279,0.7128987429821274,0.43208206164657387,0.0454719,1.114985,0.2234001,-0.025115990353676555,0.032416860351009,0.019647592298986844
25.37404122400767,2026-09-23T21:54:47.889906+00:00,0.030247022507481014,0.02531169354915619,0.0,25.36164879600983,25.386433652005508,25.21708724599739,25.361647273006383,0.0011892314333170617,0.0211181640625,0.0284423828125,16384,5.12e-07,0.008388608,64,True,0.46566128730773926,0.3599853515625,0.3599853515625,77117.0,3140.0,35600.0,37776.0,0.01668348,0.0006922876,-0.5574617001045953,0.7322410397476803,0.3912282104165423,0.04405804,1.110748,0.2009829,-0.024560669881676263,0.03226110501884489,0.017236748143660437
25.54539392350125,2026-09-23T21:54:48.060738+00:00,0.1402443115793577,0.13511206209659576,0.0,25.533520376004162,25.55726747099834,25.389063964001252,25.53351980500156,0.002129164591600694,0.1292724609375,0.139892578125,16384,5.12e-07,0.008388608,64,True,0.46566128730773926,0.3599853515625,0.3599853515625,77283.0,3160.0,35568.0,37872.0,0.01661283,0.000692604,-0.5472177624966408,0.703059961827446,0.45415791359763885,0.04560442,1.116094,0.2357134,-0.024955548672357053,0.032062641784362814,0.02071160823803043
25.715191691502696,2026-09-23T21:54:48.231675+00:00,0.30270918105954275,0.30001159757375717,0.0,25.70217908800987,25.72820429499552,25.558460772997933,25.70217861799756,0.0026024838937206488,0.2933349609375,0.3055419921875,16384,5.12e-07,0.008388608,64,True,0.46566128730773926,0.3599853515625,0.3599853515625,77467.0,3182.0,35520.0,37968.0,0.01666723,0.0006930311,-0.5711201291085913,0.5821974975598477,0.5786776926424907,0.04513535,1.173295,0.3085532,-0.025777706919361456,0.026277687821487872,0.02611882019461124
25.885521669006266,2026-09-23T21:54:48.400990+00:00,0.47955092850109937,0.4770428314805031,0.0,25.87352364700928,25.897519691003254,25.72920897199947,25.873523287009448,0.002467748254483167,0.4705810546875,0.48291015625,16384,5.12e-07,0.008388608,64,True,0.46566128730773926,0.3599853515625,0.3599853515625,77633.0,3202.0,35728.0,37664.0,0.01664738,0.0006927891,-0.6981405981236678,0.47131704625092286,0.5389433617411322,0.03602151,1.273886,0.2845911,-0.02514807853671768,0.01697755169469808,0.01941355369439181
26.05709587900492,2026-09-23T21:54:48.573959+00:00,0.628182790619946,0.6286892294883728,0.0,26.043703097006073,26.070488661003765,25.898631299001863,26.04370245600876,0.0018209814381503426,0.623046875,0.6334228515625,16384,5.12e-07,0.008388608,64,True,0.46566128730773926,0.3599853515625,0.3599853515625,77800.0,3222.0,35840.0,37456.0,0.0167401,0.0006918747,-0.6854484304700005,0.6649511536183467,0.29664863469741937,0.03453725,1.185686,0.1505907,-0.02367350380525002,0.02296558423030524,0.010245428058703446
26.230728191505477,2026-09-23T21:54:48.749120+00:00,0.7111199013179205,0.7118719667196274,0.0,26.21580797500792,26.245648408003035,26.071705848007696,26.215807533997577,0.0010335003394493034,0.7076416015625,0.7149658203125,16384,5.12e-07,0.008388608,64,True,0.46566128730773926,0.3599853515625,0.3599853515625,77967.0,3242.0,35632.0,37696.0,0.01668452,0.0006919333,-0.5711856895101145,0.7400635605960049,0.3550392011832193,0.04248618,1.114054,0.181478,-0.024267498017950837,0.03144247364692277,0.015084259408526467
26.402371576499718,2026-09-23T21:54:48.917618+00:00,0.7059518863260731,0.7073462083935738,0.0,26.390596723998897,26.41414642900054,26.246837432001485,26.390596363999066,0.0010819336461939737,0.70263671875,0.7105712890625,16384,5.12e-07,0.008388608,64,True,0.46566128730773926,0.3599853515625,0.3599853515625,78151.0,3264.0,35568.0,37840.0,0.01665543,0.0006923006,-0.5480507985076708,0.7128818616249036,0.4375383110326639,0.0455326,1.113105,0.2264296,-0.02495417778813037,0.032459364652622086,0.01992225690092587
26.572311971998715,2026-09-23T21:54:49.088798+00:00,0.6166088640985778,0.616774708032608,0.0,26.559297034997144,26.585326909000287,26.415288293996127,26.559296403996996,0.0019216521592254174,0.611328125,0.6212158203125,16384,5.12e-07,0.008388608,64,True,0.46566128730773926,0.3599853515625,0.3599853515625,78318.0,3284.0,35568.0,37808.0,0.01669002,0.0006922583,-0.5507067496766385,0.7206580941524071,0.4211579124190981,0.04518698,1.111653,0.2173608,-0.02488477488350327,0.03256436288730294,0.01903085416532354
26.74096461750014,2026-09-23T21:54:49.255881+00:00,0.4664147743650291,0.4665699675679207,0.0,26.72951859299792,26.75241064200236,26.58645468800387,26.72951820200251,0.002611088954455463,0.459716796875,0.472412109375,16384,5.12e-07,0.008388608,64,True,0.46566128730773926,0.3599853515625,0.3599853515625,78484.0,3304.0,35680.0,37632.0,0.01663598,0.0006919756,-0.5968586026311599,0.7363130580622146,0.31875208076536365,0.04043662,1.125985,0.1622063,-0.024134944508327212,0.029774011329899708,0.012889256764118319
26.909796656502294,2026-09-23T21:54:49.425623+00:00,0.2906420460524024,0.2890993431210518,0.0,26.897440982997068,26.92215233000752,26.753402796006412,26.897440501998062,0.002584322701670578,0.282470703125,0.2945556640625,16384,5.12e-07,0.008388608,64,True,0.46566128730773926,0.3599853515625,0.3599853515625,78650.0,3324.0,35840.0,37456.0,0.01664825,0.0006917465,-0.7185164939166644,0.6045604763776463,0.3438614232096082,0.03288883,1.221056,0.175513,-0.02363116682062121,0.019883286732303426,0.01130919989149886
27.079549409005267,2026-09-23T21:54:49.594904+00:00,0.13070014744051592,0.1280541494488716,0.0,27.06766631800565,27.091432500004885,26.92329328400956,27.067665827009478,0.0021070632178811248,0.122314453125,0.1326904296875,16384,5.12e-07,0.008388608,64,True,0.46566128730773926,0.3599853515625,0.3599853515625,78833.0,3346.0,35584.0,37760.0,0.01660833,0.0006924322,-0.6410934682848105,0.486471111880592,0.5935865751751915,0.03958111,1.246237,0.3177541,-0.025375191088462597,0.01925506659116802,0.023494815526532528
27.249638433502696,2026-09-23T21:54:49.765476+00:00,0.026032718275478428,0.02178955078125,0.0,27.23727704900375,27.26199981800164,27.092500186001416,27.23727654799586,0.0011717898429785278,0.0177001953125,0.0245361328125,16384,5.12e-07,0.008388608,64,True,0.46566128730773926,0.3599853515625,0.3599853515625,78999.0,3366.0,35472.0,37952.0,0.01662915,0.0006927431,-0.555953040185987,0.6328884474930325,0.5388584509292004,0.04652534,1.145785,0.2845407,-0.02586590421868671,0.029445350201685486,0.02507057264135436
27.419094332508394,2026-09-23T21:54:49.934307+00:00,0.00230258303655978,-0.0027231723070144653,0.0,27.40735260200745,27.430836063009338,27.263144368000212,27.40735221200157,0.0007481229766405489,-0.0059814453125,-0.0009765625,16384,5.12e-07,0.008388608,64,True,0.46566128730773926,0.3599853515625,0.3599853515625,79166.0,3386.0,35568.0,37840.0,0.01663885,0.000692309,-0.549928380241315,0.720400766416172,0.42261272147458573,0.04540075,1.111398,0.2181631,-0.02496716090924088,0.03270673509586902,0.019186934514487296
27.587238909000007,2026-09-23T21:54:50.102430+00:00,0.06392294634942852,0.05859518051147461,0.0,27.575519331003306,27.598958486996708,27.431838867007173,27.575518990008277,0.0016310417656098784,0.053466796875,0.0625,16384,5.12e-07,0.008388608,64,True,0.46566128730773926,0.3599853515625,0.3599853515625,79332.0,3406.0,35584.0,37776.0,0.01664912,0.0006921846,-0.5563496901369118,0.727822197065391,0.40093624398832955,0.04458162,1.111726,0.2062693,-0.024802970472801552,0.03244749261713438,0.017874387273714994
27.754982641505194,2026-09-23T21:54:50.269918+00:00,0.19538952294129236,0.19050538539886475,0.0,27.743518964009127,27.76644631900126,27.600161858004867,27.74351848299557,0.0023352198311967884,0.1845703125,0.19580078125,16384,5.12e-07,0.008388608,64,True,0.46566128730773926,0.3599853515625,0.3599853515625,79499.0,3426.0,35520.0,37872.0,0.01665603,0.000692349,-0.5479940613682341,0.6842365809525032,0.4811681722553732,0.04633396,1.123038,0.2509934,-0.025390734919673308,0.03170339037239005,0.022294426846553573
27.9260352610072,2026-09-23T21:54:50.443495+00:00,0.3691980763180003,0.36761998385190964,0.0,27.912046630008263,27.94002389200614,27.767555412996444,27.912046159006422,0.002607387061698923,0.36083984375,0.3734130859375,16384,5.12e-07,0.008388608,64,True,0.46566128730773926,0.3599853515625,0.3599853515625,79666.0,3446.0,35504.0,37888.0,0.01673503,0.000692496,-0.5896328631597464,0.5470646752288559,0.5941829076966,0.04391642,1.196813,0.3181247,-0.025894564464325948,0.02402512204451403,0.026094386131225115
28.100073540001176,2026-09-23T21:54:50.617964+00:00,0.543459406785624,0.5436808690428734,0.0,28.085653468006058,28.114493611996295,27.941108871003962,28.085652957001003,0.0022660015749635786,0.537353515625,0.548828125,16384,5.12e-07,0.008388608,64,True,0.46566128730773926,0.3599853515625,0.3599853515625,79850.0,3468.0,35776.0,37552.0,0.01668228,0.0006920632,-0.7304205187928977,0.49140348403741035,0.4743505893347333,0.0337535,1.274689,0.2471131,-0.02465424898107607,0.01658658749845673,0.01601099261710992
28.274435021005047,2026-09-23T21:54:50.791105+00:00,0.6713374484662692,0.6717906221747398,0.0,28.261243051005295,28.2876269910048,28.115629316002014,28.26124246000836,0.0015405311718465241,0.6663818359375,0.67578125,16384,5.12e-07,0.008388608,64,True,0.46566128730773926,0.3599853515625,0.3599853515625,80017.0,3488.0,35792.0,37488.0,0.01665247,0.0006917254,-0.6583787171809486,0.6960977517865001,0.28633090074413686,0.03596727,1.164177,0.1451976,-0.02368008508310082,0.025036735784898033,0.010298540816407572
28.44741248250648,2026-09-23T21:54:50.963622+00:00,0.7199005875419118,0.7210298702120781,0.0,28.43467409000732,28.46015087500564,28.290201698997407,28.43467296799645,0.0008541815817106802,0.71728515625,0.7232666015625,16384,5.12e-07,0.008388608,64,True,0.46566128730773926,0.3599853515625,0.3599853515625,80200.0,3510.0,35632.0,37744.0,0.01666678,0.0006922854,-0.5648440162152017,0.7380438890733576,0.3691103563263352,0.04344335,1.112017,0.1890258,-0.024538716291842684,0.03206309898837505,0.016035390398509694
28.61668623999867,2026-09-23T21:54:51.131957+00:00,0.6800304000000936,0.6813272014260292,0.0,28.604895197000587,28.628477282996755,28.46115549300157,28.60489487599989,0.0014271203869889765,0.676025390625,0.685546875,16384,5.12e-07,0.008388608,64,True,0.46566128730773926,0.3599853515625,0.3599853515625,80366.0,3530.0,35584.0,37792.0,0.01669108,0.000692242,-0.5570754183971951,0.7263538926376374,0.40258787968310933,0.04460134,1.112528,0.2071711,-0.024846310141575557,0.03239635692585476,0.017955958901625452
28.785603382500994,2026-09-23T21:54:51.300997+00:00,0.5635579739822223,0.5646422952413559,0.0,28.773681329999818,28.79752543500217,28.629551631005597,28.773680908998358,0.002259533930141066,0.55810546875,0.569580078125,16384,5.12e-07,0.008388608,64,True,0.46566128730773926,0.3599853515625,0.3599853515625,80533.0,3550.0,35648.0,37664.0,0.01668517,0.0006919863,-0.5820206798708158,0.739513028099571,0.3381899014957665,0.04172785,1.11879,0.1724964,-0.024286471626547422,0.03085828870958468,0.01411193748113012
28.956964254502964,2026-09-23T21:54:51.474024+00:00,0.395805210349297,0.3939954340457916,0.0,28.943374954003957,28.97055355500197,28.798665227004676,28.943374383001355,0.002635463331942222,0.38720703125,0.399658203125,16384,5.12e-07,0.008388608,64,True,0.46566128730773926,0.3599853515625,0.3599853515625,80700.0,3570.0,35824.0,37472.0,0.01673268,0.0006917806,-0.6789199389807442,0.6729587778840901,0.29358848704118945,0.03481,1.180302,0.1489893,-0.023633203075919706,0.023425695058145176,0.010219815233903804
29.130996516003506,2026-09-23T21:54:51.649329+00:00,0.21664989383004435,0.21280403435230255,0.0,29.11613450900768,29.145858522999333,28.971765302005224,29.116134178999346,0.0024616198019279927,0.2061767578125,0.2181396484375,16384,5.12e-07,0.008388608,64,True,0.46566128730773926,0.3599853515625,0.3599853515625,80867.0,3590.0,35728.0,37584.0,0.01673025,0.0006923437,-0.712501316633852,0.48469055116293797,0.507362733562877,0.03463185,1.272117,0.2660608,-0.024675238722466065,0.016785730464292194,0.01757091008433952
29.303262330002326,2026-09-23T21:54:51.818989+00:00,0.07499460207406783,0.07140903919935226,0.0,29.291006404004293,29.31551825600036,29.146876626007725,29.29100591399765,0.001717973853930871,0.06640625,0.0753173828125,16384,5.12e-07,0.008388608,64,True,0.46566128730773926,0.3599853515625,0.3599853515625,81051.0,3612.0,35504.0,37936.0,0.01663602,0.0006928621,-0.5770205261632936,0.5729776795374295,0.5820170883557789,0.0449549,1.179855,0.3106035,-0.025939900051618246,0.02575815428583719,0.026164520005325206
29.474778790005075,2026-09-23T21:54:51.991450+00:00,0.004339292588287802,-0.0005311369895935059,0.0,29.46157802900416,29.487979551005992,29.31666377800866,29.46157762799703,0.0007728685283966957,-0.0037841796875,0.0013427734375,16384,5.12e-07,0.008388608,64,True,0.46566128730773926,0.3599853515625,0.3599853515625,81217.0,3632.0,35536.0,37872.0,0.01664308,0.0006924705,-0.5495828823146367,0.6926220556803151,0.4671545177475122,0.04616872,1.120775,0.2430349,-0.025373538210377414,0.031977473754528876,0.021567926126619924
29.64723201999732,2026-09-23T21:54:52.164860+00:00,0.021719577228259568,0.017466925084590912,0.0,29.633075001998805,29.661389037995832,29.4889790090092,29.633074630997726,0.0011219795238617944,0.01318359375,0.0203857421875,16384,5.12e-07,0.008388608,64,True,0.46566128730773926,0.3599853515625,0.3599853515625,81384.0,3652.0,35584.0,37776.0,0.01660873,0.0006921322,-0.5552740090268142,0.7252838987187242,0.40698162263013393,0.04450304,1.112102,0.2095736,-0.024711381434680674,0.032277338356035336,0.018111919431173757
29.818664983002236,2026-09-23T21:54:52.334652+00:00,0.12259864150225253,0.11786166578531265,0.0,29.80614944899571,29.83118051700876,29.662419002997922,29.806149017997086,0.0019895569744547304,0.1124267578125,0.122314453125,16384,5.12e-07,0.008388608,64,True,0.46566128730773926,0.3599853515625,0.3599853515625,81567.0,3674.0,35536.0,37840.0,0.01681798,0.0006922958,-0.5488116292130256,0.7075131470800577,0.4452313357676177,0.04563719,1.115269,0.2307163,-0.025046220596604402,0.032288911920790545,0.020319107064380566
29.988970308004355,2026-09-23T21:54:52.504882+00:00,0.28080046275077863,0.27731849253177643,0.0,29.97652893300983,30.001411682998878,29.832268099999055,29.976528422004776,0.002603282947730907,0.2705078125,0.282958984375,16384,5.12e-07,0.008388608,64,True,0.46566128730773926,0.3599853515625,0.3599853515625,81735.0,3694.0,35472.0,37952.0,0.01671037,0.0006927026,-0.559945329594872,0.614814125133724,0.5553960923529653,0.04599759,1.154761,0.2944196,-0.025756135693119787,0.028279968054109733,0.02554688174365383
30.158532446002937,2026-09-23T21:54:52.673881+00:00,0.45750626665521327,0.45452094078063965,0.0,30.14665626399801,30.170408628007863,30.002574037003797,30.146655713004293,0.0025877249106107643,0.4482421875,0.4600830078125,16384,5.12e-07,0.008388608,64,True,0.46566128730773926,0.3599853515625,0.3599853515625,81902.0,3714.0,35600.0,37776.0,0.01669937,0.0006922935,-0.6501858616220345,0.48381971602632284,0.5858129630957487,0.03899242,1.250931,0.3129414,-0.025352320194428252,0.01886530157157911,0.022842265098473934
30.329364295503183,2026-09-23T21:54:52.846171+00:00,0.6116558466643094,0.6114992797374725,0.0,30.316028657005518,30.342699934000848,30.1714628690097,30.316028136003297,0.0020003056706957606,0.6055908203125,0.6162109375,16384,5.12e-07,0.008388608,64,True,0.46566128730773926,0.3599853515625,0.3599853515625,82069.0,3734.0,35840.0,37472.0,0.0167257,0.0006918796,-0.7297032574100724,0.5753039806942234,0.36953820630959155,0.03299271,1.23698,0.189256,-0.02407488795778587,0.01898083739689011,0.012192066874692525
30.500570789008634,2026-09-23T21:54:53.016036+00:00,0.7043448964916659,0.7047985792160034,0.0,30.48857737700746,30.51256420100981,30.343785855002352,30.48857687599957,0.001159674138745643,0.699951171875,0.7081298828125,16384,5.12e-07,0.008388608,64,True,0.46566128730773926,0.3599853515625,0.3599853515625,82253.0,3756.0,35728.0,37536.0,0.01674063,0.0006916725,-0.6173380909896441,0.7267753984542771,0.30114979929412006,0.03871825,1.137477,0.1529491,-0.02390225054145979,0.028139471571202314,0.011659993216519565
30.669241860501643,2026-09-23T21:54:53.185062+00:00,0.7129524277434537,0.7140064314007759,0.0,30.656892950006295,30.68159077099699,30.513578266007244,30.65689246900729,0.0009746358904498267,0.70947265625,0.7169189453125,16384,5.12e-07,0.008388608,64,True,0.46566128730773926,0.3599853515625,0.3599853515625,82421.0,3776.0,35600.0,37680.0,0.01683762,0.0006917841,-0.5700258149230676,0.7384294520891167,0.3602672821790228,0.04285319,1.114097,0.1842772,-0.02442742455180305,0.03164405761197082,0.015438602294001279
30.839899742000853,2026-09-23T21:54:53.356346+00:00,0.6359879813323808,0.6369248926639557,0.0,30.82692351800506,30.852875965996645,30.682762903001276,30.82692306699755,0.0017407136165682165,0.6314697265625,0.6409912109375,16384,5.12e-07,0.008388608,64,True,0.46566128730773926,0.3599853515625,0.3599853515625,82589.0,3796.0,35648.0,37696.0,0.01672035,0.0006917732,-0.5775179363933332,0.7396822632975727,0.3454608262986793,0.0421678,1.116849,0.1763649,-0.024352660838246793,0.031190773742279385,0.01456732303119745
31.01242293749965,2026-09-23T21:54:53.530339+00:00,0.4897985764327909,0.48832572996616364,0.0,30.997978510000394,31.026867364998907,30.853955213999143,30.997977407998405,0.0024443873913057223,0.481689453125,0.4935302734375,16384,5.12e-07,0.008388608,64,True,0.46566128730773926,0.3599853515625,0.3599853515625,82755.0,3816.0,35760.0,37504.0,0.01668255,0.0006915233,-0.6401841911700334,0.7116526449318341,0.2893349518075803,0.03720961,1.151688,0.146766,-0.023821004081602388,0.026480317373382023,0.010766040716128857
31.184725053004513,2026-09-23T21:54:53.700076+00:00,0.3114601884996823,0.3109436109662056,0.0,31.172845494002104,31.196604612006922,31.02796794300957,31.17284495300555,0.002662393360652503,0.303955078125,0.3165283203125,16384,5.12e-07,0.008388608,64,True,0.46566128730773926,0.3599853515625,0.3599853515625,82939.0,3838.0,35824.0,37472.0,0.01665122,0.0006917035,-0.7288621978716533,0.5465368086124692,0.4123801805923752,0.03279417,1.249094,0.2125326,-0.023902430823576633,0.01792322101289478,0.013523665746977052
31.35529675649741,2026-09-23T21:54:53.872232+00:00,0.14666058004024682,0.14309533685445786,0.0,31.341832279998926,31.368761232995894,31.197742099000607,31.34183046600083,0.0021680259652772753,0.1370849609375,0.14794921875,16384,5.12e-07,0.008388608,64,True,0.46566128730773926,0.3599853515625,0.3599853515625,83106.0,3858.0,35584.0,37776.0,0.01671317,0.0006924499,-0.6360680442352938,0.49160470493370784,0.5947623535410849,0.03999808,1.241804,0.318485,-0.02544150051876682,0.01966324431631484,0.023789352197924593
31.525475473499682,2026-09-23T21:54:54.040599+00:00,0.034074765119708916,0.030264966189861298,0.0,31.51382288199966,31.537128064999706,31.3698498080048,31.513822421009536,0.0012902209374807893,0.0257568359375,0.0333251953125,16384,5.12e-07,0.008388608,64,True,0.46566128730773926,0.3599853515625,0.3599853515625,83273.0,3878.0,35472.0,37936.0,0.01669115,0.0006926165,-0.5558457091706871,0.6306874027384801,0.5415431170493501,0.04631134,1.146601,0.2861358,-0.02574195962494481,0.029207978741938683,0.025079587418332248
31.696974447499088,2026-09-23T21:54:54.215494+00:00,0.0007180280720816556,-0.004160791635513306,0.0,31.6819270470005,31.712021847997676,31.538156587004778,31.68192665600509,0.0007043316153894805,-0.00732421875,-0.0025634765625,16384,5.12e-07,0.008388608,64,True,0.46566128730773926,0.3599853515625,0.3599853515625,83439.0,3898.0,35536.0,37840.0,0.016687,0.0006923123,-0.5474834971255083,0.7041855707611188,0.4520890424540956,0.04585788,1.115824,0.234553,-0.0251064325131619,0.03229245740169489,0.02073184505817482
31.86925785800122,2026-09-23T21:54:54.384960+00:00,0.05637904823868012,0.05139032006263733,0.0,31.85702748100448,31.88148823499796,31.71355309500359,31.857026860001497,0.001530317227658515,0.046630859375,0.05517578125,16384,5.12e-07,0.008388608,64,True,0.46566128730773926,0.3599853515625,0.3599853515625,83607.0,3918.0,35552.0,37840.0,0.01673247,0.0006923102,-0.5512948166443997,0.7067833012783937,0.44331861022861774,0.04572471,1.116613,0.2296488,-0.02520779561556835,0.03231746148379718,0.02027061489030658
32.04062517500279,2026-09-23T21:54:54.557528+00:00,0.1867172257283464,0.18342325091362,0.0,32.027193340007216,32.05405700999836,31.882590786000947,32.02719272799732,0.0023991040351730385,0.1773681640625,0.1885986328125,16384,5.12e-07,0.008388608,64,True,0.46566128730773926,0.3599853515625,0.3599853515625,83790.0,3940.0,35472.0,37936.0,0.0166612,0.0006924279,-0.5492822001449601,0.6492455077928887,0.5260887142057563,0.04654308,1.136491,0.2769974,-0.02556528538392289,0.030217885608845044,0.02448578911237565
32.213639627501834,2026-09-23T21:54:54.731104+00:00,0.3614440126954949,0.3597584739327431,0.0,32.199646979002864,32.227632276000804,32.055169811006635,32.199644884996815,0.0026354246345184095,0.353271484375,0.3653564453125,16384,5.12e-07,0.008388608,64,True,0.46566128730773926,0.3599853515625,0.3599853515625,83957.0,3960.0,35536.0,37888.0,0.01669097,0.0006925408,-0.6004136164386346,0.5308019903462169,0.5981243484757788,0.04300175,1.208827,0.3205793,-0.02581883623069005,0.02282541448837043,0.025720393702068318
32.38763237850799,2026-09-23T21:54:54.905671+00:00,0.5367033533775889,0.5357938855886459,0.0,32.373065631007194,32.40219912600878,32.22883901299792,32.373065260006115,0.002319152313351036,0.5296630859375,0.540771484375,16384,5.12e-07,0.008388608,64,True,0.46566128730773926,0.3599853515625,0.3599853515625,84123.0,3980.0,35776.0,37568.0,0.01661472,0.000692098,-0.7208975543734816,0.4908431348324767,0.48926448173371445,0.0342215,1.271908,0.2556231,-0.024670195656992102,0.016797388338669603,0.01674336446165031
32.558970582002075,2026-09-23T21:54:55.074205+00:00,0.6656783172745531,0.665395088493824,0.0,32.547214514997904,32.57072664900625,32.40344685000309,32.5472140339989,0.001565567554786344,0.6602783203125,0.6693115234375,16384,5.12e-07,0.008388608,64,True,0.46566128730773926,0.3599853515625,0.3599853515625,84306.0,4002.0,35792.0,37488.0,0.016633,0.0006916664,-0.6634575824984976,0.6899229140337056,0.2895348146881291,0.03577574,1.168321,0.1468704,-0.023735685972494803,0.024682502792512204,0.010358322251230687
32.72851726900262,2026-09-23T21:54:55.244831+00:00,0.7193165035680689,0.7204573974013329,0.0,32.715673829006846,32.7413607089984,32.57183681400784,32.71567328799574,0.0009169013079318424,0.71630859375,0.7227783203125,16384,5.12e-07,0.008388608,64,True,0.46566128730773926,0.3599853515625,0.3599853515625,84473.0,4022.0,35648.0,37648.0,0.01664282,0.0006918134,-0.5798153374671375,0.7387913036491207,0.3435135864711935,0.04182448,1.118105,0.1753278,-0.024250474985587543,0.030899562103646576,0.014367277127092702
32.899158423999324,2026-09-23T21:54:55.415591+00:00,0.6858402469881268,0.6866801306605339,0.0,32.88619667199964,32.91212017599901,32.74237576700398,32.886196011007996,0.0014231955594790368,0.6820068359375,0.6917724609375,16384,5.12e-07,0.008388608,64,True,0.46566128730773926,0.3599853515625,0.3599853515625,84639.0,4042.0,35600.0,37712.0,0.01664427,0.0006919038,-0.5683459110289689,0.7343749280482401,0.37104769298675555,0.043203,1.114715,0.1900685,-0.024554248394184543,0.031727200016468116,0.0160303734801068
33.07214121200377,2026-09-23T21:54:55.589064+00:00,0.5708177542335016,0.5704745352268219,0.0,33.05868871300481,33.08559371100273,32.91465465800138,33.05868817200826,0.002173971227340671,0.5645751953125,0.5755615234375,16384,5.12e-07,0.008388608,64,True,0.46566128730773926,0.3599853515625,0.3599853515625,84822.0,4064.0,35664.0,37616.0,0.0166637,0.0006916504,-0.5984986026686528,0.736434406099383,0.3153788009944849,0.0401837,1.126616,0.1604279,-0.024049888300056346,0.02959265924437578,0.012673087125522084
33.24731905300723,2026-09-23T21:54:55.765240+00:00,0.4006358423692741,0.3993138521909714,0.0,33.23286883500987,33.261769271004596,33.088042702001985,33.23286845399707,0.0025941155537854946,0.3927001953125,0.4049072265625,16384,5.12e-07,0.008388608,64,True,0.46566128730773926,0.3599853515625,0.3599853515625,84989.0,4084.0,35840.0,37440.0,0.01670262,0.000691454,-0.6998733936629109,0.6423230208685263,0.31240737780195105,0.03385473,1.199523,0.1588631,-0.023694024776641558,0.021745672444288325,0.010576467425493046
33.42066864950175,2026-09-23T21:54:55.936935+00:00,0.2217828961741457,0.21920862793922424,0.0,33.407873135001864,33.433464164001634,33.2630216240068,33.40787277500203,0.002451089041754085,0.21240234375,0.2244873046875,16384,5.12e-07,0.008388608,64,True,0.46566128730773926,0.3599853515625,0.3599853515625,85173.0,4106.0,35632.0,37680.0,0.01670453,0.0006920916,-0.6723832546467692,0.47343943988672565,0.5689954794463321,0.03737899,1.264053,0.3026419,-0.02513300695160904,0.01769668808913152,0.021268476336269652
33.591247330499755,2026-09-23T21:54:56.107215+00:00,0.07954674314641752,0.07579302787780762,0.0,33.57875006100221,33.6037445999973,33.434698383003706,33.5787496700068,0.001737282208160314,0.0704345703125,0.0799560546875,16384,5.12e-07,0.008388608,64,True,0.46566128730773926,0.3599853515625,0.3599853515625,85340.0,4126.0,35472.0,37936.0,0.016737,0.0006924787,-0.5681270275425834,0.5923431604795039,0.571280369703687,0.04554643,1.167665,0.3040325,-0.025876157891076345,0.02697911629475849,0.0260197813690831
33.76042350100033,2026-09-23T21:54:56.275810+00:00,0.005991385439319041,0.0015641525387763977,0.0,33.74850778399559,33.77233921800507,33.60490574099822,33.74850740400143,0.000875502815114081,-0.0020751953125,0.003662109375,16384,5.12e-07,0.008388608,64,True,0.46566128730773926,0.3599853515625,0.3599853515625,85507.0,4146.0,35568.0,37824.0,0.01666857,0.0006922491,-0.5527011645059894,0.7092851514644415,0.4375339948687274,0.04558924,1.116374,0.2264272,-0.02519722603694303,0.03233577099854878,0.019946842300229185
33.93065341100737,2026-09-23T21:54:56.448033+00:00,0.017753207180572717,0.013257920742034912,0.0,33.91674480000802,33.94456202200672,33.773464903002605,33.9167444689956,0.0010851035894710141,0.0093994140625,0.01611328125,16384,5.12e-07,0.008388608,64,True,0.46566128730773926,0.3599853515625,0.3599853515625,85674.0,4166.0,35600.0,37712.0,0.01668692,0.0006920193,-0.5643972421526838,0.7345671708900493,0.37665212663814046,0.04349714,1.112966,0.1930898,-0.02454966585752919,0.0319515710716084,0.016383290283676924
34.101821890501014,2026-09-23T21:54:56.617409+00:00,0.11339075499676926,0.10830981284379959,0.0,34.08970778599905,34.113935995002976,33.9456350679975,34.089707154009375,0.0019872918566208675,0.102783203125,0.113037109375,16384,5.12e-07,0.008388608,64,True,0.46566128730773926,0.3599853515625,0.3599853515625,85840.0,4186.0,35584.0,37776.0,0.01672693,0.0006922664,-0.554445281917027,0.7228796271527782,0.4123535788706202,0.04499389,1.112543,0.212518,-0.024946650025593705,0.03252516642735312,0.01855339156881101
34.27248163450713,2026-09-23T21:54:56.788744+00:00,0.2690765812434572,0.26570700109004974,0.0,34.259689972008346,34.285273297005915,34.11505482700886,34.259689530998,0.0025618104060005555,0.259033203125,0.271240234375,16384,5.12e-07,0.008388608,64,True,0.46566128730773926,0.3599853515625,0.3599853515625,86023.0,4208.0,35472.0,37936.0,0.0165833,0.0006926256,-0.5542749081313861,0.629910149149375,0.5440519554367537,0.04629372,1.146205,0.2876294,-0.025659447400060112,0.029160884069879406,0.02518618889044155
34.44255758550571,2026-09-23T21:54:56.958391+00:00,0.4463642263920642,0.4440204054117203,0.0,34.430194949003635,34.454920222007786,34.28636091000226,34.430194428001414,0.002562005905863224,0.437255859375,0.449462890625,16384,5.12e-07,0.008388608,64,True,0.46566128730773926,0.3599853515625,0.3599853515625,86190.0,4228.0,35600.0,37776.0,0.01659668,0.000692795,-0.6454531016711867,0.4858080634149787,0.5893902095081262,0.03963201,1.248195,0.3151519,-0.02558060377996349,0.01925355002734307,0.023358718677128153
34.61206970200146,2026-09-23T21:54:57.127062+00:00,0.6022615600617764,0.6011248677968979,0.0,34.60054877199582,34.62359063200711,34.45616582200455,34.600548390997574,0.0020015557411646803,0.595458984375,0.6063232421875,16384,5.12e-07,0.008388608,64,True,0.46566128730773926,0.3599853515625,0.3599853515625,86356.0,4248.0,35840.0,37504.0,0.01661462,0.0006921996,-0.7341257511813026,0.5624381097142565,0.38042443953240196,0.03284298,1.243923,0.1951276,-0.0241108773635325,0.01847214358858313,0.012494272259073888
34.778999401001784,2026-09-23T21:54:57.293955+00:00,0.69886728443773,0.699157103896141,0.0,34.76751518000674,34.79048362199683,34.62465873800102,34.76751472899923,0.0011600551733659576,0.6944580078125,0.702880859375,16384,5.12e-07,0.008388608,64,True,0.46566128730773926,0.3599853515625,0.3599853515625,86522.0,4268.0,35760.0,37552.0,0.01667893,0.000692034,-0.6278117586751576,0.7206986658351521,0.2940167150565379,0.03796984,1.143711,0.1492133,-0.023837912027014345,0.027364813029974188,0.011163767628022335
34.946464566499344,2026-09-23T21:54:57.461115+00:00,0.7161476786955967,0.7171959206461906,0.0,34.9352839159983,34.95764521700039,34.79154913399543,34.93528352500289,0.0008911491232407045,0.7130126953125,0.7203369140625,16384,5.12e-07,0.008388608,64,True,0.46566128730773926,0.3599853515625,0.3599853515625,86689.0,4288.0,35648.0,37696.0,0.01678242,0.0006922059,-0.5674272612108052,0.7428742773773425,0.35519587729293234,0.04266889,1.111544,0.1815618,-0.024211491391605115,0.031697620825243314,0.015155813816665628
35.11670614750619,2026-09-23T21:54:57.633692+00:00,0.6478728924695983,0.6481313407421112,0.0,35.103191592002986,35.1302207030094,34.95861670200247,35.1031910610036,0.0016802396234742033,0.6427001953125,0.6527099609375,16384,5.12e-07,0.008388608,64,True,0.46566128730773926,0.3599853515625,0.3599853515625,86858.0,4308.0,35648.0,37696.0,0.01687578,0.0006922776,-0.5745125020391103,0.739735235996077,0.3503243720134088,0.04238476,1.115567,0.1789587,-0.0243505745159272,0.03135350044123709,0.01484841442993905
35.28641660699941,2026-09-23T21:54:57.801490+00:00,0.5101456419006447,0.5111522004008293,0.0,35.27481574199919,35.29801747199963,35.13130069199542,35.27481527099735,0.002435800603320868,0.5047607421875,0.5164794921875,16384,5.12e-07,0.008388608,64,True,0.46566128730773926,0.3599853515625,0.3599853515625,87026.0,4328.0,35776.0,37536.0,0.01681235,0.00069197,-0.6342346072010564,0.717001786769054,0.2892315695053112,0.03735265,1.147509,0.146712,-0.02369034330066854,0.026781916790559107,0.010803565584682562
35.4572616430014,2026-09-23T21:54:57.974161+00:00,0.3349575508947776,0.3325827419757843,0.0,35.44383358499908,35.47068970100372,35.29906755499542,35.44383310400008,0.0026522364801202162,0.32568359375,0.338134765625,16384,5.12e-07,0.008388608,64,True,0.46566128730773926,0.3599853515625,0.3599853515625,87194.0,4348.0,35824.0,37488.0,0.01680543,0.0006920412,-0.732243589574003,0.5535584220034263,0.3967271089260925,0.03268959,1.247139,0.2039743,-0.023936742723302432,0.018095597856338984,0.012968846532679303
35.62922154700209,2026-09-23T21:54:58.145156+00:00,0.16490597498744447,0.16220175474882126,0.0,35.61675841700344,35.64168467700074,35.47176877800666,35.61675803700928,0.002233445744977206,0.1558837890625,0.1671142578125,16384,5.12e-07,0.008388608,64,True,0.46566128730773926,0.3599853515625,0.3599853515625,87378.0,4370.0,35584.0,37824.0,0.01677825,0.0006927495,-0.63060353006074,0.49552868392096566,0.5973194382292352,0.04065262,1.237785,0.3200773,-0.02563568567821784,0.02014453928653913,0.024282600140946572
35.79790528149897,2026-09-23T21:54:58.312753+00:00,0.04485670973263223,0.0412260964512825,0.0,35.78652759100078,35.80928297199716,35.64425397400919,35.78652721000253,0.001426901579197343,0.03662109375,0.044677734375,16384,5.12e-07,0.008388608,64,True,0.46566128730773926,0.3599853515625,0.3599853515625,87546.0,4390.0,35488.0,37952.0,0.01675055,0.0006928483,-0.5544108918506001,0.6491720727583198,0.5207726787650144,0.04661439,1.138812,0.2738779,-0.025843525532971694,0.030260760176664694,0.0242755007492971
35.966592448501615,2026-09-23T21:54:58.481982+00:00,2.1767848489506747e-05,-0.0049431100487709045,0.0,35.954675460001454,35.978509437001776,35.81028297099692,35.9546743480023,0.0006655412861509535,-0.0078125,-0.0035400390625,16384,5.12e-07,0.008388608,64,True,0.46566128730773926,0.3599853515625,0.3599853515625,87713.0,4410.0,35584.0,37776.0,0.01672305,0.0006923956,-0.556749539608101,0.7260883573591174,0.4035166012120272,0.04454156,1.112475,0.2076785,-0.02479849302342661,0.03234110813461257,0.017973258903881583
36.13624893449742,2026-09-23T21:54:58.653710+00:00,0.04158078454693842,0.03744436055421829,0.0,36.122259356998256,36.15023851199658,35.97957672200573,36.12225884600775,0.0013634571169037157,0.0330810546875,0.040771484375,16384,5.12e-07,0.008388608,64,True,0.46566128730773926,0.3599853515625,0.3599853515625,87881.0,4430.0,35616.0,37760.0,0.01671268,0.0006923256,-0.5629672623221808,0.7308375699922349,0.38593303543660795,0.04381469,1.113583,0.1981095,-0.02466623607879503,0.03202142156956308,0.016909536308413995
36.30914575900533,2026-09-23T21:54:58.825943+00:00,0.16284369459606735,0.15932084619998932,0.0,36.29581909200351,36.32247242600715,36.15132905100472,36.29581703800068,0.0022357566455541242,0.153564453125,0.164306640625,16384,5.12e-07,0.008388608,64,True,0.46566128730773926,0.3599853515625,0.3599853515625,88047.0,4450.0,35552.0,37872.0,0.01666043,0.0006925073,-0.5493916759638265,0.7062025956336714,0.4465945368025937,0.04579564,1.115974,0.2314778,-0.025159743411436054,0.032340999836705187,0.020452082633378332
36.48215622250427,2026-09-23T21:54:58.998495+00:00,0.3336082598780028,0.33098312467336655,0.0,36.46928893800941,36.49502350699913,36.32503066200297,36.46928833700076,0.002616566407326712,0.324462890625,0.336669921875,16384,5.12e-07,0.008388608,64,True,0.46566128730773926,0.3599853515625,0.3599853515625,88231.0,4472.0,35520.0,37952.0,0.01668458,0.000692866,-0.5743422228377114,0.5764741012299076,0.5812130604838531,0.04501163,1.177171,0.3101093,-0.025852079627748614,0.025948038949143146,0.026161347229666815
36.65511119650182,2026-09-23T21:54:59.172996+00:00,0.5109355050627421,0.5103672966361046,0.0,36.640697783004725,36.669524609998916,36.4961770640075,36.640697231996455,0.0024090425149737547,0.50390625,0.5157470703125,16384,5.12e-07,0.008388608,64,True,0.46566128730773926,0.3599853515625,0.3599853515625,88398.0,4492.0,35728.0,37664.0,0.01664985,0.0006926156,-0.6935853005177298,0.4756675302507913,0.5409989201198493,0.03600334,1.270227,0.2858122,-0.024971387393542002,0.017125619818579525,0.019477768060707775
36.82670191550278,2026-09-23T21:54:59.341913+00:00,0.6495748938631323,0.6489848271012306,0.0,36.81496122799581,36.83844260300975,36.67065359100525,36.81496075700852,0.001658609262269144,0.6439208984375,0.6529541015625,16384,5.12e-07,0.008388608,64,True,0.46566128730773926,0.3599853515625,0.3599853515625,88581.0,4514.0,35840.0,37472.0,0.01667868,0.0006919775,-0.694392207497985,0.6519345049492131,0.3046323413931944,0.03425821,1.19386,0.1547762,-0.023788634066829545,0.02233410917679618,0.010436158724239745
36.998328618501546,2026-09-23T21:54:59.516426+00:00,0.7167484496474592,0.7176471501588821,0.0,36.98370244000398,37.01295479699911,36.83947521299706,36.98370199900819,0.0009137058252688916,0.713623046875,0.720458984375,16384,5.12e-07,0.008388608,64,True,0.46566128730773926,0.3599853515625,0.3599853515625,88748.0,4534.0,35696.0,37632.0,0.016764,0.0006920488,-0.5903764702414346,0.7386657873615804,0.3253128924078494,0.04081514,1.122539,0.1656713,-0.024096298285609986,0.030148747524373135,0.01327769124743131
37.17173996400379,2026-09-23T21:54:59.688639+00:00,0.6951552409904422,0.6960437893867493,0.0,37.15831185600837,37.185168071999215,37.01402611999947,37.15831143500691,0.0012306200186221244,0.69091796875,0.699462890625,16384,5.12e-07,0.008388608,64,True,0.46566128730773926,0.3599853515625,0.3599853515625,88916.0,4554.0,35632.0,37760.0,0.0167538,0.0006922953,-0.5672388991285325,0.7326447744698685,0.37612719358941066,0.04353438,1.114814,0.1928065,-0.024694393785443202,0.03189523601678555,0.016374464174054967
37.34357143649686,2026-09-23T21:54:59.858741+00:00,0.5903961714227586,0.5914480909705162,0.0,37.33187185099814,37.35527102199558,37.18750513299892,37.331871400005184,0.002133309351425109,0.5853271484375,0.596435546875,16384,5.12e-07,0.008388608,64,True,0.46566128730773926,0.3599853515625,0.3599853515625,89083.0,4574.0,35664.0,37648.0,0.01670225,0.0006920722,-0.5835402395465364,0.7381604932907937,0.3385260329349325,0.04155728,1.119869,0.172675,-0.02425034512610249,0.030675942304623637,0.014068221137966212
37.512532016007754,2026-09-23T21:55:00.027659+00:00,0.43158112444968577,0.43153663724660873,0.0,37.50087709900981,37.524186933005694,37.35640252800658,37.50087653800438,0.0025723277357920095,0.4248046875,0.4373779296875,16384,5.12e-07,0.008388608,64,True,0.46566128730773926,0.3599853515625,0.3599853515625,89267.0,4596.0,35824.0,37488.0,0.01668488,0.0006918454,-0.6792644224092189,0.6712026999173928,0.2967941712242214,0.03486074,1.181082,0.1506669,-0.023679660420857954,0.023398622809118252,0.010346464436563065
37.68030509399978,2026-09-23T21:55:00.195360+00:00,0.2568203914239859,0.2558022439479828,0.0,37.66872973200225,37.69188045599731,37.52532107300067,37.66872770800546,0.002564394813584282,0.2489013671875,0.2611083984375,16384,5.12e-07,0.008388608,64,True,0.46566128730773926,0.3599853515625,0.3599853515625,89433.0,4616.0,35728.0,37568.0,0.01666825,0.0006922063,-0.714482021276443,0.4904673829715166,0.4989560977819593,0.03434952,1.270004,0.2611969,-0.024542114479475605,0.01684731918072777,0.01713890245988337
37.84989733850671,2026-09-23T21:55:00.365127+00:00,0.10506661361182795,0.1021064817905426,0.0,37.83813930800534,37.861655369008076,37.69296384100744,37.838138916995376,0.001934307011435441,0.0960693359375,0.1072998046875,16384,5.12e-07,0.008388608,64,True,0.46566128730773926,0.3599853515625,0.3599853515625,89600.0,4636.0,35504.0,37904.0,0.01662818,0.0006927273,-0.5880665062084103,0.5500622117663609,0.5929665652147115,0.04392725,1.194787,0.317369,-0.025832144434843392,0.02416272029181388,0.026047390551827934
38.02062349949847,2026-09-23T21:55:00.537785+00:00,0.014462992983128753,0.009723544120788574,0.0,38.00693370999943,38.03431328899751,37.86276049500157,38.00693324900931,0.0010149357588103128,0.006103515625,0.012939453125,16384,5.12e-07,0.008388608,64,True,0.46566128730773926,0.3599853515625,0.3599853515625,89766.0,4656.0,35520.0,37888.0,0.0166585,0.0006925523,-0.5500442705509186,0.6844170830576806,0.4785651020006825,0.04631562,1.123885,0.2495099,-0.02547564141801354,0.03169920154040797,0.02216503940952485
38.195239948501694,2026-09-23T21:55:00.713281+00:00,0.009192592327353644,0.004491753876209259,0.0,38.18067012600659,38.2098097709968,38.036455584006035,38.180668543005595,0.0009153833639950626,0.000732421875,0.0068359375,16384,5.12e-07,0.008388608,64,True,0.46566128730773926,0.3599853515625,0.3599853515625,89934.0,4676.0,35600.0,37760.0,0.0168352,0.0006922238,-0.5643254476608813,0.7271797468178459,0.3908278456562165,0.04405798,1.11538,0.2007654,-0.024863039286534154,0.03203807074170572,0.017219085407364672
38.36987661549938,2026-09-23T21:55:00.887717+00:00,0.09352531464328145,0.0890110433101654,0.0,38.35550797999895,38.38424525099981,38.21092590800254,38.355507519008825,0.0018505179995113262,0.08349609375,0.0933837890625,16384,5.12e-07,0.008388608,64,True,0.46566128730773926,0.3599853515625,0.3599853515625,90119.0,4698.0,35568.0,37776.0,0.01681455,0.000692157,-0.5534981364010947,0.7242148418140966,0.411281747585154,0.04488112,1.111685,0.2119299,-0.024841616279593897,0.032503573221239486,0.018458785467179006
38.541688361001434,2026-09-23T21:55:01.057135+00:00,0.24310642011930922,0.23861026763916016,0.0,38.5297127369995,38.55366398500337,38.3854225929972,38.529710322007304,0.002512058707171468,0.23193359375,0.243896484375,16384,5.12e-07,0.008388608,64,True,0.46566128730773926,0.3599853515625,0.3599853515625,90286.0,4718.0,35504.0,37920.0,0.01672298,0.000692488,-0.5497297140398553,0.6513923784653276,0.5229581348243301,0.04632582,1.135878,0.2751589,-0.025466679781261808,0.03017628607415664,0.024226464421407645
38.713360708003165,2026-09-23T21:55:01.230725+00:00,0.42146145221029524,0.42046578228473663,0.0,38.69946739100851,38.72725402499782,38.554850243002875,38.69946699999855,0.0026268979091491197,0.4140625,0.4261474609375,16384,5.12e-07,0.008388608,64,True,0.46566128730773926,0.3599853515625,0.3599853515625,90454.0,4738.0,35584.0,37840.0,0.01670415,0.0006927927,-0.6206525136081849,0.5069794219760566,0.598132362478963,0.04141414,1.228331,0.3205843,-0.025703790089921272,0.020996116758835486,0.02477113739823452
38.88418680100585,2026-09-23T21:55:01.399355+00:00,0.583932844347266,0.582552045583725,0.0,38.87249162900844,38.89588197300327,38.72825380299764,38.87249099800829,0.002064865805588947,0.5765380859375,0.5872802734375,16384,5.12e-07,0.008388608,64,True,0.46566128730773926,0.3599853515625,0.3599853515625,90637.0,4760.0,35840.0,37504.0,0.01673445,0.000692249,-0.7355349803764736,0.544366833386079,0.4033026696561696,0.03296182,1.25223,0.2075616,-0.024244571626872855,0.01794332157604193,0.013293590002726126
39.05279855900153,2026-09-23T21:55:01.567919+00:00,0.6907008101797316,0.6909592896699905,0.0,39.041150856006425,39.064446261996636,38.896957122997264,39.04114966299676,0.0012851583859992827,0.68603515625,0.6943359375,16384,5.12e-07,0.008388608,64,True,0.46566128730773926,0.3599853515625,0.3599853515625,90804.0,4780.0,35776.0,37520.0,0.01669937,0.0006920658,-0.6352442030743861,0.7148723685219028,0.2922709345526386,0.03746835,1.148642,0.1483003,-0.023801552136262172,0.026785088109107635,0.010950909670645355
39.22275499749958,2026-09-23T21:55:01.738466+00:00,0.7184739095988664,0.7192879840731621,0.0,39.21051490699756,39.2349950880016,39.06577479800035,39.21051381500729,0.0009535917240461224,0.7152099609375,0.722412109375,16384,5.12e-07,0.008388608,64,True,0.46566128730773926,0.3599853515625,0.3599853515625,90971.0,4800.0,35664.0,37680.0,0.01678503,0.0006924306,-0.5829615251766096,0.7365711163013695,0.34295604790456097,0.04173204,1.120152,0.175031,-0.024328173687131277,0.030738615288333403,0.014312255509395053
39.394045197506784,2026-09-23T21:55:01.910810+00:00,0.6586322938775104,0.6592479199171066,0.0,39.380751407006755,39.40733898800681,39.23620130500058,39.38075058499817,0.0016026612640542065,0.6539306640625,0.6632080078125,16384,5.12e-07,0.008388608,64,True,0.46566128730773926,0.3599853515625,0.3599853515625,91139.0,4820.0,35680.0,37696.0,0.01673415,0.000692595,-0.5806364764629018,0.7381855395073111,0.3434288739507002,0.04206278,1.118648,0.1752827,-0.02442318436943422,0.03105013594747734,0.014445573170636035
39.5681875250084,2026-09-23T21:55:02.085121+00:00,0.5226628348781414,0.5221079811453819,0.0,39.5547246470087,39.5816504030081,39.40999256299983,39.554723474997445,0.002386334373024839,0.5155029296875,0.52734375,16384,5.12e-07,0.008388608,64,True,0.46566128730773926,0.3599853515625,0.3599853515625,91306.0,4840.0,35776.0,37568.0,0.01670338,0.0006923902,-0.6328657582894283,0.7166000316486287,0.29319844240024767,0.03770499,1.147112,0.1487853,-0.02386219708764531,0.02701939702731123,0.011055044338716914
39.739015751001716,2026-09-23T21:55:02.253980+00:00,0.3488560160119705,0.348357655107975,0.0,39.727523580004345,39.75050792199909,39.58386820000305,39.72752311899967,0.002636195464842163,0.341552734375,0.3544921875,16384,5.12e-07,0.008388608,64,True,0.46566128730773926,0.3599853515625,0.3599853515625,91490.0,4862.0,35840.0,37520.0,0.01668582,0.0006924958,-0.7318663818090468,0.5315287044601663,0.4264373758392099,0.03307756,1.256728,0.2202752,-0.024208354156271653,0.017581672613503418,0.014105507885564014
39.90718346900394,2026-09-23T21:55:02.422369+00:00,0.1801942887415013,0.17801135778427124,0.0,39.895469697003136,39.91889724100474,39.75152102499851,39.89546939599677,0.0022905438711082952,0.1712646484375,0.1829833984375,16384,5.12e-07,0.008388608,64,True,0.46566128730773926,0.3599853515625,0.3599853515625,91657.0,4882.0,35600.0,37840.0,0.01669672,0.0006931272,-0.6306964292489413,0.4966941535494858,0.5962524062529182,0.04060141,1.23725,0.3194124,-0.025607164309472255,0.020166482972865628,0.024208688409761293
40.07594459599932,2026-09-23T21:55:02.591473+00:00,0.053858635109119035,0.05016588419675827,0.0,40.063887217998854,40.08800197399978,39.91993497000658,40.06388685799902,0.0015368358356673772,0.045166015625,0.0537109375,16384,5.12e-07,0.008388608,64,True,0.46566128730773926,0.3599853515625,0.3599853515625,91824.0,4902.0,35520.0,37968.0,0.01672222,0.0006932825,-0.5563973156991737,0.6363554526767682,0.5342974498641176,0.04652732,1.144629,0.2818382,-0.02588767595467648,0.029607913780436847,0.024859428425011758
40.24738959049864,2026-09-23T21:55:02.764593+00:00,0.0004951743660517316,-0.004468411207199097,0.0,40.23365730099613,40.261121880001156,40.089134000008926,40.23365666999598,0.0007084757808894776,-0.007568359375,-0.0029296875,16384,5.12e-07,0.008388608,64,True,0.46566128730773926,0.3599853515625,0.3599853515625,91991.0,4922.0,35600.0,37840.0,0.01675792,0.0006929802,-0.5557865811151869,0.7219904880253807,0.41210558289492305,0.04498845,1.113424,0.2123819,-0.025003976815171528,0.032481232971005435,0.0185399914107891
40.41891309850325,2026-09-23T21:55:02.934503+00:00,0.03574258768155869,0.030626952648162842,0.0,40.40679434100457,40.43103185600194,40.26219425500312,40.40679388999706,0.0012911421713615776,0.0263671875,0.0338134765625,16384,5.12e-07,0.008388608,64,True,0.46566128730773926,0.3599853515625,0.3599853515625,92159.0,4942.0,35648.0,37776.0,0.01678722,0.0006929788,-0.5627065231386297,0.7356654846544565,0.37703801334263165,0.04366011,1.111881,0.1932981,-0.024567828697950118,0.032119235983216886,0.016461521136720766
40.59011545300018,2026-09-23T21:55:03.106975+00:00,0.15067668229530246,0.14724111557006836,0.0,40.57672639899829,40.60350450700207,40.432152741996106,40.57672587799607,0.002165591271559844,0.1412353515625,0.152099609375,16384,5.12e-07,0.008388608,64,True,0.46566128730773926,0.3599853515625,0.3599853515625,92326.0,4962.0,35600.0,37888.0,0.01670845,0.0006933662,-0.547228840706164,0.7097980998409003,0.4435394608844126,0.04572691,1.11379,0.229772,-0.0250230839483751,0.03245687382959586,0.020281689009310055
40.761266924506344,2026-09-23T21:55:03.276341+00:00,0.3169864225143125,0.3128610998392105,0.0,40.74966353000491,40.77287031900778,40.60465033000219,40.74966310900345,0.002694630918443575,0.30615234375,0.31884765625,16384,5.12e-07,0.008388608,64,True,0.46566128730773926,0.3599853515625,0.3599853515625,92510.0,4984.0,35536.0,38000.0,0.01673792,0.0006937948,-0.5663502429608904,0.5940977682521793,0.5712225871373787,0.04554031,1.166144,0.3039973,-0.025791765633014267,0.027055396536512403,0.02601365369723824
40.93078991800576,2026-09-23T21:55:03.446250+00:00,0.4922614936950402,0.4898972511291504,0.0,40.91880144500465,40.94277839100687,40.77393080199545,40.91880098399997,0.0024606900069854922,0.4835205078125,0.4952392578125,16384,5.12e-07,0.008388608,64,True,0.46566128730773926,0.3599853515625,0.3599853515625,92677.0,5004.0,35712.0,37776.0,0.01669147,0.0006935823,-0.6736056570556161,0.4752761534092917,0.5660105977657477,0.03756365,1.263569,0.3008293,-0.025303087139657194,0.017853107080012937,0.021261423990763327
41.10372843300138,2026-09-23T21:55:03.622606+00:00,0.6379563559999548,0.6393648386001587,0.0,41.08832481400168,41.11913205200108,40.943839535000734,41.088324433003436,0.0017514737351549245,0.6339111328125,0.6435546875,16384,5.12e-07,0.008388608,64,True,0.46566128730773926,0.3599853515625,0.3599853515625,92845.0,5024.0,35888.0,37504.0,0.01674982,0.000692676,-0.7195916072219535,0.6047034760463,0.34135264005606825,0.03313978,1.221366,0.1741778,-0.02384710755318195,0.020039740161409653,0.01131235139387729
41.276124613999855,2026-09-23T21:55:03.791823+00:00,0.7138848672144393,0.7145028412342072,0.0,41.26389884999662,41.28835037800309,41.1202606230072,41.26389797900629,0.0010035609096379814,0.710205078125,0.7174072265625,16384,5.12e-07,0.008388608,64,True,0.46566128730773926,0.3599853515625,0.3599853515625,93028.0,5046.0,35760.0,37616.0,0.01668795,0.0006926392,-0.6079420555483079,0.7318289320712456,0.30794946221605624,0.03920804,1.131994,0.1565185,-0.023836216431620278,0.028693578041806677,0.012074094832545621
41.44684290800069,2026-09-23T21:55:03.963510+00:00,0.7022185645053745,0.7030503824353218,0.0,41.43364728199958,41.4600385340018,41.28956948900304,41.43364689100417,0.0011955627145258418,0.6981201171875,0.7066650390625,16384,5.12e-07,0.008388608,64,True,0.46566128730773926,0.3599853515625,0.3599853515625,93195.0,5066.0,35664.0,37728.0,0.01672823,0.0006928249,-0.5773573756738799,0.7376470140834174,0.350050486885519,0.04216887,1.11745,0.1788125,-0.024346508118333002,0.031105741042771796,0.014761233474912153
41.620471054004156,2026-09-23T21:55:04.138596+00:00,0.6046887268087532,0.6044768914580345,0.0,41.60582340499968,41.63511870300863,41.461119685001904,41.605822985002305,0.0019664444695273535,0.5987548828125,0.6092529296875,16384,5.12e-07,0.008388608,64,True,0.46566128730773926,0.3599853515625,0.3599853515625,93363.0,5086.0,35712.0,37664.0,0.0167286,0.0006927931,-0.5907125737501682,0.7377481426018769,0.3267817823883898,0.04097457,1.122981,0.1664482,-0.02420419370300643,0.03022891291141059,0.013389743017197845
41.791646541503724,2026-09-23T21:55:04.306790+00:00,0.4478617571001344,0.44801823794841766,0.0,41.77997766400222,41.80331541900523,41.636224519999814,41.77997716300888,0.002545004190250048,0.4415283203125,0.453369140625,16384,5.12e-07,0.008388608,64,True,0.46566128730773926,0.3599853515625,0.3599853515625,93546.0,5108.0,35840.0,37520.0,0.01675615,0.0006926189,-0.6793925824418777,0.671896217670252,0.29492573913337167,0.03487817,1.180871,0.1496889,-0.023695969987146827,0.02343451050226005,0.01028647006686939
41.96019500299735,2026-09-23T21:55:04.475346+00:00,0.27213011713438023,0.27121082693338394,0.0,41.94851641199784,41.97187359399686,41.80444071300735,41.94851382699562,0.0025998404034765685,0.26416015625,0.2767333984375,16384,5.12e-07,0.008388608,64,True,0.46566128730773926,0.3599853515625,0.3599853515625,93714.0,5128.0,35792.0,37616.0,0.01663828,0.0006928969,-0.7136478477569675,0.4939625443244029,0.49669684335257286,0.03412407,1.268072,0.2598944,-0.0243525691122081,0.016856012439904026,0.01694931785134223
42.133030809003685,2026-09-23T21:55:04.650612+00:00,0.11401821815453853,0.10956030339002609,0.0,42.11892115599767,42.1471404620097,41.97291010100162,42.11892076600634,0.001973430013018474,0.1038818359375,0.1142578125,16384,5.12e-07,0.008388608,64,True,0.46566128730773926,0.3599853515625,0.3599853515625,93880.0,5148.0,35536.0,37936.0,0.0167455,0.0006935363,-0.5904611814143907,0.5457273540084313,0.5945899833748279,0.04369594,1.197773,0.3183778,-0.025800756355412336,0.023846069717111177,0.02598116823814748
42.30686942549801,2026-09-23T21:55:04.824932+00:00,0.01715279261744329,0.012161381542682648,0.0,42.292277946995455,42.32146090400056,42.14821304799989,42.292277426007786,0.0010951784801711956,0.0079345703125,0.0150146484375,16384,5.12e-07,0.008388608,64,True,0.46566128730773926,0.3599853515625,0.3599853515625,94048.0,5168.0,35568.0,37936.0,0.01676777,0.000693204,-0.5470948474913179,0.6835087558168202,0.4832214901783591,0.04629873,1.122897,0.2521653,-0.025329796628391705,0.031645587338198895,0.0223725413039655
42.481073066504905,2026-09-23T21:55:04.998694+00:00,0.007157858248241777,0.0022242292761802673,0.0,42.46692379900196,42.49522233400785,42.32258131900744,42.46692330800579,0.0008626971880098757,-0.0013427734375,0.00439453125,16384,5.12e-07,0.008388608,64,True,0.46566128730773926,0.3599853515625,0.3599853515625,94232.0,5190.0,35632.0,37776.0,0.0167527,0.0006928153,-0.5635582809091958,0.7330776286133319,0.38078767633068933,0.04353319,1.113097,0.195324,-0.02453348971889339,0.03191320769117362,0.016576902263362402
42.652395690005505,2026-09-23T21:55:05.167580+00:00,0.08488814056530136,0.07977167516946793,0.0,42.64068431800115,42.66410706200986,42.49639901499904,42.64068386700819,0.0017756233153597728,0.0743408203125,0.0838623046875,16384,5.12e-07,0.008388608,64,True,0.46566128730773926,0.3599853515625,0.3599853515625,94400.0,5210.0,35600.0,37824.0,0.01678392,0.0006928164,-0.5549795272635678,0.7265024311157842,0.4052060486976498,0.0447648,1.111569,0.2086021,-0.02484354754204816,0.03252173602841186,0.018138967728740553
42.82301789300254,2026-09-23T21:55:05.340384+00:00,0.22961714592250096,0.2270917370915413,0.0,42.80912325900863,42.83691252699646,42.66526318399701,42.80912267800886,0.002476073299039912,0.2205810546875,0.232666015625,16384,5.12e-07,0.008388608,64,True,0.46566128730773926,0.3599853515625,0.3599853515625,94567.0,5230.0,35536.0,37952.0,0.0167009,0.0006932522,-0.5492354126516684,0.6539156128037171,0.5203218550290684,0.04663279,1.134704,0.2736139,-0.0256123796587486,0.030493909449597054,0.024264059797980988
42.99357403600152,2026-09-23T21:55:05.508619+00:00,0.40609747499242094,0.40278010815382004,0.0,42.98199987600674,43.0051481959963,42.83797665599559,42.981999526004074,0.002659826341440076,0.3961181640625,0.408447265625,16384,5.12e-07,0.008388608,64,True,0.46566128730773926,0.3599853515625,0.3599853515625,94735.0,5250.0,35616.0,37888.0,0.01673753,0.0006936997,-0.619055583976112,0.5079828653712157,0.5989353825223921,0.04181774,1.227215,0.3210855,-0.025887505456261218,0.0212426953885485,0.025046124103121938
43.165908335504355,2026-09-23T21:55:05.684403+00:00,0.5728445130199584,0.5727419555187225,0.0,43.15088490600465,43.18093176500406,43.00614210299682,43.150883163005346,0.002175295152532774,0.56689453125,0.5775146484375,16384,5.12e-07,0.008388608,64,True,0.46566128730773926,0.3599853515625,0.3599853515625,94902.0,5270.0,35856.0,37568.0,0.01675695,0.0006933694,-0.7361247525579308,0.5145119137909037,0.43977021185926973,0.03325426,1.265787,0.2276714,-0.024479283913997094,0.017109712954300298,0.014624232965423239
43.34156735550641,2026-09-23T21:55:05.860371+00:00,0.6880679173487037,0.6893461644649506,0.0,43.32623521100322,43.356899500009604,43.18203218199778,43.32623489999969,0.001489806860482016,0.68408203125,0.693115234375,16384,5.12e-07,0.008388608,64,True,0.46566128730773926,0.3599853515625,0.3599853515625,95086.0,5292.0,35792.0,37584.0,0.01674452,0.0006930122,-0.6286374483181882,0.7214279986169221,0.29044207922334425,0.03791194,1.143786,0.1473444,-0.023832865222392252,0.027350734997884832,0.011011222680990673
43.51695512000151,2026-09-23T21:55:06.034667+00:00,0.7185466152962332,0.7191753908991814,0.0,43.502714917005505,43.53119532299752,43.357973477002815,43.50271419600176,0.0009421125599906416,0.71484375,0.7222900390625,16384,5.12e-07,0.008388608,64,True,0.46566128730773926,0.3599853515625,0.3599853515625,95253.0,5312.0,35664.0,37760.0,0.01668482,0.0006931799,-0.5652465832415606,0.741715413697022,0.3610464585313046,0.04305761,1.110992,0.1846949,-0.024338166935047655,0.031936493013955035,0.015545797603322089
43.690502542500326,2026-09-23T21:55:06.208296+00:00,0.6577531877959999,0.6585031449794769,0.0,43.67618068099546,43.704824404005194,43.53228749500704,43.67618036000931,0.001677711482804004,0.6529541015625,0.6627197265625,16384,5.12e-07,0.008388608,64,True,0.46566128730773926,0.3599853515625,0.3599853515625,95437.0,5334.0,35712.0,37776.0,0.01665743,0.0006935389,-0.5725007842744393,0.7395082326891869,0.3540768642400507,0.0427362,1.114792,0.1809634,-0.024466508016909295,0.03160377173385163,0.015131899685535655
43.86389118700026,2026-09-23T21:55:06.381580+00:00,0.5219705842889746,0.520971991121769,0.0,43.84967346600024,43.878108908000286,43.70596136999666,43.84967278499971,0.0023701840775150825,0.514404296875,0.526123046875,16384,5.12e-07,0.008388608,64,True,0.46566128730773926,0.3599853515625,0.3599853515625,95604.0,5354.0,35792.0,37648.0,0.01669498,0.0006932449,-0.611841742717321,0.7332980094849084,0.29651932678006476,0.03886857,1.133073,0.150523,-0.02378141360573018,0.028502245012524824,0.011525282209303822
44.034973698500835,2026-09-23T21:55:06.550770+00:00,0.34781315121659245,0.34831707924604416,0.0,44.022648889003904,44.047298507997766,43.87918426800752,44.022647446006886,0.002635841161526532,0.3416748046875,0.3538818359375,16384,5.12e-07,0.008388608,64,True,0.46566128730773926,0.3599853515625,0.3599853515625,95788.0,5376.0,35904.0,37536.0,0.01673465,0.0006935015,-0.7299277431212892,0.5666486549914357,0.3822496456744703,0.03264386,1.240733,0.1961148,-0.023827659056567325,0.018497599362728726,0.012478103918447012
44.20523946650064,2026-09-23T21:55:06.720991+00:00,0.17738326361749918,0.1749599575996399,0.0,44.192959356005304,44.21751957699598,44.04837666399544,44.19295892500668,0.0023145701377022404,0.16845703125,0.179931640625,16384,5.12e-07,0.008388608,64,True,0.46566128730773926,0.3599853515625,0.3599853515625,95955.0,5396.0,35664.0,37856.0,0.01675077,0.0006942115,-0.6394013589323996,0.4853382669974178,0.5963326829743144,0.03972487,1.246162,0.3194624,-0.025400135861412914,0.019279999562497714,0.023689238307905855
44.37780541900429,2026-09-23T21:55:06.896391+00:00,0.050100899480240324,0.04563688486814499,0.0,44.36269122399972,44.39291961400886,44.21865160400921,44.36269073300355,0.0014707790436240243,0.041015625,0.0491943359375,16384,5.12e-07,0.008388608,64,True,0.46566128730773926,0.3599853515625,0.3599853515625,96122.0,5416.0,35536.0,38016.0,0.01666815,0.0006942022,-0.5570395727898123,0.626455855200426,0.545215531538901,0.0464293,1.148804,0.2883231,-0.025862957436930033,0.02908590683785714,0.025313975478479096
44.55080426600034,2026-09-23T21:55:07.066321+00:00,0.0001385079409363943,-0.004736468195915222,0.0,44.538760319002904,44.56284821299778,44.394005975002074,44.5387598380039,0.0006831398445948061,-0.0076904296875,-0.0030517578125,16384,5.12e-07,0.008388608,64,True,0.46566128730773926,0.3599853515625,0.3599853515625,96289.0,5436.0,35600.0,37888.0,0.01668577,0.0006935831,-0.5557888261001479,0.713144600472083,0.4272277608018149,0.04536562,1.116409,0.2207122,-0.025213704685105393,0.03235224695006834,0.019381452249986032
44.719842516504286,2026-09-23T21:55:07.235326+00:00,0.03851978126700284,0.03302372992038727,0.0,44.707830464001745,44.73185456900683,44.56398583999544,44.70782989299914,0.0013330896317728716,0.0281982421875,0.0360107421875,16384,5.12e-07,0.008388608,64,True,0.46566128730773926,0.3599853515625,0.3599853515625,96473.0,5458.0,35648.0,37792.0,0.01671055,0.0006929234,-0.5597713001267945,0.731470269559471,0.38936786758148495,0.04397413,1.111999,0.1999726,-0.02461545592204468,0.03216576872474322,0.017122113226851005
44.88831212849618,2026-09-23T21:55:07.403599+00:00,0.15345331087270772,0.14814114570617676,0.0,44.87649620999582,44.90012804699654,44.73283522100246,44.87649583000166,0.002177701140959732,0.141845703125,0.1531982421875,16384,5.12e-07,0.008388608,64,True,0.46566128730773926,0.3599853515625,0.3599853515625,96640.0,5478.0,35568.0,37888.0,0.01668017,0.0006931923,-0.5448698809177258,0.6982784044091663,0.46424571382457813,0.04605073,1.116706,0.2413914,-0.025091655771274344,0.03215623026627733,0.021378854020992915
45.05738637650211,2026-09-23T21:55:07.572927+00:00,0.3181914942622583,0.3146958351135254,0.0,45.045316946008825,45.06945580699539,44.90128115400148,45.045316586008994,0.0026514639411284856,0.307861328125,0.3203125,16384,5.12e-07,0.008388608,64,True,0.46566128730773926,0.3599853515625,0.3599853515625,96807.0,5498.0,35536.0,37968.0,0.01668875,0.0006937692,-0.5752909708261541,0.5742362680143933,0.5824886328357002,0.04492907,1.178556,0.3108935,-0.025847288298616235,0.02579990148215744,0.026170672558879473
45.22618068400334,2026-09-23T21:55:07.741428+00:00,0.49267621319726373,0.4898228645324707,0.0,45.21440716000507,45.23795420800161,45.07047652400797,45.214406769009656,0.002449500878655397,0.4835205078125,0.4949951171875,16384,5.12e-07,0.008388608,64,True,0.46566128730773926,0.3599853515625,0.3599853515625,96974.0,5518.0,35728.0,37712.0,0.01667317,0.0006935039,-0.6874892428273907,0.46981070780950773,0.5537476318903319,0.03658328,1.271057,0.2934291,-0.025150611467342425,0.01718721667079341,0.020257904666780943
45.39575337900169,2026-09-23T21:55:07.912461+00:00,0.635976902978755,0.6362640261650085,0.0,45.382519356004195,45.408987401999184,45.23915203900833,45.38251895499707,0.0017812047234808356,0.630859375,0.6409912109375,16384,5.12e-07,0.008388608,64,True,0.46566128730773926,0.3599853515625,0.3599853515625,97140.0,5538.0,35904.0,37520.0,0.0166535,0.0006931547,-0.7135739669854074,0.6218224574432608,0.32272128076706175,0.03356667,1.212397,0.1643016,-0.023952301870390064,0.020872509227586978,0.010832678733485309
45.56541619750351,2026-09-23T21:55:08.080545+00:00,0.7127415492440681,0.7133164554834366,0.0,45.553757804998895,45.577074590008124,45.41013329500856,45.553757414003485,0.0010227888262184228,0.708984375,0.71630859375,16384,5.12e-07,0.008388608,64,True,0.46566128730773926,0.3599853515625,0.3599853515625,97307.0,5558.0,35760.0,37648.0,0.0166965,0.0006930279,-0.603576822112638,0.7341836143719433,0.3109170953745684,0.03984737,1.129436,0.1580789,-0.024050948954146466,0.029255286129816146,0.012389228538715717
45.73310111650062,2026-09-23T21:55:08.248009+00:00,0.7049521689723237,0.706332191824913,0.0,45.721663834003266,45.744538398997975,45.578153166003176,45.721663424003054,0.0011164068919507306,0.701904296875,0.709716796875,16384,5.12e-07,0.008388608,64,True,0.46566128730773926,0.3599853515625,0.3599853515625,97474.0,5578.0,35680.0,37744.0,0.01673262,0.0006930787,-0.5732078447286896,0.7388725454417251,0.3542599728080448,0.04244363,1.115299,0.1810613,-0.024329021674761954,0.03136043293588677,0.015036079209674714
45.902089090006484,2026-09-23T21:55:08.417123+00:00,0.6148117399888171,0.6159015074372292,0.0,45.89052640700538,45.91365177300759,45.74568001300213,45.89052599600109,0.0019259693303007276,0.610107421875,0.6204833984375,16384,5.12e-07,0.008388608,64,True,0.46566128730773926,0.3599853515625,0.3599853515625,97641.0,5598.0,35728.0,37680.0,0.01658275,0.0006931246,-0.597359065015575,0.7348940901188986,0.3210807122080588,0.04053126,1.126662,0.1634352,-0.024211715577503175,0.029786183439072512,0.013013805827490005
46.071474337506515,2026-09-23T21:55:08.587704+00:00,0.4632339013815258,0.4621322751045227,0.0,46.058715117003885,46.084233558009146,45.9147526309971,46.058713332997286,0.0025087741717185665,0.4549560546875,0.4677734375,16384,5.12e-07,0.008388608,64,True,0.46566128730773926,0.3599853515625,0.3599853515625,97823.0,5620.0,35888.0,37520.0,0.01660272,0.0006928905,-0.6863061614639042,0.6621692326304368,0.30085837215257927,0.03433306,1.187046,0.1527963,-0.02356299061990991,0.022734295994054743,0.010329388542616834
46.244633689500915,2026-09-23T21:55:08.763108+00:00,0.2829241232750205,0.2801860123872757,0.0,46.229630057001486,46.259637322000344,46.085261820000596,46.229629516004934,0.002638845313864946,0.2730712890625,0.2861328125,16384,5.12e-07,0.008388608,64,True,0.46566128730773926,0.3599853515625,0.3599853515625,97989.0,5640.0,35792.0,37616.0,0.0166501,0.0006932311,-0.7128974106919244,0.4882162760692711,0.503410517976932,0.03423572,1.270559,0.2637707,-0.02440655614117373,0.016714435726950264,0.017234621538513212
46.417096694000065,2026-09-23T21:55:08.932352+00:00,0.12252566758799763,0.11988816410303116,0.0,46.405312645001686,46.428880742998444,46.26084468100453,46.40531219400873,0.0021487443674922738,0.114013671875,0.12451171875,16384,5.12e-07,0.008388608,64,True,0.46566128730773926,0.3599853515625,0.3599853515625,98156.0,5660.0,35552.0,37952.0,0.01670657,0.0006936936,-0.5864807267311644,0.5532886611237394,0.591533612438706,0.04415148,1.192654,0.3164798,-0.025893992076656467,0.02442851325583156,0.026117084458915276
46.58766047449899,2026-09-23T21:55:09.105009+00:00,0.022000418768225782,0.017226412892341614,0.0,46.57378352399974,46.60153742499824,46.429939652007306,46.573783194005955,0.0011420849662874873,0.01318359375,0.0205078125,16384,5.12e-07,0.008388608,64,True,0.46566128730773926,0.3599853515625,0.3599853515625,98340.0,5682.0,35584.0,37872.0,0.01668725,0.0006931697,-0.5513829032042369,0.70629599562111,0.4439852031584521,0.04566789,1.116819,0.2300207,-0.02518049377141174,0.03225504783546534,0.020275867419467842
46.75725604600302,2026-09-23T21:55:09.272304+00:00,0.0037668039047076274,-0.0012741759419441223,0.0,46.745678926003166,46.76883316600288,46.602619198005414,46.74567824500264,0.0007145643835210928,-0.00439453125,0.000732421875,16384,5.12e-07,0.008388608,64,True,0.46566128730773926,0.3599853515625,0.3599853515625,98507.0,5702.0,35664.0,37760.0,0.0167068,0.000692896,-0.5676861954173226,0.7379889281821758,0.3648352030891879,0.04310623,1.113247,0.1867279,-0.024470811707484053,0.031811920475674355,0.015726670176459245
46.92721169350261,2026-09-23T21:55:09.443387+00:00,0.07168445583265493,0.06701711565256119,0.0,46.91450701499707,46.939916372008156,46.7699141070043,46.91450658500253,0.001679652702561543,0.061767578125,0.0711669921875,16384,5.12e-07,0.008388608,64,True,0.46566128730773926,0.3599853515625,0.3599853515625,98674.0,5722.0,35664.0,37760.0,0.01666055,0.0006931197,-0.5652902040780586,0.7344211825789654,0.3755962083843509,0.04363294,1.113396,0.19252,-0.024665273557125687,0.03204495539419704,0.016388366824661882
47.09849750050489,2026-09-23T21:55:09.614761+00:00,0.21070706999221717,0.2071632817387581,0.0,47.08570493700972,47.11129006400006,46.94102790100442,47.08570426600636,0.0024541010522001754,0.200927734375,0.212646484375,16384,5.12e-07,0.008388608,64,True,0.46566128730773926,0.3599853515625,0.3599853515625,98841.0,5742.0,35536.0,37920.0,0.01671322,0.0006933188,-0.5464757047060408,0.6824610103032449,0.4853980568377983,0.0463909,1.122995,0.2534092,-0.025351499769447467,0.031659980482876805,0.022518052714956615
47.26895411700389,2026-09-23T21:55:09.785605+00:00,0.3855725299021403,0.38350658118724823,0.0,47.25577485200483,47.28213338200294,47.11229820799781,47.255774511999334,0.002622216232143335,0.3768310546875,0.3895263671875,16384,5.12e-07,0.008388608,64,True,0.46566128730773926,0.3599853515625,0.3599853515625,99008.0,5762.0,35584.0,37904.0,0.01672953,0.0006937078,-0.6046463046899178,0.5244228703821352,0.5994860292325331,0.04277115,1.213564,0.3214294,-0.025861417794838176,0.022430169252544863,0.02564070687920906
47.44109251900227,2026-09-23T21:55:09.957942+00:00,0.5556935994338429,0.5553622022271156,0.0,47.42771411500871,47.454470922995824,47.28321272000903,47.42771365400404,0.00223192104899917,0.548828125,0.5601806640625,16384,5.12e-07,0.008388608,64,True,0.46566128730773926,0.3599853515625,0.3599853515625,99193.0,5784.0,35856.0,37568.0,0.0167693,0.0006931182,-0.7324332442841643,0.5241551878530739,0.43451453567640547,0.03328436,1.260225,0.2247496,-0.024378571778722068,0.017446169968369337,0.014462538230686323
47.61271497349662,2026-09-23T21:55:10.128093+00:00,0.6769542280757294,0.6765813305974007,0.0,47.600807327995426,47.62462261899782,47.45696211300674,47.60080685700814,0.001430357531413235,0.6717529296875,0.680419921875,16384,5.12e-07,0.008388608,64,True,0.46566128730773926,0.3599853515625,0.3599853515625,99360.0,5804.0,35840.0,37552.0,0.01672788,0.0006927958,-0.6509033804574993,0.7029585889417028,0.2866600975756654,0.03652901,1.158882,0.1453694,-0.023776856093765796,0.02567838132503735,0.010471409570942457
47.781842885502556,2026-09-23T21:55:10.296916+00:00,0.7199705335774265,0.7211213707923889,0.0,47.77024056299706,47.79344520800805,47.62582810400636,47.770240162004484,0.0008945337660608589,0.717041015625,0.7235107421875,16384,5.12e-07,0.008388608,64,True,0.46566128730773926,0.3599853515625,0.3599853515625,99527.0,5824.0,35696.0,37712.0,0.01667242,0.0006931302,-0.5709976137117021,0.7391900378437681,0.3571551666825923,0.04270506,1.11426,0.1826102,-0.02438448735341506,0.03156715491752039,0.015252332822490106
47.9518255540097,2026-09-23T21:55:10.468658+00:00,0.6761930957791167,0.6767961531877518,0.0,47.938464147009654,47.96518696100975,47.79464560300403,47.938463746002526,0.0014492535553421587,0.671875,0.680908203125,16384,5.12e-07,0.008388608,64,True,0.46566128730773926,0.3599853515625,0.3599853515625,99694.0,5844.0,35648.0,37808.0,0.01666277,0.0006932543,-0.5596266702961447,0.7310964506619855,0.3902767860412625,0.04404163,1.11206,0.2004661,-0.024646870751314793,0.03219867937436842,0.017188425808418447
48.12488328900508,2026-09-23T21:55:10.642510+00:00,0.553075431853139,0.5520706847310066,0.0,48.11072728900763,48.13903928900254,47.966299881998566,48.11072675800824,0.002265273199235338,0.5457763671875,0.556884765625,16384,5.12e-07,0.008388608,64,True,0.46566128730773926,0.3599853515625,0.3599853515625,99860.0,5864.0,35728.0,37696.0,0.01671405,0.0006930796,-0.595370407022291,0.7375237079529925,0.3187363466085735,0.04058115,1.124973,0.162198,-0.02416081579293265,0.029929560220996583,0.012934687492174513
48.296931468001276,2026-09-23T21:55:10.813615+00:00,0.3825635544680651,0.3843156769871712,0.0,48.28371815900027,48.31014477700228,48.14005240300321,48.283717628000886,0.002627960516103188,0.3773193359375,0.390380859375,16384,5.12e-07,0.008388608,64,True,0.46566128730773926,0.3599853515625,0.3599853515625,100044.0,5886.0,35904.0,37504.0,0.01663568,0.0006928804,-0.7073958007865653,0.6310847882722715,0.3183130079668065,0.03358492,1.206573,0.1619747,-0.02375783137775273,0.021194932127341175,0.010690516907524558
48.467232864502876,2026-09-23T21:55:10.982455+00:00,0.20811632364281868,0.2064884677529335,0.0,48.45548201299971,48.47898371600604,48.31125363000319,48.45548164300271,0.002412213390119105,0.199951171875,0.2117919921875,16384,5.12e-07,0.008388608,64,True,0.46566128730773926,0.3599853515625,0.3599853515625,100210.0,5906.0,35744.0,37664.0,0.0166766,0.0006932279,-0.6938523511229531,0.47101841957797286,0.5447114495394959,0.03580143,1.272603,0.2880225,-0.02484090637906383,0.016863132977231427,0.019501448830886794
48.63858689900371,2026-09-23T21:55:11.155497+00:00,0.06994290822924443,0.0657232329249382,0.0,48.62514727500093,48.6520265230065,48.48019451100845,48.62514658400323,0.0016777506498993411,0.0606689453125,0.069580078125,16384,5.12e-07,0.008388608,64,True,0.46566128730773926,0.3599853515625,0.3599853515625,100377.0,5926.0,35520.0,37968.0,0.01667203,0.0006935894,-0.5719582668207641,0.5800854829745189,0.5799694590731538,0.04523724,1.17457,0.3093456,-0.025873813386154944,0.026241466213834223,0.026236217612762434
48.81106950900721,2026-09-23T21:55:11.328073+00:00,0.0030037918581228285,-0.0017176121473312378,0.0,48.79753719600558,48.824601822008844,48.653091423999285,48.797536444995785,0.0008080768726752743,-0.0052490234375,0.0001220703125,16384,5.12e-07,0.008388608,64,True,0.46566128730773926,0.3599853515625,0.3599853515625,100560.0,5948.0,35584.0,37872.0,0.0166688,0.0006931494,-0.5491147570555831,0.707401320652487,0.4450352290806934,0.04568528,1.115441,0.2306068,-0.02508646142821629,0.03231782740637865,0.02033155905041562
48.98504272400169,2026-09-23T21:55:11.502847+00:00,0.02564544662138507,0.021227605640888214,0.0,48.970710398003575,48.9993750499998,48.825725784001406,48.970707422005944,0.0011774891480411563,0.0169677734375,0.0242919921875,16384,5.12e-07,0.008388608,64,True,0.46566128730773926,0.3599853515625,0.3599853515625,100727.0,5968.0,35632.0,37808.0,0.01674013,0.0006929443,-0.5572400297374009,0.7301999693469702,0.395337266171486,0.0443808,1.111325,0.2032175,-0.024730758311769643,0.03240685879959401,0.017545384142503485
49.15910919850285,2026-09-23T21:55:11.676997+00:00,0.13313597771115518,0.13026463985443115,0.0,49.1446923790063,49.17352601799939,49.000449829007266,49.14469175800332,0.0021218792469662427,0.124755859375,0.1348876953125,16384,5.12e-07,0.008388608,64,True,0.46566128730773926,0.3599853515625,0.3599853515625,100894.0,5988.0,35584.0,37872.0,0.0167337,0.0006928224,-0.5418288218327052,0.7124693119538053,0.44588003695551787,0.0456095,1.11049,0.2310786,-0.024712541649378767,0.03249536908355708,0.02033636554552269
49.330916208506096,2026-09-23T21:55:11.847543+00:00,0.2958618840066566,0.29297441244125366,0.0,49.31776099400304,49.344071423009154,49.17458418599563,49.31776046300365,0.002626496071142674,0.2867431640625,0.299072265625,16384,5.12e-07,0.008388608,64,True,0.46566128730773926,0.3599853515625,0.3599853515625,101079.0,6010.0,35520.0,37968.0,0.0167548,0.0006935621,-0.5656313100852898,0.5954622905438384,0.5705136997404044,0.04574556,1.165254,0.3035656,-0.025875121033385226,0.027239755939810588,0.026098468682296656
49.503610335501435,2026-09-23T21:55:12.021722+00:00,0.4753380647413009,0.47338247299194336,0.0,49.48897014600516,49.51825052499771,49.34524767300172,49.4889696350001,0.0024697461495803777,0.467041015625,0.4786376953125,16384,5.12e-07,0.008388608,64,True,0.46566128730773926,0.3599853515625,0.3599853515625,101246.0,6030.0,35728.0,37712.0,0.0166946,0.0006933618,-0.6874841091702555,0.4681067489572469,0.5551951649817002,0.036633,1.271901,0.2942988,-0.02518460537123397,0.017148154534550826,0.02033846447877462
49.67511908450251,2026-09-23T21:55:12.190955+00:00,0.6251428129326775,0.623349241912365,0.0,49.66275349300122,49.687484676003805,49.51937444599753,49.662753112002974,0.0019698551793207904,0.6180419921875,0.628173828125,16384,5.12e-07,0.008388608,64,True,0.46566128730773926,0.3599853515625,0.3599853515625,101413.0,6050.0,35888.0,37504.0,0.01667085,0.0006927831,-0.7025175380710181,0.6404478567405816,0.31031540648029565,0.03386135,1.20119,0.1577624,-0.023788192237761067,0.021686429033842693,0.010507698589221558
49.84366277800291,2026-09-23T21:55:12.358982+00:00,0.7088092185557823,0.70924311876297,0.0,49.831813657001476,49.85551189900434,49.68850723700598,49.831812144009746,0.0010845593929370637,0.7047119140625,0.712890625,16384,5.12e-07,0.008388608,64,True,0.46566128730773926,0.3599853515625,0.3599853515625,101596.0,6072.0,35712.0,37712.0,0.01669795,0.0006930662,-0.5796513422397772,0.741744722021312,0.3373708475745216,0.04169787,1.117068,0.1720613,-0.024170226314039738,0.030929174992030805,0.014067645743952218
50.011568142501346,2026-09-23T21:55:12.526354+00:00,0.7095157776784156,0.7107649892568588,0.0,50.00025224300043,50.02288404200226,49.85661522200098,50.00025198300136,0.0010384548122207603,0.70654296875,0.7138671875,16384,5.12e-07,0.008388608,64,True,0.46566128730773926,0.3599853515625,0.3599853515625,101763.0,6092.0,35648.0,37840.0,0.01670982,0.0006934548,-0.5530406583881701,0.7269465693320207,0.407056157680958,0.04478893,1.110578,0.2096144,-0.02477009933570166,0.03255915900755202,0.01823160975244139
50.18206653350353,2026-09-23T21:55:12.698901+00:00,0.6257148368819099,0.6259770318865776,0.0,50.16870243100857,50.19543063599849,50.02388127500308,50.16870196099626,0.0021006366535664873,0.6201171875,0.630615234375,16384,5.12e-07,0.008388608,64,True,0.46566128730773926,0.3599853515625,0.3599853515625,101931.0,6112.0,35664.0,37824.0,0.01666927,0.0006934997,-0.5626174610898274,0.7300964822396399,0.3878411003209174,0.04403437,1.113678,0.1991441,-0.02477450545009006,0.03214933863463873,0.017078338512738395
50.353878568501386,2026-09-23T21:55:12.871300+00:00,0.47583752689970094,0.4740828275680542,0.0,50.33992864600441,50.36782849099836,50.19646130199544,50.339928134999354,0.002479753116541861,0.467529296875,0.4794921875,16384,5.12e-07,0.008388608,64,True,0.46566128730773926,0.3599853515625,0.3599853515625,102098.0,6132.0,35792.0,37648.0,0.0167123,0.0006933496,-0.6123871748360038,0.7312629165188061,0.3003938997729268,0.03914295,1.133976,0.1525528,-0.02397064056524696,0.028623787778149806,0.011758303399116685
50.52817820650671,2026-09-23T21:55:13.046180+00:00,0.2947172086983373,0.29199396818876266,0.0,50.51364679100516,50.54270962200826,50.368892750004306,50.51364611000463,0.002622135036020534,0.28515625,0.2974853515625,16384,5.12e-07,0.008388608,64,True,0.46566128730773926,0.3599853515625,0.3599853515625,102265.0,6152.0,35920.0,37520.0,0.01668738,0.0006932637,-0.7222644628404954,0.5973975402140886,0.3484970941971927,0.0328911,1.225267,0.1779836,-0.023756072673733017,0.01964906223493561,0.011462452774949285
50.70060397200723,2026-09-23T21:55:13.215910+00:00,0.13172933061045863,0.12935228645801544,0.0,50.68876880200696,50.7124391420075,50.543905318001634,50.68876837100834,0.0021466935143882697,0.123291015625,0.1343994140625,16384,5.12e-07,0.008388608,64,True,0.46566128730773926,0.3599853515625,0.3599853515625,102448.0,6174.0,35664.0,37808.0,0.01661093,0.0006937582,-0.6501987756939608,0.48066258166057246,0.5883919056865653,0.03886847,1.252502,0.3145343,-0.025272231607097444,0.01868261913539651,0.022869893134421095
50.87304952050181,2026-09-23T21:55:13.391088+00:00,0.025605399295772824,0.02081666886806488,0.0,50.858482392999576,50.88761664800404,50.71363100099552,50.85848181199981,0.0011950513769628031,0.0164794921875,0.0238037109375,16384,5.12e-07,0.008388608,64,True,0.46566128730773926,0.3599853515625,0.3599853515625,102615.0,6194.0,35536.0,38000.0,0.01664433,0.0006938254,-0.5550912721909421,0.6249943871522619,0.5488676484960744,0.04631317,1.148514,0.2905045,-0.025708036454495375,0.028945471301228518,0.025419800712298938
51.04826810950908,2026-09-23T21:55:13.566371+00:00,0.003189596860906474,-0.0016181692481040955,0.0,51.03363634600828,51.06289987300988,50.88870424100605,51.033635935003986,0.000799147724657831,-0.0050048828125,0.000244140625,16384,5.12e-07,0.008388608,64,True,0.46566128730773926,0.3599853515625,0.3599853515625,102798.0,6216.0,35600.0,37888.0,0.01667348,0.0006935315,-0.5507551755483634,0.7117425165139196,0.43599464078486583,0.04568855,1.114682,0.2255716,-0.02516320537580018,0.03251848355287204,0.019919962945231382
51.22100211399811,2026-09-23T21:55:13.736934+00:00,0.07094387162044152,0.06605906784534454,0.0,51.208542150998255,51.23346207699797,51.064072556007886,51.20854164000775,0.0016517335966035318,0.0611572265625,0.070068359375,16384,5.12e-07,0.008388608,64,True,0.46566128730773926,0.3599853515625,0.3599853515625,102965.0,6236.0,35600.0,37888.0,0.01664595,0.0006932615,-0.5454826339190463,0.718561492218144,0.43141404473425987,0.0453971,1.110058,0.2230298,-0.02476332968028634,0.03262060791837631,0.01958494653020567
51.394994109003164,2026-09-23T21:55:13.912937+00:00,0.21217430010218147,0.20962533354759216,0.0,51.38052192000032,51.40946629800601,51.2360076699988,51.380521619998035,0.002417555549652613,0.2030029296875,0.2149658203125,16384,5.12e-07,0.008388608,64,True,0.46566128730773926,0.3599853515625,0.3599853515625,103131.0,6256.0,35536.0,37968.0,0.016657,0.0006937748,-0.5501734260069794,0.6550510255669737,0.5178970507923353,0.04657978,1.134697,0.2721954,-0.02562695714525138,0.03051213265968401,0.024123530688555803
51.567409034003504,2026-09-23T21:55:14.083653+00:00,0.3892352085312856,0.3866821229457855,0.0,51.554635987005895,51.58018208100111,51.410560432996135,51.55463521600177,0.0026184168172951328,0.3800048828125,0.3922119140625,16384,5.12e-07,0.008388608,64,True,0.46566128730773926,0.3599853515625,0.3599853515625,103315.0,6278.0,35600.0,37904.0,0.01669977,0.0006939651,-0.6150017894434804,0.5095617833897385,0.6017637309525944,0.04179075,1.224841,0.3228538,-0.02570138603218513,0.021294969099194712,0.025148157639307136
51.73698498050362,2026-09-23T21:55:14.252006+00:00,0.5565107351861376,0.5546229034662247,0.0,51.725434626001515,51.74853533500573,51.58135467399552,51.72543425500044,0.0022311866524868814,0.5484619140625,0.5595703125,16384,5.12e-07,0.008388608,64,True,0.46566128730773926,0.3599853515625,0.3599853515625,103481.0,6298.0,35856.0,37616.0,0.0167073,0.0006935122,-0.7310521279195418,0.5107705702720268,0.4524115502596044,0.03351428,1.265877,0.2347338,-0.02450068570969134,0.01711810790785638,0.015162247370634454
51.908401265507564,2026-09-23T21:55:14.426309+00:00,0.6773125091752303,0.6782502606511116,0.0,51.893964283008245,51.92283824800688,51.74954622500809,51.893963812006405,0.001432817878733378,0.6729736328125,0.6820068359375,16384,5.12e-07,0.008388608,64,True,0.46566128730773926,0.3599853515625,0.3599853515625,103648.0,6318.0,35840.0,37568.0,0.01670955,0.0006930195,-0.6496806844532707,0.7035804416623037,0.2879054885871532,0.03648875,1.158193,0.1460195,-0.02370603607484428,0.025672770840705385,0.010505311396684487
52.08322337899881,2026-09-23T21:55:14.600920+00:00,0.719900607049122,0.7211203053593636,0.0,52.06899847999739,52.09744827800023,51.92392981900775,52.06899795900972,0.0008776107768401968,0.7174072265625,0.723388671875,16384,5.12e-07,0.008388608,64,True,0.46566128730773926,0.3599853515625,0.3599853515625,103832.0,6340.0,35680.0,37760.0,0.01668243,0.000693246,-0.5661400982601207,0.737189449610386,0.3688320817460937,0.04321064,1.11285,0.1888761,-0.0244632759754827,0.031854427918912534,0.01593747030478103
52.254123768499994,2026-09-23T21:55:14.769904+00:00,0.6724302750688184,0.6737922728061676,0.0,52.24181451799814,52.26643301900185,52.09856858300918,52.24181404800038,0.0015381595161250855,0.6683349609375,0.677490234375,16384,5.12e-07,0.008388608,64,True,0.46566128730773926,0.3599853515625,0.3599853515625,103998.0,6360.0,35664.0,37824.0,0.01667565,0.0006932871,-0.5605632064726926,0.7331033793506557,0.3851341671855432,0.04393771,1.111802,0.1976766,-0.02462986360266729,0.0322108836819291,0.016921913348889914
52.42663703500148,2026-09-23T21:55:14.945192+00:00,0.5470051331188216,0.5465482845902443,0.0,52.411554259000695,52.44171981100226,52.26746333499614,52.411553868005285,0.0023379227883756314,0.5404052734375,0.5521240234375,16384,5.12e-07,0.008388608,64,True,0.46566128730773926,0.3599853515625,0.3599853515625,104165.0,6380.0,35728.0,37696.0,0.0166421,0.0006931332,-0.59216997742861,0.7381299833638817,0.3232628117978238,0.04071137,1.123456,0.1645877,-0.02410805105398779,0.03005028286082083,0.013160471938341568
52.59843923050357,2026-09-23T21:55:15.113648+00:00,0.3756846032741524,0.37559740245342255,0.0,52.58670201500354,52.61017644600361,52.44281443700311,52.58670136400906,0.0027604062537045534,0.367919921875,0.3814697265625,16384,5.12e-07,0.008388608,64,True,0.46566128730773926,0.3599853515625,0.3599853515625,104349.0,6402.0,35904.0,37504.0,0.01666457,0.0006928731,-0.7053927412840971,0.6318868072107504,0.3211543918689431,0.03360532,1.205553,0.1634741,-0.023704948796529294,0.021234758360095574,0.010792496108161232
52.76647498350212,2026-09-23T21:55:15.281637+00:00,0.2040461074266091,0.20239592343568802,0.0,52.75478356900567,52.778166397998575,52.61126997100655,52.75478188600391,0.0024223787001608522,0.1959228515625,0.2080078125,16384,5.12e-07,0.008388608,64,True,0.46566128730773926,0.3599853515625,0.3599853515625,104515.0,6422.0,35712.0,37696.0,0.01665833,0.0006933328,-0.6770625667533053,0.4713303289831139,0.5651849269770874,0.03715112,1.266731,0.3003287,-0.025153632664960058,0.017510449611691143,0.020997253044317016
52.937775214501016,2026-09-23T21:55:15.454853+00:00,0.0673317646502406,0.0630379319190979,0.0,52.92416852200404,52.951381906997995,52.779250605002744,52.924168060999364,0.0016426008178493535,0.0579833984375,0.0667724609375,16384,5.12e-07,0.008388608,64,True,0.46566128730773926,0.3599853515625,0.3599853515625,104682.0,6442.0,35536.0,37968.0,0.01667588,0.0006936888,-0.5638023757877297,0.6070383161012866,0.560028002729351,0.04590367,1.159642,0.2972098,-0.025880598203375935,0.027865286539669146,0.02570734062804723
53.108905340501224,2026-09-23T21:55:15.624633+00:00,0.0026268807205703237,-0.001969747245311737,0.0,53.09664875900489,53.121161921997555,52.952452448007534,53.096648389007896,0.000788873264563808,-0.0054931640625,-0.0001220703125,16384,5.12e-07,0.008388608,64,True,0.46566128730773926,0.3599853515625,0.3599853515625,104848.0,6462.0,35616.0,37856.0,0.01667692,0.0006932652,-0.5550683877749343,0.7177464513640537,0.42040351621655525,0.04501734,1.114537,0.216945,-0.024987702335716063,0.03231103603484907,0.018925448026716182
53.2783571740074,2026-09-23T21:55:15.794056+00:00,0.025004047735384838,0.019969329237937927,0.0,53.26612960200873,53.29058474600606,53.12230029099737,53.26612908100651,0.0011683607885227202,0.015625,0.0228271484375,16384,5.12e-07,0.008388608,64,True,0.46566128730773926,0.3599853515625,0.3599853515625,105032.0,6484.0,35664.0,37760.0,0.01666563,0.0006929625,-0.5708152101195937,0.7357094115362318,0.364556796224039,0.04287796,1.115325,0.1865784,-0.024475391746899534,0.031545718719474085,0.015631451726222496
53.44760395200137,2026-09-23T21:55:15.963004+00:00,0.1278836216399525,0.12262040376663208,0.0,53.435674886000925,53.45953301800182,53.291673642001115,53.4356740850053,0.0021636760914517414,0.1163330078125,0.12744140625,16384,5.12e-07,0.008388608,64,True,0.46566128730773926,0.3599853515625,0.3599853515625,105198.0,6504.0,35600.0,37856.0,0.01663415,0.0006931619,-0.552665251979935,0.7146626389737785,0.42874051792312545,0.04505774,1.114529,0.2215491,-0.024901847230746395,0.032201083374594375,0.019318078784045525
53.61609388350189,2026-09-23T21:55:16.131234+00:00,0.28574347553630497,0.2813527062535286,0.0,53.60442429500108,53.6277634720027,53.46060462099558,53.60442279200652,0.002659420774500349,0.2744140625,0.286865234375,16384,5.12e-07,0.008388608,64,True,0.46566128730773926,0.3599853515625,0.3599853515625,105365.0,6524.0,35536.0,38000.0,0.01662555,0.0006937065,-0.5600547116179352,0.6119012424122195,0.5584940371471602,0.04593882,1.155992,0.2962846,-0.02572825258716823,0.028110021032951318,0.025656557043576705
53.78444070050318,2026-09-23T21:55:16.299769+00:00,0.46113873207720524,0.4577571377158165,0.0,53.77258335400256,53.7962980470038,53.62883860200236,53.77258291300677,0.002523051711191416,0.451416015625,0.4635009765625,16384,5.12e-07,0.008388608,64,True,0.46566128730773926,0.3599853515625,0.3599853515625,105531.0,6544.0,35712.0,37776.0,0.01672262,0.0006937575,-0.6594136675668246,0.47698771368832293,0.5810820389725153,0.03856971,1.257683,0.3100288,-0.02543339392808883,0.018397277790521645,0.022412165729378614
53.95588674049941,2026-09-23T21:55:16.473053+00:00,0.6148014721482099,0.6148190572857857,0.0,53.94219195700134,53.969581523997476,53.79748193100386,53.9421914859995,0.0019079654541723314,0.6094970703125,0.61962890625,16384,5.12e-07,0.008388608,64,True,0.46566128730773926,0.3599853515625,0.3599853515625,105698.0,6564.0,35904.0,37520.0,0.01668643,0.000693119,-0.7265636179604104,0.5863535994951291,0.358182586700393,0.03301666,1.231292,0.1831603,-0.023988703942568766,0.01935943743430685,0.011825992683007398
54.128893021501426,2026-09-23T21:55:16.646292+00:00,0.7061340339771465,0.7071543037891388,0.0,54.11496456399618,54.14282147900667,53.970680387996254,54.11496410300606,0.0010555175552873165,0.702392578125,0.7100830078125,16384,5.12e-07,0.008388608,64,True,0.46566128730773926,0.3599853515625,0.3599853515625,105865.0,6584.0,35792.0,37616.0,0.01669037,0.0006929842,-0.6199182226160427,0.7268322053079647,0.29566254851727053,0.03853252,1.138487,0.1500745,-0.023887011311317118,0.028006676487673254,0.011392623063992698
54.30127952800103,2026-09-23T21:55:16.816509+00:00,0.7107988595495572,0.712160587310791,0.0,54.28952073199616,54.3130383240059,54.1451824340038,54.28952032100642,0.0010541271362906931,0.7076416015625,0.71533203125,16384,5.12e-07,0.008388608,64,True,0.46566128730773926,0.3599853515625,0.3599853515625,106049.0,6606.0,35696.0,37728.0,0.01666067,0.0006931038,-0.5741249342260973,0.7405897502836488,0.3491523760117953,0.04234705,1.115124,0.1783332,-0.024312497295919253,0.03136179118474919,0.014785573124590294
54.471548310008075,2026-09-23T21:55:16.988850+00:00,0.6295781610908155,0.6297621726989746,0.0,54.45771849300945,54.4853781270067,54.314059552998515,54.45771769199928,0.00181443644120067,0.624267578125,0.634033203125,16384,5.12e-07,0.008388608,64,True,0.46566128730773926,0.3599853515625,0.3599853515625,106215.0,6626.0,35728.0,37696.0,0.01667262,0.0006929644,-0.5883874987900364,0.7387639716483686,0.3286760494193839,0.04115163,1.121684,0.1674507,-0.024213104646833027,0.030401341618604156,0.0135255551755682
54.64472727500106,2026-09-23T21:55:17.162896+00:00,0.47993617268965716,0.47872836142778397,0.0,54.63002920200233,54.659425347999786,54.486450452008285,54.63002873100049,0.0024472358208135676,0.47216796875,0.484130859375,16384,5.12e-07,0.008388608,64,True,0.46566128730773926,0.3599853515625,0.3599853515625,106382.0,6646.0,35840.0,37536.0,0.0166849,0.0006928226,-0.6631660820281521,0.6902577883684956,0.2894044457918078,0.03571142,1.16809,0.1468023,-0.02368260248506179,0.024650085788698463,0.01033504371353848
54.81633273350599,2026-09-23T21:55:17.332001+00:00,0.3017863863080644,0.3008444011211395,0.0,54.80413613500423,54.82852933200775,54.66050528699998,54.80413576400315,0.0026027421624953647,0.2943115234375,0.3067626953125,16384,5.12e-07,0.008388608,64,True,0.46566128730773926,0.3599853515625,0.3599853515625,106566.0,6668.0,35824.0,37568.0,0.01673645,0.0006931073,-0.7268119473610538,0.5058247584312638,0.4646350255105465,0.03345066,1.266795,0.2416112,-0.02431233933511251,0.01692017201386634,0.015542348262444617
54.98888436900597,2026-09-23T21:55:17.506850+00:00,0.13721887030956284,0.13308580964803696,0.0,54.97439017900615,55.003378559005796,54.82970628300973,54.97438967799826,0.002129456624254588,0.1270751953125,0.137939453125,16384,5.12e-07,0.008388608,64,True,0.46566128730773926,0.3599853515625,0.3599853515625,106733.0,6688.0,35584.0,37904.0,0.0166552,0.0006937466,-0.6083510183112312,0.520029541608925,0.5995651043662393,0.042406,1.217154,0.3214788,-0.02579773328250607,0.022052372741468075,0.025425157815754745
55.163540792505955,2026-09-23T21:55:17.681672+00:00,0.02738025641780395,0.02260538935661316,0.0,55.14888185300515,55.17819973200676,55.004477944996324,55.14888120199612,0.0011574939760773783,0.0181884765625,0.025634765625,16384,5.12e-07,0.008388608,64,True,0.46566128730773926,0.3599853515625,0.3599853515625,106899.0,6708.0,35552.0,37968.0,0.01663447,0.0006937082,-0.550229711772802,0.6671875017139935,0.5021036763847273,0.04659362,1.130209,0.2630148,-0.025637194103051465,0.031086680923611165,0.02339482789807296
55.33564005450171,2026-09-23T21:55:17.850945+00:00,0.002215209008652297,-0.002765737473964691,0.0,55.323806603002595,55.347473506000824,55.17931115999818,55.32380606200604,0.000775212606991523,-0.005859375,-0.0010986328125,16384,5.12e-07,0.008388608,64,True,0.46566128730773926,0.3599853515625,0.3599853515625,107082.0,6730.0,35648.0,37776.0,0.01669287,0.0006931041,-0.5601576255273363,0.7356417780404927,0.38086035362715154,0.04371836,1.110794,0.1953633,-0.024489172729549275,0.032161052083414354,0.016650590049599116
55.505815497002914,2026-09-23T21:55:18.022220+00:00,0.06469747196141484,0.05998999625444412,0.0,55.49288214399712,55.518748850008706,55.34848778200103,55.49288177299604,0.0016567727805594562,0.0550537109375,0.063720703125,16384,5.12e-07,0.008388608,64,True,0.46566128730773926,0.3599853515625,0.3599853515625,107250.0,6750.0,35648.0,37776.0,0.01673032,0.0006929801,-0.5608858231402846,0.734721394784873,0.3815646281373788,0.0435804,1.111409,0.1957442,-0.024443628526782855,0.03201945227328268,0.01662873912007822
55.676433615008136,2026-09-23T21:55:18.191658+00:00,0.19930169409713586,0.1944623440504074,0.0,55.664680219008005,55.68818701100827,55.51980967300187,55.66467972799728,0.0023530582394041587,0.188232421875,0.1998291015625,16384,5.12e-07,0.008388608,64,True,0.46566128730773926,0.3599853515625,0.3599853515625,107417.0,6770.0,35584.0,37904.0,0.01667967,0.0006933901,-0.5453056019031189,0.6956699980480697,0.4676377383711411,0.04621033,1.117808,0.2433082,-0.025198751814791753,0.03214714018090066,0.021609694210584094
55.84724961400207,2026-09-23T21:55:18.364613+00:00,0.373332092593889,0.37156686931848526,0.0,55.83335728000384,55.861141948000295,55.68928473300184,55.83335675900162,0.0027533696068466067,0.36474609375,0.37744140625,16384,5.12e-07,0.008388608,64,True,0.46566128730773926,0.3599853515625,0.3599853515625,107584.0,6790.0,35568.0,37968.0,0.01670992,0.0006939102,-0.5810179670590011,0.5609722560189713,0.5896848734125807,0.0445161,1.186873,0.3153343,-0.025864653923395202,0.024972297046166127,0.026250470793321785
56.02000255200255,2026-09-23T21:55:18.536888+00:00,0.545847686687353,0.545282818377018,0.0,56.006587885000044,56.03341721900506,55.8622335389955,56.00658743400709,0.002298911508434166,0.5391845703125,0.5504150390625,16384,5.12e-07,0.008388608,64,True,0.46566128730773926,0.3599853515625,0.3599853515625,107768.0,6812.0,35840.0,37648.0,0.01674925,0.0006934122,-0.720913495770691,0.4952685364660766,0.48476056811835727,0.03398681,1.269822,0.2530447,-0.024501550007194277,0.016832597647850618,0.016475465324130665
56.19539953850472,2026-09-23T21:55:18.712979+00:00,0.6732633720631936,0.673442505300045,0.0,56.18129172900808,56.20950734800135,56.03601548000006,56.181291348999366,0.0015614653812217765,0.668701171875,0.6773681640625,16384,5.12e-07,0.008388608,64,True,0.46566128730773926,0.3599853515625,0.3599853515625,107935.0,6832.0,35856.0,37520.0,0.01667587,0.0006930415,-0.6711802766504076,0.6829240273719265,0.288325873056149,0.03543006,1.173761,0.146239,-0.02377995747254054,0.024196039265228998,0.010215402981931741
56.366330272503546,2026-09-23T21:55:18.881543+00:00,0.7199303831005839,0.7211182788014412,0.0,56.35458855800971,56.378071986997384,56.21062337400508,56.354588116999366,0.0008558435193710611,0.7169189453125,0.7237548828125,16384,5.12e-07,0.008388608,64,True,0.46566128730773926,0.3599853515625,0.3599853515625,108118.0,6854.0,35728.0,37712.0,0.01664085,0.0006931952,-0.5788916672479277,0.7421330256762344,0.33782097298946967,0.04167333,1.116623,0.1723004,-0.024124343483473084,0.03092715448290419,0.014078124888311257
56.539197932004754,2026-09-23T21:55:19.057841+00:00,0.6774740115052658,0.6778150126338005,0.0,56.52402665000409,56.55436921400542,56.37911328300834,56.52402625999821,0.0013949694841236344,0.6729736328125,0.681396484375,16384,5.12e-07,0.008388608,64,True,0.46566128730773926,0.3599853515625,0.3599853515625,108284.0,6874.0,35712.0,37776.0,0.01669117,0.0006933388,-0.5726991145039203,0.7364482314266081,0.36008294416015696,0.04273222,1.11588,0.1841784,-0.024472704554786714,0.031470067843932734,0.015387143588099544
56.71177032600099,2026-09-23T21:55:19.227362+00:00,0.5557767621442413,0.5569886192679405,0.0,56.699649670001236,56.72389098200074,56.555498105008155,56.69964912900468,0.0022078254825370204,0.5504150390625,0.561767578125,16384,5.12e-07,0.008388608,64,True,0.46566128730773926,0.3599853515625,0.3599853515625,108452.0,6894.0,35776.0,37648.0,0.01674655,0.0006932394,-0.6084048165541275,0.7341557061115699,0.3014282308901419,0.03940663,1.131401,0.1530951,-0.023975183496166376,0.02893060227312737,0.011878270766242392
56.883109808499285,2026-09-23T21:55:19.400007+00:00,0.3865106247298654,0.3851904720067978,0.0,56.86968884000089,56.89653077699768,56.72644364699954,56.86968847899698,0.0026480136854525205,0.37841796875,0.3909912109375,16384,5.12e-07,0.008388608,64,True,0.46566128730773926,0.3599853515625,0.3599853515625,108619.0,6914.0,35904.0,37504.0,0.016874,0.0006930895,-0.7082136321314271,0.6299243596491045,0.31879264794514545,0.03346625,1.207317,0.1622277,-0.023701254466318374,0.021081206101106847,0.010668794454294224
57.05703979249665,2026-09-23T21:55:19.575136+00:00,0.20823824575720715,0.20451124757528305,0.0,57.04241550799634,57.07166407699697,56.89764287699654,57.042415208008606,0.0024226888489324813,0.19775390625,0.209716796875,16384,5.12e-07,0.008388608,64,True,0.46566128730773926,0.3599853515625,0.3599853515625,108804.0,6936.0,35728.0,37712.0,0.01676178,0.0006936005,-0.6825544783819089,0.47217834248286467,0.5578234460211716,0.03652813,1.268202,0.2958805,-0.024932438718416557,0.017247791877398604,0.02037624735330934
57.232343417002994,2026-09-23T21:55:19.750042+00:00,0.06757674141091113,0.0631173849105835,0.0,57.21811564300151,57.24657119100448,57.07279237700277,57.21811499100295,0.0016332077409434722,0.0577392578125,0.0672607421875,16384,5.12e-07,0.008388608,64,True,0.46566128730773926,0.3599853515625,0.3599853515625,108972.0,6956.0,35536.0,37968.0,0.01672213,0.0006939099,-0.5723434934021249,0.5804645728547339,0.5792096384046309,0.04527384,1.174575,0.3088794,-0.025912187745328857,0.026279860197093566,0.026223044495589116
57.40413648200047,2026-09-23T21:55:19.919190+00:00,0.002593476501285552,-0.0019276738166809082,0.0,57.39255339599913,57.415719568001805,57.2476484850049,57.39255229399714,0.0007828439259462722,-0.0052490234375,-0.0001220703125,16384,5.12e-07,0.008388608,64,True,0.46566128730773926,0.3599853515625,0.3599853515625,109156.0,6978.0,35600.0,37904.0,0.01676127,0.000693533,-0.5479488169552741,0.7018478925354945,0.4551501178081803,0.04597895,1.116836,0.2362704,-0.0251941112573457,0.032270229158494874,0.020927324509196432
57.57558747350413,2026-09-23T21:55:20.093921+00:00,0.02588419946135434,0.021078094840049744,0.0,57.56072439500713,57.59045055200113,57.41678781500377,57.560723824004526,0.0011863580804456018,0.01708984375,0.0244140625,16384,5.12e-07,0.008388608,64,True,0.46566128730773926,0.3599853515625,0.3599853515625,109323.0,6998.0,35632.0,37840.0,0.0166406,0.0006931607,-0.5533010319648207,0.727989555895055,0.404832279511386,0.04452078,1.110346,0.2083977,-0.024633393517878754,0.03241066286030145,0.018023448853024926
57.74691214750055,2026-09-23T21:55:20.261858+00:00,0.13139710918237849,0.12600429356098175,0.0,57.73543683400203,57.758387460999074,57.59147121899878,57.73543642400182,0.002076436659948178,0.1199951171875,0.1304931640625,16384,5.12e-07,0.008388608,64,True,0.46566128730773926,0.3599853515625,0.3599853515625,109490.0,7018.0,35584.0,37888.0,0.01667938,0.0006933789,-0.5466502723047616,0.7048111899439748,0.4521224019210818,0.04583679,1.11524,0.2345717,-0.025056693735076175,0.032306282503112085,0.020723839591152222
57.91560206600843,2026-09-23T21:55:20.431876+00:00,0.2904297983959413,0.28708817064762115,0.0,57.90279918300803,57.928404949008836,57.75942386800307,57.9027987629961,0.0025951354293981743,0.280517578125,0.2928466796875,16384,5.12e-07,0.008388608,64,True,0.46566128730773926,0.3599853515625,0.3599853515625,109657.0,7038.0,35536.0,38000.0,0.0166576,0.000693844,-0.560590833050141,0.6070579755497648,0.5632215658349475,0.04587056,1.15821,0.2991397,-0.025714615442876475,0.027846089290934017,0.02583528862892591
58.08785415349848,2026-09-23T21:55:20.605943+00:00,0.46964454104369086,0.46796706318855286,0.0,58.073236701995484,58.10247160500148,57.92958517599618,58.07323433700367,0.00258600011429892,0.4615478515625,0.4737548828125,16384,5.12e-07,0.008388608,64,True,0.46566128730773926,0.3599853515625,0.3599853515625,109824.0,7058.0,35712.0,37824.0,0.01670238,0.0006939598,-0.6545942256365578,0.4786960724070177,0.5851123567532739,0.039037,1.255088,0.3125093,-0.025553394786174306,0.01868685857855275,0.022841031070577555
58.26223775350081,2026-09-23T21:55:20.779992+00:00,0.6231278477185556,0.6233221665024757,0.0,58.24795467000513,58.2765208369965,58.103595727006905,58.24795413900574,0.001963325231484829,0.617919921875,0.62841796875,16384,5.12e-07,0.008388608,64,True,0.46566128730773926,0.3599853515625,0.3599853515625,110007.0,7080.0,35904.0,37520.0,0.0166874,0.0006931771,-0.7243690460826704,0.5948129217761804,0.34854995791904164,0.03310814,1.227045,0.1780118,-0.023982511789371504,0.01969314948797483,0.01153984080377774
58.432664676998684,2026-09-23T21:55:20.947948+00:00,0.7085651950951255,0.70900097489357,0.0,58.42085214999679,58.44447720400058,58.27759149900521,58.42085146899626,0.001075222442609928,0.7041015625,0.7119140625,16384,5.12e-07,0.008388608,64,True,0.46566128730773926,0.3599853515625,0.3599853515625,110174.0,7100.0,35808.0,37616.0,0.01673835,0.0006929544,-0.6227430401514084,0.7244353024728517,0.2956088606149168,0.03805111,1.140426,0.1500464,-0.023696063922535655,0.02756556738227775,0.011248245272232867
58.60350387849758,2026-09-23T21:55:21.120762+00:00,0.7090055116151077,0.7098338231444359,0.0,58.58971628099971,58.617291475995444,58.44552367000142,58.589715800000704,0.0010181361192396726,0.7054443359375,0.712890625,16384,5.12e-07,0.008388608,64,True,0.46566128730773926,0.3599853515625,0.3599853515625,110341.0,7120.0,35728.0,37696.0,0.0167174,0.000693111,-0.589426988755486,0.7390312705543739,0.3262033201385722,0.04102179,1.122026,0.1661422,-0.02417935015305991,0.030316385584114713,0.01338144409602728
58.77449433500442,2026-09-23T21:55:21.289909+00:00,0.6239362415408701,0.62571170181036,0.0,58.762550161001855,58.786438509006985,58.61836118600331,58.762549610008136,0.0020909410966828542,0.619384765625,0.6304931640625,16384,5.12e-07,0.008388608,64,True,0.46566128730773926,0.3599853515625,0.3599853515625,110526.0,7142.0,35776.0,37648.0,0.01672345,0.0006930616,-0.6026398557319969,0.7352744595022904,0.31015588578476555,0.03973476,1.128691,0.1576785,-0.02394575003394552,0.02921595418245323,0.012323969684245071
58.94685329650383,2026-09-23T21:55:21.465544+00:00,0.4728012870299204,0.47177766263484955,0.0,58.9316343649989,58.962072228008765,58.78759339899989,58.93163398500474,0.00248020193860774,0.4649658203125,0.477294921875,16384,5.12e-07,0.008388608,64,True,0.46566128730773926,0.3599853515625,0.3599853515625,110692.0,7162.0,35904.0,37520.0,0.01667152,0.0006931369,-0.6917303609690978,0.6549336987303769,0.30425475835376764,0.03428428,1.191756,0.154578,-0.02371547737996562,0.022453930308707886,0.010431155326732909
59.11863871999958,2026-09-23T21:55:21.633396+00:00,0.29417253571140173,0.29389844834804535,0.0,59.10735262199887,59.12992481800029,58.96327414600819,59.107352271006675,0.0026192302150935005,0.286865234375,0.2996826171875,16384,5.12e-07,0.008388608,64,True,0.46566128730773926,0.3599853515625,0.3599853515625,110859.0,7182.0,35776.0,37648.0,0.01666852,0.0006935533,-0.7041059793676043,0.48652946185566176,0.517227080270578,0.03502058,1.26847,0.2718039,-0.024658199778921537,0.017038543941273153,0.0181135923427822
59.28991522400611,2026-09-23T21:55:21.807454+00:00,0.13223739458503642,0.1284203603863716,0.0,59.275847320008324,59.30398312800389,59.13093224100885,59.2758468289976,0.0021355028937614586,0.12255859375,0.13330078125,16384,5.12e-07,0.008388608,64,True,0.46566128730773926,0.3599853515625,0.3599853515625,111026.0,7202.0,35568.0,37952.0,0.01667023,0.0006941079,-0.5858959669464404,0.5559148224084617,0.58964788318323,0.04420546,1.191223,0.3153114,-0.025899800731012196,0.02457447044538436,0.026065655914140947
59.4603409035044,2026-09-23T21:55:21.975497+00:00,0.02664658451545643,0.022798702120780945,0.0,59.448655911008245,59.47202589600056,59.30513209600758,59.44865548000962,0.0011600585812007141,0.018310546875,0.0257568359375,16384,5.12e-07,0.008388608,64,True,0.46566128730773926,0.3599853515625,0.3599853515625,111209.0,7224.0,35600.0,37904.0,0.01664833,0.0006936957,-0.5500071686327483,0.7055252025035404,0.446907488284685,0.04573133,1.116478,0.2316527,-0.025152559331109863,0.032264605859006236,0.020437673826218066
59.62955205500475,2026-09-23T21:55:22.145303+00:00,0.002093797110874096,-0.002777598798274994,0.0,59.617274910007836,59.641829200001666,59.47304728500603,59.617274450007244,0.0007192198107536732,-0.0059814453125,-0.0008544921875,16384,5.12e-07,0.008388608,64,True,0.46566128730773926,0.3599853515625,0.3599853515625,111375.0,7244.0,35696.0,37776.0,0.01668455,0.0006933355,-0.5711792730414511,0.7376640530905232,0.36000830938452116,0.04277262,1.114837,0.1841384,-0.02443083399767823,0.03155182423050077,0.015398498614146557
59.797414540007594,2026-09-23T21:55:22.312476+00:00,0.06268271527446323,0.05718659609556198,0.0,59.78582452100818,59.80900455900701,59.64290521200746,59.78582295800152,0.0015790208004225793,0.0523681640625,0.06103515625,16384,5.12e-07,0.008388608,64,True,0.46566128730773926,0.3599853515625,0.3599853515625,111542.0,7264.0,35696.0,37760.0,0.01663075,0.0006933738,-0.5748693572594927,0.7363203344694633,0.3568719478059817,0.04262103,1.116839,0.1824586,-0.024501524121837554,0.03138273106503303,0.015210249993597179
59.96636673050671,2026-09-23T21:55:22.482084+00:00,0.1945745256334317,0.19005167484283447,0.0,59.95412206700712,59.97861139400629,59.810136915999465,59.95412156599923,0.002353770390495066,0.183837890625,0.1953125,16384,5.12e-07,0.008388608,64,True,0.46566128730773926,0.3599853515625,0.3599853515625,111708.0,7284.0,35600.0,37904.0,0.01661652,0.0006936108,-0.5457006591006174,0.7021358434489574,0.45740140795735734,0.04597849,1.11574,0.2375354,-0.025090492297451143,0.03228314585665945,0.021030626061753273
60.136879636498634,2026-09-23T21:55:22.653553+00:00,0.36771303176598263,0.3650677129626274,0.0,60.123677342999144,60.15008192999812,59.97974006499862,60.123676853007055,0.0026208977273594614,0.358642578125,0.3707275390625,16384,5.12e-07,0.008388608,64,True,0.46566128730773926,0.3599853515625,0.3599853515625,111875.0,7304.0,35584.0,37968.0,0.01664283,0.0006941028,-0.5873511125546623,0.5510406059569365,0.5927671728152738,0.04400181,1.19404,0.3172452,-0.025844512057918868,0.024246784045601988,0.026082828512454845
