condition,elapsed_s,phi2_rp_command_estimated_v,rp_out1_v,phi2_sine_frequency_hz,phi2_sine_offset_v,phi2_sine_amplitude_v,pd_mean_v,pd_std_v,pd_min_v,pd_max_v,pd_sample_count,pd_normalized,pax_timestamp,theta,eta,s1,s2,s3,dop,pax_ptotal,pax_ptotal_normalized,pd_condition_mean_v,pax_ptotal_condition_mean,pd_contrast_5_95,pax_ptotal_contrast_5_95,u,v
path_a_only,0.03909916299744509,0.11225249883816814,0.0,0.5,0.1,0.1,0.14537879824638367,0.0051275235047023755,0.1319580078125,0.15576171875,16384,0.7412722892926669,1043437.0,-0.04112344,0.00764883,0.9965030201731511,-0.08214457157118864,0.015297063351324795,1.425394,3.113747e-05,0.17211622276029057,0.11567386211341164,6.396585823293173e-05,0.8482695249343758,0.8401382075597758,2.9574803269438696,0.0836542870899798
path_a_only,0.1580126190019655,0.1476273062701864,0.0,0.5,0.1,0.1,0.18133140355348587,0.002743785149995867,0.1751708984375,0.1883544921875,16384,0.9410015783469654,1043524.0,-0.1582029,-0.0189485,0.9496775360379095,-0.31092938481990273,-0.037887929482648255,1.985672,1.311388e-05,0.034665344798001936,0.11567386211341164,6.396585823293173e-05,0.8482695249343758,0.8401382075597758,-3.020336638413655,0.31859152336280594
path_a_only,0.27496750799764413,0.17603396681666017,0.0,0.5,0.1,0.1,0.19104858487844467,0.0014533948715508857,0.186279296875,0.19482421875,16384,0.994983917069504,1043612.0,0.04182857,0.07291618,0.985925197125655,0.08267263423605177,0.14531600469738526,2.838055,1.055468e-05,0.015148462374406578,0.11567386211341164,6.396585823293173e-05,0.8482695249343758,0.8401382075597758,1.0535461775329509,0.16797585563396808
path_a_only,0.3908963490030146,0.1941830910868539,0.0,0.5,0.1,0.1,0.1665061041712761,0.003939833446240238,0.1575927734375,0.1761474609375,16384,0.8586418583674802,1043787.0,-0.01074428,0.05555772,0.9936035820796898,-0.0213543971469946,0.11088693070374656,2.867581,3.67423e-05,0.21485958323006232,0.11567386211341164,6.396585823293173e-05,0.8482695249343758,0.8401382075597758,1.7610453893114704,0.11316579520867709
path_a_only,0.5084789789980277,0.19996452428241102,0.0,0.5,0.1,0.1,0.14428361505270004,0.005119209811902184,0.134765625,0.1572265625,16384,0.735188163850569,1043926.0,0.01142509,0.06176145,0.9921216768445292,0.022674105317528365,0.12320902273473756,2.384537,5.523815e-05,0.35591199405159096,0.11567386211341164,6.396585823293173e-05,0.8482695249343758,0.8401382075597758,1.3888030248515948,0.12560803800905743
path_a_only,0.6299524069981999,0.191781399611403,0.0,0.5,0.1,0.1,0.14457637816667557,0.00630911313460265,0.1302490234375,0.1556396484375,16384,0.7368145652786764,1044026.0,-0.02976736,0.07532349,0.9869225850378153,-0.0588256764300673,0.1500778162648345,2.702256,4.768306e-05,0.2982956283006997,0.11567386211341164,6.396585823293173e-05,0.8482695249343758,0.8401382075597758,1.9443593021000556,0.16190131507542846
path_a_only,0.7516843859993969,0.17033551336993022,0.0,0.5,0.1,0.1,0.1624191328883171,0.0037598513970138357,0.15478515625,0.170654296875,16384,0.8359373043648394,1044151.0,-0.04532828,0.1011055,0.9756021025541698,-0.08868782738249964,0.2008357706337571,2.061369,3.778625e-05,0.22282091857161918,0.11567386211341164,6.396585823293173e-05,0.8482695249343758,0.8401382075597758,1.986637689119295,0.2213493057888926
path_a_only,0.8696431290009059,0.13981765752772046,0.0,0.5,0.1,0.1,0.18811823427677155,0.002758156982961198,0.181884765625,0.1951904296875,16384,0.9787047952269378,1044264.0,-0.00524463,0.1085829,0.9764583156937916,-0.010242700804831823,0.21546286174806623,2.07642,1.560474e-05,0.05366105507997939,0.11567386211341164,6.396585823293173e-05,0.8482695249343758,0.8401382075597758,1.6182986918470803,0.21741498146951835
path_a_only,0.9906544749974273,0.10293556148456161,0.0,0.5,0.1,0.1,0.18359685689210892,0.0020527281707415444,0.1785888671875,0.18896484375,16384,0.953586963490653,1044402.0,-0.1347326,-0.05606863,0.9578592622954695,-0.2645439254646539,-0.11190239110282979,1.691175,2.288033e-05,0.10914590760900648,0.11567386211341164,6.396585823293173e-05,0.8482695249343758,0.8401382075597758,-2.741416247023752,0.29134200893019585
path_a_only,1.1108289570038323,0.06588129469420843,0.0,0.5,0.1,0.1,0.1136326789855957,0.005893312810610281,0.103515625,0.12744140625,16384,0.5649115005256397,1044490.0,-0.1214041,-0.06765373,0.9617946423166162,-0.23823184893038535,-0.13489496716431826,1.479147,7.080438e-05,0.47462263827191087,0.11567386211341164,6.396585823293173e-05,0.8482695249343758,0.8401382075597758,-2.6263712267576427,0.27731261038816585
path_a_only,1.2268108790012775,0.03462365016191833,0.0,0.5,0.1,0.1,0.021559007465839386,0.0023577276265615843,0.0142822265625,0.02734375,16384,0.053410072571344634,1044578.0,-0.08420518,-0.01791667,0.9852195970762337,-0.16750781105218396,-0.035825671988805215,1.824264,0.000119177,0.8435202379363596,0.11567386211341164,6.396585823293173e-05,0.8482695249343758,0.8401382075597758,-2.9308923851231548,0.172145038667871
path_a_only,1.3456156329993973,0.011533101525981374,0.0,0.5,0.1,0.1,0.0312943160533905,0.004178437649796605,0.021728515625,0.044677734375,16384,0.10749311457363543,1044741.0,-0.02336638,0.04059958,0.9956169796509488,-0.046561830548075354,0.08110996095877916,2.313519,0.0001112234,0.7828647690225162,0.11567386211341164,6.396585823293173e-05,0.8482695249343758,0.8401382075597758,2.091922459997928,0.093661367786896
path_a_only,1.466702138997789,0.0005466462195440613,0.0,0.5,0.1,0.1,0.10853098332881927,0.007783843812635415,0.0950927734375,0.1259765625,16384,0.5365697979481614,1044842.0,-0.002997862,0.05830493,0.9931909187933847,-0.005954969986384887,0.11634576553881702,2.561993,7.458172e-05,0.503429257783455,0.11567386211341164,6.396585823293173e-05,0.8482695249343758,0.8401382075597758,1.6219350851511223,0.11676320081855206
path_a_only,1.5914086650009267,0.004095037541379118,0.0,0.5,0.1,0.1,0.1494583636522293,0.0047858511132221546,0.1387939453125,0.1611328125,16384,0.7639357010593546,1045005.0,-0.03436174,0.08566036,0.9830344928488898,-0.06766410884726086,0.17048388264945225,2.101156,5.046389e-05,0.3195026977560008,0.11567386211341164,6.396585823293173e-05,0.8482695249343758,0.8401382075597758,1.9486226522000978,0.1844651553893414
path_a_only,1.7149156009982107,0.021940383870478114,0.0,0.5,0.1,0.1,0.15118338912725449,0.00461649155037274,0.14404296875,0.161865234375,16384,0.7735188205241148,1045130.0,0.05954829,0.05385044,0.9871632887621087,0.11812680377398317,0.1074927883651756,2.507246,4.779339e-05,0.29913702312634644,0.11567386211341164,6.396585823293173e-05,0.8482695249343758,0.8401382075597758,0.7383005182152456,0.16040117932543865
path_a_only,1.8342973539984087,0.050262509913718334,0.0,0.5,0.1,0.1,0.13313719630241394,0.00442034095120658,0.1234130859375,0.144775390625,16384,0.6732659116666261,1045231.0,0.05286652,0.07026355,0.9846128238098113,0.10449580037031098,0.14006503808673218,2.791482,5.931818e-05,0.38702697756000837,0.11567386211341164,6.396585823293173e-05,0.8482695249343758,0.8401382075597758,0.9298267364535029,0.1756519272782482
path_a_only,1.9547486450028373,0.08583170349296593,0.0,0.5,0.1,0.1,0.08926890045404434,0.00767830828077317,0.0736083984375,0.1065673828125,16384,0.42956219487123537,1045356.0,-0.00109336,0.01705195,0.9994161288836382,-0.0021854467207693823,0.0340972894798664,2.469358,9.27491e-05,0.6419767020647842,0.11567386211341164,6.396585823293173e-05,0.8482695249343758,0.8401382075597758,1.634803215113644,0.034173906501595554
path_a_only,2.0777850750018843,0.12419441394740668,0.0,0.5,0.1,0.1,0.033429116010665894,0.0021576741384659783,0.0272216796875,0.0386962890625,16384,0.11935267451644524,1045469.0,-0.02969511,0.02569564,0.9969190056739315,-0.05927694931319656,0.05136866171334821,2.203376,0.0001251959,0.8894213647022934,0.11567386211341164,6.396585823293173e-05,0.8482695249343758,0.8401382075597758,2.427547181551457,0.07851850374110346
path_a_only,2.1939897530028247,0.15724057294890176,0.0,0.5,0.1,0.1,0.01428765058517456,0.001424483521859984,0.0101318359375,0.0186767578125,16384,0.013015143529905335,1045594.0,-0.06098572,0.01630465,0.9920430148335609,-0.12160455228353877,0.03260352103468919,1.953744,0.0001192569,0.844129568549694,0.11567386211341164,6.396585823293173e-05,0.8482695249343758,0.8401382075597758,2.8796422809995192,0.12623438424737024
path_a_only,2.3157278880025842,0.18370606406370582,0.0,0.5,0.1,0.1,0.07462955266237259,0.005730335168626067,0.0677490234375,0.09033203125,16384,0.3482355009731546,1045670.0,-0.1416966,0.01089505,0.9598842517531867,-0.27954872548653864,0.02178837568697295,1.603051,9.444766e-05,0.65493020152142,0.11567386211341164,6.396585823293173e-05,0.8482695249343758,0.8401382075597758,3.0638086626701817,0.28420720327862353
path_a_only,2.437987826000608,0.19810831142817995,0.0,0.5,0.1,0.1,0.15723585337400436,0.005587902626889918,0.1444091796875,0.166259765625,16384,0.8071423749426068,1045782.0,-0.2963283,-0.04824949,0.8256007294484853,-0.5559678509648496,-0.0963492824449449,0.9813444,4.821917e-05,0.30238409181903103,0.11567386211341164,6.396585823293173e-05,0.8482695249343758,0.8401382075597758,-2.9699968523798863,0.5995303123689043
path_a_only,2.558735701000842,0.19830237626325253,0.0,0.5,0.1,0.1,0.1902460679411888,0.0010724022991192527,0.1868896484375,0.1939697265625,16384,0.9905256549779808,1045958.0,-0.04046714,0.07498865,0.985537824050375,-0.07993841220132233,0.14941568733163002,1.560919,1.309661e-05,0.03453364092200339,0.11567386211341164,6.396585823293173e-05,0.8482695249343758,0.8401382075597758,2.0620556375569175,0.1702772451241425
path_a_only,2.6808424039991223,0.1842906909990629,0.0,0.5,0.1,0.1,0.19126653671264648,0.0011276011172579156,0.1873779296875,0.19482421875,16384,0.9961947156895585,1046084.0,-0.01601801,0.03803717,0.9965961173070891,-0.03193789991919435,0.07600098365933464,3.87733,1.058499e-05,0.015379611446874223,0.11567386211341164,6.396585823293173e-05,0.8482695249343758,0.8401382075597758,1.9686198873075744,0.08253260588678092
path_a_only,2.799052729002142,0.15901902316809402,0.0,0.5,0.1,0.1,0.19118519872426987,0.0010142436564991254,0.1878662109375,0.194580078125,16384,0.9957428547339254,1046210.0,0.1324324,0.1421984,0.9263597492067611,0.25126341213500564,0.2805785322719131,1.76983,1.552891e-05,0.05308276295971477,0.11567386211341164,6.396585823293173e-05,0.8482695249343758,0.8401382075597758,0.8404624281166528,0.3861664024936349
path_a_only,2.916699184002937,0.1258720368416396,0.0,0.5,0.1,0.1,0.1898123398423195,0.0017489734833074284,0.183837890625,0.1939697265625,16384,0.988116143787065,1046336.0,-0.1318414,-0.002233069,0.9654270219729986,-0.2606352220793104,-0.004466123152794099,1.846406,1.224309e-05,0.028024556252502334,0.11567386211341164,6.396585823293173e-05,0.8482695249343758,0.8401382075597758,-3.1244587985789605,0.2637197394302797
path_a_only,3.0424746190037695,0.0866957688970621,0.0,0.5,0.1,0.1,0.16498025506734848,0.004161816200897416,0.1573486328125,0.17578125,16384,0.8501652332626121,1046386.0,-0.1632048,-0.06609635,0.938935617820118,-0.31784673917722756,-0.13180802700578068,2.138203,1.625914e-05,0.058651617700329825,0.11567386211341164,6.396585823293173e-05,0.8482695249343758,0.8401382075597758,-2.7484865385823336,0.35127249169574554
path_a_only,3.1645314609995694,0.050582045755046046,0.0,0.5,0.1,0.1,0.09771203249692917,0.006713391936344297,0.080810546875,0.108154296875,16384,0.4764667445113091,1046587.0,-0.08555536,0.0007196695,0.9853952240511492,-0.17027677681310244,0.0014393385030210617,1.859533,9.285106e-05,0.6427542658862557,0.11567386211341164,6.396585823293173e-05,0.8482695249343758,0.8401382075597758,3.1331399200451955,0.1711167143709533
path_a_only,3.28893218900339,0.021190550444026096,0.0,0.5,0.1,0.1,0.02228628098964691,0.004210933313509706,0.0150146484375,0.0352783203125,16384,0.05745033120120801,1046637.0,-0.08879316,-0.007597985,0.9841593058679377,-0.17663397448692833,-0.015195385170841251,2.018255,0.0001125422,0.7929221559169509,0.11567386211341164,6.396585823293173e-05,0.8482695249343758,0.8401382075597758,-3.0557764049759015,0.17822846552959293
path_a_only,3.409349276997091,0.004027866391067975,0.0,0.5,0.1,0.1,0.026583842933177948,0.0033644643742069017,0.0189208984375,0.0361328125,16384,0.08132478993142699,1046801.0,-0.01885601,0.0332656,0.9970781750512167,-0.037619667956342126,0.06648212857144385,2.151471,0.000123986,0.8801944672170215,0.11567386211341164,6.396585823293173e-05,0.8482695249343758,0.8401382075597758,2.0857355590392794,0.07646239470411655
path_a_only,3.528570642003615,0.0004025484502287041,0.0,0.5,0.1,0.1,0.09014789015054703,0.004921336013665268,0.0814208984375,0.10400390625,16384,0.43444528987002407,1046927.0,0.05788054,0.03595937,0.9907394283612384,0.11520412909196484,0.07185675841984863,2.402147,8.094119e-05,0.5519276276906064,0.11567386211341164,6.396585823293173e-05,0.8482695249343758,0.8401382075597758,0.5576885787868391,0.13619765102078019
path_a_only,3.650796349000302,0.011013205836595763,0.0,0.5,0.1,0.1,0.13807613402605057,0.003510338010342793,0.128173828125,0.14453125,16384,0.7007034370364643,1047066.0,0.0654229,0.07272373,0.9809833048764292,0.12909511719849187,0.14493517954322346,2.958943,4.347308e-05,0.2661896246020095,0.11567386211341164,6.396585823293173e-05,0.8482695249343758,0.8401382075597758,0.8431379667611094,0.19533189756013813
path_a_only,3.7741094660013914,0.03484271120705393,0.0,0.5,0.1,0.1,0.15793359279632568,0.0037360584326803082,0.1475830078125,0.165771484375,16384,0.8110185613156111,1047167.0,0.07871416,0.08227733,0.9742921903718504,0.15466098803963443,0.1638130231667371,1.766225,4.906675e-05,0.3088478770662141,0.11567386211341164,6.396585823293173e-05,0.8482695249343758,0.8401382075597758,0.8141274057535428,0.2272387274170444
path_a_only,3.891691491000529,0.06662666564539402,0.0,0.5,0.1,0.1,0.15805276483297348,0.0036108438367597677,0.1490478515625,0.1658935546875,16384,0.811680603633588,1047293.0,0.008119991,0.04167275,0.9963973660368441,0.016182897990705866,0.08324904063988746,2.443535,4.500902e-05,0.27790295704562346,0.11567386211341164,6.396585823293173e-05,0.8482695249343758,0.8401382075597758,1.3787994170313542,0.08490935408578035
path_a_only,4.015134011002374,0.10475269871315215,0.0,0.5,0.1,0.1,0.13669578731060028,0.0033144780730402965,0.128173828125,0.1439208984375,16384,0.6930351285572771,1047419.0,-0.002682069,0.04928103,0.9951323738916039,-0.005338078581169562,0.0984025576391293,3.012167,6.041173e-05,0.3953665707040857,0.11567386211341164,6.396585823293173e-05,0.8482695249343758,0.8401382075597758,1.6249905640112035,0.09870744861768542
path_a_only,4.136711218001437,0.1416408046819704,0.0,0.5,0.1,0.1,0.0822925716638565,0.006953839561264164,0.0677490234375,0.096923828125,16384,0.3908062499940501,1047545.0,-0.02631967,0.02496732,0.9973701212550584,-0.05254945031290841,0.04991389084695165,2.110933,0.000110478,0.7771802253531866,0.11567386211341164,6.396585823293173e-05,0.8482695249343758,0.8401382075597758,2.381910794389446,0.07254008911479716
path_a_only,4.261006300999725,0.1731129099915828,0.0,0.5,0.1,0.1,0.02333206683397293,0.0021653831451562975,0.018798828125,0.0311279296875,16384,0.0632600371016876,1047684.0,-0.04479457,0.01707935,0.9954085642700842,-0.08941715239232788,0.03415205756344761,2.055917,0.0001317981,0.9397708337305294,0.11567386211341164,6.396585823293173e-05,0.8482695249343758,0.8401382075597758,2.7767508382369845,0.09586400351760967
path_a_only,4.387290619997657,0.1937963461780155,0.0,0.5,0.1,0.1,0.022336527705192566,0.004610584813130667,0.0145263671875,0.031982421875,16384,0.05772946926888136,1047785.0,-0.04180049,0.01192231,0.9962241962611881,-0.0834798935574657,0.02384236052458388,1.983067,0.0001083393,0.7608701454691045,0.11567386211341164,6.396585823293173e-05,0.8482695249343758,0.8401382075597758,2.8633930880038747,0.08692735185004552
path_a_only,4.510624438000377,0.19994430177401604,0.0,0.5,0.1,0.1,0.09536740183830261,0.005723625600754166,0.0872802734375,0.111328125,16384,0.4634415016800229,1047923.0,-0.156441,-0.03619341,0.9489587957813864,-0.3069959247662863,-0.07232362052630975,1.924235,4.589454e-05,0.2846560790070733,0.11567386211341164,6.396585823293173e-05,0.8482695249343758,0.8401382075597758,-2.910226425793571,0.3208782124957217
path_a_only,4.6304896869987715,0.19171425687616067,0.0,0.5,0.1,0.1,0.16296277940273285,0.007032682464847758,0.1484375,0.1776123046875,16384,0.8389574507740805,1048037.0,-0.1397942,-0.006096448,0.961097658843595,-0.27593954196456094,-0.012192593889284257,1.660057,1.66634e-05,0.06173457131417894,0.11567386211341164,6.396585823293173e-05,0.8482695249343758,0.8401382075597758,-3.0974356319969774,0.27984718331272485
path_a_only,4.75378900099895,0.169863984047264,0.0,0.5,0.1,0.1,0.18947872519493103,0.0016913782784904769,0.1845703125,0.19384765625,16384,0.9862627978119449,1048150.0,-0.04905907,0.03626216,0.9925741833447762,-0.09770326940539492,0.07246075975966114,2.057626,1.108349e-05,0.019181254885512193,0.11567386211341164,6.396585823293173e-05,0.8482695249343758,0.8401382075597758,2.5034627429242757,0.12194281739176253
path_a_only,4.87172678099887,0.13921633969542319,0.0,0.5,0.1,0.1,0.19191951304674149,0.0006672400641043332,0.1890869140625,0.19482421875,16384,0.9998222274613497,1048276.0,0.04666816,0.08607286,0.9809311421172199,0.09182330269715555,0.17129674692297278,1.962838,1.304384e-05,0.03413120817524927,0.11567386211341164,6.396585823293173e-05,0.8482695249343758,0.8401382075597758,1.0787277792112668,0.19560046785322033
path_a_only,4.991630472999532,0.10262906149330611,0.0,0.5,0.1,0.1,0.1906050518155098,0.00130871156592159,0.1865234375,0.1947021484375,16384,0.9925199358760587,1048403.0,-0.05084996,0.01791091,0.9941948008923103,-0.10145956764389442,0.03581415938163965,1.732329,1.20107e-05,0.026252311681378804,0.11567386211341164,6.396585823293173e-05,0.8482695249343758,0.8401382075597758,2.802257092428907,0.10780375264073909
path_a_only,5.113725640003395,0.06502730478798593,0.0,0.5,0.1,0.1,0.1786619946360588,0.00295125472560318,0.1719970703125,0.1854248046875,16384,0.9261720787677628,1048529.0,-0.2015846,-0.07900947,0.9083621285375717,-0.3874472876621749,-0.15736213878158858,1.310992,2.575314e-05,0.13105443175535259,0.11567386211341164,6.396585823293173e-05,0.8482695249343758,0.8401382075597758,-2.7557948842755464,0.43144570319738235
path_a_only,5.2359228860004805,0.03248458821938903,0.0,0.5,0.1,0.1,0.13126210868358612,0.006954299006631882,0.1180419921875,0.1468505859375,16384,0.6628491445415738,1048617.0,-0.1528438,-0.06613399,0.9453105185416484,-0.29832028125373244,-0.131882649833911,1.890951,4.581675e-05,0.28406283960267675,0.11567386211341164,6.396585823293173e-05,0.8482695249343758,0.8401382075597758,-2.7253410678735372,0.3322510243677728
path_a_only,5.354166627999803,0.010312731219457444,0.0,0.5,0.1,0.1,0.05542043596506119,0.00615773827138199,0.04345703125,0.06787109375,16384,0.24152214352539375,1048756.0,-0.08902832,-0.00299773,0.9841720651024285,-0.17711409080618473,-0.005995424081722736,2.074201,0.0001042499,0.7296837047911384,0.11567386211341164,6.396585823293173e-05,0.8482695249343758,0.8401382075597758,-3.107754941160175,0.1781564815211128
path_a_only,5.471552789997077,0.0003990800629139618,0.0,0.5,0.1,0.1,0.012434832751750946,0.0007481764752307168,0.009765625,0.0155029296875,16384,0.0027220928467683084,1048869.0,-0.05055595,0.0167105,0.9943369679675996,-0.10088333211701338,0.03341477867604676,2.110109,0.0001314219,0.9369018703170578,0.11567386211341164,6.396585823293173e-05,0.8482695249343758,0.8401382075597758,2.8217435044170642,0.10647427020127528
path_a_only,5.594698408000113,0.00439288171636508,0.0,0.5,0.1,0.1,0.046803757548332214,0.005694419086060724,0.0379638671875,0.06591796875,16384,0.19365348311866593,1048995.0,-0.02381868,0.04106905,0.9954979426349742,-0.0474587990082801,0.08204577140977719,2.206267,0.0001067779,0.7489626508550837,0.11567386211341164,6.396585823293173e-05,0.8482695249343758,0.8401382075597758,2.0952142340120705,0.09492564999213264
path_a_only,5.715745535999304,0.022103615680360872,0.0,0.5,0.1,0.1,0.11370722204446793,0.005807649220812016,0.1031494140625,0.12744140625,16384,0.565325613272833,1049070.0,0.01481299,0.06828813,0.9902532200139224,0.029345808185957608,0.1361520612916719,1.921243,8.961868e-05,0.6181036014565976,0.11567386211341164,6.396585823293173e-05,0.8482695249343758,0.8401382075597758,1.358506940057552,0.13973299220360552
path_a_only,5.8339348869994865,0.05016375383819291,0.0,0.5,0.1,0.1,0.1501816138625145,0.0033855247649755794,0.142333984375,0.1591796875,16384,0.767953608776326,1049234.0,0.07850176,0.07357346,0.9770265747489596,0.1546695785614383,0.146616485096126,1.873071,4.874955e-05,0.30642885740977294,0.11567386211341164,6.396585823293173e-05,0.8482695249343758,0.8401382075597758,0.7586754654913719,0.21476466744349024
path_a_only,5.951952429997618,0.08496266629338214,0.0,0.5,0.1,0.1,0.1656557023525238,0.0043878679168032324,0.158203125,0.17822265625,16384,0.853917579021963,1049361.0,0.08782674,0.05299526,0.9790871641105657,0.17377093915852593,0.10579218202633896,3.043137,3.362546e-05,0.19109004594764636,0.11567386211341164,6.396585823293173e-05,0.8482695249343758,0.8401382075597758,0.5468667985837383,0.20487135600594444
path_a_only,6.073930398000812,0.12301766423511613,0.0,0.5,0.1,0.1,0.1575675532221794,0.003611598210528355,0.148193359375,0.16748046875,16384,0.8089850835388134,1049486.0,0.03587541,0.04784458,0.9928640693210601,0.07136131347244397,0.09554319855810034,3.520521,3.775983e-05,0.22261943528245406,0.11567386211341164,6.396585823293173e-05,0.8482695249343758,0.8401382075597758,0.9292815104124976,0.11953605132958442
path_a_only,6.198657079999975,0.15843668634260216,0.0,0.5,0.1,0.1,0.12549761682748795,0.007204291686897368,0.112548828125,0.1416015625,16384,0.6308253774086161,1049611.0,0.00448682,0.03530952,0.9974673492172271,0.008951153172414048,0.0705603578678722,2.838034,6.812021e-05,0.4541527139616023,0.11567386211341164,6.396585823293173e-05,0.8482695249343758,0.8401382075597758,1.4446122354169955,0.07118596151914712
path_a_only,6.32180686799984,0.18473558966188278,0.0,0.5,0.1,0.1,0.07060933858156204,0.0035898801377719433,0.0616455078125,0.0784912109375,16384,0.3259018065622032,1049711.0,-0.01885594,0.03162161,0.9972912268049756,-0.037627566559913624,0.06320106939448122,2.432738,0.0001034077,0.7232609483136642,0.11567386211341164,6.396585823293173e-05,0.8482695249343758,0.8401382075597758,2.1077991552947974,0.07362060836278395
path_a_only,6.443071223002335,0.19840494549665005,0.0,0.5,0.1,0.1,0.01888445019721985,0.003565095752003527,0.0126953125,0.0281982421875,16384,0.03855197210175609,1049848.0,-0.04637029,0.01735669,0.9951028138223411,-0.09255190499103964,0.034706408707738244,2.013076,0.0001340584,0.9570082553240166,0.11567386211341164,6.396585823293173e-05,0.8482695249343758,0.8401382075597758,2.7828272469424267,0.0990069540770517
path_a_only,6.563698229001602,0.19800439453772967,0.0,0.5,0.1,0.1,0.0305442214012146,0.004971592067973057,0.021240234375,0.04345703125,16384,0.10332607659897913,1049973.0,-0.09268616,0.00101641,0.9828656647505908,-0.18431210677250381,0.0020328185999439114,1.390764,0.0001136791,0.8015923433299651,0.11567386211341164,6.396585823293173e-05,0.8482695249343758,0.8401382075597758,3.1305638817144796,0.18538333780919314
path_a_only,6.687569333000283,0.1831348580468942,0.0,0.5,0.1,0.1,0.10839738696813583,0.006336405200141984,0.09521484375,0.12109375,16384,0.5358276234684088,1050085.0,-0.139913,-0.01722242,0.9605334168245595,-0.27602459547170943,-0.03443802924118045,1.031166,5.811697e-05,0.3778663514518312,0.11567386211341164,6.396585823293173e-05,0.8482695249343758,0.8401382075597758,-3.017469690372675,0.2818827854010287
path_a_only,6.809070030001749,0.1564497363320209,0.0,0.5,0.1,0.1,0.16978395730257034,0.005260111434089467,0.1593017578125,0.1810302734375,16384,0.8768514782252232,1050223.0,-0.2225798,-0.02392517,0.9015088950930312,-0.43010906059202375,-0.04783208196167973,1.220123,1.725429e-05,0.06624079617166498,0.11567386211341164,6.396585823293173e-05,0.8482695249343758,0.8401382075597758,-3.0308385467004704,0.44755270193257674
path_a_only,6.925800769997295,0.12309984433932747,0.0,0.5,0.1,0.1,0.18987315893173218,0.0015627369595622744,0.184814453125,0.1939697265625,16384,0.988454015086949,1050335.0,-0.06190045,0.05271241,0.9868368930782844,-0.12279930533377875,0.10522963968930042,2.018277,1.13883e-05,0.021505786352977063,0.11567386211341164,6.396585823293173e-05,0.8482695249343758,0.8401382075597758,2.4330927111674,0.16243205727941365
path_a_only,7.045957308000652,0.08561219415540756,0.0,0.5,0.1,0.1,0.19142045080661774,0.0008945141103643844,0.187744140625,0.19482421875,16384,0.9970497622794157,1050460.0,-0.04743297,0.04073211,0.9922021372183574,-0.09440957293259246,0.08137414477590098,2.460676,1.026028e-05,0.01290331928847876,0.11567386211341164,6.396585823293173e-05,0.8482695249343758,0.8401382075597758,2.4302150672379854,0.12496414167649302
path_a_only,7.163703395002813,0.050808371998004254,0.0,0.5,0.1,0.1,0.18849948793649673,0.002251978091482981,0.1822509765625,0.1937255859375,16384,0.9808227925669307,1050584.0,-0.1319288,-0.03750795,0.9626760360242393,-0.2600730903350085,-0.07494556256547817,1.58451,1.391818e-05,0.04079906960782444,0.11567386211341164,6.396585823293173e-05,0.8482695249343758,0.8401382075597758,-2.861023027396998,0.27407474413085
path_a_only,7.287440920998051,0.021479798781826598,0.0,0.5,0.1,0.1,0.16818179190158844,0.004082497255240686,0.1575927734375,0.17529296875,16384,0.8679508894152574,1050634.0,-0.2340522,-0.08810672,0.8786055664579188,-0.4442084491989029,-0.17530291569014314,1.051158,2.183918e-05,0.10120592553049512,0.11567386211341164,6.396585823293173e-05,0.8482695249343758,0.8401382075597758,-2.765714528323504,0.49786200150687676
path_a_only,7.408819671996753,0.004074744365120994,0.0,0.5,0.1,0.1,0.10860764980316162,0.006485021297227237,0.0928955078125,0.118896484375,16384,0.5369957070104922,1050746.0,-0.1789145,-0.03417061,0.9344729117460856,-0.34942398543147307,-0.06828803422253575,0.9500278,5.999311e-05,0.3921741053554746,0.11567386211341164,6.396585823293173e-05,0.8482695249343758,0.8401382075597758,-2.948594872651517,0.3640205929349781
path_a_only,7.526929266998195,0.00035765126688865057,0.0,0.5,0.1,0.1,0.037694185972213745,0.00430580698516897,0.0263671875,0.04541015625,16384,0.14304662892977166,1050909.0,-0.07154925,-0.00506966,0.989727992109752,-0.14260329360607116,-0.010139146270725341,1.744086,0.0001212236,0.859127947989552,0.11567386211341164,6.396585823293173e-05,0.8482695249343758,0.8401382075597758,-3.070611736500605,0.1434548145699911
path_a_only,7.650649502000306,0.01099216843487795,0.0,0.5,0.1,0.1,0.016840361058712006,0.0020979182487126974,0.0120849609375,0.0225830078125,16384,0.02719634246350189,1051049.0,-0.0364759,0.02664311,0.9959245979006729,-0.0727836552732024,0.05326100657568152,2.176737,0.0001271275,0.9041520657375455,0.11567386211341164,6.396585823293173e-05,0.8482695249343758,0.8401382075597758,2.5098602005959023,0.090312493731551
path_a_only,7.773428428001353,0.034680557646237106,0.0,0.5,0.1,0.1,0.070041723549366,0.00410965019090659,0.06201171875,0.08447265625,16384,0.3227485066589371,1051178.0,0.03606996,0.04430999,0.9934850696652378,0.07179452026100566,0.08850402935883639,2.196397,9.212734e-05,0.6372350574822215,0.11567386211341164,6.396585823293173e-05,0.8482695249343758,0.8401382075597758,0.8892629771693148,0.11421047853233311
path_a_only,7.891781637998065,0.06665336381261402,0.0,0.5,0.1,0.1,0.13448018580675125,0.004680769725616315,0.1229248046875,0.1435546875,16384,0.6807266877805531,1051294.0,0.04819356,0.05879531,0.988484597224528,0.09557334094128983,0.11731980886100478,2.632561,5.116168e-05,0.3248241596919029,0.11567386211341164,6.396585823293173e-05,0.8482695249343758,0.8401382075597758,0.8871924351501317,0.15190504694904153
path_a_only,8.015925084997434,0.10500092616290208,0.0,0.5,0.1,0.1,0.1582646444439888,0.003795163177229098,0.1502685546875,0.16796875,16384,0.8128576689314074,1051420.0,0.03176166,0.06676901,0.9890980694068662,0.06291544166750491,0.13314148975955237,2.690716,3.558947e-05,0.20606791100265007,0.11567386211341164,6.396585823293173e-05,0.8482695249343758,0.8401382075597758,1.1293523631755997,0.14779578522357115
path_a_only,8.13727123800345,0.14180069678566387,0.0,0.5,0.1,0.1,0.16507260501384735,0.0026802342565707743,0.157958984375,0.1728515625,16384,0.8506782694946421,1051544.0,0.09398066,0.05654058,0.9761128433455888,0.18566308435535842,0.11284031266991897,3.344619,3.251534e-05,0.18262408724333185,0.11567386211341164,6.396585823293173e-05,0.8482695249343758,0.8401382075597758,0.5461126052301721,0.21901080564775488
path_a_only,8.257744549002382,0.17240998672271635,0.0,0.5,0.1,0.1,0.1515309363603592,0.00568667398759673,0.142333984375,0.1673583984375,16384,0.7754495668827682,1051668.0,0.01712134,0.07233779,0.9889726311850308,0.03387831583911254,0.14417140660638048,1.872371,6.525312e-05,0.43228781148119194,0.11567386211341164,6.396585823293173e-05,0.8482695249343758,0.8401382075597758,1.3399972808541136,0.14864518673056928
path_a_only,8.378772655996727,0.19283501576402,0.0,0.5,0.1,0.1,0.11540378630161285,0.008717444114847732,0.0970458984375,0.1346435546875,16384,0.574750620724172,1051791.0,0.03369486,0.03272924,0.9955933917563397,0.06719450918750358,0.06541174379389518,2.223547,9.049204e-05,0.6247639892471067,0.11567386211341164,6.396585823293173e-05,0.8482695249343758,0.8401382075597758,0.771954921031476,0.09391324100605034
path_a_only,8.498668558997451,0.1999991251915469,0.0,0.5,0.1,0.1,0.05376051366329193,0.005899876975058926,0.0411376953125,0.0650634765625,16384,0.23230069494368957,1051840.0,0.02044561,0.03537569,0.996664326916946,0.04077755072912242,0.07069236739369256,2.191161,0.0001054942,0.7391729423652551,0.11567386211341164,6.396585823293173e-05,0.8482695249343758,0.8401382075597758,1.047587072050029,0.08170103043254834
path_a_only,8.622580392999225,0.19267617503517187,0.0,0.5,0.1,0.1,0.012434259057044983,0.0008199500169883313,0.0096435546875,0.0157470703125,16384,0.0027189057721522278,1052027.0,-0.06962597,0.0123691,0.9900170938935903,-0.1387598648324081,0.024735676869289756,1.902403,0.0001332696,0.9509927360774818,0.11567386211341164,6.396585823293173e-05,0.8482695249343758,0.8401382075597758,2.9651832201637944,0.1414182463576388
path_a_only,8.743516789996647,0.17213611942223,0.0,0.5,0.1,0.1,0.050135500729084015,0.004204480574448676,0.0408935546875,0.06005859375,16384,0.2121624810374234,1052127.0,-0.1079971,-0.006421844,0.9766832388626142,-0.21430095583974584,-0.012843334886429005,1.563799,0.0001049802,0.7352530933633296,0.11567386211341164,6.396585823293173e-05,0.8482695249343758,0.8401382075597758,-3.081732952262342,0.21636977928444812
path_a_only,8.864647167996736,0.14125243545892927,0.0,0.5,0.1,0.1,0.13027135282754898,0.00532249854809453,0.1156005859375,0.1397705078125,16384,0.6573451494607615,1052264.0,-0.1144915,-0.05923416,0.9670715316642172,-0.22539619575442757,-0.11819140232714301,1.066754,4.217947e-05,0.2563243408133305,0.11567386211341164,6.396585823293173e-05,0.8482695249343758,0.8401382075597758,-2.65863826662334,0.257335524834049
path_a_only,8.98382401100389,0.10507964978908453,0.0,0.5,0.1,0.1,0.17778197675943375,0.003509480743892788,0.1700439453125,0.186279296875,16384,0.9212832718690127,1052352.0,-0.1718653,-0.05432543,0.9359522341385821,-0.33501460524282206,-0.10843721540593368,1.185268,1.833593e-05,0.07448956168614515,0.11567386211341164,6.396585823293173e-05,0.8482695249343758,0.8401382075597758,-2.8285559552593256,0.35984267358179034
path_a_only,9.104906451997522,0.06763606405450986,0.0,0.5,0.1,0.1,0.1903279423713684,0.0014738874663910374,0.185791015625,0.1942138671875,16384,0.9909804960553329,1052515.0,0.02232239,0.05116363,0.9937779320601937,0.04439649745322195,0.10214877759450085,2.768015,9.985416e-06,0.010807160969285612,0.11567386211341164,6.396585823293173e-05,0.8482695249343758,0.8401382075597758,1.160800845726273,0.1116112093119409
path_a_only,9.225415672000963,0.03495595127658829,0.0,0.5,0.1,0.1,0.19149642437696457,0.0008019751268845924,0.188720703125,0.1949462890625,16384,0.9974718220178594,1052640.0,0.001990808,0.04933748,0.9951276869659552,0.003962237258622469,0.09851490907316722,2.104708,1.126543e-05,0.020568759413547872,0.11567386211341164,6.396585823293173e-05,0.8482695249343758,0.8401382075597758,1.5305983212366092,0.09875499739458621
path_a_only,9.34223425899836,0.012033344220051104,0.0,0.5,0.1,0.1,0.18752671033143997,0.0017917630829401238,0.181884765625,0.1923828125,16384,0.975418672954282,1052741.0,-0.162049,-0.03592768,0.9454922159255872,-0.31763210942010295,-0.07179354211527905,1.532418,1.429357e-05,0.0436618558273436,0.11567386211341164,6.396585823293173e-05,0.8482695249343758,0.8401382075597758,-2.9193005856743857,0.3316935135099355
path_a_only,9.459805562997644,0.0007962042558814497,0.0,0.5,0.1,0.1,0.1603851318359375,0.004307909348696639,0.14990234375,0.170654296875,16384,0.8246377175711329,1052792.0,-0.1667536,0.01849278,0.944253838112417,-0.327135111526364,0.036977128290377116,2.086063,1.571403e-05,0.05449451869363787,0.11567386211341164,6.396585823293173e-05,0.8482695249343758,0.8401382075597758,3.0290371869687682,0.33547560637363033
path_a_only,9.58201535900298,0.00330108064917653,0.0,0.5,0.1,0.1,0.09628170728683472,0.0036246394826595545,0.0872802734375,0.103271484375,16384,0.468520788025308,1052996.0,-0.098464,0.005458702,0.9806138220938552,-0.19564597349217855,0.010917187127589486,2.043061,8.315452e-05,0.5688068482965053,0.11567386211341164,6.396585823293173e-05,0.8482695249343758,0.8401382075597758,3.08584973677731,0.19722647421882764
path_a_only,9.702737687999615,0.019606823035498627,0.0,0.5,0.1,0.1,0.026393234729766846,0.0027668831874895195,0.01806640625,0.0357666015625,16384,0.08026589473787905,1053047.0,-0.1351407,-0.01291004,0.9633745811418503,-0.2669136340053125,-0.025817211155402926,2.082537,0.0001048541,0.7342914339097443,0.11567386211341164,6.396585823293173e-05,0.8482695249343758,0.8401382075597758,-3.0451676532164975,0.2714818545759836
path_a_only,9.823223963998316,0.04727522176699466,0.0,0.5,0.1,0.1,0.018290415406227112,0.001418740607358705,0.0142822265625,0.0238037109375,16384,0.035251901203832585,1053234.0,-0.02520176,0.02986701,0.99694873042423,-0.05029232195115923,0.05969850298187552,2.310057,0.0001181114,0.8353937961144686,0.11567386211341164,6.396585823293173e-05,0.8482695249343758,0.8401382075597758,2.270884183290062,0.07813862741642155
path_a_only,9.94073697100248,0.08148934386253077,0.0,0.5,0.1,0.1,0.07440809905529022,0.006214871046057279,0.06103515625,0.087890625,16384,0.34700524878076805,1053334.0,0.01175623,0.04437427,0.9957891151429245,0.023417767290466924,0.08863208413436502,2.222948,9.154424e-05,0.6327882404529942,0.11567386211341164,6.396585823293173e-05,0.8482695249343758,0.8401382075597758,1.312485904359205,0.09180243393928078
path_a_only,10.05852687299921,0.11828333331644614,0.0,0.5,0.1,0.1,0.1274375095963478,0.003866523393931881,0.117919921875,0.13720703125,16384,0.6416021597935471,1053470.0,0.05856383,0.05405016,0.9873512358957575,0.11617790364112462,0.10788990536965784,2.889464,4.694521e-05,0.2926686621799393,0.11567386211341164,6.396585823293173e-05,0.8482695249343758,0.8401382075597758,0.7484262234818622,0.15922009684062224
path_a_only,10.177962720001233,0.15304119018406023,0.0,0.5,0.1,0.1,0.15797492116689682,0.003906851092737703,0.1507568359375,0.1666259765625,16384,0.8112481548597072,1053595.0,0.0344197,0.04139253,0.9942148890073191,0.06854947284140474,0.08269053300910346,5.323907,2.365687e-05,0.1150679300680635,0.11567386211341164,6.396585823293173e-05,0.8482695249343758,0.8401382075597758,0.878627901003334,0.10761689023520506
path_a_only,10.298653261001164,0.18065228971108122,0.0,0.5,0.1,0.1,0.1625099554657936,0.004349916514838501,0.15380859375,0.172119140625,16384,0.8364418555280865,1053694.0,0.09291168,0.05255642,0.9773602104247501,0.18373606443082263,0.10491938670217708,3.575874,3.29386e-05,0.18585193799927546,0.11567386211341164,6.396585823293173e-05,0.8482695249343758,0.8401382075597758,0.5188479891146907,0.21319350732160824
path_a_only,10.418846280997968,0.1967675420655949,0.0,0.5,0.1,0.1,0.14713722467422485,0.0050304045045933945,0.1351318359375,0.1575927734375,16384,0.7510409627250101,1053818.0,0.04102676,0.03184103,0.9946153009578548,0.08179533894941647,0.06363902597200986,3.66588,4.502124e-05,0.2779961487864864,0.11567386211341164,6.396585823293173e-05,0.8482695249343758,0.8401382075597758,0.6611987682421518,0.10382233372981388
path_a_only,10.541833832998236,0.19913761764086566,0.0,0.5,0.1,0.1,0.10595186054706573,0.006900439707226406,0.084716796875,0.119873046875,16384,0.5222418694104868,1053942.0,0.00250428,0.04642593,0.9956798734480332,0.004986964087477196,0.09271849761346768,2.039634,9.884316e-05,0.6884510114201826,0.11567386211341164,6.396585823293173e-05,0.8482695249343758,0.8401382075597758,1.5170620283895344,0.09298645839780788
path_a_only,10.659486490003474,0.18770827233225756,0.0,0.5,0.1,0.1,0.04585406929254532,0.006724379757466315,0.032470703125,0.0587158203125,16384,0.18837763291166956,1053992.0,-0.00712199,0.04301588,0.9962004815587241,-0.014190819477986328,0.0859256724425792,2.366894,0.0001046657,0.7328546643533964,0.11567386211341164,6.396585823293173e-05,0.8482695249343758,0.8401382075597758,1.7344711720368178,0.08720007957354896
path_a_only,10.779047411000647,0.16397270057834412,0.0,0.5,0.1,0.1,0.012637980282306671,0.0008745723465816243,0.009521484375,0.0164794921875,16384,0.003850648385496294,1054177.0,-0.08208965,0.01458424,0.9861331750904323,-0.16337319859814944,0.029164344084385518,1.808587,0.0001353748,0.9670473394215553,0.11567386211341164,6.396585823293173e-05,0.8482695249343758,0.8401382075597758,2.964939802484711,0.1667272748382426
path_a_only,10.896527686003537,0.1319373094122643,0.0,0.5,0.1,0.1,0.048306308686733246,0.006554823328005448,0.0357666015625,0.0599365234375,16384,0.2020006798816577,1054276.0,-0.1200279,-0.01787529,0.9707040486593986,-0.23760490392607037,-0.03574296499361481,1.483463,0.00010751,0.7545457665249471,0.11567386211341164,6.396585823293173e-05,0.8482695249343758,0.8401382075597758,-2.9922819505990303,0.2426525152688402
path_a_only,11.0177733849996,0.09441922738138496,0.0,0.5,0.1,0.1,0.12660886347293854,0.004636000492323491,0.11572265625,0.13623046875,16384,0.6369987409399643,1054413.0,-0.223366,-0.06747844,0.8936632324096409,-0.42809225044336063,-0.13454758321683583,1.113305,4.57875e-05,0.2838397742655049,0.11567386211341164,6.396585823293173e-05,0.8482695249343758,0.8401382075597758,-2.837072619236339,0.46535296492911554
path_a_only,11.13967957800196,0.057513175494276286,0.0,0.5,0.1,0.1,0.17444045096635818,0.004102587056793109,0.164306640625,0.182861328125,16384,0.9027199281194641,1054500.0,-0.2474558,-0.08365405,0.8677227731047826,-0.4683218977106795,-0.1665286436623259,1.716405,1.809435e-05,0.07264723265524012,0.11567386211341164,6.396585823293173e-05,0.8482695249343758,0.8401382075597758,-2.7999502619373824,0.5201939909387289
path_a_only,11.261311838999973,0.026821637207161797,0.0,0.5,0.1,0.1,0.18970146030187607,0.0011847773786230662,0.185302734375,0.1934814453125,16384,0.9875001691839934,1054663.0,-0.05706239,0.04435675,0.9895879512920321,-0.11342938773723286,0.08859718198224657,2.692884,1.000996e-05,0.010994337572210244,0.11567386211341164,6.396585823293173e-05,0.8482695249343758,0.8401382075597758,2.478496573677944,0.14443107355497922
path_a_only,11.382272545997694,0.00676190387477224,0.0,0.5,0.1,0.1,0.19011738896369934,0.0014189559298547257,0.185546875,0.1943359375,16384,0.9898107982806519,1054788.0,-0.01732522,0.03835463,0.996460785923163,-0.034541629952097794,0.07663405194588527,1.969656,1.136548e-05,0.021331757259156158,0.11567386211341164,6.396585823293173e-05,0.8482695249343758,0.8401382075597758,1.9942611004241932,0.08415822861872024
path_a_only,11.499752210002043,3.029962628020577e-08,0.0,0.5,0.1,0.1,0.18475160002708435,0.002893754073818168,0.1756591796875,0.1907958984375,16384,0.9600019652247114,1054913.0,-0.1567799,-0.02686728,0.9498686119102463,-0.3080016154690543,-0.05370870484525523,1.150384,1.838682e-05,0.07487765724199727,0.11567386211341164,6.396585823293173e-05,0.8482695249343758,0.8401382075597758,-2.968950570795226,0.317980938954389
path_a_only,11.618664971996623,0.006868773988453897,0.0,0.5,0.1,0.1,0.15489322692155838,0.005429810988717446,0.143798828125,0.1661376953125,16384,0.7941282661771872,1055025.0,-0.2199888,-0.07945936,0.8933602844147122,-0.4205521795490682,-0.15825064457054472,1.619301,4.111105e-05,0.2481763932050866,0.11567386211341164,6.396585823293173e-05,0.8482695249343758,0.8401382075597758,-2.7816892862073788,0.4660276224365992
path_a_only,11.741507293001632,0.027428106964275556,0.0,0.5,0.1,0.1,0.08878763765096664,0.006531605536086433,0.0732421875,0.1031494140625,16384,0.4268886117835586,1055137.0,-0.1507551,-0.02582633,0.9536155676766159,-0.29656655862105324,-0.051629694870984684,1.603434,9.082868e-05,0.6273312615584068,0.11567386211341164,6.396585823293173e-05,0.8482695249343758,0.8401382075597758,-2.96922869940926,0.3057695894098489
path_a_only,11.860707913001534,0.057623407183801975,0.0,0.5,0.1,0.1,0.02170603722333908,0.003915991761559388,0.014892578125,0.0325927734375,16384,0.05422687426580873,1055212.0,-0.08852934,-0.0001494855,0.9843659755090745,-0.17613499617172054,-0.00029897099554614635,1.869942,0.0001196081,0.8468078778288307,0.11567386211341164,6.396585823293173e-05,0.8482695249343758,0.8401382075597758,-3.1398952583252666,0.17705892976913218
path_a_only,11.982716539001558,0.09457290822537542,0.0,0.5,0.1,0.1,0.028221599757671356,0.0036230376133681626,0.0216064453125,0.0384521484375,16384,0.09042310153932806,1055400.0,-0.02756191,0.03667647,0.99579603070113,-0.05494774782374669,0.07328717656570057,2.245111,0.0001140129,0.8041379573316046,0.11567386211341164,6.396585823293173e-05,0.8482695249343758,0.8401382075597758,2.2141434189038307,0.09172696621089925
path_a_only,12.106680636003148,0.13289080912900766,0.0,0.5,0.1,0.1,0.09491249173879623,0.006084283482331272,0.080078125,0.10595703125,16384,0.4609143170717887,1055502.0,0.003381638,0.04533648,0.9958692459160132,0.00673544126765374,0.09054876514674942,2.38791,7.872388e-05,0.5350180549465215,0.11567386211341164,6.396585823293173e-05,0.8482695249343758,0.8401382075597758,1.496548381453791,0.09092415603831538
path_a_only,12.227947264997056,0.16564607884851235,0.0,0.5,0.1,0.1,0.14101344347000122,0.005091875225958768,0.1290283203125,0.1512451171875,16384,0.7170212176802178,1055618.0,-0.01344567,0.0437203,0.9958193369189419,-0.02678537324109164,0.08732921618023522,2.520572,4.842822e-05,0.3039783416903395,0.11567386211341164,6.396585823293173e-05,0.8482695249343758,0.8401382075597758,1.8684042463782635,0.09147217416886978
path_a_only,12.34558230300172,0.18846201623657158,0.0,0.5,0.1,0.1,0.16306164115667343,0.004641735399401375,0.153076171875,0.1727294921875,16384,0.839506662372532,1055747.0,0.04324441,0.05799746,0.9895674195003858,0.085800563630121,0.11573497977751142,3.22905,3.29679e-05,0.18607538464471599,0.11567386211341164,6.396585823293173e-05,0.8482695249343758,0.8401382075597758,0.9328518088762232,0.14457365544294606
path_a_only,12.464647369997692,0.1993838779708204,0.0,0.5,0.1,0.1,0.1593979001045227,0.003621817611637923,0.1524658203125,0.169677734375,16384,0.8191533002343907,1055876.0,0.05304837,0.05762736,0.987779847798633,0.105195228882403,0.11499972218787478,3.410374,3.621359e-05,0.21082755333549405,0.11567386211341164,6.396585823293173e-05,0.8482695249343758,0.8401382075597758,0.829895194253536,0.15649359292259404
path_a_only,12.58577561200218,0.1963911587557555,0.0,0.5,0.1,0.1,0.1372276395559311,0.00468666813821926,0.128173828125,0.148193359375,16384,0.6959897536792811,1056002.0,-0.0005183164,0.05526642,0.9938969285635881,-0.0010303065250266933,0.11030790479530558,2.637497,6.367882e-05,0.42028193933385444,0.11567386211341164,6.396585823293173e-05,0.8482695249343758,0.8401382075597758,1.5801363334509837,0.11053768111425201
path_a_only,12.707899943001394,0.17941814552137578,0.0,0.5,0.1,0.1,0.09421781450510025,0.004911073878608113,0.0855712890625,0.105712890625,16384,0.4570551422269299,1056103.0,0.005095547,0.03637025,0.9973037847213122,0.010163968490244901,0.07267636978465478,2.369172,9.504628e-05,0.6594953766372423,0.11567386211341164,6.396585823293173e-05,0.8482695249343758,0.8401382075597758,1.4318451002542627,0.07344968000894288
path_a_only,12.826903727000172,0.15173898358021382,0.0,0.5,0.1,0.1,0.034001827239990234,0.002694500374435545,0.02783203125,0.0416259765625,16384,0.12253428557604118,1056241.0,-0.03922809,0.02095922,0.9960481453185007,-0.078306867853709,0.041906164874832605,2.139323,0.0001300576,0.9264974928981334,0.11567386211341164,6.396585823293173e-05,0.8482695249343758,0.8401382075597758,2.6502196068628407,0.08893211216643185
path_a_only,12.944734320000862,0.1172751270004837,0.0,0.5,0.1,0.1,0.014137767255306244,0.0016834952747856638,0.01025390625,0.02001953125,16384,0.012182489243519693,1056341.0,-0.05185649,0.01291159,0.9942950196808432,-0.10349263463201633,0.025820310121987655,1.663213,0.0001328192,0.947557911193304,0.11567386211341164,6.396585823293173e-05,0.8482695249343758,0.8401382075597758,2.8970946601458802,0.10686826520023843
path_a_only,13.066193471997394,0.07935426378322477,0.0,0.5,0.1,0.1,0.06556010991334915,0.0038516361755989523,0.0577392578125,0.0755615234375,16384,0.29785157644506827,1056416.0,-0.08932964,0.000150588,0.9840827923701005,-0.1777103459399179,0.0003011759954468723,1.496518,0.0001033748,0.7230100474728794,0.11567386211341164,6.396585823293173e-05,0.8482695249343758,0.8401382075597758,3.1398978974094023,0.17865953114778185
path_a_only,13.186869539997133,0.04460777046970915,0.0,0.5,0.1,0.1,0.14519434422254562,0.00857868031479536,0.1275634765625,0.1593017578125,16384,0.7402475827177278,1056553.0,-0.2454365,-0.1090841,0.8610162110728242,-0.4602218097435419,-0.2164416089992335,0.8634344,4.487229e-05,0.27686023145411903,0.11567386211341164,6.396585823293173e-05,0.8482695249343758,0.8401382075597758,-2.701987334288101,0.5335318773626354
path_a_only,13.30693703200086,0.017836633572586594,0.0,0.5,0.1,0.1,0.18677273392677307,0.002227471843539242,0.180419921875,0.192138671875,16384,0.9712300704877429,1056640.0,-0.1045392,-0.08620014,0.9637212904989799,-0.2044815790151792,-0.17154753884110366,0.6573247,2.170394e-05,0.10017456292539702,0.11567386211341164,6.396585823293173e-05,0.8482695249343758,0.8401382075597758,-2.44355531599508,0.2701859143858209
path_a_only,13.429612163999991,0.0024349753079309644,0.0,0.5,0.1,0.1,0.19178509712219238,0.0006901429679814204,0.1890869140625,0.1947021484375,16384,0.99907550001786,1056827.0,0.0002825763,0.0678866,0.9907968115580928,0.0005599514537394583,0.1353564356086799,3.042097,9.828244e-06,0.009608541305218201,0.11567386211341164,6.396585823293173e-05,0.8482695249343758,0.8401382075597758,1.5666594842651635,0.1357743689753532
path_a_only,13.549299865997455,0.0011969965666351057,0.0,0.5,0.1,0.1,0.1908610537648201,0.0010228819858530956,0.1875,0.1947021484375,16384,0.9939421161852604,1056952.0,-0.01376505,0.02584289,0.9982861641574862,-0.027489863193275194,0.05166277067044866,2.329711,1.026375e-05,0.012929782082324447,0.11567386211341164,6.396585823293173e-05,0.8482695249343758,0.8401382075597758,2.059794506309119,0.05855468564086114
path_a_only,13.671837451998726,0.014221075213779369,0.0,0.5,0.1,0.1,0.18111126869916916,0.002708317517057319,0.174560546875,0.1881103515625,16384,0.9397786522871379,1057077.0,-0.12165,-0.08571822,0.9563207394544534,-0.237375224640152,-0.1705979074207092,1.168518,1.975689e-05,0.0853260376351261,0.11567386211341164,6.396585823293173e-05,0.8482695249343758,0.8401382075597758,-2.5184364781399435,0.2966512995568909
path_a_only,13.794139327001176,0.03974197176108334,0.0,0.5,0.1,0.1,0.14096985757350922,0.005099866179603915,0.1304931640625,0.15234375,16384,0.7167790827905545,1057189.0,-0.1661553,-0.01529548,0.9448488145376749,-0.3260754555437821,-0.030586189018338317,2.286452,3.827689e-05,0.22656262035042227,0.11567386211341164,6.396585823293173e-05,0.8482695249343758,0.8401382075597758,-3.0480653619609948,0.33366365722345515
path_a_only,13.910695220001799,0.07231069332930194,0.0,0.5,0.1,0.1,0.07176648080348969,0.004432850596107915,0.061279296875,0.080078125,16384,0.33233013606283784,1057327.0,-0.100266,-0.0132659,0.9796158522780537,-0.19912059339578772,-0.026528687326212285,2.20319,9.619886e-05,0.6682851423233112,0.11567386211341164,6.396585823293173e-05,0.8482695249343758,0.8401382075597758,-3.009143387928926,0.2022561687181612
path_a_only,14.030679998999403,0.10962348959355915,0.0,0.5,0.1,0.1,0.01592855155467987,0.0013795455585691114,0.01220703125,0.020263671875,16384,0.022130921962325713,1057440.0,-0.04010173,0.01641749,0.9962481394201739,-0.08007431669120083,0.03282908022286461,2.09462,0.0001301814,0.9274416121713598,0.11567386211341164,6.396585823293173e-05,0.8482695249343758,0.8401382075597758,2.7525102793456018,0.08665112816579638
path_a_only,14.15178751500207,0.14589868905013453,0.0,0.5,0.1,0.1,0.03350582718849182,0.004856660710532683,0.025146484375,0.0457763671875,16384,0.1197788319222526,1057565.0,-0.01531936,0.03893583,0.9965016275627873,-0.030541091569372594,0.07779298162731094,2.44047,0.0001046127,0.7324504775886065,0.11567386211341164,6.396585823293173e-05,0.8482695249343758,0.8401382075597758,1.9449023379666865,0.08367095207464063
path_a_only,14.275806147998082,0.1762048309961156,0.0,0.5,0.1,0.1,0.09766723960638046,0.006206138048736299,0.0875244140625,0.1114501953125,16384,0.4762179043477782,1057640.0,0.02104994,0.04019622,0.9958870605243826,0.04195151362350818,0.08030587266695596,2.534454,8.090606e-05,0.5516597205010391,0.11567386211341164,6.396585823293173e-05,0.8482695249343758,0.8401382075597758,1.0893924052934576,0.0907277460370525
path_a_only,14.394683890001033,0.1945763213577233,0.0,0.5,0.1,0.1,0.14729024469852448,0.005706029936204581,0.134521484375,0.1585693359375,16384,0.7518910424453356,1057802.0,-0.01942931,0.06809422,0.989992767660292,-0.03848912747438138,0.13576784246122492,3.303946,3.761531e-05,0.22151730186269086,0.11567386211341164,6.396585823293173e-05,0.8482695249343758,0.8401382075597758,1.8470404223134356,0.14159073280140536
path_a_only,14.513497621002898,0.1999101083955087,0.0,0.5,0.1,0.1,0.1656893715262413,0.003187369541413155,0.158203125,0.1748046875,16384,0.8541046230504054,1057878.0,0.05224499,0.05670962,0.9881558602765423,0.10362980968762996,0.11317622694378962,2.242885,3.922033e-05,0.23375744981029917,0.11567386211341164,6.396585823293173e-05,0.8482695249343758,0.8401382075597758,0.8294018035552146,0.15406228908851394
path_a_only,14.636744112001907,0.1909134800313757,0.0,0.5,0.1,0.1,0.15902695059776306,0.0039885234402572975,0.147705078125,0.16748046875,16384,0.8170925460657489,1058043.0,0.08773272,0.07279094,0.9742294826715521,0.17271982677259237,0.14506817891310825,2.26432,4.427848e-05,0.2723317381937427,0.11567386211341164,6.396585823293173e-05,0.8482695249343758,0.8401382075597758,0.6986038951328544,0.22751690458061358
path_a_only,14.760894461003772,0.1682495980681964,0.0,0.5,0.1,0.1,0.1357850283384323,0.00380311949746885,0.1278076171875,0.145751953125,16384,0.6879755441278005,1058159.0,0.00370591,0.06044979,0.9926732765337508,0.007357650375998641,0.1206052695229033,2.594747,5.986826e-05,0.3912219786086061,0.11567386211341164,6.396585823293173e-05,0.8482695249343758,0.8401382075597758,1.5098657970911997,0.12112545397672864
path_a_only,14.880530278998776,0.13665751087671288,0.0,0.5,0.1,0.1,0.08824202418327332,0.006900352728740963,0.0787353515625,0.1063232421875,16384,0.42385753826134814,1058284.0,-0.06546965,0.0229036,0.990399704092611,-0.13042850060954353,0.045791182142580995,2.731987,9.063202e-05,0.6258314998760748,0.11567386211341164,6.396585823293173e-05,0.8482695249343758,0.8401382075597758,2.803953671245332,0.1386772966372604
path_a_only,14.99795073900168,0.10064378988253414,0.0,0.5,0.1,0.1,0.029385216534137726,0.003680682044729895,0.02099609375,0.037841796875,16384,0.09688739945348707,1058398.0,-0.04573018,0.02126046,0.994920315725238,-0.09125034856233658,0.04250810798476952,2.154564,0.0001293151,0.9208350651083868,0.11567386211341164,6.396585823293173e-05,0.8482695249343758,0.8401382075597758,2.7056441301911907,0.10083640852163753
path_a_only,15.115127794997534,0.06461496228122518,0.0,0.5,0.1,0.1,0.01712547242641449,0.0019393150189672742,0.011962890625,0.0225830078125,16384,0.02878023576653511,1058523.0,-0.0219277,0.01104605,0.9987947201713925,-0.043830645344494115,0.02209030299554956,1.602548,0.0001250331,0.8881798249795045,0.11567386211341164,6.396585823293173e-05,0.8482695249343758,0.8401382075597758,2.6747563942124266,0.04910238330332684
path_a_only,15.234871474996908,0.03272861845617929,0.0,0.5,0.1,0.1,0.07557041198015213,0.004627322926743583,0.066162109375,0.087158203125,16384,0.35346230334352685,1058572.0,-0.08210754,-0.00927903,0.9863770971084093,-0.16344987073930026,-0.01855699478077846,2.285657,8.40306e-05,0.5754879792568302,0.11567386211341164,6.396585823293173e-05,0.8482695249343758,0.8401382075597758,-3.028543473807008,0.16525099897034284
path_a_only,15.3518860280019,0.010631917836269239,0.0,0.5,0.1,0.1,0.1477205529808998,0.007339423615785768,0.13671875,0.162841796875,16384,0.7542815553602932,1058709.0,-0.1928063,-0.04051256,0.9235283623094893,-0.3748928488035581,-0.08093649316535298,1.712356,3.578595e-05,0.20756629997521495,0.11567386211341164,6.396585823293173e-05,0.8482695249343758,0.8401382075597758,-2.9289637391933447,0.3936157195460057
path_a_only,15.468557328997122,0.00048747848004013217,0.0,0.5,0.1,0.1,0.18536311388015747,0.0023109470053156414,0.1795654296875,0.190673828125,16384,0.9633991384219767,1058883.0,-0.07495999,0.01961338,0.9880223909937027,-0.14924411302296536,0.03921670081833856,2.14352,1.081519e-05,0.01713515471583001,0.11567386211341164,6.396585823293173e-05,0.8482695249343758,0.8401382075597758,2.8846328406006485,0.15492963688112144
path_a_only,15.588680667999142,0.003855820288125353,0.0,0.5,0.1,0.1,0.19117732346057892,0.0008371574007187777,0.188232421875,0.1944580078125,16384,0.9956991048914683,1059008.0,0.004564187,0.05149744,0.9946592718461277,0.00907987403757608,0.10281288254879753,3.030708,9.537984e-06,0.007394970543936243,0.11567386211341164,6.396585823293173e-05,0.8482695249343758,0.8401382075597758,1.4827103045998395,0.10339718402539393
path_a_only,15.710309488997154,0.021044128340871965,0.0,0.5,0.1,0.1,0.1897868812084198,0.001545594480514577,0.1845703125,0.1943359375,16384,0.987974712177154,1059107.0,-0.0144025,0.02230308,0.9985908874946227,-0.02877236870138749,0.044591369254748645,2.112351,1.078283e-05,0.016888372004346907,0.11567386211341164,6.396585823293173e-05,0.8482695249343758,0.8401382075597758,2.1438217432784494,0.053093192836652515
path_a_only,15.829151685000397,0.04886664654155735,0.0,0.5,0.1,0.1,0.1791439652442932,0.0027921647981351307,0.1712646484375,0.186279296875,16384,0.9288495939604853,1059232.0,-0.335282,-0.1074187,0.7654601393872995,-0.6071420006933894,-0.21318856911946354,0.83028,2.60193e-05,0.1330842119311357,0.11567386211341164,6.396585823293173e-05,0.8482695249343758,0.8401382075597758,-2.803907404340189,0.6990402243146119
path_a_only,15.946515301002364,0.08327624021922474,0.0,0.5,0.1,0.1,0.13387496024370193,0.005563822790619007,0.123291015625,0.1474609375,16384,0.6773644482323263,1059344.0,-0.1256123,-0.00675426,0.9685203498149002,-0.24856762255214715,-0.013508109164373396,1.276633,5.477337e-05,0.35236750490934393,0.11567386211341164,6.396585823293173e-05,0.8482695249343758,0.8401382075597758,-3.0873022559208705,0.2515798570166994
path_a_only,16.067496023002604,0.12104595455678209,0.0,0.5,0.1,0.1,0.06513870507478714,0.006030550962367374,0.0533447265625,0.0767822265625,16384,0.295510525272529,1059481.0,-0.06464923,-0.002571502,0.9916394784213441,-0.1289367852061978,-0.005142981327533882,2.076234,0.0001007153,0.7027282606623324,0.11567386211341164,6.396585823293173e-05,0.8482695249343758,0.8401382075597758,-3.1017261687248836,0.12940013401514308
path_a_only,16.186684888001764,0.15534392280905168,0.0,0.5,0.1,0.1,0.013797290623188019,0.001133270373158975,0.0107421875,0.0186767578125,16384,0.010291022544744975,1059594.0,-0.04550923,0.01509811,0.995406694576162,-0.09085140500018343,0.030191631331411603,2.118629,0.0001305827,0.9305019923357039,0.11567386211341164,6.396585823293173e-05,0.8482695249343758,0.8401382075597758,2.8207554426210155,0.09588353504654804
path_a_only,16.30779084400274,0.18231596771204742,0.0,0.5,0.1,0.1,0.0372069850564003,0.004780394575180861,0.0283203125,0.0478515625,16384,0.14034005755028944,1059718.0,-0.01587826,0.02991347,0.9977076085072473,-0.031694376685442095,0.059791256996911804,2.07433,0.0001126868,0.794024899429944,0.11567386211341164,6.396585823293173e-05,0.8482695249343758,0.8401382075597758,2.0582203263861807,0.06772396727422761
path_a_only,16.42931279700133,0.1975443535941941,0.0,0.5,0.1,0.1,0.10445515811443329,0.007734374692517083,0.0882568359375,0.118896484375,16384,0.5139271642523473,1059818.0,-0.03284162,0.0545729,0.991905970825205,-0.06524545416434505,0.10892922359126576,1.889407,8.008326e-05,0.5453849116318087,0.11567386211341164,6.396585823293173e-05,0.8482695249343758,0.8401382075597758,2.1104589211960807,0.12731827589474815
path_a_only,16.549287257999822,0.1988036143737326,0.0,0.5,0.1,0.1,0.1543125957250595,0.004581096282183023,0.1448974609375,0.165283203125,16384,0.7909026569316576,1059956.0,0.09073724,0.06512213,0.9752479331483791,0.1789514062707822,0.12987633765826775,2.268846,4.161878e-05,0.252048426150121,0.11567386211341164,6.396585823293173e-05,0.8482695249343758,0.8401382075597758,0.6278082370377742,0.22295675388438557
path_a_only,16.670571709000797,0.18598263616900415,0.0,0.5,0.1,0.1,0.17156337946653366,0.0031728924136446212,0.1639404296875,0.1796875,16384,0.8867367903103991,1060058.0,-0.0007644985,0.06853526,0.9906193774984942,-0.001514655236673655,0.13664170206789006,1.782547,3.98513e-05,0.2385693313759509,0.11567386211341164,6.396585823293173e-05,0.8482695249343758,0.8401382075597758,1.5818807408568203,0.13707899410633814
path_a_only,16.79207205199782,0.16077505560214705,0.0,0.5,0.1,0.1,0.16719326376914978,0.002551810242275492,0.159912109375,0.173095703125,16384,0.8624592701176945,1060199.0,-0.001009831,0.0696402,0.9903141352841555,-0.0020001025465928345,0.1388305191454621,3.136677,3.497048e-05,0.20134739089817158,0.11567386211341164,6.396585823293173e-05,0.8482695249343758,0.8401382075597758,1.5852021231470443,0.13929494767626802
path_a_only,16.9088917629997,0.12823327949116903,0.0,0.5,0.1,0.1,0.1423560157418251,0.0042378607619138736,0.1302490234375,0.1513671875,16384,0.7244796759216968,1060313.0,0.005256986,0.05813344,0.9931937187400214,0.010442795747014698,0.11600510795802628,3.031518,5.373759e-05,0.34446847533888764,0.11567386211341164,6.396585823293173e-05,0.8482695249343758,0.8401382075597758,1.4810181771327198,0.11673916407952586
path_a_only,17.029889919002017,0.09062359871525286,0.0,0.5,0.1,0.1,0.08970241993665695,0.0066997309591756305,0.0782470703125,0.1044921875,16384,0.43197054712592714,1060438.0,-0.06941979,0.02745582,0.9888844968126514,-0.13818535809646032,0.05488404842339865,2.539751,9.440502e-05,0.6546050218298983,0.11567386211341164,6.396585823293173e-05,0.8482695249343758,0.8401382075597758,2.763522248342343,0.14923911582952287
path_a_only,17.15295280200371,0.05377637294080218,0.0,0.5,0.1,0.1,0.029746755957603455,0.003136158051771848,0.021484375,0.0374755859375,16384,0.09889587732030931,1060551.0,-0.04121389,0.02405854,0.9954512798750831,-0.08223917713142855,0.04809851494385786,2.209293,0.0001264608,0.8990677012831023,0.11567386211341164,6.396585823293173e-05,0.8482695249343758,0.8401382075597758,2.6123788997588786,0.09541669444926473
path_a_only,17.271205750999798,0.024738928282711667,0.0,0.5,0.1,0.1,0.016381867229938507,0.0017520588201200183,0.01123046875,0.02197265625,16384,0.02464924898656201,1060676.0,-0.0533827,0.01735864,0.9937068334180732,-0.10649846877192579,0.03471030635792369,1.791833,0.0001220764,0.8656315418199843,0.11567386211341164,6.396585823293173e-05,0.8482695249343758,0.8401382075597758,2.826526108953014,0.1122477468732911
path_a_only,17.391904306998185,0.00571095617358125,0.0,0.5,0.1,0.1,0.07358880341053009,0.005697565787249346,0.0616455078125,0.087158203125,16384,0.3424537751043695,1060750.0,-0.138123,0.001886741,0.9620792534982454,-0.2727439658167329,0.003773473044800022,2.111369,8.091291e-05,0.5517119597338468,0.11567386211341164,6.396585823293173e-05,0.8482695249343758,0.8401382075597758,3.1277583152322475,0.2762711125328558
path_a_only,17.513574338998296,9.091620789711263e-05,0.0,0.5,0.1,0.1,0.1481781005859375,0.005238582240008346,0.1370849609375,0.1590576171875,16384,0.7568233922336455,1060862.0,-0.1996746,-0.02024701,0.9205589658840463,-0.3885000910629689,-0.04048295412343457,1.785392,3.836241e-05,0.22721481001315508,0.11567386211341164,6.396585823293173e-05,0.8482695249343758,0.8401382075597758,-3.0377641684399137,0.40128721516014493
path_a_only,17.638216510997154,0.009280152320605473,0.0,0.5,0.1,0.1,0.1839313879609108,0.003370065274738371,0.173583984375,0.1904296875,16384,0.9554454005070429,1060999.0,-0.2007085,-0.03890044,0.9177237610304498,-0.38954117176789427,-0.07772241592887924,1.024725,1.744982e-05,0.06773194028712512,0.11567386211341164,6.396585823293173e-05,0.8482695249343758,0.8401382075597758,-2.944655807617815,0.40848475375800164
path_a_only,17.75968206900143,0.031472513472317706,0.0,0.5,0.1,0.1,0.18989769369363785,0.0015557003763514191,0.1849365234375,0.1944580078125,16384,0.9885903142650108,1061162.0,-0.05918009,0.03852518,0.9900574543412314,-0.11773367486252924,0.0769741444039798,1.558821,1.265031e-05,0.0311300833158567,0.11567386211341164,6.396585823293173e-05,0.8482695249343758,0.8401382075597758,2.5625515032643413,0.14113160655224158
path_a_only,17.880417155996838,0.06330942669905462,0.0,0.5,0.1,0.1,0.18537087738513947,0.0015659287120785741,0.1802978515625,0.1912841796875,16384,0.9634422674057423,1061287.0,-0.1149896,-0.02000796,0.9728916836788356,-0.22777478456867564,-0.04000524144726396,2.288294,1.137935e-05,0.02143753217288516,0.11567386211341164,6.396585823293173e-05,0.8482695249343758,0.8401382075597758,-2.9677308495715797,0.23337389007258222
path_a_only,18.003935460998036,0.10123633003807135,0.0,0.5,0.1,0.1,0.16214541345834732,0.00527142622085243,0.1531982421875,0.176513671875,16384,0.834416697257754,1061424.0,-0.1597954,-0.06785551,0.9406350215922448,-0.311289360211928,-0.13529482759147038,0.957475,4.022496e-05,0.24141892432937406,0.11567386211341164,6.396585823293173e-05,0.8482695249343758,0.8401382075597758,-2.7315960095503984,0.3462999418096253
path_a_only,18.128701064997585,0.1393399490383982,0.0,0.5,0.1,0.1,0.10972952842712402,0.006155856530960623,0.0986328125,0.1241455078125,16384,0.5432281348986864,1061537.0,-0.07092322,-0.03548128,0.9874651412915306,-0.14101544896419008,-0.0709030174782795,1.923357,6.878959e-05,0.45925751653924607,0.11567386211341164,6.396585823293173e-05,0.8482695249343758,0.8401382075597758,-2.6757050086062346,0.1585000549548191
path_a_only,18.25179690100049,0.171108720354982,0.0,0.5,0.1,0.1,0.03889241814613342,0.004857343087304124,0.02392578125,0.051513671875,16384,0.14970322747596065,1061636.0,-0.05150767,-0.001475236,0.9946942810528551,-0.10283278650791129,-0.002950467719218578,2.278951,0.0001035505,0.7243499647289852,0.11567386211341164,6.396585823293173e-05,0.8482695249343758,0.8401382075597758,-3.1129086259934122,0.10305743420322704
path_a_only,18.370540137002536,0.1918427220511018,0.0,0.5,0.1,0.1,0.01430133730173111,0.001351707925638134,0.0103759765625,0.018798828125,16384,0.013091178024317545,1061774.0,-0.03853275,0.02245759,0.996026399986101,-0.07691159450899805,0.04490007974170042,2.214081,0.0001264715,0.8991493012525975,0.11567386211341164,6.396585823293173e-05,0.8482695249343758,0.8401382075597758,2.6131789052493417,0.08917661564340783
path_a_only,18.491893949998484,0.19996757613102145,0.0,0.5,0.1,0.1,0.0647617056965828,0.005658900027199164,0.052490234375,0.076904296875,16384,0.2934161619533903,1061899.0,-0.03736646,0.05271449,0.9916718039741508,-0.07424880784813052,0.10523377659185701,2.187794,9.7081e-05,0.6750124878457989,0.11567386211341164,6.396585823293173e-05,0.8482695249343758,0.8401382075597758,2.1852445047288303,0.12914938308468502
path_a_only,18.615726492003887,0.19346348446662104,0.0,0.5,0.1,0.1,0.12208204716444016,0.007064287997492627,0.107666015625,0.13916015625,16384,0.611850694080696,1061949.0,0.05050349,0.05055864,0.9898211677490532,0.10032024860629288,0.10094505235756926,2.163142,8.08994e-05,0.5516089302396522,0.11567386211341164,6.396585823293173e-05,0.8482695249343758,0.8401382075597758,0.7885025323134158,0.14280159229476141
path_a_only,18.73572984200291,0.17380860244294138,0.0,0.5,0.1,0.1,0.15681800246238708,0.0023390440999319128,0.149658203125,0.1634521484375,16384,0.8048210670764555,1062136.0,0.09239308,0.07339411,0.972404584773676,0.1817604265700993,0.1462616519946034,3.155736,3.399766e-05,0.1939285046996244,0.11567386211341164,6.396585823293173e-05,0.8482695249343758,0.8401382075597758,0.6775970159176428,0.23547091275248733
path_a_only,18.858905907996814,0.14288868340676286,0.0,0.5,0.1,0.1,0.1660735309123993,0.006636603275862218,0.1495361328125,0.1785888671875,16384,0.856238762716376,1062211.0,0.03114118,0.07195811,0.9877430481268518,0.06159863765129856,0.1434199383509129,1.683761,4.431673e-05,0.2726234390192751,0.11567386211341164,6.396585823293173e-05,0.8482695249343758,0.8401382075597758,1.1651216511868574,0.1567295303916448
path_a_only,18.977210555996862,0.10715340010158865,0.0,0.5,0.1,0.1,0.15368101745843887,0.006702985375444489,0.13720703125,0.1668701171875,16384,0.7873940189039882,1062387.0,0.09287478,0.0862298,0.968218939574703,0.18194359829863319,0.1716059791702587,1.757212,6.378924e-05,0.4211240205143848,0.11567386211341164,6.396585823293173e-05,0.8482695249343758,0.8401382075597758,0.7561669741945143,0.2527878206450291
path_a_only,19.09716972499882,0.0699451496249146,0.0,0.5,0.1,0.1,0.12276678532361984,0.0029675151436520746,0.1151123046875,0.129638671875,16384,0.6156546538925957,1062491.0,0.004093407,0.03787988,0.9970981860675846,0.0081632397673401,0.07568730975026998,2.201074,7.954105e-05,0.5412499285046997,0.11567386211341164,6.396585823293173e-05,0.8482695249343758,0.8401382075597758,1.4633568430808266,0.07619997952891032
path_a_only,19.214284631001647,0.037651285890291666,0.0,0.5,0.1,0.1,0.06439168751239777,0.003352235603681837,0.0546875,0.0714111328125,16384,0.29136058160717715,1062568.0,-0.03072058,0.01526426,0.9976480057843198,-0.06137389934372881,0.030523778172365915,2.408457,9.764792e-05,0.6793359135192847,0.11567386211341164,6.396585823293173e-05,0.8482695249343758,0.8401382075597758,2.6800742228263026,0.06859907832976984
path_a_only,19.331731917998695,0.013650104285049716,0.0,0.5,0.1,0.1,0.015631847083568573,0.0011753785252895594,0.0120849609375,0.0198974609375,16384,0.020482624917700008,1062732.0,-0.0483921,0.01619736,0.9947978565099096,-0.09658247170518133,0.032389054364203945,2.061457,0.0001310779,0.9342784694286094,0.11567386211341164,6.396585823293173e-05,0.8482695249343758,0.8401382075597758,2.8180270586722465,0.10204567742303511
path_a_only,19.451849261997268,0.001141950655496951,0.0,0.5,0.1,0.1,0.03249207139015198,0.003922946685792519,0.0233154296875,0.04150390625,16384,0.11414706412274095,1062858.0,-0.05809812,0.003935729,0.9932260381363568,-0.11593135294895121,0.00787137671452429,1.395341,0.0001088931,0.7650935158528912,0.11567386211341164,6.396585823293173e-05,0.8482695249343758,0.8401382075597758,3.0737998243305533,0.11646135383481876
path_a_only,19.57354260000284,0.0026571432370491588,0.0,0.5,0.1,0.1,0.10391359031200409,0.005836793738606699,0.087646484375,0.1170654296875,16384,0.5109185658147671,1062970.0,0.03132267,-0.03848753,0.9950831133768712,0.06241899450756378,-0.07689906759420378,1.792836,4.266949e-05,0.2600613143696021,0.11567386211341164,6.396585823293173e-05,0.8482695249343758,0.8401382075597758,-0.8889616756823528,0.09920606040218637
path_a_only,19.691658055002335,0.017585848793188627,0.0,0.5,0.1,0.1,0.16739585995674133,0.005453430874109171,0.15478515625,0.1771240234375,16384,0.8635847627535447,1063108.0,-0.06135507,0.004572453,0.9924390534515544,-0.1223972965783759,0.009144778536842996,1.131063,1.646566e-05,0.060226573373243594,0.11567386211341164,6.396585823293173e-05,0.8482695249343758,0.8401382075597758,3.0670173184559033,0.12304872036339688
path_a_only,19.812238347003586,0.04437464808047788,0.0,0.5,0.1,0.1,0.18840358406305313,0.0022574269135007988,0.18017578125,0.1934814453125,16384,0.9802900130285127,1063221.0,-0.03404833,0.06385056,0.9895584771584631,-0.06748997993507264,0.12735432027295743,1.408605,1.349927e-05,0.03760439267125506,0.11567386211341164,6.396585823293173e-05,0.8482695249343758,0.8401382075597758,2.0581070297820556,0.1446357114063939
path_a_only,19.929647060998832,0.07807748056137154,0.0,0.5,0.1,0.1,0.1910596415400505,0.0008715145864971737,0.187744140625,0.1944580078125,16384,0.9950453406893774,1063346.0,-0.01394199,0.03986504,0.9964357424936744,-0.02779179754727204,0.0796456343447099,3.321153,8.5683e-06,0.0,0.11567386211341164,6.396585823293173e-05,0.8482695249343758,0.8401382075597758,1.9065293106021493,0.08445563146422756
path_a_only,20.04843383000116,0.11515728995912496,0.0,0.5,0.1,0.1,0.18914473056793213,0.0013401192913931276,0.1846923828125,0.193115234375,16384,0.984407340917274,1063446.0,-0.1127067,-0.01677276,0.974153426136581,-0.2233835769980147,-0.03353922888101461,1.702575,1.266129e-05,0.03121381861165658,0.11567386211341164,6.396585823293173e-05,0.8482695249343758,0.8401382075597758,-2.9925639567482007,0.22785385054029447
path_a_only,20.172540157000185,0.15158939750381006,0.0,0.5,0.1,0.1,0.16782020032405853,0.004115634639874457,0.159423828125,0.1795654296875,16384,0.8659421218143792,1063522.0,-0.02706703,-0.07289654,0.9879416512266853,-0.05353359618111137,-0.14527714153096546,1.235494,2.057577e-05,0.0915709519360927,0.11567386211341164,6.396585823293173e-05,0.8482695249343758,0.8401382075597758,-1.9238499799071456,0.15545199236371063
path_a_only,20.291466478003713,0.17929703265183783,0.0,0.5,0.1,0.1,0.11160243302583694,0.00680223369296832,0.0950927734375,0.12646484375,16384,0.5536327745839656,1063635.0,-0.1426977,-0.05363783,0.9540344155974586,-0.27991845982323704,-0.10707002244233638,3.317339,3.119277e-05,0.17253794970543934,0.11567386211341164,6.396585823293173e-05,0.8482695249343758,0.8401382075597758,-2.77625913238234,0.3043751130953145
path_a_only,20.409509789998992,0.19598628895699802,0.0,0.5,0.1,0.1,0.040500156581401825,0.0052793787631410455,0.0289306640625,0.0506591796875,16384,0.15863477643933982,1063798.0,-0.04418979,-0.006763169,0.9960059439037391,-0.08825649577680829,-0.013525925536537567,2.294528,0.0001035215,0.7241288059331565,0.11567386211341164,6.396585823293173e-05,0.8482695249343758,0.8401382075597758,-2.989518910507626,0.08940601410458358
path_a_only,20.52667151499918,0.19964915845960293,0.0,0.5,0.1,0.1,0.014067687094211578,0.0013291057475269315,0.010498046875,0.0186767578125,16384,0.0117931694534047,1063936.0,-0.03811311,0.02753299,0.99558484157595,-0.07603699562201163,0.05503815513776693,2.20031,0.0001265601,0.8998249795046804,0.11567386211341164,6.396585823293173e-05,0.8482695249343758,0.8401382075597758,2.515049226989218,0.09400437428146498
path_a_only,20.647474732002593,0.18945801189668848,0.0,0.5,0.1,0.1,0.061249494552612305,0.006447924251460798,0.0472412109375,0.078369140625,16384,0.2739046014196886,1064061.0,-0.04013671,0.03483217,0.9943620506444267,-0.079992736030101,0.06960800543492773,2.246245,9.556912e-05,0.6634826409410688,0.11567386211341164,6.396585823293173e-05,0.8482695249343758,0.8401382075597758,2.4254996187512354,0.10623798831338714
path_a_only,20.76767258899781,0.16667787840722548,0.0,0.5,0.1,0.1,0.12144096195697784,0.0055634076357763415,0.1070556640625,0.133056640625,16384,0.6082892416736745,1064111.0,0.06632287,0.05687562,0.9848095181781936,0.1314023629489363,0.11350608757714334,2.341167,7.615431e-05,0.515422089188004,0.11567386211341164,6.396585823293173e-05,0.8482695249343758,0.8401382075597758,0.7124544844341445,0.17452275972063078
path_a_only,20.88469269900088,0.13543777702038623,0.0,0.5,0.1,0.1,0.1565151959657669,0.004240874045527624,0.1455078125,0.166259765625,16384,0.8031388711472769,1064298.0,0.1126486,0.03009923,0.972962154269574,0.22299140588569488,0.0601621081764174,4.333092,2.773399e-05,0.14616072143524428,0.11567386211341164,6.396585823293173e-05,0.8482695249343758,0.8401382075597758,0.26352134653693815,0.23306897165133778
path_a_only,21.002802075003274,0.0991197135448496,0.0,0.5,0.1,0.1,0.16678600013256073,0.0034019021564609857,0.1571044921875,0.1732177734375,16384,0.8601967782649127,1064398.0,0.09935436,0.05708117,0.9739409438403737,0.1961186370045946,0.11391452115855148,3.200695,3.251872e-05,0.1826498636822939,0.11567386211341164,6.396585823293173e-05,0.8482695249343758,0.8401382075597758,0.526215824782351,0.22879260638223894
path_a_only,21.12387516799936,0.062058372240084377,0.0,0.5,0.1,0.1,0.15484492480754852,0.006335285274863283,0.1436767578125,0.169921875,16384,0.7938599310507449,1064523.0,-0.07106835,0.03474432,0.9875265474520891,-0.14131671524530756,0.06943273053563037,3.010993,4.435014e-05,0.2728782292044002,0.11567386211341164,6.396585823293173e-05,0.8482695249343758,0.8401382075597758,2.6849074137043027,0.15811053297407046
path_a_only,21.245594606996747,0.03027469491314759,0.0,0.5,0.1,0.1,0.12107665836811066,0.007925694962869028,0.10791015625,0.1368408203125,16384,0.6062654079018838,1064648.0,0.04784586,0.03818234,0.9925240076189212,0.09526729161948845,0.07629048071393325,3.842948,5.622181e-05,0.36341354788278574,0.11567386211341164,6.396585823293173e-05,0.8482695249343758,0.8401382075597758,0.6752313297538821,0.1223546163686103
path_a_only,21.36880917900271,0.008373755296889648,0.0,0.5,0.1,0.1,0.06686527281999588,0.008626587308228288,0.0489501953125,0.08251953125,16384,0.30510221258723114,1064748.0,-0.07972852,0.02397748,0.9861786069845455,-0.1585996192836031,0.047936581950716026,2.83147,9.467538e-05,0.6566668319002497,0.11567386211341164,6.396585823293173e-05,0.8482695249343758,0.8401382075597758,2.848073803177842,0.16645329297288092
path_a_only,21.492882507001923,2.4998028097841796e-05,0.0,0.5,0.1,0.1,0.016955822706222534,0.002212989480323581,0.011962890625,0.0234375,16384,0.02783777227292269,1064886.0,-0.0433683,0.01804357,0.9955921161821586,-0.08657148339332266,0.03607930790648587,2.007308,0.0001339266,0.956003126727803,0.11567386211341164,6.396585823293173e-05,0.8482695249343758,0.8401382075597758,2.7467242096534745,0.09392684248439502
path_a_only,21.61192342400318,0.006118325856012324,0.0,0.5,0.1,0.1,0.03375469148159027,0.004700803438527328,0.020263671875,0.0426025390625,16384,0.12116136005636072,1065011.0,-0.1004923,0.0058542,0.9798033301884352,-0.19962052445884884,0.011708132490982728,2.11864,9.294492e-05,0.6434700577682027,0.11567386211341164,6.396585823293173e-05,0.8482695249343758,0.8401382075597758,3.0830078229895586,0.2013207520304912
path_a_only,21.73310893499729,0.025638364345072773,0.0,0.5,0.1,0.1,0.10476924479007721,0.008593022332772269,0.0931396484375,0.1241455078125,16384,0.5156720255187823,1065124.0,-0.06059642,-0.05136931,0.9874308371556287,-0.12025890051380035,-0.10255797717070195,0.7534782,6.683581e-05,0.4443576671560122,0.11567386211341164,6.396585823293173e-05,0.8482695249343758,0.8401382075597758,-2.435469575931007,0.15871724606606621
path_a_only,21.849010136997094,0.054324089561143984,0.0,0.5,0.1,0.1,0.16907795518636703,0.0039085476074446806,0.1605224609375,0.1790771484375,16384,0.8729293896996314,1065261.0,-0.2988216,-0.02994956,0.8251815183434303,-0.5616866085061704,-0.059863307704026654,0.9001212,2.064534e-05,0.09210150426111989,0.11567386211341164,6.396585823293173e-05,0.8482695249343758,0.8401382075597758,-3.035415685426922,0.6002728555718594
path_a_only,21.96960309499991,0.09046503801779479,0.0,0.5,0.1,0.1,0.1897740662097931,0.0018435510543323645,0.182861328125,0.1947021484375,16384,0.9879035203805351,1065374.0,-0.05577161,0.04149572,0.9903650781327997,-0.11092894709017685,0.08289620445158156,1.670271,1.224989e-05,0.028076414177041424,0.11567386211341164,6.396585823293173e-05,0.8482695249343758,0.8401382075597758,2.499827556661394,0.13892756167332634
path_a_only,22.092147747003764,0.12854641400887662,0.0,0.5,0.1,0.1,0.1908096820116043,0.0009472367961804245,0.1878662109375,0.194091796875,16384,0.9936567281400932,1065499.0,-0.08053465,0.05472993,0.9811490731291868,-0.1594139603970788,0.10924140940255397,1.523142,1.323259e-05,0.035570646889477794,0.11567386211341164,6.396585823293173e-05,0.8482695249343758,0.8401382075597758,2.540821988320187,0.19447597616586204
path_a_only,22.216003487999842,0.16276998915453617,0.0,0.5,0.1,0.1,0.18528594076633453,0.002337795971684512,0.1790771484375,0.1915283203125,16384,0.9629704148002447,1065624.0,-0.1352741,-0.03373376,0.9614322161753224,-0.26665170119545223,-0.06741634779324174,1.302988,1.64808e-05,0.0603420335169968,0.11567386211341164,6.396585823293173e-05,0.8482695249343758,0.8401382075597758,-2.8939564760408847,0.2786333716985988
path_a_only,22.340604211000027,0.18772195583026627,0.0,0.5,0.1,0.1,0.160012386739254,0.003619300806293784,0.1512451171875,0.1678466796875,16384,0.8225669882728486,1065674.0,-0.2917223,-0.06660016,0.8271773020264072,-0.5460220397443426,-0.13280678870352058,1.482355,2.16271e-05,0.09958856837810527,0.11567386211341164,6.396585823293173e-05,0.8482695249343758,0.8401382075597758,-2.9029995557019537,0.5967304944810423
path_a_only,22.459558788999857,0.1991940023249979,0.0,0.5,0.1,0.1,0.09554725885391235,0.010283392376549155,0.07568359375,0.11865234375,16384,0.46444067026745395,1065873.0,-0.06337894,-0.02969324,0.9902282557590174,-0.12619584596375344,-0.059351579237173886,2.739103,6.904524e-05,0.46120714571695487,0.11567386211341164,6.396585823293173e-05,0.8482695249343758,0.8401382075597758,-2.7019752191303916,0.13991211769713915
path_a_only,22.585803071000555,0.19638886182852233,0.0,0.5,0.1,0.1,0.02554410696029663,0.005908092141178415,0.014892578125,0.0408935546875,16384,0.07554869318144426,1065948.0,-0.1014585,-0.007451106,0.9793741328187323,-0.20150495895092707,-0.014901660435711644,2.31796,0.0001075158,0.7545899982841128,0.11567386211341164,6.396585823293173e-05,0.8482695249343758,0.8401382075597758,-3.067775194172955,0.20345596170181923
path_a_only,22.70492033300252,0.1799834907366047,0.0,0.5,0.1,0.1,0.022380799055099487,0.002103851095880424,0.0157470703125,0.0277099609375,16384,0.057975412091852155,1066110.0,-0.0001366828,0.03432244,0.9976448279728215,-0.0002727217837790733,0.06859098222002809,2.332665,0.0001169308,0.8263903452746372,0.11567386211341164,6.396585823293173e-05,0.8482695249343758,0.8401382075597758,1.574772364720129,0.06864542345671466
path_a_only,22.824140675002127,0.15247984871614725,0.0,0.5,0.1,0.1,0.07979612052440643,0.0063002600780268205,0.068359375,0.094970703125,16384,0.3769375913257266,1066235.0,-0.03481846,0.04862019,0.9928636575598714,-0.06925194446412244,0.09708720659681448,1.930897,8.824648e-05,0.6076389773312234,0.11567386211341164,6.396585823293173e-05,0.8482695249343758,0.8401382075597758,2.1903903481199425,0.11953950415815766
path_a_only,22.941683898003248,0.11821822978608991,0.0,0.5,0.1,0.1,0.13940981775522232,0.004795278877025774,0.1270751953125,0.1490478515625,16384,0.7081125163166838,1066347.0,0.02680471,0.06077777,0.991195177475418,0.05318836225420432,0.1212564153774567,4.632324,3.255372e-05,0.1829167794703628,0.11567386211341164,6.396585823293173e-05,0.8482695249343758,0.8401382075597758,1.1574263334681305,0.13279889882669396
path_a_only,23.06165301099827,0.08075201316437983,0.0,0.5,0.1,0.1,0.1648646742105484,0.0051951753440098464,0.1522216796875,0.17529296875,16384,0.8495231412039204,1066471.0,0.1511042,0.07813585,0.9430481723718595,0.294002460442653,0.1556364283828244,2.144735,3.831478e-05,0.22685157575642026,0.11567386211341164,6.396585823293173e-05,0.8482695249343758,0.8401382075597758,0.486867528611147,0.3391187877147595
path_a_only,23.182926651003072,0.045643292007431294,0.0,0.5,0.1,0.1,0.16662222146987915,0.004899666288830177,0.1549072265625,0.177978515625,16384,0.8592869305478908,1066521.0,-0.1110131,0.03958798,0.9723973897568158,-0.21951667870330874,0.07909326245136028,2.055593,3.773819e-05,0.2224544050637738,0.11567386211341164,6.396585823293173e-05,0.8482695249343758,0.8401382075597758,2.7957658602662256,0.23550175084009045
path_a_only,23.30564401800075,0.018068858301715465,0.0,0.5,0.1,0.1,0.15278351306915283,0.005249182646574764,0.1392822265625,0.161376953125,16384,0.782408068315317,1066720.0,-0.04306449,0.04995639,0.991324547042194,-0.08559352683156261,0.09974663200390985,4.815835,3.404619e-05,0.1942986025051953,0.11567386211341164,6.396585823293173e-05,0.8482695249343758,0.8401382075597758,2.2799795411920236,0.13181825346098702
path_a_only,23.42273032599769,0.0029319341002379817,0.0,0.5,0.1,0.1,0.11855457723140717,0.00764375613725547,0.103271484375,0.1361083984375,16384,0.5922543656403224,1066820.0,-0.05297185,0.04952811,0.989518641104131,-0.10522725356301293,0.09889430729328799,1.641441,9.679624e-05,0.6728408609940706,0.11567386211341164,6.396585823293173e-05,0.8482695249343758,0.8401382075597758,2.387209907871677,0.1449118356756317
path_a_only,23.54248692299734,0.000889478449764225,0.0,0.5,0.1,0.1,0.05690692365169525,0.0051915172681017314,0.0469970703125,0.0673828125,16384,0.2497801021991353,1066957.0,-0.03542795,0.01927983,0.9967493044004171,-0.07074400014799181,0.03855010532210867,2.618526,0.000110938,0.780688261424949,0.11567386211341164,6.396585823293173e-05,0.8482695249343758,0.8401382075597758,2.6426548953629094,0.08065306315531656
path_a_only,23.662862596000195,0.012806116148080818,0.0,0.5,0.1,0.1,0.014399781823158264,0.0018919210170436716,0.010009765625,0.020263671875,16384,0.013638071750321099,1067081.0,-0.05911128,0.01047833,0.9928017986795916,-0.11792146212602489,0.0209551260704449,2.148075,0.0001227198,0.8705382166212274,0.11567386211341164,6.396585823293173e-05,0.8482695249343758,0.8401382075597758,2.9657244596696586,0.12005709990615718
path_a_only,23.782985306002956,0.036983028488612055,0.0,0.5,0.1,0.1,0.037016548216342926,0.004728858573160045,0.028564453125,0.048583984375,16384,0.1392821143400684,1067181.0,-0.1455256,0.02896925,0.9563353583352143,-0.2864778649850324,0.05790609010695466,1.236299,0.0001162339,0.8210756706259175,0.11567386211341164,6.396585823293173e-05,0.8482695249343758,0.8401382075597758,2.9421487875786987,0.29660128551115506
path_a_only,23.899512650998076,0.06895272513569808,0.0,0.5,0.1,0.1,0.1107364147901535,0.009513514932506751,0.0914306640625,0.1285400390625,16384,0.5488217405839639,1067319.0,-0.243207,0.00507117,0.8839693786856568,-0.467434780490905,0.010142166115443656,2.08353,3.378658e-05,0.19231877371260792,0.11567386211341164,6.396585823293173e-05,0.8482695249343758,0.8401382075597758,3.1198985576288294,0.4865112565530471
path_a_only,24.02363488500123,0.10741829724893281,0.0,0.5,0.1,0.1,0.16968456655740738,0.005598681323404819,0.158447265625,0.181884765625,16384,0.8762993278956321,1067431.0,-0.03935182,-0.01952268,0.9961446530006027,-0.0785624894220525,-0.03903543971980608,2.157091,1.345749e-05,0.03728577148195458,0.11567386211341164,6.396585823293173e-05,0.8482695249343758,0.8401382075597758,-2.680451202338853,0.08783879362614791
path_a_only,24.144626909997896,0.14388862926437282,0.0,0.5,0.1,0.1,0.1869475319981575,0.0018564237762544742,0.1802978515625,0.192138671875,16384,0.9722011348717412,1067544.0,-0.1025499,0.009625412,0.9788592558358956,-0.20362713183041728,0.019249634981333266,1.60878,1.264878e-05,0.0311184152828354,0.11567386211341164,6.396585823293173e-05,0.8482695249343758,0.8401382075597758,3.04733901436106,0.2059886185265672
path_a_only,24.26588982099929,0.17415095788538482,0.0,0.5,0.1,0.1,0.18721294403076172,0.0017434556788760744,0.1812744140625,0.192626953125,16384,0.9736755914827625,1067669.0,-0.07777626,-0.01101623,0.9876863074465019,-0.15488837054846505,-0.022030677509681667,1.447358,1.38309e-05,0.04013345789403442,0.11567386211341164,6.396585823293173e-05,0.8482695249343758,0.8401382075597758,-3.0003045285595333,0.1570926289538308
path_a_only,24.39048000799812,0.19413905122250844,0.0,0.5,0.1,0.1,0.17461678385734558,0.0030614883573221326,0.1678466796875,0.181884765625,16384,0.903699518962825,1067794.0,-0.1595388,-0.02076365,0.9487065520945606,-0.3134204084913256,-0.04151536527578069,2.114427,1.818078e-05,0.07330636212846274,0.11567386211341164,6.396585823293173e-05,0.8482695249343758,0.8401382075597758,-3.009900244920224,0.32167701053952985
path_a_only,24.50768427800358,0.1999708623317016,0.0,0.5,0.1,0.1,0.13618310540914536,0.004039122545901144,0.1278076171875,0.14599609375,16384,0.6901870013961456,1067906.0,-0.1384816,-0.05069304,0.9569507747598588,-0.27203170670655585,-0.10121247567777561,1.252764,5.53581e-05,0.35682675258812985,0.11567386211341164,6.396585823293173e-05,0.8482695249343758,0.8401382075597758,-2.7854008467902176,0.2944883477964293
path_a_only,24.631758672003343,0.19155463747835053,0.0,0.5,0.1,0.1,0.07000197470188141,0.0059533307327590546,0.0576171875,0.08154296875,16384,0.3225276879176801,1068043.0,-0.1275052,-0.006621057,0.9675758321406593,-0.2522333556917252,-0.013241726994703338,1.689931,0.0001095347,0.769986463556462,0.11567386211341164,6.396585823293173e-05,0.8482695249343758,0.8401382075597758,-3.0891428807934105,0.2553465096034961
path_a_only,24.75295016099699,0.17005228951523027,0.0,0.5,0.1,0.1,0.016810603439807892,0.002908450320935889,0.0107421875,0.0250244140625,16384,0.027031028489259992,1068092.0,-0.0988418,0.003123632,0.9805050116560176,-0.1963947410642169,0.006247223363389243,2.330079,0.000109216,0.7675560046519608,0.11567386211341164,6.396585823293173e-05,0.8482695249343758,0.8401382075597758,3.1097938511771313,0.19778100083798644
path_a_only,24.86967517699668,0.13980842170067995,0.0,0.5,0.1,0.1,0.028829552233219147,0.003334243454100651,0.0205078125,0.0357666015625,16384,0.0938004900396261,1068279.0,-0.02899949,0.03476188,0.9959067894025302,-0.05782643293225665,0.06946776573545287,2.568793,0.0001052661,0.7374334140435834,0.11567386211341164,6.396585823293173e-05,0.8482695249343758,0.8401382075597758,2.264995985381974,0.09050973477972872
path_a_only,24.991650991003553,0.10262261779486252,0.0,0.5,0.1,0.1,0.08827383071184158,0.008059393338237625,0.0714111328125,0.1063232421875,16384,0.4240342346449332,1068379.0,0.01320647,0.04820957,0.995008093425709,0.0262872023865792,0.0962698135867249,1.856739,9.266286e-05,0.6413190215629825,0.11567386211341164,6.396585823293173e-05,0.8482695249343758,0.8401382075597758,1.3042368629884589,0.09996064525942114
path_a_only,25.10917447900283,0.06637033440809799,0.0,0.5,0.1,0.1,0.13859474658966064,0.004795623461308988,0.1263427734375,0.1490478515625,16384,0.7035845110988218,1068516.0,-0.01208785,0.0759433,0.9881985346667247,-0.023895046764559905,0.15130328093817863,1.986051,5.523392e-05,0.3558797353720615,0.11567386211341164,6.396585823293173e-05,0.8482695249343758,0.8401382075597758,1.727430800900323,0.15378394645131202
path_a_only,25.22600961200078,0.034814337474835644,0.0,0.5,0.1,0.1,0.1585143804550171,0.004186509610674988,0.1507568359375,0.170654296875,16384,0.8142450397633088,1068640.0,0.05981726,0.0552803,0.9867903628835126,0.11862064823165695,0.11033549534636089,8.160903,1.633298e-05,0.05921473375150139,0.11567386211341164,6.396585823293173e-05,0.8482695249343758,0.8401382075597758,0.7492273090115154,0.16271952812837961
path_a_only,25.34292175900191,0.011930829208382801,0.0,0.5,0.1,0.1,0.1599828377366066,0.006867988514000424,0.142822265625,0.1727294921875,16384,0.8224028332348307,1068740.0,-0.08772726,0.09342352,0.9675093356250875,-0.1715175237371165,0.18576174129618148,1.604035,5.46282e-05,0.35126041448208795,0.11567386211341164,6.396585823293173e-05,0.8482695249343758,0.8401382075597758,2.3163470121476637,0.2556096453820782
path_a_only,25.46295173800172,0.0006765736805853517,0.0,0.5,0.1,0.1,0.1424686685204506,0.004277839857139785,0.13134765625,0.15087890625,16384,0.7251055014826726,1068864.0,-0.02924004,0.05971914,0.9911784301091853,-0.05803036203505708,0.11915450796495747,1.866085,6.871713e-05,0.4587049245962898,0.11567386211341164,6.396585823293173e-05,0.8482695249343758,0.8401382075597758,2.024004312406805,0.1329253211724355
path_a_only,25.58534161600255,0.003572633036765499,0.0,0.5,0.1,0.1,0.10104616731405258,0.005500827335919921,0.0911865234375,0.1151123046875,16384,0.4949890288060635,1068989.0,-0.07180213,0.02673921,0.988291701645021,-0.1429066003936321,0.05345293278692494,2.230309,9.707826e-05,0.6749915921526758,0.11567386211341164,6.396585823293173e-05,0.8482695249343758,0.8401382075597758,2.7836629842935547,0.15317452356048358
path_a_only,25.70427876499889,0.019895694734836017,0.0,0.5,0.1,0.1,0.039143405854701996,0.004829135342488283,0.0284423828125,0.048583984375,16384,0.15109755192520624,1069126.0,-0.04926615,0.02124173,0.9942517090062354,-0.09828418145568951,0.04247068181422787,2.069248,0.0001321442,0.9424102495662616,0.11567386211341164,6.396585823293173e-05,0.8482695249343758,0.8401382075597758,2.7337057519144654,0.1072735437349417
path_a_only,25.82705287099816,0.04830111822892058,0.0,0.5,0.1,0.1,0.013088785111904144,0.0011270501299997192,0.010009765625,0.0174560546875,16384,0.006355026784464808,1069226.0,-0.07022957,0.008379365,0.9900127807095542,-0.13997808861647398,0.01675794554874306,1.748552,0.0001330825,0.9495658805361193,0.11567386211341164,6.396585823293173e-05,0.8482695249343758,0.8401382075597758,3.0224413904364367,0.14144884445522407
path_a_only,25.94469509299961,0.08271273488311442,0.0,0.5,0.1,0.1,0.06053643673658371,0.008118053858607747,0.0450439453125,0.078125,16384,0.2699433160153769,1069326.0,-0.08170928,-0.01087781,0.9864433856245008,-0.16265366465145598,-0.021753903859401937,3.027747,6.388065e-05,0.4218211282911669,0.11567386211341164,6.396585823293173e-05,0.8482695249343758,0.8401382075597758,-3.0086379386803848,0.16484754102346807
path_a_only,26.065726266002457,0.12050209916176985,0.0,0.5,0.1,0.1,0.13948027789592743,0.006276525943229686,0.1209716796875,0.150390625,16384,0.7085039470263497,1069438.0,0.09210476,0.0140172,0.982695059498833,0.18309751043011546,0.028030727976259717,1.92687,3.529984e-05,0.20385914472555333,0.11567386211341164,6.396585823293173e-05,0.8482695249343758,0.8401382075597758,0.15191233565894047,0.18630664115442586
path_a_only,26.185729807002645,0.15509376758955107,0.0,0.5,0.1,0.1,0.181637242436409,0.002908535533260493,0.1729736328125,0.1888427734375,16384,0.9427006202419718,1069550.0,-0.2389179,-0.06527222,0.8804364512411714,-0.4559456031509919,-0.1301739693376931,1.019769,1.921389e-05,0.081185029837372,0.11567386211341164,6.396585823293173e-05,0.8482695249343758,0.8401382075597758,-2.8634880778222196,0.49401444705273256
path_a_only,26.307508295001753,0.1822655334188502,0.0,0.5,0.1,0.1,0.19033481925725937,0.0011670205052519203,0.185791015625,0.1939697265625,16384,0.9910186995601464,1069712.0,-0.07928726,0.032572,0.9853588779879668,-0.15757582476504012,0.0650979340679291,2.33413,1.031827e-05,0.013345560618482008,0.11567386211341164,6.396585823293173e-05,0.8482695249343758,0.8401382075597758,2.749826211689242,0.17133002793869817
path_a_only,26.426968081002997,0.1973794696605542,0.0,0.5,0.1,0.1,0.18924926966428757,0.00124936453066367,0.185546875,0.193603515625,16384,0.984988092137251,1069836.0,-0.07218959,-0.01084536,0.9893626320423118,-0.14384425176444343,-0.02168901917184008,1.40407,1.379088e-05,0.039828258755791116,0.11567386211341164,6.396585823293173e-05,0.8482695249343758,0.8401382075597758,-2.9919387140337013,0.14598822260703012
path_a_only,26.550636439998925,0.1987373585963187,0.0,0.5,0.1,0.1,0.17833436280488968,0.004202698144427568,0.165771484375,0.186767578125,16384,0.9243519694279246,1069911.0,-0.1597862,-0.05357095,0.9439259588774948,-0.3123591773664061,-0.1069370304066101,1.195948,1.70893e-05,0.06498255514670834,0.11567386211341164,6.396585823293173e-05,0.8482695249343758,0.8401382075597758,-2.8117466860427234,0.3364701207350952
path_a_only,26.670717647000856,0.1859592178756443,0.0,0.5,0.1,0.1,0.1441134661436081,0.006411586371318529,0.12841796875,0.158935546875,16384,0.7342429271881347,1070048.0,0.1007529,-0.09361572,0.9626432660466333,0.1966470247029911,-0.18613943701035535,1.260419,4.510565e-05,0.27863987340565477,0.11567386211341164,6.396585823293173e-05,0.8482695249343758,0.8401382075597758,-0.7579547955631587,0.27419579404106514
path_a_only,26.79210115800379,0.16076779390413548,0.0,0.5,0.1,0.1,0.07111421972513199,0.00405730568743696,0.0623779296875,0.0821533203125,16384,0.3287065977866719,1070185.0,-0.1404193,-0.0146501,0.9604109438167204,-0.27704252908891797,-0.029296007801271617,1.922007,9.759332e-05,0.6789195248898972,0.11567386211341164,6.396585823293173e-05,0.8482695249343758,0.8401382075597758,-3.036238657550615,0.2823227408902769
path_a_only,26.908356831001583,0.12839445637595584,0.0,0.5,0.1,0.1,0.01631198823451996,0.001973008198704032,0.010498046875,0.0218505859375,16384,0.024261046742091615,1070321.0,-0.0428266,0.0175863,0.9957177820334369,-0.08549559530198014,0.035165348375539425,2.087859,0.0001316599,0.9387168976759259,0.11567386211341164,6.396585823293173e-05,0.8482695249343758,0.8401382075597758,2.751372907757329,0.09257729411844393
path_a_only,27.02849129900278,0.0910611414989403,0.0,0.5,0.1,0.1,0.03621547669172287,0.0050547732527058305,0.0263671875,0.049072265625,16384,0.13483188202095464,1070445.0,-0.06484159,0.04361528,0.9878326683815107,-0.1288282924514773,0.08711997671200886,2.166916,0.0001088423,0.7647061066519227,0.11567386211341164,6.396585823293173e-05,0.8482695249343758,0.8401382075597758,2.546985578144114,0.15615432100229826
path_a_only,27.150357812999573,0.05450082044727408,0.0,0.5,0.1,0.1,0.10285744816064835,0.00800044779745141,0.0859375,0.1192626953125,16384,0.5050513270088803,1070544.0,0.0602013,0.08797042,0.9774344178954446,0.11825765024171694,0.17503453051527043,1.570306,8.924816e-05,0.6152779546624467,0.11567386211341164,6.396585823293173e-05,0.8482695249343758,0.8401382075597758,0.9766176292256592,0.2128424962783734
path_a_only,27.268380435001745,0.025326338892287137,0.0,0.5,0.1,0.1,0.1527019962668419,0.006739623563222324,0.1383056640625,0.166259765625,16384,0.7819552139857775,1070680.0,0.2469847,0.1077076,0.8601084297844062,0.46316640898971434,0.21375305049840992,2.040928,4.63789e-05,0.28834988846733134,0.11567386211341164,6.396585823293173e-05,0.8482695249343758,0.8401382075597758,0.4323791875967231,0.5353141313381821
path_a_only,27.386163572999067,0.006327010443562847,0.0,0.5,0.1,0.1,0.17340222001075745,0.004616566270746137,0.16015625,0.1820068359375,16384,0.8969521922665262,1070730.0,-0.0554407,0.06882652,0.984457813714757,-0.10960762631452137,0.13721873512628224,2.718056,2.991824e-05,0.16281817315208477,0.11567386211341164,6.396585823293173e-05,0.8482695249343758,0.8401382075597758,2.2447931242572405,0.17653676053344264
path_a_only,27.50760254800116,2.852117714870206e-05,0.0,0.5,0.1,0.1,0.1724667027592659,0.0026984434476088493,0.164306640625,0.1790771484375,16384,0.891755066941605,1070917.0,-0.09336104,0.08348094,0.9689539465642569,-0.18305749918969294,0.16618724809072064,2.39514,3.936534e-05,0.23486332005109528,0.11567386211341164,6.396585823293173e-05,0.8482695249343758,0.8401382075597758,2.404461924609002,0.24983210248313045
path_a_only,27.626653042003454,0.0078120262371363935,0.0,0.5,0.1,0.1,0.1568593978881836,0.004218876789212399,0.1483154296875,0.1669921875,16384,0.8050510331357664,1070967.0,-0.0543293,0.03817294,0.9912067080125754,-0.10812901717918626,0.07627173549052346,4.13348,2.908504e-05,0.15646405216297113,0.11567386211341164,6.396585823293173e-05,0.8482695249343758,0.8401382075597758,2.5272669881217844,0.1327117876367168
path_a_only,27.745747588000086,0.028351011392924633,0.0,0.5,0.1,0.1,0.1125132367014885,0.007948540243661793,0.095703125,0.129150390625,16384,0.5586926073569188,1071156.0,-0.03479985,0.03710013,0.9948340037384856,-0.06935216775767593,0.07413219161043359,3.07164,7.739675e-05,0.5248971420945263,0.11567386211341164,6.396585823293173e-05,0.8482695249343758,0.8401382075597758,2.3228929043286346,0.10169021898609133
path_a_only,27.865853552997578,0.05909310602784569,0.0,0.5,0.1,0.1,0.04360600560903549,0.007360005688728405,0.0321044921875,0.0633544921875,16384,0.1758888533803707,1071268.0,-0.02159537,0.02337642,0.9979757290515371,-0.043130132467386284,0.046735809583218234,2.174151,0.0001251208,0.8888486396827514,0.11567386211341164,6.396585823293173e-05,0.8482695249343758,0.8401382075597758,2.316093156551906,0.0636388916125908
path_a_only,27.988944916003675,0.09652764109862094,0.0,0.5,0.1,0.1,0.012362882494926453,0.000795690946735105,0.0096435546875,0.0155029296875,16384,0.0023223840212164798,1071394.0,-0.05502602,0.008219471,0.9938160847859884,-0.10981518633002614,0.0164382016033058,1.809807,0.000128497,0.9145960992164115,0.11567386211341164,6.396585823293173e-05,0.8482695249343758,0.8401382075597758,2.993006197848663,0.11126813751450639
path_a_only,28.112471633001405,0.13460334463857682,0.0,0.5,0.1,0.1,0.05460740625858307,0.005856602621405863,0.0447998046875,0.0682373046875,16384,0.23700547932629548,1071469.0,-0.06660653,0.0006768553,0.9911393456886021,-0.1328192941432108,0.0013537101865469512,1.544677,0.0001082318,0.7600503326914644,0.11567386211341164,6.396585823293173e-05,0.8482695249343758,0.8401382075597758,3.1314008864671,0.1332198972910443
path_a_only,28.233582517998002,0.1669712162318331,0.0,0.5,0.1,0.1,0.12781936675310135,0.006851415535724466,0.1143798828125,0.14208984375,16384,0.6437235097704739,1071607.0,-0.02466045,0.005952228,0.99871319991088,-0.049297413172191704,0.011904174826533777,0.938407,5.052498e-05,0.31996858019866153,0.11567386211341164,6.396585823293173e-05,0.8482695249343758,0.8401382075597758,2.9046519019116186,0.050736104690922004
path_a_only,28.351811968997936,0.18935764007101324,0.0,0.5,0.1,0.1,0.17312871664762497,0.004027580904373592,0.1634521484375,0.18115234375,16384,0.8954327854862443,1071719.0,-0.2659545,-0.04544493,0.858283068201226,-0.5050860629673058,-0.09076477199484595,1.067152,2.135339e-05,0.09750121065375301,0.11567386211341164,6.396585823293173e-05,0.8482695249343758,0.8401382075597758,-2.963788768826502,0.5388817682011571
path_a_only,28.47091030300362,0.1995827024225689,0.0,0.5,0.1,0.1,0.18675737082958221,0.002221884217629032,0.1805419921875,0.1923828125,16384,0.971144723112959,1071882.0,-0.05640194,0.02419917,0.9924808572495395,-0.11243298916329428,0.0483794475064154,1.839667,1.18e-05,0.024645478637204243,0.11567386211341164,6.396585823293173e-05,0.8482695249343758,0.8401382075597758,2.735244947071516,0.12270765752906182
path_a_only,28.592740098996728,0.19578565033966264,0.0,0.5,0.1,0.1,0.18626052141189575,0.0023755612598186323,0.17919921875,0.192626953125,16384,0.9683845509331155,1072008.0,-0.1806655,-0.0009349896,0.9354254823021689,-0.3535189814445923,-0.0018699781101693912,1.275229,1.565361e-05,0.05403374578177726,0.11567386211341164,6.396585823293173e-05,0.8482695249343758,0.8401382075597758,-3.1363030913089673,0.3613356263366302
path_a_only,28.713478256999224,0.17834105730385913,0.0,0.5,0.1,0.1,0.17059757560491562,0.002845434883532628,0.163330078125,0.177490234375,16384,0.8813714122800965,1072058.0,-0.2307617,-0.04920556,0.8910429039937865,-0.44315800697170066,-0.09825234907720994,2.067123,1.561274e-05,0.05372206440296657,0.11567386211341164,6.396585823293173e-05,0.8482695249343758,0.8401382075597758,-2.92341233564236,0.47115875832923154
path_a_only,28.833018267003354,0.15008569555925796,0.0,0.5,0.1,0.1,0.12752122431993484,0.008180478652182738,0.1060791015625,0.14111328125,16384,0.6420672243440183,1072195.0,-0.1518232,-0.1175548,0.9279999377203433,-0.29077588043467845,-0.23294957168553984,1.046799,5.779011e-05,0.37537366303788294,0.11567386211341164,6.396585823293173e-05,0.8482695249343758,0.8401382075597758,-2.46616245797873,0.38178802138117784
path_a_only,28.950937191002595,0.1153525767707209,0.0,0.5,0.1,0.1,0.053939566016197205,0.005135952750169424,0.04296875,0.066162109375,16384,0.23329539334854216,1072358.0,-0.1177761,-0.006652557,0.9722995496437846,-0.2333593155410109,-0.013304721444826305,2.24454,0.0001041457,0.7288890583592305,0.11567386211341164,6.396585823293173e-05,0.8482695249343758,0.8401382075597758,-3.084640423375689,0.23592070422612485
path_a_only,29.07276149900281,0.07733985032370345,0.0,0.5,0.1,0.1,0.012388981878757477,0.0008194623984237609,0.009765625,0.0155029296875,16384,0.0024673752209584347,1072471.0,-0.04383014,0.01881969,0.9954547391318652,-0.08748604643814495,0.037630493200763976,2.101931,0.0001322891,0.9435152809288667,0.11567386211341164,6.396585823293173e-05,0.8482695249343758,0.8401382075597758,2.7353837286054414,0.09538037827987468
path_a_only,29.194281076997868,0.04268440558288564,0.0,0.5,0.1,0.1,0.04928872734308243,0.0045442318630436445,0.040283203125,0.0594482421875,16384,0.2074583589040884,1072596.0,0.03217121,0.04821318,0.9932949327731925,0.06399934209510529,0.09627700004929941,2.110062,0.0001088504,0.7647678785914472,0.11567386211341164,6.396585823293173e-05,0.8482695249343758,0.8401382075597758,0.9841275377631113,0.11586693783042805
path_a_only,29.316624095001316,0.016140228112155444,0.0,0.5,0.1,0.1,0.11348722130060196,0.007084475757028213,0.098388671875,0.1273193359375,16384,0.5641034322434352,1072671.0,-0.008226546,0.05146115,0.9945735410948547,-0.016365286716531497,0.10274068690020968,3.061159,6.644115e-05,0.44134792472974776,0.11567386211341164,6.396585823293173e-05,0.8482695249343758,0.8401382075597758,1.7287566024738688,0.10422450539140453
path_a_only,29.435916053000255,0.0020197650660108146,0.0,0.5,0.1,0.1,0.1532856747508049,0.0030930426398858533,0.1453857421875,0.1605224609375,16384,0.7851977519782938,1072859.0,-0.03290367,0.05030232,0.9927900430781423,-0.06542734587762873,0.10043501767963887,3.618614,2.909983e-05,0.15657684314884368,0.11567386211341164,6.396585823293173e-05,0.8482695249343758,0.8401382075597758,2.1481828898063053,0.12015521238310153
path_a_only,29.56093517899717,0.0018267505019515795,0.0,0.5,0.1,0.1,0.17043960094451904,0.003599570748287383,0.1630859375,0.178955078125,16384,0.8804938078244503,1072959.0,0.08901812,0.09112104,0.9678949489671751,0.17416443541566273,0.18123497786071235,1.246581,4.798142e-05,0.30057097100150615,0.11567386211341164,6.396585823293173e-05,0.8482695249343758,0.8401382075597758,0.80529017663723,0.2540800117345143
path_a_only,29.681611332998727,0.01583953176374818,0.0,0.5,0.1,0.1,0.16175363957881927,0.005034874699301278,0.148193359375,0.1741943359375,16384,0.8322402564196064,1073084.0,-0.04658274,0.07726105,0.9838001027880747,-0.09192231880917659,0.15390791096924708,2.247991,4.657396e-05,0.2898374482850661,0.11567386211341164,6.396585823293173e-05,0.8482695249343758,0.8401382075597758,2.1091952369662046,0.1802433166565518
path_a_only,29.80293667800288,0.04197035229154055,0.0,0.5,0.1,0.1,0.13798218965530396,0.006521573343302566,0.125732421875,0.1514892578125,16384,0.7001815432204362,1073209.0,-0.06075111,0.04579405,0.9884673219482214,-0.12069549343175733,0.09146010772886613,1.924742,7.832096e-05,0.5319453203942727,0.11567386211341164,6.396585823293173e-05,0.8482695249343758,0.8401382075597758,2.4931336647259403,0.15201916713588068
path_a_only,29.920935191003082,0.07541568689108835,0.0,0.5,0.1,0.1,0.08238775283098221,0.007379209404284868,0.068359375,0.10009765625,16384,0.39133501464626347,1073309.0,-0.01241415,0.03464361,0.9972931338092007,-0.024766182315439693,0.06923179522836231,3.238242,8.160576e-05,0.5569957484128043,0.11567386211341164,6.396585823293173e-05,0.8482695249343758,0.8401382075597758,1.9143395140018118,0.07359467725979847
path_a_only,30.0419137209974,0.11312956568786793,0.0,0.5,0.1,0.1,0.02124924212694168,0.0034861856223864047,0.0145263671875,0.0313720703125,16384,0.0516892178409788,1073446.0,-0.04024519,0.01738468,0.9961599613641751,-0.08035490062695859,0.034762354928240216,2.088599,0.0001319474,0.9409094202207773,0.11567386211341164,6.396585823293173e-05,0.8482695249343758,0.8401382075597758,2.7332937416674046,0.08766411814474562
path_a_only,30.161282503999246,0.14852804859854643,0.0,0.5,0.1,0.1,0.024753764271736145,0.0032868962362031596,0.0185546875,0.0345458984375,16384,0.07115806329670915,1073571.0,0.00598546,0.01963817,0.9991571883585325,0.011961402142697539,0.03926624262967616,2.04282,9.730724e-05,0.676737831499876,0.11567386211341164,6.396585823293173e-05,0.8482695249343758,0.8401382075597758,1.275103627652026,0.04105922689626951
path_a_only,30.28055935500015,0.17716321757578027,0.0,0.5,0.1,0.1,0.09875893592834473,0.005533939915588115,0.0882568359375,0.1119384765625,16384,0.4822826589987031,1073622.0,-0.0342177,-0.01409615,0.9972627654043387,-0.06835482066806026,-0.028188565581248055,1.528862,8.822382e-05,0.6074661684238623,0.11567386211341164,6.396585823293173e-05,0.8482695249343758,0.8401382075597758,-2.750454569966829,0.07400654363180027
path_a_only,30.403049448003003,0.1953973248901167,0.0,0.5,0.1,0.1,0.16266918927431107,0.003996757563172443,0.1534423828125,0.173095703125,16384,0.8373264549916563,1073735.0,0.07985504,0.005970975,0.9872030346402009,0.15902064333433885,0.011941666161437709,1.728206,3.241509e-05,0.18185956416464888,0.11567386211341164,6.396585823293173e-05,0.8482695249343758,0.8401382075597758,0.0749543841295961,0.1601521314597358
path_a_only,30.51991822999844,0.19980428256307256,0.0,0.5,0.1,0.1,0.18780798465013504,0.0014378408621013915,0.1837158203125,0.1922607421875,16384,0.976981250108909,1073915.0,-0.06450162,0.03227613,0.9896251480736646,-0.12837778920565984,0.06450743785676545,1.728045,1.189762e-05,0.025389944900955176,0.11567386211341164,6.396585823293173e-05,0.8482695249343758,0.8401382075597758,2.6759619788749607,0.14417240593612665
path_a_only,30.63931522599887,0.1905740928873995,0.0,0.5,0.1,0.1,0.19108087569475174,0.0008188855566259995,0.1881103515625,0.1944580078125,16384,0.9951633038407519,1074045.0,-0.00915284,0.05344234,0.9941266805117112,-0.018200197887813737,0.10668128182399512,2.229001,1.118015e-05,0.019918400030504654,0.11567386211341164,6.396585823293173e-05,0.8482695249343758,0.8401382075597758,1.739772954316761,0.10843502961350393
path_a_only,30.76028934700298,0.16838841831219667,0.0,0.5,0.1,0.1,0.1881939023733139,0.0013857562518683917,0.183837890625,0.1925048828125,16384,0.9791251579516249,1074173.0,-0.08795744,0.002396053,0.9845555338509328,-0.1750069617454543,0.004792087658810465,1.792246,1.216422e-05,0.02742308058950257,0.11567386211341164,6.396585823293173e-05,0.8482695249343758,0.8401382075597758,3.1142172254054126,0.1759794644561358
path_a_only,30.882711735997873,0.13601903661837036,0.0,0.5,0.1,0.1,0.16975869238376617,0.003666839373923169,0.1629638671875,0.179443359375,16384,0.8767111227703774,1074277.0,-0.1270248,-0.02003251,0.9671258551321937,-0.25112393995528604,-0.040054302092994015,2.423611,1.843349e-05,0.07523357037997369,0.11567386211341164,6.396585823293173e-05,0.8482695249343758,0.8401382075597758,-2.983424818145176,0.2571219904206846
path_a_only,31.00045864900312,0.09985591121598014,0.0,0.5,0.1,0.1,0.11953091621398926,0.003847370938430658,0.1119384765625,0.128173828125,16384,0.5976782699499386,1074394.0,-0.08842868,0.005960424,0.984331514900639,-0.17592432716277964,0.011920565663442515,2.017168,5.434368e-05,0.34909061791004936,0.11567386211341164,6.396585823293173e-05,0.8482695249343758,0.8401382075597758,3.0739364513136813,0.17725447148657508
path_a_only,31.121295757999178,0.06280936259764375,0.0,0.5,0.1,0.1,0.04611462354660034,0.0027594600173430706,0.039794921875,0.0533447265625,16384,0.18982510286490276,1074535.0,-0.05508061,0.008687826,0.9937883487562288,-0.10992194947596645,0.01737477768984346,2.101644,0.0001138312,0.8027522830832586,0.11567386211341164,6.396585823293173e-05,0.8482695249343758,0.8401382075597758,2.9848249722463693,0.11151764600994646
path_a_only,31.238680756003305,0.03184799950222218,0.0,0.5,0.1,0.1,0.012848496437072754,0.0008451069903553476,0.01025390625,0.0164794921875,16384,0.005020139207280172,1074650.0,-0.03692815,0.02066632,0.9964221193668759,-0.07372615239975651,0.04132087231353337,2.117961,0.000129628,0.9232212922537225,0.11567386211341164,6.396585823293173e-05,0.8482695249343758,0.8401382075597758,2.6307509876259427,0.08461697476729352
path_a_only,31.361657168999955,0.009296854889467895,0.0,0.5,0.1,0.1,0.057347528636455536,0.003995626005714833,0.0445556640625,0.064697265625,16384,0.2522278168948647,1074776.0,0.001104331,0.0367582,0.9972964538400041,0.00220269436205128,0.0734501960222007,2.114921,9.504444e-05,0.6594813444929553,0.11567386211341164,6.396585823293173e-05,0.8482695249343758,0.8401382075597758,1.5408163605630616,0.07354951029953748
path_a_only,31.481022407002456,0.0001776737872946077,0.0,0.5,0.1,0.1,0.12437044084072113,0.00557100003229122,0.116943359375,0.1397705078125,16384,0.6245635208184473,1074889.0,-0.002890432,0.03728182,0.9972047567808024,-0.005764769295679443,0.07449456684019533,2.0682,5.81895e-05,0.37841947722636365,0.11567386211341164,6.396585823293173e-05,0.8482695249343758,0.8401382075597758,1.648027504314328,0.07478698311239408
path_a_only,31.598878235003212,0.00478603761176645,0.0,0.5,0.1,0.1,0.16651775687932968,0.0033709717594629664,0.1566162109375,0.1768798828125,16384,0.8587065932337081,1075013.0,-0.00257686,0.0671655,0.9909779896269802,-0.005107268302541869,0.13392736794753551,2.525638,3.173431e-05,0.17666782330174827,0.11567386211341164,6.396585823293173e-05,0.8482695249343758,0.8401382075597758,1.608912469840746,0.13442923207493898
path_a_only,31.720626866001112,0.023074356637365984,0.0,0.5,0.1,0.1,0.1762823611497879,0.0018902736774213044,0.1719970703125,0.1822509765625,16384,0.9129523829943162,1075122.0,0.09253638,0.1204108,0.9545580206372192,0.17870772306173652,0.23850059738970011,1.326237,4.105614e-05,0.24775764046443338,0.11567386211341164,6.396585823293173e-05,0.8482695249343758,0.8401382075597758,0.9277454484354744,0.30262311226541744
path_a_only,31.84388433300046,0.05289754931714003,0.0,0.5,0.1,0.1,0.16875794529914856,0.003115610938899108,0.1605224609375,0.1773681640625,16384,0.8711516229225499,1075243.0,0.1376145,0.0599042,0.9554643415029769,0.2698191759420478,0.11952198295810254,2.78835,3.494744e-05,0.20117168404796856,0.11567386211341164,6.396585823293173e-05,0.8482695249343758,0.8401382075597758,0.4169929846778797,0.29956706204733474
path_a_only,31.96373893800046,0.08863287424008397,0.0,0.5,0.1,0.1,0.14301752299070358,0.006712417123312967,0.1322021484375,0.1617431640625,16384,0.7281545799069349,1075376.0,0.002134448,0.03513096,0.9975235573650224,0.004258350191282737,0.07020412349341912,4.7443,3.957712e-05,0.23647838935387314,0.11567386211341164,6.396585823293173e-05,0.8482695249343758,0.8401382075597758,1.51021385687394,0.07039126989242056
path_a_only,32.08308175500133,0.12580555384543954,0.0,0.5,0.1,0.1,0.091391921043396,0.00884646984722616,0.0694580078125,0.103759765625,16384,0.44135631630796696,1075498.0,0.03501722,0.0276532,0.9960233299203257,0.06987020716981909,0.05527820912866704,2.683794,9.344438e-05,0.6472790223255991,0.11567386211341164,6.396585823293173e-05,0.8482695249343758,0.8401382075597758,0.6693247310096915,0.089211081475745
path_a_only,32.2005083030017,0.15890764061564078,0.0,0.5,0.1,0.1,0.028577566146850586,0.0034145678553804647,0.022705078125,0.0382080078125,16384,0.09240061925273696,1075609.0,-0.04353912,0.01954052,0.9954504115630946,-0.08690182880512073,0.039071092500610353,2.098649,0.0001326941,0.9466038779050923,0.11567386211341164,6.396585823293173e-05,0.8482695249343758,0.8401382075597758,2.7190711278253668,0.09542580804893815
path_a_only,32.32170087600389,0.18471790268530033,0.0,0.5,0.1,0.1,0.01826193928718567,0.0022742031666832105,0.0130615234375,0.02490234375,16384,0.035093706409252585,1075731.0,-0.1491539,0.01115688,0.9555972532015988,-0.29382999918120895,0.022311908361464086,1.755562,0.000119895,0.848995824674458,0.11567386211341164,6.396585823293173e-05,0.8482695249343758,0.8401382075597758,3.0658033466886057,0.2991163477584542
path_a_only,32.44176710500324,0.19833123605457942,0.0,0.5,0.1,0.1,0.0820302665233612,0.0033581415810475896,0.0745849609375,0.0919189453125,16384,0.38934905325465097,1075782.0,-0.05197602,-0.004168231,0.9945672898405329,-0.10376131740919053,-0.008336365441043192,2.368841,7.627071e-05,0.5163097748374673,0.11567386211341164,6.396585823293173e-05,0.8482695249343758,0.8401382075597758,-3.061423104063399,0.10428457560825811
path_a_only,32.566836598998634,0.19780364659969366,0.0,0.5,0.1,0.1,0.1576361283659935,0.0057618402739358495,0.145751953125,0.1693115234375,16384,0.8093660424318836,1075982.0,-0.03327489,-0.007056524,0.9976870135982644,-0.06649404482470767,-0.014112579502928668,1.168383,2.116899e-05,0.09609494575889876,0.11567386211341164,6.396585823293173e-05,0.8482695249343758,0.8401382075597758,-2.9324577179482594,0.06802762090691844
path_a_only,32.68952582700149,0.18279169685153554,0.0,0.5,0.1,0.1,0.18534276634454727,0.00276631692149946,0.1785888671875,0.1915283203125,16384,0.9632861007495545,1076094.0,-0.1139213,-0.005699347,0.9740926819631066,-0.2258617328105998,-0.011398447162457746,1.389435,1.363733e-05,0.03865726106270613,0.11567386211341164,6.396585823293173e-05,0.8482695249343758,0.8401382075597758,-3.091168949630602,0.22812260834302314
path_a_only,32.810977385001024,0.1559541143545893,0.0,0.5,0.1,0.1,0.19003324210643768,0.001141671606615499,0.186279296875,0.1943359375,16384,0.9893433330765737,1076218.0,-0.003995741,0.02018882,0.9991530281443566,-0.007984883422009691,0.04036666925446597,1.602057,1.275116e-05,0.031899182093763696,0.11567386211341164,6.396585823293173e-05,0.8482695249343758,0.8401382075597758,1.7660841027304697,0.04116045293422444
path_a_only,32.92756954499782,0.12255884220787648,0.0,0.5,0.1,0.1,0.18655478209257126,0.0027658003321890472,0.1787109375,0.1922607421875,16384,0.9700192718676882,1076342.0,-0.2527639,-0.0179907,0.8743526982554721,-0.48395584150499255,-0.03597363654914274,2.217188,1.344644e-05,0.03720150235457855,0.11567386211341164,6.396585823293173e-05,0.8482695249343758,0.8401382075597758,-3.067396627827261,0.5066959597410206
path_a_only,33.04878314799862,0.0847342456484713,0.0,0.5,0.1,0.1,0.16205082088708878,0.003103581119010517,0.153076171875,0.171142578125,16384,0.8338912024613157,1076417.0,-0.2477511,-0.01966319,0.8790498461795885,-0.47510588387248215,-0.03931624398883065,1.577415,2.471933e-05,0.12317042573068196,0.11567386211341164,6.396585823293173e-05,0.8482695249343758,0.8401382075597758,-3.0590281842738256,0.4969308689238461
path_a_only,33.168400841997936,0.04952892745254478,0.0,0.5,0.1,0.1,0.09999065846204758,0.004710783848737362,0.0882568359375,0.110107421875,16384,0.48912530819942823,1076503.0,-0.3124077,-0.05388989,0.806364777127228,-0.5815533307418856,-0.10757123087319859,1.184123,5.979129e-05,0.3906349926598157,0.11567386211341164,6.396585823293173e-05,0.8482695249343758,0.8401382075597758,-2.9586877145334425,0.6328168419938033
path_a_only,33.29025494099915,0.02093543511193946,0.0,0.5,0.1,0.1,0.029555074870586395,0.003432965754476772,0.0218505859375,0.037353515625,16384,0.09783102188332352,1076666.0,-0.07637073,-0.009214896,0.988189837516225,-0.15212240548463188,-0.018428748715691695,2.038677,0.0001124196,0.7919871880421726,0.11567386211341164,6.396585823293173e-05,0.8482695249343758,0.8401382075597758,-3.0210359129168958,0.15384071393271218
path_a_only,33.413841968998895,0.0036408949046880384,0.0,0.5,0.1,0.1,0.016157343983650208,0.0014682674107967845,0.0130615234375,0.021728515625,16384,0.02340194387545045,1076828.0,-0.01589209,0.0322174,0.9974207700226931,-0.03171288115407026,0.06439022205463903,2.283853,0.0001202944,0.8520417151245924,0.11567386211341164,6.396585823293173e-05,0.8482695249343758,0.8401382075597758,2.0284346632258226,0.07183786575898471
path_a_only,33.531756910000695,0.0004972627951293773,0.0,0.5,0.1,0.1,0.0699329599738121,0.005453722611447088,0.0592041015625,0.083740234375,16384,0.3221442869804235,1076927.0,0.01448525,0.04178168,0.9960924622412987,0.028865372600850057,0.08346614242123056,1.727773,0.0001087711,0.7641631236773369,0.11567386211341164,6.396585823293173e-05,0.8482695249343758,0.8401382075597758,1.2378382892511617,0.08843172759036882
path_a_only,33.65390455900342,0.01146292590817656,0.0,0.5,0.1,0.1,0.13169237971305847,0.006608410625215377,0.1181640625,0.1435546875,16384,0.6652394505036343,1077001.0,-0.02342834,0.04599471,0.9946790232552992,-0.046641496247798384,0.09185973831690615,2.858995,6.054533e-05,0.39638542639797136,0.11567386211341164,6.396585823293173e-05,0.8482695249343758,0.8401382075597758,2.0406222222116854,0.10320564181017851
path_a_only,33.77711075400293,0.03556085436432206,0.0,0.5,0.1,0.1,0.16040796041488647,0.00507657446546541,0.1466064453125,0.1702880859375,16384,0.8247645383065053,1077187.0,0.02594715,0.0825026,0.9850895790440567,0.051166473140799786,0.16425746036370806,2.173082,4.339671e-05,0.2656072143524432,0.11567386211341164,6.396585823293173e-05,0.8482695249343758,0.8401382075597758,1.2688212277524684,0.17290241430718364
path_a_only,33.89570842200192,0.0678188964641337,0.0,0.5,0.1,0.1,0.16366379708051682,0.0032763825304699804,0.15576171875,0.1719970703125,16384,0.8428518490020338,1077312.0,-0.05942852,0.07454066,0.9819310166043158,-0.1172621220428832,0.14852970532662765,4.047898,2.949166e-05,0.15956500352710148,0.11567386211341164,6.396585823293173e-05,0.8482695249343758,0.8401382075597758,2.239093328892004,0.19038729901610585
path_a_only,34.02082859299844,0.1065388268906964,0.0,0.5,0.1,0.1,0.14871876686811447,0.004706754590472963,0.1376953125,0.1610107421875,16384,0.7598269824111147,1077436.0,0.05681899,0.04878096,0.9888254313079524,0.11285432817661281,0.09740722257844693,3.75143,4.056809e-05,0.2440356904539475,0.11567386211341164,6.396585823293173e-05,0.8482695249343758,0.8401382075597758,0.7120637642282652,0.14963584305547478
path_a_only,34.14483243200084,0.14394663599062463,0.0,0.5,0.1,0.1,0.119825579226017,0.005656240007316038,0.105712890625,0.1297607421875,16384,0.5993152259758004,1077560.0,0.02667639,0.03267358,0.9964457490740999,0.05321365164235849,0.06530066179635244,2.723529,7.429018e-05,0.501205925530495,0.11567386211341164,6.396585823293173e-05,0.8482695249343758,0.8401382075597758,0.8870345119674035,0.0843369239855161
path_a_only,34.26588025700039,0.17414894192607663,0.0,0.5,0.1,0.1,0.0675450786948204,0.00547690091027598,0.0552978515625,0.07958984375,16384,0.30887877183554846,1077635.0,-0.004123079,0.02878656,0.9983091826322165,-0.00823240185238067,0.057541319344770796,2.55519,9.768562e-05,0.6796234199538617,0.11567386211341164,6.396585823293173e-05,0.8482695249343758,0.8401382075597758,1.7129013841242449,0.058160021663771044
path_a_only,34.38369892100309,0.19339914061151964,0.0,0.5,0.1,0.1,0.016666874289512634,0.0024676491815810784,0.0115966796875,0.0238037109375,16384,0.026232562821483216,1077799.0,-0.04870475,0.01984848,0.9944753587309969,-0.09717890633266787,0.03968653475477102,1.976331,0.0001337444,0.9546136393967704,0.11567386211341164,6.396585823293173e-05,0.8482695249343758,0.8401382075597758,2.7538776720610016,0.10516402160567548
path_a_only,34.504654354001104,0.19998930992295033,0.0,0.5,0.1,0.1,0.02918219566345215,0.005125697010566147,0.0196533203125,0.042236328125,16384,0.09575954755460939,1077901.0,-0.08801928,0.01786789,0.9839165982904047,-0.1750189280030802,0.035728174446662854,2.158486,9.917192e-05,0.6909581895483403,0.11567386211341164,6.396585823293173e-05,0.8482695249343758,0.8401382075597758,2.940220551780736,0.17959231727541947
path_a_only,34.62716053299664,0.1921260801428072,0.0,0.5,0.1,0.1,0.09877786040306091,0.005290427406419448,0.0855712890625,0.1104736328125,16384,0.4823877910704543,1078040.0,-0.1285899,-0.0372219,0.9644325833449672,-0.2536496456494019,-0.07437505929063687,2.534024,3.976156e-05,0.2378849592953423,0.11567386211341164,6.396585823293173e-05,0.8482695249343758,0.8401382075597758,-2.856367916860065,0.2675080549892937
path_a_only,34.74691585399705,0.1713924732749417,0.0,0.5,0.1,0.1,0.15909777581691742,0.005204802746260499,0.1502685546875,0.172607421875,16384,0.8174860049138069,1078154.0,-0.1318852,-0.02738035,0.9639666668124878,-0.2603315718094333,-0.05473333530538838,1.640758,2.025325e-05,0.08911136107986502,0.11567386211341164,6.396585823293173e-05,0.8482695249343758,0.8401382075597758,-2.9343660986962505,0.26926506320942695
path_a_only,34.86967348399776,0.1398089096116525,0.0,0.5,0.1,0.1,0.182033509016037,0.0024756466368386675,0.174560546875,0.1885986328125,16384,0.9449020195995155,1078266.0,-0.107872,0.006238377,0.976741364041289,-0.21405757743623804,0.01247643029440472,1.802661,1.248672e-05,0.029882518922422826,0.11567386211341164,6.396585823293173e-05,0.8482695249343758,0.8401382075597758,3.0833731272576514,0.21609886658296856
path_a_only,34.9926299860017,0.10231515131617666,0.0,0.5,0.1,0.1,0.1840813010931015,0.002371158373208155,0.17724609375,0.189453125,16384,0.9562782203557463,1078391.0,-0.1691094,-0.03117972,0.9415135742377189,-0.33116238889419775,-0.062319031667730215,1.986063,1.253168e-05,0.03022539131761071,0.11567386211341164,6.396585823293173e-05,0.8482695249343758,0.8401382075597758,-2.955585273642614,0.3437021922067521
path_a_only,35.11277001800045,0.06530872124420542,0.0,0.5,0.1,0.1,0.17172926664352417,0.005228330709653109,0.1580810546875,0.1817626953125,16384,0.8876583515613996,1078527.0,-0.3242589,-0.06074389,0.7911057360359619,-0.5995539200944969,-0.12118915508543077,2.248693,2.329961e-05,0.11234340622676402,0.11567386211341164,6.396585823293173e-05,0.8482695249343758,0.8401382075597758,-2.9421477410920156,0.6581817315154561
path_a_only,35.23203433299932,0.03339076790054857,0.0,0.5,0.1,0.1,0.1332489624619484,0.005610333042321319,0.1239013671875,0.146484375,16384,0.6738868117486497,1078626.0,-0.1307125,-0.03205663,0.9640379143343933,-0.2579263821905023,-0.064069345992541,2.12038,4.331672e-05,0.2649971973842253,0.11567386211341164,6.396585823293173e-05,0.8482695249343758,0.8401382075597758,-2.898118858856556,0.26899710850418856
path_a_only,35.34840225699736,0.011128347675420966,0.0,0.5,0.1,0.1,0.07185343652963638,0.004853940022238803,0.0628662109375,0.08154296875,16384,0.3328132055153609,1078739.0,-0.08517774,-0.02473671,0.9843187152173899,-0.16932526061230882,-0.04945324045359051,1.889666,9.014084e-05,0.6220856799679702,0.11567386211341164,6.396585823293173e-05,0.8482695249343758,0.8401382075597758,-2.8574355162236813,0.17732704708675126
path_a_only,35.464709860003495,0.0006139480448955348,0.0,0.5,0.1,0.1,0.019671186804771423,0.002639538801502455,0.011962890625,0.025146484375,16384,0.042922568946047256,1078815.0,-0.07379626,-0.004630595,0.9890855631939108,-0.14705094863102294,-0.009261057612412032,2.05697,0.0001134262,0.7996636861070331,0.11567386211341164,6.396585823293173e-05,0.8482695249343758,0.8401382075597758,-3.078697155726924,0.14788068806022048
path_a_only,35.58510945500166,0.0035533374752165087,0.0,0.5,0.1,0.1,0.021705850958824158,0.0022322843578029567,0.0162353515625,0.028076171875,16384,0.05422583950132299,1079002.0,-0.02225877,0.03607741,0.996409806080269,-0.04438703951987837,0.07209222613944845,2.342937,0.0001142011,0.8055732016548779,0.11567386211341164,6.396585823293173e-05,0.8482695249343758,0.8401382075597758,2.1226785829564747,0.0847625415798605
path_a_only,35.70685514600336,0.020382822002347575,0.0,0.5,0.1,0.1,0.07941757142543793,0.004999262551887342,0.0721435546875,0.09375,16384,0.37483461876606655,1079101.0,0.04034163,0.04523361,0.9926708056133503,0.08026616425493663,0.09034386840700154,2.230674,8.662296e-05,0.5952577453242073,0.11567386211341164,6.396585823293173e-05,0.8482695249343758,0.8401382075597758,0.8443982570452269,0.12114590190578531
path_a_only,35.82595587600372,0.04800642427587662,0.0,0.5,0.1,0.1,0.1324635073542595,0.007391098084717939,0.1202392578125,0.1470947265625,16384,0.6695233340840204,1079238.0,0.08643788,0.06463649,0.9768744187388606,0.170580628808506,0.128913223095646,1.845632,5.822477e-05,0.37868845207908336,0.11567386211341164,6.396585823293173e-05,0.8482695249343758,0.8401382075597758,0.6471594446376638,0.21547745648785738
path_a_only,35.94262897300359,0.08207378539395249,0.0,0.5,0.1,0.1,0.15681517869234085,0.0037435199004049935,0.147705078125,0.1641845703125,16384,0.8048053800468516,1079361.0,0.0612149,0.1125826,0.9674610116899411,0.11904142622275846,0.22326739507309845,1.274433,5.558993e-05,0.35859472650664426,0.11567386211341164,6.396585823293173e-05,0.8482695249343758,0.8401382075597758,1.0809593739503232,0.2558007036643553
path_a_only,36.06367246300215,0.11987016160439098,0.0,0.5,0.1,0.1,0.160485178232193,0.005244054812921885,0.1490478515625,0.1695556640625,16384,0.8251935102717138,1079485.0,-0.001804331,0.07981701,0.9872790961093171,-0.003562772022867466,0.15895689051149323,1.716601,5.473668e-05,0.352087700901794,0.11567386211341164,6.396585823293173e-05,0.8482695249343758,0.8401382075597758,1.5932060228449334,0.15967445624541055
path_a_only,36.187792910997814,0.15563351218783425,0.0,0.5,0.1,0.1,0.1446254774928093,0.004815558099456059,0.1358642578125,0.1571044921875,16384,0.7370873291971175,1079585.0,-0.1153074,0.04333173,0.9698724773574158,-0.22771826092756178,0.08655501894584681,2.371146,6.007961e-05,0.3928337686602733,0.11567386211341164,6.396585823293173e-05,0.8482695249343758,0.8401382075597758,2.778360919865558,0.24608952779088789
path_a_only,36.30988890700246,0.1826884351779665,0.0,0.5,0.1,0.1,0.09504566341638565,0.006701725769512467,0.079833984375,0.107421875,16384,0.4616541322885137,1079712.0,-0.0229407,0.03189269,0.996916175565316,-0.04577203260497763,0.06374213620073399,2.210069,9.67138e-05,0.6722121599206878,0.11567386211341164,6.396585823293173e-05,0.8482695249343758,0.8401382075597758,2.1935545615257723,0.07855457637754203
path_a_only,36.43158490699716,0.19769908241628747,0.0,0.5,0.1,0.1,0.04068227857351303,0.004792424709140747,0.031982421875,0.0509033203125,16384,0.1596465277629174,1079852.0,-0.03835629,0.02053634,0.99621814906964,-0.07657272899375253,0.0410611329447908,2.152544,0.000128278,0.9129259689996377,0.11567386211341164,6.396585823293173e-05,0.8482695249343758,0.8401382075597758,2.649377388322989,0.08699697776369708
path_a_only,36.55223418099922,0.19865660248186662,0.0,0.5,0.1,0.1,0.012589976191520691,0.0007904459296508192,0.009765625,0.0159912109375,16384,0.00358396888223126,1079952.0,-0.02759105,0.01479583,0.9980407194064524,-0.05512995222594669,0.029587341452309217,1.929946,0.0001290269,0.9186372042477741,0.11567386211341164,6.396585823293173e-05,0.8482695249343758,0.8401382075597758,2.6490306144306217,0.06260863718012882
path_a_only,36.67375782800082,0.18546726644578598,0.0,0.5,0.1,0.1,0.05183195322751999,0.005912747317825819,0.0377197265625,0.0638427734375,16384,0.22158686763007104,1080052.0,-0.03947181,-0.006398922,0.9968039341434319,-0.07885519010664195,-0.012797494654117328,1.502274,0.0001043964,0.7308009380183408,0.11567386211341164,6.396585823293173e-05,0.8482695249343758,0.8401382075597758,-2.9807042924160956,0.07997211741448014
path_a_only,36.79809131399816,0.1592625775980446,0.0,0.5,0.1,0.1,0.1286720335483551,0.008432309553820143,0.1136474609375,0.1474609375,16384,0.6484603718521378,1080189.0,-0.1273076,-0.01012898,0.9675617177434588,-0.2518213524494991,-0.02025657443480319,2.690125,2.694208e-05,0.14012148481439818,0.11567386211341164,6.396585823293173e-05,0.8482695249343758,0.8401382075597758,-3.0613252254451147,0.25540238436721674
path_a_only,36.91670565799723,0.12587007221951324,0.0,0.5,0.1,0.1,0.17918796837329865,0.0032899130610447784,0.1732177734375,0.1888427734375,16384,0.9290940467225967,1080300.0,-0.1579976,-0.03855461,0.9476632589545639,-0.30983913694938625,-0.07703282963824173,2.133366,1.280646e-05,0.03232090903891251,0.11567386211341164,6.396585823293173e-05,0.8482695249343758,0.8401382075597758,-2.8979113402194225,0.32496074874757336
path_a_only,37.03869822299748,0.08787252081714213,0.0,0.5,0.1,0.1,0.19079169631004333,0.0010544906701322014,0.1871337890625,0.194091796875,16384,0.9935568112813501,1080437.0,0.0667042,0.05539061,0.9850387927390196,0.13219765729055835,0.11055476564193296,2.562114,1.033165e-05,0.013447598711178042,0.11567386211341164,6.396585823293173e-05,0.8482695249343758,0.8401382075597758,0.6964770391888009,0.17319736202906827
path_a_only,37.15659989500273,0.052763411599541614,0.0,0.5,0.1,0.1,0.1904216855764389,0.001332025836750314,0.1861572265625,0.194580078125,16384,0.9915012723257164,1080563.0,-0.06762705,0.02430543,0.9896966130726705,-0.13468280906371902,0.04859171755752564,1.948013,1.111412e-05,0.019414844330899312,0.11567386211341164,6.396585823293173e-05,0.8482695249343758,0.8401382075597758,2.7953411262252787,0.1436741382401056
path_a_only,37.27760660799686,0.023430132391307257,0.0,0.5,0.1,0.1,0.1811150312423706,0.0029998660867085634,0.1732177734375,0.1875,16384,0.9397995545297498,1080690.0,-0.1582479,-0.07987104,0.9382325912063032,-0.3072757453778539,-0.15906357565700008,1.512512,1.884843e-05,0.07839797144001066,0.11567386211341164,6.396585823293173e-05,0.8482695249343758,0.8401382075597758,-2.6639190841240503,0.35330995966800693
path_a_only,37.397619313996984,0.005128124506438847,0.0,0.5,0.1,0.1,0.14794617891311646,0.006307603214876575,0.1358642578125,0.1632080078125,16384,0.7555349862771603,1080803.0,-0.1566194,-0.04764096,0.9470253777099115,-0.30674375362276407,-0.0951378136537542,1.715197,4.412615e-05,0.2711700444224133,0.11567386211341164,6.396585823293173e-05,0.8482695249343758,0.8401382075597758,-2.8408464573588987,0.32695278756357515
path_a_only,37.51569170699804,0.00012148486540880521,0.0,0.5,0.1,0.1,0.07296978682279587,0.005778923818963966,0.05908203125,0.08740234375,16384,0.33901492159361846,1080915.0,-0.1155314,-0.01688341,0.9728686555093068,-0.22888165998899934,-0.033760403554958796,1.526203,0.0001024263,0.7157766296162132,0.11567386211341164,6.396585823293173e-05,0.8482695249343758,0.8401382075597758,-2.9951470520586145,0.23347344564854644
path_a_only,37.63863210300042,0.009335157471624916,0.0,0.5,0.1,0.1,0.01608659327030182,0.0021267845739016368,0.0108642578125,0.0233154296875,16384,0.023008898933186788,1081054.0,-0.04708784,0.01669082,0.9950141006989334,-0.09398414426406465,0.033375440629964254,2.065241,0.0001316882,0.9389327181559931,0.11567386211341164,6.396585823293173e-05,0.8482695249343758,0.8401382075597758,2.80036586033531,0.0999004306020369
path_a_only,37.75706218100095,0.030875417971477928,0.0,0.5,0.1,0.1,0.0325334295630455,0.0024638180772260476,0.026611328125,0.0399169921875,16384,0.11437682322915477,1081155.0,-0.02793742,0.02507905,0.9971837160964071,-0.055775536371498416,0.05013707106155905,2.403022,0.0001109625,0.7808751024765971,0.11567386211341164,6.396585823293173e-05,0.8482695249343758,0.8401382075597758,2.4093812418850673,0.07506805987141485
path_a_only,37.873979746997065,0.06143573018951432,0.0,0.5,0.1,0.1,0.10076911002397537,0.0060823161793046535,0.0877685546875,0.11328125,16384,0.49344987871939366,1081255.0,0.0530726,0.05304359,0.9887815573493829,0.10535036762707807,0.10588829910131066,2.024931,8.72316e-05,0.5998993346170711,0.11567386211341164,6.396585823293173e-05,0.8482695249343758,0.8401382075597758,0.787944715691816,0.14992985829330943
path_a_only,37.995686037997075,0.09864477035445321,0.0,0.5,0.1,0.1,0.1465919092297554,0.005975913715015557,0.1341552734375,0.160400390625,16384,0.7480115448259769,1081393.0,-0.0005925093,0.02072052,0.9991407414517159,-0.0011840009168567532,0.04142917948914868,3.47568,3.567377e-05,0.20671079674362738,0.11567386211341164,6.396585823293173e-05,0.8482695249343758,0.8401382075597758,1.5993674629697434,0.041457969817554716
path_a_only,38.116783732999465,0.1358711272591765,0.0,0.5,0.1,0.1,0.15806953608989716,0.00614178270309132,0.1419677734375,0.171142578125,16384,0.811773773827884,1081517.0,-0.04195557,0.07509033,0.9852651935371897,-0.0828693134232892,0.1496167614168839,2.97461,3.565074e-05,0.20653516615507803,0.11567386211341164,6.396585823293173e-05,0.8482695249343758,0.8401382075597758,2.076611403198503,0.1718786495023238
path_a_only,38.23576562500239,0.16747895862512185,0.0,0.5,0.1,0.1,0.14916031807661057,0.0038586880947999993,0.142333984375,0.1610107421875,16384,0.7622799537104316,1081642.0,-0.05838624,0.06270768,0.9853891228871569,-0.11559220775526559,0.1250868418417507,2.132622,5.474529e-05,0.35215336218565896,0.11567386211341164,6.396585823293173e-05,0.8482695249343758,0.8401382075597758,2.3167655770861124,0.1711525402410312
path_a_only,38.354849928000476,0.1897820060000972,0.0,0.5,0.1,0.1,0.13091778755187988,0.0067109085492709,0.11865234375,0.1416015625,16384,0.6609363203038134,1081766.0,0.06143938,0.04020184,0.989253624220018,0.1221737869290738,0.08031707635969323,2.838266,6.308122e-05,0.41572454290671296,0.11567386211341164,6.396585823293173e-05,0.8482695249343758,0.8401382075597758,0.5815599169022541,0.14673567092343073
path_a_only,38.47894607500348,0.1997813358658641,0.0,0.5,0.1,0.1,0.08495458960533142,0.007128561821644991,0.072265625,0.0994873046875,16384,0.4055946901184586,1081891.0,-0.0583503,0.0373679,0.9904257761145662,-0.11611086732430118,0.07466624737495385,2.18085,0.0001102853,0.7757106632857332,0.11567386211341164,6.396585823293173e-05,0.8482695249343758,0.8401382075597758,2.570111691541454,0.1384885600962196
path_a_only,38.59969220300263,0.19513548826362961,0.0,0.5,0.1,0.1,0.023074649274349213,0.004626705177254147,0.0147705078125,0.0352783203125,16384,0.06182999258239426,1082003.0,-0.04637733,0.01955069,0.9949402939063484,-0.09255091939837701,0.039091416961581096,2.076491,0.000132473,0.9449177327410344,0.11567386211341164,6.396585823293173e-05,0.8482695249343758,0.8401382075597758,2.74194546504698,0.10063775266719839
path_a_only,38.721713371996884,0.17670710242158852,0.0,0.5,0.1,0.1,0.02163214236497879,0.004454500840718197,0.012939453125,0.0335693359375,16384,0.05381636249902577,1082127.0,-0.03929694,0.008238962,0.996777751644846,-0.07850233385278664,0.016477178323700107,1.437852,0.00012882,0.9170593506320184,0.11567386211341164,6.396585823293173e-05,0.8482695249343758,0.8401382075597758,2.934701868931276,0.08029919457109191
path_a_only,38.84180422600184,0.14767789301567041,0.0,0.5,0.1,0.1,0.08435405045747757,0.005509012741071422,0.070068359375,0.09619140625,16384,0.40225848524469304,1082176.0,-0.04460913,-0.01486995,0.9955822508668863,-0.08906054588613814,-0.02973551622702101,2.355355,7.933059e-05,0.5396449257402146,0.11567386211341164,6.396585823293173e-05,0.8482695249343758,0.8401382075597758,-2.819350370166227,0.0940319703266338
path_a_only,38.960825082001975,0.11227611831000377,0.0,0.5,0.1,0.1,0.15668156743049622,0.007006888871973072,0.138427734375,0.169677734375,16384,0.8040631227859403,1082313.0,-0.2523939,-0.05567596,0.8698563333286953,-0.480626540846467,-0.11112194923558978,1.396608,3.904593e-05,0.23242744656917882,0.11567386211341164,6.396585823293173e-05,0.8482695249343758,0.8401382075597758,-2.914382696685569,0.5158853139384084
path_a_only,39.080659327999456,0.07493043827208866,0.0,0.5,0.1,0.1,0.18642748892307281,0.002490669011550087,0.17822265625,0.19140625,16384,0.9693121138181332,1082424.0,-0.2398932,-0.02033281,0.8863601496185981,-0.46120809173691063,-0.04065441285388205,1.089376,1.679009e-05,0.0627007302053345,0.11567386211341164,6.396585823293173e-05,0.8482695249343758,0.8401382075597758,-3.0536722404391763,0.4813728153378609
path_a_only,39.202934162996826,0.04047823512573676,0.0,0.5,0.1,0.1,0.19106083363294601,0.0007843561397170168,0.1883544921875,0.1939697265625,16384,0.9950519631820862,1082610.0,0.2471051,0.08972592,0.866206777458894,0.46671945739448334,0.17849024279684628,1.640518,1.511515e-05,0.049927360774818394,0.11567386211341164,6.396585823293173e-05,0.8482695249343758,0.8401382075597758,0.36527376387444255,0.5232359142132603
path_a_only,39.3257632140012,0.014610948903282822,0.0,0.5,0.1,0.1,0.19070694595575333,0.0010256114691812477,0.18701171875,0.194580078125,16384,0.9930859934403382,1082734.0,-0.02023641,0.04508454,0.9951219361406098,-0.04029739644142952,0.0900469436005803,1.565327,1.285937e-05,0.032724409448818895,0.11567386211341164,6.396585823293173e-05,0.8482695249343758,0.8401382075597758,1.9915821602738966,0.09881330825615094
path_a_only,39.447811063997506,0.0013410764506659872,0.0,0.5,0.1,0.1,0.18049484491348267,0.004277220690238391,0.1685791015625,0.1876220703125,16384,0.9363542026980284,1082858.0,-0.3686611,-0.02506666,0.7393414313088461,-0.6714633296858621,-0.050112322210829306,1.83852,1.978847e-05,0.08556687193761796,0.11567386211341164,6.396585823293173e-05,0.8482695249343758,0.8401382075597758,-3.0670992447609557,0.7387045705041803
path_a_only,39.56942811200133,0.002369288867388783,0.0,0.5,0.1,0.1,0.14528711140155792,0.007839530274114983,0.1334228515625,0.1650390625,16384,0.740762936822206,1082969.0,-0.285862,-0.08145368,0.8298348935700659,-0.5339187033183418,-0.16218775434790975,0.8761906,6.457526e-05,0.4271183390211817,0.11567386211341164,6.396585823293173e-05,0.8482695249343758,0.8401382075597758,-2.846681994375174,0.5919845924417958
path_a_only,39.68840723900212,0.017011723537515358,0.0,0.5,0.1,0.1,0.07355605810880661,0.008279554296890406,0.056396484375,0.08935546875,16384,0.3422718635077763,1083105.0,0.004984705,-0.01894302,0.99923275132935,0.00996209102682299,-0.03787697734971171,1.525421,0.0001128636,0.7953732054679604,0.11567386211341164,6.396585823293173e-05,0.8482695249343758,0.8401382075597758,-1.3136092731944875,0.0391751656660766
path_a_only,39.80628273500042,0.04282964129105474,0.0,0.5,0.1,0.1,0.01862097531557083,0.0026641560145507443,0.013671875,0.0269775390625,16384,0.03708827704138648,1083216.0,-0.06412165,0.01186339,0.9915089364590773,-0.12785606933597504,0.02372455385763164,1.966205,0.0001339758,0.956378334064174,0.11567386211341164,6.396585823293173e-05,0.8482695249343758,0.8401382075597758,2.9581226366579294,0.1304078769389567
path_a_only,39.92391164400033,0.07632313079540844,0.0,0.5,0.1,0.1,0.02730593830347061,0.004773080884642649,0.0174560546875,0.036376953125,16384,0.08533628210858678,1083340.0,-0.01229143,0.03019785,0.9978751416310968,-0.02453556752356177,0.06035898972825245,2.361877,0.000113098,0.7971607786314845,0.11567386211341164,6.396585823293173e-05,0.8482695249343758,0.8401382075597758,1.95688841842831,0.06520140028301606
path_a_only,40.046062077002716,0.11442037675959511,0.0,0.5,0.1,0.1,0.07712052762508392,0.006775064745880619,0.065185546875,0.094970703125,16384,0.36207373756559735,1083439.0,0.07837707,0.05869742,0.9809407318526022,0.1550384670728741,0.11712537863407095,2.704204,8.336191e-05,0.5703884387332939,0.11567386211341164,6.396585823293173e-05,0.8482695249343758,0.8401382075597758,0.646986435640724,0.19555112052100745
path_a_only,40.16378426900337,0.14921374710381977,0.0,0.5,0.1,0.1,0.1265566125512123,0.0054076261498874935,0.1077880859375,0.1357421875,16384,0.6367084688064244,1083575.0,0.05838639,0.05271371,0.9876752904472875,0.11586068965805252,0.10523222525361169,4.16474,4.231605e-05,0.25736592248002893,0.11567386211341164,6.396585823293173e-05,0.8482695249343758,0.8401382075597758,0.7373627551028434,0.15716303318114952
path_a_only,40.28527430899703,0.17809689310506588,0.0,0.5,0.1,0.1,0.14899015426635742,0.0069335367941437435,0.1361083984375,0.1649169921875,16384,0.7613346342668386,1083701.0,-0.08168965,0.0615869,0.9792078487704275,-0.1614211155394704,0.12286257511701665,2.370913,5.386483e-05,0.3454388286209986,0.11567386211341164,6.396585823293173e-05,0.8482695249343758,0.8401382075597758,2.4910058397374737,0.20427729035428585
path_a_only,40.40231425600359,0.19532780529576843,0.0,0.5,0.1,0.1,0.1451432928442955,0.0057697428439059135,0.1322021484375,0.15771484375,16384,0.7399639744674761,1083802.0,0.008216536,0.03986217,0.9966891066889876,0.016380138341204407,0.07963991257799703,2.966591,5.083532e-05,0.3223352843606413,0.11567386211341164,6.396585823293173e-05,0.8482695249343758,0.8401382075597758,1.3679476376384976,0.08139682952326753
path_a_only,40.519875197001966,0.19980512706341907,0.0,0.5,0.1,0.1,0.11971341818571091,0.009131244079521362,0.1036376953125,0.1348876953125,16384,0.598692132193067,1083928.0,0.01398019,0.04107395,0.9962382104396958,0.027862460110688592,0.0820555383657487,2.492933,7.900105e-05,0.5371317992030656,0.11567386211341164,6.396585823293173e-05,0.8482695249343758,0.8401382075597758,1.2434557596985734,0.08676578172540086
path_a_only,40.64068485699681,0.19039088769867615,0.0,0.5,0.1,0.1,0.06789173930883408,0.004959471794127617,0.0570068359375,0.0782470703125,16384,0.31080459271524974,1084029.0,-0.007566961,0.02282125,0.9988441655617148,-0.015117583864328257,0.045626654287014186,2.317136,0.0001050149,0.7355177213017864,0.11567386211341164,6.396585823293173e-05,0.8482695249343758,0.8401382075597758,1.8907448626494539,0.048084449998183953
path_a_only,40.76167156700103,0.16807095914869513,0.0,0.5,0.1,0.1,0.02268778532743454,0.0030921454313386906,0.0146484375,0.0313720703125,16384,0.059680828136090734,1084167.0,-0.04451633,0.01814847,0.9953831573466184,-0.08885651742859234,0.036288970516390795,2.091841,0.0001319089,0.9406158128539017,0.11567386211341164,6.396585823293173e-05,0.8482695249343758,0.8401382075597758,2.7538662380417938,0.09612907544513137
path_a_only,40.88173223799822,0.1363059295852251,0.0,0.5,0.1,0.1,0.021334491670131683,0.0036096156453584724,0.013671875,0.0301513671875,16384,0.0521628088508125,1084293.0,-0.04451338,0.00944647,0.9958619752076948,-0.08889333845144008,0.0188918160690395,2.168391,9.818112e-05,0.6834021848963794,0.11567386211341164,6.396585823293173e-05,0.8482695249343758,0.8401382075597758,2.9321859314577434,0.09100419573336475
path_a_only,41.00047602900304,0.09985045113386022,0.0,0.5,0.1,0.1,0.0887398049235344,0.0036824520635411746,0.077392578125,0.0965576171875,16384,0.4266228842636204,1084343.0,-0.1470803,-0.01465287,0.9566349135360107,-0.2898121143771883,-0.02930154542294238,1.609555,9.100846e-05,0.628702293569236,0.11567386211341164,6.396585823293173e-05,0.8482695249343758,0.8401382075597758,-3.040829748947921,0.29557464025187663
path_a_only,41.12251981600275,0.06245267291490711,0.0,0.5,0.1,0.1,0.15834109485149384,0.005078522319673691,0.146240234375,0.16796875,16384,0.8132823776669347,1084456.0,-0.05481063,0.05095477,0.9888404616676486,-0.10883423415099466,0.10173323373253268,0.9171878,4.576272e-05,0.28365079788755215,0.11567386211341164,6.396585823293173e-05,0.8482695249343758,0.8401382075597758,2.3899048750424257,0.1495349872396105
path_a_only,41.243596526001056,0.030726027957347274,0.0,0.5,0.1,0.1,0.18936140835285187,0.0015261223629980157,0.18505859375,0.19384765625,16384,0.9856110617482462,1084657.0,-0.1046289,0.04192418,0.9747487890719468,-0.20700413399304055,0.08375014455250056,2.893861,9.664046e-06,0.008356340203237302,0.11567386211341164,6.396585823293173e-05,0.8482695249343758,0.8401382075597758,2.7571425363255226,0.22520303278329645
path_a_only,41.36774030599918,0.008508784427173982,0.0,0.5,0.1,0.1,0.19174382835626602,0.0007805960270115258,0.1888427734375,0.1947021484375,16384,0.9988462375983994,1084783.0,-0.05803918,0.05816464,0.9865573271055311,-0.11503508933523773,0.11606708644583114,2.9897,1.031017e-05,0.013283788678957494,0.11567386211341164,6.396585823293173e-05,0.8482695249343758,0.8401382075597758,2.351728975112394,0.16415175236237153
path_a_only,41.48889053199673,6.0899284387183616e-05,0.0,0.5,0.1,0.1,0.1912071779370308,0.0009092271611148979,0.18798828125,0.194580078125,16384,0.9958649569432428,1084910.0,-0.0534646,0.02624124,0.9929194930381101,-0.10657859839352678,0.0524583902670837,1.893311,1.142337e-05,0.021773235972622054,0.11567386211341164,6.396585823293173e-05,0.8482695249343758,0.8401382075597758,2.684201440138559,0.11907038566204786
path_a_only,41.6128649270031,0.0062206087136997545,0.0,0.5,0.1,0.1,0.1778411865234375,0.003378603900956136,0.169677734375,0.1866455078125,16384,0.9216122028037399,1085011.0,-0.04046652,-0.04255985,0.9931180648632437,-0.0805520170357608,-0.08501695003795832,1.450376,1.977362e-05,0.08545362338182302,0.11567386211341164,6.396585823293173e-05,0.8482695249343758,0.8401382075597758,-2.329233815084334,0.1173869086406772
path_a_only,41.73454575500364,0.02594092341152135,0.0,0.5,0.1,0.1,0.13447104394435883,0.006613346161641122,0.119140625,0.1473388671875,16384,0.680675901539593,1085100.0,-0.07985237,-0.03391843,0.9850035127178525,-0.1586609435394939,-0.06778484291232915,3.145727,2.713172e-05,0.14156771081580902,0.11567386211341164,6.396585823293173e-05,0.8482695249343758,0.8401382075597758,-2.737834011120045,0.17340196274361866
path_a_only,41.853112657001475,0.055474395301873765,0.0,0.5,0.1,0.1,0.05733572691679001,0.006988800739332595,0.042724609375,0.0743408203125,16384,0.25216225421704813,1085263.0,-0.1347984,0.0008389284,0.963877007381492,-0.2663424476881214,0.001677856012748738,1.788436,0.000120129,0.8507803473718327,0.11567386211341164,6.396585823293173e-05,0.8482695249343758,0.8401382075597758,3.135293117663436,0.26960189397627715
path_a_only,41.970706701999006,0.09081022334188966,0.0,0.5,0.1,0.1,0.012701280415058136,0.0008011578572208036,0.0101318359375,0.01611328125,16384,0.004202302748330335,1085377.0,-0.04169487,0.01966976,0.9957540794051423,-0.08322868317164805,0.03932937382581903,2.132557,0.0001303907,0.9290377685840117,0.11567386211341164,6.396585823293173e-05,0.8482695249343758,0.8401382075597758,2.7001485379057835,0.09218382332905316
path_a_only,42.09165250899969,0.1283972698400705,0.0,0.5,0.1,0.1,0.04477276653051376,0.0038838382951496032,0.035400390625,0.0526123046875,16384,0.182370618119049,1085506.0,-0.006162511,0.04101773,0.9965612816358389,-0.012283261694544039,0.08194347702213708,2.109898,0.0001041295,0.7287655144801815,0.11567386211341164,6.396585823293173e-05,0.8482695249343758,0.8401382075597758,1.7195876915615038,0.08295409538650775
path_a_only,42.21562295700278,0.16267688204864367,0.0,0.5,0.1,0.1,0.11628630012273788,0.007160237340611701,0.0977783203125,0.1270751953125,16384,0.579653293467031,1085558.0,0.01674077,0.03029838,0.9976051523452495,0.033413843535797356,0.060559681921034565,1.788143,9.338298e-05,0.6468107757716726,0.11567386211341164,6.396585823293173e-05,0.8482695249343758,0.8401382075597758,1.0666100445809121,0.06922144390606931
path_a_only,42.33667984099884,0.1871234128087628,0.0,0.5,0.1,0.1,0.16246533393859863,0.0036277365403334853,0.151611328125,0.169677734375,16384,0.8361939673478824,1085750.0,-0.01404778,0.06300797,0.9916789682914015,-0.027869109264883892,0.12568268216935652,1.796079,4.063563e-05,0.24455076166326664,0.11567386211341164,6.396585823293173e-05,0.8482695249343758,0.8401382075597758,1.7890074506167153,0.1290937435496691
path_a_only,42.4603882099982,0.1992266819552479,0.0,0.5,0.1,0.1,0.17146199941635132,0.0023146976012975115,0.165283203125,0.1776123046875,16384,0.8861735886961003,1085863.0,-0.01108404,0.0345473,0.9973688020694073,-0.02211337385831429,0.06903963611750744,3.501614,2.411447e-05,0.11855766334292957,0.11567386211341164,6.396585823293173e-05,0.8482695249343758,0.8401382075597758,1.880771097538192,0.07255828840296209
path_a_only,42.581967400001304,0.19670275752682842,0.0,0.5,0.1,0.1,0.16436097770929337,0.003441490279898845,0.1556396484375,0.1717529296875,16384,0.846724931081581,1085964.0,-0.02619031,0.07610215,0.98708357463558,-0.051751388892544804,0.15161731574044585,1.308441,5.344184e-05,0.3422130369297058,0.11567386211341164,6.396585823293173e-05,0.8482695249343758,0.8401382075597758,1.8997256504632993,0.16089951653886664
path_a_only,42.70368684099958,0.18021548265521853,0.0,0.5,0.1,0.1,0.13396355509757996,0.005187108725828435,0.123779296875,0.14501953125,16384,0.6778566236123239,1086105.0,-0.01804815,0.03526311,0.996864275456247,-0.03599874807515618,0.07046776891681095,2.374593,6.801506e-05,0.4533508226725896,0.11567386211341164,6.396585823293173e-05,0.8482695249343758,0.8401382075597758,2.043089456997441,0.07921318968732877
path_a_only,42.82126553799753,0.15324656858316205,0.0,0.5,0.1,0.1,0.08014877885580063,0.006776298765786,0.068359375,0.0916748046875,16384,0.37889673162186877,1086234.0,-0.03907691,0.03570842,0.9944062266032262,-0.0778752643886032,0.07135614682098813,2.218223,0.0001091252,0.7668635488360565,0.11567386211341164,6.396585823293173e-05,0.8482695249343758,0.8401382075597758,2.399851354024123,0.10582056737773914
path_a_only,42.93874174499797,0.11912627480086453,0.0,0.5,0.1,0.1,0.028200246393680573,0.0023366419270438015,0.0228271484375,0.0352783203125,16384,0.09030447613868278,1086349.0,-0.04299032,0.01851056,0.9956232691439705,-0.0858158997304696,0.0370126639479383,2.131952,0.0001311873,0.9351127719204589,0.11567386211341164,6.396585823293173e-05,0.8482695249343758,0.8401382075597758,2.73439535669881,0.09359409400510264
path_a_only,43.06381454200164,0.08008609497144081,0.0,0.5,0.1,0.1,0.019689194858074188,0.002653126395611321,0.013916015625,0.029296875,16384,0.043022609976528646,1086475.0,-0.0906141,0.02688253,0.9822017385150675,-0.17997735261612494,0.053739160797968484,1.839744,0.0001126973,0.7941049741663647,0.11567386211341164,6.396585823293173e-05,0.8482695249343758,0.8401382075597758,2.851431351256661,0.18895136867354304
path_a_only,43.187456548002956,0.04445432748049847,0.0,0.5,0.1,0.1,0.08687586337327957,0.0052735689581654985,0.0780029296875,0.09814453125,16384,0.416268037445395,1086588.0,-0.1360385,-0.01649017,0.9626910184926375,-0.26858647470733976,-0.0329743615236433,1.279907,6.999387e-05,0.4684415549751196,0.11567386211341164,6.396585823293173e-05,0.8482695249343758,0.8401382075597758,-3.019433950530455,0.27401938261912734
path_a_only,43.30970857699867,0.017343437780426754,0.0,0.5,0.1,0.1,0.15055084973573685,0.0059953238127001315,0.1383056640625,0.16455078125,16384,0.770004843111699,1086726.0,-0.08419722,-0.02236639,0.9848689346332287,-0.1674320588407555,-0.04471786294932857,1.046421,2.434664e-05,0.12032823015767095,0.11567386211341164,6.396585823293173e-05,0.8482695249343758,0.8401382075597758,-2.880603803603563,0.174180241565572
path_a_only,43.429501270999026,0.002442622336172068,0.0,0.5,0.1,0.1,0.182063028216362,0.00228605942795495,0.1773681640625,0.188720703125,16384,0.9450660090752157,1086776.0,-0.2942811,-0.0544188,0.826818378894948,-0.551880824332363,-0.10862285236432383,1.129544,1.980934e-05,0.08572603000896073,0.11567386211341164,6.396585823293173e-05,0.8482695249343758,0.8401382075597758,-2.9472537369611667,0.5973689148343877
path_a_only,43.55072473800101,0.001267039409562104,0.0,0.5,0.1,0.1,0.1876893937587738,0.0019517854203974002,0.181396484375,0.1927490234375,16384,0.9763224362561277,1086965.0,-0.1520842,0.004062299,0.9540648571790975,-0.29948996753740204,0.008124508617404633,1.862211,1.211897e-05,0.0270779966063564,0.11567386211341164,6.396585823293173e-05,0.8482695249343758,0.8401382075597758,3.1144714896589996,0.304273522162724
path_a_only,43.66844547099754,0.013678224343859055,0.0,0.5,0.1,0.1,0.1792590469121933,0.00332886060272679,0.1710205078125,0.1868896484375,16384,0.9294889128503552,1087066.0,-0.1355643,-0.0085116,0.9633296513477294,-0.267780173813448,-0.017022377821602562,2.499638,1.272679e-05,0.03171333244361404,0.11567386211341164,6.396585823293173e-05,0.8482695249343758,0.8401382075597758,-3.078109595281951,0.2716493530676947
path_a_only,43.79001704900293,0.03871352687364256,0.0,0.5,0.1,0.1,0.1542930230498314,0.0037849021669422956,0.1431884765625,0.1622314453125,16384,0.790793923879496,1087203.0,-0.2329892,-0.0449707,0.8897713477087088,-0.44748104199528665,-0.08982018621357028,0.9865266,5.148109e-05,0.32726003317381935,0.11567386211341164,6.396585823293173e-05,0.8482695249343758,0.8401382075597758,-2.9435010336102816,0.47395238597736733
path_a_only,43.90754464299971,0.07136098199287896,0.0,0.5,0.1,0.1,0.09246493875980377,0.004919722299818112,0.080078125,0.1025390625,16384,0.44731730477626175,1087316.0,-0.06988757,-0.001835772,0.9902406744673135,-0.13931951211423363,-0.0036715357511260273,1.655206,8.738008e-05,0.601031667651713,0.11567386211341164,6.396585823293173e-05,0.8482695249343758,0.8401382075597758,-3.1152454026548386,0.13982303849702588
path_a_only,44.025737269003,0.10807679420209294,0.0,0.5,0.1,0.1,0.029521211981773376,0.0027442628932005165,0.0225830078125,0.037353515625,16384,0.0976429016998159,1087391.0,-0.0900371,0.004910369,0.9837829627728858,-0.17909393726077405,0.009820580137480373,1.76268,0.0001188355,0.8409159024613448,0.11567386211341164,6.396585823293173e-05,0.8482695249343758,0.8401382075597758,3.0868127152709466,0.18033890220313192
path_a_only,44.148922432999825,0.14509716006041382,0.0,0.5,0.1,0.1,0.01797374337911606,0.0022270944068092597,0.0115966796875,0.023193359375,16384,0.0334926774063355,1087554.0,-0.02084386,0.0233276,0.9980439817933537,-0.041630296814287114,0.046638276053282524,2.362666,0.000117836,0.8332935501706354,0.11567386211341164,6.396585823293173e-05,0.8482695249343758,0.8401382075597758,2.2995195494987293,0.06255647380306806
path_a_only,44.26748425800179,0.17448610601930292,0.0,0.5,0.1,0.1,0.07626429945230484,0.006321146508583683,0.0621337890625,0.0931396484375,16384,0.3573170907869661,1087680.0,-0.006643454,0.05207879,0.9944927102255745,-0.013214510794978112,0.1039693513139375,1.914059,9.146386e-05,0.6321752492802806,0.11567386211341164,6.396585823293173e-05,0.8482695249343758,0.8401382075597758,1.6972185355158187,0.10499859286284254
path_a_only,44.38675017999776,0.1937373410290778,0.0,0.5,0.1,0.1,0.13714785128831863,0.005277816352239729,0.126953125,0.151123046875,16384,0.6955465019641692,1087795.0,-0.04209316,0.04796684,0.9918766013578522,-0.08370027178399621,0.09578659708999844,2.456218,4.846011e-05,0.30422154010409713,0.11567386211341164,6.396585823293173e-05,0.8482695249343758,0.8401382075597758,2.288957779766222,0.1275493692419013
path_a_only,44.50774075299705,0.19997043248906698,0.0,0.5,0.1,0.1,0.1698206588625908,0.004089615321856361,0.158935546875,0.179443359375,16384,0.8770553682194936,1087896.0,0.09867862,0.03981323,0.977481184756358,0.19545728204025023,0.07954234309312569,2.936659,3.044727e-05,0.16685264341957254,0.11567386211341164,6.396585823293173e-05,0.8482695249343758,0.8401382075597758,0.3864877597312306,0.21262098975060328
path_a_only,44.62985664900043,0.1917933388340623,0.0,0.5,0.1,0.1,0.17394396662712097,0.0026636533981187747,0.1689453125,0.1822509765625,16384,0.8999617840780126,1088034.0,0.01308819,0.09148052,0.9829724028560485,0.02573653766503327,0.18194198485347662,2.477323,3.341429e-05,0.1894796286057463,0.11567386211341164,6.396585823293173e-05,0.8482695249343758,0.8401382075597758,1.4302739956863961,0.18480336009013484
path_a_only,44.7508630730008,0.1705186918122018,0.0,0.5,0.1,0.1,0.15454930067062378,0.004385328480004366,0.144287109375,0.162353515625,16384,0.7922176356401366,1088109.0,-0.08916776,0.09050132,0.9680631055502839,-0.1744938126874545,0.18001592431264407,1.550973,5.617074e-05,0.36302407961716643,0.11567386211341164,6.396585823293173e-05,0.8482695249343758,0.8401382075597758,2.3406189939672117,0.2534101475609402
path_a_only,44.8732122750007,0.13878661576957843,0.0,0.5,0.1,0.1,0.12102161347866058,0.006905263301093669,0.1094970703125,0.134765625,16384,0.6059596143010578,1088271.0,-0.04938629,0.06554043,0.9865889649264611,-0.09776608047260246,0.13070580627638057,2.181213,8.040187e-05,0.5478146841814264,0.11567386211341164,6.396585823293173e-05,0.8482695249343758,0.8401382075597758,2.213007068409466,0.16395803558956604
path_a_only,44.99382301999867,0.10194043370735027,0.0,0.5,0.1,0.1,0.063975028693676,0.007621992630009397,0.048095703125,0.0799560546875,16384,0.2890458962337346,1088370.0,-0.03259605,0.03476866,0.9954641359615952,-0.06498849083756543,0.06948129297077318,2.460203,0.0001018463,0.7113534536996434,0.11567386211341164,6.396585823293173e-05,0.8482695249343758,0.8401382075597758,2.3227956749578578,0.09528165828214179
path_a_only,45.11381937799888,0.06499971727861542,0.0,0.5,0.1,0.1,0.020123861730098724,0.004624136053608721,0.011962890625,0.03125,16384,0.0454373363804526,1088532.0,-0.05429896,0.01616114,0.9935897964400362,-0.10832797605088436,0.03231665228587746,2.182737,0.0001276823,0.9083830622867056,0.11567386211341164,6.396585823293173e-05,0.8482695249343758,0.8401382075597758,2.8516757320965276,0.11328780819144839
path_a_only,45.23487631700118,0.03272749295307735,0.0,0.5,0.1,0.1,0.027663342654705048,0.0016989475671137263,0.0230712890625,0.03271484375,16384,0.08732178820382559,1088632.0,-0.1359364,0.005560786,0.9632100993760842,-0.2685193106571019,0.011121342731390477,1.941988,0.0001052079,0.7369895712188519,0.11567386211341164,6.396585823293173e-05,0.8482695249343758,0.8401382075597758,3.1001990194157454,0.2720945536077598
path_a_only,45.35304134299804,0.010469648694153594,0.0,0.5,0.1,0.1,0.09971226006746292,0.004637685381734499,0.09033203125,0.1107177734375,16384,0.48757870780846113,1088769.0,0.0127209,-0.02446628,0.9984798033766495,0.02540860590287574,-0.048913035021347265,1.76398,4.260985e-05,0.2596064898667328,0.11567386211341164,6.396585823293173e-05,0.8482695249343758,0.8401382075597758,-1.0916983159577907,0.055146748695879134
path_a_only,45.472976586002915,0.00036015489177394777,0.0,0.5,0.1,0.1,0.16020643711090088,0.005751000469122753,0.148681640625,0.1728515625,16384,0.823645005914093,1088881.0,-0.1607171,-0.06693836,0.9402934720784448,-0.31310067444944617,-0.1334771666839124,1.925618,1.576242e-05,0.05486354883605651,0.11567386211341164,6.396585823293173e-05,0.8482695249343758,0.8401382075597758,-2.738615060879903,0.3473048175478694
path_a_only,45.590469666996796,0.004011901154753819,0.0,0.5,0.1,0.1,0.1874464824795723,0.0016413424490330244,0.182861328125,0.19287109375,16384,0.9749729791949838,1088994.0,-0.06465573,0.02263771,0.9906347159769437,-0.12881923811816504,0.04525995351229863,1.808084,1.161457e-05,0.0232313587920154,0.11567386211341164,6.396585823293173e-05,0.8482695249343758,0.8401382075597758,2.8037204069771215,0.136966702022634
path_a_only,45.713941367997904,0.021749448651607994,0.0,0.5,0.1,0.1,0.19039936363697052,0.0015019698230111476,0.185302734375,0.1947021484375,16384,0.9913772661497452,1089119.0,-0.1021847,0.008512822,0.9790472426942811,-0.20292030954719015,0.017024821467437702,1.727361,1.20858e-05,0.026825036700920856,0.11567386211341164,6.396585823293173e-05,0.8482695249343758,0.8401382075597758,3.0578896315650255,0.20506749416361264
path_a_only,45.836537693001446,0.05087432859101302,0.0,0.5,0.1,0.1,0.18161507695913315,0.0033661271244694274,0.171630859375,0.187255859375,16384,0.9425774832681687,1089244.0,0.04580756,-0.0866831,0.9808788171465689,0.09011559504365961,-0.17249905971649593,1.331245,1.93459e-05,0.08219175992831404,0.11567386211341164,6.396585823293173e-05,0.8482695249343758,0.8401382075597758,-1.089380221034704,0.19586950807346595
path_a_only,45.95564768499753,0.08611135212996064,0.0,0.5,0.1,0.1,0.14934859424829483,0.005642130243615277,0.1390380859375,0.1630859375,16384,0.763325893652618,1089358.0,-0.08330427,-0.04057501,0.9829075854606518,-0.16529305949246217,-0.08106098276934957,2.255126,3.600279e-05,0.20921995767478216,0.11567386211341164,6.396585823293173e-05,0.8482695249343758,0.8401382075597758,-2.685648320563179,0.18515576941901754
path_a_only,46.07474794999871,0.12326753308768237,0.0,0.5,0.1,0.1,0.08410057425498962,0.006005274077674706,0.0745849609375,0.0987548828125,16384,0.40085033634191797,1089474.0,-0.07676975,-0.007915202,0.9881121248712584,-0.15291778158422187,-0.015829742820616603,1.95651,8.423754e-05,0.5770661379192007,0.11567386211341164,6.396585823293173e-05,0.8482695249343758,0.8401382075597758,-3.038442060281594,0.15434703546466527
path_a_only,46.19676792000246,0.1579540432522001,0.0,0.5,0.1,0.1,0.017946630716323853,0.0015297887925787488,0.013671875,0.0228271484375,16384,0.033342057087791116,1089552.0,-0.07442459,0.007736328,0.9888240239637777,-0.14828238483511932,0.015472038640463377,2.213393,0.0001100414,0.773850641551162,0.11567386211341164,6.396585823293173e-05,0.8482695249343758,0.8401382075597758,3.0376271449143415,0.14964528307747157
path_a_only,46.32092943099997,0.18458888812350743,0.0,0.5,0.1,0.1,0.029682740569114685,0.002894790575140847,0.0230712890625,0.0360107421875,16384,0.09854024946185004,1089721.0,-0.01858866,0.0330094,0.9971320587584953,-0.03708778620522261,0.06597085349182773,2.11205,0.0001203217,0.8522499094392861,0.11567386211341164,6.396585823293173e-05,0.8482695249343758,0.8401382075597758,2.0829460286325725,0.07575372121160011
path_a_only,46.44564465500298,0.19854555039291497,0.0,0.5,0.1,0.1,0.10315833985805511,0.005421510777281904,0.0926513671875,0.1175537109375,16384,0.5067228855591456,1089823.0,-0.0007765759,0.03871233,0.99700300547633,-0.001548498257698563,0.07734732848852083,1.87748,9.036374e-05,0.6237855522297,0.11567386211341164,6.396585823293173e-05,0.8482695249343758,0.8401382075597758,1.5908137140382657,0.07744020554272703
path_a_only,46.568643553000584,0.19768374944933023,0.0,0.5,0.1,0.1,0.15467891842126846,0.004011596000085414,0.1441650390625,0.1636962890625,16384,0.7929377075504737,1089963.0,0.005165732,0.05409177,0.9941008088508059,0.01027088215668494,0.10797263922817242,1.604132,5.300829e-05,0.3389067129320699,0.11567386211341164,6.396585823293173e-05,0.8482695249343758,0.8401382075597758,1.4759568393538007,0.10867382727013193
path_a_only,46.68667419000121,0.1832908160928431,0.0,0.5,0.1,0.1,0.1713426411151886,0.002905614151221912,0.162841796875,0.178466796875,16384,0.8855105116136378,1090065.0,-0.01720825,0.05471282,0.9934303388836462,-0.03420390111340076,0.10920739413679183,1.994345,3.722473e-05,0.21853867419114978,0.11567386211341164,6.396585823293173e-05,0.8482695249343758,0.8401382075597758,1.8743200018264705,0.11468973060472662
path_a_only,46.806285730002855,0.15716958672900264,0.0,0.5,0.1,0.1,0.17252399027347565,0.002248332150421738,0.16796875,0.1798095703125,16384,0.8920733191068393,1090203.0,-0.01270389,0.03104147,0.9977513347106582,-0.025356102897276973,0.06204306672757759,2.188133,3.559718e-05,0.20612670873767894,0.11567386211341164,6.396585823293173e-05,0.8482695249343758,0.8401382075597758,1.958767723023831,0.06707471273618272
path_a_only,46.92322980800236,0.12388492912508373,0.0,0.5,0.1,0.1,0.1616237610578537,0.004322068434232262,0.150146484375,0.170654296875,16384,0.8315187358389893,1090279.0,-0.02223915,0.01700395,0.998433362426213,-0.04443792662364355,0.03400134514513046,2.795124,3.514008e-05,0.20264078854549958,0.11567386211341164,6.396585823293173e-05,0.8482695249343758,0.8401382075597758,2.4884705888756367,0.05598297604891977
path_a_only,47.044202511999174,0.08615795955735853,0.0,0.5,0.1,0.1,0.1192951574921608,0.004766047516198326,0.108154296875,0.128173828125,16384,0.5963685478450471,1090441.0,-0.05647271,0.02439213,0.9924463080016657,-0.11257135111641971,0.04876491199301857,2.614752,7.754938e-05,0.5260611237154678,0.11567386211341164,6.396585823293173e-05,0.8482695249343758,0.8401382075597758,2.7328045440648348,0.12298960046293457
path_a_only,47.16310030099703,0.05097341871303484,0.0,0.5,0.1,0.1,0.051562175154685974,0.004662584572678814,0.042236328125,0.0672607421875,16384,0.22008815613950397,1090516.0,-0.04022727,0.02674503,0.995339653180481,-0.08025282576367658,0.0534645561424111,2.396647,0.0001025222,0.7165079788755219,0.11567386211341164,6.396585823293173e-05,0.8482695249343758,0.8401382075597758,2.5539121296896017,0.09658127282478934
path_a_only,47.28271811400191,0.02240718199845934,0.0,0.5,0.1,0.1,0.01250767707824707,0.0009152538355435534,0.009521484375,0.016845703125,16384,0.0031267685418516914,1090699.0,-0.01429283,0.007694742,0.9994730904480604,-0.02857838254621581,0.015388876542662733,2.080612,0.0001217985,0.8635122304627175,0.11567386211341164,6.396585823293173e-05,0.8482695249343758,0.8401382075597758,2.6476372682785048,0.032464005628436
path_a_only,47.403695458000584,0.004542008584933185,0.0,0.5,0.1,0.1,0.04715156555175781,0.003885343838378151,0.0347900390625,0.0546875,16384,0.1955856781475994,1090797.0,-0.1162212,-0.0142243,0.9727129269677908,-0.23026171453092645,-0.028444762804979474,1.146854,0.0001121403,0.7898572000533831,0.11567386211341164,6.396585823293173e-05,0.8482695249343758,0.8401382075597758,-3.0186830237006856,0.23414560181054347
path_a_only,47.525817187997745,0.00032873771520544603,0.0,0.5,0.1,0.1,0.12121694535017014,0.005866273561059493,0.10791015625,0.1326904296875,16384,0.6070447511219641,1090932.0,-0.1450892,-0.07782212,0.9466100846935811,-0.28266447657302846,-0.15501658375834212,0.7157182,5.00203e-05,0.31611980705801596,0.11567386211341164,6.396585823293173e-05,0.8482695249343758,0.8401382075597758,-2.6399694734971053,0.32824344017422297
path_a_only,47.646728940002504,0.010437524419585842,0.0,0.5,0.1,0.1,0.16865559667348862,0.004155106705647304,0.1578369140625,0.1787109375,16384,0.8705830405329252,1091044.0,-0.2109968,-0.06324491,0.9049858951669916,-0.4063077688424913,-0.12615279040526792,0.8369334,2.200184e-05,0.10244639759013172,0.11567386211341164,6.396585823293173e-05,0.8482695249343758,0.8401382075597758,-2.840543841776571,0.4394497600217758
path_a_only,47.76685652400192,0.03313127646472795,0.0,0.5,0.1,0.1,0.18749742954969406,0.0020734506469731566,0.18017578125,0.192138671875,16384,0.9752560079771236,1091182.0,-0.04152186,0.02551305,0.9952567877555455,-0.08284034311726968,0.051003960421972604,1.959367,1.110118e-05,0.019316161750967564,0.11567386211341164,6.396585823293173e-05,0.8482695249343758,0.8401382075597758,2.589716290420837,0.09743681718495728
path_a_only,47.88487124400126,0.06461467990674824,0.0,0.5,0.1,0.1,0.18630709499120712,0.001806686437583972,0.181640625,0.192138671875,16384,0.96864328344513,1091281.0,-0.2188889,-0.01585623,0.9052405691709566,-0.4237147258397117,-0.031707144835515705,1.715531,1.365182e-05,0.038767764198966645,0.11567386211341164,6.396585823293173e-05,0.8482695249343758,0.8401382075597758,-3.066900514904421,0.43885076737964424
path_a_only,48.00455261699972,0.10143019805056686,0.0,0.5,0.1,0.1,0.16767720133066177,0.004349891386797369,0.1571044921875,0.17724609375,16384,0.8651477124233865,1091418.0,-0.3179862,-0.07211403,0.7961415647276416,-0.5877930873472328,-0.1437285475465148,1.291087,3.344968e-05,0.18974951859831077,0.11567386211341164,6.396585823293173e-05,0.8482695249343758,0.8401382075597758,-2.9017760322833173,0.649904542129226
path_a_only,48.12261363399739,0.13757464274370215,0.0,0.5,0.1,0.1,0.12577668577432632,0.006155539521735907,0.1160888671875,0.14208984375,16384,0.632375702951732,1091517.0,-0.2782434,-0.009459736,0.8489640773849122,-0.5281118173225574,-0.018918343327319564,1.037824,7.352371e-05,0.4953606985567482,0.11567386211341164,6.396585823293173e-05,0.8482695249343758,0.8401382075597758,-3.1057853556808084,0.5567744326052041
path_a_only,48.24315796900191,0.16917454343288196,0.0,0.5,0.1,0.1,0.059535324573516846,0.007695335218856399,0.0467529296875,0.077880859375,16384,0.26438178802915735,1091653.0,-0.04735425,-0.004010362,0.9954864796418038,-0.09456393718753804,-0.008020638002055868,1.826371,0.0001132197,0.7980888829574269,0.11567386211341164,6.396585823293173e-05,0.8482695249343758,0.8401382075597758,-3.0569780794984553,0.09504651242158449
path_a_only,48.36084685099922,0.1905956618072912,0.0,0.5,0.1,0.1,0.013153083622455597,0.0012502061041715525,0.009765625,0.0181884765625,16384,0.006712227484942417,1091765.0,-0.04362115,0.01788578,0.9955595027135183,-0.08707593097270254,0.035763931579864246,2.119315,0.000131244,0.9355451754971306,0.11567386211341164,6.396585823293173e-05,0.8482695249343758,0.8401382075597758,2.751878158900503,0.09427393615976362
path_a_only,48.48351949299831,0.19986599720169487,0.0,0.5,0.1,0.1,0.04169328510761261,0.0062378833729639085,0.0303955078125,0.0595703125,16384,0.16526302243861954,1091889.0,-0.06665951,0.03901296,0.9881106950820047,-0.13252001663492657,0.07794677322145127,1.923331,0.0001214527,0.8608751024765972,0.11567386211341164,6.396585823293173e-05,0.8482695249343758,0.8401382075597758,2.6099032205383415,0.15435633554059902
path_a_only,48.60661930200149,0.1944425295298569,0.0,0.5,0.1,0.1,0.10700412839651108,0.008461945856284157,0.0899658203125,0.1236572265625,16384,0.5280875851150701,1091988.0,-0.06974422,0.06358344,0.9822908628762206,-0.137913846867982,0.12682441228708718,2.323448,7.789961e-05,0.5287320356141922,0.11567386211341164,6.396585823293173e-05,0.8482695249343758,0.8401382075597758,2.398058312546018,0.18847628125232782
path_a_only,48.72788673899777,0.17544849592834413,0.0,0.5,0.1,0.1,0.15114977210760117,0.004678674458000202,0.1414794921875,0.16064453125,16384,0.7733320662297284,1092124.0,-0.01588367,0.0887394,0.983795320622395,-0.0312630776712474,0.17654854033947834,2.799433,4.078406e-05,0.24568271338963985,0.11567386211341164,6.396585823293173e-05,0.8482695249343758,0.8401382075597758,1.7460587137359607,0.1802699906321318
path_a_only,48.8498832089972,0.14543173881602423,0.0,0.5,0.1,0.1,0.16456689685583115,0.003641812563861848,0.1541748046875,0.173583984375,16384,0.8478688839158568,1092248.0,0.07318977,0.1237531,0.9591579115680481,0.14141255377249476,0.2449869186547757,1.230517,5.365394e-05,0.3438305466054031,0.11567386211341164,6.396585823293173e-05,0.8482695249343758,0.8401382075597758,1.0472915704849708,0.2867862247888227
path_a_only,48.970687831999385,0.10919567974174957,0.0,0.5,0.1,0.1,0.16592621058225632,0.004100535902440494,0.157470703125,0.1756591796875,16384,0.8554203467893141,1092373.0,0.09183478,0.0319096,0.9811785975559324,0.182266826071139,0.06377588738799866,2.248011,4.028961e-05,0.2419119559207641,0.11567386211341164,6.396585823293173e-05,0.8482695249343758,0.8401382075597758,0.3365892732951661,0.19432314037373435
path_a_only,49.091690706998634,0.07159122413125225,0.0,0.5,0.1,0.1,0.15048886835575104,0.0038071481132705984,0.1419677734375,0.1597900390625,16384,0.7696605148814241,1092499.0,0.03418306,0.06046785,0.9903771955438849,0.06781393157213023,0.12064112578785077,2.209758,5.900345e-05,0.38462679453203935,0.11567386211341164,6.396585823293173e-05,0.8482695249343758,0.8401382075597758,1.0587009827552407,0.1388400319968901
path_a_only,49.21570947400323,0.037301941376253964,0.0,0.5,0.1,0.1,0.10807762295007706,0.00907026045987072,0.088623046875,0.125732421875,16384,0.5340512225804485,1092624.0,-0.007559235,0.01649769,0.9993414821458896,-0.015109665431137063,0.032989393341129436,2.583431,8.328202e-05,0.5697791843816132,0.11567386211341164,6.396585823293173e-05,0.8482695249343758,0.8401382075597758,2.0002962164792155,0.03629297841453209
path_a_only,49.336803609003255,0.012857507435225929,0.0,0.5,0.1,0.1,0.04589041322469711,0.005314080915101446,0.037353515625,0.0606689453125,16384,0.18857953615812725,1092674.0,-0.04119904,0.03764149,0.9937843828958474,-0.0820717497155924,0.07521188876062707,2.31845,0.0001023572,0.7152496615889115,0.11567386211341164,6.396585823293173e-05,0.8482695249343758,0.8401382075597758,2.399781453822431,0.11155327678546122
path_a_only,49.45696470900293,0.000912551960793706,0.0,0.5,0.1,0.1,0.012660831212997437,0.0008800108110538087,0.0098876953125,0.0164794921875,16384,0.003977593292606935,1092863.0,-0.04656401,0.01531662,0.9951995911205794,-0.09294983556977432,0.03062844920957405,1.95246,0.0001267698,0.9014241863834817,0.11567386211341164,6.396585823293173e-05,0.8482695249343758,0.8401382075597758,2.8232817100692476,0.09802300197107512
path_a_only,49.5767769189988,0.0028948398679315424,0.0,0.5,0.1,0.1,0.053771160542964935,0.004924931814974938,0.03955078125,0.063232421875,16384,0.2323598420816945,1092938.0,-0.06364125,0.005639943,0.9918474102110821,-0.12693102231378905,0.011279646800582258,1.610651,0.0001071577,0.7518590684638996,0.11567386211341164,6.396585823293173e-05,0.8482695249343758,0.8401382075597758,3.052961086968862,0.12777864757647073
path_a_only,49.69366710099712,0.01794496707592226,0.0,0.5,0.1,0.1,0.12407302111387253,0.006145824761489221,0.1112060546875,0.135009765625,16384,0.6229112502781964,1093076.0,-0.02774795,-0.06429562,0.9902167416847681,-0.05500945348494304,-0.12823714171209968,1.98526,4.019897e-05,0.2412207202913195,0.11567386211341164,6.396585823293173e-05,0.8482695249343758,0.8401382075597758,-1.9760219355447792,0.13999465766359356
path_a_only,49.81425301499985,0.04490172875502962,0.0,0.5,0.1,0.1,0.17130917310714722,0.0034048553561681623,0.16259765625,0.180908203125,16384,0.88532458513084,1093215.0,-0.1084757,-0.0001953077,0.9765581336538042,-0.2152534761954283,-0.000390615390066625,2.394478,1.279777e-05,0.03225463766181768,0.11567386211341164,6.396585823293173e-05,0.8482695249343758,0.8401382075597758,-3.139777979243067,0.21695174611172213
path_a_only,49.93276347400388,0.07903374990233042,0.0,0.5,0.1,0.1,0.1857292354106903,0.0012761721029894981,0.1807861328125,0.1895751953125,16384,0.9654330714951481,1093328.0,-0.120857,-0.0135175,0.9705743257754511,-0.23927967939318234,-0.027031706846304515,1.671204,1.263342e-05,0.031001277382700032,0.11567386211341164,6.396585823293173e-05,0.8482695249343758,0.8401382075597758,-3.029098428044138,0.24319181383207722
path_a_only,50.05360501800169,0.11676102557282746,0.0,0.5,0.1,0.1,0.18282193690538406,0.002953093894003196,0.17724609375,0.190673828125,16384,0.9492820121053372,1093455.0,-0.1218298,0.007053786,0.9703650050931717,-0.24123172781768584,0.014107104048057753,1.646061,1.480722e-05,0.047579035671388534,0.11567386211341164,6.396585823293173e-05,0.8482695249343758,0.8401382075597758,3.083179708883666,0.2440595621020281
path_a_only,50.17266606500198,0.15162327849604837,0.0,0.5,0.1,0.1,0.15682018548250198,0.003995692484959395,0.1502685546875,0.1678466796875,16384,0.8048331945162284,1093507.0,-0.06200858,-0.0245803,0.9911208631960692,-0.1235500555843392,-0.04914080079308269,1.854203,1.845346e-05,0.07538586490248039,0.11567386211341164,6.396585823293173e-05,0.8482695249343758,0.8401382075597758,-2.7630360575892072,0.13335897307791914
path_a_only,50.293247704998066,0.17963672463910024,0.0,0.5,0.1,0.1,0.11525174230337143,0.004195778499495967,0.102783203125,0.1239013671875,16384,0.5739059631697518,1093648.0,-0.1760091,-0.05013233,0.9339644455092756,-0.3430612991490882,-0.1000967509497248,2.125063,4.317826e-05,0.26394127852662475,0.11567386211341164,6.396585823293173e-05,0.8482695249343758,0.8401382075597758,-2.857698598790324,0.3654460653930848
path_a_only,50.41380560799735,0.19635605014123395,0.0,0.5,0.1,0.1,0.048935338854789734,0.003194579404016992,0.041015625,0.0584716796875,16384,0.20549516233116213,1093812.0,-0.05764766,-0.009820218,0.9931692673138363,-0.11501786528472578,-0.019639173318705752,1.990714,0.0001079086,0.7575855560427828,0.11567386211341164,6.396585823293173e-05,0.8482695249343758,0.8401382075597758,-2.9724747274808325,0.11694890651279198
path_a_only,50.53037425000366,0.19954506295043714,0.0,0.5,0.1,0.1,0.012189052999019623,0.000736840165348352,0.009521484375,0.015380859375,16384,0.0013567004125440442,1093925.0,-0.0450553,0.01829811,0.995275936003294,-0.08992844756244331,0.036588051762505326,2.110952,0.000131331,0.936208651884616,0.11567386211341164,6.396585823293173e-05,0.8482695249343758,0.8401382075597758,2.755188763523827,0.09723978766810507
path_a_only,50.65032025099936,0.189054931429346,0.0,0.5,0.1,0.1,0.05003460496664047,0.00484666300418651,0.04052734375,0.0609130859375,16384,0.21160196981078752,1094051.0,-0.0108911,0.03927489,0.9966800606691405,-0.02171331859051308,0.0784690286695661,1.93054,0.0001113661,0.7839530228212997,0.11567386211341164,6.396585823293173e-05,0.8482695249343758,0.8401382075597758,1.8407534340620098,0.08150801136637909
path_a_only,50.77071900800365,0.16596158060707428,0.0,0.5,0.1,0.1,0.1239406019449234,0.0038229461471741126,0.1148681640625,0.1334228515625,16384,0.6221756155099938,1094126.0,-0.09911496,0.05171629,0.9751769814221881,-0.19588173247578697,0.10324825318906634,1.851796,8.275698e-05,0.5657751425139654,0.11567386211341164,6.396585823293173e-05,0.8482695249343758,0.8401382075597758,2.6565048503666784,0.22327740992848646
path_a_only,50.88994023499981,0.13389145714927098,0.0,0.5,0.1,0.1,0.17420249432325363,0.004564425140837337,0.1636962890625,0.1827392578125,16384,0.901397995793641,1094265.0,0.1520225,0.08861262,0.939188391693753,0.29469279335525533,0.17629895760377706,2.232096,3.246538e-05,0.18224308402127698,0.11567386211341164,6.396585823293173e-05,0.8482695249343758,0.8401382075597758,0.5391292280269013,0.35053714442796396
path_a_only,51.0149162250018,0.09531564456673183,0.0,0.5,0.1,0.1,0.184270441532135,0.0020652783543657583,0.1788330078125,0.189453125,16384,0.9573289616051466,1094429.0,0.02289966,0.06627988,0.9901874073147584,0.04538164487456069,0.1321718756156397,3.257033,1.757739e-05,0.06870481020380927,0.11567386211341164,6.396585823293173e-05,0.8482695249343758,0.8401382075597758,1.2400551037260463,0.14020472630812644
path_a_only,51.13431527600187,0.05904471333444273,0.0,0.5,0.1,0.1,0.18055717647075653,0.003060396974045451,0.1727294921875,0.1884765625,16384,0.9367004762855365,1094530.0,0.05055164,0.0956241,0.976754256632435,0.0990909210164032,0.19008448522312407,1.8251,3.130109e-05,0.17336401593868558,0.11567386211341164,6.396585823293173e-05,0.8482695249343758,0.8401382075597758,1.090254780711275,0.21603873084387953
path_a_only,51.25264900599723,0.028703316098050255,0.0,0.5,0.1,0.1,0.166128970682621,0.00523779078434059,0.1536865234375,0.177001953125,16384,0.8565467500179118,1094657.0,0.06696449,0.05113075,0.9858675422965069,0.1328313832669194,0.10208336135552122,1.862783,5.353035e-05,0.34288802882690506,0.11567386211341164,6.396585823293173e-05,0.8482695249343758,0.8401382075597758,0.6552479204828927,0.16832035796658118
path_a_only,51.370406278998416,0.008173921709237808,0.0,0.5,0.1,0.1,0.12284122407436371,0.004656189925226548,0.1123046875,0.1318359375,16384,0.616068187171677,1094772.0,0.01057806,0.02130514,0.9988687401295383,0.02113534028634917,0.04259738704438382,2.489283,7.878917e-05,0.5355159672837505,0.11567386211341164,6.396585823293173e-05,0.8482695249343758,0.8401382075597758,1.110221275794256,0.04757043675038134
path_a_only,51.49098162599694,4.0132589490787796e-05,0.0,0.5,0.1,0.1,0.05109766125679016,0.004565015639776403,0.039306640625,0.0594482421875,16384,0.21750761907438496,1094849.0,-0.02986375,0.02515403,0.9969539155074691,-0.05961647327795864,0.05028684189949352,2.305465,0.0001060079,0.7430905035175687,0.11567386211341164,6.396585823293173e-05,0.8482695249343758,0.8401382075597758,2.4408809012649666,0.07807217415152827
path_a_only,51.612723054000526,0.006205143413512512,0.0,0.5,0.1,0.1,0.011944837868213654,0.000703885730299149,0.0091552734375,0.0147705078125,16384,0.0,1095017.0,-0.05859875,0.02127202,0.9922415760804707,-0.11682358974977466,0.04253120707574431,2.028672,0.0001265136,0.8994703628148175,0.11567386211341164,6.396585823293173e-05,0.8482695249343758,0.8401382075597758,2.7924444340050076,0.12464731780064837
path_a_only,51.73309826700279,0.02563612358588159,0.0,0.5,0.1,0.1,0.054075002670288086,0.00439697735411573,0.045166015625,0.0648193359375,16384,0.23404779130141376,1095119.0,-0.07452835,0.009844068,0.9887199468925035,-0.1484765772737493,0.019686864096581574,1.966322,8.460076e-05,0.5798361137061256,0.11567386211341164,6.396585823293173e-05,0.8482695249343758,0.8401382075597758,3.0097691938753446,0.15034176884119255
path_a_only,51.85375573000056,0.055655381990389066,0.0,0.5,0.1,0.1,0.13104505091905594,0.004229272248176494,0.12060546875,0.14013671875,16384,0.6616433127910508,1095232.0,-0.1041801,-0.01888064,0.9776739781696255,-0.2067083833755469,-0.037752306581806616,1.530224,4.00653e-05,0.24020133076585765,0.11567386211341164,6.396585823293173e-05,0.8482695249343758,0.8401382075597758,-2.9609480212179617,0.21170543315481677
path_a_only,51.97790171900124,0.09306319558784333,0.0,0.5,0.1,0.1,0.174673393368721,0.004169452381775638,0.164306640625,0.1829833984375,16384,0.9040140045853312,1095368.0,-0.2178383,-0.01502994,0.9061751459750361,-0.4218332378569311,-0.030055353204704635,1.314853,1.653683e-05,0.06076932756286819,0.11567386211341164,6.396585823293173e-05,0.8482695249343758,0.8401382075597758,-3.070463481051786,0.4366460629421248
path_a_only,52.09794579700247,0.13028729883547518,0.0,0.5,0.1,0.1,0.18882021307945251,0.0027857485273068577,0.1807861328125,0.1939697265625,16384,0.9826045328396376,1095504.0,-0.04811937,0.03312508,0.9931890375920259,-0.09587945297215382,0.06620170771804842,1.793463,1.171614e-05,0.024005948408991246,0.11567386211341164,6.396585823293173e-05,0.8482695249343758,0.8401382075597758,2.537292597067907,0.11677934762673516
path_a_only,52.218080872997234,0.16327669194976385,0.0,0.5,0.1,0.1,0.18657249212265015,0.0023120433306301827,0.1798095703125,0.1920166015625,16384,0.9701176572749924,1095628.0,-0.3000931,-0.03111155,0.823633451296592,-0.5637031292058468,-0.06218295609570825,1.092602,1.762088e-05,0.06903647213589827,0.11567386211341164,6.396585823293173e-05,0.8482695249343758,0.8401382075597758,-3.0317253291577884,0.6030079784393467
path_a_only,52.33637204600382,0.187075906823444,0.0,0.5,0.1,0.1,0.17047010362148285,0.007174206376430659,0.1546630859375,0.18359375,16384,0.8806632608566352,1095677.0,-0.08314315,-0.0625704,0.9784942303863603,-0.16422666735516572,-0.12481443358049614,2.105031,1.438107e-05,0.04432914529751576,0.11567386211341164,6.396585823293173e-05,0.8482695249343758,0.8401382075597758,-2.491713842500231,0.20776572275204774
path_a_only,52.45882407099998,0.19916449149949678,0.0,0.5,0.1,0.1,0.11460766196250916,0.008551978474868348,0.0985107421875,0.135009765625,16384,0.5703278717497996,1095814.0,-0.1522066,-0.03933729,0.9510719699141897,-0.29880625616378725,-0.0785934432438466,2.785155,3.662251e-05,0.21394604487998317,0.11567386211341164,6.396585823293173e-05,0.8482695249343758,0.8401382075597758,-2.884393456503293,0.314109252548183
path_a_only,52.57950820500264,0.19689662356683818,0.0,0.5,0.1,0.1,0.04604855924844742,0.007141741765018528,0.033203125,0.064697265625,16384,0.18945809259710034,1095976.0,-0.05647672,-0.01531075,0.9931617256838583,-0.11266056726599427,-0.030616714715413815,2.070207,0.0001067679,0.7488863892013498,0.11567386211341164,6.396585823293173e-05,0.8482695249343758,0.8401382075597758,-2.8762404803771675,0.11701352251302832
path_a_only,52.698462936001306,0.18118458656521733,0.0,0.5,0.1,0.1,0.012875065207481384,0.0010293886710215506,0.0098876953125,0.0167236328125,16384,0.005167738013526193,1096112.0,-0.02460357,0.02487181,0.9975541114326134,-0.04912644187010769,0.04972310803914044,2.172308,0.0001274784,0.9068280871670701,0.11567386211341164,6.396585823293173e-05,0.8482695249343758,0.8401382075597758,2.3501584594434206,0.06995550414417542
path_a_only,52.81926220400055,0.15377823831507192,0.0,0.5,0.1,0.1,0.054455384612083435,0.00688918873700114,0.0423583984375,0.068359375,16384,0.23616094594361353,1096212.0,0.009037746,0.03790867,0.9969643540169048,0.018022584048117237,0.07574472446239612,2.712147,9.093768e-05,0.628162513584107,0.11567386211341164,6.396585823293173e-05,0.8482695249343758,0.8401382075597758,1.3372015064692615,0.07793822021769439
path_a_only,52.93674721199932,0.11974092856227839,0.0,0.5,0.1,0.1,0.12259841710329056,0.007552742906557774,0.10791015625,0.1414794921875,16384,0.6147193095786452,1096349.0,0.03103761,0.08357774,0.9841628188500757,0.061170714062984015,0.166378152814899,1.562361,7.076984e-05,0.4743592305199138,0.11567386211341164,6.396585823293173e-05,0.8482695249343758,0.8401382075597758,1.218475553835746,0.17820864914344575
path_a_only,53.05792236400157,0.08190341047167615,0.0,0.5,0.1,0.1,0.16126324236392975,0.005806535115202559,0.147216796875,0.171630859375,16384,0.829515928481549,1096474.0,-0.01175527,0.04884004,0.9949580504078991,-0.023396311936604967,0.09752482000125733,5.333991,1.980269e-05,0.08567531600922763,0.11567386211341164,6.396585823293173e-05,0.8482695249343758,0.8401382075597758,1.806247795107776,0.10046085977993323
path_a_only,53.17646555900137,0.04735812704527548,0.0,0.5,0.1,0.1,0.17271297425031662,0.004046080037072385,0.16357421875,0.18212890625,16384,0.8931231911540716,1096587.0,-0.04891601,0.08373713,0.981294098605968,-0.09630944268416455,0.16669248120706126,2.053662,3.208673e-05,0.17935543650264055,0.11567386211341164,6.396585823293173e-05,0.8482695249343758,0.8401382075597758,2.0947077195627326,0.19372409514135785
path_a_only,53.2963816679985,0.019771667630347087,0.0,0.5,0.1,0.1,0.16890231519937515,0.00417966809665856,0.1588134765625,0.1773681640625,16384,0.8719536481801576,1096711.0,0.05922923,0.04123537,0.9896170315574349,0.11777993760953986,0.08237728538950417,4.752434,2.245639e-05,0.10591287106060893,0.11567386211341164,6.396585823293173e-05,0.8482695249343758,0.8401382075597758,0.6103345522062043,0.14422888774604606
path_a_only,53.416738870997506,0.0034015488931217752,0.0,0.5,0.1,0.1,0.14630954712629318,0.0059404585722823726,0.1312255859375,0.1573486328125,16384,0.7464429246467531,1096824.0,-0.06812901,0.03276401,0.9886049298321482,-0.1355452459852297,0.06548113470593499,2.971304,4.997329e-05,0.31576130102381267,0.11567386211341164,6.396585823293173e-05,0.8482695249343758,0.8401382075597758,2.6915608487559908,0.15110775917467578
path_a_only,53.537844272002985,0.0007059247883804826,0.0,0.5,0.1,0.1,0.09903781116008759,0.005842747929519903,0.0869140625,0.111572265625,16384,0.4838319083867537,1096948.0,-0.02857795,0.05430346,0.9924847308161366,-0.0567882100140716,0.10839353440228129,1.938964,0.0001071628,0.751897961907304,0.11567386211341164,6.396585823293173e-05,0.8482695249343758,0.8401382075597758,2.0533866769413187,0.12267600666899318
path_a_only,53.65911103600229,0.012235131536757676,0.0,0.5,0.1,0.1,0.034511104226112366,0.005746628321047662,0.025146484375,0.0504150390625,16384,0.12536349724237333,1097061.0,-0.03651089,0.02030599,0.996512738521204,-0.07289674624031772,0.04060081714134646,2.084335,0.0001319046,0.9405830203427961,0.11567386211341164,6.396585823293173e-05,0.8482695249343758,0.8401382075597758,2.633419012652139,0.08353789796062276
path_a_only,53.7810397860012,0.03650963528901134,0.0,0.5,0.1,0.1,0.01339547336101532,0.0014160704171664149,0.010009765625,0.0186767578125,16384,0.008058787205526205,1097186.0,-0.06450141,0.006210951,0.9916141595182548,-0.12863538754939463,0.012421582544996361,1.449858,0.0001396958,1.0,0.11567386211341164,6.396585823293173e-05,0.8482695249343758,0.8401382075597758,3.0453268564678178,0.12959619707984107
path_a_only,53.89764210500289,0.06839465536499775,0.0,0.5,0.1,0.1,0.06733231246471405,0.009244387074338214,0.0458984375,0.086669921875,16384,0.3076967810587768,1097261.0,-0.06589914,0.004010683,0.9912952801226641,-0.13141281015939354,0.00802127998140375,1.094932,0.0001132383,0.798230729633372,0.11567386211341164,6.396585823293173e-05,0.8482695249343758,0.8401382075597758,3.0806294913182057,0.13204073587667445
path_a_only,54.0178042050029,0.10559043989236401,0.0,0.5,0.1,0.1,0.14129181951284409,0.007220401144516564,0.130126953125,0.156982421875,16384,0.7185676938994466,1097373.0,0.09202988,-0.01959775,0.9823536979654293,0.18288168699572774,-0.039185464846584694,1.876887,3.888549e-05,0.23120390459667114,0.11567386211341164,6.396585823293173e-05,0.8482695249343758,0.8401382075597758,-0.21107520217425124,0.18814061926996734
path_a_only,54.139699974002724,0.1424926249250254,0.0,0.5,0.1,0.1,0.18215811997652054,0.0032985471074816466,0.17578125,0.1900634765625,16384,0.9455942770404759,1097510.0,-0.04726509,-0.02436302,0.9943537690475054,-0.09427742782234001,-0.04870676117567285,0.8722068,1.904143e-05,0.07986982135707611,0.11567386211341164,6.396585823293173e-05,0.8482695249343758,0.8401382075597758,-2.6647279387117417,0.10631605981945647
path_a_only,54.260592329002975,0.17302412084486168,0.0,0.5,0.1,0.1,0.18889936059713364,0.0020621610583037853,0.182861328125,0.19482421875,16384,0.9830442249649184,1097672.0,-0.05725868,0.004690497,0.9934063369565296,-0.11426219509384476,0.009380856407927213,1.633907,1.231105e-05,0.028542830451278325,0.11567386211341164,6.396585823293173e-05,0.8482695249343758,0.8401382075597758,3.0596769805709325,0.11489927655782216
path_a_only,54.38072327199916,0.19306105471259205,0.0,0.5,0.1,0.1,0.1832016035914421,0.0034026796793683502,0.17431640625,0.1915283203125,16384,0.9513911932519117,1097797.0,-0.2080386,-0.05677972,0.9087900585554048,-0.4015721868563947,-0.11331552503623023,2.054138,1.427214e-05,0.043498427103391725,0.11567386211341164,6.396585823293173e-05,0.8482695249343758,0.8401382075597758,-2.8665638479244735,0.43042125874876763
path_a_only,54.50374512500275,0.1999930785453837,0.0,0.5,0.1,0.1,0.16208785772323608,0.0061473444705655465,0.150146484375,0.176025390625,16384,0.8340969550316603,1097847.0,0.1230449,-0.07032518,0.9602949535180938,0.24120776168768607,-0.14018708196299093,1.299215,2.131255e-05,0.09718975805990351,0.11567386211341164,6.396585823293173e-05,0.8482695249343758,0.8401382075597758,-0.5264723692175632,0.28273879440915833
path_a_only,54.624918856003205,0.19239770566814166,0.0,0.5,0.1,0.1,0.10957646369934082,0.006811617548998863,0.094970703125,0.1221923828125,16384,0.5423778068348843,1097984.0,-0.1342294,-0.01924122,0.9634669993442183,-0.2650493800441389,-0.038472942607314285,0.8402248,7.156567e-05,0.48042836170902364,0.11567386211341164,6.396585823293173e-05,0.8482695249343758,0.8401382075597758,-2.997445536065512,0.271137001780996
path_a_only,54.745701605999784,0.17165906512344384,0.0,0.5,0.1,0.1,0.03352361172437668,0.004148938192111835,0.024169921875,0.042724609375,16384,0.1198776312353511,1098121.0,-0.1055864,0.003829364,0.9777570839719829,-0.2096006435459216,0.007658653128348403,1.969085,0.0001120172,0.788918419095918,0.11567386211341164,6.396585823293173e-05,0.8482695249343758,0.8401382075597758,3.105069638558396,0.21130956690417946
path_a_only,54.86892841300141,0.14002352459373132,0.0,0.5,0.1,0.1,0.017531566321849823,0.002547853976589669,0.0113525390625,0.025390625,16384,0.031036229298346485,1098283.0,-0.03923196,0.02604017,0.9955715828611186,-0.07827715503514802,0.052056799738461626,2.247706,0.000122132,0.8660555566147451,0.11567386211341164,6.396585823293173e-05,0.8482695249343758,0.8401382075597758,2.5547227135055746,0.09414552016845515
path_a_only,54.99112548799894,0.102787648997959,0.0,0.5,0.1,0.1,0.07458899915218353,0.00264804054385391,0.0689697265625,0.083984375,16384,0.3480102120493192,1098407.0,0.1020548,0.04671354,0.9749712456645445,0.20181134154619051,0.0932912244032268,3.116575,7.091274e-05,0.4754490095517721,0.11567386211341164,6.396585823293173e-05,0.8482695249343758,0.8401382075597758,0.4330102544050076,0.22420465320427316
path_a_only,55.111913669003116,0.06556116899150366,0.0,0.5,0.1,0.1,0.13141117990016937,0.008630186304261237,0.1142578125,0.150390625,16384,0.6636772872548017,1098519.0,-0.06445812,0.05124607,0.9864976271298109,-0.12788480716799733,0.10231279373986751,4.005967,3.849935e-05,0.228259137099388,0.11567386211341164,6.396585823293173e-05,0.8482695249343758,0.8401382075597758,2.4668281196696995,0.16451667656405014
path_a_only,55.231826005001494,0.033439597944594265,0.0,0.5,0.1,0.1,0.16247032582759857,0.005186847391086742,0.1512451171875,0.175048828125,16384,0.8362216990361003,1098644.0,0.05147235,0.07373432,0.9839095250537379,0.10164759874075788,0.1469347208074587,1.793806,4.364113e-05,0.26747120169300864,0.11567386211341164,6.396585823293173e-05,0.8482695249343758,0.8401382075597758,0.9656034191956353,0.17963191043637222
path_a_only,55.34776769099699,0.011219919837620496,0.0,0.5,0.1,0.1,0.1658046990633011,0.0034700879922111762,0.1566162109375,0.1739501953125,16384,0.8547453078293965,1098744.0,0.03355114,0.03412139,0.9954270900555853,0.06689586182428275,0.06818982368547524,6.443603,1.940521e-05,0.08264406779661015,0.11567386211341164,6.396585823293173e-05,0.8482695249343758,0.8401382075597758,0.7949766933738953,0.09567026133160499
path_a_only,55.46893968000222,0.0004757041873692386,0.0,0.5,0.1,0.1,0.1564585119485855,0.004762344965240135,0.146484375,0.1663818359375,16384,0.8028239716189763,1098869.0,0.1120589,0.05783479,0.9684754015851214,0.22076120209781042,0.11541181990102879,2.631606,4.884727e-05,0.30717408629006115,0.11567386211341164,6.396585823293173e-05,0.8482695249343758,0.8401382075597758,0.4817131947880928,0.2517603561928734
path_a_only,55.585806324997975,0.003611410413768834,0.0,0.5,0.1,0.1,0.12322494387626648,0.009181114133139384,0.106689453125,0.14404296875,16384,0.6181998847934612,1098994.0,-0.09666446,0.04044424,0.9781613232532541,-0.19149866083023243,0.08080030069047224,2.097834,8.6513e-05,0.5944191721797487,0.11567386211341164,6.396585823293173e-05,0.8482695249343758,0.8401382075597758,2.742319561895017,0.20937349831579682
path_a_only,55.70390801800386,0.019826027201737234,0.0,0.5,0.1,0.1,0.059379518032073975,0.006065070321592584,0.048583984375,0.0716552734375,16384,0.26351622823212517,1099069.0,-0.05292992,0.02515044,0.9931443355702669,-0.10552859048908611,0.05027967098221547,2.475735,0.0001014165,0.7080757278221578,0.11567386211341164,6.396585823293173e-05,0.8482695249343758,0.8401382075597758,2.696957479015241,0.11716238421887248
path_a_only,55.82364337200124,0.0473872262737933,0.0,0.5,0.1,0.1,0.015488304197788239,0.002058239478197073,0.0106201171875,0.0223388671875,16384,0.01968519401440897,1099231.0,-0.03029786,0.01369493,0.9977902506959706,-0.06053592956845939,0.027386435462735753,2.100037,0.0001288755,0.917482602810242,0.11567386211341164,6.396585823293173e-05,0.8482695249343758,0.8401382075597758,2.71674494057374,0.066491557598418
path_a_only,55.942468818000634,0.0820242885090921,0.0,0.5,0.1,0.1,0.035832032561302185,0.0050510643988145,0.022705078125,0.0457763671875,16384,0.1327017158506093,1099356.0,-0.1603664,0.01247246,0.9487094055568609,-0.3151639951327778,0.024942333088425077,1.54482,9.969984e-05,0.6949841947722636,0.11567386211341164,6.396585823293173e-05,0.8482695249343758,0.8401382075597758,3.062616454560077,0.3216679849859025
path_a_only,56.05985846200201,0.1186944517398956,0.0,0.5,0.1,0.1,0.11898282915353775,0.006279765547098937,0.107666015625,0.134521484375,16384,0.5946334547553574,1099467.0,-0.361025,-0.05686218,0.7456047529720963,-0.6566551472239771,-0.11347938125349499,0.8477782,5.373416e-05,0.34444231759165694,0.11567386211341164,6.396585823293173e-05,0.8482695249343758,0.8401382075597758,-2.9704685504379396,0.7293544376433958
path_a_only,56.184319034997316,0.15472335080825647,0.0,0.5,0.1,0.1,0.17642603814601898,0.005175475334268901,0.1630859375,0.1873779296875,16384,0.913750558928037,1099554.0,-0.3843393,-0.05543323,0.7144167358598744,-0.6909179635719144,-0.11063948272186139,0.989766,2.234817e-05,0.10508756744389999,0.11567386211341164,6.396585823293173e-05,0.8482695249343758,0.8401382075597758,-2.9828067028635123,0.775006142752367
path_a_only,56.30570653799805,0.18194240139642126,0.0,0.5,0.1,0.1,0.19109588861465454,0.0009855126759505937,0.1875,0.1944580078125,16384,0.9952467058583025,1099715.0,0.1418001,0.05663182,0.9539027558824411,0.2780209426122249,0.11302162531522007,2.128295,1.240571e-05,0.029264723265524,0.11567386211341164,6.396585823293173e-05,0.8482695249343758,0.8401382075597758,0.38611610249223416,0.30481411567503996
path_a_only,56.42571035600122,0.19728884667979496,0.0,0.5,0.1,0.1,0.19195151329040527,0.0007289091562316187,0.188232421875,0.1951904296875,16384,1.0,1099840.0,-0.1362881,0.04805321,0.9586362480465663,-0.26797108475888387,0.09595854138298004,2.976581,1.024292e-05,0.012770929057596605,0.11567386211341164,6.396585823293173e-05,0.8482695249343758,0.8401382075597758,2.7977263997688393,0.2886246690910254
path_a_only,56.54870527300227,0.19883164663410854,0.0,0.5,0.1,0.1,0.19091835618019104,0.0010511575667595952,0.1873779296875,0.195068359375,16384,0.9942604511316536,1099964.0,-0.1227596,-0.005922134,0.969943219938883,-0.24304293853171485,-0.011843991069761233,1.367045,1.438332e-05,0.04434630416960591,0.11567386211341164,6.396585823293173e-05,0.8482695249343758,0.8401382075597758,-3.092899082371077,0.24579897075002777
path_a_only,56.670813420998456,0.18594383944976753,0.0,0.5,0.1,0.1,0.17464223504066467,0.005039546354910527,0.162841796875,0.185546875,16384,0.9038409091821565,1100038.0,-0.1397958,-0.04118214,0.9579098421159093,-0.2750276098994249,-0.08227118675747526,4.25728,1.019272e-05,0.01238809555585212,0.11567386211341164,6.396585823293173e-05,0.8482695249343758,0.8401382075597758,-2.850926947100099,0.2911658668782481
path_a_only,56.789997918000154,0.1612912221882163,0.0,0.5,0.1,0.1,0.12602369487285614,0.010439925207082696,0.1090087890625,0.1502685546875,16384,0.6337479248315621,1100150.0,-0.4150931,-0.04655804,0.6718152639227288,-0.7348596312534486,-0.09298157620991314,1.146367,6.287066e-05,0.41411877752569065,0.11567386211341164,6.396585823293173e-05,0.8482695249343758,0.8401382075597758,-3.015731767462055,0.8341395753545852
path_a_only,56.906779035998625,0.12886938272879722,0.0,0.5,0.1,0.1,0.04502929747104645,0.006450788434016686,0.0340576171875,0.0601806640625,16384,0.18379573715939018,1100311.0,-0.1325895,0.004191656,0.9650116921959722,-0.26207280601272587,0.008383213803928822,2.229643,0.0001099489,0.7731452212541228,0.11567386211341164,6.396585823293173e-05,0.8482695249343758,0.8401382075597758,3.1096154471741073,0.26530836175957334
path_a_only,57.02867094300018,0.09100493202557852,0.0,0.5,0.1,0.1,0.013661064207553864,0.0014588824856829631,0.0101318359375,0.0191650390625,16384,0.009534237190453826,1100448.0,-0.03866063,0.02418004,0.9958465726951147,-0.07715392999570869,0.048341232272367786,2.087375,0.0001294574,0.9219202684410212,0.11567386211341164,6.396585823293173e-05,0.8482695249343758,0.8401382075597758,2.5818754365512504,0.09117352305734
path_a_only,57.14918832100375,0.05482830090412783,0.0,0.5,0.1,0.1,0.062358833849430084,0.007196386964400219,0.0478515625,0.0758056640625,16384,0.28006736896270285,1100547.0,0.07184845,0.05342115,0.9840499133744092,0.14238630918895684,0.10663914357947858,1.755658,0.0001118406,0.7875716382909763,0.11567386211341164,6.396585823293173e-05,0.8482695249343758,0.8401382075597758,0.6428238986315913,0.17884445073156754
path_a_only,57.2669050580007,0.025635425202510942,0.0,0.5,0.1,0.1,0.12832041829824448,0.008199548794808734,0.1107177734375,0.1474609375,16384,0.6465070262371158,1100684.0,-0.019285,0.08077874,0.9862439058243766,-0.038058301732432985,0.16085559950937708,1.554542,6.732137e-05,0.44806062801471847,0.11567386211341164,6.396585823293173e-05,0.8482695249343758,0.8401382075597758,1.8031232266013744,0.1660587169411058
path_a_only,57.38471780299733,0.006486970916989326,0.0,0.5,0.1,0.1,0.1614304929971695,0.006097337175779724,0.14599609375,0.1710205078125,16384,0.830445064208585,1100783.0,0.08927664,0.055461,0.9780538325072317,0.17651455517943845,0.1106946815692656,2.669137,3.700412e-05,0.2168562658481249,0.11567386211341164,6.396585823293173e-05,0.8482695249343758,0.8401382075597758,0.5601177777858015,0.2098900330630636
path_a_only,57.5081641029974,3.288992566610749e-05,0.0,0.5,0.1,0.1,0.17008531838655472,0.005041226077771591,0.1571044921875,0.1788330078125,16384,0.8785256443819925,1100858.0,0.1558718,0.08801422,0.9370920138693624,0.3019789244795682,0.17512077750063307,1.924241,4.021493e-05,0.24134243389067894,0.11567386211341164,6.396585823293173e-05,0.8482695249343758,0.8401382075597758,0.5255168904020051,0.3565917797280181
path_a_only,57.62558829200134,0.007682931045947555,0.0,0.5,0.1,0.1,0.1576165035367012,0.0069649758347220024,0.1422119140625,0.1734619140625,16384,0.809257019645666,1100995.0,0.04532783,0.06707295,0.9869464048317155,0.08971819394077656,0.1337439331923388,4.23273,2.923139e-05,0.15758014146536764,0.11567386211341164,6.396585823293173e-05,0.8482695249343758,0.8401382075597758,0.9799233905919547,0.16175347806614823
path_a_only,57.745914603998244,0.02838762393089156,0.0,0.5,0.1,0.1,0.12756367772817612,0.008298309861734524,0.1103515625,0.146728515625,16384,0.6423030678656083,1101157.0,-0.006190533,0.05300753,0.9943094507547874,-0.012311240007238138,0.10581658428241429,1.707754,8.919404e-05,0.6148652265924386,0.11567386211341164,6.396585823293173e-05,0.8482695249343758,0.8401382075597758,1.6866206833792354,0.10673288629660903
path_a_only,57.86596324799757,0.05912455487805473,0.0,0.5,0.1,0.1,0.07362408190965652,0.008123525827174646,0.0595703125,0.0875244140625,16384,0.3426497594979687,1101231.0,0.0264646,0.04527086,0.9945092110263634,0.052687787740117425,0.09041806349824567,1.866831,0.0001085474,0.7624571504833082,0.11567386211341164,6.396585823293173e-05,0.8482695249343758,0.8401382075597758,1.043184787352045,0.10484103335934841
path_a_only,57.98407320000115,0.09499853572773385,0.0,0.5,0.1,0.1,0.0203566774725914,0.004469739789014385,0.0130615234375,0.031982421875,16384,0.04673070920646933,1101394.0,-0.05650214,0.01861831,0.9929330266779308,-0.11268575508768722,0.03722801542550049,2.002393,0.0001338325,0.9552855045661665,0.11567386211341164,6.396585823293173e-05,0.8482695249343758,0.8401382075597758,2.8225112857661934,0.1189564015033768
path_a_only,58.10000277800282,0.13090252945693429,0.0,0.5,0.1,0.1,0.02314913272857666,0.0026401714063555323,0.0145263671875,0.0303955078125,16384,0.06224377420495216,1101495.0,-0.056764,0.02249189,0.9925575275690199,-0.11316968914031436,0.044968610451722305,1.859338,0.0001113997,0.7842092619778459,0.11567386211341164,6.396585823293173e-05,0.8482695249343758,0.8401382075597758,2.763368002811889,0.12207966685257661
path_a_only,58.21845492000284,0.16336764146371485,0.0,0.5,0.1,0.1,0.09549667686223984,0.0032830106265243804,0.08544921875,0.102783203125,16384,0.46415966962370625,1101635.0,-0.1582348,-0.01127608,0.9500983848697052,-0.3111342883163016,-0.02255024837748206,1.977959,4.562772e-05,0.2826212655621437,0.11567386211341164,6.396585823293173e-05,0.8482695249343758,0.8401382075597758,-3.069241621358508,0.31724519436730647
path_a_only,58.339286987997184,0.18752253574944544,0.0,0.5,0.1,0.1,0.15856514126062393,0.003911634880499572,0.152099609375,0.169677734375,16384,0.8145270337809628,1101749.0,0.04359603,-0.03606214,0.9936112276461969,0.0868552257385188,-0.07206176557182381,2.383468,1.504565e-05,0.049397342281367364,0.11567386211341164,6.396585823293173e-05,0.8482695249343758,0.8401382075597758,-0.692576436594428,0.11309806985670275
path_a_only,58.45949865700095,0.1991916069056523,0.0,0.5,0.1,0.1,0.18432121723890305,0.0030402775252460004,0.1778564453125,0.193359375,16384,0.9576110384039593,1101799.0,-0.1782996,0.01248726,0.9367971949234478,-0.34898054186710226,0.02497192386868585,0.8017811,1.955164e-05,0.08376076719223655,0.11567386211341164,6.396585823293173e-05,0.8482695249343758,0.8401382075597758,3.0701576321723314,0.35743537852576357
path_a_only,58.57755034999718,0.19704683282716057,0.0,0.5,0.1,0.1,0.188963420689106,0.002031774152128858,0.1842041015625,0.1939697265625,16384,0.9834001011668543,1101986.0,-0.04374905,0.03627534,0.9935539000282868,-0.08715661338615963,0.07248705044100302,1.435276,1.345165e-05,0.03724123467617395,0.11567386211341164,6.396585823293173e-05,0.8482695249343758,0.8401382075597758,2.447826580221485,0.11360490542524311
path_a_only,58.7027373450037,0.18039324104888096,0.0,0.5,0.1,0.1,0.1853734701871872,0.0022165296190688184,0.1800537109375,0.19189453125,16384,0.9634566713273839,1102110.0,-0.2522595,-0.03128645,0.8736938732908538,-0.48244041634974305,-0.06253207533987858,1.514556,1.603661e-05,0.056954567119787976,0.11567386211341164,6.396585823293173e-05,0.8482695249343758,0.8401382075597758,-3.012695126625479,0.5080518913150682
path_a_only,58.82231727400358,0.15296660015948849,0.0,0.5,0.1,0.1,0.16434964537620544,0.007607590426505224,0.1468505859375,0.177734375,16384,0.8466619760102685,1102160.0,-0.2158665,-0.01847313,0.9076221315083275,-0.4181598513176968,-0.03693785513862471,2.540695,1.580775e-05,0.05520924291243255,0.11567386211341164,6.396585823293173e-05,0.8482695249343758,0.8401382075597758,-3.0534870460905648,0.4332118632195788
path_a_only,58.939707372002886,0.11882842695936319,0.0,0.5,0.1,0.1,0.10557775944471359,0.0059766104738779675,0.0963134765625,0.119384765625,16384,0.5201636070267462,1102334.0,-0.05387239,-0.03011472,0.9923984145913162,-0.10734144405382018,-0.060193032030983896,1.236122,8.233085e-05,0.5625254046634001,0.11567386211341164,6.396585823293173e-05,0.8482695249343758,0.8401382075597758,-2.630524228040555,0.12337937965660539
path_a_only,59.06070237699896,0.08104516455745665,0.0,0.5,0.1,0.1,0.03389827162027359,0.005670065759075707,0.0230712890625,0.0477294921875,16384,0.12195899791254891,1102434.0,-0.1068042,-0.00481014,0.977227119585402,-0.21197785217955986,-0.009620131608208756,2.212671,0.0001055901,0.7399042916245638,0.11567386211341164,6.396585823293173e-05,0.8482695249343758,0.8401382075597758,-3.096241051307948,0.2138216228335022
path_a_only,59.1836812870024,0.04544445157106511,0.0,0.5,0.1,0.1,0.01809791475534439,0.0025384842369213663,0.012939453125,0.024169921875,16384,0.034182492803109525,1102595.0,-0.02034056,0.02837285,0.997564363834402,-0.040604437550278503,0.05671525067290741,2.367034,0.000118959,0.8418577338849592,0.11567386211341164,6.396585823293173e-05,0.8482695249343758,0.8401382075597758,2.1921371088488417,0.0698086746596257
path_a_only,59.306902891999925,0.017842747692285693,0.0,0.5,0.1,0.1,0.07263941317796707,0.004975492463788286,0.06298828125,0.0838623046875,16384,0.3371795805205503,1102719.0,0.0322673,0.04827678,0.9932703860596004,0.06418944204268545,0.09640360837261823,2.672727,7.845572e-05,0.5329730224399916,0.11567386211341164,6.396585823293173e-05,0.8482695249343758,0.8401382075597758,0.9833657933579065,0.11607907189221527
path_a_only,59.427962535002735,0.002549953057831289,0.0,0.5,0.1,0.1,0.13242559134960175,0.003999790461705942,0.122314453125,0.14111328125,16384,0.6693126974253032,1102832.0,0.0368391,0.04874817,0.9925508686015619,0.07326197639601216,0.09734195422753306,2.251571,5.330665e-05,0.34118205563287635,0.11567386211341164,6.396585823293173e-05,0.8482695249343758,0.8401382075597758,0.925617411784434,0.12213433647729338
path_a_only,59.55055368199828,0.001258526235512078,0.0,0.5,0.1,0.1,0.16330810636281967,0.004473868898928226,0.1513671875,0.17236328125,16384,0.8408758627400638,1102958.0,-0.07293134,0.06619771,0.980722340885926,-0.14407401029944347,0.13200897561705932,1.682689,4.384352e-05,0.2690146613029304,0.11567386211341164,6.396585823293173e-05,0.8482695249343758,0.8401382075597758,2.3998674568811396,0.19667189697314533
path_a_only,59.67258910900273,0.0143426905967651,0.0,0.5,0.1,0.1,0.17133502662181854,0.003768563014825592,0.162841796875,0.1785888671875,16384,0.8854682104414607,1103073.0,-0.02074515,0.04707651,0.994714090468161,-0.04129468425673018,0.09401397383493755,2.01882,3.939456e-05,0.2350861566033059,0.11567386211341164,6.396585823293173e-05,0.8482695249343758,0.8401382075597758,1.9846661724490886,0.1028646967013608
path_a_only,59.79624257999967,0.04027060547237493,0.0,0.5,0.1,0.1,0.15834511071443558,0.001969442736082314,0.15185546875,0.163818359375,16384,0.8133046871892473,1103149.0,0.06451072,0.07101645,0.9817022436319843,0.1273681687932638,0.14155583501282717,1.829941,5.070729e-05,0.3213589064078854,0.11567386211341164,6.396585823293173e-05,0.8482695249343758,0.8401382075597758,0.8381064565568441,0.19159244020365876
path_a_only,59.91386502399837,0.07326893776699954,0.0,0.5,0.1,0.1,0.12023250013589859,0.006684966141521124,0.1082763671875,0.134521484375,16384,0.6015758138619286,1103314.0,-0.02576065,0.02624173,0.9972979578091817,-0.051427599228347005,0.052459368917707035,2.246549,8.046338e-05,0.5482837696135441,0.11567386211341164,6.396585823293173e-05,0.8482695249343758,0.8401382075597758,2.3462631601521267,0.07352904061707642
path_b_only,0.03747896899585612,0.11174717843261509,0.0,0.5,0.1,0.1,0.19428201019763947,0.0017260726497349266,0.18896484375,0.1988525390625,16384,0.9761630440571935,1110582.0,1.52869,-0.01053843,-0.9962348878588755,0.08409447046476089,-0.021075299524927208,0.9421968,2.375666e-05,0.0025249547813725134,0.09708952773847657,0.0001673303645691383,0.8560579750541208,0.8451415875718171,-0.24555699792052677,3.0547885385440416
path_b_only,0.15614713599643437,0.14711117133650983,0.0,0.5,0.1,0.1,0.19343198835849762,0.0027184302972638537,0.1851806640625,0.19873046875,16384,0.9715596104464146,1110669.0,1.458447,-0.01966883,-0.9741071170869923,0.22264022768485306,-0.03932751526483138,0.9530652,3.511714e-05,0.04547062018745822,0.09708952773847657,0.0001673303645691383,0.8560579750541208,0.8451415875718171,-0.17483799418865376,2.9135338841227902
path_b_only,0.2801727849946474,0.17708591357761685,0.0,0.5,0.1,0.1,0.1536320075392723,0.004483601318429058,0.1412353515625,0.1640625,16384,0.7560162432353478,1110782.0,1.436714,0.004578217,-0.9642183958629617,0.26495102781249763,0.009156306054199136,0.9951454,9.488344e-05,0.2714032852121526,0.09708952773847657,0.0001673303645691383,0.8560579750541208,0.8451415875718171,0.034544736995550274,2.8732754862472043
path_b_only,0.3981975499991677,0.1949291449641528,0.0,0.5,0.1,0.1,0.10078822821378708,0.008481093164733838,0.085693359375,0.1197509765625,16384,0.46983203164719384,1110969.0,1.488199,0.0001351416,-0.9863863283237395,0.16444433174483566,0.0002702831967091665,0.9981022,0.0002030486,0.6802966391862564,0.09708952773847657,0.0001673303645691383,0.8560579750541208,0.8451415875718171,0.00164361368041277,2.97639778090324
path_b_only,0.5163863729976583,0.19986752329756324,0.0,0.5,0.1,0.1,0.07303795963525772,0.00789728283504771,0.0545654296875,0.0870361328125,16384,0.3195458705157195,1111081.0,1.499809,0.005133288,-0.9898863459468815,0.1414907178169284,0.01026639564701273,1.000587,0.0002286447,0.7770567713550302,0.09708952773847657,0.0001673303645691383,0.8560579750541208,0.8451415875718171,0.07243185799465213,2.999249772864232
path_b_only,0.6380206119938521,0.19074572202020765,0.0,0.5,0.1,0.1,0.0735025703907013,0.008254884236870298,0.05810546875,0.0899658203125,16384,0.32206204677031736,1111206.0,1.490542,0.007274062,-0.987041656024648,0.15980343016153437,0.01454761082541949,0.9984116,0.0002159236,0.7289675969365762,0.09708952773847657,0.0001673303645691383,0.8560579750541208,0.8451415875718171,0.09078417671705452,2.98043169345827
path_b_only,0.7550956249979208,0.16956970294311957,0.0,0.5,0.1,0.1,0.096695676445961,0.006525275154083725,0.081787109375,0.1075439453125,16384,0.4476681418571583,1111331.0,1.485946,0.006921079,-0.9855409418882468,0.16887113063265988,0.01384171596567423,0.998499,0.0001687157,0.5505090566351141,0.09708952773847657,0.0001673303645691383,0.8560579750541208,0.8451415875718171,0.08178332190158155,2.9713338085944714
path_b_only,0.8770206589979352,0.1376810892974057,0.0,0.5,0.1,0.1,0.14920207858085632,0.005365860642977286,0.1390380859375,0.1636962890625,16384,0.7320252315677853,1111443.0,1.384726,0.002951577,-0.9315348857385578,0.3636040563988236,0.005903119715301682,1.024667,8.720142e-05,0.24236318650480412,0.09708952773847657,0.0001673303645691383,0.8560579750541208,0.8451415875718171,0.016233595454581806,2.769407364280194
path_b_only,0.997280501993373,0.10085434510237853,0.0,0.5,0.1,0.1,0.19339124858379364,0.002693848042934613,0.185791015625,0.19921875,16384,0.9713389774702581,1111518.0,1.460539,-0.003624881,-0.9757593643807684,0.21872609513954555,-0.007249698493400791,0.98581,5.108749e-05,0.10584283223466759,0.09708952773847657,0.0001673303645691383,0.8560579750541208,0.8451415875718171,-0.033132971186169424,2.9209607955213532
path_b_only,1.1155043009930523,0.06450435687198376,0.0,0.5,0.1,0.1,0.18596356362104416,0.003645726334907022,0.1768798828125,0.19580078125,16384,0.9311131232235978,1111693.0,-1.490189,-0.02675606,-0.9856201681804171,-0.16028745848063905,-0.05348658457803686,0.9743972,4.868038e-05,0.09674330997366778,0.09708952773847657,0.0001673303645691383,0.8560579750541208,0.8451415875718171,-2.819519659625768,2.9718020304821207
path_b_only,1.2339696919952985,0.0329385051746616,0.0,0.5,0.1,0.1,0.09972231090068817,0.008186128922209813,0.082763671875,0.1148681640625,16384,0.4640593804522734,1111780.0,1.566365,-0.0181554,-0.9993015881609056,0.008856695696677255,-0.03630282138385491,0.98153,0.0001271543,0.3933958027753749,0.09708952773847657,0.0001673303645691383,0.8560579750541208,0.8451415875718171,-1.331503654677973,3.104216373658405
path_b_only,1.3570130449952558,0.009920815213160405,0.0,0.5,0.1,0.1,0.02645057439804077,0.002410338715481649,0.021484375,0.0338134765625,16384,0.06724419406017938,1111868.0,1.544049,-0.0009236958,-0.9985677982164698,0.053469051920438666,-0.00184739054918668,1.00406,0.0002327892,0.7927240944149292,0.09708952773847657,0.0001673303645691383,0.8560579750541208,0.8451415875718171,-0.03453691253150559,3.088066140885381
path_b_only,1.4768855949951103,0.00026353866345246724,0.0,0.5,0.1,0.1,0.015251792967319489,0.0015963725226990622,0.0120849609375,0.0218505859375,16384,0.006595344272984484,1112055.0,1.516844,0.00517616,-0.9941306662535044,0.10768960819611867,0.01035213509038839,1.001692,0.0002865616,0.9959982076990689,0.09708952773847657,0.0001673303645691383,0.8560579750541208,0.8451415875718171,0.09583490339351108,3.0331944592971696
path_b_only,1.6023824629955925,0.005128300985419804,0.0,0.5,0.1,0.1,0.024913527071475983,0.0028060760310506653,0.01806640625,0.0316162109375,16384,0.05892006049249412,1112180.0,1.512141,0.006915801,-0.9930319951330383,0.11703057561230912,0.01383116097618007,1.001852,0.0002797916,0.9704057895266676,0.09708952773847657,0.0001673303645691383,0.8560579750541208,0.8451415875718171,0.11763848616361239,3.0234731199041485
path_b_only,1.7190994579941616,0.02276864839740675,0.0,0.5,0.1,0.1,0.025706782937049866,0.0019102549798411636,0.0208740234375,0.0318603515625,16384,0.06321606860119984,1112305.0,1.513945,0.005158554,-0.9934899372521154,0.11345177670682192,0.010316924970805427,1.001774,0.0002836652,0.9850490378328144,0.09708952773847657,0.0001673303645691383,0.8560579750541208,0.8451415875718171,0.09068722435558518,3.0274248952506104
path_b_only,1.8387410069990437,0.05147840971905025,0.0,0.5,0.1,0.1,0.015190325677394867,0.001075455161009893,0.011962890625,0.0201416015625,16384,0.006262458015981768,1112404.0,1.523355,0.005415821,-0.9954436192478792,0.09473479307276265,0.010831430198469192,1.001143,0.0002846835,0.9888984853106513,0.09708952773847657,0.0001673303645691383,0.8560579750541208,0.8451415875718171,0.11383990311656023,3.0460955849085227
path_b_only,1.9570410599990282,0.08654498302057917,0.0,0.5,0.1,0.1,0.01980350911617279,0.002085663855016908,0.013916015625,0.0262451171875,16384,0.031245914577754965,1112529.0,1.532856,0.007008947,-0.9970244779697237,0.07580040796456616,0.014017434915322907,1.006802,0.000250279,0.8588402355303889,0.09708952773847657,0.0001673303645691383,0.8560579750541208,0.8451415875718171,0.18285981449763078,3.0644305019329754
path_b_only,2.0795533529962995,0.12473305434122806,0.0,0.5,0.1,0.1,0.06174922734498978,0.008364118087101335,0.044677734375,0.0760498046875,16384,0.25840987699751927,1112653.0,1.570747,0.007697237,-0.9998815025595986,9.86418999155867e-05,0.015393865951576418,1.003467,0.0001482903,0.4732955591257252,0.09708952773847657,0.0001673303645691383,0.8560579750541208,0.8451415875718171,1.5643885439706295,3.1261978635133274
path_b_only,2.197402843994496,0.15811648239328868,0.0,0.5,0.1,0.1,0.14333821833133698,0.004495219140037101,0.130126953125,0.1505126953125,16384,0.7002685282473156,1112766.0,-1.531561,-0.003734257,-0.9968949543964125,-0.07838795975586094,-0.007468444569524959,0.9947386,4.98809e-05,0.10128159798907857,0.09708952773847657,0.0001673303645691383,0.8560579750541208,0.8451415875718171,-3.0466039735318926,3.0627681165453295
path_b_only,2.320182406998356,0.1844634841586703,0.0,0.5,0.1,0.1,0.19726810604333878,0.0015992570161020958,0.1912841796875,0.2010498046875,16384,0.9923347391220841,1112853.0,1.489472,-0.0188574,-0.9861001089367398,0.16181731458991788,-0.037705859675353545,0.933887,2.31277e-05,0.00014731706590523507,0.09708952773847657,0.0001673303645691383,0.8560579750541208,0.8451415875718171,-0.22893000424280308,2.9746662499314946
path_b_only,2.4422165369978757,0.19835682464656013,0.0,0.5,0.1,0.1,0.16777325421571732,0.004575458962569232,0.159423828125,0.1778564453125,16384,0.8326004993697353,1113028.0,1.446907,-0.02336198,-0.9684015657600761,0.24498340191989085,-0.04670696112134024,0.995095,0.0001196164,0.3649005163733449,0.09708952773847657,0.0001673303645691383,0.8560579750541208,0.8451415875718171,-0.1883926727821108,2.889536068547317
path_b_only,2.5623059929930605,0.19809040040182427,0.0,0.5,0.1,0.1,0.10884428769350052,0.008734202963893468,0.093994140625,0.1275634765625,16384,0.5134609518368058,1113116.0,1.490186,0.001800475,-0.9870256762642089,0.16052210941276832,0.003600942217847421,1.004075,0.0001913526,0.6360826180718687,0.09708952773847657,0.0001673303645691383,0.8560579750541208,0.8451415875718171,0.022428925116622533,2.980332139376201
path_b_only,2.682009868993191,0.18409278047777697,0.0,0.5,0.1,0.1,0.07847199589014053,0.00769914660038384,0.0609130859375,0.092529296875,16384,0.3489747910281303,1113253.0,1.480302,-0.003090325,-0.9836474255859289,0.17999872830154676,-0.006180610649489325,1.006722,0.0002232383,0.7566191273953152,0.09708952773847657,0.0001673303645691383,0.8560579750541208,0.8451415875718171,-0.034323483217049144,2.960499652237713
path_b_only,2.802007614998729,0.15826710372372438,0.0,0.5,0.1,0.1,0.0863160789012909,0.004332316413038197,0.07470703125,0.0955810546875,16384,0.3914557176543503,1113378.0,1.478865,0.01367797,-0.9827769817499755,0.18276007043426173,0.02735252816965903,0.9975684,0.0001989586,0.664835340763048,0.09708952773847657,0.0001673303645691383,0.8560579750541208,0.8451415875718171,0.1485609236195966,2.9557288039391443
path_b_only,2.922199032997014,0.12419925820681865,0.0,0.5,0.1,0.1,0.11214515566825867,0.004057720820188618,0.102294921875,0.12353515625,16384,0.5313373473363451,1113503.0,1.474202,-0.008859016,-0.9812429979810702,0.19195906622036452,-0.017717104981549783,0.9908626,0.0001522339,0.4882034262312911,0.09708952773847657,0.0001673303645691383,0.8560579750541208,0.8451415875718171,-0.09203551879519667,2.9476033001861177
path_b_only,3.0431821609963663,0.0864754970703416,0.0,0.5,0.1,0.1,0.15710966289043427,0.004515128181632646,0.1480712890625,0.168212890625,16384,0.7748500599598761,1113615.0,1.397009,0.01806201,-0.9395882062677214,0.34039627693305785,0.03611616387047308,0.9942992,7.173869e-05,0.18390991438561166,0.09708952773847657,0.0001673303645691383,0.8560579750541208,0.8451415875718171,0.10570488304618264,2.7922216434843836
path_b_only,3.1612532469953294,0.051479988149503275,0.0,0.5,0.1,0.1,0.19691812992095947,0.0014462101889102879,0.192138671875,0.200927734375,16384,0.990439385649334,1113728.0,1.451787,-0.01625353,-0.9712936257981951,0.23565304091562655,-0.03250133521894055,0.9263458,2.324627e-05,0.0005955435094357551,0.09708952773847657,0.0001673303645691383,0.8560579750541208,0.8451415875718171,-0.1370556282290858,2.901406150976741
path_b_only,3.2873236189989257,0.0215026240307028,0.0,0.5,0.1,0.1,0.1665276736021042,0.007060558629862068,0.150634765625,0.1806640625,16384,0.825854851907983,1113815.0,-1.495214,-0.01178369,-0.9883218326434273,-0.15054778823893483,-0.02356519842271971,0.9922032,4.366267e-05,0.07777501860175655,0.09708952773847657,0.0001673303645691383,0.8560579750541208,0.8451415875718171,-2.9863229002533043,2.9886157380726153
path_b_only,3.406697169994004,0.0042652809227132354,0.0,0.5,0.1,0.1,0.08261402696371078,0.004251267988890401,0.075439453125,0.093017578125,16384,0.37140664416759067,1113902.0,1.548311,-0.01092404,-0.9987505720416399,0.044944768246038415,-0.02184634188616512,0.9922262,0.0001154881,0.34929443366416857,0.09708952773847657,0.0001673303645691383,0.8560579750541208,0.8451415875718171,-0.4524423266132671,3.091598889509622
path_b_only,3.5242635529939434,0.0002903810329045464,0.0,0.5,0.1,0.1,0.02130570262670517,0.004264407187117135,0.01318359375,0.0330810546875,16384,0.03938129155025735,1114102.0,1.526789,0.005169404,-0.9960759720015908,0.08789636430893631,0.010338623813481414,1.002183,0.0002763477,0.9573869226220986,0.09708952773847657,0.0001673303645691383,0.8560579750541208,0.8451415875718171,0.11708489915100362,3.0529744046807497
path_b_only,3.646705385996029,0.01043423319706635,0.0,0.5,0.1,0.1,0.015985287725925446,0.0019573529181452793,0.01220703125,0.0233154296875,16384,0.0105677062401849,1114226.0,1.516404,0.006154978,-0.9940134638389433,0.10856199309296148,0.012309645104124207,1.001339,0.0002859693,0.993759154629126,0.09708952773847657,0.0001673303645691383,0.8560579750541208,0.8451415875718171,0.11290593957989614,3.032116456930451
path_b_only,3.7643348579949816,0.03254434199430134,0.0,0.5,0.1,0.1,0.023455627262592316,0.0040328224293437335,0.0145263671875,0.03271484375,16384,0.05102456337428036,1114351.0,1.509584,0.00567455,-0.992451538835832,0.12211120555246026,0.011348856370305369,1.003031,0.000282834,0.9819068786031393,0.09708952773847657,0.0001673303645691383,0.8560579750541208,0.8451415875718171,0.09267248645986825,3.018645698598544
path_b_only,3.8849320659937803,0.064632552089539,0.0,0.5,0.1,0.1,0.020164012908935547,0.0015696366057433378,0.0142822265625,0.0250244140625,16384,0.03319828238761356,1114451.0,1.516223,0.00586167,-0.9939811063111824,0.10892258669260989,0.011723071465650091,1.002645,0.0002862975,0.9949998387715457,0.09708952773847657,0.0001673303645691383,0.8560579750541208,0.8451415875718171,0.10721484284704141,3.031820696829838
path_b_only,4.00667835099739,0.10209791192262617,0.0,0.5,0.1,0.1,0.014199107885360718,0.0007537320709303376,0.0115966796875,0.017578125,16384,0.0008943544104806312,1114575.0,1.530222,0.006376447,-0.9966282049732976,0.08105302932643722,0.012752548322217167,1.004129,0.0002810111,0.9750158270394067,0.09708952773847657,0.0001673303645691383,0.8560579750541208,0.8451415875718171,0.15605655052440426,3.059450197260573
path_b_only,4.124461649997102,0.13811203501303815,0.0,0.5,0.1,0.1,0.02911178022623062,0.00341804374045048,0.020263671875,0.0382080078125,16384,0.08165639359502631,1114700.0,1.540655,0.008978016,-0.9980226386289186,0.060236437053097815,0.017955067120986403,1.003251,0.0002245545,0.7615947168781091,0.09708952773847657,0.0001673303645691383,0.8560579750541208,0.8451415875718171,0.2896911947623191,3.078695700172588
path_b_only,4.244161702998099,0.1694019136842665,0.0,0.5,0.1,0.1,0.09062961488962173,0.00537884933779127,0.0791015625,0.099853515625,16384,0.41481638397562226,1114775.0,1.568992,0.01079744,-0.9997603299749319,0.0036078043644446347,0.02159320161724574,1.011525,0.0001628602,0.5283736940636968,0.09708952773847657,0.0001673303645691383,0.8560579750541208,0.8451415875718171,1.4052449628223496,3.1196983803979266
path_b_only,4.364969974994892,0.19113644559394763,0.0,0.5,0.1,0.1,0.16917706280946732,0.006223247199452244,0.1580810546875,0.1832275390625,16384,0.8402030565817867,1114887.0,1.555489,0.005710833,-0.999466212140364,0.030607874938761444,0.011421417667085768,0.9759278,5.272499e-05,0.11203302200679564,0.09708952773847657,0.0001673303645691383,0.8560579750541208,0.8451415875718171,0.35715032299275684,3.1089174227675542
path_b_only,4.486106730997562,0.19990476212612723,0.0,0.5,0.1,0.1,0.19805892556905746,0.0008963939834867995,0.195068359375,0.201416015625,16384,0.9966175528300577,1115062.0,1.426331,-0.0091403,-0.9583889498914402,0.28487975992243286,-0.018279581847503,0.9773862,4.465762e-05,0.08153619680864435,0.09708952773847657,0.0001673303645691383,0.8560579750541208,0.8451415875718171,-0.06407810903191224,2.85210042343505
path_b_only,4.604151118997834,0.1946945828896896,0.0,0.5,0.1,0.1,0.1623206064105034,0.005687980035648011,0.150390625,0.1727294921875,16384,0.8030707849336891,1115149.0,1.448081,-0.007430921,-0.9699256515551828,0.24294726252618684,-0.014861294906099257,0.9916764,0.0001015255,0.29651205582458673,0.09708952773847657,0.0001673303645691383,0.8560579750541208,0.8451415875718171,-0.06109474084057043,2.8957214938029625
path_b_only,4.722030749995611,0.17664309590830507,0.0,0.5,0.1,0.1,0.11360309273004532,0.007051385642860168,0.1002197265625,0.128173828125,16384,0.5392330462038055,1115287.0,1.452435,0.008061259,-0.9719854502535912,0.2344874654007169,0.016121819539715334,0.9994542,0.0001724884,0.5647708758432408,0.09708952773847657,0.0001673303645691383,0.8560579750541208,0.8451415875718171,0.06864541144828662,2.904331875963947
path_b_only,4.841969177999999,0.14763233457819017,0.0,0.5,0.1,0.1,0.09459131211042404,0.006458859550185567,0.08154296875,0.109130859375,16384,0.43627160936181064,1115425.0,1.485309,-0.0004848552,-0.9854189413101716,0.17014279229275472,-0.0009697102480240421,1.00111,0.0001995802,0.6671851557018905,0.09708952773847657,0.0001673303645691383,0.8560579750541208,0.8451415875718171,-0.0056993289897540045,2.9706152769350367
path_b_only,4.964859541993064,0.11101728974363219,0.0,0.5,0.1,0.1,0.10209399461746216,0.005783819914580101,0.0894775390625,0.115234375,16384,0.4769036251918635,1115525.0,1.471086,0.01237362,-0.9798813827740654,0.1980408412847764,0.024744714102276983,1.011207,0.0001872784,0.6206810478919578,0.09708952773847657,0.0001673303645691383,0.8560579750541208,0.8451415875718171,0.12430333216298317,2.940662609565457
path_b_only,5.083159806999902,0.07417075668810265,0.0,0.5,0.1,0.1,0.1327739655971527,0.006307598420197877,0.1185302734375,0.1455078125,16384,0.643056073378622,1115663.0,1.463202,-0.007273292,-0.9768327685265522,0.21350914301629478,-0.014546070988368257,0.9801654,0.0001161073,0.35163517595845967,0.09708952773847657,0.0001673303645691383,0.8560579750541208,0.8451415875718171,-0.06802344878427347,2.9259204871170232
path_b_only,5.204218150000088,0.04015458127350191,0.0,0.5,0.1,0.1,0.17455151677131653,0.004164855957309615,0.165283203125,0.18359375,16384,0.8693092993490762,1115762.0,1.46378,0.01769715,-0.9765702960964036,0.2122692237589939,0.03538691038981524,0.9613864,5.832269e-05,0.13319383134263763,0.09708952773847657,0.0001673303645691383,0.8560579750541208,0.8451415875718171,0.1651885845880119,2.9246974175147744
path_b_only,5.327388076999341,0.01434638929112364,0.0,0.5,0.1,0.1,0.19704874604940414,0.0017596492478670139,0.1912841796875,0.201171875,16384,0.9911467588580024,1115875.0,1.509103,-0.01073239,-0.9921689111454256,0.1230454620502752,-0.021463131769032116,0.9410394,2.340006e-05,0.001176911011759774,0.09708952773847657,0.0001673303645691383,0.8560579750541208,0.8451415875718171,-0.17269500989750108,3.01636221603599
path_b_only,5.448120067994751,0.0013252778480081356,0.0,0.5,0.1,0.1,0.14696054905653,0.006622563430301756,0.1317138671875,0.1575927734375,16384,0.7198858583462049,1115962.0,1.565017,-0.01292013,-0.9995993808662483,0.011554537548184016,-0.02583738442375226,0.969864,4.772083e-05,0.09311595327391482,0.09708952773847657,0.0001673303645691383,0.8560579750541208,0.8451415875718171,-1.1502714106631122,3.113285556038422
path_b_only,5.566928103995451,0.002202349319158886,0.0,0.5,0.1,0.1,0.06736934930086136,0.00700107649545838,0.0504150390625,0.0816650390625,16384,0.2888465753468877,1116136.0,1.5544,-0.0005545579,-0.9994617543784865,0.03278675643189945,-0.0011091155726057915,0.994793,0.0002065812,0.6936508159123752,0.09708952773847657,0.0001673303645691383,0.8560579750541208,0.8451415875718171,-0.03381526303582971,3.1087812557783634
path_b_only,5.682982074999018,0.016072892786629947,0.0,0.5,0.1,0.1,0.018177278339862823,0.0019427638231022382,0.01318359375,0.0234375,16384,0.022438793313545768,1116249.0,1.538438,0.006941668,-0.997810437946632,0.06466525566134797,0.013882890009028079,1.003596,0.0002784136,0.9651965794466724,0.09708952773847657,0.0001673303645691383,0.8560579750541208,0.8451415875718171,0.21147845219089367,3.0754056223741877
path_b_only,5.8028434489970095,0.041946501862644196,0.0,0.5,0.1,0.1,0.01710750162601471,0.0024009828480119014,0.011962890625,0.02490234375,16384,0.016645240896670493,1116374.0,1.517471,0.005984438,-0.9942469884957809,0.10644096351877663,0.011968590237167646,1.001598,0.0002859395,0.9936465026259446,0.09708952773847657,0.0001673303645691383,0.8560579750541208,0.8451415875718171,0.1119731288404493,3.034275029941892
path_b_only,5.923186284999247,0.07610179369045726,0.0,0.5,0.1,0.1,0.023177891969680786,0.0032136841993212466,0.0155029296875,0.0325927734375,16384,0.04952044204066942,1116498.0,1.512765,0.005326611,-0.9932159242014181,0.11579568673784667,0.010653020493427031,1.003378,0.000283798,0.9855510574979982,0.09708952773847657,0.0001673303645691383,0.8560579750541208,0.8451415875718171,0.09174018315827492,3.025044291784099
path_b_only,6.043124373994942,0.1135065151835596,0.0,0.5,0.1,0.1,0.01924729347229004,0.0017618298510817003,0.014892578125,0.0247802734375,16384,0.02823363692559972,1116623.0,1.519423,0.005916638,-0.9946565614420917,0.10255878750735953,0.01183299984005254,1.00233,0.0002861035,0.9942664666702983,0.09708952773847657,0.0001673303645691383,0.8560579750541208,0.8451415875718171,0.1148698080468189,3.038169212601158
path_b_only,6.166116248998151,0.14985017323977712,0.0,0.5,0.1,0.1,0.014568448066711426,0.0008815773759937596,0.0118408203125,0.0185546875,16384,0.002894577141648953,1116747.0,1.524274,0.001464846,-0.9956701952107279,0.09291006026460563,0.0029296878090309007,1.000397,0.0002682664,0.9268374382828629,0.09708952773847657,0.0001673303645691383,0.8560579750541208,0.8451415875718171,0.031522069664843944,3.0485020210121463
path_b_only,6.2872690679942025,0.17848675751205376,0.0,0.5,0.1,0.1,0.031586818397045135,0.0032308421227092215,0.025146484375,0.039306640625,16384,0.09506037144457302,1116872.0,1.567,0.01133276,-0.9997143314455197,0.007590630470516457,0.02266357940612675,0.997636,0.0002088152,0.7020959358824113,0.09708952773847657,0.0001673303645691383,0.8560579750541208,0.8451415875718171,1.2476127217250914,3.1176894254980194
path_b_only,6.406416660996911,0.19570921920898948,0.0,0.5,0.1,0.1,0.08764364570379257,0.003673665388140819,0.0802001953125,0.097900390625,16384,0.39864537485817025,1116947.0,-1.568983,0.01237153,-0.9996873318198148,-0.00362553554572165,0.024740535381965606,0.9946638,0.0001436128,0.45561335292167693,0.09708952773847657,0.0001673303645691383,0.8560579750541208,0.8451415875718171,1.716302980706617,3.1165852756741073
path_b_only,6.523463637997338,0.19972844125666436,0.0,0.5,0.1,0.1,0.1639748513698578,0.0035114725071361693,0.156494140625,0.1715087890625,16384,0.8120296216313928,1117034.0,-1.570299,-0.004130786,-0.9999653787571905,-0.000994619481654246,-0.008261478020020956,0.9873088,6.678666e-05,0.16518991105292688,0.09708952773847657,0.0001673303645691383,0.8560579750541208,0.8451415875718171,-1.6906121021083382,3.13327142260116
path_b_only,6.643776125994918,0.189971246175837,0.0,0.5,0.1,0.1,0.19826944172382355,0.000862212983689411,0.19482421875,0.20166015625,16384,0.9977576378229803,1117209.0,1.411042,-0.01108455,-0.9491565763572337,0.31402293717442525,-0.022167284140407036,1.003371,3.780326e-05,0.05562487518025739,0.09708952773847657,0.0001673303645691383,0.8560579750541208,0.8451415875718171,-0.07047438387161131,2.821342112230082
path_b_only,6.762371188997349,0.1679097849482874,0.0,0.5,0.1,0.1,0.16693927347660065,0.005405956130269706,0.155029296875,0.1788330078125,16384,0.8280839389845718,1117296.0,1.40139,-0.002931454,-0.9431337558673939,0.3323617686303509,-0.005862874411760501,1.007528,8.35465e-05,0.22854660732804302,0.09708952773847657,0.0001673303645691383,0.8560579750541208,0.8451415875718171,-0.017638209204017485,2.802731232881192
path_b_only,6.8801563149972935,0.13676679154940366,0.0,0.5,0.1,0.1,0.12284734100103378,0.005941131307944702,0.1092529296875,0.1337890625,16384,0.5892967989657527,1117458.0,1.480021,0.002377994,-0.9835537733960595,0.18055291630727544,0.004755970070403792,0.9913494,0.0001721695,0.5635653481984582,0.09708952773847657,0.0001673303645691383,0.8560579750541208,0.8451415875718171,0.026335052568460693,2.9599804013167494
path_b_only,7.003117684995232,0.0990205660323216,0.0,0.5,0.1,0.1,0.09470992535352707,0.007121006913028257,0.08056640625,0.11279296875,16384,0.43691397896320255,1117508.0,1.467819,0.01002023,-0.9786696427273364,0.20446066646246472,0.020039118585222747,1.017843,0.0001989305,0.664729115216424,0.09708952773847657,0.0001673303645691383,0.8560579750541208,0.8451415875718171,0.09769762415622107,2.9346790374356635
path_b_only,7.1240354259934975,0.06201179512499443,0.0,0.5,0.1,0.1,0.1038074940443039,0.009079846538601976,0.0819091796875,0.12109375,16384,0.4861833642413179,1117696.0,1.476938,-0.0005707096,-0.9824322651248422,0.1866160271907203,-0.0011414189521526713,0.9938208,0.000165799,0.5394831473170281,0.09708952773847657,0.0001673303645691383,0.8560579750541208,0.8451415875718171,-0.006116327391652909,2.953872570663818
path_b_only,7.2438749429929885,0.030662974140851812,0.0,0.5,0.1,0.1,0.1389709860086441,0.005516883809045529,0.127685546875,0.1524658203125,16384,0.6766170605618959,1117809.0,1.408801,0.01607337,-0.94748275547334,0.3181876350829936,0.03214120347682147,1.043489,0.0001200262,0.3664496704305163,0.09708952773847657,0.0001673303645691383,0.8560579750541208,0.8451415875718171,0.10067188242036584,2.8160670180853526
path_b_only,7.363359144997958,0.009073013784280048,0.0,0.5,0.1,0.1,0.18721332401037216,0.0028769184573683615,0.179931640625,0.194580078125,16384,0.9378814069508264,1117884.0,1.384408,-0.00957808,-0.9311487994864475,0.36413596311402413,-0.019154988435648144,1.022974,6.315459e-05,0.15145971101283334,0.09708952773847657,0.0001673303645691383,0.8560579750541208,0.8451415875718171,-0.05255550467109549,2.768347112256205
path_b_only,7.486187234993849,9.413754008859299e-05,0.0,0.5,0.1,0.1,0.19178539514541626,0.0037060640488376243,0.1815185546875,0.1995849609375,16384,0.9626422130439765,1117996.0,1.519075,-0.005432771,-0.9945958638821089,0.1032521776604716,-0.01086532820360861,0.9431778,2.353555e-05,0.001689099599378473,0.09708952773847657,0.0001673303645691383,0.8560579750541208,0.8451415875718171,-0.10484511682387687,3.037582936808561
path_b_only,7.604524694994325,0.00534320178356297,0.0,0.5,0.1,0.1,0.13152989745140076,0.008309593522530825,0.12060546875,0.1514892578125,16384,0.6363186169362843,1118171.0,-1.536712,-0.006201653,-0.9976006755958566,-0.0681106301535915,-0.012402987977546553,0.991498,0.0001180471,0.3589681409172224,0.09708952773847657,0.0001673303645691383,0.8560579750541208,0.8451415875718171,-2.96146576726254,3.0723065153210474
path_b_only,7.721128455996222,0.023175135748537898,0.0,0.5,0.1,0.1,0.044940218329429626,0.004505375700059042,0.0343017578125,0.0548095703125,16384,0.16737791346087114,1118258.0,1.560955,0.006849737,-0.9997124846767264,0.019679535919942998,0.013699045494548262,1.003828,0.0002161781,0.7299296752858933,0.09708952773847657,0.0001673303645691383,0.8560579750541208,0.8451415875718171,0.60810784212577,3.117612282373311
path_b_only,7.842305542995746,0.052460606397041865,0.0,0.5,0.1,0.1,0.014294542372226715,0.0007582497867721023,0.01171875,0.0181884765625,16384,0.0014111956305955153,1118421.0,1.519181,0.005602311,-0.9946140092125443,0.10304093544619074,0.011204387556793491,1.00195,0.000286509,0.9957993655726481,0.09708952773847657,0.0001673303645691383,0.8560579750541208,0.8451415875718171,0.10831169892717929,3.0377578563424263
path_b_only,7.965406664996408,0.08915356385458924,0.0,0.5,0.1,0.1,0.02488606423139572,0.004262924365488595,0.0181884765625,0.036865234375,16384,0.05877133094785024,1118545.0,1.503606,0.003856487,-0.990955022503383,0.13397258893919675,0.007712897526131494,1.003212,0.0002761479,0.9566316249631849,0.09708952773847657,0.0001673303645691383,0.8560579750541208,0.8451415875718171,0.05750723574669214,3.006992165103438
path_b_only,8.085700551993796,0.1265995254413265,0.0,0.5,0.1,0.1,0.03553435206413269,0.0038816016788208304,0.025634765625,0.044677734375,16384,0.11643889176717814,1118645.0,1.51303,0.002975853,-0.9933159298811424,0.11527376569847685,0.005951670862376075,0.9979002,0.0002692029,0.9303776597922356,0.09708952773847657,0.0001673303645691383,0.8560579750541208,0.8451415875718171,0.05158494428182747,3.0259074812314393
path_b_only,8.204840210994007,0.16000187144160405,0.0,0.5,0.1,0.1,0.02844855934381485,0.004162156498868206,0.0205078125,0.0379638671875,16384,0.07806461140674101,1118770.0,1.507355,0.006105741,-0.9918872298167437,0.12653304092595602,0.01221117850563464,1.003306,0.000280178,0.9718664852994617,0.09708952773847657,0.0001673303645691383,0.8560579750541208,0.8451415875718171,0.09620791331740142,3.014126866152666
path_b_only,8.327242947998457,0.18563007152756048,0.0,0.5,0.1,0.1,0.015902116894721985,0.001607190617435296,0.0120849609375,0.0218505859375,16384,0.010117280872073224,1118895.0,1.521694,0.005212599,-0.9951277171111901,0.09804155150309211,0.010425009157680694,1.000376,0.0002828877,0.9821098790249796,0.09708952773847657,0.0001673303645691383,0.8560579750541208,0.8451415875718171,0.10593450322194409,3.042837961945164
path_b_only,8.444186544998956,0.19846667374310623,0.0,0.5,0.1,0.1,0.0230037122964859,0.0038896987382402827,0.0155029296875,0.0321044921875,16384,0.048577143262947056,1119019.0,1.546941,0.010451,-0.99864387237021,0.04768213706479462,0.02090047804156194,1.010051,0.0002452935,0.8399937066088962,0.09708952773847657,0.0001673303645691383,0.8560579750541208,0.8451415875718171,0.41310630268886595,3.089507449272723
path_b_only,8.565174799994566,0.19791113022570903,0.0,0.5,0.1,0.1,0.07655210793018341,0.008509576437638387,0.058837890625,0.09423828125,16384,0.33857732080228414,1119144.0,-1.540686,0.005386394,-0.998129363626848,-0.0601807693032495,0.010772579632217625,0.9928326,0.0001216372,0.37253968308572133,0.09708952773847657,0.0001673303645691383,0.8560579750541208,0.8451415875718171,2.964464927598179,3.0804171703034005
path_b_only,8.688310296995041,0.1830052647376518,0.0,0.5,0.1,0.1,0.16273415088653564,0.004622075942138958,0.152587890625,0.173095703125,16384,0.805310403320954,1119231.0,-1.467683,0.0295882,-0.9770972196335009,-0.2044095467486026,0.05914186827039657,1.002983,5.307332e-05,0.11334980295539128,0.09708952773847657,0.0001673303645691383,0.8560579750541208,0.8451415875718171,2.8599531222195544,2.9271597216598106
path_b_only,8.810432620994106,0.15609587581860568,0.0,0.5,0.1,0.1,0.197600319981575,0.0012637591388254966,0.1925048828125,0.2010498046875,16384,0.9941338985540228,1119318.0,1.538326,-0.003668204,-0.9978652421209157,0.06489327122476718,-0.007336342189073007,0.9189248,2.421524e-05,0.004258510339053424,0.09708952773847657,0.0001673303645691383,0.8560579750541208,0.8451415875718171,-0.11257445742174399,3.076239492325382
path_b_only,8.928362371996627,0.12231611899077799,0.0,0.5,0.1,0.1,0.1712139993906021,0.0032071577225342273,0.1627197265625,0.1788330078125,16384,0.8512344229406648,1119492.0,1.391071,-0.002450848,-0.9360789575144977,0.3517558227909249,-0.004901676371489385,1.022242,9.254556e-05,0.26256547094377847,0.09708952773847657,0.0001673303645691383,0.8560579750541208,0.8451415875718171,-0.01393398152955827,2.7821100320640997
path_b_only,9.05042558599962,0.08422451182341356,0.0,0.5,0.1,0.1,0.12653861194849014,0.008269759421870283,0.1068115234375,0.1412353515625,16384,0.6092874862205264,1119629.0,1.496051,0.0100191,-0.9886485464777796,0.14890458632031958,0.020036859038987026,1.000658,0.0001778596,0.5850754543495336,0.09708952773847657,0.0001673303645691383,0.8560579750541208,0.8451415875718171,0.13375827944218432,2.9907749179926832
path_b_only,9.171183210994059,0.048776258658086595,0.0,0.5,0.1,0.1,0.10330948233604431,0.009012829617597924,0.0853271484375,0.12255859375,16384,0.4834862996121572,1119729.0,1.463028,0.01046685,-0.9766477276017748,0.21382483574892783,0.02093217110654378,1.019103,0.0001986376,0.6636218745542827,0.09708952773847657,0.0001673303645691383,0.8560579750541208,0.8451415875718171,0.09758308433466567,2.925057525855225
path_b_only,9.296197140000004,0.019806286625184077,0.0,0.5,0.1,0.1,0.11651419848203659,0.009647940665935988,0.096923828125,0.13330078125,16384,0.5549986200351528,1119840.0,1.444818,-0.004094924,-0.9683940056890489,0.24929094976525915,-0.00818975644652823,0.9967428,0.0001492817,0.47704331737921385,0.09708952773847657,0.0001673303645691383,0.8560579750541208,0.8451415875718171,-0.03284039011062667,2.889505756819966
path_b_only,9.417327770999691,0.003353871082022425,0.0,0.5,0.1,0.1,0.1544291451573372,0.008590262927230577,0.1336669921875,0.1683349609375,16384,0.7603332736155564,1120002.0,1.39551,0.02125928,-0.9383273905717289,0.3431252968082842,0.04250575011780351,0.9890046,6.931298e-05,0.17474007912933762,0.09708952773847657,0.0001673303645691383,0.8560579750541208,0.8451415875718171,0.12325031808460762,2.788556778256785
path_b_only,9.539415229999577,0.0007656722164637308,0.0,0.5,0.1,0.1,0.19384940713644028,0.0027907221508814903,0.1849365234375,0.2001953125,16384,0.9738202107553331,1120077.0,1.36061,0.0001264822,-0.9129368943087008,0.40810067755273033,0.000252964397302093,0.9914662,3.601066e-05,0.04884836575398761,0.09708952773847657,0.0001673303645691383,0.8560579750541208,0.8451415875718171,0.0006198577429978869,2.7212199284248575
path_b_only,9.65953150599671,0.012298521595895173,0.0,0.5,0.1,0.1,0.18548020720481873,0.003538119004554612,0.17919921875,0.1954345703125,16384,0.9284954267480765,1120164.0,1.530563,-0.01830757,-0.9960962146946197,0.0803259710018991,-0.036606959087749316,0.9462468,2.454942e-05,0.005521800487480754,0.09708952773847657,0.0001673303645691383,0.8560579750541208,0.8451415875718171,-0.4276088118272603,3.053203424878691
path_b_only,9.777130539994687,0.0355656078016187,0.0,0.5,0.1,0.1,0.10886771231889725,0.010055215102319546,0.0894775390625,0.134521484375,16384,0.5135878117631109,1120338.0,1.545875,-0.01483391,-0.9983186010835261,0.049800094331749936,-0.029663468023486152,0.9756026,0.0001239731,0.3813700124223405,0.09708952773847657,0.0001673303645691383,0.8560579750541208,0.8451415875718171,-0.5372154517302916,3.0835948896402474
path_b_only,9.899341230993741,0.06890153775911739,0.0,0.5,0.1,0.1,0.034927159547805786,0.0055226821805416364,0.0245361328125,0.0465087890625,16384,0.11315054044588198,1120425.0,1.559299,0.003933629,-0.9997046960687802,0.022991915677557304,0.007867176844569893,0.9999224,0.0002243396,0.7607823371638921,0.09708952773847657,0.0001673303645691383,0.8560579750541208,0.8451415875718171,0.32968364747596146,3.1172896304678464
path_b_only,10.020337182999356,0.1063847685466643,0.0,0.5,0.1,0.1,0.01435282826423645,0.0007201329673325289,0.0115966796875,0.017578125,16384,0.0017268525019327578,1120588.0,1.520673,0.005422869,-0.9949209915780632,0.10007294887611363,0.010845525370497868,1.002551,0.0002860791,0.9941742281173578,0.09708952773847657,0.0001673303645691383,0.8560579750541208,0.8451415875718171,0.10795485258978621,3.0407629591310754
path_b_only,10.137987261994567,0.14200494127047014,0.0,0.5,0.1,0.1,0.023990437388420105,0.0037155799526846466,0.0147705078125,0.0328369140625,16384,0.053920915909299996,1120713.0,1.511663,0.004666289,-0.9929714030428892,0.11798600872777419,0.009332442527313425,1.000786,0.000278451,0.9653379614909333,0.09708952773847657,0.0001673303645691383,0.8560579750541208,0.8451415875718171,0.07893353319040264,3.0229600614972165
path_b_only,10.25808233099815,0.1724831345548197,0.0,0.5,0.1,0.1,0.029494747519493103,0.003946290750665832,0.0203857421875,0.040283203125,16384,0.0837304162006259,1120837.0,1.505458,0.006448144,-0.9913915023376559,0.1302942211628915,0.012895930530240723,1.002591,0.0002774316,0.961484355717677,0.09708952773847657,0.0001673303645691383,0.8560579750541208,0.8451415875718171,0.09865415430954982,3.010284792951202
path_b_only,10.379210428996885,0.19288604895957334,0.0,0.5,0.1,0.1,0.02133703976869583,0.002427901820557133,0.0164794921875,0.0283203125,16384,0.03955100301655474,1120964.0,1.518379,0.005585691,-0.9944478219835701,0.10463620199490592,0.011171149637121803,1.002032,0.0002855491,0.992170685778898,0.09708952773847657,0.0001673303645691383,0.8560579750541208,0.8451415875718171,0.10635892851896855,3.036166628178115
path_b_only,10.498993424000219,0.19999950000860503,0.0,0.5,0.1,0.1,0.014049448072910309,0.0006981593336355511,0.0115966796875,0.016845703125,16384,8.384698691535086e-05,1121065.0,1.531306,0.008035067,-0.9967539298665203,0.07888837885892114,0.01606944232570489,0.9998664,0.0002730457,0.944904475826638,0.09708952773847657,0.0001673303645691383,0.8560579750541208,0.8451415875718171,0.20094924155956795,3.060997023222888
path_b_only,10.619517993996851,0.19303328583700036,0.0,0.5,0.1,0.1,0.03436475247144699,0.0044964116551729,0.0234375,0.0439453125,16384,0.11010473206893046,1121191.0,1.566795,0.003441042,-0.9999442982503364,0.008002378659399505,0.0068820296740126,0.9967094,0.0002039027,0.683525366566027,0.09708952773847657,0.0001673303645691383,0.8560579750541208,0.8451415875718171,0.7102698600721347,3.1310378189832764
path_b_only,10.736155522994522,0.1737183068554507,0.0,0.5,0.1,0.1,0.0997772142291069,0.007066075282758993,0.082763671875,0.114013671875,16384,0.46435671849201315,1121266.0,1.534986,0.004257173,-0.9974001832334205,0.07155684558385951,0.008514243127081794,1.012923,0.0001481806,0.4728808636643496,0.09708952773847657,0.0001673303645691383,0.8560579750541208,0.8451415875718171,0.11842892926957971,3.0694685375661894
path_b_only,10.856180339993443,0.14366061341634231,0.0,0.5,0.1,0.1,0.17373554408550262,0.003497197686098731,0.166015625,0.181640625,16384,0.8648902645497522,1121441.0,1.54914,-0.004484946,-0.9990219621661156,0.043297370649162344,-0.008969771715783234,0.9385008,2.42737e-05,0.004479504839254101,0.09708952773847657,0.0001673303645691383,0.8560579750541208,0.8451415875718171,-0.20427698744242706,3.0973615038916122
path_b_only,10.976299463996838,0.10743886513275035,0.0,0.5,0.1,0.1,0.19676336646080017,0.00128974894606263,0.192626953125,0.201171875,16384,0.9896012385789752,1121529.0,1.4524,-0.0268949,-0.9706894086789993,0.2342467047691225,-0.05376386503240047,0.970043,4.426579e-05,0.08005497417755247,0.09708952773847657,0.0001673303645691383,0.8560579750541208,0.8451415875718171,-0.2256106775969755,2.898879216546058
path_b_only,11.09802666399628,0.06968849028146976,0.0,0.5,0.1,0.1,0.15561214834451675,0.00730552569565996,0.1392822265625,0.16845703125,16384,0.7667400226927553,1121616.0,1.40996,-0.0112373,-0.9484683398410639,0.3160740193575334,-0.02247270803240268,1.008992,9.82969e-05,0.28430708074165995,0.09708952773847657,0.0001673303645691383,0.8560579750541208,0.8451415875718171,-0.070980066491384,2.819163033293067
path_b_only,11.215092153994192,0.037453142722013,0.0,0.5,0.1,0.1,0.11044096201658249,0.009484627201453355,0.0948486328125,0.1295166015625,16384,0.5221080052487084,1121778.0,1.492442,-0.002186337,-0.9877368635668047,0.15606655053265717,-0.0043726600655563065,1.004869,0.000196081,0.6539572399457804,0.09708952773847657,0.0001673303645691383,0.8560579750541208,0.8451415875718171,-0.02801059166296671,2.984823506067924
path_b_only,11.335149200996966,0.013113634526707815,0.0,0.5,0.1,0.1,0.09326795488595963,0.007748009834449895,0.080322265625,0.110595703125,16384,0.4291047498228642,1121853.0,1.475569,0.007236766,-0.981815422390655,0.18928551940025218,0.014473026678498747,1.008256,0.0002032146,0.6809241637677362,0.09708952773847657,0.0001673303645691383,0.8560579750541208,0.8451415875718171,0.07631286594380482,2.9505954830283456
path_b_only,11.456180579996726,0.0009460564048992814,0.0,0.5,0.1,0.1,0.10412087291479111,0.00665606523236384,0.088134765625,0.1151123046875,16384,0.4878805192541411,1122040.0,1.490003,0.01003659,-0.9867744228682865,0.160851981439319,0.02007183200420608,0.985765,0.000155238,0.4995597310217949,0.09708952773847657,0.0001673303645691383,0.8560579750541208,0.8451415875718171,0.12414279161225927,2.9787747612349915
path_b_only,11.577478557999711,0.0029477289427754516,0.0,0.5,0.1,0.1,0.15249381959438324,0.0061530069184580274,0.1385498046875,0.1650390625,16384,0.7498521985018908,1122152.0,1.386139,-0.004943917,-0.9325293702569484,0.36095873383698923,-0.009887672879750104,1.016243,8.897062e-05,0.24905123764669662,0.09708952773847657,0.0001673303645691383,0.8560579750541208,0.8451415875718171,-0.02738595839874325,2.772151729199599
path_b_only,11.700295491995348,0.019152900428946115,0.0,0.5,0.1,0.1,0.19360271841287613,0.002365424208918566,0.187744140625,0.1993408203125,16384,0.9724842272438955,1122227.0,1.374697,-0.007430806,-0.9239688756227264,0.3821788398506339,-0.014861064931498946,0.9677656,4.13571e-05,0.0690593448106571,0.09708952773847657,0.0001673303645691383,0.8560579750541208,0.8451415875718171,-0.03886552560948564,2.7491271025257875
path_b_only,11.821277620998444,0.046756644574167755,0.0,0.5,0.1,0.1,0.1836618259549141,0.0045738171988326986,0.174072265625,0.1947021484375,16384,0.9186476828695521,1122403.0,-1.554636,-0.00680896,-0.9993850591287795,-0.03231203039701946,-0.013617499101809864,0.9483952,4.3226e-05,0.07612428872829385,0.09708952773847657,0.0001673303645691383,0.8560579750541208,0.8451415875718171,-2.742743399206673,3.1065211863568196
path_b_only,11.939194520993624,0.08101336229535736,0.0,0.5,0.1,0.1,0.11431605368852615,0.009953239352782675,0.099609375,0.1363525390625,16384,0.5430942039862423,1122490.0,-1.508043,-0.01223509,-0.9918373478786818,-0.12513994226697014,-0.024467737991119128,0.9967782,0.0001157191,0.350167675702252,0.09708952773847657,0.0001673303645691383,0.8560579750541208,0.8451415875718171,-2.948505576087072,3.0137350674105114
path_b_only,12.06216591699922,0.11940608289131015,0.0,0.5,0.1,0.1,0.04286852478981018,0.006934479836560133,0.0316162109375,0.0604248046875,16384,0.1561583150548516,1122577.0,1.554004,-0.002452496,-0.9994240658633583,0.03357793649969091,-0.004904972331866959,1.01126,0.0002156718,0.7280157253123796,0.09708952773847657,0.0001673303645691383,0.8560579750541208,0.8451415875718171,-0.1450513186105531,3.1076518395604076
path_b_only,12.185906610997336,0.15514011364473368,0.0,0.5,0.1,0.1,0.014700129628181458,0.0009311837482694663,0.0120849609375,0.0189208984375,16384,0.0036077203787721057,1122764.0,1.52311,0.005301185,-0.9953995255943047,0.09522278303523052,0.010602171365273394,0.9999782,0.0002823093,0.9799233716880642,0.09708952773847657,0.0001673303645691383,0.8560579750541208,0.8451415875718171,0.11088400495879291,3.045634265383092
path_b_only,12.30710659599572,0.1821937195720295,0.0,0.5,0.1,0.1,0.01999720185995102,0.002031948724420929,0.0147705078125,0.0267333984375,16384,0.03229488961088219,1122889.0,1.516336,0.005516318,-0.9940135095130678,0.10869879846086279,0.011032412187686892,1.001059,0.0002849124,0.9897637887847521,0.09708952773847657,0.0001673303645691383,0.8560579750541208,0.8451415875718171,0.10114888203305128,3.032116874971768
path_b_only,12.429542650999792,0.19756023255639682,0.0,0.5,0.1,0.1,0.021077193319797516,0.0036048807615673742,0.0125732421875,0.0302734375,16384,0.03814376167119392,1123013.0,1.517566,0.004972666,-0.9942892405400264,0.1062544106319469,0.009945168052628413,1.001256,0.0002857963,0.9931051681677042,0.09708952773847657,0.0001673303645691383,0.8560579750541208,0.8451415875718171,0.09332580222739306,3.0346702217528314
path_b_only,12.550235508999322,0.1987572328578735,0.0,0.5,0.1,0.1,0.015171438455581665,0.0010247684657572111,0.011962890625,0.0194091796875,16384,0.006160171147920934,1123113.0,1.526503,0.005022904,-0.9960285069184659,0.08846636955467699,0.010045639033278042,1.001725,0.0002842854,0.9873935603956685,0.09708952773847657,0.0001673303645691383,0.8560579750541208,0.8451415875718171,0.113068873814127,3.052439698932777
path_b_only,12.666384976997506,0.18664675417130552,0.0,0.5,0.1,0.1,0.017018400132656097,0.0025700184964620293,0.011962890625,0.0252685546875,16384,0.01616269704848922,1123237.0,1.547841,0.008214006,-0.9988114964756144,0.045888334109299884,0.016427273079145984,0.999127,0.0002563781,0.8818964715237851,0.09708952773847657,0.0001673303645691383,0.8560579750541208,0.8451415875718171,0.34376941731465793,3.0928332642895637
path_b_only,12.782772831997136,0.16306878652756449,0.0,0.5,0.1,0.1,0.04904714971780777,0.00488363939026442,0.03662109375,0.0594482421875,16384,0.18961967846012062,1123362.0,1.540595,0.0164258,-0.9976377330092849,0.06033335927792372,0.03284569125982525,1.003985,0.0001742231,0.5713285077197053,0.09708952773847657,0.0001673303645691383,0.8560579750541208,0.8451415875718171,0.4985363134667109,3.072843869921661
path_b_only,12.90402452499984,0.1296968010712777,0.0,0.5,0.1,0.1,0.12385725229978561,0.008037346777521692,0.107666015625,0.141845703125,16384,0.5947661403432319,1123474.0,-1.491535,-2.920873e-05,-0.9874615724482763,-0.1578595563321338,-5.84174599667741e-05,1.01536,7.508665e-05,0.19656610232423383,0.09708952773847657,0.0001673303645691383,0.8560579750541208,0.8451415875718171,-3.141222593907266,2.9830699893265544
path_b_only,13.020843956997851,0.0934563567038813,0.0,0.5,0.1,0.1,0.1893339306116104,0.0037890714257569416,0.1790771484375,0.19677734375,16384,0.9493659021177215,1123586.0,1.496479,-0.01714371,-0.9883929155568535,0.14800093896426952,-0.034280702191135756,0.9372566,2.35385e-05,0.00170025139163971,0.09708952773847657,0.0001673303645691383,0.8560579750541208,0.8451415875718171,-0.22761109746878327,2.9890829275257427
path_b_only,13.139778950993787,0.057484916451911165,0.0,0.5,0.1,0.1,0.18685069680213928,0.004083505780400882,0.1768798828125,0.1968994140625,16384,0.9359175394339078,1123673.0,1.380116,-0.03038965,-0.9264452424523193,0.37149648186495104,-0.06074188587315461,0.9647726,4.475476e-05,0.08190341209686695,0.09708952773847657,0.0001673303645691383,0.8560579750541208,0.8451415875718171,-0.16207181998106357,2.755653303844281
path_b_only,13.257167125993874,0.02771524496916665,0.0,0.5,0.1,0.1,0.1271626278758049,0.005831079208986524,0.11669921875,0.141845703125,16384,0.612666947501618,1123760.0,1.4762,-0.01655608,-0.9816180132377866,0.18796292612475463,-0.03310610955277668,0.9810094,0.0001113088,0.3334955572582725,0.09708952773847657,0.0001673303645691383,0.8560579750541208,0.8451415875718171,-0.17434290654902007,2.9495583821793585
path_b_only,13.379187615995761,0.007116606117673452,0.0,0.5,0.1,0.1,0.08334094285964966,0.004434534582987676,0.072021484375,0.0919189453125,16384,0.37534337721782945,1123897.0,1.499516,-0.003357019,-0.9898331182113734,0.14207505221899783,-0.006713987557203488,1.000123,0.0002043406,0.6851807461698224,0.09708952773847657,0.0001673303645691383,0.8560579750541208,0.8451415875718171,-0.04722149505832851,2.998875056709988
path_b_only,13.499202407998382,3.1392875868285763e-07,0.0,0.5,0.1,0.1,0.07115394622087479,0.005424589367797465,0.0623779296875,0.08740234375,16384,0.3093426848144149,1124084.0,1.499466,0.007893288,-0.9897178762922704,0.1421595233105935,0.015785920296997775,0.9971662,0.0002182936,0.7379268334311982,0.09708952773847657,0.0001673303645691383,0.8560579750541208,0.8451415875718171,0.11059063748236175,2.9980670981938076
path_b_only,13.618597561995557,0.0068610627796543144,0.0,0.5,0.1,0.1,0.08687030524015427,0.0060610865351757885,0.0712890625,0.099609375,16384,0.39445722189673343,1124183.0,1.458028,0.002114546,-0.9746655197574633,0.2236274569085743,0.004229079393638407,1.005231,0.0001870987,0.6200017336311631,0.09708952773847657,0.0001673303645691383,0.8560579750541208,0.8451415875718171,0.01890901682202717,2.916017027594044
path_b_only,13.735367470995698,0.02611463530968526,0.0,0.5,0.1,0.1,0.12892380356788635,0.006634822857282384,0.1148681640625,0.1416015625,16384,0.6222048852369585,1124258.0,1.434393,-0.005298185,-0.9629644138250281,0.26942022725080494,-0.010596171702310182,1.003304,0.0001454711,0.46263822599254445,0.09708952773847657,0.0001673303645691383,0.8560579750541208,0.8451415875718171,-0.039309273272607026,2.868585412180136
path_b_only,13.85298724999302,0.055439121862223904,0.0,0.5,0.1,0.1,0.18458930402994156,0.0053974930329180335,0.166748046875,0.1942138671875,16384,0.9236705935140038,1124419.0,1.439228,0.00828533,-0.9654462883074032,0.2600748022249267,0.016569901663069347,0.9557714,3.965057e-05,0.0626082030996161,0.09708952773847657,0.0001673303645691383,0.8560579750541208,0.8451415875718171,0.06362606311732089,2.8779468341139043
path_b_only,13.975266874993395,0.09223767597227626,0.0,0.5,0.1,0.1,0.19110962748527527,0.0038165561869220525,0.18212890625,0.1986083984375,16384,0.9589824817094132,1124506.0,1.53346,-0.01500675,-0.9967641764268528,0.07456967791059987,-0.03000899412521752,0.9492758,2.422394e-05,0.004291398675552665,0.09708952773847657,0.0001673303645691383,0.8560579750541208,0.8451415875718171,-0.38259850884176005,3.0611243968310244
path_b_only,14.095914741999877,0.12967858143650957,0.0,0.5,0.1,0.1,0.12500447779893875,0.006860964550460677,0.1124267578125,0.14013671875,16384,0.6009791294439306,1124680.0,-1.533562,-0.01474733,-0.996794760450181,-0.07436748485444045,-0.029490383779986157,0.9744506,0.0001242943,0.3825842346848184,0.09708952773847657,0.0001673303645691383,0.8560579750541208,0.8451415875718171,-2.7640644399810856,3.0615057848166316
path_b_only,14.217353135994927,0.1630994924700619,0.0,0.5,0.1,0.1,0.04718368500471115,0.006003081475639791,0.0323486328125,0.0576171875,16384,0.1795277776432783,1124768.0,1.541828,0.006380621,-0.9982408545704653,0.05789953202589231,0.012760895642937975,1.00719,0.0002303081,0.7833448700829433,0.09708952773847657,0.0001673303645691383,0.8560579750541208,0.8451415875718171,0.2169291512872884,3.08226877244467
path_b_only,14.337172794999788,0.18719932705143455,0.0,0.5,0.1,0.1,0.01641082763671875,0.00222519338649642,0.011962890625,0.023193359375,16384,0.012872287884877038,1124906.0,1.518463,0.004366589,-0.9944895193209918,0.10447166841617558,0.00873306698950744,1.001759,0.0002824145,0.9803210559409056,0.09708952773847657,0.0001673303645691383,0.8560579750541208,0.8451415875718171,0.08339878672917944,3.0365636192368517
path_b_only,14.462400388998503,0.19930316265071452,0.0,0.5,0.1,0.1,0.019074536859989166,0.0032481633816983336,0.0120849609375,0.028076171875,16384,0.027298044969100085,1125031.0,1.517281,0.005181536,-0.9942242965361344,0.1068206850770674,0.01036288651364618,1.001367,0.0002874901,0.9995081870599365,0.09708952773847657,0.0001673303645691383,0.8560579750541208,0.8451415875718171,0.09670935323320817,3.0340633846936624
path_b_only,14.583071959998051,0.1966138024333658,0.0,0.5,0.1,0.1,0.020333707332611084,0.0028291797704634307,0.013916015625,0.02685546875,16384,0.034117290556037065,1125156.0,1.517716,0.005420651,-0.9943118126113192,0.10595513237780901,0.010841089631292029,1.001732,0.0002863548,0.9952164481602133,0.09708952773847657,0.0001673303645691383,0.8560579750541208,0.8451415875718171,0.1019629135449569,3.034881940325427
path_b_only,14.703405689993815,0.18026819235019403,0.0,0.5,0.1,0.1,0.015260793268680573,0.0012574876953571198,0.011962890625,0.0205078125,16384,0.006644086890979549,1125282.0,1.51838,0.006220712,-0.9944331192929343,0.10463264408663416,0.01244110303648958,1.002536,0.0002828866,0.9821057207295599,0.09708952773847657,0.0001673303645691383,0.8560579750541208,0.8451415875718171,0.11834705477719698,3.036027001835977
path_b_only,14.824071611998079,0.15249831635700198,0.0,0.5,0.1,0.1,0.02006112039089203,0.003763636055447573,0.01416015625,0.030517578125,16384,0.03264105096831568,1125408.0,1.540991,0.01393155,-0.99783634941798,0.0595522319098637,0.027859494876123575,1.001398,0.0002395904,0.8184344569665001,0.09708952773847657,0.0001673303645691383,0.8560579750541208,0.8451415875718171,0.43757064922098143,3.075798561709962
path_b_only,14.941817025995988,0.11817710472556814,0.0,0.5,0.1,0.1,0.0656900554895401,0.004887396596691735,0.0535888671875,0.074951171875,16384,0.2797520824557241,1125510.0,-1.566108,0.01838877,-0.9992798517338796,-0.009370175624290773,0.03676924975418583,0.9954836,0.0001537224,0.4938303559875125,0.09708952773847657,0.0001673303645691383,0.8560579750541208,0.8451415875718171,1.82032251748383,3.103639136801204
path_b_only,15.061149175999162,0.08090736187171386,0.0,0.5,0.1,0.1,0.14392075687646866,0.006496557749785299,0.1319580078125,0.1602783203125,16384,0.7034233619171666,1125626.0,-1.525789,0.02656674,-0.9945458781461279,-0.0897662816569171,0.05310848275029323,0.9862092,5.397915e-05,0.11677408362793282,0.09708952773847657,0.0001673303645691383,0.8560579750541208,0.8451415875718171,2.60734982206505,3.037102587219704
path_b_only,15.180274188998737,0.04634461081473552,0.0,0.5,0.1,0.1,0.19628795236349106,0.001730497073688139,0.19140625,0.2008056640625,16384,0.9870265550428434,1125716.0,1.536051,-0.003651438,-0.9975598944685328,0.06943288772730273,-0.007302811087345215,0.9320332,2.364492e-05,0.0021025475721281827,0.09708952773847657,0.0001673303645691383,0.8560579750541208,0.8451415875718171,-0.10479269654525769,3.071719933159093
path_b_only,15.298925514995062,0.01929717355670288,0.0,0.5,0.1,0.1,0.1794355809688568,0.0033740532975354894,0.1719970703125,0.1875,16384,0.8957597553830734,1125805.0,1.421264,-0.0321886,-0.9536329371649735,0.29401618922744205,-0.06433274147958154,0.973806,4.50416e-05,0.08298774433151564,0.09708952773847657,0.0001673303645691383,0.8560579750541208,0.8451415875718171,-0.21541190509728203,2.835880770189988
path_b_only,15.422124008997343,0.0029778963929266156,0.0,0.5,0.1,0.1,0.12336414307355881,0.0038425765780742485,0.1134033203125,0.132568359375,16384,0.5920956259149328,1126008.0,1.476116,-0.002800294,-0.982109377751273,0.18822806346295526,-0.005600558721491777,1.004609,0.0001918294,0.6378850501227699,0.09708952773847657,0.0001673303645691383,0.8560579750541208,0.8451415875718171,-0.029745335300427556,2.9521501876399414
path_b_only,15.543120337999426,0.0009161568002001991,0.0,0.5,0.1,0.1,0.08031027764081955,0.009727734159727261,0.0606689453125,0.1005859375,16384,0.3589303093542249,1126122.0,1.490819,-0.001802497,-0.9872280918354941,0.15927240428086636,-0.003604986191599041,1.006925,0.0002301676,0.7828137423498233,0.09708952773847657,0.0001673303645691383,0.8560579750541208,0.8451415875718171,-0.02263022764696121,2.9815977281672414
path_b_only,15.663572569996177,0.012915539038682686,0.0,0.5,0.1,0.1,0.07731230556964874,0.0052637109494403705,0.063720703125,0.0863037109375,16384,0.3426942966294964,1126223.0,1.48448,-0.002676626,-0.9851218377919813,0.17177400173518628,-0.005353226431738989,1.00348,0.000220915,0.7478364294425914,0.09708952773847657,0.0001673303645691383,0.8560579750541208,0.8451415875718171,-0.031154274444149088,2.9688778448944535
path_b_only,15.781032742997922,0.036507925849872586,0.0,0.5,0.1,0.1,0.09795726835727692,0.002303503726949117,0.0919189453125,0.1036376953125,16384,0.45450050114512874,1126348.0,1.466925,0.008431128,-0.978359880908485,0.20622229437970455,0.01686145692119668,1.00629,0.0001820894,0.6010652343178677,0.09708952773847657,0.0001673303645691383,0.8560579750541208,0.8451415875718171,0.0815820253957229,2.933176618830667
path_b_only,15.899825455999235,0.0690461543929691,0.0,0.5,0.1,0.1,0.14611812680959702,0.006056179051585035,0.1343994140625,0.157958984375,16384,0.7153235815817464,1126463.0,1.453348,-0.007258735,-0.9724359168195319,0.2327179527881369,-0.014516960062459661,1.013768,0.0001138144,0.34296739817005517,0.09708952773847657,0.0001673303645691383,0.8560579750541208,0.8451415875718171,-0.06229933667217136,2.906256077293735
path_b_only,16.02018256199517,0.1063362912852393,0.0,0.5,0.1,0.1,0.1917116716504097,0.0017455955103518237,0.186767578125,0.1968994140625,16384,0.9622429512848198,1126539.0,1.410459,0.01233649,-0.9487341315782633,0.31511095689338464,0.024670476772329978,1.003616,5.566479e-05,0.12314625552869002,0.09708952773847657,0.0001673303645691383,0.8560579750541208,0.8451415875718171,0.07813201845002427,2.8200028877024508
path_b_only,16.14110260999587,0.14289110078373005,0.0,0.5,0.1,0.1,0.18226197361946106,0.002974447209686269,0.175537109375,0.188720703125,16384,0.9110665514274969,1126716.0,-1.527659,-0.01639853,-0.9957448747673997,-0.08612132631795177,-0.03279118063889119,0.9691066,4.754683e-05,0.09245818654392991,0.09708952773847657,0.0001673303645691383,0.8560579750541208,0.8451415875718171,-2.777785516590546,3.0493088918194227
path_b_only,16.263403906996245,0.17362471417026698,0.0,0.5,0.1,0.1,0.09725481271743774,0.0066232136545690155,0.0841064453125,0.1146240234375,16384,0.4506962366502523,1126804.0,1.564977,-0.01210921,-0.9996390398975181,0.011634977856219895,-0.02421605259024487,0.9812382,0.0001217978,0.3731467942169603,0.09708952773847657,0.0001673303645691383,0.8560579750541208,0.8451415875718171,-1.1228980867424134,3.114723272505061
path_b_only,16.38616978599748,0.19367367279689868,0.0,0.5,0.1,0.1,0.029560260474681854,0.0015759351300579944,0.02490234375,0.033935546875,16384,0.0840852124258168,1126892.0,1.544434,0.001134399,-0.9986078072684801,0.05270009323431544,0.0022687960535819206,1.005078,0.0002254053,0.7648109693716214,0.09708952773847657,0.0001673303645691383,0.8560579750541208,0.8451415875718171,0.043024514988879936,3.08881925337844
path_b_only,16.507086988000083,0.199975215782922,0.0,0.5,0.1,0.1,0.014201365411281586,0.0007185414281286321,0.01171875,0.01708984375,16384,0.0009065804148287311,1127079.0,1.520759,0.00574975,-0.9949309218711034,0.09990109125215028,0.011499246555570157,1.00214,0.0002866713,0.9964129031604444,0.09708952773847657,0.0001673303645691383,0.8560579750541208,0.8451415875718171,0.11460195359818215,3.0408616601514558
path_b_only,16.629669932997786,0.19181659491812947,0.0,0.5,0.1,0.1,0.019519120454788208,0.001642726705197391,0.014404296875,0.02392578125,16384,0.029705760828689066,1127204.0,1.512619,0.00529567,-0.9931827223897366,0.11608577715626633,0.010591141984565402,1.0026,0.0002846525,0.9887812969851942,0.09708952773847657,0.0001673303645691383,0.8560579750541208,0.8451415875718171,0.0909835947190003,3.024759117293522
path_b_only,16.747335991,0.171299988800784,0.0,0.5,0.1,0.1,0.020344853401184082,0.0024244088817182035,0.01513671875,0.027587890625,16384,0.03417765393064022,1127327.0,1.514971,0.005638395,-0.9937103515684375,0.11141174347138368,0.011276550997487178,1.00307,0.0002865902,0.9961063233799744,0.09708952773847657,0.0001673303645691383,0.8560579750541208,0.8451415875718171,0.10087157863764551,3.0293763197337618
path_b_only,16.867361769000127,0.14047407397191813,0.0,0.5,0.1,0.1,0.01576612889766693,0.0012790698365002305,0.01220703125,0.0208740234375,16384,0.009380815422035215,1127450.0,1.526759,0.006138379,-0.9960488679171308,0.08795420118397014,0.01227644961264501,1.00377,0.0002853586,0.9914505446176214,0.09708952773847657,0.0001673303645691383,0.8560579750541208,0.8451415875718171,0.1386817857083975,3.052668677798412
path_b_only,16.987166553997668,0.10403065379135143,0.0,0.5,0.1,0.1,0.01814843714237213,0.001678625368153183,0.012451171875,0.0225830078125,16384,0.02228259904677516,1127572.0,1.546297,0.01065388,-0.998573076844409,0.04896793106403878,0.021306147676143253,0.9962836,0.0002370954,0.8090026869014866,0.09708952773847657,0.0001673303645691383,0.8560579750541208,0.8451415875718171,0.41039769030860507,3.0881648960775556
path_b_only,17.110136523995607,0.06608585645447979,0.0,0.5,0.1,0.1,0.06211090087890625,0.010128838475620012,0.043701171875,0.0863037109375,16384,0.2603685797337233,1127670.0,1.553995,0.007607749,-0.9993197958451215,0.03359244138142791,0.01521491091330756,0.9889058,0.0001556857,0.5012521572575088,0.09708952773847657,0.0001673303645691383,0.8560579750541208,0.8451415875718171,0.4252850379351849,3.1047068492250385
path_b_only,17.23130569899513,0.03356167705952311,0.0,0.5,0.1,0.1,0.1457468569278717,0.008159063367431637,0.13134765625,0.1690673828125,16384,0.7133129082396006,1127780.0,1.56572,-0.002495872,-0.9999360041691229,0.010152352687258816,-0.004991723269722184,0.9869538,6.068339e-05,0.14211791133962245,0.09708952773847657,0.0001673303645691383,0.8560579750541208,0.8451415875718171,-0.4569706333642758,3.1302792532639403
path_b_only,17.35237643999426,0.01056289335709025,0.0,0.5,0.1,0.1,0.19801528751850128,0.0010129184895801275,0.1942138671875,0.20166015625,16384,0.9963812237625105,1127866.0,1.547798,-0.004897624,-0.9988944181035503,0.045978230356881436,-0.009795091363498517,0.9451976,2.515903e-05,0.007826290006251428,0.09708952773847657,0.0001673303645691383,0.8560579750541208,0.8451415875718171,-0.2098996994728486,3.0945653067565577
path_b_only,17.473032485999283,0.00035866730748174147,0.0,0.5,0.1,0.1,0.1765187531709671,0.0030977396490340725,0.16845703125,0.1846923828125,16384,0.8799631928674378,1128040.0,1.439007,-0.000970522,-0.9654619709368126,0.2605367824851745,-0.0019410427811372398,0.9977702,9.387692e-05,0.2675983692979894,0.09708952773847657,0.0001673303645691383,0.8560579750541208,0.8451415875718171,-0.0074500300928361796,2.8780070192652305
path_b_only,17.59399631699489,0.004328458107071748,0.0,0.5,0.1,0.1,0.12568344920873642,0.00633353071076147,0.11279296875,0.1396484375,16384,0.6046562112137073,1128154.0,1.477882,0.003537536,-0.9827588878987027,0.1847563596943735,0.0070750129744212315,0.9998132,0.0001674713,0.5458048904351531,0.09708952773847657,0.0001673303645691383,0.8560579750541208,0.8451415875718171,0.038275043595748404,2.9556309166225336
path_b_only,17.711329973993998,0.021241274793257825,0.0,0.5,0.1,0.1,0.09559598565101624,0.007546555862644182,0.0770263671875,0.1070556640625,16384,0.44171258479520836,1128279.0,1.484886,0.005204445,-0.9852217368013033,0.17096721397979786,0.0104087020425026,1.003191,0.0002030403,0.6802652629571824,0.09708952773847657,0.0001673303645691383,0.8560579750541208,0.8451415875718171,0.060806222844135505,2.969460106754739
path_b_only,17.832371020995197,0.04973841266503396,0.0,0.5,0.1,0.1,0.10030423849821091,0.005294450753370571,0.09130859375,0.112548828125,16384,0.46721090543447913,1128417.0,1.466512,-0.002131343,-0.9783194027403865,0.20705790455767256,-0.004262673090828131,1.003034,0.0001807258,0.5959104601051813,0.09708952773847657,0.0001673303645691383,0.8560579750541208,0.8451415875718171,-0.020583957190145163,2.932981077911178
path_b_only,17.953902724999352,0.0855686811271416,0.0,0.5,0.1,0.1,0.12536762654781342,0.0066225053360775814,0.113037109375,0.1390380859375,16384,0.6029458214503027,1128466.0,1.480411,0.002211507,-0.9836958087375698,0.17978596426547025,0.004422999578738004,0.996248,0.0001662422,0.541158562344208,0.09708952773847657,0.0001673303645691383,0.8560579750541208,0.8451415875718171,0.024596511781999286,2.9607684884675325
path_b_only,18.0773289189965,0.12405534110066667,0.0,0.5,0.1,0.1,0.1704103872179985,0.005460947899265975,0.157470703125,0.183837890625,16384,0.8468823285413852,1128651.0,1.433106,0.01719982,-0.9617524441094305,0.27175240146965757,0.03439285601706798,0.9816912,5.695932e-05,0.12803992659172084,0.09708952773847657,0.0001673303645691383,0.8560579750541208,0.8451415875718171,0.1258902352079767,2.8641259485528656
path_b_only,18.200192470998445,0.15882743294545235,0.0,0.5,0.1,0.1,0.19842101633548737,0.0008297283837296423,0.1942138671875,0.2015380859375,16384,0.9985785151578244,1128762.0,1.524576,-0.0120435,-0.9954415652423594,0.09228227790040058,-0.024084670920627955,0.932459,2.406838e-05,0.003703340097871909,0.09708952773847657,0.0001673303645691383,0.8560579750541208,0.8451415875718171,-0.25529432874356894,3.0460740460319946
path_b_only,18.318123275996186,0.18411540862694903,0.0,0.5,0.1,0.1,0.15485133975744247,0.0068917509780041155,0.1417236328125,0.1712646484375,16384,0.7626197381778976,1128849.0,-1.530722,-0.02373617,-0.9956668323452882,-0.07997267241239105,-0.04745451121569037,0.966159,4.92903e-05,0.09904897137569302,0.09708952773847657,0.0001673303645691383,0.8560579750541208,0.8451415875718171,-2.606051996824671,3.048465851152228
path_b_only,18.43922158899659,0.198182608234639,0.0,0.5,0.1,0.1,0.07112862914800644,0.005100332702391476,0.0582275390625,0.083251953125,16384,0.3092055760263791,1129022.0,1.54083,0.00517903,-0.9981510281223578,0.05989356800414515,0.010357874782641148,1.000714,0.0002215214,0.7501287842992744,0.09708952773847657,0.0001673303645691383,0.8560579750541208,0.8451415875718171,0.17124425555671863,3.0807725591870403
path_b_only,18.556182752996392,0.19844636853166212,0.0,0.5,0.1,0.1,0.021045297384262085,0.003783804506326957,0.0140380859375,0.0313720703125,16384,0.03797102396619651,1129134.0,1.529236,0.004465543,-0.9965077227786107,0.08302166142764494,0.00893096727017394,1.00228,0.0002809311,0.974713405554356,0.09708952773847657,0.0001673303645691383,0.8560579750541208,0.8451415875718171,0.10716184406518003,3.057994665776871
path_b_only,18.672994796994317,0.185591472043745,0.0,0.5,0.1,0.1,0.017785683274269104,0.0019174101946973006,0.0125732421875,0.0228271484375,16384,0.020318045582417794,1129258.0,1.512227,0.005631037,-0.9930841273722515,0.11686354013436294,0.01126183593194414,1.003191,0.0002841179,0.986760365411344,0.09708952773847657,0.0001673303645691383,0.8560579750541208,0.8451415875718171,0.09607074382343095,3.023916327075622
path_b_only,18.794199379997735,0.1602429708354529,0.0,0.5,0.1,0.1,0.026724308729171753,0.004100009837211429,0.0194091796875,0.0369873046875,16384,0.06872664752469815,1129359.0,1.511697,0.005769715,-0.9929565541921462,0.11791577058400612,0.011539173906279756,1.001731,0.0002811957,0.9757136646161608,0.09708952773847657,0.0001673303645691383,0.8560579750541208,0.8451415875718171,0.0975488621536269,3.02283466667552
path_b_only,18.915426846993796,0.12625793614925176,0.0,0.5,0.1,0.1,0.023382417857646942,0.0020146394278371007,0.0181884765625,0.0301513671875,16384,0.05062808575472779,1129486.0,1.513863,0.005100994,-0.9934724912105063,0.11361484172285341,0.010201811029485044,1.002315,0.0002845846,0.9885246167497576,0.09708952773847657,0.0001673303645691383,0.8560579750541208,0.8451415875718171,0.08955277728013078,3.0272718543288195
path_b_only,19.034770523998304,0.0890982283815141,0.0,0.5,0.1,0.1,0.01578710228204727,0.0012163161514360133,0.0123291015625,0.0196533203125,16384,0.009494400247909474,1129611.0,1.526902,0.00590729,-0.9960795277517911,0.08766981571592225,0.01181430514693728,1.003071,0.0002843106,0.9874888231634595,0.09708952773847657,0.0001673303645691383,0.8560579750541208,0.8451415875718171,0.1339521286783616,3.053014590690459
path_b_only,19.153993363994232,0.0534867376995788,0.0,0.5,0.1,0.1,0.022893540561199188,0.0027713615562735077,0.0166015625,0.0294189453125,16384,0.047980490040850185,1129736.0,1.548265,0.01121271,-0.9987336664819623,0.04503607743010715,0.022423540425319632,1.004075,0.0002432022,0.8320880309628189,0.09708952773847657,0.0001673303645691383,0.8560579750541208,0.8451415875718171,0.46196757670114064,3.091261731184366
path_b_only,19.275203197998053,0.023917960424193335,0.0,0.5,0.1,0.1,0.0690721794962883,0.004827762562509068,0.05615234375,0.0784912109375,16384,0.2980685334120962,1129836.0,-1.56971,0.006759869,-0.9999062497390879,-0.0021724533212535133,0.01351932614000782,0.9948156,0.000155193,0.49938961893645395,0.09708952773847657,0.0001673303645691383,0.8560579750541208,0.8451415875718171,1.7301266587391924,3.1278994636180886
path_b_only,19.398833712999476,0.005008210293440202,0.0,0.5,0.1,0.1,0.14941710978746414,0.005574568662909502,0.1378173828125,0.1614990234375,16384,0.7331897685694042,1129948.0,-1.527243,0.01919255,-0.9954747889462978,-0.08693245757274355,0.03837567449162145,0.9887406,5.753397e-05,0.13021225792152444,0.09708952773847657,0.0001673303645691383,0.8560579750541208,0.8451415875718171,2.7258779595966143,3.046423035531639
path_b_only,19.520723236993945,0.0002118514955733175,0.0,0.5,0.1,0.1,0.1975514069199562,0.0010916228176879505,0.1939697265625,0.2010498046875,16384,0.9938690017931473,1130035.0,1.527619,-0.00870114,-0.996122901715784,0.08623430812299154,-0.01740140166410821,0.942328,2.365647e-05,0.002146209674032359,0.09708952773847657,0.0001673303645691383,0.8560579750541208,0.8451415875718171,-0.199118132391499,3.0535062619863202
path_b_only,19.638524180998502,0.009320858732469753,0.0,0.5,0.1,0.1,0.17880848795175552,0.002537893096290454,0.173828125,0.1861572265625,16384,0.892363629614207,1130209.0,1.41314,0.0009247332,-0.9506978412668319,0.3101131956052837,0.0018494653456422067,1.012679,9.868758e-05,0.2857839560639042,0.09708952773847657,0.0001673303645691383,0.8560579750541208,0.8451415875718171,0.005963768860657304,2.8262747569796516
path_b_only,19.756174133995955,0.030674084883714356,0.0,0.5,0.1,0.1,0.12898853421211243,0.008370709494778514,0.1151123046875,0.1439208984375,16384,0.6225554447279694,1130321.0,1.481384,-0.006707252,-0.9839648965985723,0.17785708908504785,-0.013414101682707432,1.006316,0.0001742047,0.5712589507781437,0.09708952773847657,0.0001673303645691383,0.8560579750541208,0.8451415875718171,-0.0752781563357714,2.962270922130548
path_b_only,19.877280244996655,0.062394463438276294,0.0,0.5,0.1,0.1,0.09824873507022858,0.006555247654899974,0.086181640625,0.111572265625,16384,0.4560789872510616,1130445.0,1.485371,0.008437136,-0.9853002004098151,0.1699964736153226,0.016873471211730853,0.9979378,0.0001946302,0.6484728263143891,0.09708952773847657,0.0001673303645691383,0.8560579750541208,0.8451415875718171,0.0989337193650055,2.9699188032121158
path_b_only,19.99514543999976,0.09847495411784193,0.0,0.5,0.1,0.1,0.0990738496184349,0.0066810785914754,0.0845947265625,0.116943359375,16384,0.46054753131551807,1130557.0,1.492288,0.005256065,-0.9876436185055065,0.15636362114825633,0.010511936394130707,0.989389,0.0001767591,0.5809152687958071,0.09708952773847657,0.0001673303645691383,0.8560579750541208,0.8451415875718171,0.06712650141117571,2.9842273945859747
path_b_only,20.116997233999427,0.13593372867734088,0.0,0.5,0.1,0.1,0.13115129619836807,0.007784845070698859,0.1153564453125,0.14599609375,16384,0.6342682393423943,1130693.0,1.430046,0.0007123534,-0.9606386672928242,0.2777972662100438,0.0014247063180242397,1.007339,0.0001195688,0.36472057558973986,0.09708952773847657,0.0001673303645691383,0.8560579750541208,0.8451415875718171,0.005128537968032365,2.8600884904584696
path_b_only,20.2380717049964,0.16801185403533053,0.0,0.5,0.1,0.1,0.17723648995161057,0.003112255836173674,0.1678466796875,0.18701171875,16384,0.8838502149032975,1130817.0,1.373905,-0.001399293,-0.9234607088830246,0.38368279487893325,-0.0027985823468748452,0.9892592,4.365526e-05,0.07774700681170373,0.09708952773847657,0.0001673303645691383,0.8560579750541208,0.8451415875718171,-0.007293870758199095,2.7478005748513947
path_b_only,20.35803371899965,0.19021796590328727,0.0,0.5,0.1,0.1,0.1973612755537033,0.0013718665659074889,0.1927490234375,0.2015380859375,16384,0.9928393139880015,1130904.0,1.518124,-0.01116538,-0.9942084425968983,0.10512370194000682,-0.02232890412623177,0.9395946,2.356048e-05,0.0017833416946573541,0.09708952773847657,0.0001673303645691383,0.8560579750541208,0.8451415875718171,-0.20929544426454605,3.0339157627614335
path_b_only,20.47841401399637,0.19977014863359405,0.0,0.5,0.1,0.1,0.1460266336798668,0.005252338029240276,0.1365966796875,0.1572265625,16384,0.714828085431929,1130991.0,-1.516563,-0.02067508,-0.9932734849413231,-0.10816155819465968,-0.04133837734384994,0.9819592,4.886244e-05,0.09743154566827152,0.09708952773847657,0.0001673303645691383,0.8560579750541208,0.8451415875718171,-2.7765324712058836,3.0255403411150015
path_b_only,20.599076264996256,0.19519492773711258,0.0,0.5,0.1,0.1,0.06328903138637543,0.007775271812553904,0.044921875,0.07666015625,16384,0.266748940009458,1131166.0,1.555183,0.002341324,-0.9995015294380867,0.031221236665135724,0.004682630887131573,1.001736,0.0002143266,0.7229305080412549,0.09708952773847657,0.0001673303645691383,0.8560579750541208,0.8451415875718171,0.14887257450323776,3.110016967387618
path_b_only,20.718086729997594,0.17743306748547624,0.0,0.5,0.1,0.1,0.018102549016475677,0.0029140705474678336,0.0128173828125,0.0272216796875,16384,0.02203408432472913,1131303.0,1.526849,0.003825343,-0.9961105977019328,0.08777895699799561,0.0076506113639559165,1.002307,0.0002839612,0.9861679973275014,0.09708952773847657,0.0001673303645691383,0.8560579750541208,0.8451415875718171,0.08693799649171563,3.0533665105480265
path_b_only,20.839095810995786,0.14842409582154084,0.0,0.5,0.1,0.1,0.017832882702350616,0.0022802229378958453,0.0133056640625,0.0267333984375,16384,0.02057366187794655,1131403.0,1.516484,0.005612399,-0.9940435149426823,0.10840433387018857,0.011224562288041506,1.00095,0.000284696,0.9889457386676905,0.09708952773847657,0.0001673303645691383,0.8560579750541208,0.8451415875718171,0.10317580654661374,3.032391849987579
path_b_only,20.9583130539977,0.11305893563241137,0.0,0.5,0.1,0.1,0.024467043578624725,0.003686054331520361,0.0174560546875,0.033203125,16384,0.056502055421325054,1131528.0,1.511769,0.007579302,-0.9929255490757166,0.11776709352377068,0.015158023474390624,1.001561,0.0002806553,0.9736708074846444,0.09708952773847657,0.0001673303645691383,0.8560579750541208,0.8451415875718171,0.1280080790705469,3.022573260165708
path_b_only,21.07934927599854,0.07532907151111651,0.0,0.5,0.1,0.1,0.0217442587018013,0.003284612525023915,0.0164794921875,0.0311279296875,16384,0.0417563643817354,1131653.0,1.516779,0.005317441,-0.9941137104519954,0.10781852456823925,0.01063468153234036,1.001643,0.0002866317,0.9962632045253443,0.09708952773847657,0.0001673303645691383,0.8560579750541208,0.8451415875718171,0.09831699799642468,3.033037843804446
path_b_only,21.19709278499795,0.041962814343813416,0.0,0.5,0.1,0.1,0.014126390218734741,0.0007260965846306866,0.011474609375,0.0177001953125,16384,0.0005005398809840844,1131778.0,1.533796,0.00698935,-0.9971657678414545,0.07392590965772501,0.013978244755340303,1.001676,0.0002772406,0.9607623244221187,0.09708952773847657,0.0001673303645691383,0.8560579750541208,0.8451415875718171,0.18687821065107757,3.066285655464467
path_b_only,21.316160267997475,0.01621969583447623,0.0,0.5,0.1,0.1,0.02493336796760559,0.00321600582343136,0.0186767578125,0.0341796875,16384,0.05902751214126967,1131879.0,1.55587,0.009918548,-0.9993577815536607,0.029842347168581525,0.019835795008408,1.004121,0.0002380043,0.812438572998517,0.09708952773847657,0.0001673303645691383,0.8560579750541208,0.8451415875718171,0.5866302267775225,3.1057516938127563
path_b_only,21.43427672299731,0.0021240498637103283,0.0,0.5,0.1,0.1,0.08143141120672226,0.005347945330432386,0.072509765625,0.0933837890625,16384,0.36500199328255706,1131979.0,-1.549996,0.009266162,-0.9989632475622712,-0.04158151396739305,0.018531263206268245,1.008721,0.0001570781,0.5065158032048134,0.09708952773847657,0.0001673303645691383,0.8560579750541208,0.8451415875718171,2.722352813768145,3.096052964748624
path_b_only,21.557375970995054,0.0016201441168946507,0.0,0.5,0.1,0.1,0.16521240025758743,0.007619267483644409,0.1494140625,0.1796875,16384,0.8187317719555636,1132092.0,-1.500951,0.007360494,-0.9901518196491572,-0.13922170165372794,0.014720456314373399,1.00356,5.233158e-05,0.11054582655137402,0.09708952773847657,0.0001673303645691383,0.8560579750541208,0.8451415875718171,3.0362501342918975,3.0011334966853367
path_b_only,21.67736939399765,0.01512727285604007,0.0,0.5,0.1,0.1,0.1984865888953209,0.0007796874740091554,0.19580078125,0.201416015625,16384,0.9989336341818099,1132180.0,1.484272,-0.01645237,-0.9845311818840942,0.17209305822514084,-0.03289880254092532,0.9435748,2.38307e-05,0.0028048458657867763,0.09708952773847657,0.0001673303645691383,0.8560579750541208,0.8451415875718171,-0.18888966364343052,2.965474147069841
path_b_only,21.793961031995423,0.03969727955599938,0.0,0.5,0.1,0.1,0.1594332605600357,0.006412436334536872,0.1473388671875,0.1746826171875,16384,0.7874338867718668,1132355.0,1.50501,-0.02127047,-0.9904598884401704,0.13107467055487035,-0.042528109880609594,0.971781,0.0001142442,0.3445921575984891,0.09708952773847657,0.0001673303645691383,0.8560579750541208,0.8451415875718171,-0.3137408027559605,3.0033514207856653
path_b_only,21.916141582994896,0.07395879174835757,0.0,0.5,0.1,0.1,0.10390360653400421,0.006451451670939613,0.0899658203125,0.1151123046875,16384,0.4867038772977222,1132468.0,1.48154,0.01111898,-0.983865559341631,0.1775221557721265,0.02223612716721285,0.9996876,0.0001889563,0.6270239605140363,0.09708952773847657,0.0001673303645691383,0.8560579750541208,0.8451415875718171,0.12460933325745671,2.9617148339456647
path_b_only,22.036195339998812,0.11134661216867883,0.0,0.5,0.1,0.1,0.07525382936000824,0.003821182344646907,0.06884765625,0.08837890625,16384,0.33154627885619475,1132606.0,1.483168,0.003004984,-0.9846640378343848,0.17435771653471463,0.006009931820343092,1.00539,0.0002190679,0.740853895379631,0.09708952773847657,0.0001673303645691383,0.8560579750541208,0.8451415875718171,0.03445533401764056,2.966234038808266
path_b_only,22.156176089993096,0.14711919462934758,0.0,0.5,0.1,0.1,0.08868847042322159,0.00582277370145796,0.075439453125,0.1011962890625,16384,0.4043037956296271,1132734.0,1.494043,0.002060379,-0.988232581508308,0.15290318601992828,0.004120746337820754,1.003261,0.0002006132,0.6710901731276055,0.09708952773847657,0.0001673303645691383,0.8560579750541208,0.8451415875718171,0.026943514002637947,2.9880311357746097
path_b_only,22.27918339799362,0.17688754418524447,0.0,0.5,0.1,0.1,0.12793128937482834,0.006346286211081084,0.1121826171875,0.1390380859375,16384,0.6168297607576734,1132812.0,1.460636,-0.01732358,-0.9752417774815713,0.21841137795971596,-0.034640228525855785,1.005897,0.0001579322,0.5097445305845841,0.09708952773847657,0.0001673303645691383,0.8560579750541208,0.8451415875718171,-0.1572907319207144,2.9186080620982944
path_b_only,22.40114120299404,0.19521582878327884,0.0,0.5,0.1,0.1,0.1790894865989685,0.0025520760594292258,0.1708984375,0.1844482421875,16384,0.8938854241818261,1132952.0,1.443138,-0.007587962,-0.9674719534811428,0.25252272816180166,-0.01517534148223113,0.9911056,6.592612e-05,0.1619368387436096,0.09708952773847657,0.0001673303645691383,0.8560579750541208,0.8451415875718171,-0.060022766986774556,2.8858351982455748
path_b_only,22.519180655996024,0.199818504756403,0.0,0.5,0.1,0.1,0.19708574563264847,0.0013137453230698223,0.1927490234375,0.2010498046875,16384,0.9913471362097934,1133040.0,1.441644,-0.01107864,-0.9665871105901576,0.25537911606288916,-0.02215546704332159,0.9439916,2.483267e-05,0.006592561557987794,0.09708952773847657,0.0001673303645691383,0.8560579750541208,0.8451415875718171,-0.08653852725342537,2.882360574051112
path_b_only,22.64352985000005,0.19000498989022793,0.0,0.5,0.1,0.1,0.1415327861905098,0.00481868352194328,0.129150390625,0.1512451171875,16384,0.690490912406933,1133216.0,-1.555694,-0.01161538,-0.9992741752326613,-0.030191912435519885,-0.023228670572602295,0.9917238,0.0001139374,0.3434323712033204,0.09708952773847657,0.0001673303645691383,0.8560579750541208,0.8451415875718171,-2.485811248427596,3.103489829864085
path_b_only,22.7611337299968,0.1681946388840238,0.0,0.5,0.1,0.1,0.04931612312793732,0.007757719394941171,0.03271484375,0.0650634765625,16384,0.1910763483709152,1133304.0,1.553943,6.441422e-05,-0.9994319762399606,0.03370027110157938,0.00012882843964364407,1.007263,0.0002200348,0.744509037053323,0.09708952773847657,0.0001673303645691383,0.8560579750541208,0.8451415875718171,0.0038227529895080714,3.1078857538999203
path_b_only,22.8851879549984,0.135292242302943,0.0,0.5,0.1,0.1,0.01413368433713913,0.0007574843072295678,0.01171875,0.0169677734375,16384,0.0005400423834817401,1133467.0,1.521108,0.005243463,-0.995011486757794,0.09920770955223747,0.010486733783364203,1.001538,0.0002851458,0.990646103467387,0.09708952773847657,0.0001673303645691383,0.8560579750541208,0.8451415875718171,0.10531374759353751,3.041666017376179
path_b_only,23.00930564799637,0.0970769608703528,0.0,0.5,0.1,0.1,0.0230460986495018,0.0036184054103911224,0.0157470703125,0.03173828125,16384,0.04880669355580626,1133593.0,1.511704,0.004665338,-0.9929810921819133,0.11790458676886732,0.009330540610125204,0.999883,0.0002777698,0.962762842545728,0.09708952773847657,0.0001673303645691383,0.8560579750541208,0.8451415875718171,0.07897178577608521,3.023041955020378
path_b_only,23.12936905499373,0.0604672036074327,0.0,0.5,0.1,0.1,0.033187322318553925,0.004041308812108265,0.026123046875,0.044189453125,16384,0.10372816467903309,1133693.0,1.514046,0.003669571,-0.993538954592339,0.11325406689975236,0.0073390761154700345,0.9997826,0.0002755383,0.9543271732470999,0.09708952773847657,0.0001673303645691383,0.8560579750541208,0.8451415875718171,0.06471139773572077,3.027855984586369
path_b_only,23.2460104769998,0.03018110167179687,0.0,0.5,0.1,0.1,0.025860637426376343,0.0037550236878000067,0.0184326171875,0.0380859375,16384,0.06404929298993997,1133818.0,1.515199,0.00520969,-0.9937702956402853,0.11095963208327206,0.010419191473665372,1.002231,0.0002846045,0.9885998440941639,0.09708952773847657,0.0001673303645691383,0.8560579750541208,0.8451415875718171,0.09362620494798746,3.0299129031482313
path_b_only,23.36910730999807,0.00833627706336805,0.0,0.5,0.1,0.1,0.01499158889055252,0.0008937675437151979,0.011962890625,0.0185546875,16384,0.0051861661348556526,1133944.0,1.525918,0.007620271,-0.9958589078248623,0.08962577513537842,0.015239952009603968,1.002603,0.0002830211,0.9826141668513012,0.09708952773847657,0.0001673303645691383,0.8560579750541208,0.8451415875718171,0.1684288729304404,3.050554711577372
path_b_only,23.490287895998335,4.654389305520923e-05,0.0,0.5,0.1,0.1,0.021303534507751465,0.001792530354744281,0.0166015625,0.026611328125,16384,0.039369549744101257,1134070.0,1.542765,0.002984251,-0.9984111175290625,0.05603229248605115,0.0059684665640559525,1.002249,0.000228192,0.7753454437765004,0.09708952773847657,0.0001673303645691383,0.8560579750541208,0.8451415875718171,0.10611819872745842,3.085213519023497
path_b_only,23.612567453994416,0.006188203183737737,0.0,0.5,0.1,0.1,0.07742693275213242,0.004836899558399939,0.068359375,0.088623046875,16384,0.3433150790614948,1134171.0,1.569567,0.01118869,-0.9997466151493186,0.00245803555714583,0.022375512478601967,0.9943624,0.0001349243,0.4227684895109077,0.09708952773847657,0.0001673303645691383,0.8560579750541208,0.8451415875718171,1.461381233052939,3.119080632265551
path_b_only,23.72953287299606,0.024891924822960473,0.0,0.5,0.1,0.1,0.1611122339963913,0.0030272054040560064,0.15234375,0.16845703125,16384,0.796526644619509,1134258.0,-1.541454,0.02332963,-0.9971920775763999,-0.05858714294549031,0.04664233163498299,0.9848536,5.482299e-05,0.1199640254522458,0.09708952773847657,0.0001673303645691383,0.8560579750541208,0.8451415875718171,2.469222721843172,3.066636166481233
path_b_only,23.849179721997643,0.05437149048260559,0.0,0.5,0.1,0.1,0.19821364432573318,0.0009146085807086631,0.1934814453125,0.20166015625,16384,0.9974554578013206,1134434.0,1.449817,-0.02743029,-0.9694098948705012,0.23924420719332234,-0.05483306531284279,0.9667712,4.704828e-05,0.09057353365178064,0.09708952773847657,0.0001673303645691383,0.8560579750541208,0.8451415875718171,-0.22530167031489112,2.8936114080105093
path_b_only,23.97017823799979,0.09064491675134899,0.0,0.5,0.1,0.1,0.1614130660891533,0.005440021882027278,0.1495361328125,0.173095703125,16384,0.7981558504860543,1134522.0,1.456453,-0.01631234,-0.9734466852034747,0.22657793117452815,-0.032618892854269124,0.9893854,0.0001008449,0.29393920504051935,0.09708952773847657,0.0001673303645691383,0.8560579750541208,0.8451415875718171,-0.14298086055335046,2.9106308941987034
path_b_only,24.09505564999563,0.1294207421664853,0.0,0.5,0.1,0.1,0.11778178811073303,0.0037456151298442516,0.1085205078125,0.1292724609375,16384,0.5618634609518368,1134663.0,1.472986,-0.004062654,-0.9808948381683018,0.19436897200320094,-0.008125218593969486,1.004309,0.0001775226,0.5838015038437581,0.09708952773847657,0.0001673303645691383,0.8560579750541208,0.8451415875718171,-0.04177873935900056,2.9458054823191406
path_b_only,24.213606813995284,0.162182087280364,0.0,0.5,0.1,0.1,0.10186414420604706,0.008282899237513028,0.0826416015625,0.11669921875,16384,0.47565883233992007,1134791.0,1.469174,0.005389801,-0.9793599033813702,0.20183652873125843,0.010779393236578868,1.001937,0.0001845174,0.6102437263891514,0.09708952773847657,0.0001673303645691383,0.8560579750541208,0.8451415875718171,0.053355863103097256,2.938066280392026
path_b_only,24.33051356299984,0.1861562196704375,0.0,0.5,0.1,0.1,0.11174652725458145,0.005913840168470577,0.098876953125,0.12646484375,16384,0.5291785093474461,1134891.0,1.485087,0.00449249,-0.9853039909930396,0.17057349629998653,0.008984859107783344,0.9961716,0.0001625435,0.5271764830097531,0.09708952773847657,0.0001673303645691383,0.8560579750541208,0.8451415875718171,0.05262577909366639,2.9699409936069143
path_b_only,24.448154323996278,0.19867646785027715,0.0,0.5,0.1,0.1,0.15289441496133804,0.005618653960138826,0.1402587890625,0.1656494140625,16384,0.7520216888510138,1135016.0,1.395654,0.007603315,-0.9391664700591501,0.34312551310614364,0.015206043939211069,1.032192,9.184492e-05,0.2599168635777059,0.09708952773847657,0.0001673303645691383,0.8560579750541208,0.8451415875718171,0.04428729583387314,2.790991678142189
path_b_only,24.570260288994177,0.19757380551500012,0.0,0.5,0.1,0.1,0.19479642808437347,0.0016411282587524786,0.1898193359375,0.200439453125,16384,0.9789489590545869,1135153.0,1.492689,-0.007993428,-0.9876970525968584,0.15556019574303084,-0.01598617502308584,0.946514,2.550122e-05,0.009119860105869447,0.09708952773847657,0.0001673303645691383,0.8560579750541208,0.8451415875718171,-0.10240572059268072,2.9845687217682744
path_b_only,24.689440936999745,0.18280665122322873,0.0,0.5,0.1,0.1,0.18153658509254456,0.004886758461002831,0.1695556640625,0.192626953125,16384,0.9071380900963716,1135265.0,-1.492968,-0.004078363,-0.9878770798044398,-0.15502369010415956,-0.008156635552841782,0.9659026,4.589043e-05,0.08619654969595866,0.09708952773847657,0.0001673303645691383,0.8560579750541208,0.8451415875718171,-3.0890257128115253,2.9857241584486216
path_b_only,24.809624459994666,0.15630587709091906,0.0,0.5,0.1,0.1,0.10784520208835602,0.00775922054477241,0.0909423828125,0.122802734375,16384,0.5080502387904083,1135352.0,-1.570397,-0.00337246,-0.9999769341968274,-0.0007986353380091876,-0.006744868857945507,0.9692486,0.0001141552,0.34425571369637037,0.09708952773847657,0.0001673303645691383,0.8560579750541208,0.8451415875718171,-1.6886539358301187,3.1348006153323924
path_b_only,24.929188567999518,0.1220630326006041,0.0,0.5,0.1,0.1,0.03533260524272919,0.008093669014781918,0.01953125,0.05126953125,16384,0.11534629854692123,1135439.0,1.559961,0.008174219,-0.9996315992162929,0.021666061795502192,0.01634770976467832,0.9916548,0.0002078525,0.6984566713366844,0.09708952773847657,0.0001673303645691383,0.8560579750541208,0.8451415875718171,0.6463944856065806,3.1144477311995664
path_b_only,25.051529101998312,0.08388226855331378,0.0,0.5,0.1,0.1,0.014464057981967926,0.0008055676367742457,0.01171875,0.01806640625,16384,0.0023292354026350067,1135625.0,1.524312,0.005596407,-0.9956191581271324,0.09282897239822653,0.011192580297214047,1.001491,0.0002834299,0.9841595406399095,0.09708952773847657,0.0001673303645691383,0.8560579750541208,0.8451415875718171,0.11999282566514768,3.047954581801582
path_b_only,25.17249158199411,0.048423675860010375,0.0,0.5,0.1,0.1,0.021790824830532074,0.0033535745752773087,0.0157470703125,0.0318603515625,16384,0.04200855094007079,1135749.0,1.515105,0.007292926,-0.9936976500483216,0.11114066895855927,0.014585334822601197,1.00027,0.0002831018,0.982919234524346,0.09708952773847657,0.0001673303645691383,0.8560579750541208,0.8451415875718171,0.13048742191843177,3.029262951055456
path_b_only,25.29616927499592,0.019811516675259017,0.0,0.5,0.1,0.1,0.023934341967105865,0.0033840552833828176,0.0174560546875,0.036376953125,16384,0.053617121893666846,1135873.0,1.514925,0.005282376,-0.9937078248361142,0.11150403143902864,0.010564555472085204,1.001747,0.0002855262,0.9920841176288023,0.09708952773847657,0.0001673303645691383,0.8560579750541208,0.8451415875718171,0.09446396301686111,3.0293537580480083
path_b_only,25.417149898996286,0.003368236879405531,0.0,0.5,0.1,0.1,0.016689345240592957,0.0016203270080598436,0.0130615234375,0.023193359375,16384,0.014380645952668013,1135998.0,1.524031,0.006517921,-0.9955446021055222,0.0933864105073739,0.013035472799463427,1.00262,0.0002868919,0.9972468304054711,0.09708952773847657,0.0001673303645691383,0.8560579750541208,0.8451415875718171,0.1386902686434981,3.0471605588414556
path_b_only,25.5421979429957,0.0008774374717567257,0.0,0.5,0.1,0.1,0.016521230340003967,0.0018270121519133493,0.0120849609375,0.0220947265625,16384,0.01347019195230325,1136122.0,1.535464,0.00600325,-0.9974323948791569,0.07060076862354007,0.012006211533825669,1.002701,0.0002588909,0.8913955303692221,0.09708952773847657,0.0001673303645691383,0.8560579750541208,0.8451415875718171,0.16844633508417894,3.069916930505987
path_b_only,25.662418265994347,0.012737855599619749,0.0,0.5,0.1,0.1,0.04803874343633652,0.00537701519925305,0.0364990234375,0.05859375,16384,0.18415848775220672,1136246.0,1.533974,-0.00100708,-0.9972874349696488,0.07357795333276715,-0.0020141586381459643,0.9974848,0.0001665156,0.5421920877693682,0.09708952773847657,0.0001673303645691383,0.8560579750541208,0.8451415875718171,-0.027367651061091625,3.0679205115951955
path_b_only,25.78017761099909,0.03630060415234075,0.0,0.5,0.1,0.1,0.11673127114772797,0.007053448897554879,0.1005859375,0.1280517578125,16384,0.5561742128954891,1136357.0,-1.514191,0.007623951,-0.9934830126219102,-0.11295584594988078,0.015247311154438914,0.9794874,6.35469e-05,0.15294274817283554,0.09708952773847657,0.0001673303645691383,0.8560579750541208,0.8451415875718171,3.007418950289109,3.027364126275752
path_b_only,25.901143437993596,0.06944013928715409,0.0,0.5,0.1,0.1,0.18739936500787735,0.002821637829989877,0.1798095703125,0.1939697265625,16384,0.938888942688688,1136445.0,1.558935,-0.009240158,-0.999547922914658,0.02371637819889591,-0.018479264111970744,0.9479904,2.517789e-05,0.007897585871352097,0.09708952773847657,0.0001673303645691383,0.8560579750541208,0.8451415875718171,-0.6619146028555809,3.111522364208718
path_b_only,26.0262031759994,0.10822267630055923,0.0,0.5,0.1,0.1,0.18465148657560349,0.0050824037909289466,0.17333984375,0.195068359375,16384,0.9240073533565426,1136532.0,1.458611,-0.0173656,-0.9743463739930498,0.22235865661854748,-0.0347242179665878,0.985563,4.055608e-05,0.06603127408621742,0.09708952773847657,0.0001673303645691383,0.8560579750541208,0.8451415875718171,-0.15491191549523542,2.914594559520657
path_b_only,26.147273559996393,0.14463421444445057,0.0,0.5,0.1,0.1,0.13004794716835022,0.011946052281252579,0.1102294921875,0.155517578125,16384,0.6282928705044215,1136730.0,1.477087,5.19587e-05,-0.9824884677847897,0.18632337446243882,0.00010391739981296902,1.010981,0.0001769072,0.581475126570007,0.09708952773847657,0.0001673303645691383,0.8560579750541208,0.8451415875718171,0.0005577259929840928,2.954173971528744
path_b_only,26.267737808993843,0.17453923002313557,0.0,0.5,0.1,0.1,0.09399296343326569,0.005229877475275156,0.0838623046875,0.1058349609375,16384,0.4330311533116735,1136842.0,1.457623,0.009925384,-0.9743007817021955,0.2243746544082794,0.019849464316604955,1.000863,0.0001986228,0.6635659265795484,0.09708952773847657,0.0001673303645691383,0.8560579750541208,0.8451415875718171,0.0882360101005899,2.9143920641788106
path_b_only,26.38801599099679,0.19387511703640764,0.0,0.5,0.1,0.1,0.08857522904872894,0.010786956523483372,0.0609130859375,0.109375,16384,0.4036905182696048,1136966.0,1.499848,0.01170593,-0.9896782595726903,0.141382203535709,0.023409721325936033,1.004314,0.0002124843,0.7159661192673975,0.09708952773847657,0.0001673303645691383,0.8560579750541208,0.8451415875718171,0.16408882641598765,2.9977903876031253
path_b_only,26.508986205997644,0.19996015318205335,0.0,0.5,0.1,0.1,0.10994736850261688,0.007445401396302989,0.094970703125,0.124755859375,16384,0.5194348680802026,1137090.0,1.467697,0.0004444781,-0.97881588797671,0.20474048745044898,0.0008889560829180836,0.9846308,0.0001485233,0.4741763617009349,0.09708952773847657,0.0001673303645691383,0.8560579750541208,0.8451415875718171,0.004341840287214627,2.9353921110258345
path_b_only,26.631539820999024,0.19158226957826396,0.0,0.5,0.1,0.1,0.15407607704401016,0.009387439152133635,0.1373291015625,0.1728515625,16384,0.7584211749553327,1137202.0,1.463483,0.01686249,-0.9765003921063283,0.21286155378918772,0.03371858737609936,1.007781,9.629148e-05,0.2767260545597845,0.09708952773847657,0.0001673303645691383,0.8560579750541208,0.8451415875718171,0.15710084839453575,2.924372821862889
path_b_only,26.749312813997676,0.17086316756882486,0.0,0.5,0.1,0.1,0.19529925286769867,0.0016687722950452226,0.1905517578125,0.19970703125,16384,0.9816720896864171,1137251.0,1.375879,0.0246539,-0.923847714593037,0.3795735907595636,0.04928782242211063,0.9949068,4.992027e-05,0.10143042716240908,0.09708952773847657,0.0001673303645691383,0.8560579750541208,0.8451415875718171,0.12912799065863512,2.748810436006774
path_b_only,26.8699936579942,0.13971661758980444,0.0,0.5,0.1,0.1,0.18024533241987228,0.004882174712925238,0.1671142578125,0.189697265625,16384,0.9001450980582039,1137425.0,1.561871,-0.01789095,-0.9992006794109896,0.01783827993296164,-0.03577426496310231,0.9758404,4.555291e-05,0.0849206334505305,0.09708952773847657,0.0001673303645691383,0.8560579750541208,0.8451415875718171,-1.1082417768082893,3.1016069787228804
path_b_only,26.98981527799333,0.1031990788702017,0.0,0.5,0.1,0.1,0.09464491158723831,0.011207092061296792,0.072265625,0.1143798828125,16384,0.436561886177917,1137512.0,-1.529725,-0.002034468,-0.9966199385915807,-0.08204963042519671,-0.004068924772295685,0.984136,0.0001138836,0.3432289927546238,0.09708952773847657,0.0001673303645691383,0.8560579750541208,0.8451415875718171,-3.0920422273744452,3.0593495108673436
path_b_only,27.11423392899451,0.06487774950185274,0.0,0.5,0.1,0.1,0.026358231902122498,0.003617658882111401,0.0189208984375,0.035400390625,16384,0.06674409802753796,1137687.0,1.536774,0.003987079,-0.9976541357992873,0.06798999540030919,0.007974073491210992,1.005881,0.000273741,0.9475328965585833,0.09708952773847657,0.0001673303645691383,0.8560579750541208,0.8451415875718171,0.11674968217855275,3.073083063681399
path_b_only,27.234310916996037,0.032859022903841795,0.0,0.5,0.1,0.1,0.015881113708019257,0.0013991599560950656,0.012451171875,0.020751953125,16384,0.01000353464680163,1137813.0,1.517224,0.005135676,-0.994213053369059,0.1069341271472455,0.010271171395196465,1.001679,0.0002860016,0.9938812573037152,0.09708952773847657,0.0001673303645691383,0.8560579750541208,0.8451415875718171,0.0957576271095002,3.033958674579683
path_b_only,27.35434845099371,0.010287481706877544,0.0,0.5,0.1,0.1,0.025979600846767426,0.00331428137219095,0.0196533203125,0.033447265625,16384,0.06469355903425057,1137941.0,1.509495,0.003729374,-0.9924660967207801,0.12229233405965452,0.007458678841535097,1.003012,0.0002811082,0.9753828911168867,0.09708952773847657,0.0001673303645691383,0.8560579750541208,0.8451415875718171,0.0609151104897796,3.018764462358601
path_b_only,27.47400920999644,0.00033317116357470256,0.0,0.5,0.1,0.1,0.024360477924346924,0.0015873893855938661,0.0206298828125,0.0303955078125,16384,0.055924931526305684,1138044.0,1.512132,0.003556161,-0.9930997672971434,0.11705668679350928,0.007112262037203004,1.001997,0.0002820167,0.9788172651064919,0.09708952773847657,0.0001673303645691383,0.8560579750541208,0.8451415875718171,0.060684524068792545,3.0240496157489662
path_b_only,27.596074383000087,0.004520489432335323,0.0,0.5,0.1,0.1,0.01676182448863983,0.0010898207909654416,0.0133056640625,0.0206298828125,16384,0.014773169286985882,1138173.0,1.520158,0.006896239,-0.9947812744323378,0.10109399414348197,0.013792040708013884,1.002423,0.0002865206,0.9958432166879805,0.09708952773847657,0.0001673303645691383,0.8560579750541208,0.8451415875718171,0.13559079793111728,3.0393843263553006
path_b_only,27.716357245997642,0.02222426600111102,0.0,0.5,0.1,0.1,0.016645051538944244,0.001628254580350643,0.0126953125,0.0220947265625,16384,0.014140766098379389,1138302.0,1.529125,0.01371521,-0.9961541262388096,0.08321488768857019,0.027426980227003,1.002898,0.0002574012,0.8857640642907251,0.09708952773847657,0.0001673303645691383,0.8560579750541208,0.8451415875718171,0.3183797891343705,3.05386191306365
path_b_only,27.838366866999422,0.0513756673409047,0.0,0.5,0.1,0.1,0.04883839190006256,0.004512710693716789,0.038818359375,0.0584716796875,16384,0.18848911603164073,1138404.0,1.560445,0.02323284,-0.9987066035222233,0.020678831249742652,0.046448961444251265,1.002791,0.0001814988,0.5988326077044821,0.09708952773847657,0.0001673303645691383,0.8560579750541208,0.8451415875718171,1.1519456733304851,3.090726645561075
path_b_only,27.956992433995765,0.08652984577897506,0.0,0.5,0.1,0.1,0.12769239395856857,0.0023463608458887553,0.120849609375,0.1337890625,16384,0.6155359831886388,1138519.0,-1.551613,0.04042814,-0.9959994060284114,-0.03823192516053757,0.08076820593259865,1.001995,7.047544e-05,0.1791344901232356,0.09708952773847657,0.0001673303645691383,0.8560579750541208,0.8451415875718171,2.012900533347228,3.052113446176536
path_b_only,28.07438538599672,0.1231567413018648,0.0,0.5,0.1,0.1,0.19338178634643555,0.0013790624426340652,0.18896484375,0.19775390625,16384,0.9712877331616043,1138631.0,1.492076,-0.00648896,-0.987548629646997,0.1567778272920564,-0.012977555698994116,0.9321538,2.364101e-05,0.002087766722046341,0.09708952773847657,0.0001673303645691383,0.8560579750541208,0.8451415875718171,-0.08258844064647874,2.983622428980476
path_b_only,28.18853972699435,0.155828317565328,0.0,0.5,0.1,0.1,0.18322072178125381,0.003029730080625574,0.1754150390625,0.18994140625,16384,0.916258810389602,1138717.0,1.45201,-0.01961316,-0.9711644526063244,0.23516311542148502,-0.03921626115681387,0.9501126,4.776966e-05,0.09330054378785255,0.09708952773847657,0.0001673303645691383,0.8560579750541208,0.8451415875718171,-0.16524139013485195,2.900863741916447
path_b_only,28.307108687993605,0.18219409390868838,0.0,0.5,0.1,0.1,0.13240554183721542,0.006087324261113836,0.123779296875,0.1455078125,16384,0.6410608136789218,1138890.0,1.443968,0.003088254,-0.967982811235113,0.25094048774044575,0.006176468728549166,1.009368,0.0001673449,0.5453270644887733,0.09708952773847657,0.0001673303645691383,0.8560579750541208,0.8451415875718171,0.02460831241066197,2.8878624318339368
path_b_only,28.427665212999273,0.19742904538169584,0.0,0.5,0.1,0.1,0.0949854701757431,0.009063621674289821,0.0755615234375,0.1107177734375,16384,0.4384062374411094,1138939.0,1.475464,0.002009475,-0.9818705628568031,0.189510015363632,0.0040189391810227315,1.014291,0.0001970613,0.6576630372182183,0.09708952773847657,0.0001673303645691383,0.8560579750541208,0.8451415875718171,0.021203823172108116,2.950886162123704
path_b_only,28.54520371799299,0.19899332783260212,0.0,0.5,0.1,0.1,0.09162473678588867,0.005373113810955291,0.0809326171875,0.1024169921875,16384,0.4202056309021742,1139127.0,1.483318,0.006990127,-0.9846378546014525,0.174048443017611,0.013979798603496945,1.005815,0.0002015333,0.674568398232543,0.09708952773847657,0.0001673303645691383,0.8560579750541208,0.8451415875718171,0.08014924228139408,2.966084021821868
path_b_only,28.665468267994584,0.18679017019140587,0.0,0.5,0.1,0.1,0.11411459743976593,0.007712074646052719,0.09814453125,0.131591796875,16384,0.5420031844101094,1139201.0,1.477015,0.01140167,-0.9822062071564089,0.1864163738320387,0.02280136379112139,0.9908496,0.0001656827,0.5390435020831359,0.09708952773847657,0.0001673303645691383,0.8560579750541208,0.8451415875718171,0.1217096153975441,2.9526650774009546
path_b_only,28.782329227993614,0.16317687549957194,0.0,0.5,0.1,0.1,0.15787184983491898,0.007033543990497239,0.144775390625,0.17333984375,16384,0.7789778091968604,1139361.0,1.408801,0.004582003,-0.9479327321958984,0.31833874815430396,0.00916387773651948,1.046433,8.82422e-05,0.24629761441994028,0.09708952773847657,0.0001673303645691383,0.8560579750541208,0.8451415875718171,0.028778613293363176,2.817476989962248
path_b_only,28.901404006996017,0.13048190647082591,0.0,0.5,0.1,0.1,0.1964363381266594,0.0017969867466343338,0.1903076171875,0.2008056640625,16384,0.9878301626421727,1139410.0,1.415558,0.01563268,-0.9517226995863439,0.3053632244255038,0.031260266482250006,0.9561396,4.314754e-05,0.07582768885683054,0.09708952773847657,0.0001673303645691383,0.8560579750541208,0.8451415875718171,0.10201538810097288,2.8295964040128907
path_b_only,29.02023221199488,0.09364814212786028,0.0,0.5,0.1,0.1,0.17662062495946884,0.004257643897196453,0.1654052734375,0.185302734375,16384,0.880514896357377,1139584.0,-1.503633,-0.0125329,-0.9906804315218762,-0.13388099134512946,-0.025063175299120943,0.976677,4.774297e-05,0.09319964841990255,0.09708952773847657,0.0001673303645691383,0.8560579750541208,0.8451415875718171,-2.9565298131410747,3.004961176340289
path_b_only,29.14212505699834,0.05681895589079372,0.0,0.5,0.1,0.1,0.0940161645412445,0.007706308616026115,0.0775146484375,0.1082763671875,16384,0.43315680274249857,1139672.0,1.544026,-0.009148316,-0.9983999027106655,0.05350612001799823,-0.01829561116643818,0.9816774,0.0001193227,0.36379025149635313,0.09708952773847657,0.0001673303645691383,0.8560579750541208,0.8451415875718171,-0.3294719087892575,3.085014845395029
path_b_only,29.264236199000152,0.026198596107259914,0.0,0.5,0.1,0.1,0.02966771274805069,0.0030224967072882605,0.02197265625,0.0367431640625,16384,0.08466713795290688,1139761.0,1.553765,0.005846028,-0.9993516122461376,0.034053739247967466,0.011691789609678826,1.00277,0.0002202127,0.7451815468307041,0.09708952773847657,0.0001673303645691383,0.8560579750541208,0.8451415875718171,0.3307235467309866,3.1055799382309144
path_b_only,29.38228841399541,0.006760101998564985,0.0,0.5,0.1,0.1,0.014522813260555267,0.0008790979536066976,0.01171875,0.0185546875,16384,0.0026474343144802697,1139953.0,1.518706,0.005586278,-0.9945160283396746,0.10398580942447948,0.011172323563857398,1.002095,0.0002869433,0.9974411362096162,0.09708952773847657,0.0001673303645691383,0.8560579750541208,0.8451415875718171,0.1070302723928207,3.0368167849228955
path_b_only,29.50211499699799,2.2074336695765417e-06,0.0,0.5,0.1,0.1,0.02403298020362854,0.002071899722003041,0.01806640625,0.0299072265625,16384,0.05415131354899521,1140079.0,1.510366,0.005689414,-0.9926409715115045,0.12055882190079178,0.01137858245079276,1.003059,0.0002829597,0.982382058361525,0.09708952773847657,0.0001673303645691383,0.8560579750541208,0.8451415875718171,0.09410323570578383,3.0202001321863157
path_b_only,29.62452829299582,0.007555437925693992,0.0,0.5,0.1,0.1,0.024435028433799744,0.003046520729498306,0.016845703125,0.0323486328125,16384,0.05632867211873831,1140203.0,1.514041,0.005474238,-0.9935050318045651,0.1132602641783373,0.010948257270601438,1.002597,0.0002852422,0.9910105213568731,0.09708952773847657,0.0001673303645691383,0.8560579750541208,0.8451415875718171,0.09636518979997355,3.027557473344479
path_b_only,29.741183349993662,0.027358127891167386,0.0,0.5,0.1,0.1,0.01791379600763321,0.0017519159423860578,0.012451171875,0.0228271484375,16384,0.021011861241710124,1140327.0,1.525787,0.005295423,-0.9958952008706764,0.08989208562179073,0.010590648012271442,1.002292,0.0002844355,0.9879609787069946,0.09708952773847657,0.0001673303645691383,0.8560579750541208,0.8451415875718171,0.11727452086091583,3.050954797959541
path_b_only,29.86334648999764,0.05837567894420928,0.0,0.5,0.1,0.1,0.016306601464748383,0.0016979525836425076,0.0120849609375,0.0228271484375,16384,0.012307833842548433,1140427.0,1.541284,0.009663638,-0.9980721100685955,0.05897936940092838,0.01932607275910529,0.9990436,0.0002582298,0.8888963948221359,0.09708952773847657,0.0001673303645691383,0.8560579750541208,0.8451415875718171,0.3166495602400605,3.0794877470203437
path_b_only,29.98140886699548,0.09416274334203156,0.0,0.5,0.1,0.1,0.055369846522808075,0.006192360302077448,0.044921875,0.0704345703125,16384,0.2238612869019547,1140551.0,-1.550088,0.001296822,-0.9991390923868639,-0.04140467473895899,0.0025936410920984494,1.002792,0.0001745031,0.5723869829173822,0.09708952773847657,0.0001673303645691383,0.8560579750541208,0.8451415875718171,3.0790331321590365,3.1000949146516548
path_b_only,30.101812198998232,0.13144265035995922,0.0,0.5,0.1,0.1,0.13018975406885147,0.008798709979277154,0.111328125,0.150146484375,16384,0.6290608491867892,1140663.0,-1.534359,0.0201591,-0.9965353058186621,-0.07275099742893787,0.04030727763072347,1.017989,7.579436e-05,0.19924143618904774,0.09708952773847657,0.0001673303645691383,0.8560579750541208,0.8451415875718171,2.63564969443125,3.0583256527291507
path_b_only,30.219418061999022,0.16360142636123823,0.0,0.5,0.1,0.1,0.19483978301286697,0.002667325393879065,0.18701171875,0.2005615234375,16384,0.9791837548278595,1140775.0,1.500867,-0.01515569,-0.9897808408050343,0.1393391142813851,-0.030306738632830503,0.9296576,2.341992e-05,0.001251987145423569,0.09708952773847657,0.0001673303645691383,0.8560579750541208,0.8451415875718171,-0.21416776981311791,2.998507979463944
path_b_only,30.34313490599743,0.18810087031619344,0.0,0.5,0.1,0.1,0.18104472011327744,0.0032386282057752964,0.1732177734375,0.1905517578125,16384,0.9044743140929111,1140861.0,1.376355,-0.03047555,-0.9236149931252864,0.37845066534982713,-0.06091336774838768,0.9830746,4.484152e-05,0.08223138819740428,0.09708952773847657,0.0001673303645691383,0.8560579750541208,0.8451415875718171,-0.15958587569024107,2.748202872975517
path_b_only,30.463408163996064,0.19933997584330249,0.0,0.5,0.1,0.1,0.1317131146788597,0.0062783029400841715,0.11474609375,0.1429443359375,16384,0.6373108600812485,1141035.0,1.468142,0.01231078,-0.9787013764288958,0.20380754905262463,0.02461907239005937,1.018852,0.0001758436,0.5774544329262602,0.09708952773847657,0.0001673303645691383,0.8560579750541208,0.8451415875718171,0.12021324130720012,2.934833561064724
path_b_only,30.58199496299494,0.19670055191888913,0.0,0.5,0.1,0.1,0.10177978128194809,0.006998005975271764,0.0877685546875,0.1175537109375,16384,0.475201950995915,1141109.0,1.502608,0.01193596,-0.9904328327697964,0.13591557471072127,0.023869652755138887,0.9928108,0.0001888894,0.6267710605471629,0.09708952773847657,0.0001673303645691383,0.8560579750541208,0.8451415875718171,0.17384831835361592,3.0031552209017596
path_b_only,30.702863040998636,0.18036975011760029,0.0,0.5,0.1,0.1,0.0997505933046341,0.006108636262914251,0.0863037109375,0.1116943359375,16384,0.464212548480344,1141270.0,1.453994,0.002695149,-0.9728241580866417,0.23148240194859443,0.005390271897239085,1.001099,0.0001800449,0.5933364752405451,0.09708952773847657,0.0001673303645691383,0.8560579750541208,0.8451415875718171,0.023281674584638257,2.9079269542877055
path_b_only,30.82312818599894,0.15275034328154707,0.0,0.5,0.1,0.1,0.12618938088417053,0.010104217470181259,0.105224609375,0.1451416015625,16384,0.6073961677327097,1141369.0,1.442679,-0.001180543,-0.967348426172307,0.25343923860606205,-0.0023610838062655937,0.992663,0.0001381888,0.43510917623525097,0.09708952773847657,0.0001673303645691383,0.8560579750541208,0.8451415875718171,-0.009315903550702664,2.885347361174849
path_b_only,30.941409692997695,0.11830292541876002,0.0,0.5,0.1,0.1,0.173056498169899,0.005537004501901662,0.160888671875,0.18359375,16384,0.8612127792814822,1141505.0,1.444169,0.00876564,-0.9679533099864619,0.25051761493688657,0.017530381986317043,0.9689616,6.098581e-05,0.14326114015848473,0.09708952773847657,0.0001673303645691383,0.8560579750541208,0.8451415875718171,0.06986275960295174,2.8877449313190855
path_b_only,31.064153699997405,0.079981690724858,0.0,0.5,0.1,0.1,0.19809455424547195,0.0010107528428215018,0.1947021484375,0.20166015625,16384,0.9968105058095713,1141617.0,1.505496,-0.009696306,-0.9912974201275825,0.13020521721339337,-0.01939139651526692,0.9403766,2.371345e-05,0.002361609376759593,0.09708952773847657,0.0001673303645691383,0.8560579750541208,0.8451415875718171,-0.14784282940583715,3.009568173055351
path_b_only,31.183870319997368,0.045394690898433156,0.0,0.5,0.1,0.1,0.1566307693719864,0.004182151553941357,0.146484375,0.166015625,16384,0.7722565330441056,1141704.0,-1.524505,-0.009822536,-0.9955251547258355,-0.09243260841655607,-0.01964380842436252,0.9828002,4.961078e-05,0.10026047184480547,0.09708952773847657,0.0001673303645691383,0.8560579750541208,0.8451415875718171,-2.9321878092772367,3.0469545361557033
path_b_only,31.30123510399426,0.018870838098644566,0.0,0.5,0.1,0.1,0.06860895454883575,0.00686295588887977,0.05322265625,0.079345703125,16384,0.29555986222947445,1141879.0,1.561881,0.004475392,-0.9998009864759709,0.017828994559168098,0.008950664482846668,0.9969258,0.0002162951,0.7303719667077796,0.09708952773847657,0.0001673303645691383,0.8560579750541208,0.8451415875718171,0.46526914063845837,3.1216417074747294
path_b_only,31.42281709999952,0.002925384940101569,0.0,0.5,0.1,0.1,0.01603611558675766,0.0013724231343527316,0.012451171875,0.02099609375,16384,0.010842972912339145,1141991.0,1.531016,0.006096263,-0.9967626275271244,0.07947083767764178,0.012192223916786425,1.003515,0.0002830839,0.9828515677170658,0.09708952773847657,0.0001673303645691383,0.8560579750541208,0.8451415875718171,0.15223064075802384,3.061105129763456
path_b_only,31.546347666997463,0.0010581764250726239,0.0,0.5,0.1,0.1,0.02212245762348175,0.0027014451533732722,0.015625,0.0301513671875,16384,0.04380456308376145,1142116.0,1.514245,0.006220506,-0.9935338163941086,0.11285293477397366,0.012440691068374655,0.9993036,0.0002790886,0.9677482607267862,0.09708952773847657,0.0001673303645691383,0.8560579750541208,0.8451415875718171,0.10979475625111323,3.027810719739351
path_b_only,31.667505068995524,0.013529455802701623,0.0,0.5,0.1,0.1,0.038541391491889954,0.006925188451945414,0.028076171875,0.056640625,16384,0.1327240102585457,1142241.0,1.506674,0.004758545,-0.99174300354724,0.12788761725674777,0.009516946332242898,1.000838,0.0002684044,0.927359115344575,0.09708952773847657,0.0001673303645691383,0.8560579750541208,0.8451415875718171,0.07427956662155566,3.0129972840187302
path_b_only,31.785012160995393,0.037478716038140986,0.0,0.5,0.1,0.1,0.036755673587322235,0.005751451666559255,0.02734375,0.0513916015625,16384,0.12305316011950011,1142366.0,1.505102,0.005733432,-0.9913157436978437,0.13100234001655056,0.011466612707296046,1.004132,0.0002767472,0.9588971399130697,0.09708952773847657,0.0001673303645691383,0.8560579750541208,0.8451415875718171,0.08730731740423492,3.009707439282438
path_b_only,31.90623833299469,0.07096802482272965,0.0,0.5,0.1,0.1,0.02037329226732254,0.0023691002570354,0.01513671875,0.0274658203125,16384,0.03433166930554681,1142491.0,1.519219,0.005369134,-0.9946269267279797,0.10296587133661815,0.010738061628860754,1.00241,0.0002869427,0.9974388680484784,0.09708952773847657,0.0001673303645691383,0.8560579750541208,0.8451415875718171,0.10391195520155527,3.037882559279635
path_b_only,32.03034249299526,0.10951794569057716,0.0,0.5,0.1,0.1,0.01527734100818634,0.0013108577238338998,0.01171875,0.02001953125,16384,0.006733703906349614,1142617.0,1.530528,0.005870647,-0.9966899714773771,0.08044407440238023,0.011741024230004551,1.003416,0.0002571118,0.8846700545685546,0.09708952773847657,0.0001673303645691383,0.8560579750541208,0.8451415875718171,0.14492930866148068,3.0602064608507025
path_b_only,32.15107746699505,0.14570039166566626,0.0,0.5,0.1,0.1,0.04990530014038086,0.005900796446796949,0.0390625,0.0638427734375,16384,0.19426713375652255,1142717.0,1.527446,0.01374007,-0.9958677149994952,0.08655937959598599,0.02747668148889592,1.009444,0.0001812412,0.5978588105226195,0.09708952773847657,0.0001673303645691383,0.8560579750541208,0.8451415875718171,0.3073713755044478,3.0506516385967157
path_b_only,32.272061086994654,0.17543773725161718,0.0,0.5,0.1,0.1,0.1371210515499115,0.0075831704474424114,0.1226806640625,0.14990234375,16384,0.6665984350714435,1142830.0,-1.508002,0.006156957,-0.9920488869316868,-0.1252492759403545,0.012313602804143765,0.9934998,6.550765e-05,0.16035490975799588,0.09708952773847657,0.0001673303645691383,0.8560579750541208,0.8451415875718171,3.043594806998742,3.015404919111828
path_b_only,32.39320214999316,0.19442407560006292,0.0,0.5,0.1,0.1,0.19678399711847305,0.0016211656459405993,0.1915283203125,0.20166015625,16384,0.98971296731178,1142944.0,1.454565,-0.009664468,-0.9729202398528284,0.23033159931518898,-0.019327732449047126,0.954866,2.506093e-05,0.007455445660208221,0.09708952773847657,0.0001673303645691383,0.8560579750541208,0.8451415875718171,-0.08371651515411305,2.908342275749831
path_b_only,32.515343461993325,0.1998838464785643,0.0,0.5,0.1,0.1,0.17554999887943268,0.005534014807900502,0.1619873046875,0.1859130859375,16384,0.8747167440576777,1143032.0,1.411841,-0.0214007,-0.9490206363570559,0.3122963181748364,-0.04278833278932442,0.9466296,4.807138e-05,0.09444112641872061,0.09708952773847657,0.0001673303645691383,0.8560579750541208,0.8451415875718171,-0.13616415348647593,2.8209105692293117
path_b_only,32.634418312998605,0.19121537654670334,0.0,0.5,0.1,0.1,0.12570761144161224,0.005746399012827735,0.111572265625,0.13623046875,16384,0.6047870657750964,1143208.0,1.500038,0.007649627,-0.9898873574945926,0.1410282615695403,0.015298657164796331,0.9932222,0.0001696117,0.5538961772676801,0.09708952773847657,0.0001673303645691383,0.8560579750541208,0.8451415875718171,0.10805683058835136,2.9992569035121486
path_b_only,32.75215724899317,0.1702298376709514,0.0,0.5,0.1,0.1,0.10181643068790436,0.007272347575072175,0.0870361328125,0.118408203125,16384,0.47540043190478726,1143308.0,1.483333,0.002226045,-0.9847295471683809,0.17403418617945662,0.004452075292457076,1.009136,0.0002014171,0.6741291310255071,0.09708952773847657,0.0001673303645691383,0.8560579750541208,0.8451415875718171,0.025576035359366145,2.966609932566472
path_b_only,32.875241305999225,0.1381982943111335,0.0,0.5,0.1,0.1,0.1057763323187828,0.004159730772835174,0.0963134765625,0.11376953125,16384,0.49684593297728624,1143445.0,1.496187,0.004035433,-0.9888553317115214,0.14866067227768207,0.008070778379092768,0.9957134,0.0001784697,0.5873817961999002,0.09708952773847657,0.0001673303645691383,0.8560579750541208,0.8451415875718171,0.054236692095225525,2.992157512907876
path_b_only,32.99791939199349,0.10065363762837624,0.0,0.5,0.1,0.1,0.13644219189882278,0.00683400643131837,0.123779296875,0.1517333984375,16384,0.6629219585494068,1143495.0,1.442391,0.005384796,-0.967148890994908,0.2539823675366238,0.010769383817613451,1.011419,0.0001572905,0.5073187322476225,0.09708952773847657,0.0001673303645691383,0.8560579750541208,0.8451415875718171,0.04237670768063895,2.8845612647978727
path_b_only,33.115405073993315,0.06453350177511491,0.0,0.5,0.1,0.1,0.18133527785539627,0.004868165971674697,0.170166015625,0.1905517578125,16384,0.9060478775172254,1143683.0,1.408405,-0.003268948,-0.9476998500075836,0.3190959899787404,-0.006537849424036791,0.9623074,4.406806e-05,0.07930750167456448,0.09708952773847657,0.0001673303645691383,0.8560579750541208,0.8451415875718171,-0.020485794334138774,2.8167465322636076
path_b_only,33.2341109869958,0.03290558367348739,0.0,0.5,0.1,0.1,0.19589892774820328,0.00221426658764715,0.1890869140625,0.2008056640625,16384,0.9849197280097356,1143770.0,1.493525,-0.01491689,-0.9876423418460416,0.15385972246845941,-0.029829354582276816,0.9383936,2.391412e-05,0.0031201958693232224,0.09708952773847657,0.0001673303645691383,0.8560579750541208,0.8451415875718171,-0.19149801263398158,2.9842192484996475
path_b_only,33.35410615999717,0.010321134813688806,0.0,0.5,0.1,0.1,0.14117247611284256,0.006565944424007003,0.126708984375,0.1539306640625,16384,0.6885395936931572,1143857.0,-1.544426,-0.005336848,-0.9985526499348355,-0.05271320373744548,-0.010673493329395007,0.982947,4.991308e-05,0.10140324703144016,0.09708952773847657,0.0001673303645691383,0.8560579750541208,0.8451415875718171,-2.9418113628748523,3.0877837447174636
path_b_only,33.47577270599868,0.0002895142202811313,0.0,0.5,0.1,0.1,0.06047317385673523,0.005583620648508667,0.049072265625,0.0751953125,16384,0.2514991986519922,1144032.0,1.543794,0.002552891,-0.9985290876033384,0.05397770305175467,0.005105759816248723,1.008161,0.0002212347,0.7490449813022246,0.09708952773847657,0.0001673303645691383,0.8560579750541208,0.8451415875718171,0.09430956061670903,3.087347411671566
path_b_only,33.59600021299411,0.004513565401619332,0.0,0.5,0.1,0.1,0.01734362542629242,0.0028080732232645144,0.012451171875,0.0262451171875,16384,0.017924008321752928,1144169.0,1.52986,0.00590657,-0.99658076544,0.08177551081876583,0.01181286524742456,1.000909,0.0002820833,0.9790690309927965,0.09708952773847657,0.0001673303645691383,0.8560579750541208,0.8451415875718171,0.1434624094422121,3.058874035780857
path_b_only,33.71514834399568,0.0219861063243013,0.0,0.5,0.1,0.1,0.02087419480085373,0.0018720859947133886,0.0147705078125,0.026123046875,16384,0.03704438967624895,1144295.0,1.514182,0.005841609,-0.9935286708836325,0.1129791518811499,0.01168295221331118,0.9999734,0.0002811986,0.9757246273949939,0.09708952773847657,0.0001673303645691383,0.8560579750541208,0.8451415875718171,0.10304179463880025,3.0277654084359598
path_b_only,33.83964729599393,0.051727562819577216,0.0,0.5,0.1,0.1,0.03089679777622223,0.0038402564114877634,0.0245361328125,0.042724609375,16384,0.09132345084823454,1144420.0,1.509435,0.005850759,-0.9924110745413577,0.12240645348012696,0.011701250962415227,1.00266,0.0002780993,0.96400844103728,0.09708952773847657,0.0001673303645691383,0.8560579750541208,0.8451415875718171,0.095303820851242,3.0183161873633773
path_b_only,33.95824351499323,0.08691940543685876,0.0,0.5,0.1,0.1,0.02957308292388916,0.004420737245960367,0.021484375,0.041015625,16384,0.08415465451652003,1144520.0,1.51196,0.006039361,-0.9930121161691173,0.11739271149099634,0.012078428296894279,1.001909,0.0002824663,0.9805168738524758,0.09708952773847657,0.0001673303645691383,0.8560579750541208,0.8451415875718171,0.10252830374017163,3.0233045523240665
path_b_only,34.07634751499427,0.12375596353508744,0.0,0.5,0.1,0.1,0.01659347116947174,0.0014919691436733602,0.011962890625,0.021484375,16384,0.013861424091442443,1144644.0,1.524499,0.005574569,-0.9956542923337393,0.09245664946128763,0.01114890702236859,1.002354,0.0002861545,0.9944592603670179,0.09708952773847657,0.0001673303645691383,0.8560579750541208,0.8451415875718171,0.12000581560623713,3.0483310982941463
path_b_only,34.19916819899663,0.15856691408266094,0.0,0.5,0.1,0.1,0.020012669265270233,0.0025669088453425656,0.013427734375,0.0272216796875,16384,0.03237865589809888,1144769.0,1.522476,0.0065709,-0.9952479759827685,0.09648196379268079,0.013141421723327638,1.006017,0.0002517931,0.8645639401618266,0.09708952773847657,0.0001673303645691383,0.8560579750541208,0.8451415875718171,0.1353729456178363,3.0440652993156423
path_b_only,34.322176823996415,0.18479725089979346,0.0,0.5,0.1,0.1,0.07025104761123657,0.0056304136751827594,0.0589599609375,0.08251953125,16384,0.304452888322915,1144894.0,-1.570472,0.002454549,-0.9999877400294147,-0.0006486457282920132,0.004909078282432681,0.9965616,0.0001392847,0.43925197255358694,0.09708952773847657,0.0001673303645691383,0.8560579750541208,0.8451415875718171,1.7021672037120403,3.1366408871097335
path_b_only,34.44419603099959,0.19846719356860054,0.0,0.5,0.1,0.1,0.1600409597158432,0.008539960021782386,0.1435546875,0.17333984375,16384,0.7907249818829176,1144982.0,-1.503373,-0.0103165,-0.9907110379883962,-0.13440974268343528,-0.020631536048666042,0.9929756,5.529472e-05,0.12174729154153188,0.09708952773847657,0.0001673303645691383,0.8560579750541208,0.8451415875718171,-2.9892841058114703,3.005186066190815
path_b_only,34.56591939499776,0.1978633003143181,0.0,0.5,0.1,0.1,0.1979604810476303,0.0011431322836671634,0.19384765625,0.2017822265625,16384,0.9960844102708121,1145095.0,1.485921,-0.03612781,-0.9830551232037634,0.16849578523731198,-0.07219276348842132,0.925588,2.565682e-05,0.009708069894292726,0.09708952773847657,0.0001673303645691383,0.8560579750541208,0.8451415875718171,-0.4047929277825655,2.9572400076757024
path_b_only,34.68975020799553,0.18275214115275912,0.0,0.5,0.1,0.1,0.16465337574481964,0.006000027311084929,0.151611328125,0.1776123046875,16384,0.8157042824102095,1145270.0,1.443559,-0.02134854,-0.9669136469540375,0.2515075868636885,-0.04268410809712646,0.994488,0.00011813,0.359281525181106,0.09708952773847657,0.0001673303645691383,0.8560579750541208,0.8451415875718171,-0.16811120914919764,2.883637497536313
path_b_only,34.81196650399943,0.1556963017666821,0.0,0.5,0.1,0.1,0.1157556027173996,0.004814407001739587,0.102294921875,0.12548828125,16384,0.5508903194255472,1145382.0,1.489395,0.004610961,-0.986734933596068,0.16207754127756346,0.00922179128927104,0.988095,0.0001809068,0.5965946887151082,0.09708952773847657,0.0001673303645691383,0.8560579750541208,0.8451415875718171,0.05683612437383756,2.9785313302416645
path_b_only,34.931164046996855,0.12145729006784689,0.0,0.5,0.1,0.1,0.09401209652423859,0.008412506584323352,0.0760498046875,0.108642578125,16384,0.4331347717247624,1145522.0,1.487243,0.0003796413,-0.9860698597436399,0.16632995880238274,0.0007592825270443251,1.004393,0.0002034132,0.6816749251043742,0.09708952773847657,0.0001673303645691383,0.8560579750541208,0.8451415875718171,0.004564885715607758,2.9744842911187566
path_b_only,35.056242704995384,0.0824226281133853,0.0,0.5,0.1,0.1,0.10102249681949615,0.004485934628925508,0.087890625,0.11279296875,16384,0.4711007519597922,1145600.0,1.483286,-0.01004818,-0.9845241025107148,0.17409331479387702,-0.020095007328980074,1.000554,0.0001819119,0.6003942366479118,0.09708952773847657,0.0001673303645691383,0.8560579750541208,0.8451415875718171,-0.11491808310388896,2.965433746453095
path_b_only,35.177374323997356,0.04711560514471981,0.0,0.5,0.1,0.1,0.14755002409219742,0.004670365894073416,0.1370849609375,0.1571044921875,16384,0.7230782577257856,1145741.0,1.441288,-0.009212488,-0.96647823699787,0.25608665736943,-0.018423933533349462,1.014511,0.0001137107,0.3425753843200584,0.09708952773847657,0.0001673303645691383,0.8560579750541208,0.8451415875718171,-0.07182039432431964,2.881936187509289
path_b_only,35.29912622199481,0.019259955428783615,0.0,0.5,0.1,0.1,0.19039064645767212,0.002489293868583753,0.1829833984375,0.19677734375,16384,0.9550887212487149,1145818.0,1.424211,0.002391615,-0.9573214534311781,0.28898573612839507,0.004783211760537092,0.9938294,6.154148e-05,0.1453617219909601,0.09708952773847657,0.0001673303645691383,0.8560579750541208,0.8451415875718171,0.01655021141963786,2.848384106403037
path_b_only,35.41942140699393,0.003187048323131686,0.0,0.5,0.1,0.1,0.18811411410570145,0.003052735981714732,0.1812744140625,0.1956787109375,16384,0.9427597844349649,1145932.0,1.514112,-0.01213748,-0.993287922882975,0.11309263596960793,-0.024272575971062707,0.9327258,2.360272e-05,0.0019430202387640363,0.09708952773847657,0.0001673303645691383,0.8560579750541208,0.8451415875718171,-0.21141828395796747,3.0256650964779968
path_b_only,35.54423832499742,0.0009642018265842572,0.0,0.5,0.1,0.1,0.12370841950178146,0.005515126646897362,0.110595703125,0.1336669921875,16384,0.5939601117529427,1146106.0,1.554287,-0.005816672,-0.9993873040805532,0.033010420400699104,-0.01163308160260318,0.9867066,0.0001175941,0.3572556792581238,0.09708952773847657,0.0001673303645691383,0.8560579750541208,0.8451415875718171,-0.33881694610811053,3.106585268776889
path_b_only,35.663644567997835,0.01292665974684229,0.0,0.5,0.1,0.1,0.047371357679367065,0.006167634570966176,0.0347900390625,0.060546875,16384,0.18054414999814392,1146192.0,-1.564947,-0.000165297,-0.9999315168900599,-0.011698386108991153,-0.0003305939939780985,0.9984678,0.0002125172,0.7160904901031245,0.09708952773847657,0.0001673303645691383,0.8560579750541208,0.8451415875718171,-3.1133403778349726,3.129889329992597
path_b_only,35.78330753399496,0.03706166225507333,0.0,0.5,0.1,0.1,0.014563985168933868,0.0009389256952014973,0.0118408203125,0.018798828125,16384,0.0028704075818980893,1146353.0,1.526131,0.005606236,-0.995950061320491,0.0892062839475872,0.011212237063694895,1.002754,0.0002862911,0.9949756450527418,0.09708952773847657,0.0001673303645691383,0.8560579750541208,0.8451415875718171,0.1250332093540285,3.051562932909437
path_b_only,35.90508629499527,0.07062188046149985,0.0,0.5,0.1,0.1,0.024487614631652832,0.003160179076743082,0.0174560546875,0.033935546875,16384,0.0566134613553353,1146477.0,1.506782,0.006499436,-0.991731727956104,0.127668393147023,0.012998505931733817,1.00523,0.0002826294,0.9811334356551226,0.09708952773847657,0.0001673303645691383,0.8560579750541208,0.8451415875718171,0.10146495800900901,3.0129093890441547
path_b_only,36.02705386699381,0.10848899406517604,0.0,0.5,0.1,0.1,0.03107314556837082,0.006665763312107198,0.01806640625,0.0472412109375,16384,0.09227849143211299,1146601.0,1.513977,0.005236761,-0.9934955806748536,0.11338800874592266,0.010473330519472374,1.001001,0.0002785287,0.9656316883582888,0.09708952773847657,0.0001673303645691383,0.8560579750541208,0.8451415875718171,0.09210583281579288,3.027474444469861
path_b_only,36.14823417799926,0.14490406865683028,0.0,0.5,0.1,0.1,0.023450016975402832,0.0024535984346027106,0.0177001953125,0.0338134765625,16384,0.050994179937732115,1146725.0,1.515226,0.004956476,-0.9937814025897995,0.11090653933844641,0.00991278964875418,1.002929,0.0002859045,0.9935141932262349,0.09708952773847657,0.0001673303645691383,0.8560579750541208,0.8451415875718171,0.08914279235702338,3.0300126080751117
path_b_only,36.26841137500014,0.17468012577799974,0.0,0.5,0.1,0.1,0.015003770589828491,0.0009166223700124864,0.01220703125,0.0186767578125,16384,0.005252138138516191,1146849.0,1.523746,0.004516726,-0.9955351787727125,0.09395800546318547,0.009033329140653386,1.003461,0.0002737889,0.9477139714227574,0.09708952773847657,0.0001673303645691383,0.8560579750541208,0.8451415875718171,0.09584760539454606,3.0470606735319317
path_b_only,36.389025517994014,0.19398393405462264,0.0,0.5,0.1,0.1,0.03426241874694824,0.004425200554028504,0.02587890625,0.0455322265625,16384,0.1095505268883326,1146973.0,-1.558322,0.005552018,-0.9996271684954509,-0.024944527612152344,0.011103807814178569,1.00385,0.0002071121,0.6956577604925418,0.09708952773847657,0.0001673303645691383,0.8560579750541208,0.8451415875718171,2.7227876227016257,3.1142849743008263
path_b_only,36.507109532998584,0.19997505785246414,0.0,0.5,0.1,0.1,0.09773502498865128,0.008158916366505316,0.08447265625,0.11767578125,16384,0.4532969054893549,1147048.0,-1.530569,0.003566735,-0.9967399089893005,-0.08036584036078967,0.007133409500726142,1.002254,0.0001316233,0.4102898229840102,0.09708952773847657,0.0001673303645691383,0.8560579750541208,0.8451415875718171,3.053062953987226,3.060823056366191
path_b_only,36.62750087099994,0.1920844413167917,0.0,0.5,0.1,0.1,0.17693989723920822,0.0062729406034509935,0.1650390625,0.1900634765625,16384,0.8822439681010231,1147135.0,-1.516517,-0.007258677,-0.9940085393785909,-0.10833413534316703,-0.014516844074683252,1.019177,6.068451e-05,0.14212214524041317,0.09708952773847657,0.0001673303645691383,0.8560579750541208,0.8451415875718171,-3.0083855225593243,3.032071394171148
path_b_only,36.745376085993485,0.17173035694871125,0.0,0.5,0.1,0.1,0.1959187164902687,0.0016984305564441,0.1907958984375,0.2015380859375,16384,0.9850268972095658,1147310.0,1.420526,-0.01576118,-0.9547020547556292,0.2958896019486501,-0.03151713984562808,0.9554538,4.349238e-05,0.07713127666814086,0.09708952773847657,0.0001673303645691383,0.8560579750541208,0.8451415875718171,-0.1061164335411986,2.839453211178795
path_b_only,36.870103267996456,0.13968501262967287,0.0,0.5,0.1,0.1,0.14855461567640305,0.007300705968261352,0.1319580078125,0.1607666015625,16384,0.7285187893108407,1147398.0,1.488703,-0.01552883,-0.9860758582296745,0.16337115311190828,-0.031052667316936667,0.9732304,0.0001044988,0.3077519283433461,0.09708952773847657,0.0001673303645691383,0.8560579750541208,0.8451415875718171,-0.1878337143543778,2.9745203583728856
path_b_only,36.991453928996634,0.10268450484914507,0.0,0.5,0.1,0.1,0.10924329608678818,0.007262150140878616,0.093994140625,0.126953125,16384,0.5156218476680208,1147562.0,1.482931,-0.000119912,-0.9845990350152105,0.1748275800083226,-0.00023982399770106509,1.000338,0.0001857174,0.6147800486649093,0.09708952773847657,0.0001673303645691383,0.8560579750541208,0.8451415875718171,-0.001371773534009968,2.9658618380412007
path_b_only,37.108743759999925,0.06649779828680774,0.0,0.5,0.1,0.1,0.09891568124294281,0.005073046021202147,0.0892333984375,0.112548828125,16384,0.45969094436401375,1147613.0,1.482218,0.00341438,-0.9843258072308915,0.17622733607746077,0.006828706927042978,1.003215,0.0001931782,0.6429838763607219,0.09708952773847657,0.0001673303645691383,0.8560579750541208,0.8451415875718171,0.03873004238259403,2.964305815361383
path_b_only,37.22690945999784,0.034600218230367616,0.0,0.5,0.1,0.1,0.1134047880768776,0.005313244998776233,0.10009765625,0.124267578125,16384,0.5381590946139407,1147753.0,1.481062,0.002457611,-0.9839267949572554,0.17850463005869627,0.004915202208548856,1.002921,0.0001738991,0.5701037007052506,0.09708952773847657,0.0001673303645691383,0.8560579750541208,0.8451415875718171,0.02752847663518887,2.962057428393965
path_b_only,37.34742466899479,0.011269567167846772,0.0,0.5,0.1,0.1,0.15804941952228546,0.008741328823130202,0.14013671875,0.1766357421875,16384,0.7799394671560297,1147915.0,1.497658,0.01735477,-0.9887247495130076,0.14566777703040795,0.03470257102088605,0.9857768,9.164064e-05,0.25914463031562934,0.09708952773847657,0.0001673303645691383,0.8560579750541208,0.8451415875718171,0.23387159591581907,2.991282953485558
path_b_only,37.47279189699475,0.0003650915965469903,0.0,0.5,0.1,0.1,0.19454674422740936,0.003374470921484581,0.1834716796875,0.20068359375,16384,0.9775967549037172,1147990.0,1.501986,0.001094681,-0.9905428403677525,0.13718632620591864,0.002189360250953429,0.9507578,4.501979e-05,0.08290529667415374,0.09708952773847657,0.0001673303645691383,0.8560579750541208,0.8451415875718171,0.015957672095452846,3.0039546962476726
path_b_only,37.590155245998176,0.003984249798544157,0.0,0.5,0.1,0.1,0.1762610301375389,0.007017729699818285,0.160400390625,0.189453125,16384,0.8785674512291372,1148164.0,1.567732,-0.0157106,-0.9994876238396697,0.0061255901071854595,-0.031416029939657385,0.9641506,4.874841e-05,0.09700048164401764,0.09708952773847657,0.0001673303645691383,0.8560579750541208,0.8451415875718171,-1.378229477501334,3.1095795337418988
path_b_only,37.71216839599947,0.021403854516036852,0.0,0.5,0.1,0.1,0.09911240637302399,0.003928883903025912,0.091552734375,0.109619140625,16384,0.46075634178581976,1148251.0,-1.556643,-0.01082684,-0.999365055578152,-0.0282962384523492,-0.021651987870054103,0.9758978,0.0001198103,0.3656335104477361,0.09708952773847657,0.0001673303645691383,0.8560579750541208,0.8451415875718171,-2.4884408549180246,3.1059552680058213
path_b_only,37.83240898499935,0.04974872380987647,0.0,0.5,0.1,0.1,0.032471708953380585,0.0035309945643388608,0.0260009765625,0.0423583984375,16384,0.09985264235023346,1148339.0,1.565137,0.001604009,-0.9999307993685924,0.011318353674616335,0.003208012497514391,1.005077,0.0002248476,0.762702713593963,0.09708952773847657,0.0001673303645691383,0.8560579750541208,0.8451415875718171,0.2761907133362018,3.129828179139692
path_b_only,37.95428754299792,0.08568832027144896,0.0,0.5,0.1,0.1,0.014744512736797333,0.0008892183350312807,0.01171875,0.018310546875,16384,0.0038480844312527335,1148525.0,1.520057,0.005507866,-0.994795098115679,0.10129842704481541,0.011015509214870503,1.002876,0.000286281,0.9949374643402541,0.09708952773847657,0.0001673303645691383,0.8560579750541208,0.8451415875718171,0.10831752570736475,3.039519901799416
path_b_only,38.07431943199481,0.12313658393902233,0.0,0.5,0.1,0.1,0.02407919615507126,0.004109698415144697,0.0159912109375,0.0347900390625,16384,0.054401603664411914,1148650.0,1.507187,0.007247193,-0.991814422513027,0.12686244038893327,0.0144938784911077,1.004033,0.0002807482,0.9740219944341594,0.09708952773847657,0.0001673303645691383,0.8560579750541208,0.8451415875718171,0.11375554460501025,3.013555399579376
path_b_only,38.19050664399401,0.15633991038540762,0.0,0.5,0.1,0.1,0.028208717703819275,0.004309403764384008,0.0191650390625,0.0394287109375,16384,0.07676570940684108,1148749.0,1.511906,0.004946529,-0.9930232765904854,0.11750277760920579,0.009892896624243934,0.9995544,0.0002780635,0.9638731074227199,0.09708952773847657,0.0001673303645691383,0.8560579750541208,0.8451415875718171,0.08399478439247066,3.023399159849716
path_b_only,38.306648070996744,0.18211158666344204,0.0,0.5,0.1,0.1,0.019451208412647247,0.0023229996720555515,0.0145263671875,0.0257568359375,16384,0.02933797195201273,1148874.0,1.518476,0.005679715,-0.9944659958881197,0.1044430558839708,0.011359185704444117,1.002314,0.0002868218,0.9969818335791957,0.09708952773847657,0.0001673303645691383,0.8560579750541208,0.8451415875718171,0.10833379839554924,3.0363394744643992
path_b_only,38.42815043699375,0.19746327569443478,0.0,0.5,0.1,0.1,0.015605241060256958,0.0015361649993028373,0.0120849609375,0.021484375,16384,0.008509500775524105,1148999.0,1.529852,0.006765097,-0.9965577724616478,0.08178967641090347,0.013529781183691992,0.995934,0.0002614277,0.9009853156601747,0.09708952773847657,0.0001673303645691383,0.8560579750541208,0.8451415875718171,0.16393704153043753,3.058596217824866
path_b_only,38.55000365899468,0.19876865423046297,0.0,0.5,0.1,0.1,0.04315941780805588,0.0064488064510095176,0.0308837890625,0.055419921875,16384,0.15773369422238578,1149124.0,1.533722,0.006556164,-0.9971665187355933,0.07407435872554685,0.013111952262596947,1.006232,0.000192225,0.6393805243663447,0.09708952773847657,0.0001673303645691383,0.8560579750541208,0.8451415875718171,0.17519592629056557,3.066295636662542
path_b_only,38.66646532399318,0.18663414988457763,0.0,0.5,0.1,0.1,0.1110835149884224,0.009288109119973721,0.09716796875,0.1329345703125,16384,0.5255878569549421,1149236.0,-1.498542,0.01844732,-0.9889033455454561,-0.14390822155500269,0.03688627031675177,1.012692,8.839242e-05,0.24686548636349392,0.09708952773847657,0.0001673303645691383,0.8560579750541208,0.8451415875718171,2.890676515796839,2.992480360172978
path_b_only,38.78436467699794,0.16267990913062366,0.0,0.5,0.1,0.1,0.18410760909318924,0.0034618834383289506,0.1754150390625,0.192626953125,16384,0.9210618950548839,1149286.0,-1.546079,0.01916599,-0.9980446733313095,-0.04937822250068468,0.038322593566624985,0.9561696,4.086629e-05,0.06720395119718647,0.09708952773847657,0.0001673303645691383,0.8560579750541208,0.8451415875718171,2.481593759542868,3.0790472425955246
path_b_only,38.90502071299852,0.1293978129434105,0.0,0.5,0.1,0.1,0.1928151249885559,0.0029952743524388693,0.182373046875,0.199462890625,16384,0.9682188850206833,1149460.0,1.423742,-0.01683013,-0.9565187820321178,0.28972268526665124,-0.033653904107469594,0.9342874,4.459482e-05,0.08129879594287967,0.09708952773847657,0.0001673303645691383,0.8560579750541208,0.8451415875718171,-0.11564077095679393,2.8456195934424087
path_b_only,39.028138638997916,0.09117149485343089,0.0,0.5,0.1,0.1,0.1429183930158615,0.006196753208624604,0.1318359375,0.1563720703125,16384,0.6979948949370623,1149547.0,1.488239,-0.006542379,-0.9863150767777936,0.16435135594125813,-0.013084384627681665,0.9840038,0.0001095564,0.3268710146282406,0.09708952773847657,0.0001673303645691383,0.8560579750541208,0.8451415875718171,-0.07944471017472976,2.975965056341641
path_b_only,39.14794438599347,0.0551772959646587,0.0,0.5,0.1,0.1,0.10379377007484436,0.010535437157941257,0.081787109375,0.122802734375,16384,0.4861090398188453,1149734.0,1.472732,-0.002060979,-0.9808200170538893,0.19487201878381666,-0.004121946327629413,1.004087,0.000191747,0.6375735559931679,0.09708952773847657,0.0001673303645691383,0.8560579750541208,0.8451415875718171,-0.021148914990316126,2.945421246701561
path_b_only,39.2722187229956,0.024529763197463084,0.0,0.5,0.1,0.1,0.09895647317171097,0.007982408432428785,0.0848388671875,0.1151123046875,16384,0.45991185978911553,1149784.0,1.466183,0.007968518,-0.9780676115499181,0.2076771042347608,0.01593636136961871,1.012315,0.0001981963,0.6619536420373727,0.09708952773847657,0.0001673303645691383,0.8560579750541208,0.8451415875718171,0.0765861567508912,2.931768764164388
path_b_only,39.391949869997916,0.005706189090100497,0.0,0.5,0.1,0.1,0.1263420283794403,0.00683320534429857,0.1114501953125,0.14111328125,16384,0.6082228554458577,1149958.0,1.483893,0.0006533786,-0.9849327680708655,0.17293274636937594,0.0013067568280938008,1.009365,0.0001542825,0.4959476844097226,0.09708952773847657,0.0001673303645691383,0.8560579750541208,0.8451415875718171,0.007556301420642342,2.9677811372372678
path_b_only,39.513308858993696,8.739531022160241e-05,0.0,0.5,0.1,0.1,0.16179202497005463,0.006540345953472328,0.1488037109375,0.17578125,16384,0.8002081648727124,1150082.0,1.451173,0.0003030193,-0.9715165932126172,0.23697076155047112,0.0006060385629020766,1.00599,8.368185e-05,0.22905826667806292,0.09708952773847657,0.0001673303645691383,0.8560579750541208,0.8451415875718171,0.0025574346711669804,2.9023452471207083
path_b_only,39.6308596509989,0.008332128658389781,0.0,0.5,0.1,0.1,0.1966639831662178,0.001866468453388561,0.1904296875,0.201416015625,16384,0.9890630119387134,1150132.0,1.454283,0.005805803,-0.9729063355018772,0.23090785825942675,0.011611345070792523,0.95851,4.78878e-05,0.09374714471590091,0.09708952773847657,0.0001673303645691383,0.8560579750541208,0.8451415875718171,0.050243300489386744,2.9082821281117286
path_b_only,39.74813375699887,0.0288759646149577,0.0,0.5,0.1,0.1,0.17251864075660706,0.006016274478382703,0.157958984375,0.185302734375,16384,0.858299923658085,1150319.0,-1.567083,-0.0008961572,-0.9999708163842529,-0.007426573391696805,-0.0017923134403977402,1.011474,6.715924e-05,0.16659836351417848,0.09708952773847657,0.0001673303645691383,0.8560579750541208,0.8451415875718171,-2.9047830471477623,3.1339527900183084
path_b_only,39.87436691699986,0.061547983198318446,0.0,0.5,0.1,0.1,0.0895022377371788,0.004647923942450705,0.08056640625,0.101318359375,16384,0.4087108868735484,1150456.0,1.546502,-0.003160593,-0.9987998485371902,0.048568567014419986,-0.006321143903732482,1.00138,0.000201664,0.6750624793337443,0.09708952773847657,0.0001673303645691383,0.8560579750541208,0.8451415875718171,-0.12942139290394516,3.0925948658793794
path_b_only,39.99508936799975,0.09845734065186426,0.0,0.5,0.1,0.1,0.02066836506128311,0.001734469780989566,0.01611328125,0.0267333984375,16384,0.035929684738557184,1150569.0,1.529743,0.006327338,-0.9965513423518175,0.08200786413694856,0.012654338247662657,1.005043,0.0002798128,0.970485931220206,0.09708952773847657,0.0001673303645691383,0.8560579750541208,0.8451415875718171,0.15309890142778704,3.0585186904037047
path_b_only,40.12285220799822,0.13764409025172353,0.0,0.5,0.1,0.1,0.01740691065788269,0.002267189456694181,0.01220703125,0.024169921875,16384,0.018266739941993057,1150693.0,1.516122,0.005764188,-0.9939613367049808,0.10912361600552851,0.011528120641533548,1.000897,0.0002843103,0.9874876890828906,0.09708952773847657,0.0001673303645691383,0.8560579750541208,0.8451415875718171,0.10525237198936299,3.0316403850677642
path_b_only,40.244085611993796,0.16938470136040476,0.0,0.5,0.1,0.1,0.024446651339530945,0.0030202012314950745,0.0172119140625,0.031982421875,16384,0.05639161788369882,1150817.0,1.505893,0.005717192,-0.9915221175979649,0.12943396337355043,0.011434134836610876,1.001755,0.0002762039,0.9568433200027203,0.09708952773847657,0.0001673303645691383,0.8560579750541208,0.8451415875718171,0.08811079819759637,3.0112861791561714
path_b_only,40.363356981994,0.19092670338937948,0.0,0.5,0.1,0.1,0.027092978358268738,0.0035345786695765553,0.0203857421875,0.03759765625,16384,0.07072323876942643,1150942.0,1.511444,0.004923614,-0.9929147292878587,0.11842033439469528,0.00984706885660277,1.000985,0.0002804007,0.9727083511084712,0.09708952773847657,0.0001673303645691383,0.8560579750541208,0.8451415875718171,0.08296266615689607,3.0224821721021815
path_b_only,40.482758182995894,0.19985333394061755,0.0,0.5,0.1,0.1,0.01748806983232498,0.0021721828901579464,0.012939453125,0.0245361328125,16384,0.018706270850784645,1151043.0,1.519833,0.005363175,-0.9947527460869227,0.10174440515652612,0.010726144315226496,1.001571,0.0002855044,0.992001707774126,0.09708952773847657,0.0001673303645691383,0.8560579750541208,0.8451415875718171,0.10503448109490376,3.039105100289934
path_b_only,40.60006582299684,0.1950992594632575,0.0,0.5,0.1,0.1,0.017140179872512817,0.002159187341844376,0.0126953125,0.02392578125,16384,0.016822215335847934,1151172.0,1.528381,0.006468643,-0.9963206527454148,0.08472185598559896,0.012936925110162825,1.000153,0.0002613274,0.9006061547232924,0.09708952773847657,0.0001673303645691383,0.8560579750541208,0.8451415875718171,0.15152830283204066,3.0557834963045747
path_b_only,40.71808057399903,0.17743429124698468,0.0,0.5,0.1,0.1,0.04988875985145569,0.005737429005874037,0.03759765625,0.0615234375,16384,0.19417755709100182,1151301.0,1.565903,0.01018565,-0.999744633268096,0.00978446678685027,0.020369891048733643,1.00285,0.000173112,0.5671282513192097,0.09708952773847657,0.0001673303645691383,0.8560579750541208,0.8451415875718171,1.1230003218292186,3.1189927597254945
path_b_only,40.84328734699375,0.1472678082152327,0.0,0.5,0.1,0.1,0.1305779069662094,0.005710439514979653,0.1209716796875,0.14599609375,16384,0.631162955287525,1151416.0,-1.530932,0.008993576,-0.9966621035823213,-0.079631328862997,0.017986182095580876,0.9907334,6.023994e-05,0.14044155124530175,0.09708952773847657,0.0001673303645691383,0.8560579750541208,0.8451415875718171,2.9194520334646317,3.059864384334536
path_b_only,40.96336454299308,0.11148397516901234,0.0,0.5,0.1,0.1,0.19402627646923065,0.002538335269446487,0.1861572265625,0.1998291015625,16384,0.9747780758286648,1151504.0,1.537804,-0.00828482,-0.9976868278994261,0.06592773006691506,-0.016568881803096777,0.928268,2.332935e-05,0.0009096082216607363,0.09708952773847657,0.0001673303645691383,0.8560579750541208,0.8451415875718171,-0.24621955513687777,3.0735623008745923
path_b_only,41.08393201599392,0.0739364683989597,0.0,0.5,0.1,0.1,0.1814664676785469,0.006167219574174577,0.1654052734375,0.192138671875,16384,0.9067583576642925,1151592.0,1.447579,-0.01321242,-0.969449774003861,0.24386271963486622,-0.02642176481897714,0.9452854,4.308649e-05,0.07559690346105134,0.09708952773847657,0.0001673303645691383,0.8560579750541208,0.8451415875718171,-0.1079258783157635,2.89377393540866
path_b_only,41.20186192999972,0.04074925457059985,0.0,0.5,0.1,0.1,0.1292121782898903,0.008778390689686302,0.111572265625,0.1500244140625,16384,0.6237666261554179,1151791.0,1.496997,0.001167886,-0.9891243812050067,0.14706292083628245,0.002335769876071095,1.005684,0.0001789106,0.5890485166093848,0.09708952773847657,0.0001673303645691383,0.8560579750541208,0.8451415875718171,0.01588145729048751,2.9939756535674498
path_b_only,41.32388532299956,0.014919477726319158,0.0,0.5,0.1,0.1,0.09792102873325348,0.005563811621361546,0.08837890625,0.11083984375,16384,0.4543042394779698,1151901.0,1.476293,0.0009474776,-0.9821895894488766,0.18788299424731122,0.001894954065915245,0.9976282,0.0001947777,0.6490304159274509,0.09708952773847657,0.0001673303645691383,0.8560579750541208,0.8451415875718171,0.010085478057625608,2.952576614336754
path_b_only,41.44441474499763,0.00152084532682642,0.0,0.5,0.1,0.1,0.09754642844200134,0.0073719710016263785,0.0814208984375,0.114501953125,16384,0.4522755297531719,1152024.0,1.464433,0.001027318,-0.9774568186578539,0.2111254274977676,0.002054634554382697,1.004824,0.0001806177,0.5955018130735069,0.09708952773847657,0.0001673303645691383,0.8560579750541208,0.8451415875718171,0.009731512299407719,2.928856227923626
path_b_only,41.56396153999958,0.002012082467902576,0.0,0.5,0.1,0.1,0.12698636204004288,0.004366906911005867,0.1165771484375,0.135009765625,16384,0.6117123507660822,1152098.0,1.461469,-0.006729184,-0.9761017543261599,0.2168968613596097,-0.013457961723208183,1.010999,0.0001563939,0.5039293434539187,0.09708952773847657,0.0001673303645691383,0.8560579750541208,0.8451415875718171,-0.06196830474490289,2.922530814453055
path_b_only,41.68118674699508,0.0157675647946543,0.0,0.5,0.1,0.1,0.16944807767868042,0.0045904636816304625,0.160888671875,0.1822509765625,16384,0.8416707823512987,1152260.0,1.392932,-0.004681542,-0.9373518778844773,0.3482582263870838,-0.009362947194485152,1.02827,6.148491e-05,0.14514787219834374,0.09708952773847657,0.0001673303645691383,0.8560579750541208,0.8451415875718171,-0.0268785963833289,2.7857460393916114
path_b_only,41.80010853499698,0.04124906346195452,0.0,0.5,0.1,0.1,0.198017455637455,0.0008264669577044824,0.1949462890625,0.2010498046875,16384,0.9963929655686665,1152372.0,1.517713,-0.01243702,-0.9940620110624148,0.10593454530998012,-0.024871475077191858,0.9386036,2.331242e-05,0.0008456082748869105,0.09708952773847657,0.0001673303645691383,0.8560579750541208,0.8451415875718171,-0.2306049179391998,3.0325616957881985
path_b_only,41.921342024994374,0.07553959504817367,0.0,0.5,0.1,0.1,0.15969350934028625,0.004945333388262591,0.148681640625,0.17333984375,16384,0.7888433070090917,1152459.0,-1.495581,-0.006129569,-0.9886323364983574,-0.14985267529750168,-0.012258830938556054,0.9845868,4.947713e-05,0.09975523895134293,0.09708952773847657,0.0001673303645691383,0.8560579750541208,0.8451415875718171,-3.0599685250876223,2.990667067128073
path_b_only,42.04239955499361,0.11328085831493423,0.0,0.5,0.1,0.1,0.07663475722074509,0.00796669361111678,0.0616455078125,0.0919189453125,16384,0.33902492168094245,1152546.0,-1.566521,-0.01030627,-0.9997510202690277,-0.008548732994478673,-0.020611080399317316,0.9919868,0.0001208994,0.3697506009398428,0.09708952773847657,0.0001673303645691383,0.8560579750541208,0.8451415875718171,-1.9639650970818707,3.119277185256105
path_b_only,42.163010519994714,0.14900199615647589,0.0,0.5,0.1,0.1,0.023199662566184998,0.0028946452715606715,0.01708984375,0.0323486328125,16384,0.04963834430042238,1152744.0,1.531728,0.007107738,-0.996848154599186,0.07804928267447579,0.014214997228179429,1.000112,0.0002758461,0.9554907399108317,0.09708952773847657,0.0001673303645691383,0.8560579750541208,0.8451415875718171,0.18015385213935264,3.0621759993911097
path_b_only,42.2851775139934,0.17807789691968207,0.0,0.5,0.1,0.1,0.017080850899219513,0.002438064254936603,0.0120849609375,0.0244140625,16384,0.016500909485603982,1152868.0,1.513855,0.005778543,-0.9934560261956844,0.11362906197451787,0.011556828728970554,1.003139,0.0002848353,0.9894723300785346,0.09708952773847657,0.0001673303645691383,0.8560579750541208,0.8451415875718171,0.10135809604289303,3.027127606076989
path_b_only,42.40684109599533,0.19574777391367593,0.0,0.5,0.1,0.1,0.02806490659713745,0.0037932957243879866,0.019775390625,0.03564453125,16384,0.07598687661500272,1152968.0,1.508247,0.00324507,-0.9921644664895374,0.12476998881833484,0.006490094437239323,1.000051,0.0002748812,0.9518431587742661,0.09708952773847657,0.0001673303645691383,0.8560579750541208,0.8451415875718171,0.05196963258746923,3.016326636308246
path_b_only,42.52424789199722,0.1997099935198336,0.0,0.5,0.1,0.1,0.02922668308019638,0.004026032990750917,0.0213623046875,0.041259765625,16384,0.08227866897145006,1153092.0,1.512933,0.004999087,-0.9932614939524018,0.11546274065240034,0.009998007425449235,1.000357,0.0002784556,0.9653553507263237,0.09708952773847657,0.0001673303645691383,0.8560579750541208,0.8451415875718171,0.08637531868012527,3.0254368307758472
path_b_only,42.643327726997086,0.19003264369116393,0.0,0.5,0.1,0.1,0.018837615847587585,0.0027804298722293027,0.013671875,0.027099609375,16384,0.02601496011013895,1153216.0,1.52,0.005814593,-0.9947766337840838,0.10141112861274304,0.011628923883860281,1.001801,0.0002856209,0.9924421090617308,0.09708952773847657,0.0001673303645691383,0.8560579750541208,0.8451415875718171,0.11417239020255954,3.0393388534692987
path_b_only,42.76119718999689,0.1681800558952815,0.0,0.5,0.1,0.1,0.01543356478214264,0.0011095539442005577,0.0115966796875,0.0198974609375,16384,0.007579759547177851,1153341.0,1.532271,0.006685717,-0.996943935609333,0.07696755589348629,0.013371035545420828,1.00316,0.0002590896,0.8921466697327164,0.09708952773847657,0.0001673303645691383,0.8560579750541208,0.8451415875718171,0.17200635489179605,3.063392624833831
path_b_only,42.88223606599786,0.1361584021575931,0.0,0.5,0.1,0.1,0.05196993798017502,0.005346015649341,0.0426025390625,0.063232421875,16384,0.20544852085522314,1153466.0,1.548541,0.01348581,-0.9986462125360617,0.0444797739226948,0.026968349952585638,1.007862,0.0001608102,0.5206241435092769,0.09708952773847657,0.0001673303645691383,0.8560579750541208,0.8451415875718171,0.5450433046804974,3.0895524185594083
path_b_only,43.002434691996314,0.09923512640918057,0.0,0.5,0.1,0.1,0.1430419683456421,0.009500632075521011,0.1263427734375,0.164306640625,16384,0.6986641375381104,1153554.0,-1.532553,0.007494191,-0.9969643263759419,-0.07640351537110335,0.01498782081231655,0.9841524,6.351488e-05,0.15282170397344405,0.09708952773847657,0.0001673303645691383,0.8560579750541208,0.8451415875718171,2.947885720334261,3.063654078361383
path_b_only,43.1240072149958,0.062019993624127356,0.0,0.5,0.1,0.1,0.19803864508867264,0.0008155297103697682,0.195068359375,0.201171875,16384,0.9965077205401714,1153642.0,1.554854,-0.004897196,-0.9994437872006294,0.031877722297915405,-0.009794235404559867,0.9426582,2.512892e-05,0.007712466119815539,0.09708952773847657,0.0001673303645691383,0.8560579750541208,0.8451415875718171,-0.29808924439016415,3.108238062627447
path_b_only,43.24484867199499,0.030442868714299604,0.0,0.5,0.1,0.1,0.17475824058055878,0.004207940707521388,0.163818359375,0.18408203125,16384,0.870428846268688,1153817.0,1.494988,-0.02127207,-0.9876337112485684,0.15089976915656705,-0.04253130698525798,0.9811246,0.000101285,0.2956029012351536,0.09708952773847657,0.0001673303645691383,0.8560579750541208,0.8451415875718171,-0.2747246533409422,2.984164189499986
path_b_only,43.364148317996296,0.008970104785932756,0.0,0.5,0.1,0.1,0.12291306257247925,0.007860331845336611,0.10400390625,0.1353759765625,16384,0.5896527249867249,1153930.0,1.512893,0.007587983,-0.9931875188428866,0.11553467077472816,0.015175383477394727,0.99322,0.0001758818,0.5775988391853718,0.09708952773847657,0.0001673303645691383,0.8560579750541208,0.8451415875718171,0.13060152554008653,3.024800271791511
path_b_only,43.48538284999813,0.00010541898675543726,0.0,0.5,0.1,0.1,0.09423350542783737,0.009315060149538232,0.0789794921875,0.11767578125,16384,0.43433384819741083,1154005.0,1.472735,0.00425257,-0.980794043549122,0.19486074123937844,0.0085050374604094,1.007511,0.0001993697,0.6663894091693513,0.09708952773847657,0.0001673303645691383,0.8560579750541208,0.8451415875718171,0.04361906232739887,2.945288036217283
path_b_only,43.60377960799815,0.005267970649459802,0.0,0.5,0.1,0.1,0.09974444657564163,0.004286225229251395,0.089111328125,0.1112060546875,16384,0.4641792598546437,1154169.0,1.457228,0.002978408,-0.9742978952330861,0.2251846533563405,0.00595678077179335,1.011951,0.0001908608,0.6342234819925205,0.09708952773847657,0.0001673303645691383,0.8560579750541208,0.8451415875718171,0.026446704241102292,2.9143792500742576
path_b_only,43.722780185999,0.023508347231746496,0.0,0.5,0.1,0.1,0.12370941042900085,0.011790463439764011,0.1002197265625,0.14990234375,16384,0.5939654782829041,1154244.0,1.507051,-0.0004655099,-0.9918836386209055,0.1271455097065385,-0.0009310196654990096,0.9788054,0.0001575479,0.5082917733757726,0.09708952773847657,0.0001673303645691383,0.8560579750541208,0.8451415875718171,-0.0073223429453839195,3.0140986190264014
path_b_only,43.84606053299649,0.05350172747861239,0.0,0.5,0.1,0.1,0.17046281695365906,0.006172222384393406,0.1558837890625,0.180908203125,16384,0.8471662704311462,1154434.0,1.439378,0.01588907,-0.9651692992280344,0.25968964848930953,0.03177279174331102,1.006821,5.775433e-05,0.1310452779020961,0.09708952773847657,0.0001673303645691383,0.8560579750541208,0.8451415875718171,0.12174402019940711,2.8768860371840543
path_b_only,43.9677169639981,0.08987536305905108,0.0,0.5,0.1,0.1,0.19842062145471573,0.0007513561732931669,0.1956787109375,0.2012939453125,16384,0.9985763766158097,1154524.0,1.494153,-0.01350549,-0.9879140898409433,0.15263137118972428,-0.02700769561597769,0.9371484,2.385658e-05,0.0029026792162006273,0.09708952773847657,0.0001673303645691383,0.8560579750541208,0.8451415875718171,-0.17513439049014679,2.9859627477412287
path_b_only,44.08936886799347,0.12770865272868195,0.0,0.5,0.1,0.1,0.15397576242685318,0.004376938820379683,0.1453857421875,0.16259765625,16384,0.7578779045839042,1154614.0,-1.539041,-0.0001211638,-0.9979838469617759,-0.06346796420801801,-0.00024232759762831288,0.9670516,4.637316e-05,0.08802139873943922,0.09708952773847657,0.0001673303645691383,0.8560579750541208,0.8451415875718171,-3.1377745632647684,3.0780815383178
path_b_only,44.20916655600013,0.16108360593632493,0.0,0.5,0.1,0.1,0.06381186842918396,0.0035473559143155363,0.055419921875,0.07275390625,16384,0.26958045033659844,1154794.0,1.552895,0.00534562,-0.9993020393199221,0.03579295954891046,0.010691036328386446,0.9987652,0.0002242597,0.7604802937056978,0.09708952773847657,0.0001673303645691383,0.8560579750541208,0.8451415875718171,0.29025548194307627,3.1042284491499457
path_b_only,44.331579140998656,0.18632567880099854,0.0,0.5,0.1,0.1,0.01710204780101776,0.0018293094861450635,0.0130615234375,0.023193359375,16384,0.016615704806958252,1154907.0,1.521819,0.004480898,-0.9951663136603542,0.09779415380376355,0.008961676041185055,1.002029,0.0002807438,0.9740053612524817,0.09708952773847657,0.0001673303645691383,0.8560579750541208,0.8451415875718171,0.09138292989986319,3.0432302069534702
path_b_only,44.452209894996486,0.19887505892320803,0.0,0.5,0.1,0.1,0.0185592919588089,0.0030523744629489093,0.012939453125,0.02734375,16384,0.02450765113843065,1155032.0,1.516303,0.005143339,-0.9940142375554308,0.10876526800909864,0.010286496585545046,1.00071,0.0002829102,0.98219493506765,0.09708952773847657,0.0001673303645691383,0.8560579750541208,0.8451415875718171,0.09429472515491666,3.03212353873594
path_b_only,44.577309792999586,0.19706503552962243,0.0,0.5,0.1,0.1,0.0298854261636734,0.0044042680422505505,0.02099609375,0.038818359375,16384,0.08584620090028584,1155156.0,1.51115,0.00554806,-0.9928319416807868,0.11900259136835932,0.011095892301845616,1.003394,0.0002815831,0.977178140657518,0.09708952773847657,0.0001673303645691383,0.8560579750541208,0.8451415875718171,0.0929719560628457,3.0217874931330546
path_b_only,44.69612889299606,0.18161053076924885,0.0,0.5,0.1,0.1,0.027328141033649445,0.004930271821954501,0.017822265625,0.037841796875,16384,0.07199680106394482,1155280.0,1.516533,0.005122371,-0.9940645923727925,0.10830805659713481,0.010244562795237236,1.001493,0.0002854828,0.9919200539731624,0.09708952773847657,0.0001673303645691383,0.8560579750541208,0.8451415875718171,0.09430668622196325,3.032585420353884
path_b_only,44.8170724829979,0.15435693635156583,0.0,0.5,0.1,0.1,0.015925131738185883,0.0015305132898819679,0.0120849609375,0.0216064453125,16384,0.010241921556664908,1155404.0,1.524807,0.005185878,-0.9957193861803497,0.09184407721453013,0.01037157004695796,0.999591,0.000278616,0.96596170580385,0.09708952773847657,0.0001673303645691383,0.8560579750541208,0.8451415875718171,0.11244946547362922,3.049032713518877
path_b_only,44.938181683995936,0.11929894525462245,0.0,0.5,0.1,0.1,0.021204613149166107,0.003454946044855323,0.01513671875,0.0330810546875,16384,0.03883382479449822,1155502.0,1.537726,0.009857866,-0.9976195804243603,0.06607959615641547,0.019714454740836673,1.00445,0.0002510599,0.8617922472513384,0.09708952773847657,0.0001673303645691383,0.8560579750541208,0.8451415875718171,0.28993688831483544,3.0725801246527555
path_b_only,45.06036311799835,0.08114982448983377,0.0,0.5,0.1,0.1,0.07479704171419144,0.007713414374873196,0.05859375,0.0931396484375,16384,0.32907246994339723,1155601.0,1.565874,0.00583064,-0.9998835531288675,0.009843825224746899,0.011661015707726532,0.9908234,0.0001606337,0.5199569261078842,0.09708952773847657,0.0001673303645691383,0.8560579750541208,0.8451415875718171,0.869699354502262,3.126331648958277
path_b_only,45.18016114899365,0.04637458204560202,0.0,0.5,0.1,0.1,0.16272049397230148,0.004124491622991665,0.150634765625,0.17138671875,16384,0.8052364420471254,1155737.0,-1.513472,-0.01154249,-0.9931703417280173,-0.11436717479295193,-0.0230829296609397,0.9736714,4.229239e-05,0.07259499219506851,0.09708952773847657,0.0001673303645691383,0.8560579750541208,0.8451415875718171,-2.9424363956026993,3.0246529554524004
path_b_only,45.30072592099896,0.018964463806710047,0.0,0.5,0.1,0.1,0.19859852641820908,0.000760236867879123,0.1959228515625,0.201904296875,16384,0.9995398503181989,1155824.0,1.474259,-0.0223191,-0.980441308609067,0.191686187728144,-0.044623377361993774,0.9224782,2.345691e-05,0.001391819279573805,0.09708952773847657,0.0001673303645691383,0.8560579750541208,0.8451415875718171,-0.22872030224947704,2.943487716251496
path_b_only,45.422047167994606,0.0029837465170169247,0.0,0.5,0.1,0.1,0.16638072580099106,0.007292462440078589,0.151123046875,0.17724609375,16384,0.8250590318295752,1155999.0,1.478862,-0.02873874,-0.9815201891736356,0.18253244641235647,-0.05744583754521199,0.9722292,0.0001103449,0.3298517563902699,0.09708952773847657,0.0001673303645691383,0.8560579750541208,0.8451415875718171,-0.30490222111484666,2.9490465021174166
path_b_only,45.545291067996004,0.0010105598666639154,0.0,0.5,0.1,0.1,0.11280051618814468,0.006582943113997131,0.088134765625,0.122802734375,16384,0.5348865604335833,1156112.0,1.479068,0.0005823216,-0.9832183062871328,0.1824291802006794,0.0011646429367142186,0.9890012,0.0001737002,0.5693518052880439,0.09708952773847657,0.0001673303645691383,0.8560579750541208,0.8451415875718171,0.006383995770631312,2.958132344833897
path_b_only,45.66670114999579,0.01340287675839906,0.0,0.5,0.1,0.1,0.09358972311019897,0.008160789614612859,0.0753173828125,0.1107177734375,16384,0.43084733876603704,1156249.0,1.499154,0.003770572,-0.9897241616484362,0.14279081229016535,0.007541072524168521,0.9964494,0.0002009643,0.6724174254201211,0.09708952773847657,0.0001673303645691383,0.8560579750541208,0.8451415875718171,0.05276301150838636,2.998111048182872
path_b_only,45.784183222996944,0.037275683492959746,0.0,0.5,0.1,0.1,0.09862279891967773,0.0033040018476666023,0.0904541015625,0.1053466796875,16384,0.4581047917867075,1156350.0,1.454583,0.01330788,-0.9727656516030766,0.23025801971113916,0.026612617683092515,1.003465,0.0001721222,0.563386541495422,0.09708952773847657,0.0001673303645691383,0.8560579750541208,0.8451415875718171,0.11506682907028187,2.9076744097584113
path_b_only,45.90592760199797,0.07087462412989057,0.0,0.5,0.1,0.1,0.14099925011396408,0.005824567737053509,0.1265869140625,0.1529541015625,16384,0.6876014596961495,1156488.0,1.481502,-0.01357606,-0.9837326518073928,0.17757537358202424,-0.027148783862255322,0.9864696,0.0001065536,0.3155196241868689,0.09708952773847657,0.0001673303645691383,0.8560579750541208,0.8451415875718171,-0.15171121366566442,2.9609734687932683
path_b_only,46.02823342099873,0.10885816512817773,0.0,0.5,0.1,0.1,0.18697526305913925,0.0017708362681290622,0.1815185546875,0.1922607421875,16384,0.9365921485649172,1156563.0,1.439935,-0.01606855,-0.9654469155842095,0.2586113212863989,-0.03213156845594939,1.007315,6.455898e-05,0.1567686823802098,0.09708952773847657,0.0001673303645691383,0.8560579750541208,0.8451415875718171,-0.12361308263443238,2.877949241153439
path_b_only,46.15084794499853,0.14563624363951874,0.0,0.5,0.1,0.1,0.19166211038827896,0.004032214629838762,0.1810302734375,0.2005615234375,16384,0.9619745440870524,1156739.0,1.5686,0.006173944,-0.999914118847815,0.004392304594110978,0.01234757422128249,0.9543644,3.694997e-05,0.05239920981802279,0.09708952773847657,0.0001673303645691383,0.8560579750541208,0.8451415875718171,1.2290330224779602,3.1284867479381346
path_b_only,46.27297649299726,0.17562620649361782,0.0,0.5,0.1,0.1,0.12828756123781204,0.006621539312128869,0.114990234375,0.14404296875,16384,0.6187592098531104,1156826.0,-1.560854,-0.01102255,-0.9995593714498676,-0.019878511896990383,-0.022043314440132383,1.008034,0.000116801,0.3542575482607041,0.09708952773847657,0.0001673303645691383,0.8560579750541208,0.8451415875718171,-2.3046012846579638,3.1119055886336584
path_b_only,46.39619555799436,0.19472953023029077,0.0,0.5,0.1,0.1,0.04076186567544937,0.0061563181665735805,0.025634765625,0.0523681640625,16384,0.14474935480590914,1156939.0,1.565408,-0.003199979,-0.9999214539585918,0.010776224299682599,-0.006399914310282963,1.003141,0.0002252955,0.7643958958833896,0.09708952773847657,0.0001673303645691383,0.8560579750541208,0.8451415875718171,-0.5359162814651288,3.129058933497456
path_b_only,46.51858818799519,0.19982954080192858,0.0,0.5,0.1,0.1,0.014438733458518982,0.0007536079712833055,0.01171875,0.017578125,16384,0.0021920862647498876,1157103.0,1.521535,0.00505211,-0.9950997682932189,0.09835832123113655,0.010104048068713293,1.001948,0.0002865916,0.9961116157559627,0.09708952773847657,0.0001673303645691383,0.8560579750541208,0.8451415875718171,0.10236784473120242,3.0425548932178144
path_b_only,46.639580721996026,0.19053871041381565,0.0,0.5,0.1,0.1,0.02247265726327896,0.0016179781057368418,0.017578125,0.02685546875,16384,0.045701127051991586,1157206.0,1.512785,0.005250376,-0.9932221570355203,0.11575614469189707,0.010500559022106977,1.002126,0.0002840014,0.9863199641237392,0.09708952773847657,0.0001673303645691383,0.8560579750541208,0.8451415875718171,0.09046515911917297,3.0250979038439696
path_b_only,46.75743499199598,0.16903989995305602,0.0,0.5,0.1,0.1,0.030010364949703217,0.0032127178633955915,0.0230712890625,0.03759765625,16384,0.08652282752376203,1157334.0,1.511419,0.005572038,-0.992895291878613,0.11846836740832034,0.01114384533683411,1.001756,0.0002809818,0.9749050651705068,0.09708952773847657,0.0001673303645691383,0.8560579750541208,0.8451415875718171,0.09379001786794294,3.0223187091625685
path_b_only,46.87542361199303,0.13814535798836564,0.0,0.5,0.1,0.1,0.02144657075405121,0.002249924208556096,0.0157470703125,0.0277099609375,16384,0.04014418615160891,1157460.0,1.517876,0.005673272,-0.9943400937085236,0.10563635504832919,0.011346300534875578,1.002134,0.0002868904,0.9972411600026265,0.09708952773847657,0.0001673303645691383,0.8560579750541208,0.8451415875718171,0.10699883691623802,3.0351477997511007
path_b_only,46.998587395995855,0.10044378117952113,0.0,0.5,0.1,0.1,0.014093585312366486,0.0007235568617014757,0.011474609375,0.0179443359375,16384,0.00032287949436796804,1157560.0,1.521985,0.007208613,-0.9951352603231832,0.09745753771260864,0.014416726553061665,1.001736,0.0002789755,0.9673207123522959,0.09708952773847657,0.0001673303645691383,0.8560579750541208,0.8451415875718171,0.14686320867416347,3.0429144991317094
path_b_only,47.116771221997624,0.06413254163877802,0.0,0.5,0.1,0.1,0.029926717281341553,0.003773199182705945,0.0218505859375,0.0379638671875,16384,0.086069819765293,1157684.0,1.546275,0.005972019,-0.9987264066713499,0.049019499767149505,0.011943754012528429,0.996428,0.0002169031,0.7326703699941636,0.09708952773847657,0.0001673303645691383,0.8560579750541208,0.8451415875718171,0.23899626536193086,3.0911176348082945
path_b_only,47.2415222119962,0.0311974682930002,0.0,0.5,0.1,0.1,0.09423885494470596,0.00644544472373935,0.0787353515625,0.10693359375,16384,0.4343628193892324,1157783.0,1.563152,0.005937757,-0.9998126259653011,0.015286979986135986,0.011875234872301183,1.006144,0.0001372632,0.4316101596532163,0.09708952773847657,0.0001673303645691383,0.8560579750541208,0.8451415875718171,0.6604462482011728,3.1222339404871087
path_b_only,47.36594416599837,0.0087380106826868,0.0,0.5,0.1,0.1,0.179298497736454,0.0035636332250358173,0.1685791015625,0.1865234375,16384,0.8950173585051834,1157871.0,-1.554259,-0.002631782,-0.9994392385603351,-0.03306816559490808,-0.005263539695433924,1.00294,5.806627e-05,0.1322244948776794,0.09708952773847657,0.0001673303645691383,0.8560579750541208,0.8451415875718171,-2.983744425491216,3.108101942746276
path_b_only,47.48616010099795,9.450769533191072e-05,0.0,0.5,0.1,0.1,0.19371046125888824,0.0015727256167819613,0.1883544921875,0.1983642578125,16384,0.9730677264151095,1158048.0,1.446599,-0.01591314,-0.9688174714507669,0.24572370024865775,-0.03182090740142795,0.9678784,4.939681e-05,0.0994516077803522,0.09708952773847657,0.0001673303645691383,0.8560579750541208,0.8451415875718171,-0.12878203432608082,2.89120915522932
path_b_only,47.610522272996604,0.0059676287961279995,0.0,0.5,0.1,0.1,0.14950741827487946,0.00711071078172161,0.137451171875,0.1639404296875,16384,0.7336788490931775,1158135.0,1.446202,-0.0004631809,-0.9691124172733546,0.2466176484776716,-0.0009263616675076983,0.9821584,0.0001029296,0.3018199309140799,0.09708952773847657,0.0001673303645691383,0.8560579750541208,0.8451415875718171,-0.00375624906172467,2.892402313913636
path_b_only,47.72727230899909,0.02442495651296575,0.0,0.5,0.1,0.1,0.10491477698087692,0.004983913306117011,0.093994140625,0.1136474609375,16384,0.49218003779973885,1158296.0,1.469283,-0.002490933,-0.979448631916857,0.20163223614462533,-0.004981845392546128,1.006505,0.0001928024,0.641563251434697,0.09708952773847657,0.0001673303645691383,0.8560579750541208,0.8451415875718171,-0.024702558043367517,2.938505728594785
path_b_only,47.846095921995584,0.05351157055793984,0.0,0.5,0.1,0.1,0.09357167780399323,0.006466452458065443,0.0799560546875,0.1097412109375,16384,0.4307496114309509,1158371.0,1.465163,0.003313811,-0.977744609440913,0.20969395312932615,0.006627573479978073,1.0096,0.0002014932,0.6744168094631614,0.09708952773847657,0.0001673303645691383,0.8560579750541208,0.8451415875718171,0.03159541734124938,2.9302236189092437
path_b_only,47.964159342998755,0.08876410219213053,0.0,0.5,0.1,0.1,0.11006426066160202,0.007958543805542105,0.095458984375,0.1275634765625,16384,0.5200679168663984,1158532.0,1.453896,-0.007355836,-0.9726876307299752,0.23165136594865565,-0.014711141323140003,1.012179,0.0001609833,0.521278507997555,0.09708952773847657,0.0001673303645691383,0.8560579750541208,0.8451415875718171,-0.06342035817468128,2.907338046812053
path_b_only,48.08474380699772,0.1263096636633606,0.0,0.5,0.1,0.1,0.1539464071393013,0.0046830795129929595,0.137451171875,0.161865234375,16384,0.7577189261775297,1158668.0,1.448842,-0.01037532,-0.9701925455298074,0.24144543345598413,-0.020749150865630527,1.015647,8.812072e-05,0.24583838739489103,0.09708952773847657,0.0001673303645691383,0.8560579750541208,0.8451415875718171,-0.08572660412504618,2.896820418095397
path_b_only,48.203452354995534,0.15965250208453968,0.0,0.5,0.1,0.1,0.19334310293197632,0.0022559965448667317,0.187744140625,0.19970703125,16384,0.971078236743864,1158717.0,1.430567,-0.009704986,-0.9607475779153802,0.27674427153436026,-0.01940875324812925,0.985505,5.290785e-05,0.11272428191624989,0.09708952773847657,0.0001673303645691383,0.8560579750541208,0.8451415875718171,-0.07001780264278068,2.860480802156865
path_b_only,48.320424716999696,0.18450421208600984,0.0,0.5,0.1,0.1,0.18266502022743225,0.00214997247199775,0.1768798828125,0.1884765625,16384,0.9132493168770508,1158891.0,-1.509879,-0.02003026,-0.991790966644287,-0.12143595656096706,-0.0400498057038185,0.9780104,4.479334e-05,0.08204925485803258,0.09708952773847657,0.0001673303645691383,0.8560579750541208,0.8451415875718171,-2.823023775185918,3.0133718332949857
path_b_only,48.44491685399407,0.19850643827959036,0.0,0.5,0.1,0.1,0.10806087404489517,0.007055913491072644,0.094482421875,0.127197265625,16384,0.5092182458790699,1158977.0,-1.559506,-0.02032115,-0.9989194937969751,-0.022560089541177303,-0.040631112122229,0.989261,0.0001152814,0.34851305215216927,0.09708952773847657,0.0001673303645691383,0.8560579750541208,0.8451415875718171,-2.0776549995771503,3.095101776175269
path_b_only,48.565098084000056,0.1979160277262114,0.0,0.5,0.1,0.1,0.03338830918073654,0.007092101454674401,0.0181884765625,0.051025390625,16384,0.10481664221465797,1159151.0,1.538001,0.006109201,-0.9977752209127828,0.0655387413212131,0.012218097989392409,1.000215,0.0002665635,0.920400018946706,0.09708952773847657,0.0001673303645691383,0.8560579750541208,0.8451415875718171,0.1843098199312121,3.0748752717869303
path_b_only,48.68721074399946,0.18319741292243238,0.0,0.5,0.1,0.1,0.014821678400039673,0.0010494270513724945,0.01171875,0.018798828125,16384,0.004265987820801477,1159251.0,1.519555,0.005435721,-0.9946944638612951,0.10229731163922218,0.010871227855145882,1.002241,0.0002866344,0.9962734112504648,0.09708952773847657,0.0001673303645691383,0.8560579750541208,0.8451415875718171,0.1058735368347774,3.0385369963957896
path_b_only,48.808408384997165,0.1566211907262826,0.0,0.5,0.1,0.1,0.027853094041347504,0.0028078072051096574,0.0211181640625,0.0361328125,16384,0.07483977074829602,1159375.0,1.507181,0.003929889,-0.9918864545910736,0.12688375136567448,0.0078596970758313,1.002033,0.0002789203,0.967112041527611,0.09708952773847657,0.0001673303645691383,0.8560579750541208,0.8451415875718171,0.06186503266884413,3.014120767964056
path_b_only,48.932102654995106,0.12116919297582202,0.0,0.5,0.1,0.1,0.030473999679088593,0.005636979302898385,0.0203857421875,0.0452880859375,16384,0.08903371794809718,1159499.0,1.503777,0.006205717,-0.9909539312066983,0.1336273566366979,0.012411115351930896,1.003489,0.0002769646,0.9597189702986945,0.09708952773847657,0.0001673303645691383,0.8560579750541208,0.8451415875718171,0.09261285559009425,3.0069840331417024
path_b_only,49.05118105299334,0.08399019138004771,0.0,0.5,0.1,0.1,0.02056579291820526,0.001746646046387629,0.015625,0.025634765625,16384,0.035374188362780654,1159624.0,1.516628,0.005718166,-0.9940723114683484,0.10811778569801601,0.011436082709244805,1.001234,0.0002873094,0.9988250925305787,0.09708952773847657,0.0001673303645691383,0.8560579750541208,0.8451415875718171,0.10538244876235714,3.0326563964946227
path_b_only,49.17278396199981,0.048345003541146764,0.0,0.5,0.1,0.1,0.014278076589107513,0.0007896930475027766,0.0118408203125,0.017822265625,16384,0.0013220224635681211,1159748.0,1.53722,0.007780371,-0.9976253147055069,0.06709407060172587,0.015560114036504936,1.002459,0.0002727293,0.943708398853263,0.09708952773847657,0.0001673303645691383,0.8560579750541208,0.8451415875718171,0.22788630776706453,3.072663331162371
path_b_only,49.293166488998395,0.02037870962009311,0.0,0.5,0.1,0.1,0.03377307951450348,0.0042650247134464496,0.0267333984375,0.044921875,16384,0.10690042948379631,1159872.0,1.550784,0.01326912,-0.9988472840564724,0.039999878388638596,0.02653512505911984,1.006343,0.0002037601,0.6829863002689245,0.09708952773847657,0.0001673303645691383,0.8560579750541208,0.8451415875718171,0.5857238655878017,3.0935731269233404
path_b_only,49.415165918995626,0.0035305168783939245,0.0,0.5,0.1,0.1,0.1034894809126854,0.0041782653450769935,0.0953369140625,0.1134033203125,16384,0.48446111162220923,1159922.0,1.552651,0.0006372473,-0.9993407548661074,0.036282658778440904,0.001274494254965348,1.005941,0.0001581566,0.5105928228501508,0.09708952773847657,0.0001673303645691383,0.8560579750541208,0.8451415875718171,0.035112378447928805,3.105279637172714
path_b_only,49.535172062998754,0.0006098506842968088,0.0,0.5,0.1,0.1,0.18219494074583054,0.006652214118350174,0.1673583984375,0.193115234375,16384,0.910703523833042,1160121.0,1.497083,-0.01144972,-0.9888930230421105,0.14685467741806418,-0.022897438701137755,0.931972,2.308873e-05,0.0,0.09708952773847657,0.0001673303645691383,0.8560579750541208,0.8451415875718171,-0.15467364235876913,2.9924108926582944
path_b_only,49.65744263999659,0.011985114603860578,0.0,0.5,0.1,0.1,0.19394831359386444,0.0029519887978512473,0.1859130859375,0.20068359375,16384,0.9743558550052374,1160208.0,1.450365,-0.01257506,-0.9708254400938205,0.23846502821901283,-0.02514746872242113,0.9609552,4.618533e-05,0.0873113508952262,0.09708952773847657,0.0001673303645691383,0.8560579750541208,0.8451415875718171,-0.1050672518598148,2.899445866828329
path_b_only,49.775319514999865,0.0351315563573633,0.0,0.5,0.1,0.1,0.14646362513303757,0.002390669132430234,0.1402587890625,0.1529541015625,16384,0.717194684795047,1160295.0,1.41619,-0.01327832,-0.9522375775823015,0.30420142421008317,-0.02655351857564792,1.007785,0.0001011389,0.2950506039980801,0.09708952773847657,0.0001673303645691383,0.8560579750541208,0.8451415875718171,-0.08706857479861352,2.831278139619127
path_b_only,49.89977672999521,0.06903159883953848,0.0,0.5,0.1,0.1,0.10999689251184464,0.00884946071413665,0.09228515625,0.127685546875,16384,0.5197030735287235,1160481.0,1.476966,0.0001500162,-0.9824433098444997,0.18656112382365733,0.0003000323954985419,1.003081,0.0001841601,0.6088930364315445,0.09708952773847657,0.0001673303645691383,0.8560579750541208,0.8451415875718171,0.0016082243217812042,2.953931762975962
path_b_only,50.01970803599397,0.10618750712157027,0.0,0.5,0.1,0.1,0.10909479856491089,0.004281549729240522,0.0999755859375,0.1201171875,16384,0.5148176348209516,1160606.0,1.457888,-0.005300724,-0.9745568132954971,0.22388977459929288,-0.010601249417089526,1.004738,0.0001712997,0.5602772706022463,0.09708952773847657,0.0001673303645691383,0.8560579750541208,0.8451415875718171,-0.04731496660790757,2.915531522892384
path_b_only,50.138868780995836,0.14225610087012902,0.0,0.5,0.1,0.1,0.1311154067516327,0.007804256270667662,0.1068115234375,0.1441650390625,16384,0.6340738741181541,1160705.0,1.446037,0.0003076937,-0.9690312129810419,0.24693750133765896,0.0006153873611586299,0.9988636,0.000131238,0.4088332855066355,0.09708952773847657,0.0001673303645691383,0.8560579750541208,0.8451415875718171,0.0024920722202410595,2.892073256951308
path_b_only,50.25813188799657,0.17249385942619955,0.0,0.5,0.1,0.1,0.17369230091571808,0.003420249730468772,0.16552734375,0.1812744140625,16384,0.8646560740242196,1160830.0,1.423326,-0.00266923,-0.9568057607626617,0.2906789247381821,-0.005338434643102813,1.008657,6.760786e-05,0.16829426759697058,0.09708952773847657,0.0001673303645691383,0.8560579750541208,0.8451415875718171,-0.018363335329049324,2.8466050994782766
path_b_only,50.378008932995726,0.19274556476984228,0.0,0.5,0.1,0.1,0.19843151420354843,0.0007879701618717596,0.195556640625,0.2015380859375,16384,0.9986353680955355,1160942.0,1.495161,-0.004338476,-0.9885431810459935,0.15068872419972792,-0.008676843119852713,0.9441626,2.389557e-05,0.0030500718874771305,0.09708952773847657,0.0001673303645691383,0.8560579750541208,0.8451415875718171,-0.057517724397826875,2.9900752454341304
path_b_only,50.49789122599759,0.19999780553712018,0.0,0.5,0.1,0.1,0.165292888879776,0.0031116259087854824,0.1588134765625,0.172119140625,16384,0.8191676713779151,1161030.0,-1.526626,-0.01873801,-0.995401095602991,-0.08816384842680612,-0.03746724840364478,0.9742014,4.495045e-05,0.08264317285198619,0.09708952773847657,0.0001673303645691383,0.8560579750541208,0.8451415875718171,-2.739744940501452,3.0456506532634924
path_b_only,50.61760541599506,0.19325194807947046,0.0,0.5,0.1,0.1,0.07944059371948242,0.003205957709727862,0.072265625,0.0872802734375,16384,0.3542203924910544,1161117.0,-1.547009,-0.01712556,-0.998282690945935,-0.04752881669697672,-0.034244423504100854,0.9867896,0.0001142947,0.3447830611609273,0.09708952773847657,0.0001673303645691383,0.8560579750541208,0.8451415875718171,-2.517241616315825,3.0829786483632726
path_b_only,50.734168877999764,0.17413858388914033,0.0,0.5,0.1,0.1,0.02268201857805252,0.0024879844707507226,0.017822265625,0.030029296875,16384,0.046834957818267506,1161317.0,1.529355,0.004729214,-0.9965226216422536,0.08278408882626614,0.009458286972536874,1.002605,0.0002777644,0.9627424290954871,0.09708952773847657,0.0001673303645691383,0.8560579750541208,0.8451415875718171,0.11375919549062585,3.0581732842715885
path_b_only,50.85222556999361,0.14477496836952566,0.0,0.5,0.1,0.1,0.015600942075252533,0.0011022018949938554,0.01123046875,0.019287109375,16384,0.008486218912458581,1161416.0,1.516714,0.005778192,-0.994089520958324,0.10794665467160361,0.011556126775848934,1.002064,0.0002865181,0.9958337660165727,0.09708952773847657,0.0001673303645691383,0.8560579750541208,0.8451415875718171,0.10664787449701363,3.0328148017119814
path_b_only,50.971724759998324,0.10887125123307134,0.0,0.5,0.1,0.1,0.026995860040187836,0.0024591586425165755,0.0218505859375,0.0338134765625,16384,0.07019727848336214,1161540.0,1.504276,0.006168481,-0.9910877111540043,0.13263844046749199,0.01233664905348057,1.001988,0.0002745642,0.9506448136397533,0.09708952773847657,0.0001673303645691383,0.8560579750541208,0.8451415875718171,0.09274278719958629,3.0079845808765224
path_b_only,51.09159786899545,0.07161918957206222,0.0,0.5,0.1,0.1,0.03026081621646881,0.006067288206805193,0.0201416015625,0.0440673828125,16384,0.0878791877091131,1161665.0,1.512904,0.002813957,-0.9932887114843509,0.11552429422492366,0.005627884290836836,1.00075,0.0002780243,0.963724920895045,0.09708952773847657,0.0001673303645691383,0.8560579750541208,0.8451415875718171,0.04867754034003813,3.025671914474245
path_b_only,51.21315979199426,0.03792795787068867,0.0,0.5,0.1,0.1,0.021017365157604218,0.0026615964410388994,0.0142822265625,0.0279541015625,16384,0.03781975238104461,1161789.0,1.518868,0.005829719,-0.9945441393671043,0.1036630045680667,0.011659173832947931,1.001967,0.000284981,0.990023115208183,0.09708952773847657,0.0001673303645691383,0.8560579750541208,0.8451415875718171,0.11200120162244032,3.037085917609511
path_b_only,51.334312802995555,0.013244015127852615,0.0,0.5,0.1,0.1,0.014268778264522552,0.000903053615811084,0.0113525390625,0.01806640625,16384,0.0012716658515997102,1161913.0,1.537127,0.004987531,-0.9976839717074758,0.06728442640207094,0.00997489657794939,1.004577,0.0002718817,0.9405042432191527,0.09708952773847657,0.0001673303645691383,0.8560579750541208,0.8451415875718171,0.14717773278407886,3.0735202973368
path_b_only,51.45344033699803,0.0010678615381846945,0.0,0.5,0.1,0.1,0.03820984810590744,0.00567245734133166,0.0281982421875,0.0537109375,16384,0.13092848231304705,1162038.0,1.563534,0.01757763,-0.9992767017357436,0.014515168680991423,0.03514801909490714,1.00071,0.0001844245,0.6098925394396364,0.09708952773847657,0.0001673303645691383,0.8560579750541208,0.8451415875718171,1.179156940910313,3.103556211209503
path_b_only,51.57615887299471,0.0028486428119962187,0.0,0.5,0.1,0.1,0.11633389443159103,0.007762999038248435,0.0992431640625,0.132080078125,16384,0.5540221536812782,1162149.0,-1.531441,0.009416928,-0.9967271127221915,-0.07861546012952449,0.018832742580600793,0.9865854,7.237977e-05,0.18633336895606412,0.09708952773847657,0.0001673303645691383,0.8560579750541208,0.8451415875718171,2.9064682865036335,3.060664609796227
path_b_only,51.6930410519999,0.017832709142783953,0.0,0.5,0.1,0.1,0.18864237517118454,0.0030435109768804417,0.18212890625,0.1971435546875,16384,0.9456206694524203,1162199.0,-1.553703,0.001095016,-0.9994132965515413,-0.03417991286542141,0.0021900302493471813,0.9680942,3.80834e-05,0.05668387961553309,0.09708952773847657,0.0001673303645691383,0.8560579750541208,0.8451415875718171,3.077606516008739,3.1073359512501884
path_b_only,51.814252832999045,0.04490168103968209,0.0,0.5,0.1,0.1,0.18862302601337433,0.004687565649974342,0.1771240234375,0.197265625,16384,0.9455158808937008,1162374.0,1.408941,-0.0150804,-0.9476304574878972,0.31794200412448403,-0.03015622745943843,0.9536364,5.107767e-05,0.10580570999737762,0.09708952773847657,0.0001673303645691383,0.8560579750541208,0.8451415875718171,-0.09456530365014881,2.816529182057032
path_b_only,51.93337923599756,0.0792229367537047,0.0,0.5,0.1,0.1,0.13528186082839966,0.002876147470917255,0.1292724609375,0.143798828125,16384,0.6566379940637301,1162461.0,1.478225,-0.02337048,-0.9818365051959888,0.18388569888941494,-0.04672394256137424,0.975213,0.0001188956,0.3621756987930396,0.09708952773847657,0.0001673303645691383,0.8560579750541208,0.8451415875718171,-0.24882652774084146,2.950706571749072
path_b_only,52.05466082899511,0.11708793323052386,0.0,0.5,0.1,0.1,0.10079526901245117,0.008573918538088735,0.0850830078125,0.1201171875,16384,0.46987016225481415,1162623.0,1.489388,0.001031925,-0.9867725220996082,0.16209790300433727,0.002063848534846772,1.001082,0.000195597,0.6521275899612247,0.09708952773847657,0.0001673303645691383,0.8560579750541208,0.8451415875718171,0.012731423332736469,2.978763035713394
path_b_only,52.17399078299786,0.15197926058889108,0.0,0.5,0.1,0.1,0.09700176864862442,0.008253083636187646,0.08056640625,0.11376953125,16384,0.4493258347173332,1162736.0,1.504513,0.01112872,-0.9909803887171459,0.13214596982961307,0.02225560234649947,0.9973772,0.000192552,0.6406166721864888,0.09708952773847657,0.0001673303645691383,0.8560579750541208,0.8451415875718171,0.1668510322406247,3.007181323056097
path_b_only,52.292201535994536,0.1794375146898445,0.0,0.5,0.1,0.1,0.123540498316288,0.009154796171786784,0.1038818359375,0.146484375,16384,0.5930507068486607,1162873.0,1.441109,0.003730693,-0.9665236486547635,0.25646903388746367,0.007461316768129658,1.007556,0.0001312582,0.4089096469316108,0.09708952773847657,0.0001673303645691383,0.8560579750541208,0.8451415875718171,0.029084262953095408,2.882113118537373
path_b_only,52.411852719997114,0.1961901275451031,0.0,0.5,0.1,0.1,0.17137982696294785,0.0047565811088468475,0.1630859375,0.18359375,16384,0.852132489537284,1162997.0,1.442707,-0.00963217,-0.9671858174113264,0.2533387568241538,-0.01926314847517615,0.9719504,5.408096e-05,0.11715895277034527,0.09708952773847657,0.0001673303645691383,0.8560579750541208,0.8451415875718171,-0.07589108257286581,2.884706564118905
path_b_only,52.53173228099331,0.19950350756946134,0.0,0.5,0.1,0.1,0.1986834928393364,0.0007006441263079778,0.1961669921875,0.2017822265625,16384,1.0,1163109.0,1.537956,-0.01604891,-0.9973298210230351,0.06559963277030664,-0.03209230871348396,0.9322752,2.387339e-05,0.002966225530746871,0.09708952773847657,0.0001673303645691383,0.8560579750541208,0.8451415875718171,-0.45498225114304214,3.068498630125225
path_b_only,52.65058258999488,0.1890174111426684,0.0,0.5,0.1,0.1,0.16243574768304825,0.004708336748189894,0.14794921875,0.1732177734375,16384,0.8036943515052914,1163196.0,-1.516484,-0.01292966,-0.9937737779596493,-0.10837491799701371,-0.02585643805604961,0.9689874,5.06538e-05,0.10420336756152301,0.09708952773847657,0.0001673303645691383,0.8560579750541208,0.8451415875718171,-2.9073877108399184,3.0299441537102973
path_b_only,52.7670638809941,0.16682027258722582,0.0,0.5,0.1,0.1,0.07618478685617447,0.008286017268653955,0.05810546875,0.0921630859375,16384,0.3365880328802852,1163282.0,-1.553891,-0.01144029,-0.9991668748457843,-0.03379536390474663,-0.022878583641794927,0.97458,0.0001238696,0.38097875462605635,0.09708952773847657,0.0001673303645691383,0.8560579750541208,0.8451415875718171,-2.5464880899974265,3.100770089661398
path_b_only,52.88824885299982,0.1343908920718622,0.0,0.5,0.1,0.1,0.02065650373697281,0.0016159925618496834,0.01611328125,0.025634765625,16384,0.035865447778418,1163456.0,1.53381,0.004102287,-0.9972317053429199,0.07390272210652718,0.00820448195177947,1.004041,0.0002767755,0.9590041215134063,0.09708952773847657,0.0001673303645691383,0.8560579750541208,0.8451415875718171,0.1105645702675746,3.067167216495384
path_b_only,53.011409237995395,0.09641644960591897,0.0,0.5,0.1,0.1,0.01707146316766739,0.0019698122885180415,0.0126953125,0.0235595703125,16384,0.016450068675443567,1163580.0,1.51457,0.005271034,-0.9936286443934907,0.11220956269403595,0.010541872735283122,1.002266,0.0002850168,0.9901584488227432,0.09708952773847657,0.0001673303645691383,0.8560579750541208,0.8451415875718171,0.09367312967428543,3.0286490143657248
path_b_only,53.13201277299959,0.05970568382141492,0.0,0.5,0.1,0.1,0.031228646636009216,0.004230846525348366,0.0211181640625,0.043212890625,16384,0.09312063313755586,1163705.0,1.506673,0.005024201,-0.9917375928471482,0.12788893599246248,0.01004823290235436,1.002254,0.0002745757,0.9506882867282294,0.09708952773847657,0.0001673303645691383,0.8560579750541208,0.8451415875718171,0.07840891272622352,3.0129550993222582
path_b_only,53.25710874599463,0.027727919689930255,0.0,0.5,0.1,0.1,0.034311823546886444,0.003945226692557262,0.0247802734375,0.044677734375,16384,0.10981808673926412,1163830.0,1.504054,0.005969085,-0.9910335191860574,0.13307911450434845,0.011937886430882422,1.002356,0.000275236,0.9531843980604652,0.09708952773847657,0.0001673303645691383,0.8560579750541208,0.8451415875718171,0.08946571915680801,3.0075783813975
path_b_only,53.376269002998015,0.007460217305014255,0.0,0.5,0.1,0.1,0.022904708981513977,0.0028116100842413994,0.015869140625,0.029541015625,16384,0.04804097446500135,1163955.0,1.51809,0.005180807,-0.994395845951802,0.10521189263260378,0.010361428591924153,1.001432,0.0002873146,0.9988447499271069,0.09708952773847657,0.0001673303645691383,0.8560579750541208,0.8451415875718171,0.09816499597467843,3.0356738515891952
path_b_only,53.49629031999939,6.791062564598382e-06,0.0,0.5,0.1,0.1,0.01422274112701416,0.0008392081253489093,0.011474609375,0.017822265625,16384,0.001022344132567009,1164080.0,1.531929,0.004218174,-0.9969447046130897,0.07765362621802896,0.008436247928441727,0.9982176,0.0002626964,0.9057813423862197,0.09708952773847657,0.0001673303645691383,0.8560579750541208,0.8451415875718171,0.108215053338105,3.063402469286071
path_b_only,53.61555312999553,0.006517161767290863,0.0,0.5,0.1,0.1,0.0380682498216629,0.004641499294223216,0.0281982421875,0.0472412109375,16384,0.13016163342646078,1164180.0,1.534431,0.01280608,-0.9970291853272157,0.0726427167107806,0.025609359902693904,1.001973,0.0002007788,0.6717161856016602,0.09708952773847657,0.0001673303645691383,0.8560579750541208,0.8451415875718171,0.33893456446156955,3.0644915926910987
path_b_only,53.73317084500013,0.025651369882058836,0.0,0.5,0.1,0.1,0.11145023256540298,0.008622322654907751,0.0982666015625,0.130615234375,16384,0.527573876539145,1164255.0,-1.554923,0.01178921,-0.9992182993060499,-0.03173249845800801,0.023576235355499176,0.9874322,0.0001214516,0.3718380652404041,0.09708952773847657,0.0001673303645691383,0.8560579750541208,0.8451415875718171,2.502607146112771,3.102050206577819
path_b_only,53.85023989599722,0.054668114109911486,0.0,0.5,0.1,0.1,0.1862940564751625,0.004125491200929165,0.1751708984375,0.194580078125,16384,0.9329029618403405,1164367.0,-1.518775,0.003637636,-0.9945661222023997,-0.10385229857084433,0.007275207820651383,0.9839816,3.776778e-05,0.05549075125163747,0.09708952773847657,0.0001673303645691383,0.8560579750541208,0.8451415875718171,3.0716535009623778,3.037296861610019
path_b_only,53.97103208599583,0.09091201796348432,0.0,0.5,0.1,0.1,0.19007640331983566,0.0018414231803865076,0.184326171875,0.19580078125,16384,0.9533868856533689,1164555.0,1.40114,0.008266248,-0.9428547971393666,0.33279352906612264,0.01653174289055656,1.025914,7.362892e-05,0.19105549143169998,0.09708952773847657,0.0001673303645691383,0.8560579750541208,0.8451415875718171,0.049634873386989575,2.801893037465172
path_b_only,54.09337508499448,0.1289157362908493,0.0,0.5,0.1,0.1,0.1501806303858757,0.004513231739262806,0.1416015625,0.1600341796875,16384,0.7373247404294192,1164668.0,1.472543,-0.003321728,-0.98073297415134,0.1952401048810253,-0.006643407131390686,0.9965924,0.0001373891,0.43208609546531457,0.09708952773847657,0.0001673303645691383,0.8560579750541208,0.8451415875718171,-0.0340137337208577,2.944975180186213
path_b_only,54.2152025089963,0.16257390401983174,0.0,0.5,0.1,0.1,0.11801303923130035,0.005060622983083084,0.10791015625,0.129150390625,16384,0.5631158395754551,1164793.0,1.458175,0.01027987,-0.9745339353640464,0.22329569066797925,0.020558291586962166,1.017965,0.0001793937,0.5908747643522337,0.09708952773847657,0.0001673303645691383,0.8560579750541208,0.8451415875718171,0.09180874985691245,2.9154294759847184
path_b_only,54.335273851997044,0.18690574515788524,0.0,0.5,0.1,0.1,0.11837249249219894,0.00910558942471345,0.0970458984375,0.1334228515625,16384,0.5650625180565576,1164918.0,1.476786,-0.00706627,-0.9822780256813067,0.18689613391831036,-0.014132069559088706,0.9884628,0.0001538193,0.49419666401128,0.09708952773847657,0.0001673303645691383,0.8560579750541208,0.8451415875718171,-0.0754709453985356,2.95304786930993
path_b_only,54.452267300999665,0.1988777548200829,0.0,0.5,0.1,0.1,0.14143020659685135,0.004715785574279543,0.131103515625,0.154052734375,16384,0.6899353756813073,1165019.0,1.456644,0.002422196,-0.9740400668778927,0.226323839147016,0.0048443730518822545,0.9923208,0.0001118887,0.33568773499803256,0.09708952773847657,0.0001673303645691383,0.8560579750541208,0.8451415875718171,0.021401339979233658,2.9132375051548327
path_b_only,54.57039368799451,0.19756462144255538,0.0,0.5,0.1,0.1,0.18271218240261078,0.003343568276923843,0.1734619140625,0.189697265625,16384,0.9135047314233329,1165144.0,1.457757,-0.01343782,-0.9742009469514471,0.22407674761679822,-0.026872404737601233,0.9808338,4.769942e-05,0.09303501772397818,0.09708952773847657,0.0001673303645691383,0.8560579750541208,0.8451415875718171,-0.11935499346135181,2.9139492725068266
path_b_only,54.68895989799785,0.18289128062266086,0.0,0.5,0.1,0.1,0.1963939070701599,0.0015351489961263117,0.1920166015625,0.2010498046875,16384,0.9876003702502175,1165232.0,1.49795,-0.01095394,-0.989168159628707,0.1451429417898631,-0.021906127575211383,0.9365238,2.340775e-05,0.0012059812770102533,0.09708952773847657,0.0001673303645691383,0.8560579750541208,0.8451415875718171,-0.1497973605541545,2.994273599514233
path_b_only,54.81120975299564,0.15589359639990136,0.0,0.5,0.1,0.1,0.14569787681102753,0.008440323988729527,0.1268310546875,0.163818359375,16384,0.7130476483300812,1165319.0,-1.522185,-0.008971234,-0.9951173977121572,-0.09705393942515639,-0.017941505305922596,0.96831,4.820234e-05,0.09493619038974833,0.09708952773847657,0.0001673303645691383,0.8560579750541208,0.8451415875718171,-2.9587951213802577,3.0427333518506825
path_b_only,54.93230711599608,0.12110641105048502,0.0,0.5,0.1,0.1,0.05666709691286087,0.006295598384555593,0.039306640625,0.0716552734375,16384,0.23088676056883603,1165496.0,1.548883,0.004608988,-0.9989973214876761,0.04381076335308242,0.00921784545698957,0.9973496,0.0002186121,0.7391308489685556,0.09708952773847657,0.0001673303645691383,0.8560579750541208,0.8451415875718171,0.20737659844279888,3.0968076981283716
path_b_only,55.053289521994884,0.08333669647733861,0.0,0.5,0.1,0.1,0.015606410801410675,0.0013818207904348289,0.0111083984375,0.019775390625,16384,0.008515835701869489,1165637.0,1.521995,0.005502842,-0.9951803673615629,0.0974418607588456,0.011005461823952501,1.001864,0.0002851871,0.9908022285590443,0.09708952773847657,0.0001673303645691383,0.8560579750541208,0.8451415875718171,0.11246727309356475,3.0433734182193355
path_b_only,55.1742225459966,0.04795855173743564,0.0,0.5,0.1,0.1,0.02344580739736557,0.0014763775138973893,0.0179443359375,0.0279541015625,16384,0.05097138227285859,1165739.0,1.511475,0.005023998,-0.9929200863503744,0.11835853706468875,0.01004782692285035,1.001393,0.0002819704,0.9786422386720189,0.09708952773847657,0.0001673303645691383,0.8560579750541208,0.8451415875718171,0.08469007225422276,3.022527262695933
path_b_only,55.29471224199369,0.02008584591644548,0.0,0.5,0.1,0.1,0.034531861543655396,0.003993238936113305,0.027099609375,0.043701171875,16384,0.11100973883963518,1165868.0,1.507257,0.004570762,-0.9918949217771351,0.12673160229201966,0.009141396678206876,1.002203,0.0002727713,0.9438671701329145,0.09708952773847657,0.0001673303645691383,0.8560579750541208,0.8451415875718171,0.07200723057830194,3.01418738945801
path_b_only,55.41627327899914,0.0034394776377559,0.0,0.5,0.1,0.1,0.030686721205711365,0.002988284813752344,0.022705078125,0.0374755859375,16384,0.09018574649642258,1165996.0,1.51272,0.00411183,-0.9932282749867887,0.11588773320546253,0.008223567307900198,1.000828,0.0002802169,0.9720135377465675,0.09708952773847657,0.0001673303645691383,0.8560579750541208,0.8451415875718171,0.07084274826803494,3.0251505516298844
path_b_only,55.53844358599599,0.0007284329292321645,0.0,0.5,0.1,0.1,0.01775248348712921,0.0029034034469337974,0.0123291015625,0.02685546875,16384,0.020138246653786995,1166121.0,1.520442,0.006448244,-0.994850430935944,0.10053014415757291,0.01289613051360927,1.001253,0.0002876202,1.0,0.09708952773847657,0.0001673303645691383,0.8560579750541208,0.8451415875718171,0.12758442836380235,3.0400643834358485
path_b_only,55.65757183699316,0.012004389093035223,0.0,0.5,0.1,0.1,0.017253652215003967,0.00140339148393619,0.0126953125,0.021728515625,16384,0.017436743541199617,1166221.0,1.537676,0.005273883,-0.9977513848254967,0.06618854007356983,0.010547570418490713,1.006289,0.0002650645,0.9147333963705716,0.09708952773847657,0.0001673303645691383,0.8560579750541208,0.8451415875718171,0.15802770763524565,3.07451868856781
path_b_only,55.775017322994245,0.03505933352864103,0.0,0.5,0.1,0.1,0.05856957286596298,0.006228784796603364,0.044189453125,0.07177734375,16384,0.24118993319678944,1166346.0,1.53136,0.01697835,-0.9963164832232153,0.07874548174478795,0.0339501747050871,1.004899,0.0001675665,0.5461647720023632,0.09708952773847657,0.0001673303645691383,0.8560579750541208,0.8451415875718171,0.40705813580192807,3.0557348597286667
path_b_only,55.89610327499395,0.06793636911948264,0.0,0.5,0.1,0.1,0.1377784013748169,0.004832129633108775,0.128662109375,0.1494140625,16384,0.6701584215784538,1166458.0,-1.523394,-0.02065689,-0.9946599427321117,-0.09458192624937889,-0.04130202841398282,0.9861958,5.955599e-05,0.13785603656154788,0.09708952773847657,0.0001673303645691383,0.8560579750541208,0.8451415875718171,-2.7298707448926973,3.0382019697794544
path_b_only,56.019347529996594,0.1060744638882504,0.0,0.5,0.1,0.1,0.19643233716487885,0.002060987423587171,0.19091796875,0.201416015625,16384,0.9878084947730805,1166545.0,1.55527,-0.01142046,-0.9992571883716056,0.03103956477141391,-0.022838934004779644,0.9358932,2.403432e-05,0.0035745841506116425,0.09708952773847657,0.0001673303645691383,0.8560579750541208,0.8451415875718171,-0.6343514602149756,3.1030464836598513
path_b_only,56.143433679993905,0.14355149017313085,0.0,0.5,0.1,0.1,0.1799663081765175,0.004289875087368357,0.1708984375,0.1907958984375,16384,0.8986339962006582,1166719.0,1.46737,-0.01673091,-0.9781343042214585,0.20526569939846478,-0.03345557585309852,1.005701,0.0001031962,0.3028277505130108,0.09708952773847657,0.0001673303645691383,0.8560579750541208,0.8451415875718171,-0.16156603190271213,2.9320892002762786
path_b_only,56.26099498399708,0.17311048435243792,0.0,0.5,0.1,0.1,0.13156747072935104,0.006297818267400723,0.1168212890625,0.1451416015625,16384,0.636522101226474,1166830.0,1.451221,0.007465625,-0.9714312197643357,0.23685113385387344,0.014930695205164336,1.017181,0.0001661235,0.5407098444657643,0.09708952773847657,0.0001673303645691383,0.8560579750541208,0.8451415875718171,0.06295500740614246,2.901985243991159
path_b_only,56.37924590599869,0.1928901769809268,0.0,0.5,0.1,0.1,0.10393401980400085,0.006536537323969557,0.09326171875,0.1207275390625,16384,0.48686858538270217,1166954.0,1.495404,0.0103283,-0.9884425970799283,0.15018188253065054,0.020655131019592467,0.988656,0.0001830789,0.6048058100610865,0.09708952773847657,0.0001673303645691383,0.8560579750541208,0.8451415875718171,0.1366766359319196,2.989410302128829
path_b_only,56.49817646799784,0.19999835905002833,0.0,0.5,0.1,0.1,0.10606401413679123,0.006133597029718397,0.0916748046875,0.1187744140625,16384,0.49840392135975764,1167066.0,1.485712,0.0005810948,-0.9855555540944313,0.16934845470083393,0.0011621893383747391,1.001519,0.0001746012,0.5727578272634254,0.09708952773847657,0.0001673303645691383,0.8560579750541208,0.8451415875718171,0.00686260229427349,2.971420069762185
path_b_only,56.615568505993,0.19348112280958685,0.0,0.5,0.1,0.1,0.14007937908172607,0.006141085848203619,0.122802734375,0.1507568359375,16384,0.6826197462478675,1167177.0,1.442838,0.003950867,-0.967401465718314,0.25312441214809056,0.007901651772968688,1.002142,0.0001162939,0.35234057407234004,0.09708952773847657,0.0001673303645691383,0.8560579750541208,0.8451415875718171,0.03120634066546968,2.885556714877063
path_b_only,56.73329119099799,0.17432334078758654,0.0,0.5,0.1,0.1,0.18535640835762024,0.0017838218498682503,0.180419921875,0.1904296875,16384,0.9278249736515484,1167276.0,1.460499,-0.008161509,-0.9756375164564532,0.2187807560751232,-0.01632229315634346,0.9864314,5.884187e-05,0.13515647117524432,0.09708952773847657,0.0001673303645691383,0.8560579750541208,0.8451415875718171,-0.07446774947174095,2.9204047106597435
path_b_only,56.855198658995505,0.1439378620136766,0.0,0.5,0.1,0.1,0.19470379501581192,0.0029602477871536526,0.18603515625,0.2010498046875,16384,0.9784472893778214,1167363.0,1.456691,-0.00926119,-0.9739056798636826,0.2261961259635066,-0.01852132091292197,0.940722,2.402493e-05,0.003539087428803838,0.09708952773847657,0.0001673303645691383,0.8560579750541208,0.8451415875718171,-0.0816994270054403,2.9126446153791856
path_b_only,56.97624865399848,0.107454783242974,0.0,0.5,0.1,0.1,0.13081708550453186,0.008666871174106633,0.11083984375,0.146240234375,16384,0.6324582661508342,1167537.0,-1.526825,-0.01260565,-0.9958189765103281,-0.08780142954053563,-0.025208629327291544,0.9980536,0.0001089833,0.3247045427147099,0.09708952773847657,0.0001673303645691383,0.8560579750541208,0.8451415875718171,-2.862003504996462,3.050116533915685
path_b_only,57.099412992,0.06927374114747573,0.0,0.5,0.1,0.1,0.04710208624601364,0.005599421999115267,0.0362548828125,0.0595703125,16384,0.179085866093376,1167624.0,1.539781,-0.001158616,-0.9980740362103918,0.061990714531825815,-0.0023172299262462473,1.00864,0.0002088024,0.7020475484448032,0.09708952773847657,0.0001673303645691383,0.8560579750541208,0.8451415875718171,-0.037362878793352206,3.0795187890400304
path_b_only,57.21838961199683,0.03664823187364266,0.0,0.5,0.1,0.1,0.014033965766429901,0.0007116598240940373,0.011474609375,0.0167236328125,16384,0.0,1167786.0,1.523306,0.005521836,-0.9954320218455411,0.09483212615708371,0.011043447515375886,1.002435,0.0002862576,0.9948490060558768,0.09708952773847657,0.0001673303645691383,0.8560579750541208,0.8451415875718171,0.11593042812435606,3.045974034749949
path_b_only,57.34409523999784,0.01175679759595212,0.0,0.5,0.1,0.1,0.027834445238113403,0.004232438160920729,0.0198974609375,0.0386962890625,16384,0.07473877507541386,1167910.0,1.509713,0.005466675,-0.9924876078425432,0.12185571344754541,0.010933132175910706,1.00161,0.0002768336,0.9592237551169244,0.09708952773847657,0.0001673303645691383,0.8560579750541208,0.8451415875718171,0.08948235102534197,3.0189401603239667
path_b_only,57.46700090399827,0.0005368894110242273,0.0,0.5,0.1,0.1,0.04260845482349396,0.005946840930996718,0.029541015625,0.0543212890625,16384,0.15474986321401077,1168034.0,1.49961,0.006685487,-0.9897936361471168,0.1418794754400849,0.013370575586541708,1.003488,0.0002668626,0.9215306972739388,0.09708952773847657,0.0001673303645691383,0.8560579750541208,0.8451415875718171,0.09396146864955046,2.998597738257454
path_b_only,57.59134988399455,0.004089808732713446,0.0,0.5,0.1,0.1,0.037229232490062714,0.002110926080083458,0.031982421875,0.043212890625,16384,0.1256177965431477,1168160.0,1.507029,0.002296501,-0.9918680109865995,0.12718786601895996,0.004592985851276628,1.002467,0.0002765831,0.9582767978418597,0.09708952773847657,0.0001673303645691383,0.8560579750541208,0.8451415875718171,0.03609613904281739,3.013975769773533
path_b_only,57.711470081994776,0.0212684053592683,0.0,0.5,0.1,0.1,0.02097000926733017,0.0020074712730277014,0.0159912109375,0.0267333984375,16384,0.03756328873867985,1168288.0,1.518725,0.005551214,-0.9945207558846827,0.10394809893232568,0.011102199913296086,1.00219,0.0002872089,0.9984451755399839,0.09708952773847657,0.0001673303645691383,0.8560579750541208,0.8451415875718171,0.10640185874445818,3.0368619978554223
path_b_only,57.83023849500023,0.0491603641600326,0.0,0.5,0.1,0.1,0.016316130757331848,0.0015104188269031969,0.0125732421875,0.0216064453125,16384,0.012359441299846187,1168415.0,1.532552,0.007336394,-0.9969688401546426,0.07640586693834454,0.014672261519848621,1.007,0.0002560891,0.8808039739090401,0.09708952773847657,0.0001673303645691383,0.8560579750541208,0.8451415875718171,0.1897210266625784,3.0637120731346603
path_b_only,57.95407527099451,0.08562232273317447,0.0,0.5,0.1,0.1,0.06049612909555435,0.004550976165098446,0.04931640625,0.072021484375,16384,0.25162351653778925,1168539.0,1.543013,0.01771305,-0.9978301004477038,0.05550321618578619,0.035418690455169016,1.011454,0.0001462234,0.4654821220325884,0.09708952773847657,0.0001673303645691383,0.8560579750541208,0.8451415875718171,0.5679908643041505,3.075703583924053
path_b_only,58.07634737099579,0.12375591959167252,0.0,0.5,0.1,0.1,0.14738453924655914,0.004556645154245484,0.136962890625,0.15771484375,16384,0.7221820472222357,1168627.0,-1.543572,0.02040687,-0.9976865072891868,-0.054376433454494395,0.04080240995177051,0.977126,5.245493e-05,0.1110121226786363,0.09708952773847657,0.0001673303645691383,0.8560579750541208,0.8451415875718171,2.497855191815926,3.07355758464779
path_b_only,58.19275837699388,0.1569229413220218,0.0,0.5,0.1,0.1,0.19802580773830414,0.0009846772266451506,0.1942138671875,0.2021484375,16384,0.9964381977497696,1168714.0,1.502531,-0.008204063,-0.9905608017334446,0.13608855804395678,-0.016407389759251483,0.9237286,2.340647e-05,0.0012011425332494523,0.09708952773847657,0.0001673303645691383,0.8560579750541208,0.8451415875718171,-0.11998494663837,3.0040856682915065
path_b_only,58.31041101299343,0.182780566653747,0.0,0.5,0.1,0.1,0.17085500806570053,0.006679375682668886,0.1558837890625,0.1839599609375,16384,0.8492902461502209,1168888.0,1.490044,-0.008125675,-0.986856115383399,0.16078222664048505,-0.016250634661918506,0.9603368,0.0001073336,0.3184682336661116,0.09708952773847657,0.0001673303645691383,0.8560579750541208,0.8451415875718171,-0.10073025467039542,2.979279502029107
path_b_only,58.42907769500016,0.19752805946654278,0.0,0.5,0.1,0.1,0.11755968630313873,0.006032797095393698,0.100830078125,0.133056640625,16384,0.5606606319432004,1168999.0,1.460519,0.005867144,-0.9757090791196721,0.2187558130160044,0.011734018712627433,1.015973,0.0001872052,0.6204043322331366,0.09708952773847657,0.0001673303645691383,0.8560579750541208,0.8451415875718171,0.053588446960566305,2.9207311386765666
path_b_only,58.54900098599319,0.19881744441497992,0.0,0.5,0.1,0.1,0.09197593480348587,0.009794712798067411,0.0733642578125,0.1124267578125,16384,0.42210760175021506,1169074.0,1.473204,0.00830566,-0.9808765280277716,0.19392092767755773,0.016610556067139813,1.018436,0.0002115684,0.7125037712904253,0.09708952773847657,0.0001673303645691383,0.8560579750541208,0.8451415875718171,0.0854477659624382,2.945711383842582
path_b_only,58.66846835499746,0.18631814608618552,0.0,0.5,0.1,0.1,0.09736266732215881,0.0044059328417344465,0.0875244140625,0.106201171875,16384,0.45128034106920645,1169235.0,1.43702,0.01046916,-0.9642093939836862,0.2643140090388128,0.02093679009406961,1.016741,0.000179865,0.5926564049260377,0.09708952773847657,0.0001673303645691383,0.8560579750541208,0.8451415875718171,0.07904675548904239,2.8732415329793732
path_b_only,58.78639519499848,0.16218159299270252,0.0,0.5,0.1,0.1,0.13497765362262726,0.004939310304965505,0.1229248046875,0.146240234375,16384,0.6549905097154367,1169372.0,1.426308,0.01160426,-0.9582778627656161,0.28489471570247227,0.023206436567700092,1.018684,0.0001164169,0.35280554710560524,0.09708952773847657,0.0001673303645691383,0.8560579750541208,0.8451415875718171,0.08127674156798781,2.8517115336725234
path_b_only,58.907196717998886,0.12874372633825126,0.0,0.5,0.1,0.1,0.18341673910617828,0.004559864788104054,0.1751708984375,0.1942138671875,16384,0.9173203745757214,1169473.0,1.383491,0.008542512,-0.9305143340979742,0.3658568085925246,0.01708419283127996,1.038486,5.293769e-05,0.11283708513017374,0.09708952773847657,0.0001673303645691383,0.8560579750541208,0.8451415875718171,0.04666249469430239,2.7666109796759195
path_b_only,59.026076429996465,0.09181700794211588,0.0,0.5,0.1,0.1,0.19549988955259323,0.0015717240835409327,0.1907958984375,0.2005615234375,16384,0.9827586707791233,1169610.0,-1.547595,-0.02272065,-0.9978924229654471,-0.04633811970769942,-0.045425662902197086,0.9920092,3.801899e-05,0.056440392517381775,0.09708952773847657,0.0001673303645691383,0.8560579750541208,0.8451415875718171,-2.3661377020847745,3.0766570275529386
path_b_only,59.14728091599682,0.055363717580144606,0.0,0.5,0.1,0.1,0.13528775423765182,0.012025761937038325,0.110107421875,0.15673828125,16384,0.6566699107945531,1169685.0,1.561362,-0.01032835,-0.9996086881725627,0.018863508749355665,-0.020655230998258365,1.024225,9.779658e-05,0.28241573677415394,0.09708952773847657,0.0001673303645691383,0.8560579750541208,0.8451415875718171,-0.8307056831672255,3.113616329638096
path_b_only,59.27017946999695,0.02495161876876642,0.0,0.5,0.1,0.1,0.05153098702430725,0.004096060426426271,0.0430908203125,0.061767578125,16384,0.20307130948173038,1169823.0,1.55193,0.002757079,-0.9992730157745274,0.03772312705230803,0.005514130056184358,0.9959322,0.0002174936,0.7349026185806928,0.09708952773847657,0.0001673303645691383,0.8560579750541208,0.8451415875718171,0.14514578667527056,3.103459404924178
path_b_only,59.3891211079972,0.0060058112662190605,0.0,0.5,0.1,0.1,0.015952259302139282,0.0015782130874681824,0.011962890625,0.021728515625,16384,0.010388835358088773,1169960.0,1.525236,0.006752204,-0.9957605800752747,0.0909863133586982,0.013503997539432613,1.000216,0.0002815345,0.9769944196053498,0.09708952773847657,0.0001673303645691383,0.8560579750541208,0.8451415875718171,0.14734230339043064,3.0494794757853314
path_b_only,59.512163580999186,7.300284820843661e-05,0.0,0.5,0.1,0.1,0.02033264935016632,0.002043264669910038,0.014404296875,0.0262451171875,16384,0.03411156087743168,1170085.0,1.514028,0.00626482,-0.9934836452563887,0.11328399244756361,0.012529312160619933,1.001096,0.0002849081,0.9897475336299306,0.09708952773847657,0.0001673303645691383,0.8560579750541208,0.8451415875718171,0.11015320955192331,3.0273696767955163
path_b_only,59.63151635599934,0.008414770303344449,0.0,0.5,0.1,0.1,0.02812229096889496,0.004370296123770075,0.0198974609375,0.0396728515625,16384,0.07629765115457059,1170210.0,1.504879,0.005273205,-0.9912672610480238,0.13144578553227718,0.010546214493911457,1.002863,0.000278567,0.9657764726442567,0.09708952773847657,0.0001673303645691383,0.8560579750541208,0.8451415875718171,0.08006093113710744,3.0093392698496158
path_b_only,59.748215933999745,0.028894114782145652,0.0,0.5,0.1,0.1,0.0246087908744812,0.0032416035982756187,0.017822265625,0.0325927734375,16384,0.05726971130489799,1170335.0,1.514663,0.005545526,-0.993643597563149,0.11202408058605583,0.01109082461369585,1.003036,0.0002873161,0.9988504203299516,0.09708952773847657,0.0001673303645691383,0.8560579750541208,0.8451415875718171,0.09868235098838785,3.028781768920716
path_b_only,59.869071469998744,0.06001766547877166,0.0,0.5,0.1,0.1,0.015452779829502106,0.0013944980915198695,0.0115966796875,0.0203857421875,16384,0.0076838218086093665,1170435.0,1.526453,0.006772496,-0.9959785442121067,0.08856231636876596,0.013544577827724292,1.003849,0.000286068,0.9941322671363071,0.09708952773847657,0.0001673303645691383,0.8560579750541208,0.8451415875718171,0.15176242975991183,3.051880290637895
path_b_only,59.990254677999474,0.09693889506241729,0.0,0.5,0.1,0.1,0.02432049810886383,0.003853589230279377,0.0164794921875,0.0325927734375,16384,0.05570841423478125,1170560.0,1.555502,0.004772477,-0.9994866721943919,0.030582490507821292,0.009544809066663398,0.9923734,0.0002301048,0.7825763414840585,0.09708952773847657,0.0001673303645691383,0.8560579750541208,0.8451415875718171,0.302520824641793,3.109549815725665
both_paths,0.029839776994776912,0.10936071799107298,0.0,0.5,0.1,0.1,0.157833494246006,0.0054122171214112955,0.1480712890625,0.1748046875,16384,0.27282576254639135,1174488.0,1.441323,0.01447033,-0.9662554462471391,0.25595523945991916,0.028936620237294833,0.7288024,0.0001450118,0.22240099639855,0.22949360906779168,0.00023435049034068137,0.5875729436306311,0.653333538008324,0.11257545156996729,2.8810698609108774
both_paths,0.14662684499489842,0.14445231190551022,0.0,0.5,0.1,0.1,0.24309314787387848,0.013685060649071922,0.2203369140625,0.2672119140625,16384,0.5865062972082289,1174664.0,0.05678462,0.1090657,0.9700141256958342,0.11063985315130036,0.21640568117589917,2.058575,8.944266e-05,0.06049573030529765,0.22949360906779168,0.00023435049034068137,0.5875729436306311,0.653333538008324,1.098180305707734,0.24550740542957736
both_paths,0.26363076599955093,0.173672924689237,0.0,0.5,0.1,0.1,0.32437166571617126,0.009535282303588558,0.29833984375,0.339599609375,16384,0.8855397538132802,1174801.0,-0.4816721,-0.02476724,0.5700771388885905,-0.8200977973234665,-0.049514225650787405,0.9448908,7.555062e-05,0.020020127609662913,0.22949360906779168,0.00023435049034068137,0.5875729436306311,0.653333538008324,-3.081289854389225,0.9641965850130352
both_paths,0.38461080999695696,0.19350111463536412,0.0,0.5,0.1,0.1,0.3528187498450279,0.0007877809883203499,0.35009765625,0.356201171875,16384,0.9902000025876535,1174914.0,-1.404512,0.003995276,-0.9451766941135195,-0.32646158938266734,0.007990466968917205,0.5492263,0.0001094824,0.11888316327869965,0.22949360906779168,0.00023435049034068137,0.5875729436306311,0.653333538008324,3.1171215605845397,2.8089315846578864
both_paths,0.5068302389991004,0.19997697896279046,0.0,0.5,0.1,0.1,0.3455178663134575,0.002635238542676395,0.3385009765625,0.352294921875,16384,0.9633391727315709,1175039.0,1.517641,0.002437182,-0.9943425300998131,0.10610925312368996,0.0048743446980091,0.7234236,0.0001332771,0.1882109814725589,0.22949360906779168,0.00023435049034068137,0.5875729436306311,0.653333538008324,0.045904765669538605,3.0351707342586627
both_paths,0.6253738889936358,0.19234293926696122,0.0,0.5,0.1,0.1,0.34454773366451263,0.00298440730660754,0.337158203125,0.3502197265625,16384,0.9597699378700015,1175167.0,-1.546176,-0.04845626,-0.9941012674430996,-0.04898979678400387,-0.09676089023507922,0.6451147,0.0001229186,0.1580306385911151,0.22949360906779168,0.00023435049034068137,0.5875729436306311,0.653333538008324,-2.0394692343312095,3.0329230546156283
both_paths,0.7463752519979607,0.17151129262389533,0.0,0.5,0.1,0.1,0.3505159914493561,0.0007318421731643484,0.347900390625,0.3536376953125,16384,0.9817278770978634,1175271.0,-1.119098,-0.1327235,-0.597267329229616,-0.7579242224142714,-0.26234063831713816,0.4487968,9.393604e-05,0.07358756301240992,0.22949360906779168,0.00023435049034068137,0.5875729436306311,0.653333538008324,-2.808369261685778,2.2108859548290862
both_paths,0.8681059599985019,0.14026017450288417,0.0,0.5,0.1,0.1,0.3309556469321251,0.004254935698376709,0.32080078125,0.3404541015625,16384,0.9097630137040373,1175349.0,-0.288737,0.007733506,0.8377440722086369,-0.5458439887872958,0.015466395315799004,0.8190047,7.510599e-05,0.018724661484705016,0.22949360906779168,0.00023435049034068137,0.5875729436306311,0.653333538008324,3.1132654053342437,0.5776575506207485
both_paths,0.987705936000566,0.1038613339349392,0.0,0.5,0.1,0.1,0.24851422011852264,0.008721204324727854,0.2296142578125,0.264404296875,16384,0.6064510749287957,1175516.0,0.154964,0.2234786,0.858802262129546,0.27502980904813984,0.4322236443047955,1.132719,0.0001612078,0.2695893763095278,0.22949360906779168,0.00023435049034068137,0.5875729436306311,0.653333538008324,1.0041026814850431,0.5378691848644735
both_paths,1.1081660489944625,0.06666885819430349,0.0,0.5,0.1,0.1,0.1339690089225769,0.005721906741941152,0.125,0.1510009765625,16384,0.1850254467210922,1175631.0,0.5608767,0.2680367,0.37320787432126923,0.7744907085097168,0.510764157881812,0.9808244,0.0002988337,0.6705737709001824,0.22949360906779168,0.00023435049034068137,0.5875729436306311,0.653333538008324,0.5830134248632963,1.1883319996100152
both_paths,1.2254833069964661,0.03493981355127916,0.0,0.5,0.1,0.1,0.08742804080247879,0.0007419150703358766,0.0848388671875,0.0906982421875,16384,0.013795619453540218,1175758.0,0.8747882,0.2037422,-0.16326868406017261,0.9034870701266574,0.396300960028118,0.931459,0.0003963504,0.9546967078762785,0.22949360906779168,0.00023435049034068137,0.5875729436306311,0.653333538008324,0.4133626157107293,1.7347992189895094
both_paths,1.3465602929936722,0.011395129579357538,0.0,0.5,0.1,0.1,0.14220892637968063,0.004142378248586053,0.1279296875,0.1500244140625,16384,0.21534109548967614,1175885.0,1.030523,0.1189783,-0.45757850879438505,0.8573559721563928,0.23571729952906217,0.9738148,0.0003524561,0.8268070496689165,0.22949360906779168,0.00023435049034068137,0.5875729436306311,0.653333538008324,0.2683059266657257,2.0460662922159836
both_paths,1.4643284139965544,0.0006272779562075392,0.0,0.5,0.1,0.1,0.22675174474716187,0.006948561158552626,0.2117919921875,0.2388916015625,16384,0.5263843068904388,1176010.0,1.190035,0.1232199,-0.7019184931806228,0.6691766754174985,0.24395287661396367,0.9106088,0.0002839912,0.6273289247141681,0.22949360906779168,0.00023435049034068137,0.5875729436306311,0.653333538008324,0.34958366266338725,2.3488838007784723
both_paths,1.5867594909941545,0.003691589553791244,0.0,0.5,0.1,0.1,0.26461322605609894,0.005819949611467801,0.2506103515625,0.2763671875,16384,0.6656812567925904,1176060.0,1.215242,0.1166994,-0.7370960765203644,0.6349774740247585,0.23128549772828902,0.8799702,0.0002612387,0.5610376420564425,0.22949360906779168,0.00023435049034068137,0.5875729436306311,0.653333538008324,0.34930584999259473,2.399559461589369
both_paths,1.7070135089961695,0.020412934846491065,0.0,0.5,0.1,0.1,0.2659360021352768,0.006668014348310737,0.254638671875,0.280517578125,16384,0.6705479093075702,1176245.0,1.265141,0.1554275,-0.7796487374674843,0.5464336141848521,0.30587277004375213,0.9113802,0.0002984026,0.6693177255445624,0.22949360906779168,0.00023435049034068137,0.5875729436306311,0.653333538008324,0.5103071182862222,2.4649010202662067
both_paths,1.8245850530001917,0.04763903825720948,0.0,0.5,0.1,0.1,0.2278001829981804,0.00749883023375532,0.2125244140625,0.23974609375,16384,0.5302416374934322,1176354.0,1.116746,0.2050846,-0.5642117479739035,0.7229467322624437,0.3987644991210816,0.9592048,0.0003236617,0.7429121937471668,0.22949360906779168,0.00023435049034068137,0.5875729436306311,0.653333538008324,0.5040570872112715,2.170274540786956
both_paths,1.9470473099936498,0.08344104522153613,0.0,0.5,0.1,0.1,0.15718527883291245,0.005907919874311125,0.1455078125,0.169189453125,16384,0.27044089996833415,1176476.0,1.080349,0.2950054,-0.462231770471367,0.6905028723770684,0.5563699970396708,0.870761,0.0004118994,1.0,0.22949360906779168,0.00023435049034068137,0.5875729436306311,0.653333538008324,0.678234854640746,2.0513066511143387
both_paths,2.0699522139984765,0.12179967302632613,0.0,0.5,0.1,0.1,0.09572487324476242,0.0025366451378263447,0.0904541015625,0.10400390625,16384,0.04432066530763691,1176598.0,0.7771814,0.3799953,0.011911182284334455,0.7247446130011905,0.6889146316216139,0.8895496,0.0003780952,0.9015086791685184,0.22949360906779168,0.00023435049034068137,0.5875729436306311,0.653333538008324,0.7600580313175955,1.5588848628402394
both_paths,2.1878161749991705,0.155639585180343,0.0,0.5,0.1,0.1,0.11305879056453705,0.004252989193120922,0.102783203125,0.12451171875,16384,0.10809423488349858,1176721.0,0.3679581,0.3362037,0.5798714271614956,0.5251482157293039,0.622871158007833,1.144344,0.000238713,0.49540715987808287,0.22949360906779168,0.00023435049034068137,0.5875729436306311,0.653333538008324,0.8703165314298307,0.9522254596134782
both_paths,2.307906017995265,0.18233650737766904,0.0,0.5,0.1,0.1,0.21937433630228043,0.010481347583255203,0.2027587890625,0.2457275390625,16384,0.49924193266136213,1176844.0,-0.2013709,0.1150923,0.8957244447161783,-0.3816044870635681,0.22815725846627227,1.983375,9.27172e-05,0.070036372288114,0.22949360906779168,0.00023435049034068137,0.5875729436306311,0.653333538008324,2.6027265475769337,0.46073839387680626
both_paths,2.425238496995007,0.19725445588098184,0.0,0.5,0.1,0.1,0.31957053393125534,0.0089955920647274,0.301513671875,0.33837890625,16384,0.8678758117118073,1176956.0,-0.7363732,-0.1414294,0.09400277693511004,-0.9556492883017795,-0.27910198081846394,0.4771852,9.653494e-05,0.08115967220916467,0.22949360906779168,0.00023435049034068137,0.5875729436306311,0.653333538008324,-2.857440859661486,1.4766545535018178
both_paths,2.546268195997982,0.19894544292651378,0.0,0.5,0.1,0.1,0.3478102535009384,0.001036253400492082,0.3441162109375,0.3515625,16384,0.9717731412972828,1177067.0,-1.511386,-0.0921965,-0.9761163809715918,-0.11653171499720415,-0.18334985737309023,0.6350784,0.0001185738,0.14537170595112892,0.22949360906779168,0.00023435049034068137,0.5875729436306311,0.653333538008324,-2.1369606381639823,2.9225981311400537
both_paths,2.6649733189988183,0.18686730411471064,0.0,0.5,0.1,0.1,0.335321344435215,0.006683180316524192,0.319091796875,0.34765625,16384,0.925824940637475,1177190.0,1.499332,0.01941888,-0.9890566752108372,0.1423350970826274,0.03882799710728889,0.7829758,0.0001581989,0.2608226983449599,0.22949360906779168,0.00023435049034068137,0.5875729436306311,0.653333538008324,0.26631308752906335,2.993516034006225
both_paths,2.7815956409976934,0.16335535267031012,0.0,0.5,0.1,0.1,0.3311147019267082,0.0082468242429298,0.3074951171875,0.3421630859375,16384,0.9103481961862374,1177327.0,1.439306,0.004582785,-0.9655788589187985,0.2599489601595853,0.009165441670837148,0.7745353,0.0001548944,0.25119476543462244,0.22949360906779168,0.00023435049034068137,0.5875729436306311,0.653333538008324,0.03524402031610485,2.878456023275671
both_paths,2.905966365993663,0.1291137255557785,0.0,0.5,0.1,0.1,0.34466157108545303,0.0025816012697885624,0.337158203125,0.349609375,16384,0.9601887594526104,1177439.0,-1.385628,-0.1961138,-0.8614137315742276,-0.3344443217029102,-0.3822477975555187,0.5084559,0.0001058925,0.10842369396266983,0.22949360906779168,0.00023435049034068137,0.5875729436306311,0.653333538008324,-2.2895929857651303,2.6088429262450585
both_paths,3.0246564129993203,0.09226170327057716,0.0,0.5,0.1,0.1,0.33819805830717087,0.003912937969021164,0.330322265625,0.3468017578125,16384,0.9364087174536788,1177539.0,-0.6178992,-0.04805789,0.32724976494455704,-0.940051999380366,-0.0959678581854801,0.7412235,9.638806e-05,0.08073172523205153,0.22949360906779168,0.00023435049034068137,0.5875729436306311,0.653333538008324,-3.0398572839252385,1.2374047170456373
both_paths,3.1438316159983515,0.056336007441691816,0.0,0.5,0.1,0.1,0.26706211268901825,0.008924935726638158,0.2490234375,0.283203125,16384,0.6746910056673997,1177676.0,0.109675,0.2167174,0.8857833156801087,0.19747389005487886,0.419990452759758,1.33658,0.0001382521,0.20270605371614467,0.22949360906779168,0.00023435049034068137,0.5875729436306311,0.653333538008324,1.1312825986932564,0.4826172047014852
both_paths,3.2614011779951397,0.02680251161269108,0.0,0.5,0.1,0.1,0.1482333093881607,0.004156340817270139,0.1365966796875,0.1571044921875,16384,0.23750552617521134,1177788.0,0.3902892,0.393261,0.5018391276210521,0.49702480253229464,0.7079010069609133,1.005644,0.0002686046,0.582498798365795,0.22949360906779168,0.00023435049034068137,0.5875729436306311,0.653333538008324,0.958655254744583,1.0450726044604404
both_paths,3.3785708929935936,0.007188563789144453,0.0,0.5,0.1,0.1,0.08941259235143661,0.0008675884967928462,0.086669921875,0.09326171875,16384,0.021097023628346298,1177912.0,0.841245,0.3326119,-0.08769559292092197,0.7818760482039155,0.6172352292499806,0.9285386,0.0003864062,0.925723462166798,0.22949360906779168,0.00023435049034068137,0.5875729436306311,0.653333538008324,0.6682615776394698,1.6586047145813245
both_paths,3.5005765780006186,1.640536006208837e-07,0.0,0.5,0.1,0.1,0.13617174327373505,0.01135776112440596,0.115478515625,0.1624755859375,16384,0.1931295717038777,1178037.0,1.155664,0.2519463,-0.5908242100096662,0.6463700504607626,0.48283797565415776,0.8686332,0.0003978069,0.9589403405843755,0.22949360906779168,0.00023435049034068137,0.5875729436306311,0.653333538008324,0.6415778935002914,2.202876364597909
both_paths,3.6206924599973718,0.007102654173511372,0.0,0.5,0.1,0.1,0.21068724989891052,0.00811291402159575,0.1912841796875,0.2274169921875,16384,0.4672810954809044,1178136.0,1.198277,0.1972173,-0.6786192391320957,0.6259392899932672,0.3842862650713659,0.9426564,0.0003310082,0.764316826558725,0.22949360906779168,0.00023435049034068137,0.5875729436306311,0.653333538008324,0.5506031278496444,2.3166774349321746
both_paths,3.7372670029944857,0.026518081762197568,0.0,0.5,0.1,0.1,0.2501107528805733,0.005760421351286182,0.236572265625,0.260986328125,16384,0.6123249112522576,1178261.0,1.253158,0.2061634,-0.7374489479572299,0.543667853828531,0.4007422037548002,0.8331748,0.0002603355,0.5584060944684212,0.22949360906779168,0.00023435049034068137,0.5875729436306311,0.653333538008324,0.6351993767886901,2.4000817733417126
both_paths,3.8555746079946402,0.05616826513161816,0.0,0.5,0.1,0.1,0.251102015376091,0.0063121801403083185,0.2381591796875,0.2646484375,16384,0.6159718853643197,1178386.0,1.25489,0.1903436,-0.7491877362721606,0.5483265197147857,0.3715585601178716,0.955804,0.0003231184,0.7413292444506963,0.22949360906779168,0.00023435049034068137,0.5875729436306311,0.653333538008324,0.5955493243024552,2.4176312319374995
both_paths,3.975546301997383,0.09232519866744046,0.0,0.5,0.1,0.1,0.21416039019823074,0.013789652265395469,0.186767578125,0.244384765625,16384,0.4800591969590247,1178510.0,1.074624,0.230742,-0.4895364016147272,0.7497214046397734,0.4452773595401743,0.9029276,0.0003140369,0.7148695462436363,0.22949360906779168,0.00023435049034068137,0.5875729436306311,0.653333538008324,0.535939701537262,2.082354340362618
both_paths,4.0961368520002,0.12974520821174307,0.0,0.5,0.1,0.1,0.153323233127594,0.00666597831401468,0.1422119140625,0.169921875,16384,0.25623196866044634,1178635.0,1.043249,0.3218049,-0.3944841483862462,0.6959007902039592,0.6000869494210678,0.8494186,0.0004057212,0.981999305460237,0.22949360906779168,0.00023435049034068137,0.5875729436306311,0.653333538008324,0.7116012891680192,1.9763027323479405
both_paths,4.213770464994013,0.16222234323066353,0.0,0.5,0.1,0.1,0.09591168165206909,0.003010142385208704,0.08984375,0.1048583984375,16384,0.04500795593796298,1178734.0,0.8171379,0.3935504,-0.04478018625022589,0.7044800221492714,0.7083097015514873,0.8818254,0.0003849446,0.9214649701886624,0.22949360906779168,0.00023435049034068137,0.5875729436306311,0.653333538008324,0.7881088782036478,1.6155914925901096
both_paths,4.330225674995745,0.18611027102746952,0.0,0.5,0.1,0.1,0.11211191117763519,0.007810143466448717,0.10205078125,0.131591796875,16384,0.10461055157368804,1178859.0,0.4061707,0.4429876,0.43505765621942605,0.4591565118297694,0.7745322029516775,0.9342746,0.0002770193,0.6070157198548605,0.22949360906779168,0.00023435049034068137,0.5875729436306311,0.653333538008324,1.035674559453053,1.1206940171927406
both_paths,4.448561211000197,0.1986971155491954,0.0,0.5,0.1,0.1,0.21859994530677795,0.008435834879648564,0.2015380859375,0.23388671875,16384,0.49639285491860297,1178983.0,-0.1201851,0.1452543,0.9305529042079852,-0.22808699246209502,0.2864395509347135,1.537691,0.000106624,0.11055497945939002,0.22949360906779168,0.00023435049034068137,0.5875729436306311,0.653333538008324,2.243266794092115,0.37487635051622464
both_paths,4.567644302995177,0.1977504421784356,0.0,0.5,0.1,0.1,0.32152266800403595,0.007010307653281245,0.3094482421875,0.33642578125,16384,0.8750579480872855,1179097.0,-0.3954783,-0.1963579,0.6496356866808042,-0.6568980463985232,-0.38269887800797586,0.408739,8.489644e-05,0.04724994390625558,0.22949360906779168,0.00023435049034068137,0.5875729436306311,0.653333538008324,-2.614076808945307,0.8636911929707657
both_paths,4.687221369000326,0.1831955609374466,0.0,0.5,0.1,0.1,0.3474055156111717,0.0009724294832309997,0.3438720703125,0.350830078125,16384,0.9702840618528125,1179210.0,-1.555059,-0.08698924,-0.9844160709141285,-0.030994390399996092,-0.1731021290733365,0.6339405,0.0001204944,0.15096753223274312,0.22949360906779168,0.00023435049034068137,0.5875729436306311,0.653333538008324,-1.7479714691909276,2.964818364644225
both_paths,4.804360167996492,0.15766486451015882,0.0,0.5,0.1,0.1,0.33314961194992065,0.00457240541154904,0.3212890625,0.34228515625,16384,0.9178348752531734,1179286.0,1.475823,0.01091976,-0.9817801249247963,0.1887614830831557,0.021837783928292786,0.8031972,0.0001595757,0.2648341185389235,0.22949360906779168,0.00023435049034068137,0.5875729436306311,0.653333538008324,0.11517779964468344,2.9504096376975766
both_paths,4.921133765994455,0.12452383874907166,0.0,0.5,0.1,0.1,0.328631192445755,0.005552127346955391,0.3177490234375,0.3397216796875,16384,0.9012110656834168,1179452.0,1.471039,0.01739747,-0.9795696100625185,0.19807367240967397,0.03478791945648353,0.7923715,0.0001581777,0.2607609303989169,0.22949360906779168,0.00023435049034068137,0.5875729436306311,0.653333538008324,0.1738580577869211,2.939106415749793
both_paths,5.042579594999552,0.08666308361253092,0.0,0.5,0.1,0.1,0.3441492021083832,0.00254525424763406,0.3375244140625,0.349853515625,16384,0.9583036922744947,1179502.0,1.493465,-0.03486792,-0.9856620079065974,0.1536723686468444,-0.06967933182804692,0.728268,0.0001352325,0.1939082004203192,0.22949360906779168,0.00023435049034068137,0.5875729436306311,0.653333538008324,-0.42570086994846745,2.9720498170764196
both_paths,5.166306742998131,0.050097956341263176,0.0,0.5,0.1,0.1,0.3422701060771942,0.001986218337233268,0.337158203125,0.3468017578125,16384,0.9513902716509843,1179691.0,-0.3506264,-0.0537454,0.7596248283948007,-0.6414516972487093,-0.10728392322673437,1.254136,6.867931e-05,0.0,0.22949360906779168,0.00023435049034068137,0.5875729436306311,0.653333538008324,-2.97587475341908,0.7080602725151534
both_paths,5.289739264997479,0.021034729901820523,0.0,0.5,0.1,0.1,0.2759236693382263,0.013925431047849941,0.2392578125,0.298095703125,16384,0.7072937398960903,1179829.0,0.1308981,0.1782157,0.9052162174463619,0.24254886161529376,0.34893215587163345,1.50384,0.0001302558,0.17940817508672055,0.22949360906779168,0.00023435049034068137,0.5875729436306311,0.653333538008324,0.9633547033361207,0.4389080756208436
both_paths,5.408332081999106,0.004118138165534496,0.0,0.5,0.1,0.1,0.15402058511972427,0.005662144769451151,0.14013671875,0.1654052734375,16384,0.25879761063095763,1179941.0,0.5223039,0.3218457,0.4017355383789684,0.6916833578381912,0.6001522221012308,0.8823636,0.0002906433,0.6467103659345814,0.22949360906779168,0.00023435049034068137,0.5875729436306311,0.653333538008324,0.7146628253285812,1.157385068837542
both_paths,5.530577967998397,0.00046105526730731705,0.0,0.5,0.1,0.1,0.08898770809173584,0.001077612884358871,0.0859375,0.09375,16384,0.019533823262390695,1180066.0,0.8621752,0.3535356,-0.1162839698329029,0.7513221888308103,0.6496098882640109,0.9001456,0.000394199,0.9484284267858564,0.22949360906779168,0.00023435049034068137,0.5875729436306311,0.653333538008324,0.7129220250529396,1.687343968777331
both_paths,5.652937114995439,0.011322041666144311,0.0,0.5,0.1,0.1,0.126375250518322,0.009354795552205211,0.1082763671875,0.14306640625,16384,0.15708709493354994,1180191.0,1.129867,0.3250801,-0.5060227686314005,0.6144395845444388,0.6053139305942575,0.8308628,0.0003911235,0.9394677042360778,0.22949360906779168,0.00023435049034068137,0.5875729436306311,0.653333538008324,0.7779167472119877,2.1013636712569554
both_paths,5.770556846000545,0.03400013777087252,0.0,0.5,0.1,0.1,0.18890580534934998,0.012340011821569762,0.16455078125,0.210693359375,16384,0.38714453755123773,1180316.0,1.07872,0.2064119,-0.5070645272505515,0.7628408289522451,0.40119750109843194,0.9214054,0.0003062106,0.6920669766155005,0.22949360906779168,0.00023435049034068137,0.5875729436306311,0.653333538008324,0.48417231012831774,2.102571907683309
both_paths,5.8935877889962285,0.06718883889912813,0.0,0.5,0.1,0.1,0.2255041003227234,0.012526267071256912,0.1978759765625,0.2476806640625,16384,0.521794072782359,1180416.0,1.213327,0.1557923,-0.7187730121478576,0.6240046754254219,0.30656732059224684,0.9529204,0.0003474398,0.8121916464738413,0.22949360906779168,0.00023435049034068137,0.5875729436306311,0.653333538008324,0.45665544367802813,2.3728322033768827
both_paths,6.013567249996413,0.10426098686196258,0.0,0.5,0.1,0.1,0.21755040436983109,0.010580002053120709,0.1964111328125,0.2371826171875,16384,0.49253146740126785,1180541.0,1.191096,0.1615948,-0.687700658999698,0.6528420335431313,0.3175926366442555,0.9297108,0.0003503616,0.8207045514148079,0.22949360906779168,0.00023435049034068137,0.5875729436306311,0.653333538008324,0.4527708041314371,2.3291134480083793
both_paths,6.134624264996091,0.1410438245966261,0.0,0.5,0.1,0.1,0.181930810213089,0.011258680285552974,0.1639404296875,0.20458984375,16384,0.3614826903526138,1180667.0,1.108494,0.1763128,-0.5650994669312343,0.749257608097666,0.3453630396869346,0.8561168,0.0003817559,0.912174430115673,0.22949360906779168,0.00023435049034068137,0.5875729436306311,0.653333538008324,0.43191455916453947,2.171350138045952
both_paths,6.258779941999819,0.17263394612109484,0.0,0.5,0.1,0.1,0.122542604804039,0.003245692485382846,0.114501953125,0.1319580078125,16384,0.1429863297337173,1180791.0,0.8560528,0.2738996,-0.12023081252176857,0.845163758249995,0.5208097286544283,0.9200416,0.0003767529,0.8975977775659927,0.22949360906779168,0.00023435049034068137,0.5875729436306311,0.653333538008324,0.5522631813264889,1.691318704996676
both_paths,6.3778082040007575,0.19272196577759648,0.0,0.5,0.1,0.1,0.08842449635267258,0.0008005388476584531,0.085693359375,0.091796875,16384,0.017461699439224793,1180916.0,0.6585561,0.3803523,0.18179157749275632,0.7011671331982038,0.6894319935100978,0.8966154,0.0003478967,0.8135228622543629,0.22949360906779168,0.00023435049034068137,0.5875729436306311,0.653333538008324,0.7769594545695528,1.3879882450126315
both_paths,6.498153027998342,0.19999831659289735,0.0,0.5,0.1,0.1,0.134683296084404,0.009315762696234128,0.119140625,0.1549072265625,16384,0.1876533952206479,1181042.0,0.1099291,0.3310562,0.7697101513077313,0.17200753964495072,0.6147842623873192,1.123653,0.000192095,0.3595817773953733,0.22949360906779168,0.00023435049034068137,0.5875729436306311,0.653333538008324,1.2979868160215213,0.6924093277335845
both_paths,6.619576729994151,0.19302651743795513,0.0,0.5,0.1,0.1,0.24868520349264145,0.009730673265328907,0.2313232421875,0.265625,16384,0.6070801433560024,1181144.0,-0.1089598,0.1381664,0.9393090158175972,-0.20799683347055556,0.27282941569779257,1.353371,0.0001007778,0.09352159426331948,0.22949360906779168,0.00023435049034068137,0.5875729436306311,0.653333538008324,2.2221670466631016,0.3501857137300779
both_paths,6.737704197999847,0.1733886902980712,0.0,0.5,0.1,0.1,0.33273912221193314,0.003135518481071196,0.32421875,0.3404541015625,16384,0.9163246340663264,1181259.0,-0.694998,-0.2775428,0.15281836163645388,-0.8360027701223776,-0.527016049750348,0.4496131,8.80866e-05,0.056544737809491256,0.22949360906779168,0.00023435049034068137,0.5875729436306311,0.653333538008324,-2.579119695635719,1.417376819976047
both_paths,6.85913362899737,0.14282404559122655,0.0,0.5,0.1,0.1,0.3449667692184448,0.0015997974021363238,0.33984375,0.349609375,16384,0.9613116201429963,1181400.0,1.474778,-0.04769024,-0.9771558411955615,0.18999100081513803,-0.09523592613429381,0.731525,0.0001375121,0.20055000276935997,0.22949360906779168,0.00023435049034068137,0.5875729436306311,0.653333538008324,-0.4646594632707095,2.9274353819571446
both_paths,6.976564898999641,0.10735570473388932,0.0,0.5,0.1,0.1,0.33126769214868546,0.003447151173466291,0.3233642578125,0.3416748046875,16384,0.9109110656395583,1181476.0,1.435226,0.02212432,-0.962522969806959,0.2675684360390933,0.04423420203401166,0.818759,0.0001631853,0.2753509854274556,0.22949360906779168,0.00023435049034068137,0.5875729436306311,0.653333538008324,0.16383735113934383,2.866952939904661
both_paths,7.097588420998363,0.0698197198562285,0.0,0.5,0.1,0.1,0.3309294581413269,0.005136916314930535,0.320068359375,0.3397216796875,16384,0.909666661988423,1181640.0,1.465729,-0.01954365,-0.977255826409015,0.2084322687225034,-0.03907734771991752,0.7553694,0.0001463586,0.22632500912169798,0.22949360906779168,0.00023435049034068137,0.5875729436306311,0.653333538008324,-0.18533078889977928,2.927906357375335
both_paths,7.220560557994759,0.03612200909674394,0.0,0.5,0.1,0.1,0.34394440054893494,0.0021252044726930903,0.338623046875,0.3497314453125,16384,0.9575502026702829,1181753.0,-1.461465,-0.1675417,-0.9218956432011676,-0.20485961120760923,-0.3288479325502483,0.5439754,0.0001124978,0.12766877952861092,0.22949360906779168,0.00023435049034068137,0.5875729436306311,0.653333538008324,-2.12792843293448,2.7437414384493457
both_paths,7.342587555998762,0.011980611849668893,0.0,0.5,0.1,0.1,0.3383586034178734,0.0031954411373423084,0.3304443359375,0.3468017578125,16384,0.9369993822525567,1181854.0,-0.4456361,-0.2240226,0.5663948515695904,-0.7010925220490886,-0.4332045101823272,0.4046958,9.08337e-05,0.06454863991207505,0.22949360906779168,0.00023435049034068137,0.5875729436306311,0.653333538008324,-2.5881158328913245,0.9686715498543006
both_paths,7.468583513997146,0.00048666754705148363,0.0,0.5,0.1,0.1,0.2628702446818352,0.008285637418605418,0.24267578125,0.2763671875,16384,0.6592686183860235,1181991.0,0.12443,0.2540559,0.846750465697568,0.2151829571679732,0.4865284614340646,1.000748,0.000148985,0.23397724183336702,0.22949360906779168,0.00023435049034068137,0.5875729436306311,0.653333538008324,1.1543788953237755,0.5609493161154743
both_paths,7.589514305000193,0.003928173217384659,0.0,0.5,0.1,0.1,0.1494653970003128,0.009050313415443417,0.1337890625,0.17138671875,16384,0.24203852489717367,1182129.0,0.524294,0.3295712,0.3943065801824128,0.6851573788452372,0.6124391292518584,1.025833,0.0002914698,0.649118441755551,0.22949360906779168,0.00023435049034068137,0.5875729436306311,0.653333538008324,0.729415994169412,1.1654831526159106
both_paths,7.7088473069961765,0.02076306580871415,0.0,0.5,0.1,0.1,0.08958497643470764,0.0009449283916339781,0.0869140625,0.093505859375,16384,0.02173124543323021,1182229.0,0.8110321,0.3700293,-0.03784110462993548,0.737458815191616,0.674331184727923,0.8870822,0.0003848273,0.9211232069777734,0.22949360906779168,0.00023435049034068137,0.5875729436306311,0.653333538008324,0.7407133246508688,1.6086464683391395
both_paths,7.826725783997972,0.04821318600119473,0.0,0.5,0.1,0.1,0.12718500941991806,0.006610144048452206,0.1121826171875,0.139892578125,16384,0.1600662954626593,1182355.0,0.957164,0.2460704,-0.29684247995685253,0.8298284999284233,0.4725137064674508,0.926907,0.0003628453,0.8570768395288282,0.22949360906779168,0.00023435049034068137,0.5875729436306311,0.653333538008324,0.517624063705302,1.8721807153531638
both_paths,7.949761338997632,0.0842825034330742,0.0,0.5,0.1,0.1,0.17934666574001312,0.014853163265534668,0.1451416015625,0.2041015625,16384,0.3519753115929507,1182480.0,1.033829,0.1997783,-0.4391235233674684,0.809840616771552,0.3890099055967761,0.9360886,0.0003105055,0.7045805214956968,0.22949360906779168,0.00023435049034068137,0.5875729436306311,0.653333538008324,0.4478073717964155,2.025419199006377
both_paths,8.07217201799358,0.12247973726957394,0.0,0.5,0.1,0.1,0.21064532548189163,0.007110411012436078,0.194091796875,0.223876953125,16384,0.4671268505011715,1182605.0,1.135212,0.2222304,-0.5813700516620701,0.690748644826195,0.42997113007877286,0.86671,0.0003045112,0.6871156347520333,0.22949360906779168,0.00023435049034068137,0.5875729436306311,0.653333538008324,0.556778777225607,2.1912078628591525
both_paths,8.19549089299835,0.15762663066721114,0.0,0.5,0.1,0.1,0.20406219363212585,0.01225627896085897,0.1817626953125,0.2244873046875,16384,0.4429067155309207,1182729.0,1.061958,0.210901,-0.4792992576869851,0.7763115502930454,0.409405176399021,0.968254,0.0003245513,0.7455041166150851,0.22949360906779168,0.00023435049034068137,0.5875729436306311,0.653333538008324,0.48530486964934827,2.070652436111561
both_paths,8.318590928000049,0.18419476998837872,0.0,0.5,0.1,0.1,0.1656399369239807,0.012985133159450943,0.143310546875,0.19384765625,16384,0.3015466053933716,1182854.0,1.030142,0.2378921,-0.4179533697712249,0.7845497355388725,0.4580356898351512,0.9672108,0.0003892277,0.9339441347970044,0.22949360906779168,0.00023435049034068137,0.5875729436306311,0.653333538008324,0.5284373503119246,2.001987640566584
both_paths,8.437753473997873,0.19809403221967192,0.0,0.5,0.1,0.1,0.1100146546959877,0.005380981126788207,0.0985107421875,0.120849609375,16384,0.0968944923769483,1182979.0,0.8812296,0.3666352,-0.14153324324044744,0.7293844832813258,0.6693030827706337,0.8649322,0.0003973203,0.9575225914077465,0.22949360906779168,0.00023435049034068137,0.5875729436306311,0.653333538008324,0.7424689995399896,1.71280640525268
both_paths,8.557482329000777,0.1983738601314714,0.0,0.5,0.1,0.1,0.09211427718400955,0.0018178902795970761,0.08740234375,0.09765625,16384,0.031036847527562895,1183078.0,0.5543087,0.4490349,0.27784923759798585,0.5577448487681659,0.7821256196026274,0.8932104,0.0003256372,0.7486679757003735,0.22949360906779168,0.00023435049034068137,0.5875729436306311,0.653333538008324,0.9513230343074346,1.289241865458032
both_paths,8.674837565995404,0.1852906685114075,0.0,0.5,0.1,0.1,0.1659637689590454,0.012324038604366386,0.1446533203125,0.1920166015625,16384,0.30273802245381476,1183203.0,0.08921212,0.2178669,0.8921685364239746,0.160895508475647,0.4220757490871349,1.742046,0.0001376477,0.20094508453744644,0.22949360906779168,0.00023435049034068137,0.5875729436306311,0.653333538008324,1.2066006686408217,0.46867288200549306
both_paths,8.791549311994459,0.1609053881595564,0.0,0.5,0.1,0.1,0.2797027751803398,0.009449330312446094,0.261962890625,0.2996826171875,16384,0.7211975254576857,1183278.0,-0.04269299,0.0849055,0.9820259569400737,-0.08405562469508077,0.16899607052547774,2.335635,7.598864e-05,0.021296334955217773,0.22949360906779168,0.00023435049034068137,0.5875729436306311,0.653333538008324,2.032347443619263,0.1898849494376827
both_paths,8.913239323999733,0.12692042683827995,0.0,0.5,0.1,0.1,0.3413737490773201,0.0034153317352842933,0.3321533203125,0.3489990234375,16384,0.9480924662881383,1183390.0,-0.406051,-0.305908,0.5631802537561754,-0.5940911890969155,-0.5743549954658206,0.2443669,8.783792e-05,0.055820188148077224,0.22949360906779168,0.00023435049034068137,0.5875729436306311,0.653333538008324,-2.37308385768588,0.9725669220497615
both_paths,9.030544028995791,0.09041902925863468,0.0,0.5,0.1,0.1,0.34410055726766586,0.0025989137970438988,0.337646484375,0.3505859375,16384,0.9581247220465444,1183553.0,1.48985,-0.03149811,-0.9849663131163787,0.16086666914398676,-0.06295456126800249,0.7183376,0.0001410506,0.21085971395205913,0.22949360906779168,0.00023435049034068137,0.5875729436306311,0.653333538008324,-0.37302402461989104,2.96797521636814
both_paths,9.149189218995161,0.05482804921461403,0.0,0.5,0.1,0.1,0.33264555037021637,0.006223451846346352,0.3194580078125,0.343994140625,16384,0.9159803719905371,1183653.0,1.503766,0.01434048,-0.9906197405988115,0.13360448196155253,0.028677028014219993,0.7793908,0.0001555187,0.25301371490229485,0.22949360906779168,0.00023435049034068137,0.5875729436306311,0.653333538008324,0.21143319950707262,3.004516316662802
both_paths,9.266782882994448,0.025661092155622803,0.0,0.5,0.1,0.1,0.33836274594068527,0.0030034551825161787,0.329833984375,0.346923828125,16384,0.9370146230929213,1183768.0,1.514666,-0.02878803,-0.9920587745643423,0.11183937851671942,-0.057544254473311574,0.7307925,0.0001404236,0.20903289781201326,0.22949360906779168,0.00023435049034068137,0.5875729436306311,0.653333538008324,-0.4752006673866638,3.0154835083182703
both_paths,9.386756826999772,0.006261931610729798,0.0,0.5,0.1,0.1,0.34796828776597977,0.0007395006295954635,0.3455810546875,0.35107421875,16384,0.9723545683925584,1183908.0,-1.23388,-0.2409235,-0.6924619941419033,-0.5529388572081512,-0.46341666657378894,0.4675103,9.846754e-05,0.08679046147910513,0.22949360906779168,0.00023435049034068137,0.5875729436306311,0.653333538008324,-2.4440493255303806,2.3356923587980023
both_paths,9.50717628399434,2.541268708342037e-05,0.0,0.5,0.1,0.1,0.3266487121582031,0.004604971059372052,0.314453125,0.337158203125,16384,0.893917281928793,1183983.0,-0.5359372,-0.1829451,0.44680653756108396,-0.8199737078784031,-0.3577807099059686,0.3758348,9.486458e-05,0.07629294077744692,0.22949360906779168,0.00023435049034068137,0.5875729436306311,0.653333538008324,-2.730163045856502,1.1076037706525719
both_paths,9.625533015998371,0.007676257320854321,0.0,0.5,0.1,0.1,0.23640507459640503,0.013961631141037758,0.2059326171875,0.261474609375,16384,0.5619000700859365,1184145.0,0.232866,0.2865273,0.7507563905295169,0.3773363261845715,0.5422011979151485,1.057925,0.0001725723,0.30270078304565445,0.22949360906779168,0.00023435049034068137,0.5875729436306311,0.653333538008324,0.9628043407363682,0.7215899502025853
both_paths,9.745584363998205,0.02831524917891641,0.0,0.5,0.1,0.1,0.13225651532411575,0.007783361101817151,0.1162109375,0.15185546875,16384,0.17872497651375535,1184281.0,0.5840205,0.4522732,0.2422445509967822,0.568589295085295,0.786144891878574,0.8712878,0.0003320268,0.7672846015511505,0.22949360906779168,0.00023435049034068137,0.5875729436306311,0.653333538008324,0.944627806329124,1.3261176846734437
both_paths,9.863651476000086,0.05846281739652376,0.0,0.5,0.1,0.1,0.09062454104423523,0.001127404238700992,0.0872802734375,0.0953369140625,16384,0.02555592884040669,1184405.0,0.9167308,0.4161528,-0.1747928512095477,0.6500836865231556,0.7394854019400926,0.8776516,0.0003953625,0.9518183798623211,0.22949360906779168,0.00023435049034068137,0.5875729436306311,0.653333538008324,0.8496473373547628,1.7464917033679381
both_paths,9.981278963998193,0.09412200318588668,0.0,0.5,0.1,0.1,0.13446933776140213,0.005409199287750758,0.125732421875,0.1480712890625,16384,0.18686621678045032,1184504.0,1.149086,0.3532213,-0.5057823552160434,0.5681655067913144,0.6491318556693093,0.8468996,0.000398227,0.9601643365340299,0.22949360906779168,0.00023435049034068137,0.5875729436306311,0.653333538008324,0.8518135428732325,2.1010849603504
both_paths,10.101574230000551,0.13137167311383133,0.0,0.5,0.1,0.1,0.18643274158239365,0.008908505467465537,0.1715087890625,0.2100830078125,16384,0.3780458380883293,1184627.0,1.169821,0.27683,-0.591431364009793,0.6113420780583293,0.5258039608645405,0.8886508,0.0003379496,0.7845411671560367,0.22949360906779168,0.00023435049034068137,0.5875729436306311,0.653333538008324,0.7103178078320171,2.2036291177086187
both_paths,10.222398965997854,0.1643212862074496,0.0,0.5,0.1,0.1,0.21033956110477448,0.009755469728325233,0.188232421875,0.23046875,16384,0.46600190653044793,1184751.0,1.228498,0.245498,-0.6831570129655856,0.5576558451320929,0.4715044581188496,0.883631,0.0003432591,0.8000108326992164,0.22949360906779168,0.00023435049034068137,0.5875729436306311,0.653333538008324,0.7018825094601984,2.3228733357290228
both_paths,10.341614813994966,0.18787393718530698,0.0,0.5,0.1,0.1,0.19862183928489685,0.006606381902180014,0.1868896484375,0.2144775390625,16384,0.4228909966325418,1184875.0,1.206281,0.2537641,-0.6518087021453041,0.5821781735952716,0.48601850787488354,0.8757386,0.0003700639,0.8781088251564761,0.22949360906779168,0.00023435049034068137,0.5875729436306311,0.653333538008324,0.6956195923401292,2.2807632706499366
both_paths,10.465730691998033,0.19942102355310845,0.0,0.5,0.1,0.1,0.16913480311632156,0.010064814748838441,0.1517333984375,0.1905517578125,16384,0.3144046390486558,1184999.0,1.168068,0.3533637,-0.5268544721922126,0.5484258654088341,0.649348469838527,0.8376429,0.0003945541,0.9494630398820769,0.22949360906779168,0.00023435049034068137,0.5875729436306311,0.653333538008324,0.8694580575076856,2.125691814396523
both_paths,10.588548312996863,0.19615560640459492,0.0,0.5,0.1,0.1,0.10793393105268478,0.005621146821702352,0.096923828125,0.12060546875,16384,0.08923925948374997,1185123.0,0.848023,0.4526401,-0.0771352683763758,0.6126282908854085,0.7865981995779852,0.8459318,0.0003840022,0.9187192101721086,0.22949360906779168,0.00023435049034068137,0.5875729436306311,0.653333538008324,0.9090962822266011,1.648008291239082
both_paths,10.708950599000673,0.1792171340823627,0.0,0.5,0.1,0.1,0.09555074572563171,0.002378523005285777,0.0899658203125,0.102294921875,16384,0.043680029192239844,1185247.0,0.4948987,0.460665,0.3319289141984962,0.505529062176242,0.7964066569374069,0.8852384,0.0003085063,0.6987556876405457,0.22949360906779168,0.00023435049034068137,0.5875729436306311,0.653333538008324,1.0052075846810586,1.2324486372809962
both_paths,10.826579811997362,0.15182603864808047,0.0,0.5,0.1,0.1,0.18224656581878662,0.013679353956280352,0.16162109375,0.211181640625,16384,0.36264439325666276,1185347.0,0.07593468,0.2707447,0.8470785712788866,0.1296435289526024,0.5154128922338242,1.249867,0.0001618533,0.27147009372324327,0.22949360906779168,0.00023435049034068137,0.5875729436306311,0.653333538008324,1.3243750367089273,0.5603322619654414
both_paths,10.947713043999102,0.1163526595244926,0.0,0.5,0.1,0.1,0.2934567481279373,0.0066129413696620915,0.2774658203125,0.3055419921875,16384,0.7718000485075379,1185422.0,-0.007710824,0.2042798,0.917584903944821,-0.014151793310459241,0.39728789410032567,0.8321965,0.0001227606,0.157570292578153,0.22949360906779168,0.00023435049034068137,0.5875729436306311,0.653333538008324,1.606402275389418,0.4088341856528937
both_paths,11.068883789994288,0.07852803178317025,0.0,0.5,0.1,0.1,0.345234639942646,0.001573772449149962,0.3402099609375,0.3492431640625,16384,0.9622971488006007,1185534.0,-0.7343353,-0.2533611,0.0891374698791198,-0.8697843892303271,-0.48531394757906554,0.5672758,8.803162e-05,0.056384549051309886,0.22949360906779168,0.00023435049034068137,0.5875729436306311,0.653333538008324,-2.6326507319267676,1.4815403927357713
both_paths,11.189543857995886,0.04391024155612956,0.0,0.5,0.1,0.1,0.3408331871032715,0.003777113033281472,0.330810546875,0.34912109375,16384,0.9461036736784766,1185721.0,1.465435,-0.03386437,-0.9756380153895076,0.20868706355810526,-0.06767697119639912,0.7425467,0.0001404169,0.20901337681019774,0.22949360906779168,0.00023435049034068137,0.5875729436306311,0.653333538008324,-0.31359758695714657,2.920406984867107
both_paths,11.309472739994817,0.017385161519463246,0.0,0.5,0.1,0.1,0.3325764313340187,0.003291077310758608,0.32470703125,0.341064453125,16384,0.9157260747314323,1185846.0,1.445425,0.00664951,-0.9686427537983506,0.248101515528809,0.013298627983969738,0.7998812,0.0001589311,0.26295602334933244,0.22949360906779168,0.00023435049034068137,0.5875729436306311,0.653333538008324,0.05355031246043396,2.890504979658586
both_paths,11.431647430996236,0.002296730091152388,0.0,0.5,0.1,0.1,0.3414207845926285,0.0031158664496870217,0.3323974609375,0.3477783203125,16384,0.9482655156140765,1185970.0,1.569399,-0.1035024,-0.9786470841464388,0.0027349867070171736,-0.2055295709609341,0.6505574,0.0001220392,0.15546843426327403,0.22949360906779168,0.00023435049034068137,0.5875729436306311,0.653333538008324,-1.5574900892686092,2.934569260141117
both_paths,11.550779953999154,0.001269793505832409,0.0,0.5,0.1,0.1,0.34484440088272095,0.0024735172436861435,0.337158203125,0.349853515625,16384,0.9608614122974065,1186095.0,-0.7276525,-0.1920058,0.10684211452166642,-0.9209926468980238,-0.37464290587746507,0.5858845,9.17812e-05,0.06730925919866751,0.22949360906779168,0.00023435049034068137,0.5875729436306311,0.653333538008324,-2.7552537346594494,1.463749889595969
both_paths,11.67181911199441,0.014218113842465047,0.0,0.5,0.1,0.1,0.3081524595618248,0.010388104416292718,0.287109375,0.327880859375,16384,0.825867340874662,1186207.0,-0.1889671,0.07837628,0.9180335944520307,-0.36447708689776553,0.1561114108065228,1.896116,8.6443e-05,0.05175597384174101,0.22949360906779168,0.00023435049034068137,0.5875729436306311,0.653333538008324,2.736916581011519,0.4077040434402803
both_paths,11.78942389099393,0.03856638495732187,0.0,0.5,0.1,0.1,0.19837729632854462,0.011798771425603557,0.17626953125,0.223388671875,16384,0.42199129364253013,1186257.0,-0.01295971,0.1988445,0.9216488033823236,-0.023893953449759,0.38728873235929767,1.652431,0.0001228338,0.15778356680694305,0.22949360906779168,0.00023435049034068137,0.5875729436306311,0.653333538008324,1.632413679490183,0.39848784045095476
both_paths,11.911605163993954,0.07258549622820745,0.0,0.5,0.1,0.1,0.09888260066509247,0.004211440135081819,0.0908203125,0.1080322265625,16384,0.055938324814544194,1186444.0,0.7117671,0.4332747,0.09500210869027799,0.6404523214177816,0.7620993526666816,0.884662,0.000363245,0.858241398398328,0.22949360906779168,0.00023435049034068137,0.5875729436306311,0.653333538008324,0.8719143116482613,1.4756507292181535
both_paths,12.034777470995323,0.11090394107146517,0.0,0.5,0.1,0.1,0.10543090850114822,0.005017167057492569,0.0947265625,0.11572265625,16384,0.08003033804403221,1186569.0,0.9683118,0.3242608,-0.2850963922396734,0.7442401488276675,0.6040088145092698,0.9119098,0.0003832354,0.9164850752180619,0.22949360906779168,0.00023435049034068137,0.5875729436306311,0.653333538008324,0.6817608400269002,1.8599033193020238
both_paths,12.156270177998522,0.14714526417954793,0.0,0.5,0.1,0.1,0.17426970601081848,0.008759319647346902,0.1553955078125,0.1943359375,16384,0.3332965652628135,1186694.0,1.137779,0.2689934,-0.5563379794022274,0.6541604368514484,0.512408211812583,0.9445652,0.0003334313,0.7713767279765005,0.22949360906779168,0.00023435049034068137,0.5875729436306311,0.653333538008324,0.6644788543807745,2.1607685952164495
both_paths,12.276230231000227,0.17629103219470488,0.0,0.5,0.1,0.1,0.23608022183179855,0.011188357323046409,0.213134765625,0.2562255859375,16384,0.5607048976385688,1186819.0,1.221778,0.2053716,-0.7023841883957854,0.5892565581583207,0.39929082203201655,0.9419566,0.0002886111,0.6407893838615333,0.22949360906779168,0.00023435049034068137,0.5875729436306311,0.653333538008324,0.5955459910948759,2.349537841660793
both_paths,12.396562347996223,0.19476638276102196,0.0,0.5,0.1,0.1,0.2614167556166649,0.012572875977866932,0.24609375,0.291748046875,16384,0.6539210570520575,1186919.0,1.358853,0.2007946,-0.838979386846891,0.3785830994228678,0.3908816000752527,0.8337149,0.0002662761,0.5757145218393248,0.22949360906779168,0.00023435049034068137,0.5875729436306311,0.653333538008324,0.8013799927820329,2.5662012639496834
both_paths,12.519679922996147,0.1998089362953431,0.0,0.5,0.1,0.1,0.2529853582382202,0.008735665606582453,0.2322998046875,0.2681884765625,16384,0.6229009305903622,1187043.0,1.293028,0.2077402,-0.7773342154007502,0.48252952207732464,0.40362950572415884,0.9043224,0.000322388,0.7392011638945728,0.22949360906779168,0.00023435049034068137,0.5875729436306311,0.653333538008324,0.6965963690526795,2.4612134390662765
both_paths,12.641759916994488,0.19024591254382556,0.0,0.5,0.1,0.1,0.19909913837909698,0.01284379052936978,0.1734619140625,0.2257080078125,16384,0.4246470374876429,1187168.0,1.164195,0.2626548,-0.5945225431998503,0.6285378808523034,0.5014808849406701,0.9040662,0.0003746151,0.8913691211956736,0.22949360906779168,0.00023435049034068137,0.5875729436306311,0.653333538008324,0.6734304737698369,2.2074680516145553
both_paths,12.76158792199567,0.16809020672854566,0.0,0.5,0.1,0.1,0.12313321232795715,0.009204630827673336,0.107421875,0.144287109375,16384,0.14515924594900656,1187293.0,0.964847,0.3868279,-0.25126506381080654,0.6697814208777878,0.6987551187326523,0.8599142,0.0004064022,0.9839834550477509,0.22949360906779168,0.00023435049034068137,0.5875729436306311,0.653333538008324,0.8065663012428281,1.8247833550519401
both_paths,12.882114815998648,0.1361939140342511,0.0,0.5,0.1,0.1,0.09156695753335953,0.0020622153769566504,0.08642578125,0.09716796875,16384,0.029023192611766894,1187417.0,0.5747478,0.3627037,0.3059866749108338,0.6828023786078073,0.6634403262875511,0.8888866,0.0003164436,0.7218816649106992,0.22949360906779168,0.00023435049034068137,0.5875729436306311,0.653333538008324,0.7710168654335745,1.259821685623824
both_paths,12.999391523000668,0.10019115857067713,0.0,0.5,0.1,0.1,0.16738469153642654,0.011631050938588683,0.13916015625,0.1868896484375,16384,0.30796576775678514,1187542.0,0.05278369,0.3222833,0.7949101625589834,0.08422971447332964,0.6008520522226684,0.9639514,0.0001746594,0.3087817207902952,0.22949360906779168,0.00023435049034068137,0.5875729436306311,0.653333538008324,1.4315201385092937,0.6519368305907548
both_paths,13.121729279999272,0.06268297140676106,0.0,0.5,0.1,0.1,0.28680849075317383,0.00569776180179252,0.273193359375,0.2991943359375,16384,0.7473403088868792,1187591.0,-0.03526703,0.1982466,0.9201273443263501,-0.0650081594451278,0.38618597777300956,1.120923,0.000119757,0.14881905660009584,0.22949360906779168,0.00023435049034068137,0.5875729436306311,0.653333538008324,1.7375666559242244,0.402390791916443
both_paths,13.242477626998152,0.03097996189170253,0.0,0.5,0.1,0.1,0.3458501547574997,0.001787271933412324,0.3404541015625,0.350830078125,16384,0.9645617019391612,1187728.0,-0.9014058,-0.2283003,-0.20638347429114018,-0.8735064317966321,-0.44089950686004853,0.3363529,9.130734e-05,0.06592862906131162,0.22949360906779168,0.00023435049034068137,0.5875729436306311,0.653333538008324,-2.674154882639696,1.7786737379412905
both_paths,13.364514741995663,0.008922512883034237,0.0,0.5,0.1,0.1,0.34360796958208084,0.002500888104725771,0.336669921875,0.3487548828125,16384,0.956312432622328,1187890.0,1.50088,-0.05278476,-0.9847263865155932,0.13860144940898497,-0.10537353520534004,0.7299455,0.000134522,0.19183810015316996,0.22949360906779168,0.00023435049034068137,0.5875729436306311,0.653333538008324,-0.6500370525084938,2.966591778335109
both_paths,13.487538191999192,7.662604136669804e-05,0.0,0.5,0.1,0.1,0.33631428331136703,0.0030480371238103183,0.3304443359375,0.3446044921875,16384,0.9294780823557998,1188014.0,1.5158,-0.004656276,-0.9939138049449856,0.10976623898993326,-0.009312417397539472,0.7617358,0.0001506333,0.23877969963821172,0.22949360906779168,0.00023435049034068137,0.5875729436306311,0.653333538008324,-0.08463596043302113,3.031208064785547
both_paths,13.609704638998664,0.005880531988785104,0.0,0.5,0.1,0.1,0.3432873710989952,0.0026025011090740416,0.3367919921875,0.3504638671875,16384,0.9551329121890759,1188139.0,-1.53603,-0.1033338,-0.9763551546708845,-0.0679981857357336,-0.20519955819699504,0.6121614,0.0001208814,0.15209508860626425,0.22949360906779168,0.00023435049034068137,0.5875729436306311,0.653333538008324,-1.8907841467325988,2.9236999408014386
both_paths,13.727193040998827,0.024408651030606465,0.0,0.5,0.1,0.1,0.3465937301516533,0.0010380030096666572,0.342529296875,0.35009765625,16384,0.9672974053730212,1188264.0,-0.7123122,-0.1536156,0.13883174234406429,-0.9430098081127009,-0.30242064929656903,0.576184,8.77203e-05,0.055477492590832886,0.22949360906779168,0.00023435049034068137,0.5875729436306311,0.653333538008324,-2.831257356222253,1.4315146916350925
both_paths,13.846601843993994,0.05365235022911004,0.0,0.5,0.1,0.1,0.3073805347084999,0.007674422862380793,0.2891845703125,0.323974609375,16384,0.8230273363660047,1188377.0,-0.0882877,0.1001617,0.9647642480536804,-0.17214647386519127,0.19898627393164,1.77017,8.733794e-05,0.054363455239464564,0.22949360906779168,0.00023435049034068137,0.5875729436306311,0.653333538008324,2.28400157277577,0.26625042699591683
both_paths,13.968592413999431,0.09014901845829285,0.0,0.5,0.1,0.1,0.18635757267475128,0.0127041490793616,0.165283203125,0.2110595703125,16384,0.3777692826235122,1188514.0,0.3923586,0.3659439,0.5263848292601336,0.5256684193948973,0.6682751861139619,0.918011,0.0002585967,0.5533399574599495,0.22949360906779168,0.00023435049034068137,0.5875729436306311,0.653333538008324,0.9042767716394389,1.0164532946475249
both_paths,14.091921166000247,0.12847818620894141,0.0,0.5,0.1,0.1,0.09887577593326569,0.003015503180030128,0.091552734375,0.1075439453125,16384,0.055913215804159366,1188614.0,0.715276,0.2770439,0.11887051491302197,0.8420316175395758,0.5261678018921327,0.9354972,0.0003553852,0.835341223761115,0.22949360906779168,0.00023435049034068137,0.5875729436306311,0.653333538008324,0.558512236817684,1.4516440727041722
both_paths,14.211305823999282,0.16161433930475752,0.0,0.5,0.1,0.1,0.1007564514875412,0.005857498525171255,0.088134765625,0.1146240234375,16384,0.0628324476833484,1188739.0,0.8878714,0.1424137,-0.1953151780051381,0.9396252360546984,0.2809918095069207,1.029501,0.000381553,0.9115832642547237,0.22949360906779168,0.00023435049034068137,0.5875729436306311,0.653333538008324,0.2905819618250307,1.7673751340522557
both_paths,14.330823901997064,0.18620567269173627,0.0,0.5,0.1,0.1,0.15758700668811798,0.010064004255326449,0.134765625,0.1781005859375,16384,0.271918905133115,1188863.0,1.0499,0.169871,-0.4758266581376521,0.8139640825095825,0.33324385034068915,0.9566046,0.0003499239,0.8194292764156085,0.22949360906779168,0.00023435049034068137,0.5875729436306311,0.653333538008324,0.38859078622592813,2.0666999963525594
both_paths,14.44745645600051,0.1986406787595158,0.0,0.5,0.1,0.1,0.2162865251302719,0.012005213762633249,0.1905517578125,0.2342529296875,16384,0.4878815034529823,1188988.0,1.180099,0.1068504,-0.6937830151442623,0.6882500028410158,0.21207796086976632,0.8891492,0.0003108211,0.705500048088677,0.22949360906779168,0.00023435049034068137,0.5875729436306311,0.653333538008324,0.29890865588452087,2.3375250244489414
both_paths,14.567673670993827,0.1977484958130282,0.0,0.5,0.1,0.1,0.2457049861550331,0.007941739904946215,0.2255859375,0.257568359375,16384,0.5961155648233509,1189088.0,1.139735,0.1246074,-0.6307209520786272,0.7357705248707648,0.246643093032076,0.9239058,0.0002803354,0.6166774503205801,0.22949360906779168,0.00023435049034068137,0.5875729436306311,0.653333538008324,0.3234452679538675,2.253278238312892
both_paths,14.688461552999797,0.1829787550245676,0.0,0.5,0.1,0.1,0.21849704533815384,0.009780983172187861,0.201171875,0.2425537109375,16384,0.49601427354040994,1189213.0,1.184513,0.1612216,-0.6792155539986274,0.6620047282089152,0.3168847914232835,0.890452,0.0003461428,0.8084127301522472,0.22949360906779168,0.00023435049034068137,0.5875729436306311,0.653333538008324,0.4464421375263572,2.3174896155607017
both_paths,14.806505054999434,0.1571130406363872,0.0,0.5,0.1,0.1,0.15449880808591843,0.008696232053848101,0.1357421875,0.1737060546875,16384,0.26055705052239897,1189337.0,0.9788578,0.1793213,-0.3533288173846763,0.8671535468433206,0.3510035227780412,0.9275522,0.0003891712,0.9337795173936352,0.22949360906779168,0.00023435049034068137,0.5875729436306311,0.653333538008324,0.3846173992274968,1.9319233827323217
both_paths,14.926585085995612,0.12286003842965312,0.0,0.5,0.1,0.1,0.09920451045036316,0.005595536708945824,0.0877685546875,0.1129150390625,16384,0.057122669686472886,1189462.0,0.772144,0.1615909,0.025133039775094342,0.9478965900098637,0.31758524046204645,0.9956536,0.0003695116,0.876499653618761,0.22949360906779168,0.00023435049034068137,0.5875729436306311,0.653333538008324,0.32328763280121153,1.545660640304167
both_paths,15.046620651999547,0.08540599815191854,0.0,0.5,0.1,0.1,0.10377376526594162,0.006739793746980548,0.087646484375,0.117431640625,16384,0.07393350848969632,1189586.0,0.4924083,0.1351651,0.5329319201330767,0.8029122293098769,0.26704965929189195,0.9767442,0.000253078,0.5372607704869491,0.22949360906779168,0.00023435049034068137,0.5875729436306311,0.653333538008324,0.3210915887879682,1.00873454818222
both_paths,15.170263079999131,0.04902473633464971,0.0,0.5,0.1,0.1,0.24034135788679123,0.0075986420448189785,0.2239990234375,0.256103515625,16384,0.5763821304107176,1189711.0,-0.01107717,0.1878361,0.9300329196735562,-0.020607637134932945,0.3668979335117542,0.7367701,0.0001165684,0.13952880788534258,0.22949360906779168,0.00023435049034068137,0.5875729436306311,0.653333538008324,1.62690459421317,0.3762939093295641
both_paths,15.291743226996914,0.020650026252457973,0.0,0.5,0.1,0.1,0.3420926108956337,0.0032161144606495692,0.3341064453125,0.349853515625,16384,0.9507372454998951,1189799.0,-0.7730978,0.03578473,0.024535273966195106,-0.997138191204192,0.07150837694589425,0.5356695,8.847158e-05,0.05766640874664416,0.22949360906779168,0.00023435049034068137,0.5875729436306311,0.653333538008324,3.0700016052902193,1.5462585905389497
both_paths,15.41352148099395,0.0036678647448952356,0.0,0.5,0.1,0.1,0.3461886867880821,0.0037853868337385022,0.3358154296875,0.3546142578125,16384,0.965807202053632,1189936.0,1.520653,0.002970494,-0.994957947844301,0.10011686720174966,0.005940953051864678,0.7556381,0.0001415188,0.21222385321325452,0.22949360906779168,0.00023435049034068137,0.5875729436306311,0.653333538008324,0.059270677416292994,3.0411307711648314
both_paths,15.533614294996369,0.0005570755871500965,0.0,0.5,0.1,0.1,0.32538916915655136,0.005417336768682012,0.31396484375,0.3375244140625,16384,0.8892832715220402,1190010.0,1.433225,0.02278152,-0.9613876708770227,0.2714022694323639,0.045547276895727254,0.8403088,0.0001754133,0.31097827053189103,0.22949360906779168,0.00023435049034068137,0.5875729436306311,0.653333538008324,0.16627259324631272,2.862797369533805
both_paths,15.650946297995688,0.011034707175518382,0.0,0.5,0.1,0.1,0.32735345512628555,0.0054177389386345426,0.312744140625,0.3385009765625,16384,0.8965101161900267,1190173.0,1.351116,0.01196875,-0.9047645224488359,0.42523906740539613,0.023935214018660486,0.8166635,0.0001550099,0.2515312841972624,0.22949360906779168,0.00023435049034068137,0.5875729436306311,0.653333538008324,0.05622715987051041,2.701622844831213
both_paths,15.769360364000022,0.03371821408660071,0.0,0.5,0.1,0.1,0.3450070172548294,0.0018305400424153395,0.34033203125,0.350341796875,16384,0.9614596975164666,1190248.0,1.529464,-0.003580086,-0.9965596763578369,0.08256842175205796,-0.0071601108187985514,0.7343902,0.0001348928,0.19291845649245068,0.22949360906779168,0.00023435049034068137,0.5875729436306311,0.653333538008324,-0.08650090995939674,3.058619186846537
both_paths,15.890291715993953,0.06621244947218942,0.0,0.5,0.1,0.1,0.34998466074466705,0.0032066736185009203,0.3404541015625,0.355712890625,16384,0.9797730474400212,1190410.0,-0.3836234,0.07211849,0.7123497930186615,-0.6869478433154266,0.1437373749257794,0.4823431,7.620666e-05,0.021931554181458302,0.22949360906779168,0.00023435049034068137,0.5875729436306311,0.653333538008324,2.9353279008661213,0.7779556609557753
both_paths,16.008408446999965,0.102641284325686,0.0,0.5,0.1,0.1,0.2979397848248482,0.0068500637938060825,0.2830810546875,0.3114013671875,16384,0.7882936804677776,1190548.0,0.1382611,0.09745994,0.9437933204766644,0.26784165641436075,0.19368793280130722,0.8728532,0.0001357451,0.19540170273832164,0.22949360906779168,0.00023435049034068137,0.5875729436306311,0.653333538008324,0.6260901908388838,0.3368716334495022
both_paths,16.128657563996967,0.1393273843701713,0.0,0.5,0.1,0.1,0.17264090478420258,0.007854579044849637,0.158935546875,0.1912841796875,16384,0.3273040093716914,1190598.0,0.2881861,0.1440395,0.8038941249195691,0.5225277270394941,0.2841109121359827,0.9016418,0.0001853013,0.3397877729127103,0.22949360906779168,0.00023435049034068137,0.5875729436306311,0.653333538008324,0.49801208736319724,0.6369825265872525
both_paths,16.250572353994357,0.17083770882998733,0.0,0.5,0.1,0.1,0.08536946028470993,0.0013419849862957908,0.081787109375,0.08984375,16384,0.0062218537861756145,1190785.0,0.7942313,0.1054409,-0.017274008651167235,0.9776941269173303,0.2093222463487307,0.9588634,0.0003772699,0.8991040996463814,0.22949360906779168,0.00023435049034068137,0.5875729436306311,0.653333538008324,0.21091374475533753,1.5880711946306354
both_paths,16.37047356099356,0.19183444609169326,0.0,0.5,0.1,0.1,0.12799327820539474,0.007162701903463168,0.110595703125,0.140380859375,16384,0.16304001367509072,1190910.0,1.000363,0.1106212,-0.40664744576754164,0.8868388259870785,0.21944190933500957,0.9055966,0.0003463688,0.8090711997657247,0.22949360906779168,0.00023435049034068137,0.5875729436306311,0.653333538008324,0.24257047107467145,1.9895777107859722
both_paths,16.48913906799862,0.19994179479754148,0.0,0.5,0.1,0.1,0.2174002304673195,0.007215778385791556,0.2034912109375,0.2325439453125,16384,0.4919789595264682,1191009.0,1.117543,0.07991095,-0.6086431123816037,0.7773205677103487,0.1591423789092506,0.9544868,0.0002887487,0.6411902927943408,0.22949360906779168,0.00023435049034068137,0.5875729436306311,0.653333538008324,0.2019413725902286,2.2251456699797787
both_paths,16.609598297996854,0.19413075014722755,0.0,0.5,0.1,0.1,0.2682153284549713,0.005639239145934405,0.2567138671875,0.28125,16384,0.6789338253676003,1191084.0,1.246987,0.04595439,-0.794156642553265,0.6007426750874991,0.09177943896778328,0.8895108,0.00027194,0.5922167609710725,0.22949360906779168,0.00023435049034068137,0.5875729436306311,0.653333538008324,0.15160436188804294,2.488414889323084
both_paths,16.726118553997367,0.175811908828853,0.0,0.5,0.1,0.1,0.27093715965747833,0.0075103970540916325,0.25439453125,0.28515625,16384,0.6889477701883022,1191246.0,1.128356,-0.04064695,-0.6312900985448747,0.7712837731840724,-0.0812043884414057,0.9289706,0.0002383407,0.49432243316526137,0.22949360906779168,0.00023435049034068137,0.5875729436306311,0.653333538008324,-0.10489825466947522,2.2540118840951155
both_paths,16.843815872998675,0.14712142165416367,0.0,0.5,0.1,0.1,0.23311855643987656,0.0067960868992319136,0.218017578125,0.24755859375,16384,0.5498085739485574,1191370.0,1.107117,-0.005615977,-0.5999114068841308,0.7999875951567839,-0.011231717836944774,0.8599908,0.000295909,0.6620524165703704,0.22949360906779168,0.00023435049034068137,0.5875729436306311,0.653333538008324,-0.014038942605699045,2.2141866987916075
both_paths,16.965513367998938,0.11081311156665075,0.0,0.5,0.1,0.1,0.15976730734109879,0.013991628840373192,0.135009765625,0.185791015625,16384,0.27994049383831465,1191507.0,0.8889148,0.04175389,-0.2048411201630812,0.9752347210979865,0.08341075623243459,1.02742,0.0003576256,0.8418688136816235,0.22949360906779168,0.00023435049034068137,0.5875729436306311,0.653333538008324,0.0853212605010194,1.7770977094650473
both_paths,17.086338613000407,0.07320729679512827,0.0,0.5,0.1,0.1,0.09308226406574249,0.00473804417302412,0.083740234375,0.1044921875,16384,0.03459818785311602,1191607.0,0.7654934,0.02612505,0.039744697870254586,0.9978440607478614,0.05222632881431136,1.05142,0.0003617253,0.8538136272850463,0.22949360906779168,0.00023435049034068137,0.5875729436306311,0.653333538008324,0.052291454841946194,1.5310411577538492
both_paths,17.2036704380007,0.04029252392777365,0.0,0.5,0.1,0.1,0.10621312260627747,0.003764354753507338,0.0982666015625,0.1168212890625,16384,0.0829081979493504,1191732.0,0.5643475,0.1111807,0.41730603265506705,0.8816011864386784,0.22053349672918837,1.054943,0.0002720227,0.5924577142322874,0.22949360906779168,0.00023435049034068137,0.5875729436306311,0.653333538008324,0.24512085935215655,1.1403174550214847
both_paths,17.326883626999916,0.014428285083740361,0.0,0.5,0.1,0.1,0.21532462537288666,0.01137054236195935,0.19287109375,0.236328125,16384,0.4843425583910585,1191856.0,0.1678895,0.1028473,0.9242505343232661,0.3225585912339886,0.20424716650250457,1.432409,0.0001162651,0.13864511835539697,0.22949360906779168,0.00023435049034068137,0.5875729436306311,0.653333538008324,0.5644810114116443,0.3917284698916005
both_paths,17.44652433799638,0.0014078630255028313,0.0,0.5,0.1,0.1,0.32109905779361725,0.004554321364859796,0.3089599609375,0.329833984375,16384,0.8734994351020895,1191993.0,-0.5693563,0.1088594,0.4088780612535458,-0.8866574897711889,0.21600283993085787,0.4856567,8.237071e-05,0.03989102153082003,0.22949360906779168,0.00023435049034068137,0.5875729436306311,0.653333538008324,2.9026326103532814,1.1495720056662249
both_paths,17.569272677996196,0.0023587339839186983,0.0,0.5,0.1,0.1,0.3538420721888542,0.0007441718749654236,0.35107421875,0.357177734375,16384,0.9939649287430408,1192106.0,-1.514391,0.007702949,-0.993525709378293,-0.11255817112766858,0.015405288596912486,0.6382748,0.0001197553,0.14881410351008298,0.22949360906779168,0.00023435049034068137,0.5875729436306311,0.653333538008324,3.005572635223789,3.027739337596463
both_paths,17.68805156799499,0.01694943286910601,0.0,0.5,0.1,0.1,0.3426676467061043,0.0065642905536380984,0.3245849609375,0.352294921875,16384,0.9528528715059003,1192207.0,1.500085,0.011447,-0.9897570327696259,0.1409147700322733,0.022892000127062082,0.7778362,0.000147316,0.2291144728736596,0.22949360906779168,0.00023435049034068137,0.5875729436306311,0.653333538008324,0.1610459266204165,2.998341115742268
both_paths,17.80577429499681,0.04269866123096699,0.0,0.5,0.1,0.1,0.33773985505104065,0.005227418585883457,0.3240966796875,0.3475341796875,16384,0.9347229324868052,1192335.0,1.469536,0.00493692,-0.9795149385637976,0.201129300655697,0.009873679562868347,0.7815048,0.0001478993,0.2308139654645507,0.22949360906779168,0.00023435049034068137,0.5875729436306311,0.653333538008324,0.04905182537147823,2.938834740540786
both_paths,17.9264913779989,0.0771113028667235,0.0,0.5,0.1,0.1,0.3509790673851967,0.001799666130713412,0.3463134765625,0.356689453125,16384,0.9834315892402737,1192461.0,-1.419025,0.005738212,-0.9542207278284963,-0.29888308760598176,0.011476172078261524,0.5260831,0.0001050682,0.10602202802289341,0.22949360906779168,0.00023435049034068137,0.5875729436306311,0.653333538008324,3.1032146466299286,2.83783982539838
both_paths,18.04751734999445,0.11487263345318126,0.0,0.5,0.1,0.1,0.3443515673279762,0.0029945379850408733,0.33642578125,0.350830078125,16384,0.9590482182909382,1192586.0,-0.2337599,0.04842739,0.8885049764741301,-0.44856142850864394,0.09670342100975694,1.15788,7.010901e-05,0.004165548700835075,0.22949360906779168,0.00023435049034068137,0.5875729436306311,0.653333538008324,2.9292567569940804,0.4767195815047672
both_paths,18.170854261996283,0.1511349590370849,0.0,0.5,0.1,0.1,0.2723343074321747,0.01071287693876237,0.247802734375,0.29736328125,16384,0.6940880451286765,1192699.0,0.1309502,0.07438787,0.9552296619481542,0.25605643681484846,0.14822750790625383,1.438516,0.0001226939,0.15737595663470633,0.22949360906779168,0.00023435049034068137,0.5875729436306311,0.653333538008324,0.5247498704405125,0.3003612776094063
both_paths,18.29349285799981,0.17968328197937009,0.0,0.5,0.1,0.1,0.14613789319992065,0.008707267116420921,0.1309814453125,0.1639404296875,16384,0.22979623763956883,1192836.0,0.6031761,0.07334803,0.3526017184164969,0.9242868700922158,0.1461704824677982,1.069842,0.0002917244,0.6498602398245394,0.22949360906779168,0.00023435049034068137,0.5875729436306311,0.653333538008324,0.15684513063611893,1.2104463878816845
both_paths,18.41381747899868,0.19635704764924833,0.0,0.5,0.1,0.1,0.08687944710254669,0.0014063623179534593,0.0836181640625,0.0921630859375,16384,0.011777277156984603,1192936.0,0.7490483,0.1154488,0.07070805227107761,0.9708900095085307,0.22885139453487266,1.023848,0.000359629,0.8477058845826886,0.22949360906779168,0.00023435049034068137,0.5875729436306311,0.653333538008324,0.23148753608667105,1.500029222569354
both_paths,18.534579898994707,0.19941049155878798,0.0,0.5,0.1,0.1,0.1167510375380516,0.006641970923699043,0.103271484375,0.130126953125,16384,0.12167845620593862,1193061.0,0.911313,0.07546351,-0.24634373078261315,0.9574488168556786,0.150354678695957,0.9787614,0.0003622838,0.8554408630333964,0.22949360906779168,0.00023435049034068137,0.5875729436306311,0.653333538008324,0.15576467837418084,1.8197022334760136
both_paths,18.65693365199695,0.188090678582661,0.0,0.5,0.1,0.1,0.1792316511273384,0.006374720420270225,0.167236328125,0.1953125,16384,0.3515521589801663,1193188.0,1.086204,-0.007157563,-0.5659139214951544,0.8243400539965209,-0.014314637088981806,0.911288,0.0003234812,0.7423862921310929,0.22949360906779168,0.00023435049034068137,0.5875729436306311,0.653333538008324,-0.0173632209889516,2.1723376625809516
both_paths,18.774580296994827,0.1650450106042357,0.0,0.5,0.1,0.1,0.2284722626209259,0.005244161379263415,0.2177734375,0.2415771484375,16384,0.5327142993730861,1193239.0,1.0937,-0.02243296,-0.5776857030123702,0.8150261517596513,-0.04485086936679824,0.9202138,0.0002950588,0.6595752888474565,0.22949360906779168,0.00023435049034068137,0.5875729436306311,0.653333538008324,-0.05497452740407116,2.186686916018825
both_paths,18.894526971998857,0.13253230008466088,0.0,0.5,0.1,0.1,0.23837383091449738,0.00571251933184869,0.224365234375,0.2491455078125,16384,0.5691433617039566,1193430.0,1.132019,-0.01438688,-0.6387694416718761,0.7688601300531822,-0.028769789724699787,0.8813818,0.0002819378,0.6213461746950769,0.22949360906779168,0.00023435049034068137,0.5875729436306311,0.653333538008324,-0.037401306689950786,2.2636941507784716
both_paths,19.01282850199641,0.09597089815220902,0.0,0.5,0.1,0.1,0.20616132020950317,0.014216715236043953,0.173828125,0.2315673828125,16384,0.4506296550350912,1193505.0,1.141719,0.01188816,-0.6536500364605767,0.7564234415727252,0.02377407988463161,0.9144768,0.0003410271,0.7935077168705365,0.22949360906779168,0.00023435049034068137,0.5875729436306311,0.653333538008324,0.03141924886303604,2.2831937844513863
both_paths,19.133070579999185,0.05940175942485763,0.0,0.5,0.1,0.1,0.14432351291179657,0.0034658722327519614,0.136474609375,0.153564453125,16384,0.22312091402937995,1193668.0,0.9234688,0.02926787,-0.2721781831706971,0.9604668216246687,0.05850231759601752,0.945493,0.0003807631,0.909281825548149,0.22949360906779168,0.00023435049034068137,0.5875729436306311,0.653333538008324,0.060835135364989856,1.8464522787390698
both_paths,19.250118005998957,0.02926311239915684,0.0,0.5,0.1,0.1,0.08919748663902283,0.002926086036111855,0.083251953125,0.097412109375,16384,0.020305623804306734,1193793.0,0.7212174,0.03829023,0.12763414554001354,0.9888662262708693,0.07650563007439803,1.03538,0.000349173,0.8172414674210942,0.22949360906779168,0.00023435049034068137,0.5875729436306311,0.653333538008324,0.07721320485939609,1.4428130791713183
both_paths,19.36905422199925,0.008342944905331773,0.0,0.5,0.1,0.1,0.11496757715940475,0.007599204685808191,0.10009765625,0.1300048828125,16384,0.11511689066681637,1193892.0,0.5013747,0.02661096,0.537224962894447,0.8417597281612982,0.0531967977314169,1.225744,0.000236836,0.4899383657873873,0.22949360906779168,0.00023435049034068137,0.5875729436306311,0.653333538008324,0.06311319571426655,1.0036528236971178
both_paths,19.486639972994453,8.806851336685961e-05,0.0,0.5,0.1,0.1,0.2390621080994606,0.010149858099849805,0.214111328125,0.25732421875,16384,0.5716756163658995,1194017.0,0.146309,0.04955292,0.9527935895657607,0.28704446187388166,0.09894368393144892,1.474079,9.945628e-05,0.0896712369022454,0.22949360906779168,0.00023435049034068137,0.5875729436306311,0.653333538008324,0.3319437475082885,0.3084884618191596
both_paths,19.609264264996455,0.0058338793111864795,0.0,0.5,0.1,0.1,0.34091949462890625,0.006578795621979616,0.3255615234375,0.355712890625,16384,0.946421209460461,1194129.0,-0.6380263,0.2112932,0.26494018934543956,-0.8727013851567732,0.41012069981293553,0.6240641,8.03276e-05,0.03393825227421857,0.22949360906779168,0.00023435049034068137,0.5875729436306311,0.653333538008324,2.702277710120418,1.302654432209956
both_paths,19.727117186994292,0.02439305219879477,0.0,0.5,0.1,0.1,0.35379529744386673,0.002146835242633018,0.3482666015625,0.3590087890625,16384,0.9937928388225212,1194266.0,1.505445,0.05288933,-0.9859288871707357,0.12960237070816436,0.10558150855665172,0.711638,0.0001232813,0.15908739491327561,0.22949360906779168,0.00023435049034068137,0.5875729436306311,0.653333538008324,0.6836145986266358,2.9736388707510657
both_paths,19.847718035998696,0.05396335942829701,0.0,0.5,0.1,0.1,0.3328308090567589,0.007021347803855757,0.3175048828125,0.3455810546875,16384,0.9166619610115181,1194365.0,1.385602,0.01578504,-0.93172222938824,0.36179738581919024,0.031564836102979686,0.8376865,0.0001632675,0.27559048189749025,0.22949360906779168,0.00023435049034068137,0.5875729436306311,0.653333538008324,0.08702415981848333,2.769922877606218
both_paths,19.967563291997067,0.08982733483731113,0.0,0.5,0.1,0.1,0.33507203310728073,0.006163462499878629,0.3192138671875,0.344970703125,16384,0.924907694234094,1194503.0,1.488279,0.005199944,-0.9863593192541249,0.16427762948567035,0.010399700529737382,0.7758655,0.0001458698,0.2249008500638759,0.22949360906779168,0.00023435049034068137,0.5875729436306311,0.653333538008324,0.06322127513722409,2.9762336174953874
both_paths,20.09196256299765,0.12849065270149468,0.0,0.5,0.1,0.1,0.3477300778031349,0.001908056142936725,0.34130859375,0.3524169921875,16384,0.9714781652484279,1194615.0,-1.410949,-0.01517988,-0.9488939526825936,-0.3141318746745439,-0.030355096373762585,0.5577195,0.0001103672,0.12146110095128752,0.22949360906779168,0.00023435049034068137,0.5875729436306311,0.653333538008324,-3.0452600539867025,2.820508914643847
both_paths,20.210525602997222,0.1614210945563495,0.0,0.5,0.1,0.1,0.3447974771261215,0.0025152141194881316,0.339111328125,0.3524169921875,16384,0.9606887741452191,1194740.0,-0.5032013,0.02509528,0.5342300717689339,-0.8438490698398963,0.05016949021169771,0.8490752,8.522678e-05,0.048212416703229684,0.22949360906779168,0.00023435049034068137,0.5875729436306311,0.653333538008324,3.08220939886246,1.0071996342053215
both_paths,20.335673131994554,0.18696773210859838,0.0,0.5,0.1,0.1,0.27395300567150116,0.006035532764853656,0.2593994140625,0.2857666015625,16384,0.7000434309127224,1194877.0,0.276639,0.1305911,0.8219517962922828,0.5076575719895127,0.2582228382107253,1.417296,0.0001433241,0.21748374344870075,0.22949360906779168,0.00023435049034068137,0.5875729436306311,0.653333538008324,0.4705480431218345,0.6059668664607468
both_paths,20.455644625995774,0.19903069738118914,0.0,0.5,0.1,0.1,0.15083588659763336,0.010311455230276318,0.1309814453125,0.1729736328125,16384,0.2470807211921802,1194989.0,0.5732713,0.1316872,0.3974461679911345,0.8799202192969201,0.2603400684136479,1.080284,0.0002835056,0.6259140891198998,0.22949360906779168,0.00023435049034068137,0.5875729436306311,0.653333538008324,0.2876614964500184,1.1620642512246382
both_paths,20.575565242994344,0.19719538438165163,0.0,0.5,0.1,0.1,0.08585987240076065,0.001351816202277901,0.08251953125,0.0924072265625,16384,0.00802613902804227,1195113.0,0.8252552,0.0916036,-0.0782970319375971,0.9801421089465827,0.18218403074778008,0.926952,0.0003823813,0.9139965845239421,0.22949360906779168,0.00023435049034068137,0.5875729436306311,0.653333538008324,0.18377779241357528,1.649173579250197
both_paths,20.6952891539986,0.1817627042813451,0.0,0.5,0.1,0.1,0.1216902807354927,0.004184722571831713,0.110595703125,0.1319580078125,16384,0.13985052682870347,1195237.0,1.003183,-0.01522206,-0.42173143729882845,0.9062097089872628,-0.030439417390696145,0.9087434,0.0003596689,0.8478221365188733,0.22949360906779168,0.00023435049034068137,0.5875729436306311,0.653333538008324,-0.03357719169622575,2.0061503602656674
both_paths,20.8176275529986,0.15421048511984467,0.0,0.5,0.1,0.1,0.1952054426074028,0.005310228942422547,0.185302734375,0.20703125,16384,0.4103216617735163,1195362.0,1.041269,0.002925552,-0.489688158954825,0.8718780143759225,0.005851070614225263,1.072363,0.0002923055,0.6515533225342374,0.22949360906779168,0.00023435049034068137,0.5875729436306311,0.653333538008324,0.006710781421220613,2.082528385933896
both_paths,20.938788350998948,0.11911190319127178,0.0,0.5,0.1,0.1,0.23598311841487885,0.010135117594719394,0.2198486328125,0.2586669921875,16384,0.5603476424722529,1195474.0,1.112537,-0.0349722,-0.6070981828811606,0.7915475664701115,-0.069887383393838,1.001456,0.0002801202,0.6160504473965961,0.22949360906779168,0.00023435049034068137,0.5875729436306311,0.653333538008324,-0.08806372336307078,2.2232000024758407
both_paths,21.060452157995314,0.08112235395907304,0.0,0.5,0.1,0.1,0.23525370657444,0.003721889851680546,0.226806640625,0.2459716796875,16384,0.5576640484584164,1195598.0,1.112934,-0.04541102,-0.6067052057370709,0.7897359086994645,-0.09069723172274634,0.9241642,0.0002839909,0.62732805063946,0.22949360906779168,0.00023435049034068137,0.5875729436306311,0.653333538008324,-0.11434406130413688,2.2227055528370125
both_paths,21.180578191997483,0.04626404156680402,0.0,0.5,0.1,0.1,0.20711778104305267,0.0077351971346233265,0.1929931640625,0.224609375,16384,0.4541485896411407,1195723.0,1.01109,-0.03254227,-0.4352874735403516,0.8979391938651428,-0.06503860007468773,1.028188,0.0003261904,0.750279769462213,0.22949360906779168,0.00023435049034068137,0.5875729436306311,0.653333538008324,-0.0723046962040712,2.02115389054374
both_paths,21.300339231995167,0.019035704553674787,0.0,0.5,0.1,0.1,0.13548797369003296,0.008669784993440196,0.11767578125,0.1590576171875,16384,0.19061390104988557,1195835.0,0.8679236,-0.02385238,-0.1641155932541962,0.9852878024909949,-0.04768666808752028,1.035579,0.0003666349,0.8681181512422539,0.22949360906779168,0.00023435049034068137,0.5875729436306311,0.653333538008324,-0.04836098233169306,1.735657707964547
both_paths,21.421758071999648,0.0030058068625848644,0.0,0.5,0.1,0.1,0.08367833495140076,0.0007470644013849782,0.0811767578125,0.0870361328125,16384,0.0,1195960.0,0.6860649,0.03782985,0.19679764214905532,0.9775260673700977,0.07558753638347784,1.052421,0.0003338768,0.772674728918112,0.22949360906779168,0.00023435049034068137,0.5875729436306311,0.653333538008324,0.07717177665088037,1.3727057150699273
both_paths,21.54379893499572,0.0009451734693034508,0.0,0.5,0.1,0.1,0.13220474869012833,0.012101470666653456,0.109619140625,0.155517578125,16384,0.1785345208323648,1196085.0,0.3755179,-0.02369919,0.7301614738618399,0.6816298831263768,-0.0473806344092986,1.459081,0.000180199,0.3249218016346304,0.22949360906779168,0.00023435049034068137,0.5875729436306311,0.653333538008324,-0.069399164531601,0.752238082480361
both_paths,21.664950654994755,0.013129168905239352,0.0,0.5,0.1,0.1,0.23971382528543472,0.008355407110227085,0.2208251953125,0.2554931640625,16384,0.5740733623881498,1196185.0,0.278146,0.0386231,0.8466865457455998,0.5264663110454588,0.07716940188682728,1.038965,0.000126327,0.1679612927087106,0.22949360906779168,0.00023435049034068137,0.5875729436306311,0.653333538008324,0.14554348212684198,0.5610694571116958
both_paths,21.781247289996827,0.03656001346601084,0.0,0.5,0.1,0.1,0.33364202827215195,0.007404513778505896,0.315185546875,0.345947265625,16384,0.9196465342109719,1196322.0,-0.6415535,0.1550375,0.27020603974942004,-0.9131726792886756,0.3051300606031405,0.5735846,8.330184e-05,0.0426039454741708,0.22949360906779168,0.00023435049034068137,0.5875729436306311,0.653333538008324,2.819113771302069,1.2971893017415015
both_paths,21.901988052995875,0.06969289627688116,0.0,0.5,0.1,0.1,0.35548242926597595,0.0007954148388803488,0.352783203125,0.35888671875,16384,1.0,1196435.0,-1.423073,0.07584935,-0.9456855730316136,-0.28782335835455486,0.15111754148798898,0.5969661,0.0001061912,0.10929398101375708,0.22949360906779168,0.00023435049034068137,0.5875729436306311,0.653333538008324,2.658117657824011,2.8104934199111584
both_paths,22.02378924999357,0.107466657945957,0.0,0.5,0.1,0.1,0.35302694886922836,0.0013081772862623255,0.348388671875,0.3568115234375,16384,0.9909659918738909,1196563.0,-1.507568,0.04121015,-0.9886474822566034,-0.12569175846394756,0.08232701671942086,0.6444949,0.000116116,0.13821070322544346,0.22949360906779168,0.00023435049034068137,0.5875729436306311,0.653333538008324,2.5617165622766196,2.9907678349963063
both_paths,22.145764670000062,0.14420952135171056,0.0,0.5,0.1,0.1,0.35498885065317154,0.001055903858686983,0.3509521484375,0.3583984375,16384,0.9981840648351928,1196666.0,-1.352335,0.1015907,-0.8874201371468405,-0.41444877575438027,0.20178630395043706,0.5253201,0.0001010488,0.09431117508302032,0.22949360906779168,0.00023435049034068137,0.5875729436306311,0.653333538008324,2.688497033082731,2.6625142870473315
both_paths,22.265067936998094,0.17397747194440294,0.0,0.5,0.1,0.1,0.348936952650547,0.0028617449200357215,0.342041015625,0.3558349609375,16384,0.9759184031722,1196793.0,-0.494225,0.2875748,0.46149846236085207,-0.7008040603872154,0.5439603277660616,0.3627572,9.052346e-05,0.06364473012054743,0.22949360906779168,0.00023435049034068137,0.5875729436306311,0.653333538008324,2.481536682980069,1.0911127773817029
both_paths,22.387639822998608,0.19383432831715575,0.0,0.5,0.1,0.1,0.2931124120950699,0.006269769411329122,0.2806396484375,0.304931640625,16384,0.7705331947696067,1196906.0,0.1344761,0.02244331,0.9630788235223711,0.2654538073104001,0.04487154852664174,1.681927,9.547126e-05,0.07806055292392701,0.22949360906779168,0.00023435049034068137,0.5875729436306311,0.653333538008324,0.16745417942273644,0.2725825959592318
both_paths,22.50678939199861,0.19997725347529496,0.0,0.5,0.1,0.1,0.18165623396635056,0.007345120036253192,0.16455078125,0.197998046875,16384,0.3604724912699589,1196982.0,0.3443166,0.02330024,0.7712771004180752,0.6347925654377823,0.04658361552740614,1.064416,0.0001791869,0.32197296492754834,0.22949360906779168,0.00023435049034068137,0.5875729436306311,0.653333538008324,0.0732526912695568,0.6899511633545268
both_paths,22.62547295999684,0.1923309903597045,0.0,0.5,0.1,0.1,0.0900188535451889,0.0025978983916539913,0.0841064453125,0.09814453125,16384,0.023327531580336992,1197170.0,0.7555872,0.0176764,0.05954937692144681,0.9975994044892975,0.03534543635133776,1.042774,0.0003603168,0.8497098465302542,0.22949360906779168,0.00023435049034068137,0.5875729436306311,0.653333538008324,0.035415676253991446,1.511211698636951
both_paths,22.747289294995426,0.1713102740992767,0.0,0.5,0.1,0.1,0.10790323466062546,0.007681290337281075,0.0963134765625,0.1302490234375,16384,0.08912632376018505,1197271.0,0.9275472,0.04342019,-0.27942683498853316,0.9562417738543653,0.08673127362230994,1.025894,0.0003794315,0.905402099276881,0.22949360906779168,0.00023435049034068137,0.5875729436306311,0.653333538008324,0.09045265636674404,1.853993441056249
both_paths,22.86552472299809,0.14100113829157018,0.0,0.5,0.1,0.1,0.1899978071451187,0.00746400211021287,0.173583984375,0.2049560546875,16384,0.39116214368230984,1197396.0,1.053274,-0.007296575,-0.5104331804572348,0.8597935934736223,-0.014592632045912391,0.9297014,0.0002834471,0.6257436445518094,0.22949360906779168,0.00023435049034068137,0.5875729436306311,0.653333538008324,-0.01697062088796164,2.1064847883779754
both_paths,22.98469368199585,0.10480676868381757,0.0,0.5,0.1,0.1,0.26393885165452957,0.00816521801644471,0.25048828125,0.279541015625,16384,0.6632001521452524,1197508.0,1.189454,-0.03628065,-0.7210814139029241,0.6890469406040358,-0.07249764249945044,0.8918778,0.0002325413,0.4774254036236632,0.22949360906779168,0.00023435049034068137,0.5875729436306311,0.653333538008324,-0.10482868919010668,2.3761581995992986
both_paths,23.105635882995557,0.06741932485361991,0.0,0.5,0.1,0.1,0.2896178141236305,0.012627193146993508,0.26416015625,0.31005859375,16384,0.7576761479313245,1197633.0,1.257226,0.002559933,-0.8096981593708794,0.5868242308499133,0.005119843632164302,0.899976,0.0002275291,0.46282194611626615,0.22949360906779168,0.00023435049034068137,0.5875729436306311,0.653333538008324,0.008724441599182509,2.51443391593996
both_paths,23.223841608996736,0.035332350992510905,0.0,0.5,0.1,0.1,0.27362556755542755,0.01154648168836301,0.252685546875,0.2994384765625,16384,0.6988387466459186,1197758.0,1.145553,-0.03293967,-0.6581865733513561,0.7499710810259409,-0.06583169665732014,1.009705,0.0002590563,0.5546790399128443,0.22949360906779168,0.00023435049034068137,0.5875729436306311,0.653333538008324,-0.08755456670306527,2.2892038103450103
both_paths,23.34641865499725,0.011415766759421561,0.0,0.5,0.1,0.1,0.22365862131118774,0.00808732518556185,0.2060546875,0.2398681640625,16384,0.5150043332231022,1197882.0,1.040186,0.02046354,-0.4873983865204948,0.8722205695626961,0.04091565530386116,0.9242762,0.0003181672,0.726903515467291,0.22949360906779168,0.00023435049034068137,0.5875729436306311,0.653333538008324,0.046875394040200025,2.079904122767801
both_paths,23.46709385799477,0.0005338716715998781,0.0,0.5,0.1,0.1,0.13564866036176682,0.005845830115576692,0.12353515625,0.148193359375,16384,0.1912050866688479,1197995.0,0.9071664,0.02188456,-0.24090530375535524,0.9695618194795501,0.04375514632639577,0.9724024,0.0003777398,0.9004731919975896,0.22949360906779168,0.00023435049034068137,0.5875729436306311,0.653333538008324,0.04509818525991438,1.8140948452806627
both_paths,23.587737018999178,0.0037747149559817644,0.0,0.5,0.1,0.1,0.08413664996623993,0.0010058298136338868,0.080810546875,0.0882568359375,16384,0.0016861961406244928,1198120.0,0.6937481,0.04485633,0.1815423842553368,0.9792934035504403,0.08959236843326676,1.030685,0.0003384983,0.786139849797254,0.22949360906779168,0.00023435049034068137,0.5875729436306311,0.653333538008324,0.09123277909593508,1.3882416549642322
both_paths,23.70703133099596,0.020416324946725184,0.0,0.5,0.1,0.1,0.13218095153570175,0.004286854733484338,0.1219482421875,0.14208984375,16384,0.17844696823501857,1198244.0,0.4590163,0.07770646,0.6000638725537184,0.7848337445760077,0.15478805583970823,1.187011,0.0002058072,0.39953340143929217,0.22949360906779168,0.00023435049034068137,0.5875729436306311,0.653333538008324,0.19472491633248312,0.9272153749187851
both_paths,23.824616907993914,0.047647564527513876,0.0,0.5,0.1,0.1,0.25515996664762497,0.009450584344832395,0.2384033203125,0.2806396484375,16384,0.6309015768458521,1198344.0,-0.02921996,0.1484658,0.9546063443850793,-0.055850713782292,0.29258746560603716,0.8372489,0.0001173859,0.14191066146506748,0.22949360906779168,0.00023435049034068137,0.5875729436306311,0.653333538008324,1.759412811640007,0.30246092359013105
both_paths,23.94359632099804,0.08237284625524167,0.0,0.5,0.1,0.1,0.33783017843961716,0.002369970596088856,0.330322265625,0.34423828125,16384,0.9350552431122366,1198456.0,-0.7371238,-0.01947455,0.0963256868719532,-0.9945879029184784,-0.0389392529058989,0.3995251,8.83497e-05,0.057311301328544006,0.22949360906779168,0.00023435049034068137,0.5875729436306311,0.653333538008324,-3.102461496301801,1.474321052630192
both_paths,24.063772882000194,0.11990107911645898,0.0,0.5,0.1,0.1,0.3495195806026459,0.0013534129131862207,0.3450927734375,0.353515625,16384,0.978061961581679,1198593.0,-1.534003,-0.02906279,-0.9956094781850565,-0.07339609747975631,-0.058092855178769026,0.6604151,0.0001212593,0.1531961313803047,0.22949360906779168,0.00023435049034068137,0.5875729436306311,0.653333538008324,-2.47205747745768,3.0478511114422138
both_paths,24.18654814099864,0.15530813648594927,0.0,0.5,0.1,0.1,0.3418991044163704,0.004246481836858601,0.3319091796875,0.3514404296875,16384,0.950025311856102,1198718.0,1.526407,-0.02405863,-0.994908909147226,0.088559460613847,-0.04809869473552448,0.7205508,0.0001371672,0.19954510821321678,0.22949360906779168,0.00023435049034068137,0.5875729436306311,0.653333538008324,-0.49754816621412346,3.040642996880876
both_paths,24.304511473994353,0.18172662650694793,0.0,0.5,0.1,0.1,0.34675251692533493,0.003065542003683261,0.33740234375,0.3524169921875,16384,0.9678816010382192,1198844.0,-1.438591,-0.06529705,-0.957027326409558,-0.259115057379416,-0.13022320662860087,0.5709458,0.0001106786,0.1223683904983534,0.22949360906779168,0.00023435049034068137,0.5875729436306311,0.653333538008324,-2.6758919222389568,2.847368164168779
both_paths,24.420594212999276,0.19690457212883064,0.0,0.5,0.1,0.1,0.3490118160843849,0.002240089226027428,0.3416748046875,0.3543701171875,16384,0.9761938347620982,1198944.0,-0.5159798,-0.02460875,0.512516516987673,-0.8572668270867184,-0.04919763197039633,0.6855961,7.515007e-05,0.018853092195156747,0.22949360906779168,0.00023435049034068137,0.5875729436306311,0.653333538008324,-3.0842665956351225,1.0326834013103627
both_paths,24.542715038995084,0.1991009589102454,0.0,0.5,0.1,0.1,0.3064727634191513,0.004484503625372595,0.2984619140625,0.3206787109375,16384,0.8196875364574059,1199082.0,0.09880322,0.09191108,0.9640193947180654,0.19301531212102235,0.18278866456714135,1.431408,0.0001021243,0.0974447329117593,0.22949360906779168,0.00023435049034068137,0.5875729436306311,0.653333538008324,0.7581921599421202,0.26906678394701583
both_paths,24.662812801994733,0.18720154195100056,0.0,0.5,0.1,0.1,0.20214103162288666,0.010308392678386022,0.18115234375,0.221435546875,16384,0.43583852910759285,1199157.0,0.3428077,0.1847028,0.721815164717318,0.590438551485142,0.36106119274194837,0.9160344,0.0001963676,0.3720303493889299,0.22949360906779168,0.00023435049034068137,0.5875729436306311,0.653333538008324,0.5488423839397996,0.7643748373326642
both_paths,24.77883359399857,0.16402431514464433,0.0,0.5,0.1,0.1,0.09966742247343063,0.004676156847515003,0.0927734375,0.114501953125,16384,0.05882577877404873,1199319.0,0.7289915,0.1030907,0.11018984305833954,0.9725977653905914,0.20472368022289653,1.009796,0.0003554508,0.835532354763965,0.22949360906779168,0.00023435049034068137,0.5875729436306311,0.653333538008324,0.20746300387606365,1.4603822726490325
both_paths,24.90036090299691,0.130793847839887,0.0,0.5,0.1,0.1,0.10233325511217117,0.004491472873446229,0.0948486328125,0.1138916015625,16384,0.06863369813399484,1199444.0,0.9524072,0.07406897,-0.3242510252822683,0.9343856162457603,0.14759672339326704,0.9973086,0.0003860346,0.9246407749616288,0.22949360906779168,0.00023435049034068137,0.5875729436306311,0.653333538008324,0.15666677520953254,1.9010161950946127
both_paths,25.02165257899469,0.09320288646395926,0.0,0.5,0.1,0.1,0.17992720752954483,0.007572335942459313,0.1619873046875,0.1966552734375,16384,0.3541111947590807,1199544.0,1.059013,0.05905658,-0.5166982291331554,0.8480194426286941,0.11783872425641725,1.022816,0.0003342144,0.7736583543230235,0.22949360906779168,0.00023435049034068137,0.5875729436306311,0.653333538008324,0.13807340804138235,2.1137863157641834
both_paths,25.14278952699533,0.056630765582368126,0.0,0.5,0.1,0.1,0.2452210858464241,0.013055115895595874,0.216796875,0.2674560546875,16384,0.5943352373053667,1199669.0,1.172871,0.03543388,-0.69792102395526,0.7126657048822969,0.07080845575113454,0.921303,0.0002666905,0.5769219103695241,0.22949360906779168,0.00023435049034068137,0.5875729436306311,0.653333538008324,0.09903215805442,2.3432868122359767
both_paths,25.260388650000095,0.027019609784132634,0.0,0.5,0.1,0.1,0.2683200463652611,0.010325951886828614,0.24951171875,0.2889404296875,16384,0.6793190951721404,1199781.0,1.230424,0.0577274,-0.7719306944935048,0.6251818254251745,0.11519847245871805,0.9288176,0.0002663372,0.5758925417215526,0.22949360906779168,0.00023435049034068137,0.5875729436306311,0.653333538008324,0.18221998005797735,2.4526689872113656
both_paths,25.3795550750001,0.007073897682987079,0.0,0.5,0.1,0.1,0.2556814029812813,0.00635440439532847,0.2412109375,0.2647705078125,16384,0.6328200039209528,1199905.0,1.183919,0.0888378,-0.704031151152664,0.6878243357404432,0.17674224557211207,0.887019,0.0002801654,0.6161821413192917,0.22949360906779168,0.00023435049034068137,0.5875729436306311,0.653333538008324,0.2515169537346167,2.351854297480966
both_paths,25.501515591997304,1.1335313505750344e-06,0.0,0.5,0.1,0.1,0.2073058933019638,0.012074321905287497,0.1859130859375,0.23291015625,16384,0.4548406772985599,1200043.0,1.018633,0.0463159,-0.4478078081669354,0.8893323512794199,0.09249938330899245,0.9884698,0.0003412755,0.7942314507288895,0.22949360906779168,0.00023435049034068137,0.5875729436306311,0.653333538008324,0.10363727005693679,2.03510839617972
both_paths,25.621643091995793,0.00721361244198418,0.0,0.5,0.1,0.1,0.12980137765407562,0.00428933961069208,0.121337890625,0.1396484375,16384,0.1696922293204822,1200167.0,0.87474,0.1705658,-0.16749271646780556,0.9273726392509516,0.33455369957446285,0.9411214,0.0003851433,0.9220438990036977,0.22949360906779168,0.00023435049034068137,0.5875729436306311,0.653333538008324,0.3462232092779667,1.7390822328433857
both_paths,25.745841213996755,0.028371533257545947,0.0,0.5,0.1,0.1,0.08648139983415604,0.0008405229788707661,0.0838623046875,0.0899658203125,16384,0.010312813314398142,1200267.0,0.7037213,0.2212649,0.14696242064456314,0.8916410345164185,0.42822694040050957,0.9711374,0.0003526884,0.8274838748512653,0.22949360906779168,0.00023435049034068137,0.5875729436306311,0.653333538008324,0.4477380265760402,1.4232996829518194
both_paths,25.86554633599735,0.05900505475954659,0.0,0.5,0.1,0.1,0.1433705985546112,0.009787061516395008,0.1246337890625,0.1602783203125,16384,0.21961502733702387,1200392.0,0.3599647,0.2511549,0.6589781065212427,0.5778862368055774,0.4814512980939672,0.9882892,0.0002163108,0.4301365051212474,0.22949360906779168,0.00023435049034068137,0.5875729436306311,0.653333538008324,0.6946151361236783,0.8513369838847326
both_paths,25.98554021799646,0.09545888771628717,0.0,0.5,0.1,0.1,0.2602156922221184,0.0071143197221356725,0.246826171875,0.2730712890625,16384,0.6495022001633292,1200492.0,0.03203923,0.1971783,0.9213491648837838,0.059119573722593355,0.3842142532114251,0.9017012,0.0001235287,0.15980821518926816,0.22949360906779168,0.00023435049034068137,0.5875729436306311,0.653333538008324,1.418122364844221,0.3992593478346464
both_paths,26.1043708349971,0.13220467731231106,0.0,0.5,0.1,0.1,0.3390696421265602,0.002848794290681763,0.330322265625,0.3455810546875,16384,0.9396153793017546,1200629.0,-1.032865,-0.1368762,-0.45728681399480764,-0.8472318500432658,-0.2703460042588819,0.385324,9.307712e-05,0.07108502885131227,0.22949360906779168,0.00023435049034068137,0.5875729436306311,0.653333538008324,-2.832712406442932,2.045738266707275
both_paths,26.227458199995453,0.16553009827204995,0.0,0.5,0.1,0.1,0.3495405837893486,0.0017645309544714971,0.343994140625,0.3538818359375,16384,0.9781392348352542,1200766.0,-1.566392,-0.00730147,-0.9998545871646934,-0.008807600500567178,-0.014602421002792096,0.6741647,0.0001246691,0.1631308645132049,0.22949360906779168,0.00023435049034068137,0.5875729436306311,0.653333538008324,-2.1135363308843873,3.124538835272947
both_paths,26.350407537000137,0.18915870447157646,0.0,0.5,0.1,0.1,0.34301113337278366,0.0024248803123967473,0.3372802734375,0.3492431640625,16384,0.9541166003233251,1200891.0,1.56746,-0.03476367,-0.997561739724053,0.0066564827156608,-0.06947133708643191,0.6865001,0.000128098,0.17312124706919105,0.22949360906779168,0.00023435049034068137,0.5875729436306311,0.653333538008324,-1.475271697998513,3.07174636846449
both_paths,26.47358973899827,0.19965599403036396,0.0,0.5,0.1,0.1,0.3471764475107193,0.0022610475608613287,0.34130859375,0.3525390625,16384,0.9694412927215009,1201016.0,-1.286976,-0.1363484,-0.8120149850801309,-0.5177772219774819,-0.26932956095942456,0.4783362,0.0001001578,0.09171517319979723,0.22949360906779168,0.00023435049034068137,0.5875729436306311,0.653333538008324,-2.661943532137859,2.51839266183505
both_paths,26.59762025699456,0.19533401836915043,0.0,0.5,0.1,0.1,0.3423047959804535,0.0033079325966677625,0.333251953125,0.3486328125,16384,0.951517899983246,1201116.0,-0.3728064,-0.1235574,0.7123545733715891,-0.657813171287826,-0.2446074272724251,0.5816581,8.078839e-05,0.03528080189012244,0.22949360906779168,0.00023435049034068137,0.5875729436306311,0.653333538008324,-2.7855870179190703,0.7779488496108375
both_paths,26.715453078999417,0.1779539653118546,0.0,0.5,0.1,0.1,0.29089175909757614,0.0046829809474459,0.2823486328125,0.302734375,16384,0.7623631449287693,1201253.0,0.1301497,0.1451387,0.9258867938369884,0.24660268400233112,0.2862180309503732,1.620023,0.0001100346,0.12049204345817867,0.22949360906779168,0.00023435049034068137,0.5875729436306311,0.653333538008324,0.8596118523155676,0.3874201925948498
both_paths,26.83377439600008,0.14987995216082567,0.0,0.5,0.1,0.1,0.17617914825677872,0.008335512716673779,0.156494140625,0.189208984375,16384,0.34032163326546955,1201303.0,0.2181238,0.2423193,0.8019721203553214,0.37388303463792505,0.4658886074832974,1.132301,0.000171575,0.2997950673575081,0.22949360906779168,0.00023435049034068137,0.5875729436306311,0.653333538008324,0.8945231553671436,0.6402070014881968
both_paths,26.952600106000318,0.11483614293849158,0.0,0.5,0.1,0.1,0.09203219413757324,0.0026194606383882876,0.08642578125,0.09912109375,16384,0.030734854113360275,1201490.0,0.8012706,0.3284384,-0.02513464662766727,0.7915042804065813,0.6106465619627792,0.926527,0.0003774475,0.8996215518736097,0.22949360906779168,0.00023435049034068137,0.5875729436306311,0.653333538008324,0.6571205137347791,1.5959336206459722
both_paths,27.07451217399648,0.07680451158027073,0.0,0.5,0.1,0.1,0.11825861036777496,0.005135813180195455,0.1072998046875,0.1290283203125,16384,0.1272249982237294,1201615.0,1.027679,0.2206604,-0.4211894772130803,0.8000974279044815,0.42713408918699663,0.871674,0.0003790663,0.9043380589988191,0.22949360906779168,0.00023435049034068137,0.5875729436306311,0.653333538008324,0.4903615095681966,2.0055527288787527
both_paths,27.194726989997434,0.042569667510222176,0.0,0.5,0.1,0.1,0.19308743625879288,0.011697522827754832,0.1683349609375,0.2139892578125,16384,0.40252926131703665,1201715.0,1.126922,0.1515526,-0.6023879816483158,0.7402940310457624,0.2984852880188304,0.8845878,0.0003167019,0.7226342432344214,0.22949360906779168,0.00023435049034068137,0.5875729436306311,0.653333538008324,0.3832604800094477,2.2172857658880147
both_paths,27.312498089995643,0.016853372138697226,0.0,0.5,0.1,0.1,0.24676180630922318,0.010103513399772997,0.22705078125,0.265380859375,16384,0.6000037334576577,1201843.0,1.12549,0.08258799,-0.6203756606198411,0.7668755812293034,0.16442591834839687,1.020151,0.0002687301,0.5828644529520401,0.22949360906779168,0.00023435049034068137,0.5875729436306311,0.653333538008324,0.21121231527117335,2.2400179120507846
both_paths,27.435431205994973,0.0020503377375255816,0.0,0.5,0.1,0.1,0.2542806938290596,0.00645276751191213,0.241455078125,0.2681884765625,16384,0.6276666262437184,1201971.0,1.141591,0.1110791,-0.6375773605017011,0.7382055723958394,0.22033529508323227,1.002573,0.0002798149,0.6151609307019296,0.22949360906779168,0.00023435049034068137,0.5875729436306311,0.653333538008324,0.29005636270960045,2.262145777096764
both_paths,27.556523030994867,0.0015724583672179632,0.0,0.5,0.1,0.1,0.22523030638694763,0.014110106031483759,0.2017822265625,0.2484130859375,16384,0.52078675191596,1202097.0,1.05232,0.1200265,-0.49425498054120276,0.8361728283148351,0.23775410700592428,0.8927754,0.0002981824,0.668676154708776,0.22949360906779168,0.00023435049034068137,0.5875729436306311,0.653333538008324,0.2770250085618824,2.087773932393204
both_paths,27.673984509994625,0.014569727329164714,0.0,0.5,0.1,0.1,0.17951766401529312,0.00956864478165446,0.164306640625,0.2001953125,16384,0.35260443484332415,1202196.0,1.048948,0.212539,-0.4582625376357153,0.7873553299847947,0.41239184151024333,0.8796532,0.0003563815,0.8382440258669008,0.22949360906779168,0.00023435049034068137,0.5875729436306311,0.653333538008324,0.482481024818453,2.0468357344586257
both_paths,27.791583646998333,0.039103167405645595,0.0,0.5,0.1,0.1,0.11655554920434952,0.006211092885323831,0.1051025390625,0.1317138671875,16384,0.12095923108096374,1202321.0,0.8901392,0.2560361,-0.18127936564747624,0.8526739040753052,0.4899846986380553,0.9203848,0.0003965054,0.955148313142159,0.22949360906779168,0.00023435049034068137,0.5875729436306311,0.653333538008324,0.5215673614734007,1.7530835422169209
both_paths,27.909519543994975,0.0719559747859121,0.0,0.5,0.1,0.1,0.09072799980640411,0.0016147095690267684,0.0870361328125,0.096923828125,16384,0.025936566087353917,1202445.0,0.5751891,0.3943282,0.2876582626733185,0.6434240517520492,0.7094069449496139,0.9100292,0.000320955,0.7350260003719479,0.22949360906779168,0.00023435049034068137,0.5875729436306311,0.653333538008324,0.8341334790035124,1.2790154733462107
both_paths,28.029478614000254,0.10924774747995777,0.0,0.5,0.1,0.1,0.16803892701864243,0.008899371714910283,0.146484375,0.1864013671875,16384,0.3103727788942211,1202568.0,0.1638391,0.2774242,0.8047546951112893,0.27356245496485415,0.526814449241797,0.968814,0.0001731092,0.3042650854150175,0.22949360906779168,0.00023435049034068137,0.5875729436306311,0.653333538008324,1.0918465721459816,0.6355342186614356
both_paths,28.149659737995535,0.1453037786092036,0.0,0.5,0.1,0.1,0.28886498510837555,0.009170706462215865,0.2734375,0.3115234375,16384,0.7549063993108948,1202618.0,-0.05047419,0.201478,0.9152226450715368,-0.09270536450913647,0.39213929328682134,1.08061,0.0001216444,0.15431815194734083,0.22949360906779168,0.00023435049034068137,0.5875729436306311,0.653333538008324,1.8029433845856362,0.4147362126165582
both_paths,28.271617574995616,0.1753461998963603,0.0,0.5,0.1,0.1,0.34597669541835785,0.0010492618065443657,0.3421630859375,0.3502197265625,16384,0.9650272602714492,1202755.0,-0.8903714,-0.304974,-0.17082704222960363,-0.8016793792023911,-0.5728248376290558,0.3293263,8.966258e-05,0.06113648533802316,0.22949360906779168,0.00023435049034068137,0.5875729436306311,0.653333538008324,-2.5211807104456034,1.74246531520873
both_paths,28.391516259995115,0.194248365661847,0.0,0.5,0.1,0.1,0.3420015275478363,0.002368397415949419,0.3355712890625,0.3486328125,16384,0.950402138892958,1202917.0,1.504632,-0.03587375,-0.9887070772729594,0.13160333766691854,-0.07168596002907074,0.7353069,0.0001354741,0.19461212191862073,0.22949360906779168,0.00023435049034068137,0.5875729436306311,0.653333538008324,-0.49877451337309786,2.9911649833562626
both_paths,28.51136645599763,0.19993625094500422,0.0,0.5,0.1,0.1,0.3384969085454941,0.003099223760795821,0.329833984375,0.345458984375,16384,0.9375082234750168,1203041.0,1.522175,0.007080638,-0.9951758622692735,0.0970797343628652,0.01416080268359591,0.753673,0.0001443894,0.22058758273736248,0.22949360906779168,0.00023435049034068137,0.5875729436306311,0.653333538008324,0.14484620066821874,3.0433274873743357
both_paths,28.628579841999453,0.19195173839640994,0.0,0.5,0.1,0.1,0.3480929136276245,0.0020597295490180274,0.343017578125,0.353271484375,16384,0.9728130819479154,1203166.0,-1.377459,-0.07407421,-0.916023029079804,-0.372979835365435,-0.147607088604286,0.5179711,0.0001064451,0.11003373957509302,0.22949360906779168,0.00023435049034068137,0.5875729436306311,0.653333538008324,-2.764754691446694,2.728847261583788
both_paths,28.752880388994527,0.17006793025842706,0.0,0.5,0.1,0.1,0.34323254227638245,0.002953189227711131,0.33544921875,0.34912109375,16384,0.9549311903469122,1203291.0,-0.3741414,-0.03677061,0.7308774297732498,-0.6785422717293872,-0.07347494895793338,0.5041076,8.714638e-05,0.05380532940248337,0.22949360906779168,0.00023435049034068137,0.5875729436306311,0.653333538008324,-3.0337293957195777,0.7511896646129214
both_paths,28.875789664998592,0.13803902914594207,0.0,0.5,0.1,0.1,0.2922702953219414,0.00588332950881448,0.280029296875,0.306396484375,16384,0.7674349457338366,1203403.0,0.02389783,0.1379008,0.9611083804602057,0.0459718211023195,0.27231832966896813,1.133871,0.0001179434,0.14353498363105727,0.22949360906779168,0.00023435049034068137,0.5875729436306311,0.653333538008324,1.4035566737964151,0.27980836361704253
both_paths,28.99691113699373,0.10097037970311185,0.0,0.5,0.1,0.1,0.17550550401210785,0.009132649945433032,0.16259765625,0.19921875,16384,0.3378432149533038,1203539.0,0.4493658,0.2947372,0.5175281849197392,0.6504712580854178,0.5559242036631019,0.9993364,0.0002607613,0.5596466978375305,0.22949360906779168,0.00023435049034068137,0.5875729436306311,0.653333538008324,0.7071865028811963,1.0268366692207735
both_paths,29.116937904000224,0.06408366607046057,0.0,0.5,0.1,0.1,0.0949513167142868,0.0020897549934511877,0.0892333984375,0.1011962890625,16384,0.04147465766221736,1203639.0,0.7345638,0.2895871,0.08494156447343172,0.8325932492298855,0.5473329991528261,0.9301368,0.0003638324,0.8599528366768974,0.22949360906779168,0.00023435049034068137,0.5875729436306311,0.653333538008324,0.5815481764954624,1.4857522860400734
both_paths,29.233673297996575,0.03300760740960103,0.0,0.5,0.1,0.1,0.10694616287946701,0.0030154616816637472,0.1004638671875,0.11572265625,16384,0.0856051414042976,1203765.0,1.005863,0.2272342,-0.38345985421496975,0.8125582696737135,0.4389847361700573,0.9435882,0.0004061338,0.9832014495421874,0.22949360906779168,0.00023435049034068137,0.5875729436306311,0.653333538008324,0.4953269263893385,1.9643359478693083
both_paths,29.354013099997246,0.010334074232325574,0.0,0.5,0.1,0.1,0.1753939986228943,0.009905517010546839,0.156982421875,0.193603515625,16384,0.3374329731962959,1203893.0,1.098396,0.2156696,-0.5322394935257841,0.7361547282664556,0.41808771517751836,0.9241312,0.0003165846,0.7222924800235324,0.22949360906779168,0.00023435049034068137,0.5875729436306311,0.653333538008324,0.5165082065076563,2.1320399978690983
both_paths,29.471470434000366,0.00040139256911192467,0.0,0.5,0.1,0.1,0.231340229511261,0.006021955210885374,0.2166748046875,0.239990234375,16384,0.5432658949903906,1203995.0,1.187986,0.1772632,-0.6761170863523953,0.6498885765014994,0.3471462568935496,0.97579,0.0003038881,0.6853001815831935,0.22949360906779168,0.00023435049034068137,0.5875729436306311,0.653333538008324,0.49060282871715977,2.3132761206925916
both_paths,29.592394567996962,0.004183224916947628,0.0,0.5,0.1,0.1,0.24786928296089172,0.009998534414674534,0.226318359375,0.2685546875,16384,0.6040782734474298,1204121.0,1.203369,0.1706726,-0.6991228174716545,0.6317961594093944,0.3347549836014912,0.8396292,0.0002584923,0.5530357794615112,0.22949360906779168,0.00023435049034068137,0.5875729436306311,0.653333538008324,0.4872387340634492,2.3449662604068235
both_paths,29.71348288999434,0.02165984730324358,0.0,0.5,0.1,0.1,0.233160600066185,0.004846022475575086,0.223388671875,0.2437744140625,16384,0.5499632575136246,1204246.0,1.178389,0.2138657,-0.6437782334550073,0.6430273696798139,0.41480765177635054,0.925302,0.0003280988,0.7558400500390289,0.22949360906779168,0.00023435049034068137,0.5875729436306311,0.653333538008324,0.5729126470173651,2.270221897810291
both_paths,29.83106620000035,0.04938445467789555,0.0,0.5,0.1,0.1,0.17646510899066925,0.006418194491753494,0.1602783203125,0.1923828125,16384,0.34137371724754373,1204371.0,1.093748,0.2973632,-0.4790449932795048,0.6757216915709764,0.560282152093298,0.8651448,0.0003790337,0.9042430762138661,0.22949360906779168,0.00023435049034068137,0.5875729436306311,0.653333538008324,0.6922709263958327,2.070362749044357
both_paths,29.951338465994922,0.08477200511582104,0.0,0.5,0.1,0.1,0.10962165892124176,0.0029364199053844952,0.1025390625,0.1192626953125,16384,0.09544861358789995,1204496.0,0.8383537,0.2858285,-0.08890538222086664,0.8362932114260537,0.5410263371915082,0.9219028,0.0003894204,0.9345055821178766,0.22949360906779168,0.00023435049034068137,0.5875729436306311,0.653333538008324,0.5742166920722735,1.6598192480671863
both_paths,30.07279475699761,0.12267032607381145,0.0,0.5,0.1,0.1,0.09372000396251678,0.0019525234361732202,0.08837890625,0.0989990234375,16384,0.036944509744927544,1204596.0,0.5845214,0.2915627,0.3264130170383339,0.7682805792473504,0.5506355363207938,0.9802998,0.0003086798,0.699261194180096,0.22949360906779168,0.00023435049034068137,0.5875729436306311,0.653333538008324,0.6218539158695013,1.2382900871568445
both_paths,30.19459970999742,0.1573975935001644,0.0,0.5,0.1,0.1,0.18430299311876297,0.00877235246567467,0.1658935546875,0.2042236328125,16384,0.3702102369764278,1204720.0,0.1963822,0.1641758,0.8744978002948017,0.3622957720336584,0.3224831326536138,1.534517,0.0001371962,0.19962960210167185,0.22949360906779168,0.00023435049034068137,0.5875729436306311,0.653333538008324,0.7273241313813936,0.5063968790961403
both_paths,30.316609194997,0.1838572218295616,0.0,0.5,0.1,0.1,0.301041841506958,0.0030797480082440623,0.2918701171875,0.30859375,16384,0.7997065206235981,1204857.0,-0.1266943,0.01728876,0.9674898513790913,-0.2505359435360744,0.034570630236555704,0.685548,7.961377e-05,0.03185844977780873,0.22949360906779168,0.00023435049034068137,0.5875729436306311,0.653333538008324,3.0044718449896566,0.25568669702206287
both_paths,30.43679008199979,0.19803477367821598,0.0,0.5,0.1,0.1,0.3489144295454025,0.0019626556623490786,0.3438720703125,0.35400390625,16384,0.9758355379556134,1204969.0,-1.338736,-0.04757439,-0.8901707954160678,-0.44561188537093244,-0.09500527671918013,0.5276546,0.000103919,0.10267373917418413,0.22949360906779168,0.00023435049034068137,0.5875729436306311,0.653333538008324,-2.9315358336490394,2.6685162171451466
both_paths,30.561172522997367,0.19815903521833975,0.0,0.5,0.1,0.1,0.3433641344308853,0.001843463370182345,0.337646484375,0.34912109375,16384,0.9554153337327383,1205094.0,1.506997,0.0007680285,-0.9918691608522675,0.12725253742447357,0.0015360563959530527,0.7639088,0.000145684,0.22435950646129135,0.22949360906779168,0.00023435049034068137,0.5875729436306311,0.653333538008324,0.012070343182671639,3.0139848048894278
both_paths,30.678916483993817,0.18461469665291816,0.0,0.5,0.1,0.1,0.3371289521455765,0.0025835523456582948,0.330322265625,0.3431396484375,16384,0.9324753471183628,1205218.0,1.481074,0.006105584,-0.9838696062534463,0.17846986490200994,0.012210864529045632,0.7687888,0.0001483976,0.2322658035547977,0.22949360906779168,0.00023435049034068137,0.5875729436306311,0.653333538008324,0.06831329079856463,2.961737455251895
both_paths,30.79568064299383,0.15987088858392534,0.0,0.5,0.1,0.1,0.3445795923471451,0.0038595142204850353,0.3341064453125,0.3519287109375,16384,0.9598871498005752,1205318.0,-1.489468,-0.08274972,-0.973317099612638,-0.15972764119452745,-0.16474496726781768,0.6013674,0.0001202338,0.15020825266959167,0.22949360906779168,0.00023435049034068137,0.5875729436306311,0.653333538008324,-2.340732703555708,2.9100654849938463
both_paths,30.91377409800043,0.12675858690933686,0.0,0.5,0.1,0.1,0.34494875371456146,0.001702766805861369,0.3402099609375,0.35009765625,16384,0.9612453389343605,1205442.0,-0.4664728,-0.1621665,0.5644244082184429,-0.7614921481708262,-0.3186766318408695,0.5524507,8.252355e-05,0.04033633345880187,0.22949360906779168,0.00023435049034068137,0.5875729436306311,0.653333538008324,-2.745249173502376,0.9710605168651978
both_paths,31.035580354997364,0.08884536439276891,0.0,0.5,0.1,0.1,0.28636159747838974,0.011889787576648934,0.26171875,0.306640625,16384,0.7456961347035909,1205579.0,-0.01765618,0.2075819,0.9144798081833686,-0.032305869387834835,0.40333982102937177,1.071662,0.0001351955,0.19380039787297995,0.22949360906779168,0.00023435049034068137,0.5875729436306311,0.653333538008324,1.6507216103404136,0.41657587339663055
both_paths,31.160580612995545,0.051664870143908866,0.0,0.5,0.1,0.1,0.1668238788843155,0.012063261744457392,0.146728515625,0.19775390625,16384,0.3059024704634707,1205629.0,0.2176553,0.2392104,0.8049332143067747,0.3743457605359166,0.46037785793253583,1.169439,0.0001746657,0.3088000763591665,0.22949360906779168,0.00023435049034068137,0.5875729436306311,0.653333538008324,0.8881020895254723,0.6352334212478324
both_paths,31.28164132299571,0.022621022218859962,0.0,0.5,0.1,0.1,0.08924376219511032,0.0015829571419438706,0.0853271484375,0.0963134765625,16384,0.020475877148739198,1205816.0,0.8015182,0.2189327,-0.029193448386244738,0.9051881714307545,0.42400721323247154,0.9516852,0.000382383,0.9140015376139549,0.22949360906779168,0.00023435049034068137,0.5875729436306311,0.653333538008324,0.4380650399413337,1.5999939234944915
both_paths,31.399547377994168,0.004938385299388434,0.0,0.5,0.1,0.1,0.11434604972600937,0.006261747304367037,0.10302734375,0.1309814453125,16384,0.1128302163804605,1205940.0,0.9610098,0.1711293,-0.32409162612712106,0.8844924101148809,0.3356155454138673,0.952466,0.0003637466,0.8597028513103647,0.22949360906779168,0.00023435049034068137,0.5875729436306311,0.653333538008324,0.36266128108449536,1.9008476967575212
both_paths,31.52080805500009,0.0002135885969073159,0.0,0.5,0.1,0.1,0.18948052823543549,0.00785723306246705,0.171875,0.20263671875,16384,0.3892590122707405,1206064.0,1.13439,0.1504848,-0.6137856823759335,0.7317012304543212,0.29644636186322504,0.943747,0.0003266786,0.7517021803706188,0.22949360906779168,0.00023435049034068137,0.5875729436306311,0.653333538008324,0.38493532528690944,2.231643234315682
both_paths,31.640418716000568,0.009573381524472055,0.0,0.5,0.1,0.1,0.23810579627752304,0.010245432308700748,0.219482421875,0.26171875,16384,0.5681572299915177,1206164.0,1.122948,0.07907354,-0.6171759347860029,0.7709028349159905,0.1574886809885474,1.0323,0.0002975734,0.6669017830512194,0.22949360906779168,0.00023435049034068137,0.5875729436306311,0.653333538008324,0.201518307741261,2.2359447654337745
both_paths,31.762587790995894,0.03214018090351552,0.0,0.5,0.1,0.1,0.23488708585500717,0.007073842322828826,0.222900390625,0.2525634765625,16384,0.556315206674567,1206288.0,1.160097,0.1384059,-0.6552658257788703,0.7042294778243885,0.273290212282702,0.8701514,0.0002873991,0.6372581220405834,0.22949360906779168,0.00023435049034068137,0.5875729436306311,0.653333538008324,0.3701796288922692,2.2853307950312183
both_paths,31.880691295998986,0.06338955749536426,0.0,0.5,0.1,0.1,0.20973071455955505,0.006316294001927938,0.1927490234375,0.2208251953125,16384,0.463761886759021,1206413.0,1.084097,0.2030511,-0.5167438565987784,0.7595563552712711,0.3950315554920185,0.9415476,0.0003424716,0.7977163865903071,0.22949360906779168,0.00023435049034068137,0.5875729436306311,0.653333538008324,0.4795838023634431,2.1138396093015794
both_paths,31.999406765993626,0.09981363014825992,0.0,0.5,0.1,0.1,0.14674486219882965,0.00699585891359657,0.1334228515625,0.1634521484375,16384,0.23202934969198152,1206537.0,0.936546,0.2279761,-0.2672988951685213,0.8571300099201823,0.44031743860073946,0.9639954,0.0003815949,0.9117053433556294,0.22949360906779168,0.00023435049034068137,0.5875729436306311,0.653333538008324,0.47455644627685123,1.8413851646157071
both_paths,32.119410022998636,0.1366400610936554,0.0,0.5,0.1,0.1,0.09390617907047272,0.004065677119193203,0.0863037109375,0.103759765625,16384,0.0376294703906655,1206661.0,0.7405077,0.2694638,0.07695186041865694,0.8548028205643914,0.5132158894006191,0.942882,0.000362852,0.8570963605306438,0.22949360906779168,0.00023435049034068137,0.5875729436306311,0.653333538008324,0.5407069241575799,1.4937683170722735
both_paths,32.24078222800017,0.1686336435061157,0.0,0.5,0.1,0.1,0.11345057189464569,0.006525434477278118,0.099853515625,0.126708984375,16384,0.10953564558445443,1206786.0,0.4442525,0.2665443,0.5430757176413017,0.6684353388885393,0.5081957916328594,1.044813,0.000240776,0.5014178802878352,0.22949360906779168,0.00023435049034068137,0.5875729436306311,0.653333538008324,0.6500457981969943,0.9967005900953038
both_paths,32.361649428996316,0.19070212122981134,0.0,0.5,0.1,0.1,0.2260494902729988,0.00821554864275002,0.2086181640625,0.2418212890625,16384,0.5238006280980572,1206886.0,0.02749784,0.1672818,0.9431256415051108,0.05192019117315854,0.3283569979216459,1.430847,0.0001118858,0.12588566712397284,0.22949360906779168,0.00023435049034068137,0.5875729436306311,0.653333538008324,1.413973536702418,0.3388858303126461
both_paths,32.48282875499717,0.19985453182243856,0.0,0.5,0.1,0.1,0.32740409672260284,0.004769610064737531,0.3133544921875,0.3363037109375,16384,0.8966964327223255,1207023.0,-0.7323811,-0.3118553,0.08590849647526104,-0.8071579811928531,-0.5840511310065565,0.3644785,8.63618e-05,0.051519390954066796,0.22949360906779168,0.00023435049034068137,0.5875729436306311,0.653333538008324,-2.515209546322649,1.4847818065096674
both_paths,32.60035923800024,0.1950707160459506,0.0,0.5,0.1,0.1,0.3470838740468025,0.0013840838491320424,0.34228515625,0.3516845703125,16384,0.9691007037978858,1207135.0,1.500433,-0.04782629,-0.9855883037442441,0.13962145029176726,-0.09550678583727501,0.6995066,0.0001319757,0.18441924538857846,0.22949360906779168,0.00023435049034068137,0.5875729436306311,0.653333538008324,-0.5999346825442973,2.9716135603220764
both_paths,32.72157972099376,0.17673403338057705,0.0,0.5,0.1,0.1,0.33234046399593353,0.0034349262578312065,0.323486328125,0.3397216796875,16384,0.914857922473902,1207235.0,1.411614,0.03868263,-0.946907686558864,0.3120775252400731,0.07728810630214566,0.8370676,0.0001732728,0.3047417474891985,0.22949360906779168,0.00023435049034068137,0.5875729436306311,0.653333538008324,0.24277204028455301,2.81427360591778
both_paths,32.843590320997464,0.1471839090105019,0.0,0.5,0.1,0.1,0.3300749510526657,0.004769757920302908,0.3197021484375,0.3397216796875,16384,0.9065228274894761,1207372.0,1.481472,0.01698462,-0.9835170077219679,0.17759738180136508,0.0339627074734417,0.7859315,0.000157261,0.25809004944902847,0.22949360906779168,0.00023435049034068137,0.5875729436306311,0.653333538008324,0.1889529515379582,2.9597769563700798
both_paths,32.96372197899473,0.1113724190397985,0.0,0.5,0.1,0.1,0.3453356623649597,0.001512911134978836,0.341064453125,0.3502197265625,16384,0.9626688224597796,1207509.0,-1.404279,-0.09574836,-0.9277794727266989,-0.32093663572977194,-0.19032846826847616,0.5441455,0.0001098337,0.11990670476195024,0.22949360906779168,0.00023435049034068137,0.5875729436306311,0.653333538008324,-2.606306043436775,2.7592133428862513
both_paths,33.08544959999563,0.07347648148936231,0.0,0.5,0.1,0.1,0.34500303864479065,0.0026983038659106314,0.3375244140625,0.3505859375,16384,0.9614450597309366,1207608.0,-0.4171975,-0.03342624,0.6701257693523462,-0.739235316579802,-0.0668026943400169,0.8847238,7.487638e-05,0.01805567383890611,0.22949360906779168,0.00023435049034068137,0.5875729436306311,0.653333538008324,-3.0514701496781056,0.8364181083596824
both_paths,33.209557160997065,0.03881928183961671,0.0,0.5,0.1,0.1,0.2733866348862648,0.010490811265913922,0.25439453125,0.2926025390625,16384,0.6979596845781993,1207745.0,0.1010099,0.1527035,0.9343290484269842,0.1913633856929957,0.3006813660366069,1.274681,0.0001297442,0.1779175863510787,0.22949360906779168,0.00023435049034068137,0.5875729436306311,0.653333538008324,1.0040181145502496,0.3644244504907098
both_paths,33.33163833299477,0.013664936225809693,0.0,0.5,0.1,0.1,0.15620261430740356,0.010269353644509191,0.137939453125,0.176025390625,16384,0.2668255588235036,1207857.0,0.4931056,0.1811426,0.5160322913784399,0.779809458900992,0.35441202302300495,1.084786,0.0002559938,0.5457561939337525,0.22949360906779168,0.00023435049034068137,0.5875729436306311,0.653333538008324,0.4265777305148162,1.0285839678184971
both_paths,33.45374864000041,0.0010537911024896957,0.0,0.5,0.1,0.1,0.08671517670154572,0.001230623570172244,0.0833740234375,0.0914306640625,16384,0.011172906566411907,1207981.0,0.7689953,0.1128651,0.031967741426584186,0.9741065254135044,0.22381809724620777,1.010343,0.0003701674,0.8784103809307899,0.22949360906779168,0.00023435049034068137,0.5875729436306311,0.653333538008324,0.22584763236256622,1.538823138029277
both_paths,33.57340562099853,0.002647298034868323,0.0,0.5,0.1,0.1,0.11166653037071228,0.003011350434823474,0.1048583984375,0.1195068359375,16384,0.1029719419418278,1208106.0,0.963835,0.1274159,-0.33806469674347284,0.9067340301096967,0.252082644100643,0.9269412,0.0003823242,0.9138302189711563,0.22949360906779168,0.00023435049034068137,0.5875729436306311,0.653333538008324,0.271163977198853,1.9156560859899252
both_paths,33.694996164995246,0.018184335495798995,0.0,0.5,0.1,0.1,0.16754861921072006,0.010424557388734811,0.154296875,0.19580078125,16384,0.30856887741452194,1208230.0,1.079241,0.1444908,-0.5314465322599644,0.7977174612420258,0.2849762014246731,0.96156,0.0003563945,0.8382819024375875,0.22949360906779168,0.00023435049034068137,0.5875729436306311,0.653333538008324,0.3431096642452185,2.1311036243493464
both_paths,33.81257945999823,0.04446373448350586,0.0,0.5,0.1,0.1,0.20006252825260162,0.0071493384295222935,0.186767578125,0.2186279296875,16384,0.42819146486624465,1208354.0,1.061643,0.1102245,-0.5121074251008657,0.8306204834782274,0.21866777902324117,1.013779,0.0003323462,0.7682151997571004,0.22949360906779168,0.00023435049034068137,0.5875729436306311,0.653333538008324,0.25741766294221824,2.108432899029615
both_paths,33.9351788319982,0.07977628809258021,0.0,0.5,0.1,0.1,0.1906130462884903,0.006315916653381349,0.1795654296875,0.2060546875,16384,0.39342568259228494,1208478.0,1.079943,0.1490729,-0.5310926561083709,0.7947657001965601,0.2937483147506167,0.8952504,0.0003561234,0.8374920302596506,0.22949360906779168,0.00023435049034068137,0.5875729436306311,0.653333538008324,0.35403126295986453,2.130685924893174
both_paths,34.05875746499805,0.11835455002738503,0.0,0.5,0.1,0.1,0.15674910694360733,0.008595871920667,0.1407470703125,0.174560546875,16384,0.26883617105354335,1208602.0,0.9384648,0.1499155,-0.28792857996574006,0.9109667070192675,0.2953587505752696,1.032027,0.0003774682,0.8996818630284725,0.22949360906779168,0.00023435049034068137,0.5875729436306311,0.653333538008324,0.31353134466225363,1.8628594392048954
both_paths,34.18013576499652,0.15361868675545104,0.0,0.5,0.1,0.1,0.1076577678322792,0.00700984617982329,0.09814453125,0.1275634765625,16384,0.08822322173383308,1208702.0,0.8744564,0.1565922,-0.16855783667982777,0.9363060371161127,0.30808969563056965,0.9757498,0.0003970898,0.9568510106736468,0.22949360906779168,0.00023435049034068137,0.5875729436306311,0.653333538008324,0.31788887321528847,1.7401627146596645
both_paths,34.300468539993744,0.1809881315064928,0.0,0.5,0.1,0.1,0.0877181813120842,0.0010125044003392164,0.08447265625,0.0916748046875,16384,0.014863081333895892,1208826.0,0.652984,0.1926627,0.24255154347279684,0.8943698816248752,0.37586069706910147,0.9798522,0.0003299105,0.7611185872015825,0.22949360906779168,0.00023435049034068137,0.5875729436306311,0.653333538008324,0.39784215238892395,1.3258012552856435
both_paths,34.41980009299732,0.19684267863186675,0.0,0.5,0.1,0.1,0.1527150645852089,0.008690692838133597,0.129638671875,0.1702880859375,16384,0.25399444334310795,1208950.0,0.3315526,0.1799507,0.7375932208892177,0.5761285560427698,0.3521819521360268,1.098898,0.0001843116,0.33690420045050395,0.22949360906779168,0.00023435049034068137,0.5875729436306311,0.653333538008324,0.5486800526014424,0.7412972451480396
both_paths,34.5377371489958,0.1992980612991866,0.0,0.5,0.1,0.1,0.28086312115192413,0.010610355966340555,0.259765625,0.302734375,16384,0.7254665780431901,1209025.0,-0.03909378,0.2213309,0.9008540691484741,-0.0705794645847784,0.4283462212714877,0.7842919,0.0001314081,0.18276549604074746,0.22949360906779168,0.00023435049034068137,0.5875729436306311,0.653333538008324,1.7341009825790685,0.44906346200794356
both_paths,34.65996020799503,0.18763668973535497,0.0,0.5,0.1,0.1,0.34692080318927765,0.002303942528640019,0.3411865234375,0.352294921875,16384,0.9685007464722388,1209138.0,-0.7911223,-0.0673735,-0.011344250819369739,-0.9908704140889893,-0.13433960866573247,0.3763038,8.970842e-05,0.061270043953429415,0.22949360906779168,0.00023435049034068137,0.5875729436306311,0.653333538008324,-3.006836929450751,1.5821408209474632
both_paths,34.77670963399578,0.16453545801910635,0.0,0.5,0.1,0.1,0.3385220170021057,0.004819127155602439,0.3272705078125,0.347412109375,16384,0.9376006005110397,1209300.0,1.513523,0.00551598,-0.993386249553114,0.11428936956067133,0.011031736228824996,0.7942691,0.0001578438,0.2597880852487393,0.22949360906779168,0.00023435049034068137,0.5875729436306311,0.653333538008324,0.09622649628638147,3.026518298371888
both_paths,34.89914933099499,0.13115575440623814,0.0,0.5,0.1,0.1,0.3177022114396095,0.002793500680104115,0.310791015625,0.3245849609375,16384,0.8610020282378782,1209375.0,1.392756,0.05109015,-0.9323816399356971,0.346785164214402,0.10200258522022966,0.8361756,0.0001780799,0.318747629254453,0.22949360906779168,0.00023435049034068137,0.5875729436306311,0.653333538008324,0.28606988371880515,2.771742826502631
both_paths,35.01755027399486,0.09448921189932502,0.0,0.5,0.1,0.1,0.31863121688365936,0.006571243191902956,0.3018798828125,0.3309326171875,16384,0.8644199511591372,1209537.0,1.423429,0.04068172,-0.9537137274911899,0.2895249763195488,0.08127369858708977,0.834019,0.0001776223,0.31741437396627914,0.22949360906779168,0.00023435049034068137,0.5875729436306311,0.653333538008324,0.27367062226329697,2.8361493157010083
both_paths,35.13781934099825,0.05804293883506685,0.0,0.5,0.1,0.1,0.34215833246707916,0.002301099562430916,0.3359375,0.3486328125,16384,0.9509790430769743,1209637.0,1.53225,-0.02182557,-0.9960801023791531,0.07694294980467872,-0.04363727901336767,0.7153648,0.0001376886,0.20106425005599177,0.22949360906779168,0.00023435049034068137,0.5875729436306311,0.653333538008324,-0.5159057878076436,3.053021086661393
both_paths,35.2573354299966,0.027678718561586033,0.0,0.5,0.1,0.1,0.3479345217347145,0.00170580857930567,0.3426513671875,0.3525390625,16384,0.972230339096637,1209800.0,-0.4870087,-0.02856296,0.5610643554223127,-0.8258008032554273,-0.057094854560071254,0.6471674,8.57973e-05,0.0498746737115534,0.22949360906779168,0.00023435049034068137,0.5875729436306311,0.653333538008324,-3.0725637303898923,0.9751252790709545
both_paths,35.375824810995255,0.007513195322906632,0.0,0.5,0.1,0.1,0.29064127057790756,0.00600146831204455,0.2789306640625,0.30419921875,16384,0.7614415674952129,1209912.0,0.1202528,0.1433832,0.9315565566342708,0.22846671187323536,0.2828521581277622,1.144954,0.0001221804,0.1558798320925794,0.22949360906779168,0.00023435049034068137,0.5875729436306311,0.653333538008324,0.8913628383006209,0.37212569235505694
both_paths,35.500166319994605,1.3650817615173949e-08,0.0,0.5,0.1,0.1,0.1718045324087143,0.004881521346286457,0.1531982421875,0.1824951171875,16384,0.3242268946667146,1209962.0,0.2684497,0.2199168,0.7775128085166957,0.4627932994294527,0.42578890849302414,0.8870496,0.0001856112,0.3406906920862354,0.22949360906779168,0.00023435049034068137,0.5875729436306311,0.653333538008324,0.7437779044764086,0.6800952725349625
both_paths,35.62081420599861,0.007116818189952551,0.0,0.5,0.1,0.1,0.09093397855758667,0.0025052420460111046,0.08544921875,0.0985107421875,16384,0.02669438672174129,1210149.0,0.7801856,0.2419853,0.009227679651625163,0.8851062948789336,0.4652974282047274,0.93709,0.0003769565,0.8981909829345947,0.22949360906779168,0.00023435049034068137,0.5875729436306311,0.653333538008324,0.4839929818992079,1.5615685161819892
both_paths,35.74443188299483,0.02806327869474967,0.0,0.5,0.1,0.1,0.1150282695889473,0.00353663384038809,0.1068115234375,0.122802734375,16384,0.11534018542510761,1210273.0,0.9774428,0.2062853,-0.34327376428365364,0.8493466566196773,0.4009655591737357,0.9785582,0.0003833285,0.9167563297358264,0.22949360906779168,0.00023435049034068137,0.5875729436306311,0.653333538008324,0.4410689505306862,1.921196577195274
both_paths,35.86130831899936,0.05779433194691913,0.0,0.5,0.1,0.1,0.18220221251249313,0.004665024662712215,0.17138671875,0.19140625,16384,0.3624812121007448,1210397.0,1.087805,0.2169103,-0.5159365439563848,0.746406931907461,0.4203405459991129,0.8872452,0.0003282033,0.7561445193957033,0.22949360906779168,0.00023435049034068137,0.5875729436306311,0.653333538008324,0.5128845994566262,2.112896909388898
both_paths,35.98161090899521,0.09422610964939157,0.0,0.5,0.1,0.1,0.20702306926250458,0.008681089415715975,0.188232421875,0.22265625,16384,0.4538001335930928,1210521.0,1.163835,0.1822316,-0.6415494333995464,0.6792343384306443,0.356447805437775,0.9043348,0.0003317924,0.7666016578458447,0.22949360906779168,0.00023435049034068137,0.5875729436306311,0.653333538008324,0.4832736087505598,2.2673127971321714
both_paths,36.10161544299626,0.13138396666454866,0.0,0.5,0.1,0.1,0.20246399194002151,0.011168532548694914,0.1800537109375,0.2264404296875,16384,0.4370267390127795,1210646.0,1.082223,0.2121486,-0.5097879055934148,0.755404221568853,0.4116804019462608,0.959662,0.0003457805,0.807357139263031,0.22949360906779168,0.00023435049034068137,0.5875729436306311,0.653333538008324,0.49898112983619125,2.105734563688506
both_paths,36.22114276499633,0.1640186097209389,0.0,0.5,0.1,0.1,0.17096234112977982,0.00941666736494175,0.156005859375,0.191650390625,16384,0.3211283715151106,1210745.0,1.038024,0.2396529,-0.42948515716416896,0.7764476151221332,0.46116331244670883,0.9517214,0.0003692688,0.8757922358216269,0.22949360906779168,0.00023435049034068137,0.5875729436306311,0.653333538008324,0.5359517179358111,2.0147189259552745
both_paths,36.34153136600071,0.18786142123762795,0.0,0.5,0.1,0.1,0.11692160367965698,0.0066046225474470505,0.1044921875,0.1309814453125,16384,0.12230598958447549,1210872.0,0.893928,0.3308934,-0.16989591467505033,0.7703839401289246,0.6145274306067724,0.9057836,0.0003903284,0.9371511149012285,0.22949360906779168,0.00023435049034068137,0.5875729436306311,0.653333538008324,0.6733307108306121,1.7415203741227605
both_paths,36.46248383199418,0.19930624855629747,0.0,0.5,0.1,0.1,0.0898565724492073,0.0010399057436424645,0.086669921875,0.09423828125,16384,0.022730479882529304,1211001.0,0.6054988,0.3975347,0.24654291704793693,0.6553975560617131,0.713912202978649,0.9103108,0.0003330837,0.7703639667479838,0.22949360906779168,0.00023435049034068137,0.5875729436306311,0.653333538008324,0.8281051312987096,1.321684894875248
both_paths,36.58568118599942,0.19639905195439328,0.0,0.5,0.1,0.1,0.15429019182920456,0.01130947232639898,0.130126953125,0.1749267578125,16384,0.25978952618749174,1211127.0,0.2684994,0.3392468,0.6689408130149114,0.39825883521235106,0.6276209754766414,0.877344,0.0002068625,0.4026081049043487,0.22949360906779168,0.00023435049034068137,0.5875729436306311,0.653333538008324,1.005356842561798,0.8380134037377888
both_paths,36.706116723995365,0.17975732920959525,0.0,0.5,0.1,0.1,0.26356586813926697,0.00892182075653334,0.2398681640625,0.2845458984375,16384,0.6618279008691884,1211228.0,-0.0179655,0.186304,0.9307799240141048,-0.03345825330083573,0.36404570913328244,0.8243611,0.0001145662,0.13369523328310995,0.22949360906779168,0.00023435049034068137,0.5875729436306311,0.653333538008324,1.662445593491669,0.37425585529842054
both_paths,36.82437451299484,0.15241730144329566,0.0,0.5,0.1,0.1,0.3400331065058708,0.002620050927453408,0.333740234375,0.3465576171875,16384,0.9431600807961903,1211341.0,-0.9341128,-0.2409878,-0.25967781410676427,-0.8471757768035796,-0.4635306204103288,0.4113101,9.153096e-05,0.06658016434877105,0.22949360906779168,0.00023435049034068137,0.5875729436306311,0.653333538008324,-2.6409416342409715,1.8334848837290028
both_paths,36.946530479996,0.11671905829857054,0.0,0.5,0.1,0.1,0.34638144820928574,0.0012740050551609747,0.342529296875,0.350830078125,16384,0.9665163945390863,1211478.0,1.552744,-0.05412768,-0.9934982215751184,0.03588550328882906,-0.10804403908029588,0.6766481,0.0001266698,0.16896006874189673,0.22949360906779168,0.00023435049034068137,0.5875729436306311,0.653333538008324,-1.25012218933464,3.027497638917862
both_paths,37.06462140700023,0.07983775207136995,0.0,0.5,0.1,0.1,0.3434421569108963,0.0019043933330963908,0.3385009765625,0.3504638671875,16384,0.9557023878339937,1211603.0,1.543937,-0.04442067,-0.9946193921282489,0.0534810678063831,-0.08872451853192431,0.684791,0.0001269481,0.1697709187128294,0.22949360906779168,0.00023435049034068137,0.5875729436306311,0.653333538008324,-1.0283376749338249,3.0378098037169314
both_paths,37.186901155997475,0.044599501291389114,0.0,0.5,0.1,0.1,0.3470437750220299,0.001746513339233739,0.341796875,0.3519287109375,16384,0.9689531746560833,1211727.0,-1.435868,-0.1005867,-0.9443717752923404,-0.2612168367291497,-0.19981920388293553,0.566778,0.0001118794,0.12586702019686552,0.22949360906779168,0.00023435049034068137,0.5875729436306311,0.653333538008324,-2.488588657375801,2.8064754654252795
both_paths,37.3043083550001,0.018310162282786466,0.0,0.5,0.1,0.1,0.34884488582611084,0.0012931413557413969,0.3436279296875,0.3521728515625,16384,0.9755796782362554,1211826.0,-1.056331,-0.1461829,-0.49384991204865714,-0.8203916122525978,-0.2882184361124678,0.4315647,9.472774e-05,0.07589424616723338,0.22949360906779168,0.00023435049034068137,0.5875729436306311,0.653333538008324,-2.8037440484520566,2.0873080322973365
both_paths,37.42652829099825,0.0026520457804346254,0.0,0.5,0.1,0.1,0.3224365711212158,0.0039070552127217365,0.3128662109375,0.3306884765625,16384,0.8784203077290139,1211901.0,-0.321779,-0.03766476,0.797697219297736,-0.5983438268075314,-0.07525829685807775,0.9942832,7.520017e-05,0.018999062671418772,0.22949360906779168,0.00023435049034068137,0.5875729436306311,0.653333538008324,-3.0164720192843233,0.6473293158798218
both_paths,37.54456261299492,0.000978366576236872,0.0,0.5,0.1,0.1,0.2272726446390152,0.01049392547646306,0.2071533203125,0.24755859375,16384,0.5283007603315354,1212062.0,0.1195778,0.2762532,0.8269848859756126,0.20163704224388967,0.5248223523851084,1.21311,0.0001655885,0.2823529065562566,0.22949360906779168,0.00023435049034068137,0.5875729436306311,0.653333538008324,1.2039839101038083,0.5970728214866343
both_paths,37.66892008599825,0.013753593060080699,0.0,0.5,0.1,0.1,0.11746063828468323,0.005109828944883076,0.105712890625,0.1270751953125,16384,0.1242891628195423,1212199.0,0.5870713,0.4638353,0.23168439303820765,0.5531383324207219,0.8002251728290859,0.90417,0.0003345268,0.7745685574524498,0.22949360906779168,0.00023435049034068137,0.5875729436306311,0.653333538008324,0.9659816616467243,1.3369874943805935
both_paths,37.785795029994915,0.037670854198122064,0.0,0.5,0.1,0.1,0.09515073895454407,0.002064112042873958,0.090576171875,0.1029052734375,16384,0.04220835610322193,1212323.0,0.974222,0.3283274,-0.292052367745926,0.7362274680659888,0.6104707443925071,0.8910112,0.0004113067,0.99827311973492,0.22949360906779168,0.00023435049034068137,0.5875729436306311,0.653333538008324,0.6922866661110922,1.8671683886274948
both_paths,37.90634477599815,0.0710000262277434,0.0,0.5,0.1,0.1,0.1577598825097084,0.008935354017479497,0.141845703125,0.1739501953125,16384,0.27255493610250264,1212447.0,1.096172,0.2685291,-0.5003172381016733,0.6985250839449112,0.5116105631806954,0.9272278,0.0003598061,0.8482218800187367,0.22949360906779168,0.00023435049034068137,0.5875729436306311,0.653333538008324,0.6321516837599797,2.094761456152742
both_paths,38.02542451299814,0.1079788561287453,0.0,0.5,0.1,0.1,0.2099526897072792,0.007975167270185327,0.197021484375,0.2286376953125,16384,0.4645785600629458,1212572.0,1.208123,0.1811397,-0.6997003874864726,0.6203348531100148,0.3544065994987348,0.902837,0.0003269464,0.752482437726766,0.22949360906779168,0.00023435049034068137,0.5875729436306311,0.653333538008324,0.5190604860373398,2.3457743681868912
both_paths,38.14734636199864,0.14465468005350687,0.0,0.5,0.1,0.1,0.22755949199199677,0.008621724243662737,0.208251953125,0.2451171875,16384,0.5293561062920329,1212671.0,1.168494,0.1486623,-0.662972503489223,0.6889412143226946,0.29296324483594033,0.89736,0.0003115665,0.7076718323802083,0.22949360906779168,0.00023435049034068137,0.5875729436306311,0.653333538008324,0.40207130959244575,2.2955786600053965
both_paths,38.269743573000596,0.17495780806051675,0.0,0.5,0.1,0.1,0.20456025749444962,0.006859953805722817,0.1864013671875,0.218505859375,16384,0.4447391524689284,1212796.0,1.037642,0.1311795,-0.46681886093610747,0.8454660109756057,0.2593595484251779,0.9962606,0.0003248647,0.7464172333268719,0.22949360906779168,0.00023435049034068137,0.5875729436306311,0.653333538008324,0.29765178397499703,2.0564865380248936
both_paths,38.39128109399462,0.19422364552871416,0.0,0.5,0.1,0.1,0.15000900626182556,0.010373390054870583,0.1302490234375,0.1724853515625,16384,0.2440385288444417,1212920.0,1.015739,0.2389864,-0.3947367644264506,0.7953622970344474,0.45998011181596143,0.9118166,0.0003956401,0.9526271903256013,0.22949360906779168,0.00023435049034068137,0.5875729436306311,0.653333538008324,0.5243315986499182,1.9765776591048405
both_paths,38.51411359699705,0.19990171799161527,0.0,0.5,0.1,0.1,0.10221929848194122,0.004511833090693997,0.091552734375,0.11181640625,16384,0.06821443796605174,1213045.0,0.8070945,0.2382729,-0.03854596656808854,0.8877482681366984,0.4587125689161181,0.970479,0.0003770521,0.8984695214082602,0.22949360906779168,0.00023435049034068137,0.5875729436306311,0.653333538008324,0.47692976976628776,1.6093518449624522
both_paths,38.63363158399443,0.19131639517332252,0.0,0.5,0.1,0.1,0.09464165568351746,0.003970876021920806,0.08642578125,0.105712890625,16384,0.04033537743338108,1213169.0,0.5694105,0.2504273,0.36724186682051185,0.7965959131390629,0.4801753454982127,1.001587,0.0002969095,0.6649674557220704,0.22949360906779168,0.00023435049034068137,0.5875729436306311,0.653333538008324,0.5424641137429282,1.194754382904924
both_paths,38.75580770899978,0.1694088317893882,0.0,0.5,0.1,0.1,0.18312977999448776,0.003946133673549214,0.1734619140625,0.1923828125,16384,0.36589384458640967,1213294.0,0.2243065,0.1748116,0.846537703458052,0.40747716853443944,0.34254382748361284,1.203772,0.0001454687,0.2237322121790714,0.22949360906779168,0.00023435049034068137,0.5875729436306311,0.653333538008324,0.6990381340022505,0.5613491252496259
both_paths,38.87875360599719,0.13717624119463892,0.0,0.5,0.1,0.1,0.3041001334786415,0.006191183598872086,0.29248046875,0.320068359375,16384,0.8109583451385886,1213344.0,-0.01411864,0.133521,0.9641711546449986,-0.027232809218586215,0.2638794396170232,1.12444,0.0001057165,0.10791090346721834,0.22949360906779168,0.00023435049034068137,0.5875729436306311,0.653333538008324,1.6736339733120058,0.268495304956798
both_paths,38.999245033999614,0.10023717934168003,0.0,0.5,0.1,0.1,0.3495713025331497,0.0016583664895786566,0.343017578125,0.35400390625,16384,0.9782522527935693,1213543.0,-1.464596,-0.07410822,-0.9668100798617019,-0.20849592786922544,-0.14767436317709404,0.6107531,0.0001127204,0.12831734296206262,0.22949360906779168,0.00023435049034068137,0.5875729436306311,0.653333538008324,-2.525328461140133,2.88323182935695
both_paths,39.11997003799479,0.06319629673333609,0.0,0.5,0.1,0.1,0.3411083146929741,0.0022449067448585226,0.3350830078125,0.3463134765625,16384,0.9471159012183024,1213642.0,1.47889,-0.002008106,-0.9831460368618257,0.18277784420104543,-0.004016201203119673,0.7589084,0.0001440665,0.21964678699315063,0.22949360906779168,0.00023435049034068137,0.5875729436306311,0.653333538008324,-0.021969593976554513,2.957736624299531
both_paths,39.23775694899814,0.0320606709203769,0.0,0.5,0.1,0.1,0.33105843514204025,0.004889755747425058,0.3214111328125,0.3416748046875,16384,0.9101411839084795,1213741.0,1.439648,0.01032824,-0.9655909642977218,0.25924401668180974,0.020655011045193118,0.8033588,0.0001575167,0.2588350524586134,0.22949360906779168,0.00023435049034068137,0.5875729436306311,0.653333538008324,0.07950606295705143,2.878502566668714
both_paths,39.360044684995955,0.009511318467801247,0.0,0.5,0.1,0.1,0.3422992154955864,0.0055092783567967365,0.33056640625,0.3525390625,16384,0.9514973687072873,1213854.0,1.493049,-0.001856734,-0.9879282335051047,0.1548677360274977,-0.003713459465314785,0.7214474,0.0001319621,0.18437962066847538,0.22949360906779168,0.00023435049034068137,0.5875729436306311,0.653333538008324,-0.02397367013048113,2.9860540223103547
both_paths,39.47936421199847,0.00021006792907640737,0.0,0.5,0.1,0.1,0.3511330336332321,0.0007882870108264236,0.3482666015625,0.3543701171875,16384,0.9839980496110187,1214018.0,-0.6050787,-0.02410318,0.3524621987772254,-0.9345845840954279,-0.048187691419072635,0.3627575,8.265457e-05,0.04071807101967718,0.22949360906779168,0.00023435049034068137,0.5875729436306311,0.653333538008324,-3.0900777259314425,1.2105954792185714
both_paths,39.59953334599413,0.004849147561812497,0.0,0.5,0.1,0.1,0.3135963976383209,0.005349945510009413,0.302490234375,0.3260498046875,16384,0.8458962447446512,1214133.0,-0.03056404,0.1367807,0.9610165618009409,-0.058818376602971914,0.2701621115517303,1.155704,0.0001021574,0.09754117248789253,0.22949360906779168,0.00023435049034068137,0.5875729436306311,0.653333538008324,1.7851661928356233,0.28014064125462934
both_paths,39.72043560199381,0.023035978298686186,0.0,0.5,0.1,0.1,0.2073190063238144,0.011812222724496294,0.1865234375,0.230224609375,16384,0.4548889216853256,1214209.0,0.1717946,0.1217593,0.9137717117169359,0.3269295581973307,0.2411188977305577,1.798109,0.0001270865,0.17017415851152534,0.22949360906779168,0.00023435049034068137,0.5875729436306311,0.653333538008324,0.6354695326586528,0.41832240575710117
both_paths,39.83853536899551,0.051421931274829996,0.0,0.5,0.1,0.1,0.10414706915616989,0.006132195550188582,0.093994140625,0.119873046875,16384,0.07530693846384609,1214372.0,0.7129199,0.2471115,0.12716424106907495,0.8711047277728015,0.4743477722570219,0.9554622,0.0003541937,0.8318696903785557,0.22949360906779168,0.00023435049034068137,0.5875729436306311,0.653333538008324,0.49863842579097417,1.443286844109122
both_paths,39.960876715995255,0.08773998045484473,0.0,0.5,0.1,0.1,0.10148365795612335,0.004264424779031507,0.0941162109375,0.1131591796875,16384,0.0655079278685016,1214497.0,0.9729882,0.2259156,-0.32966748475100244,0.8370709791677017,0.43661370264018606,0.8928834,0.0003905675,0.9378477524436287,0.22949360906779168,0.00023435049034068137,0.5875729436306311,0.653333538008324,0.48077554617535956,1.9067476757818456
both_paths,40.07855604799988,0.12442935509490188,0.0,0.5,0.1,0.1,0.1698611080646515,0.008761827127235711,0.1494140625,0.185546875,16384,0.3170768024322188,1214622.0,1.126484,0.1916741,-0.5847183570461167,0.7198664411247506,0.37402773944678985,0.9369656,0.0003447828,0.8044502581419404,0.22949360906779168,0.00023435049034068137,0.5875729436306311,0.653333538008324,0.47918812085613327,2.1953291636739163
both_paths,40.198638170993945,0.15843186563467573,0.0,0.5,0.1,0.1,0.22674764692783356,0.0065286999790435144,0.2115478515625,0.2427978515625,16384,0.5263692305195745,1214721.0,1.170415,0.1770998,-0.6529448991945663,0.6733239475182663,0.3468397617260982,0.9157256,0.000299877,0.6736135113769127,0.22949360906779168,0.00023435049034068137,0.5875729436306311,0.653333538008324,0.47566694414293265,2.2822624198852703
both_paths,40.3206821309941,0.18454742507810654,0.0,0.5,0.1,0.1,0.23962832987308502,0.005373125817027404,0.229248046875,0.2513427734375,16384,0.5737588144687548,1214846.0,1.197039,0.1619403,-0.6952504679473581,0.6444727563308785,0.31824778579946106,0.884606,0.0002922051,0.6512607988652412,0.22949360906779168,0.00023435049034068137,0.5875729436306311,0.653333538008324,0.4586842239288327,2.3395646375302723
both_paths,40.43851835499663,0.1981404404050796,0.0,0.5,0.1,0.1,0.2185492068529129,0.009395491045978517,0.202392578125,0.2401123046875,16384,0.49620618203572014,1214970.0,1.129932,0.1948285,-0.5881565710534354,0.7139816230943246,0.3798711489574577,0.9415092,0.0003356534,0.7778509993398115,0.22949360906779168,0.00023435049034068137,0.5875729436306311,0.653333538008324,0.48895463128969396,2.1995739093104745
both_paths,40.55925255899638,0.19827245426436632,0.0,0.5,0.1,0.1,0.16469189524650574,0.006202959132656845,0.1524658203125,0.1787109375,16384,0.2980586458765523,1215095.0,0.957733,0.1754412,-0.3172983384800196,0.883840373098666,0.3437265763344897,0.9318788,0.000365846,0.86581962611804,0.22949360906779168,0.00023435049034068137,0.5875729436306311,0.653333538008324,0.3709019773224176,1.893675576217881
both_paths,40.67799597999692,0.1847684635955769,0.0,0.5,0.1,0.1,0.10281305015087128,0.004475324049321824,0.0955810546875,0.11328125,16384,0.0703989218695314,1215219.0,0.8187952,0.2417602,-0.059093090284258055,0.8833895142116137,0.46489888455622885,0.9345352,0.0003840339,0.9188115707329371,0.22949360906779168,0.00023435049034068137,0.5875729436306311,0.653333538008324,0.48443984194197975,1.629923863348167
both_paths,40.79567729499831,0.159871731040452,0.0,0.5,0.1,0.1,0.09897655993700027,0.003985611167522,0.08935546875,0.1094970703125,16384,0.05628401229266975,1215318.0,0.5318067,0.3120147,0.3941740035777761,0.7093721329036696,0.5843098766606344,0.976069,0.0002925634,0.6523047354250154,0.22949360906779168,0.00023435049034068137,0.5875729436306311,0.653333538008324,0.689026071845487,1.1656274132666098
both_paths,40.91775770599634,0.12555067227594394,0.0,0.5,0.1,0.1,0.20094316452741623,0.007824604406542118,0.1861572265625,0.21728515625,16384,0.4314314317881387,1215443.0,0.1367664,0.2754569,0.8203696386765316,0.230167228448786,0.5234660475006391,0.869444,0.0001637665,0.2770443594953897,0.22949360906779168,0.00023435049034068137,0.5875729436306311,0.653333538008324,1.156542089374553,0.6087391979160182
both_paths,41.03861119299836,0.08789966074394465,0.0,0.5,0.1,0.1,0.31222111731767654,0.00888189520195383,0.2918701171875,0.3265380859375,16384,0.8408364228015253,1215580.0,-0.3982996,-0.03375843,0.6975493364157472,-0.7133535724967727,-0.06746557545921023,0.8444996,7.58893e-05,0.02100689968352375,0.22949360906779168,0.00023435049034068137,0.5875729436306311,0.653333538008324,-3.0472978989462023,0.7988247002233454
both_paths,41.15904540599877,0.05208764843012111,0.0,0.5,0.1,0.1,0.3501196876168251,0.0007495924521271441,0.3470458984375,0.35302734375,16384,0.98026982756579,1215692.0,-1.492244,-0.05708007,-0.9812553957274333,-0.15544075457068973,-0.11391233547905592,0.6211396,0.0001161584,0.13833423911752948,0.22949360906779168,0.00023435049034068137,0.5875729436306311,0.653333538008324,-2.509168332562919,2.947667622737728
both_paths,41.27865045899671,0.023219616580695115,0.0,0.5,0.1,0.1,0.3368604853749275,0.003953665367087755,0.32861328125,0.3468017578125,16384,0.9314876255340873,1215817.0,1.444348,0.01968933,-0.9674411340561107,0.2500155488006801,0.039368483513100065,0.8081156,0.0001578302,0.2597484605286363,0.22949360906779168,0.00023435049034068137,0.5875729436306311,0.653333538008324,0.15618172679632947,2.8857134002524
both_paths,41.39873753199936,0.005017657164726422,0.0,0.5,0.1,0.1,0.3321695700287819,0.005216406784714233,0.3206787109375,0.34228515625,16384,0.914229182985696,1215942.0,1.444343,-0.006692363,-0.9681024874412593,0.250196789783648,-0.01338432635598375,0.7758138,0.0001478865,0.23077667161033605,0.22949360906779168,0.00023435049034068137,0.5875729436306311,0.653333538008324,-0.053444253923157437,2.8883396372505303
both_paths,41.51953134799987,0.00018819059790618764,0.0,0.5,0.1,0.1,0.34277642518281937,0.003051346689409609,0.3341064453125,0.3497314453125,16384,0.9532530806233876,1216043.0,-1.554422,-0.04949626,-0.9945706762800215,-0.03258249934547778,-0.09883091935372623,0.658306,0.0001203824,0.15064121100836492,0.22949360906779168,0.00023435049034068137,0.5875729436306311,0.653333538008324,-1.889254572279227,3.037340615034607
both_paths,41.64039026399405,0.009569565438293084,0.0,0.5,0.1,0.1,0.3488639071583748,0.0013211903521684264,0.3443603515625,0.3526611328125,16384,0.975649660008649,1216171.0,-0.4604928,-0.07675816,0.5979201913163643,-0.7868346345428415,-0.1529140369620628,0.6990353,7.472395e-05,0.01761155647969205,0.22949360906779168,0.00023435049034068137,0.5875729436306311,0.653333538008324,-2.949644550170127,0.9298924521680791
both_paths,41.75998931600043,0.03154284267892769,0.0,0.5,0.1,0.1,0.3052907958626747,0.005885809191290336,0.2880859375,0.3175048828125,16384,0.8153389354569051,1216286.0,0.1003003,0.1021101,0.9595832199124626,0.19511722939964704,0.2028036263330515,1.490363,9.893656e-05,0.0881569898778361,0.22949360906779168,0.00023435049034068137,0.5875729436306311,0.653333538008324,0.8047121577401191,0.28527883109727764
both_paths,41.87773349000054,0.06252644072676641,0.0,0.5,0.1,0.1,0.1841084286570549,0.007685521431065381,0.1632080078125,0.2021484375,16384,0.3694944108877932,1216424.0,0.4592897,0.2315464,0.5430228954639517,0.7110343152223474,0.44671729044019987,0.966442,0.0002530065,0.537052449348172,0.22949360906779168,0.00023435049034068137,0.5875729436306311,0.653333538008324,0.5609430466302698,0.9967634960455279
both_paths,42.00245176399767,0.10077023676023328,0.0,0.5,0.1,0.1,0.09678714722394943,0.0050389003409932465,0.089111328125,0.111328125,16384,0.04822889922098473,1216549.0,0.7677034,0.2763326,0.030114745410638213,0.8505955009262599,0.5249575181982418,0.9241012,0.000372018,0.8838022564471678,0.22949360906779168,0.00023435049034068137,0.5875729436306311,0.653333538008324,0.5529450919907175,1.5406770276924493
both_paths,42.1245696259939,0.13814339425698896,0.0,0.5,0.1,0.1,0.10495991259813309,0.004374098586979134,0.0955810546875,0.114501953125,16384,0.07829748738847872,1216649.0,1.002077,0.3256968,-0.33393739201091416,0.7217284115689951,0.6062952400860856,0.8512074,0.0003989811,0.9623614689920977,0.22949360906779168,0.00023435049034068137,0.5875729436306311,0.653333538008324,0.6986950593191867,1.9112740098564809
both_paths,42.2444828459993,0.16947451480264297,0.0,0.5,0.1,0.1,0.16895577311515808,0.004672664093424086,0.1566162109375,0.1810302734375,16384,0.3137459661113884,1216774.0,1.121525,0.2363043,-0.554487336141347,0.6966542949651857,0.455210486879897,0.9235202,0.0003535242,0.8299190469881876,0.22949360906779168,0.00023435049034068137,0.5875729436306311,0.653333538008324,0.5787783357201883,2.1585431261692873
both_paths,42.36275225300051,0.19084746664917085,0.0,0.5,0.1,0.1,0.21353425830602646,0.009093822294273376,0.194091796875,0.230712890625,16384,0.4777555823141341,1216898.0,1.231137,0.1888323,-0.7231739524137943,0.5839883456864133,0.3687506564775949,0.8686942,0.0003105465,0.7046999783724781,0.22949360906779168,0.00023435049034068137,0.5875729436306311,0.653333538008324,0.563213323721218,2.3791831541318023
both_paths,42.4807922589971,0.199817991971237,0.0,0.5,0.1,0.1,0.21945969760417938,0.007273283204356547,0.2041015625,0.2340087890625,16384,0.49955598717225613,1217023.0,1.177863,0.2164202,-0.6415951905542229,0.6421966344772647,0.41945094364390795,0.9086114,0.0003164882,0.7220116106839782,0.22949360906779168,0.00023435049034068137,0.5875729436306311,0.653333538008324,0.5785866766854144,2.2673724495740695
both_paths,42.60433752999961,0.1946757449843286,0.0,0.5,0.1,0.1,0.20691455900669098,0.007197152807019354,0.1932373046875,0.223876953125,16384,0.45340091129260746,1217147.0,1.188527,0.2727939,-0.6169268599705169,0.5917115969047205,0.5189206447380791,0.910477,0.000361177,0.8522161100767732,0.22949360906779168,0.00023435049034068137,0.5875729436306311,0.653333538008324,0.7199516613052297,2.235628247978202
both_paths,42.723547907000466,0.1763360750127419,0.0,0.5,0.1,0.1,0.1596279814839363,0.005486248294017785,0.1470947265625,0.171142578125,16384,0.27942789722893013,1217247.0,1.120449,0.3712349,-0.45760178233000304,0.5774740266412298,0.6761097228728253,0.8722228,0.0004013076,0.9691399183538469,0.22949360906779168,0.00023435049034068137,0.5875729436306311,0.653333538008324,0.8639193611404119,2.046092466865024
both_paths,42.842660640999384,0.14744121891206138,0.0,0.5,0.1,0.1,0.10025419294834137,0.0032736709589243442,0.091796875,0.108642578125,16384,0.06098457802389237,1217372.0,0.8216816,0.5074524,-0.038259997168992546,0.5263119860186232,0.8494303185016187,0.8531984,0.0003836675,0.9177440341560426,0.22949360906779168,0.00023435049034068137,0.5875729436306311,0.653333538008324,1.0160853651149644,1.60906566445658
both_paths,42.960195435996866,0.11247240711050319,0.0,0.5,0.1,0.1,0.10550816357135773,0.006360768908924861,0.092529296875,0.1165771484375,16384,0.0803145687521984,1217499.0,0.3744508,0.4134412,0.4959866926769457,0.4610428855825255,0.7358237957154711,1.014161,0.0002655293,0.5735386585324886,0.22949360906779168,0.00023435049034068137,0.5875729436306311,0.653333538008324,1.011070995583431,1.0518255528955363
both_paths,43.07962522299931,0.07524506915370063,0.0,0.5,0.1,0.1,0.1953762173652649,0.008724459197722785,0.177734375,0.216552734375,16384,0.41094996267638806,1217601.0,0.02562357,0.285125,0.840660930553712,0.04311922257562091,0.5398425071120659,1.189606,0.0001551642,0.25198084995549064,0.22949360906779168,0.00023435049034068137,0.5875729436306311,0.653333538008324,1.4910918315874886,0.5722938422165061
both_paths,43.19854927399865,0.04159080074438185,0.0,0.5,0.1,0.1,0.31325070559978485,0.00863644798939461,0.296142578125,0.3291015625,16384,0.8446244020985431,1217739.0,-0.2429721,-0.3241961,0.7047841151964471,-0.3722596942596587,-0.6039056805466121,0.3814858,8.478136e-05,0.04691464884820697,0.22949360906779168,0.00023435049034068137,0.5875729436306311,0.653333538008324,-2.1232021349810877,0.7886775378757369
both_paths,43.317585124998004,0.015976141205124972,0.0,0.5,0.1,0.1,0.34589411318302155,0.0009637083901002764,0.34228515625,0.3494873046875,16384,0.9647234302811595,1217850.0,1.558232,-0.09467974,-0.9818149368447557,0.024676881721919754,-0.1882298629256542,0.6674214,0.0001279587,0.17271538504637068,0.22949360906779168,0.00023435049034068137,0.5875729436306311,0.653333538008324,-1.440440034732142,2.950592925360125
both_paths,43.4397607649953,0.0017853858539306489,0.0,0.5,0.1,0.1,0.3328671008348465,0.0018824521068775456,0.3277587890625,0.3388671875,16384,0.9167954828342086,1217975.0,1.447642,0.0390899,-0.9668567749958014,0.24308092867378794,0.07810018412146837,0.8206779,0.0001728998,0.30365498126872464,0.22949360906779168,0.00023435049034068137,0.5875729436306311,0.653333538008324,0.31087533719821137,2.88341465519221
both_paths,43.5601648449956,0.0017809921242699506,0.0,0.5,0.1,0.1,0.3255152404308319,0.007256855902907801,0.3087158203125,0.3392333984375,16384,0.8897471029245747,1218086.0,1.40772,0.00361264,-0.9472573183826493,0.320392523333286,0.0072252171346031185,0.8084777,0.0001564537,0.2557379144093808,0.22949360906779168,0.00023435049034068137,0.5875729436306311,0.653333538008324,0.022547319858526205,2.815362836212081
both_paths,43.678666667998186,0.015343502452046562,0.0,0.5,0.1,0.1,0.3410966396331787,0.0021082521021137945,0.335693359375,0.3472900390625,16384,0.9470729472671309,1218136.0,1.469692,-0.01833762,-0.9789666359097723,0.2006984193069198,-0.03666701873901384,0.761528,0.0001460461,0.22541451463403553,0.22949360906779168,0.00023435049034068137,0.5875729436306311,0.653333538008324,-0.18070415866312128,2.936129692419709
both_paths,43.7945300279971,0.03983997266577093,0.0,0.5,0.1,0.1,0.34504908323287964,0.0016419284204459326,0.3408203125,0.3502197265625,16384,0.9616144633162841,1218321.0,-0.428762,-0.179832,0.6124458269181224,-0.7078378642162877,-0.35195975206307534,0.8677744,7.42875e-05,0.016339923458443213,0.22949360906779168,0.00023435049034068137,0.5875729436306311,0.653333538008324,-2.680161765013132,0.9116454542612359
both_paths,43.91275582600065,0.07293331640352078,0.0,0.5,0.1,0.1,0.2918970361351967,0.007939118004854676,0.280517578125,0.310302734375,16384,0.7660616802291872,1218459.0,0.05495084,0.2127446,0.9053417341744293,0.09990111633026881,0.4127664125361984,1.106821,0.000132525,0.186019676179212,0.22949360906779168,0.00023435049034068137,0.5875729436306311,0.653333538008324,1.3333344821317636,0.43861261530854817
both_paths,44.03477674899477,0.11090371560072448,0.0,0.5,0.1,0.1,0.18018285930156708,0.008157999617317328,0.1663818359375,0.1986083984375,16384,0.35505176841992614,1218509.0,0.1080479,0.3365805,0.7636704540529833,0.1676436449735554,0.6234605407774344,1.00427,0.0001855215,0.34042934374849676,0.22949360906779168,0.00023435049034068137,0.5875729436306311,0.653333538008324,1.3081173555992978,0.7018168881349156
both_paths,44.156133348995354,0.14710735075467232,0.0,0.5,0.1,0.1,0.0987243726849556,0.00486281418889417,0.0888671875,0.1109619140625,16384,0.05535618501810042,1218696.0,0.7889424,0.4745827,-0.0041280211854397555,0.5823471326325758,0.8129297488440866,0.8610918,0.0003816699,0.9119238620326683,0.22949360906779168,0.00023435049034068137,0.5875729436306311,0.653333538008324,0.9491772938692336,1.574924359704391
both_paths,44.275564077994204,0.17615556600458715,0.0,0.5,0.1,0.1,0.11499255895614624,0.004214245913902794,0.1033935546875,0.1224365234375,16384,0.11520880170592152,1218822.0,1.140391,0.4000083,-0.454121629915722,0.5283532825470875,0.71736765613206,0.7958888,0.0003810448,0.9101025816991074,0.22949360906779168,0.00023435049034068137,0.5875729436306311,0.653333538008324,0.93598050270207,2.0421824011895486
both_paths,44.39872547399864,0.19498115789000617,0.0,0.5,0.1,0.1,0.18484148383140564,0.009141420007561145,0.16455078125,0.2044677734375,16384,0.3721914091659072,1218922.0,1.159536,0.2694409,-0.5839552554243431,0.62900401971017,0.5131765805750865,0.8819784,0.0003191747,0.7298389496955147,0.22949360906779168,0.00023435049034068137,0.5875729436306311,0.653333538008324,0.6843346164759478,2.1943888172516415
both_paths,44.51585523199901,0.1998759704534226,0.0,0.5,0.1,0.1,0.23246851563453674,0.00970615406683184,0.21142578125,0.2481689453125,16384,0.5474169955325698,1219047.0,1.294362,0.2077695,-0.7785987057341281,0.48044145789806664,0.4036831194909206,0.8846516,0.0003201066,0.732554117097283,0.22949360906779168,0.00023435049034068137,0.5875729436306311,0.653333538008324,0.6987968473229538,2.4632259805955887
both_paths,44.6376746179958,0.19079133694109335,0.0,0.5,0.1,0.1,0.234634667634964,0.007479382511639851,0.21875,0.2501220703125,16384,0.5553865296409126,1219172.0,1.169625,0.2239631,-0.6264581886758324,0.6480562532243302,0.4330972529326849,0.9492452,0.0003068511,0.6939331261174135,0.22949360906779168,0.00023435049034068137,0.5875729436306311,0.653333538008324,0.589133863350229,2.247797236251817
both_paths,44.75846239599923,0.16880604071416316,0.0,0.5,0.1,0.1,0.2026657909154892,0.007511701503635489,0.1875,0.2178955078125,16384,0.43776918174888535,1219298.0,1.213229,0.2708554,-0.6469092652554644,0.5618383705673868,0.5156026065535537,0.8582156,0.0003699287,0.877714908821334,0.22949360906779168,0.00023435049034068137,0.5875729436306311,0.653333538008324,0.7425119028690417,2.2743206937887437
both_paths,44.87660765199689,0.13780124367791988,0.0,0.5,0.1,0.1,0.1497458517551422,0.005447660103533808,0.1331787109375,0.1602783203125,16384,0.24307035171912295,1219398.0,1.057343,0.3054475,-0.42387638240675646,0.7009357437397213,0.573600815537953,0.8519014,0.0003919291,0.9418148861857125,0.22949360906779168,0.00023435049034068137,0.5875729436306311,0.653333538008324,0.6858217430882352,2.008517272392652
both_paths,44.99753874999442,0.10077321678876823,0.0,0.5,0.1,0.1,0.09162894636392593,0.001405425650766053,0.0875244140625,0.0965576171875,16384,0.029251256985567912,1219524.0,0.7682984,0.3324426,0.02690935785944695,0.7865274298245257,0.6169687906152288,0.9175912,0.0003731578,0.8871231576216881,0.22949360906779168,0.00023435049034068137,0.5875729436306311,0.653333538008324,0.6651692248020256,1.5438837203050368
both_paths,45.11881075299607,0.06353517739920403,0.0,0.5,0.1,0.1,0.11269238591194153,0.006526400652393559,0.1009521484375,0.127197265625,16384,0.10674618803556751,1219650.0,0.4299088,0.3338979,0.5123949502251368,0.5949558430434547,0.6192567801907635,1.044534,0.0002602874,0.5582659511568802,0.22949360906779168,0.00023435049034068137,0.5875729436306311,0.653333538008324,0.8054092330265439,1.0328249697641803
both_paths,45.239541123999516,0.031650448727151434,0.0,0.5,0.1,0.1,0.21643009036779404,0.0074329047461815225,0.204345703125,0.235595703125,16384,0.4884096972533155,1219775.0,0.1780256,0.1716611,0.8825823456426025,0.3282334834736316,0.3366172655803129,1.089366,0.000129943,0.17849680652435004,0.22949360906779168,0.00023435049034068137,0.5875729436306311,0.653333538008324,0.7980075163766469,0.4894696187514233
both_paths,45.35835809799755,0.00973812244087488,0.0,0.5,0.1,0.1,0.32143740355968475,0.00493178315491493,0.3123779296875,0.3333740234375,16384,0.8747442499269755,1219888.0,-0.2841439,0.02863572,0.8414418380233368,-0.5373073608174228,0.05724013657674641,0.7766503,7.179978e-05,0.009091746348531025,0.22949360906779168,0.00023435049034068137,0.5875729436306311,0.653333538008324,3.035461480139287,0.5708502698559913
both_paths,45.4780802949972,0.0002370104699387643,0.0,0.5,0.1,0.1,0.35256870090961456,0.0010326624663137554,0.3489990234375,0.3558349609375,16384,0.989280042437517,1220026.0,1.568219,0.02091686,-0.9991118239668251,0.005150120963779625,0.04182151914675671,0.7053346,0.0001249655,0.16399445032486296,0.22949360906779168,0.00023435049034068137,0.5875729436306311,0.653333538008324,1.4482679735771837,3.099442741598556
both_paths,45.6009869949994,0.004990623435622857,0.0,0.5,0.1,0.1,0.3355379104614258,0.004793998234071932,0.324462890625,0.3447265625,16384,0.9266217131318589,1220101.0,1.427928,0.02499279,-0.9582559000160312,0.2815122592613851,0.04996476728672769,0.8321753,0.0001642929,0.27857806924996725,0.22949360906779168,0.00023435049034068137,0.5875729436306311,0.653333538008324,0.1756577452123853,2.851634707295328
both_paths,45.72079089399631,0.023107292020651662,0.0,0.5,0.1,0.1,0.3321724161505699,0.004814979325570975,0.31591796875,0.3409423828125,16384,0.9142396542105508,1220239.0,1.486949,0.01914156,-0.9852497406554226,0.16678749087800734,0.03827376941249865,0.8061791,0.0001582917,0.26109307878801613,0.22949360906779168,0.00023435049034068137,0.5875729436306311,0.653333538008324,0.22557090377230482,2.969623677620283
both_paths,45.83741542999633,0.05111469670838699,0.0,0.5,0.1,0.1,0.34483109414577484,0.004088174524091506,0.33349609375,0.3529052734375,16384,0.9608124552094728,1220376.0,-1.421273,-0.03055707,-0.9538337568006794,-0.2940593033478935,-0.0610761041820295,0.5818133,0.0001085263,0.11609748718380675,0.22949360906779168,0.00023435049034068137,0.5875729436306311,0.653333538008324,-2.9368043722277273,2.8365487137092407
both_paths,45.95862236299581,0.08703741067481396,0.0,0.5,0.1,0.1,0.3477992117404938,0.0014493082799537308,0.343994140625,0.35302734375,16384,0.9717325173306994,1220477.0,-0.5214561,0.04776316,0.5014101363004212,-0.85993623051417,0.09538110223872034,0.3700132,8.681296e-05,0.052833882771838876,0.22949360906779168,0.00023435049034068137,0.5875729436306311,0.653333538008324,3.0311276911802967,1.0455684992419132
both_paths,46.077760107997165,0.12418680328954479,0.0,0.5,0.1,0.1,0.28177087754011154,0.010599446320002663,0.2598876953125,0.3045654296875,16384,0.7288063231286221,1220615.0,0.2037868,0.1408452,0.8819007324857961,0.38076018321329264,0.2779798210669183,1.001063,0.0001445653,0.22110008187457791,0.22949360906779168,0.00023435049034068137,0.5875729436306311,0.653333538008324,0.6306203954562841,0.4909174057259144
both_paths,46.19855254599679,0.15841003360923958,0.0,0.5,0.1,0.1,0.1525799110531807,0.004760030985072502,0.1429443359375,0.1630859375,16384,0.2534971972204216,1220728.0,0.5183828,0.1880674,0.473422988626221,0.8005876860338302,0.36732823307120627,1.075674,0.000264059,0.5692548183878163,0.22949360906779168,0.00023435049034068137,0.5875729436306311,0.653333538008324,0.43016705923745313,1.0776235174043576
both_paths,46.3235034889949,0.1850174260915445,0.0,0.5,0.1,0.1,0.0871824398636818,0.0008634893601142876,0.084228515625,0.0908203125,16384,0.012892024018687245,1220853.0,0.805873,0.2279013,-0.03675876492762607,0.8971552915529842,0.44018311648616815,0.9603226,0.0003791608,0.9046133925318883,0.22949360906779168,0.00023435049034068137,0.5875729436306311,0.653333538008324,0.4561341652805906,1.607563374875541
both_paths,46.44456429899583,0.19848730676724952,0.0,0.5,0.1,0.1,0.13171657919883728,0.007065629031709548,0.117431640625,0.1473388671875,16384,0.1767384864770984,1220978.0,1.056123,0.1713967,-0.4853938108958373,0.8071038836322826,0.33611927848563405,0.9198826,0.0003876496,0.9293462104738682,0.22949360906779168,0.00023435049034068137,0.5875729436306311,0.653333538008324,0.394607404658911,2.0776098703738644
both_paths,46.566704786993796,0.19781226945190444,0.0,0.5,0.1,0.1,0.20886003971099854,0.011704078552934143,0.18115234375,0.2298583984375,16384,0.4605585691241188,1221104.0,1.097579,0.1086136,-0.5708411770713536,0.7922690609711623,0.2155228191808566,1.013259,0.0003098631,0.702708836187299,0.22949360906779168,0.00023435049034068137,0.5875729436306311,0.653333538008324,0.26560512794359026,2.1783263182925148
both_paths,46.687635595000756,0.18312328726957827,0.0,0.5,0.1,0.1,0.24708085507154465,0.010382693444445052,0.2249755859375,0.2647705078125,16384,0.6011775522815648,1221229.0,1.171965,0.09941936,-0.6846210433755627,0.7016234782124792,0.19753106537549667,0.8938006,0.0002702919,0.5874148858827,0.22949360906779168,0.00023435049034068137,0.5875729436306311,0.653333538008324,0.2744308790539023,2.324879995961906
both_paths,46.8056018999996,0.1573457165531306,0.0,0.5,0.1,0.1,0.24197686463594437,0.004692836316873563,0.23291015625,0.2548828125,16384,0.5823993567268902,1221330.0,1.137747,0.1294151,-0.626225240462337,0.7364316671291822,0.2559498932549529,0.9161046,0.000285968,0.6330884943244436,0.22949360906779168,0.00023435049034068137,0.5875729436306311,0.653333538008324,0.33449424242016956,2.247498411766747
both_paths,46.92852270900039,0.12226701509360444,0.0,0.5,0.1,0.1,0.20348045229911804,0.006532599367577277,0.1925048828125,0.2208251953125,16384,0.440766419099865,1221455.0,1.079445,0.132517,-0.5354051862877698,0.8029493337829894,0.26194208114316453,0.9411668,0.0003439641,0.802064908263383,0.22949360906779168,0.00023435049034068137,0.5875729436306311,0.653333538008324,0.31533939694103363,2.13578374116326
both_paths,47.04767769699538,0.08507755418525856,0.0,0.5,0.1,0.1,0.13882394134998322,0.004802312477180956,0.13037109375,0.1531982421875,16384,0.20288732786622093,1221581.0,0.9139294,0.1497265,-0.2429264318359293,0.9241012761563644,0.2949975934166958,0.9267866,0.0003790431,0.9042704638880551,0.22949360906779168,0.00023435049034068137,0.5875729436306311,0.653333538008324,0.30900111392800866,1.8161778446476349
both_paths,47.17173929899582,0.04862629670399946,0.0,0.5,0.1,0.1,0.08940058201551437,0.0024955689426921905,0.08447265625,0.0966796875,16384,0.02105283615592235,1221706.0,0.7306344,0.2308235,0.09786625023166504,0.8899552115342971,0.4454233026330545,0.9610096,0.0003579137,0.8427082167596891,0.22949360906779168,0.00023435049034068137,0.5875729436306311,0.653333538008324,0.4640481752951291,1.4727731754292748
both_paths,47.29056214499724,0.02087638077719091,0.0,0.5,0.1,0.1,0.11867079138755798,0.005260332137210614,0.1080322265625,0.129150390625,16384,0.12874146184000582,1221832.0,0.3849413,0.2633332,0.6206954608517765,0.6017273599716148,0.502654283916482,1.075173,0.0002259395,0.4581905155959839,0.22949360906779168,0.00023435049034068137,0.5875729436306311,0.653333538008324,0.6959285658708705,0.9011669258225068
both_paths,47.41305915200064,0.0037069428890114386,0.0,0.5,0.1,0.1,0.23719511926174164,0.008922477935282861,0.2242431640625,0.25927734375,16384,0.5648067395653971,1221933.0,0.1339539,0.2078561,0.8821940994708908,0.24216844144768274,0.4038415739192095,1.024001,0.0001304366,0.17993495077750257,0.22949360906779168,0.00023435049034068137,0.5875729436306311,0.653333538008324,1.0306254011047402,0.49029475814047896
both_paths,47.53562697099551,0.0006257114822031812,0.0,0.5,0.1,0.1,0.3317860886454582,0.0034787487281565483,0.323974609375,0.3414306640625,16384,0.9128183087886361,1222071.0,-0.6022265,-0.04867148,0.3565080379137181,-0.9292234707430084,-0.09718930148544386,0.387203,8.38262e-05,0.04413171152073291,0.22949360906779168,0.00023435049034068137,0.5875729436306311,0.653333538008324,-3.037379606219869,1.2062686590282181
both_paths,47.65392514499399,0.011465932638730858,0.0,0.5,0.1,0.1,0.3512934073805809,0.0012646859327222239,0.3458251953125,0.3548583984375,16384,0.9845880839434786,1222186.0,-1.53094,-0.03294513,-0.9946615409109001,-0.0794554717082937,-0.06584259296508672,0.633983,0.0001230897,0.158529152533,0.22949360906779168,0.00023435049034068137,0.5875729436306311,0.653333538008324,-2.4496111324207646,3.0382174561762514
both_paths,47.77147179899475,0.03421635497958185,0.0,0.5,0.1,0.1,0.34008709341287613,0.003141432193572564,0.33349609375,0.348876953125,16384,0.9433587051294309,1222314.0,1.487585,-0.01301482,-0.9858496113819328,0.1655993797900969,-0.026026700736496957,0.7736317,0.0001475486,0.22979217213071643,0.22949360906779168,0.00023435049034068137,0.5875729436306311,0.653333538008324,-0.1558914265246547,2.973165296123839
both_paths,47.89229796199652,0.06680633112351397,0.0,0.5,0.1,0.1,0.34057798981666565,0.0032117749509457346,0.332763671875,0.349365234375,16384,0.9451647721242179,1222419.0,1.510958,-0.003608378,-0.9928214380559044,0.11938807090157395,-0.007216693356836075,0.7489621,0.0001403375,0.20878203837077247,0.22949360906779168,0.00023435049034068137,0.5875729436306311,0.653333538008324,-0.06037389557477546,3.0216996425469995
both_paths,48.010587002994725,0.10332539189544794,0.0,0.5,0.1,0.1,0.3492286205291748,0.0012596978011960422,0.344970703125,0.3531494140625,16384,0.9769914844271506,1222551.0,-1.224546,-0.1322585,-0.7428825011063889,-0.6162573294409897,-0.2614430979394479,0.4320098,9.641038e-05,0.08079675639033834,0.22949360906779168,0.00023435049034068137,0.5875729436306311,0.653333538008324,-2.7403630369795313,2.408162415431037
both_paths,48.131699339995976,0.14020417639075783,0.0,0.5,0.1,0.1,0.3375704512000084,0.0031997674460903813,0.328369140625,0.3448486328125,16384,0.934099675315277,1222630.0,-0.3922834,-0.03940415,0.705497880798823,-0.7043258047197944,-0.07872674891155969,0.8338056,7.595323e-05,0.02119316500383178,0.22949360906779168,0.00023435049034068137,0.5875729436306311,0.653333538008324,-3.0302786610162546,0.78767091141222
both_paths,48.25274835199525,0.17131856513751942,0.0,0.5,0.1,0.1,0.2595991864800453,0.005775971824636794,0.245849609375,0.2706298828125,16384,0.6472340012841779,1222772.0,0.09401406,0.2276719,0.8822804611884597,0.16787661731575504,0.4397711099693776,1.159354,0.0001463116,0.22618807075075353,0.22949360906779168,0.00023435049034068137,0.5875729436306311,0.653333538008324,1.2061329364052886,0.4901113239957621
both_paths,48.373486620999756,0.19220496595639777,0.0,0.5,0.1,0.1,0.134494848549366,0.007457228185709058,0.1219482421875,0.154052734375,16384,0.18696007404197612,1222912.0,0.5790589,0.2893444,0.3357633180866857,0.7668990697782133,0.5469266961858145,1.006824,0.0003053217,0.6894770932552347,0.22949360906779168,0.00023435049034068137,0.5875729436306311,0.653333538008324,0.6195079669599028,1.2283808510490553
both_paths,48.49351917099557,0.19997927398191379,0.0,0.5,0.1,0.1,0.08809757232666016,0.0011407455771657398,0.0850830078125,0.0926513671875,16384,0.01625890657167493,1223039.0,0.910813,0.1959947,-0.22938141572501022,0.8952312668542609,0.38202767565518736,0.9224388,0.0004027535,0.9733526670889224,0.22949360906779168,0.00023435049034068137,0.5875729436306311,0.653333538008324,0.40334038682060047,1.8022384323687426
both_paths,48.61466615399695,0.1935814243565613,0.0,0.5,0.1,0.1,0.14209503680467606,0.009582475840783089,0.1260986328125,0.16748046875,16384,0.21492208202598356,1223140.0,1.009463,0.1968767,-0.40012408054027304,0.8322907002284194,0.3836572825909713,0.9361042,0.0003636667,0.8594700560797591,0.22949360906779168,0.00023435049034068137,0.5875729436306311,0.653333538008324,0.4319353126689971,1.9824485598312402
both_paths,48.73415571899386,0.17414135808227132,0.0,0.5,0.1,0.1,0.2068130299448967,0.003926605994787108,0.19775390625,0.2158203125,16384,0.4530273736457581,1223266.0,1.115915,0.1526957,-0.5855260304314196,0.7528339330449052,0.30066648789541434,0.9956576,0.0003202938,0.7330995397151723,0.22949360906779168,0.00023435049034068137,0.5875729436306311,0.653333538008324,0.3799714040332054,2.196325129284935
both_paths,48.855147062997275,0.14395242233721156,0.0,0.5,0.1,0.1,0.2449919804930687,0.012532165871371025,0.2216796875,0.2713623046875,16384,0.5934923311161383,1223391.0,1.200796,0.08552372,-0.7276916660122812,0.6644485158321694,0.17021459697892533,0.959258,0.0003014001,0.6780511886702203,0.22949360906779168,0.00023435049034068137,0.5875729436306311,0.653333538008324,0.2507812224123587,2.385746854189017
both_paths,48.975575664000644,0.10766560416155697,0.0,0.5,0.1,0.1,0.23789843916893005,0.0048504285460436395,0.22607421875,0.2498779296875,16384,0.5673943382142034,1223517.0,1.148183,0.1289774,-0.6416069575384643,0.7233689849273575,0.2551035548231338,0.9052856,0.0003003458,0.6749793987875243,0.22949360906779168,0.00023435049034068137,0.5875729436306311,0.653333538008324,0.3390428672777279,2.2673877903740802
both_paths,49.09495966299437,0.07060807975518156,0.0,0.5,0.1,0.1,0.19779404252767563,0.00994481900315239,0.1767578125,0.2181396484375,16384,0.41984543266004637,1223617.0,1.117593,0.1338408,-0.5946203351818656,0.7592551324320689,0.2644963154067881,0.9146002,0.000370673,0.8798834881722688,0.22949360906779168,0.00023435049034068137,0.5875729436306311,0.653333538008324,0.33521562946529304,2.2075896769605285
both_paths,49.211989188996085,0.03821670925858559,0.0,0.5,0.1,0.1,0.13547474145889282,0.006490170622291905,0.1209716796875,0.149169921875,16384,0.19056521807778573,1223743.0,0.9582108,0.1764804,-0.3179000758857641,0.8828626971213877,0.34567759514231533,0.8790932,0.0003980048,0.9595169385335223,0.22949360906779168,0.00023435049034068137,0.5875729436306311,0.653333538008324,0.3731935733772689,1.8943101696826483
both_paths,49.33055216099456,0.013837625216299443,0.0,0.5,0.1,0.1,0.08829008787870407,0.001032018069604694,0.085205078125,0.0928955078125,16384,0.016967194474877392,1223869.0,0.7006192,0.2429411,0.14921645629755304,0.8715825038354241,0.466988638167968,0.9681916,0.0003515182,0.8240744007729851,0.22949360906779168,0.00023435049034068137,0.5875729436306311,0.653333538008324,0.4918710787083871,1.4210205166274965
both_paths,49.451552942999115,0.0011560217751340474,0.0,0.5,0.1,0.1,0.12238924205303192,0.007680458723075499,0.10986328125,0.1400146484375,16384,0.1424220897012269,1223970.0,0.445644,0.1625851,0.5954796355803618,0.7371179533143616,0.31947007138498323,1.164851,0.0002306395,0.4718843526904267,0.22949360906779168,0.00023435049034068137,0.5875729436306311,0.653333538008324,0.40896755291607345,0.93293378091398
both_paths,49.57058462299756,0.0024485536050974366,0.0,0.5,0.1,0.1,0.23206984996795654,0.010459369522088764,0.21484375,0.2528076171875,16384,0.545950256528562,1224096.0,0.147368,0.1050082,0.9358538394813347,0.2841045120500286,0.20847593952506663,1.486062,0.0001051074,0.10613624045142576,0.22949360906779168,0.00023435049034068137,0.5875729436306311,0.653333538008324,0.6330523468331082,0.36012199936235967
both_paths,49.68839100199693,0.017008877601592934,0.0,0.5,0.1,0.1,0.3273293673992157,0.00493835166502686,0.3182373046875,0.34130859375,16384,0.8964214945409283,1224234.0,-0.6899451,-0.06262116,0.1882624176002817,-0.9741424254984532,-0.124915159061211,0.1991629,8.527986e-05,0.04836706965492607,0.22949360906779168,0.00023435049034068137,0.5875729436306311,0.653333538008324,-3.0140577413091716,1.3814036995091747
both_paths,49.809782926997286,0.04373527212013581,0.0,0.5,0.1,0.1,0.35175489634275436,0.0008726495671042706,0.347900390625,0.35498046875,16384,0.9862859574186271,1224347.0,-1.526704,-0.005451893,-0.9960550378573534,-0.08806516747040444,-0.010903569938132287,0.6387911,0.0001218851,0.15501945122151792,0.22949360906779168,0.00023435049034068137,0.5875729436306311,0.653333538008324,-3.0184070446384426,3.0527381808552407
both_paths,49.93068959199445,0.07839715116661067,0.0,0.5,0.1,0.1,0.3418150469660759,0.0022605545484439197,0.33544921875,0.3468017578125,16384,0.9497160543723011,1224472.0,1.508082,-0.00621646,-0.9920674532117902,0.12509036230947812,-0.012432599694194297,0.7500228,0.0001400153,0.20784328213421305,0.22949360906779168,0.00023435049034068137,0.5875729436306311,0.653333538008324,-0.09906361539931208,3.0155525283955704
both_paths,50.04841130400018,0.11515029493347187,0.0,0.5,0.1,0.1,0.34158435463905334,0.00405859841888477,0.3306884765625,0.34912109375,16384,0.9488673095158106,1224572.0,1.535505,-0.004402814,-0.9974714057183742,0.07052132793572813,-0.008805514203718959,0.7451691,0.0001431652,0.21702077521161417,0.22949360906779168,0.00023435049034068137,0.5875729436306311,0.653333538008324,-0.12422023447486641,3.0704637476195233
both_paths,50.17052925499593,0.15104718703204661,0.0,0.5,0.1,0.1,0.35028039664030075,0.0011041488906098997,0.34619140625,0.3538818359375,16384,0.9808610954195025,1224698.0,-1.343822,-0.1018625,-0.8801367397096955,-0.42944902639329613,-0.20231869202581784,0.4839542,9.998034e-05,0.0911981288740994,0.22949360906779168,0.00023435049034068137,0.5875729436306311,0.653333538008324,-2.7013211578271625,2.646946493094263
both_paths,50.29576812199957,0.18011312186439002,0.0,0.5,0.1,0.1,0.33776914328336716,0.004620699453914247,0.326171875,0.349609375,16384,0.9348306874211094,1224799.0,-0.4435859,-0.009561926,0.6314917279999614,-0.7751467734140776,-0.0191226863533225,0.897402,7.735888e-05,0.025288642048896345,0.22949360906779168,0.00023435049034068137,0.5875729436306311,0.653333538008324,-3.1169278944918744,0.8873207583626569
both_paths,50.41771084499487,0.19667696532359663,0.0,0.5,0.1,0.1,0.2635115832090378,0.010519731042607464,0.24072265625,0.2852783203125,16384,0.6616281800726121,1224962.0,0.2946801,0.1243435,0.8057228198745133,0.5387299792689269,0.24613156435200306,1.558511,0.0001400784,0.20802712918116184,0.22949360906779168,0.00023435049034068137,0.5875729436306311,0.653333538008324,0.4285553814485308,0.633901493629089
both_paths,50.53881644399371,0.19925738624653114,0.0,0.5,0.1,0.1,0.1510680615901947,0.009017248304168902,0.1339111328125,0.174072265625,16384,0.2479349209537652,1225075.0,0.5573625,0.3069207,0.3600211155987436,0.7338904398947198,0.5760118215402968,0.9473044,0.0002963226,0.6632574742346813,0.22949360906779168,0.00023435049034068137,0.5875729436306311,0.653333538008324,0.6654497294457462,1.20250580016374
both_paths,50.65988109499449,0.18764865785105206,0.0,0.5,0.1,0.1,0.0897417664527893,0.0019379043132060855,0.08544921875,0.0960693359375,16384,0.0223080947940798,1225201.0,0.8015097,0.2640013,-0.027829960554672954,0.8633666787796589,0.5038089630688467,0.9584914,0.000376997,0.8983089830201956,0.22949360906779168,0.00023435049034068137,0.5875729436306311,0.653333538008324,0.5282286066791908,1.598629881017377
both_paths,50.777788914994744,0.1642760806471255,0.0,0.5,0.1,0.1,0.1149793490767479,0.006958201833316837,0.101806640625,0.133544921875,16384,0.11516020096857185,1225302.0,1.001667,0.2159002,-0.3807015088961918,0.8245717455562498,0.41850662785012394,0.9342726,0.0004015461,0.969834807746831,0.22949360906779168,0.00023435049034068137,0.5875729436306311,0.653333538008324,0.4696647585546536,1.961351140598884
both_paths,50.901653593995434,0.13040721855309975,0.0,0.5,0.1,0.1,0.17878824472427368,0.007649637360683516,0.164794921875,0.1947021484375,16384,0.34992081341790426,1225427.0,1.121266,0.177317,-0.5836192160797968,0.7340354338650329,0.347247163347631,0.9562116,0.0003664461,0.8675680668925878,0.22949360906779168,0.00023435049034068137,0.5875729436306311,0.653333538008324,0.4418691355757005,2.1939749281221075
both_paths,51.02314882099745,0.09273399210461385,0.0,0.5,0.1,0.1,0.1903497874736786,0.009501290834499795,0.17431640625,0.2113037109375,16384,0.39245712170479874,1225553.0,1.161751,0.1778312,-0.640832578308532,0.684165504290319,0.34821138596779505,0.9402376,0.0003716155,0.8826295395470586,0.22949360906779168,0.00023435049034068137,0.5875729436306311,0.653333538008324,0.4707881604728308,2.2663786394315335
both_paths,51.14359660099581,0.05640244141465625,0.0,0.5,0.1,0.1,0.18280154466629028,0.007638689832487868,0.1712646484375,0.201171875,16384,0.36468622728018324,1225679.0,1.092452,0.1775232,-0.5402902394109836,0.7663140012245772,0.3476338716586758,0.9371548,0.0003720638,0.8839356985192796,0.22949360906779168,0.00023435049034068137,0.5875729436306311,0.653333538008324,0.4258802765762919,2.14157831393718
both_paths,51.26560635199712,0.025908821881434937,0.0,0.5,0.1,0.1,0.14049936830997467,0.007592536470268962,0.1282958984375,0.1580810546875,16384,0.2090514254461948,1225805.0,0.9480894,0.2186264,-0.2895960305932986,0.8583835190183688,0.42345232711870523,0.9744882,0.0003837818,0.91807705661985,0.22949360906779168,0.00023435049034068137,0.5875729436306311,0.653333538008324,0.458284254709993,1.8646010826839439
both_paths,51.38983484899654,0.005929510750371306,0.0,0.5,0.1,0.1,0.09558918327093124,0.003956932575638142,0.0875244140625,0.1065673828125,16384,0.04382144555094651,1225931.0,0.791558,0.2315786,-0.011021472493474365,0.8945785096799699,0.44677490659485314,0.9145646,0.0003766065,0.8971712291084126,0.22949360906779168,0.00023435049034068137,0.5875729436306311,0.653333538008324,0.46318753398432566,1.5818180224355258
both_paths,51.51061195499642,5.5567431609684914e-05,0.0,0.5,0.1,0.1,0.0995817705988884,0.005774551864555706,0.0892333984375,0.114013671875,16384,0.058510655211402515,1226056.0,0.5489226,0.1987733,0.41999144025797047,0.820802232919662,0.387157441545597,1.076595,0.0002756192,0.6029364131918968,0.22949360906779168,0.00023435049034068137,0.5875729436306311,0.653333538008324,0.44073747053949663,1.137360438676522
both_paths,51.634562953993736,0.008803256496430698,0.0,0.5,0.1,0.1,0.19812504947185516,0.013986553751443847,0.1702880859375,0.22802734375,16384,0.4210632470752937,1226157.0,0.1665142,0.1719407,0.8897266029930718,0.307767191704303,0.33714377887906455,1.075366,0.0001502274,0.2375970765580768,0.22949360906779168,0.00023435049034068137,0.5875729436306311,0.653333538008324,0.830918081130068,0.47405041357919475
both_paths,51.75666793200071,0.030785969525043533,0.0,0.5,0.1,0.1,0.3176412209868431,0.005487980248559925,0.305419921875,0.330078125,16384,0.8607776370162513,1226296.0,-0.551229,-0.00781544,0.4513490222753369,-0.8922106004632617,-0.0156302435068544,0.3913415,8.966806e-05,0.06115245176935882,0.22949360906779168,0.00023435049034068137,0.5875729436306311,0.653333538008324,-3.124075887010489,1.1025197968529652
both_paths,51.877767923993815,0.06253647043267582,0.0,0.5,0.1,0.1,0.3488110601902008,0.0009761657009801935,0.34521484375,0.3525390625,16384,0.9754552296476668,1226409.0,1.563471,-0.0630287,-0.9919588141449741,0.01453388483527037,-0.12572381330397128,0.6734074,0.0001236341,0.16011530677006697,0.22949360906779168,0.00023435049034068137,0.5875729436306311,0.653333538008324,-1.4557055077146324,3.0146912288375685
both_paths,51.99856850299693,0.09955028346904721,0.0,0.5,0.1,0.1,0.3271298110485077,0.006526241797403257,0.3125,0.339111328125,16384,0.8956873026914227,1226484.0,1.46945,0.02821216,-0.9779692278414187,0.20098722031691008,0.056394385044443836,0.7906946,0.0001602761,0.26687479162423156,0.22949360906779168,0.00023435049034068137,0.5875729436306311,0.653333538008324,0.27355287055546595,2.9312969414581462
both_paths,52.11594490099378,0.13562501423115858,0.0,0.5,0.1,0.1,0.31579142808914185,0.008112736393744057,0.29931640625,0.33203125,16384,0.853972026150212,1226648.0,1.379669,0.05200812,-0.9228112524245966,0.3709972744067989,0.10382877626782423,0.8202383,0.0001675523,0.28807459959584536,0.22949360906779168,0.00023435049034068137,0.5875729436306311,0.653333538008324,0.27288257353414114,2.7461113617442767
both_paths,52.23463373299455,0.16721610029578501,0.0,0.5,0.1,0.1,0.3318087160587311,0.004398090637016184,0.3214111328125,0.341796875,16384,0.9129015577673901,1226774.0,1.496587,-0.0452245,-0.9849633719473535,0.14726988729756163,-0.09032572290030548,0.7280369,0.0001336769,0.1893758317002947,0.22949360906779168,0.00023435049034068137,0.5875729436306311,0.653333538008324,-0.5501667278283171,2.967958191271565
both_paths,52.358802400995046,0.19032187136697273,0.0,0.5,0.1,0.1,0.34789475053548813,0.00089401564059188,0.3438720703125,0.3519287109375,16384,0.9720840160645037,1226887.0,-1.212614,-0.2918254,-0.6293451863989756,-0.5479434674315464,-0.5510740357298032,0.3771459,9.329864e-05,0.07173044561581461,0.22949360906779168,0.00023435049034068137,0.5875729436306311,0.653333538008324,-2.3533459824824066,2.2515066411375626
both_paths,52.48372471699986,0.19986931304753583,0.0,0.5,0.1,0.1,0.32024578005075455,0.005241282507976429,0.3099365234375,0.3323974609375,16384,0.8703601235144018,1227025.0,0.03411587,0.06725224,0.9886620361539931,0.06756301167283665,0.1340992830761468,2.207814,7.277444e-05,0.011931498532035201,0.22949360906779168,0.00023435049034068137,0.5875729436306311,0.653333538008324,1.104090782827745,0.15072792551043007
both_paths,52.605246244995215,0.19458344927655863,0.0,0.5,0.1,0.1,0.21626000106334686,0.010007198469893116,0.1983642578125,0.234130859375,16384,0.48778391821611555,1227101.0,0.09585596,0.20248,0.9022794391870745,0.17512852560299227,0.3939819959596886,1.684887,0.0001316658,0.1835163262150534,0.22949360906779168,0.00023435049034068137,0.5875729436306311,0.653333538008324,1.1525181282513435,0.44576885445351533
both_paths,52.723597225995036,0.1763260653875146,0.0,0.5,0.1,0.1,0.11429274827241898,0.004981782406023407,0.1036376953125,0.1256103515625,16384,0.11263411391289169,1227264.0,0.6577701,0.4291274,0.1650697466059917,0.6325763892871448,0.7567027755148465,0.886716,0.0003515918,0.8242888404347193,0.22949360906779168,0.00023435049034068137,0.5875729436306311,0.653333538008324,0.8745074474972014,1.404967599198709
both_paths,52.84453378199396,0.14692237342943146,0.0,0.5,0.1,0.1,0.09410090744495392,0.0027006676770986796,0.0870361328125,0.100830078125,16384,0.038345899534134656,1227390.0,0.9630782,0.2933887,-0.2897298066009621,0.7807014218692675,0.5536803491711378,0.8756538,0.0004068247,0.9852144435950704,0.22949360906779168,0.00023435049034068137,0.5875729436306311,0.653333538008324,0.6168796924969748,1.86474085072611
both_paths,52.968277836997004,0.10994932330698023,0.0,0.5,0.1,0.1,0.14920580387115479,0.010051460296921897,0.129150390625,0.17333984375,16384,0.24108345050871513,1227516.0,1.163801,0.2202752,-0.6210437590556409,0.6576137269137617,0.4264373758392099,0.8932196,0.0004034533,0.9753915920248142,0.22949360906779168,0.00023435049034068137,0.5875729436306311,0.653333538008324,0.5752931191778696,2.240870034512485
both_paths,53.09250423499907,0.07134627004806608,0.0,0.5,0.1,0.1,0.20568200945854187,0.010919673120222333,0.181396484375,0.2275390625,16384,0.448866213052475,1227616.0,1.153856,0.1893992,-0.6243682248649376,0.6880472991099599,0.36980431848005274,0.8540304,0.0003182191,0.7270547303918019,0.22949360906779168,0.00023435049034068137,0.5875729436306311,0.653333538008324,0.49317185854443224,2.245118801795283
both_paths,53.212099331998616,0.038189504729727354,0.0,0.5,0.1,0.1,0.2184632495045662,0.011960049135040125,0.1961669921875,0.2366943359375,16384,0.49588993459815495,1227742.0,1.161024,0.1808419,-0.6383944091539299,0.6835517841502188,0.35384959622141365,0.8622316,0.000324987,0.7467735644495636,0.22949360906779168,0.00023435049034068137,0.5875729436306311,0.653333538008324,0.4776781034144406,2.263206813173135
both_paths,53.33274963199801,0.013489292768309957,0.0,0.5,0.1,0.1,0.1914806291460991,0.012777441888786937,0.1650390625,0.214599609375,16384,0.39661762442008053,1227868.0,1.099538,0.1864642,-0.5473542013005438,0.7534299911160329,0.36434410494138414,0.8372326,0.0003526941,0.8275004822707203,0.22949360906779168,0.00023435049034068137,0.5875729436306311,0.653333538008324,0.45042599428041274,2.1499958607001513
both_paths,53.45474221199402,0.001009077790281615,0.0,0.5,0.1,0.1,0.14307528734207153,0.005954843333113392,0.1292724609375,0.15478515625,16384,0.21852854181779585,1227994.0,0.9514898,0.2325779,-0.2914593290236315,0.8448926226286795,0.4485620534025658,0.8701178,0.00038378,0.918071812171601,0.22949360906779168,0.00023435049034068137,0.5875729436306311,0.653333538008324,0.488068852559838,1.866548374845131
both_paths,53.57645202399726,0.0028705093052073943,0.0,0.5,0.1,0.1,0.09347277879714966,0.0025872016739340305,0.0867919921875,0.100341796875,16384,0.03603493858489565,1228094.0,0.7879113,0.2563842,-0.004379824234122596,0.8713786879903537,0.4905914789882597,0.941113,0.0003783315,0.9021971586803091,0.22949360906779168,0.00023435049034068137,0.5875729436306311,0.653333538008324,0.5127738000509612,1.5751761650320661
both_paths,53.69433849599591,0.018065708797007807,0.0,0.5,0.1,0.1,0.10741620510816574,0.007432131816175428,0.0938720703125,0.121826171875,16384,0.08733448337717725,1228219.0,0.499022,0.3141187,0.4384703281682277,0.6799481056427458,0.5877196142284926,0.8838022,0.0002820613,0.6217060021166011,0.22949360906779168,0.00023435049034068137,0.5875729436306311,0.653333538008324,0.7127716568630769,1.1169003689115284
both_paths,53.81162619099632,0.044214935277063674,0.0,0.5,0.1,0.1,0.21214160323143005,0.012748811682024847,0.1883544921875,0.2408447265625,16384,0.4726318365585437,1228344.0,0.03732434,0.2286565,0.8947434030985877,0.06691575452991146,0.44153881415709184,0.8315209,0.0001428199,0.21601471522252677,0.22949360906779168,0.00023435049034068137,0.5875729436306311,0.653333538008324,1.4203896209605844,0.4629400365350526
both_paths,53.93163444200036,0.07868707018739322,0.0,0.5,0.1,0.1,0.32232479006052017,0.006345260160628368,0.3109130859375,0.3370361328125,16384,0.8780090517434206,1228457.0,-0.5453059,-0.003477615,0.461931668759654,-0.8868882449060973,-0.00695517392333369,0.7751699,8.408966e-05,0.044899323929435485,0.22949360906779168,0.00023435049034068137,0.5875729436306311,0.653333538008324,-3.133750593007227,1.0906243979145884
both_paths,54.056378667999525,0.11761941928727057,0.0,0.5,0.1,0.1,0.34910254180431366,0.0010450658778056697,0.34521484375,0.3529052734375,16384,0.9765276256130326,1228596.0,1.560312,-0.02315066,-0.9987086868043511,0.020944646259008493,-0.04628477821718097,0.7145271,0.0001341996,0.19089876120013838,0.22949360906779168,0.00023435049034068137,0.5875729436306311,0.653333538008324,-1.145851282992969,3.090767636002974
both_paths,54.17475719199865,0.15218480155802064,0.0,0.5,0.1,0.1,0.3324573189020157,0.004949367981800273,0.3192138671875,0.3419189453125,16384,0.9152878457477837,1228646.0,1.495772,0.002790484,-0.9887484074902242,0.14948391152598944,0.005580939028120488,0.7862155,0.0001525128,0.24425577768480858,0.22949360906779168,0.00023435049034068137,0.5875729436306311,0.653333538008324,0.03731738140245744,2.9914410250930206
both_paths,54.29152636700019,0.1793084942869333,0.0,0.5,0.1,0.1,0.32385674864053726,0.005381975941832205,0.3126220703125,0.3358154296875,16384,0.8836453118736454,1228813.0,1.435644,0.01932621,-0.9629697998364981,0.26682559641896797,0.03864279620468768,0.8206881,0.0001685705,0.29104120915532655,0.22949360906779168,0.00023435049034068137,0.5875729436306311,0.653333538008324,0.14382421056500005,2.8686053885670892
both_paths,54.411305509995145,0.19614298544878678,0.0,0.5,0.1,0.1,0.3411557227373123,0.0029840137007825073,0.333740234375,0.3482666015625,16384,0.94729032112341,1228916.0,1.527501,-0.01160204,-0.9959851772505837,0.08645920423483133,-0.023201997763188282,0.7310648,0.0001405911,0.20952092285740032,0.22949360906779168,0.00023435049034068137,0.5875729436306311,0.653333538008324,-0.2621805409264786,3.051954357128199
both_paths,54.529763683000056,0.1995631557349809,0.0,0.5,0.1,0.1,0.3487046957015991,0.0013001517922520095,0.34423828125,0.3526611328125,16384,0.9750639018831977,1229058.0,-0.5782403,-0.07616732,0.39790175789149484,-0.9047913006585251,-0.15174614762659627,0.7197861,8.210014e-05,0.039102693551534215,0.22949360906779168,0.00023435049034068137,0.5875729436306311,0.653333538008324,-2.9754251446553868,1.1615677099680186
both_paths,54.648036909995426,0.18937894253415213,0.0,0.5,0.1,0.1,0.2957541197538376,0.0068809560005433845,0.280517578125,0.309326171875,16384,0.7802523554225375,1229174.0,-0.02549716,0.1026206,0.9777392101278182,-0.049902409410882274,0.20380330349044626,1.871155,8.919188e-05,0.05976506212092653,0.22949360906779168,0.00023435049034068137,0.5875729436306311,0.653333538008324,1.8109275072433109,0.21139476882623953
both_paths,54.765183572999376,0.1672585847790697,0.0,0.5,0.1,0.1,0.17963749915361404,0.005559679334283399,0.1666259765625,0.19091796875,16384,0.3530453227505616,1229225.0,0.203899,0.2240092,0.8273967640833478,0.35744842224260265,0.4331803553032834,1.322842,0.0001518802,0.2424126454835438,0.22949360906779168,0.00023435049034068137,0.5875729436306311,0.653333538008324,0.8808937801404602,0.5963398392828596
both_paths,54.888650040993525,0.13427251573531257,0.0,0.5,0.1,0.1,0.09251747280359268,0.0021952383965530963,0.086669921875,0.099609375,16384,0.03252025277427153,1229414.0,0.7424035,0.2559026,0.07487845476184528,0.8686404693908047,0.48975192898956565,0.9339362,0.0003669901,0.8691530556967106,0.22949360906779168,0.00023435049034068137,0.5875729436306311,0.653333538008324,0.5133873090168413,1.4958477236928762
both_paths,55.00985203399614,0.09690538638346559,0.0,0.5,0.1,0.1,0.10782382637262344,0.0022675420400299676,0.1016845703125,0.114990234375,16384,0.08883417110441927,1229539.0,0.9365702,0.1940602,-0.27561207775591173,0.8836368716296318,0.37844928549498774,0.9236442,0.0003784429,0.9025217317552711,0.22949360906779168,0.00023435049034068137,0.5875729436306311,0.653333538008324,0.40465060841479117,1.8500227104604416
both_paths,55.128479585000605,0.06072403007287635,0.0,0.5,0.1,0.1,0.17856162041425705,0.008104665085218572,0.1651611328125,0.1983642578125,16384,0.3490870352859445,1229663.0,1.145424,0.1667929,-0.6230723430928632,0.7103297247144692,0.32743325649639776,0.9037536,0.0003519708,0.8253930881493563,0.22949360906779168,0.00023435049034068137,0.5875729436306311,0.653333538008324,0.43193040546010675,2.243460916368416
both_paths,55.247385204995226,0.029872562518959395,0.0,0.5,0.1,0.1,0.22356586903333664,0.013596204100209331,0.2010498046875,0.2467041015625,16384,0.5146630864214857,1229787.0,1.176598,0.1295034,-0.6814685159728927,0.6855675725617479,0.256120606725612,0.8717558,0.0002949559,0.659275481222559,0.22949360906779168,0.00023435049034068137,0.5875729436306311,0.653333538008324,0.357533187349091,2.32056367926886
both_paths,55.36762906899821,0.008522896125645246,0.0,0.5,0.1,0.1,0.23725596815347672,0.009639652209293123,0.220703125,0.259765625,16384,0.5650306099669394,1229910.0,1.123649,0.1219637,-0.6075354163652339,0.7566841646352217,0.2415156161663642,0.9165164,0.00029034,0.6458266764046359,0.22949360906779168,0.00023435049034068137,0.5875729436306311,0.653333538008324,0.30895553513047114,2.223750355713521
both_paths,55.48677645099815,8.627865119170686e-05,0.0,0.5,0.1,0.1,0.2130381464958191,0.005518488637527093,0.2034912109375,0.2276611328125,16384,0.47593032721097445,1230009.0,1.074414,0.1327215,-0.5272403636432073,0.8082060465233428,0.2623367784137154,1.020341,0.0003405699,0.7921756270153067,0.22949360906779168,0.00023435049034068137,0.5875729436306311,0.653333538008324,0.3138623417913915,2.1261458920228
both_paths,55.607851578999544,0.00568543800834885,0.0,0.5,0.1,0.1,0.15496528148651123,0.006990561037484917,0.1412353515625,0.169921875,16384,0.262273262346835,1230132.0,0.9625998,0.2022701,-0.3190196638040666,0.8621534387839748,0.3935961154525122,0.9629118,0.0003729377,0.8864818781441378,0.22949360906779168,0.00023435049034068137,0.5875729436306311,0.653333538008324,0.4282683072451685,1.8954912489957318
both_paths,55.72650332500052,0.02426697393021114,0.0,0.5,0.1,0.1,0.09937957674264908,0.004041895968931311,0.0894775390625,0.107421875,16384,0.05776675966137704,1230256.0,0.7950818,0.3250205,-0.015416528044774197,0.7959096925154984,0.6052190446631117,0.9032218,0.0003804054,0.908239637137791,0.22949360906779168,0.00023435049034068137,0.5875729436306311,0.653333538008324,0.6501313655377956,1.5862134655776587
both_paths,55.84549168100057,0.05334358621042845,0.0,0.5,0.1,0.1,0.1011936217546463,0.004709512427262971,0.0938720703125,0.1126708984375,16384,0.06444084975031338,1230380.0,0.5364169,0.2982258,0.39516490716332614,0.7268605303889512,0.5617103039016573,1.000321,0.0002861013,0.6334768748531009,0.22949360906779168,0.00023435049034068137,0.5875729436306311,0.653333538008324,0.6579276681797355,1.1645489645611522
both_paths,55.97052587199869,0.0907536557998502,0.0,0.5,0.1,0.1,0.19871628284454346,0.010183371447822973,0.177001953125,0.216064453125,16384,0.42323846586358765,1230505.0,0.04009231,0.1624889,0.9446129291193567,0.07590617999173821,0.31928774793219217,1.71298,0.0001116686,0.12525283703526793,0.22949360906779168,0.00023435049034068137,0.5875729436306311,0.653333538008324,1.3373931748219325,0.3343831563590476
both_paths,56.08775085099478,0.1272198849175445,0.0,0.5,0.1,0.1,0.3065897077322006,0.006598296057741724,0.294677734375,0.3212890625,16384,0.8201177886702882,1230618.0,-0.3156495,-0.08636364,0.7952492295453496,-0.58141162291465,-0.17186968216436774,0.7979095,8.044059e-05,0.03426745794513366,0.22949360906779168,0.00023435049034068137,0.5875729436306311,0.653333538008324,-2.8541704589434542,0.6513777799133408
both_paths,56.20539627599646,0.16014153174089865,0.0,0.5,0.1,0.1,0.34658921509981155,0.001159140511107676,0.3408203125,0.3504638671875,16384,0.9672807939534871,1230731.0,-1.437711,-0.1731983,-0.907479123387481,-0.24741494929341123,-0.33951065297281574,0.5065947,0.0001073028,0.11253271916571082,0.22949360906779168,0.00023435049034068137,0.5875729436306311,0.653333538008324,-2.2005515346999007,2.7080402483478037
both_paths,56.32953330899909,0.18599947695349586,0.0,0.5,0.1,0.1,0.34109969437122345,0.0030350164027737945,0.3333740234375,0.3480224609375,16384,0.9470841860163206,1230856.0,1.473145,-0.01497968,-0.9805487635802929,0.19397635808867034,-0.029954878464364856,0.7564696,0.000142697,0.21565663595041887,0.22949360906779168,0.00023435049034068137,0.5875729436306311,0.653333538008324,-0.15321514120078783,2.9440344394054683
both_paths,56.45360226499906,0.19893954015867443,0.0,0.5,0.1,0.1,0.33614230901002884,0.003804065202753447,0.3272705078125,0.3447265625,16384,0.9288453681880022,1230981.0,1.520621,-0.02206499,-0.9940004255413856,0.10008477783540429,-0.04411565786863161,0.7400385,0.0001380713,0.20217927802536265,0.22949360906779168,0.00023435049034068137,0.5875729436306311,0.653333538008324,-0.41516259383884435,3.03199718631064
both_paths,56.57381574199826,0.1973231711989662,0.0,0.5,0.1,0.1,0.34694235771894455,0.0014903117966137134,0.342041015625,0.351318359375,16384,0.9685800481829848,1231107.0,-1.350089,-0.1438261,-0.8669990957543482,-0.40966562960279035,-0.2837016740932136,0.4812968,0.000102482,0.09848692132211723,0.22949360906779168,0.00023435049034068137,0.5875729436306311,0.653333538008324,-2.5359044309879137,2.619944558527885
both_paths,56.69145183999353,0.18245082672823243,0.0,0.5,0.1,0.1,0.3423909991979599,0.003360472037301757,0.3341064453125,0.348876953125,16384,0.9518350520030631,1231232.0,-0.2858933,-0.02180943,0.8401356681928258,-0.5406206252184907,-0.04360502973926685,1.11626,7.462304e-05,0.017317546883692008,0.22949360906779168,0.00023435049034068137,0.5875729436306311,0.653333538008324,-3.061109527324416,0.5732630162102228
both_paths,56.808450206997804,0.15661036047961996,0.0,0.5,0.1,0.1,0.2804441601037979,0.008589376325751807,0.2640380859375,0.2987060546875,16384,0.7239251698860292,1231345.0,-0.03244271,0.1688219,0.9415523042703688,-0.06117889760917558,0.3312648499471155,1.469566,0.000118969,0.14652315370000632,0.22949360906779168,0.00023435049034068137,0.5875729436306311,0.653333538008324,1.7534213070996012,0.3435872393266934
both_paths,56.93365288399946,0.12069296257701766,0.0,0.5,0.1,0.1,0.15669842809438705,0.006525129483366165,0.142822265625,0.170166015625,16384,0.26864971746332766,1231458.0,0.430142,0.3872186,0.46621804040012604,0.5418494480056697,0.6993138883944874,0.8978514,0.0002763519,0.6050711949874497,0.22949360906779168,0.00023435049034068137,0.5875729436306311,0.653333538008324,0.9115924150809578,1.085785383815922
both_paths,57.05676091599889,0.08226238540075631,0.0,0.5,0.1,0.1,0.09027884900569916,0.0020228671394020873,0.08642578125,0.0970458984375,16384,0.024284086194298567,1231584.0,0.7995091,0.3134063,-0.022853896081435746,0.8095787292671188,0.5865662627121816,0.9066452,0.000379479,0.9055404944390056,0.22949360906779168,0.00023435049034068137,0.5875729436306311,0.653333538008324,0.6270018236625221,1.593652212777875
both_paths,57.17760167699453,0.04705499883619866,0.0,0.5,0.1,0.1,0.12632667273283005,0.00751571179274999,0.1107177734375,0.1427001953125,16384,0.1569083714098501,1231709.0,1.067061,0.2665984,-0.45987444848913167,0.7281193648879689,0.5082889749954821,0.8797708,0.0003849713,0.9215427628376882,0.22949360906779168,0.00023435049034068137,0.5875729436306311,0.653333538008324,0.6094393587937281,2.048650130744055
both_paths,57.29926183999487,0.01923482526022023,0.0,0.5,0.1,0.1,0.19490471482276917,0.011948558815296004,0.1707763671875,0.2176513671875,16384,0.40921524803316406,1231834.0,1.163313,0.1870381,-0.6384601560785765,0.6773788722992958,0.36541276997753364,0.960447,0.0003394493,0.7889106666221083,0.22949360906779168,0.00023435049034068137,0.5875729436306311,0.653333538008324,0.49470818025117946,2.2632922340512316
both_paths,57.4172391769971,0.0033610225872311578,0.0,0.5,0.1,0.1,0.236740380525589,0.012528689830863958,0.211181640625,0.263916015625,16384,0.5631337009847995,1231960.0,1.18015,0.1743587,-0.66726995202654,0.6618133568095341,0.3416926863001246,0.9042154,0.0002752354,0.6018181802819293,0.22949360906779168,0.00023435049034068137,0.5875729436306311,0.653333538008324,0.4766005652529084,2.3013336685440713
both_paths,57.53930007999588,0.0007612106666348428,0.0,0.5,0.1,0.1,0.23886600136756897,0.005115045635045879,0.2249755859375,0.2498779296875,16384,0.5709541160795032,1232085.0,1.247679,0.1672153,-0.754125805255476,0.5688219739118882,0.3282313693764857,0.887961,0.0003156084,0.7194482409231931,0.22949360906779168,0.00023435049034068137,0.5875729436306311,0.653333538008324,0.5233638498868252,2.4251182943134912
both_paths,57.66088841899909,0.012504133028826275,0.0,0.5,0.1,0.1,0.20898323506116867,0.009431884675413248,0.1903076171875,0.229248046875,16384,0.4610118196554649,1232185.0,1.177062,0.2260196,-0.6347653703668967,0.6373993787669625,0.43680082020351874,0.8656904,0.000337392,0.782916553631811,0.22949360906779168,0.00023435049034068137,0.5875729436306311,0.653333538008324,0.6007823320371264,2.258501161820474
both_paths,57.77761045899388,0.035680980981725674,0.0,0.5,0.1,0.1,0.1477137953042984,0.009239715556930086,0.1297607421875,0.1641845703125,16384,0.23559417128862511,1232310.0,1.033233,0.2676599,-0.4090841152416874,0.756592177705909,0.5101161272604071,0.8795768,0.0004037342,0.9762100173098842,0.22949360906779168,0.00023435049034068137,0.5875729436306311,0.653333538008324,0.5932195715742918,1.992246449908448
both_paths,57.9025413499985,0.06985859009221042,0.0,0.5,0.1,0.1,0.09271952509880066,0.0022954856042292303,0.0867919921875,0.0989990234375,16384,0.03326362750421261,1232436.0,0.7522358,0.3286722,0.05246533818716471,0.7898771244052604,0.6110167891557345,0.9120116,0.0003701527,0.8783675512700904,0.22949360906779168,0.00023435049034068137,0.5875729436306311,0.653333538008324,0.6584093493861163,1.5183068892938374
both_paths,58.02681009099615,0.1084126835392355,0.0,0.5,0.1,0.1,0.11346623301506042,0.004066273607274999,0.1064453125,0.12646484375,16384,0.10959326473273925,1232561.0,0.3893997,0.3071441,0.5816366874014395,0.5740107328168549,0.5763769968343092,1.095153,0.000237067,0.4906114033126674,0.22949360906779168,0.00023435049034068137,0.5875729436306311,0.653333538008324,0.787455087875423,0.9500570447892451
both_paths,58.145930616999976,0.14425627768750743,0.0,0.5,0.1,0.1,0.2290809452533722,0.012012925446814525,0.200439453125,0.252685546875,16384,0.5349537160896785,1232686.0,0.0573261,0.1620439,0.9417180211614805,0.1084456370681596,0.3184442061344285,1.116501,0.0001154753,0.13634397100705845,0.22949360906779168,0.00023435049034068137,0.5875729436306311,0.653333538008324,1.242566406442621,0.3430949647234684
both_paths,58.26412379899557,0.17377757160700247,0.0,0.5,0.1,0.1,0.32395607978105545,0.004956828427450113,0.31103515625,0.33447265625,16384,0.8840107631033948,1232799.0,-0.4109606,-0.2299841,0.6100558357326168,-0.6563286182463632,-0.44391961227163423,0.2739789,8.62468e-05,0.05118432898260704,0.22949360906779168,0.00023435049034068137,0.5875729436306311,0.653333538008324,-2.546903845901799,0.9146652700098994
both_paths,58.381412238995836,0.19314005803393558,0.0,0.5,0.1,0.1,0.3479449674487114,0.0009426153646374671,0.343505859375,0.351318359375,16384,0.9722687701365491,1232911.0,-1.501123,-0.08486782,-0.9760757066891071,-0.13690011809182476,-0.16892179396929408,0.5948006,0.0001162019,0.13846097995021212,0.22949360906779168,0.00023435049034068137,0.5875729436306311,0.653333538008324,-2.251867707947727,2.9224109849357327
both_paths,58.50462879399856,0.19998942701044828,0.0,0.5,0.1,0.1,0.33896439522504807,0.004555707833173649,0.32958984375,0.3485107421875,16384,0.9392281632747939,1233012.0,1.526575,-0.0003437958,-0.996091261768501,0.08832737653922189,-0.000687591545819822,0.7626363,0.0001499696,0.23684595502553477,0.22949360906779168,0.00023435049034068137,0.5875729436306311,0.653333538008324,-0.007784422950019465,3.0531473341949713
both_paths,58.62877783300064,0.1919272726634753,0.0,0.5,0.1,0.1,0.3405675143003464,0.0035799426812311644,0.3314208984375,0.3477783203125,16384,0.9451262314379721,1233099.0,1.462032,-0.008964308,-0.9762768636793103,0.21578249375597894,-0.017927655533844063,0.7400433,0.0001385925,0.20369783715166553,0.22949360906779168,0.00023435049034068137,0.5875729436306311,0.653333538008324,-0.08289169292119558,2.9233380676985767
both_paths,58.748330656999315,0.17108053879562773,0.0,0.5,0.1,0.1,0.3482706919312477,0.0008267991146698291,0.345458984375,0.3515625,16384,0.9734671497391733,1233288.0,-0.9422864,-0.2458679,-0.27208205606448477,-0.8384744333625315,-0.47215673177992973,0.4009504,8.792014e-05,0.05605974288975913,0.22949360906779168,0.00023435049034068137,0.5875729436306311,0.653333538008324,-2.6287368583280113,1.8463523815594682
both_paths,58.868518579998636,0.14014148208593513,0.0,0.5,0.1,0.1,0.32853104174137115,0.005702355810195413,0.3154296875,0.3385009765625,16384,0.9008425991794946,1233364.0,-0.3697832,-0.05629311,0.73408366460443,-0.6697006670285195,-0.11234851998351653,0.7182497,8.342837e-05,0.04297260105024736,0.22949360906779168,0.00023435049034068137,0.5875729436306311,0.653333538008324,-2.9753810551263276,0.7464800512409369
both_paths,58.98952404199372,0.10329052517591705,0.0,0.5,0.1,0.1,0.24102891981601715,0.0070667973860380606,0.2257080078125,0.258056640625,16384,0.578911753560655,1233527.0,0.2855825,0.2342192,0.7506452540743113,0.4823747065072706,0.4514934607031836,1.118566,0.0001756088,0.3115478758833727,0.22949360906779168,0.00023435049034068137,0.5875729436306311,0.653333538008324,0.7523421089550126,0.7217581750535014
both_paths,59.10973171099613,0.06620552258193096,0.0,0.5,0.1,0.1,0.13051243126392365,0.006051955734754315,0.1171875,0.1436767578125,16384,0.17230828119284686,1233639.0,0.58093,0.3566078,0.3007151399388539,0.6939038114429344,0.6542689852625785,0.9515088,0.0003156346,0.7195245767810386,0.22949360906779168,0.00023435049034068137,0.5875729436306311,0.653333538008324,0.7560077073322073,1.265353913963068
both_paths,59.22496553999372,0.03506342764949663,0.0,0.5,0.1,0.1,0.08953656256198883,0.0009589144511385508,0.0867919921875,0.09375,16384,0.021553124964364942,1233764.0,0.9290488,0.3546066,-0.21503858652959323,0.7277698256643269,0.6512368901988507,0.8978566,0.0004033309,0.9750349695438866,0.22949360906779168,0.00023435049034068137,0.5875729436306311,0.653333538008324,0.729956443449975,1.7875276673293627
both_paths,59.342514099000255,0.011991566960822,0.0,0.5,0.1,0.1,0.14147569239139557,0.009006273239969503,0.1258544921875,0.1612548828125,16384,0.2126434393335608,1233864.0,1.077091,0.304596,-0.4517602185625208,0.6844663217997846,0.5722049975718642,0.9002202,0.0003722249,0.8844050766375592,0.22949360906779168,0.00023435049034068137,0.5875729436306311,0.653333538008324,0.6963023755821496,2.0395337133343436
both_paths,59.46151448999444,0.0007300206192924624,0.0,0.5,0.1,0.1,0.21257693320512772,0.009309571446217236,0.194091796875,0.23095703125,16384,0.47423346796441146,1233990.0,1.266426,0.2512408,-0.7189631153190964,0.5011503552471366,0.48160186902287716,0.8561326,0.0003149913,0.7176502692485163,0.22949360906779168,0.00023435049034068137,0.5875729436306311,0.653333538008324,0.7655092147148377,2.3731056754634166
both_paths,59.58163902499655,0.003271021481862743,0.0,0.5,0.1,0.1,0.24972138553857803,0.009855823725124562,0.2296142578125,0.2694091796875,16384,0.6108923819043199,1234115.0,1.317557,0.2025863,-0.8036570856808368,0.4458244863243404,0.39417739157468445,0.8497626,0.0002820932,0.6217989453939016,0.22949360906779168,0.00023435049034068137,0.5875729436306311,0.653333538008324,0.7239909664949575,2.504211696564663
both_paths,59.70180170099775,0.019432293578874965,0.0,0.5,0.1,0.1,0.24785954505205154,0.00945900256003041,0.226318359375,0.2669677734375,16384,0.6040424465079397,1234240.0,1.291296,0.2094623,-0.7744748993453179,0.4844791635230298,0.40677828161799034,0.9041924,0.0003244598,0.7452375238290975,0.22949360906779168,0.00023435049034068137,0.5875729436306311,0.653333538008324,0.6984368499254803,2.456680938170312
both_paths,59.81948355899658,0.04628040333284157,0.0,0.5,0.1,0.1,0.21149315685033798,0.010267499064735671,0.1884765625,0.2320556640625,16384,0.4702461242214014,1234365.0,1.126701,0.2213327,-0.5700145262238056,0.701142045363505,0.4283494742816094,0.9343342,0.0003507659,0.821882512763166,0.22949360906779168,0.00023435049034068137,0.5875729436306311,0.653333538008324,0.5484183206741391,2.1773198615634266
both_paths,59.94051786499767,0.08142170363271015,0.0,0.5,0.1,0.1,0.1491464078426361,0.00705183754549611,0.1376953125,0.1661376953125,16384,0.24086492536593368,1234465.0,1.089026,0.302682,-0.46921462881020104,0.6752826976548642,0.5690614293364773,0.8353204,0.0004078321,0.988149586465058,0.22949360906779168,0.00023435049034068137,0.5875729436306311,0.653333538008324,0.7002413480051342,2.059197544132032
