elapsed_s,utc,out1_command_estimated_v,in1_reference_v,rp_out2_v,in1_started_s,in1_finished_s,pax_requested_s,pax_received_s,in1_std_v,in1_min_v,in1_max_v,in1_sample_count,scope_sampling_time_s,scope_duration_s,scope_decimation,scope_fpga_average,sine_frequency_hz,sine_amplitude_v,sine_offset_v,pax_timestamp,pax_revisions,pax_adc_min,pax_adc_max,pax_rev_time,pax_ptotal,s1,s2,s3,dop,theta,eta,s1_over_s0,s2_over_s0,s3_over_s0
0.15715117050422123,2026-09-24T00:03:03.634800+00:00,0.5197351915222859,0.5186678022146225,0.0,0.14388687300379388,0.17041546800464857,4.538000212050974e-06,0.14388583099935204,0.002387267184508277,0.51220703125,0.5238037109375,16384,5.12e-07,0.008388608,64,True,0.46566128730773926,0.3599853515625,0.3599853515625,93016.0,342.0,5840.0,29328.0,0.01621255,0.0007881387,-0.5412698468765694,-0.546255631696724,-0.6392430975003393,0.4376736,-1.175805,-0.3467568,-0.2368995224539169,-0.23908166884497928,-0.2797798277581245
0.32923600749927573,2026-09-24T00:03:03.806634+00:00,0.6555600949486482,0.6558877974748611,0.0,0.3162215659976937,0.34225044900085777,0.17150161300378386,0.3162211550079519,0.0016795941202253526,0.65087890625,0.6602783203125,16384,5.12e-07,0.008388608,64,True,0.46566128730773926,0.3599853515625,0.3599853515625,93194.0,364.0,7248.0,26928.0,0.0161917,0.0006725648,0.009944062174268265,0.9138119929613804,0.4060157104687262,0.9764248,0.7799574,0.209045,0.009709628919697455,0.8922686924649172,0.3964438088912839
0.5008917654995457,2026-09-24T00:03:03.977172+00:00,0.7179779410034988,0.7185320407152176,0.0,0.4889944419992389,0.5127890889998525,0.3447591340081999,0.4889940310094971,0.0008906921555187482,0.714599609375,0.72119140625,16384,5.12e-07,0.008388608,64,True,0.46566128730773926,0.3599853515625,0.3599853515625,93358.0,384.0,5232.0,28896.0,0.0164991,0.0007141849,-0.17411821715695866,0.05247922131860722,0.9833253672024712,0.911833,1.424426,0.6939619,-0.15876673630488108,0.04785228581260958,0.8966285195523309
0.6708015115000308,2026-09-24T00:03:04.147545+00:00,0.6926840637907352,0.6937192529439926,0.0,0.6584410560026299,0.6831619669974316,0.5139690210053232,0.6584406750043854,0.001233595294664972,0.68896484375,0.697265625,16384,5.12e-07,0.008388608,64,True,0.46566128730773926,0.3599853515625,0.3599853515625,93523.0,404.0,5200.0,28560.0,0.01653047,0.0007094753,-0.18973037125992775,-0.36551560395979116,0.9112632602511083,0.9171442,-1.024794,0.5731706,-0.17401010956488944,-0.33523051618121946,0.8357598138123945
0.8408240240023588,2026-09-24T00:03:04.317305+00:00,0.5867554654254874,0.5873096287250519,0.0,0.8287264579994371,0.8529215900052804,0.6844071320083458,0.8287259869975969,0.002072572478218649,0.5814208984375,0.592041015625,16384,5.12e-07,0.008388608,64,True,0.46566128730773926,0.3599853515625,0.3599853515625,93706.0,426.0,5232.0,28880.0,0.01665258,0.0007139503,-0.17572156089683144,0.06654497154962184,0.982188220147972,0.9093602,1.389793,0.6908865,-0.15979419376145482,0.060513348637358425,0.8931628763114038
1.0129067660018336,2026-09-24T00:03:04.491894+00:00,0.4237225744607483,0.4205714166164398,0.0,0.9983040480001364,1.0275094840035308,0.8539938489993801,0.9983035970071796,0.002648614614317988,0.4136962890625,0.4261474609375,16384,5.12e-07,0.008388608,64,True,0.46566128730773926,0.3599853515625,0.3599853515625,93873.0,446.0,7568.0,26960.0,0.01667018,0.0007381841,-0.1154204013176693,0.8427324304871939,0.5258138278562242,0.8815852,0.8534546,0.2768358,-0.10175291757971774,0.742940438277539,0.46354968859339496
1.1875679435033817,2026-09-24T00:03:04.666818+00:00,0.24230100685156417,0.23827166110277176,0.0,1.1727010230097221,1.2024348639970412,1.029117010999471,1.1727004920103354,0.0024933628339937394,0.2314453125,0.2437744140625,16384,5.12e-07,0.008388608,64,True,0.46566128730773926,0.3599853515625,0.3599853515625,94039.0,466.0,6224.0,28944.0,0.01664915,0.0007301382,0.07688994827584483,0.6368183792082027,-0.7671703120929377,0.8884252,0.7253186,-0.437209,0.0683109676749571,0.5657654959117233,-0.6815734379552306
1.3624474329990335,2026-09-24T00:03:04.841245+00:00,0.09079713080723456,0.08575821667909622,0.0,1.3480338410008699,1.376861024997197,1.2035439129977021,1.3480333800107474,0.0018069261855620667,0.0804443359375,0.090087890625,16384,5.12e-07,0.008388608,64,True,0.46566128730773926,0.3599853515625,0.3599853515625,94223.0,488.0,6784.0,27680.0,0.01669232,0.0006987339,0.010312264693541923,-0.7996829477244863,-0.6003339406659985,0.939031,-0.7789508,-0.3219593,0.009683536227441366,-0.7509270780846721,-0.5637321806375333
1.5362481595075224,2026-09-24T00:03:05.014658+00:00,0.008487368781113336,0.003431059420108795,0.0,1.5222220420109807,1.550274277004064,1.37800873600645,1.5222213710076176,0.0008705393776828442,-0.0003662109375,0.0054931640625,16384,5.12e-07,0.008388608,64,True,0.46566128730773926,0.3599853515625,0.3599853515625,94390.0,508.0,11280.0,58864.0,0.01668913,0.0006908693,-0.12265603559072179,-0.8868273814700111,0.44552518717600126,0.9579636,-0.8541166,0.2308804,-0.11750001741621598,-0.8495483509315851,0.42679691219779603
1.7062818025005981,2026-09-24T00:03:05.182295+00:00,0.014010719874434696,0.008831165730953217,0.0,1.6946600380033487,1.7179035669978475,1.5514385790011147,1.694659626999055,0.0009727561779532639,0.0048828125,0.0113525390625,16384,5.12e-07,0.008388608,64,True,0.46566128730773926,0.3599853515625,0.3599853515625,94573.0,530.0,5200.0,28464.0,0.01666702,0.0007112426,-0.1902144324511851,-0.4284828120684108,0.8833011657691959,0.9167194,-0.9942936,0.5414289,-0.17437326038799092,-0.3927985063896663,0.8097393147032378
1.8775822515090113,2026-09-24T00:03:05.355881+00:00,0.10434783045691448,0.10062101483345032,0.0,1.8636663220095215,1.891498181008501,1.7189920070086373,1.8636656809976557,0.0019196891064649478,0.0948486328125,0.1053466796875,16384,5.12e-07,0.008388608,64,True,0.46566128730773926,0.3599853515625,0.3599853515625,94740.0,550.0,5712.0,27312.0,0.01662432,0.000713776,-0.1851462407402686,-0.678814932716596,0.7105850805221776,0.9176214,-0.9185344,0.3951647,-0.16989415263282232,-0.6228951089003086,0.6520480764078733
2.04766352900333,2026-09-24T00:03:05.523747+00:00,0.2563372795970608,0.252289354801178,0.0,2.0359629710001172,2.059364087006543,1.8925804590107873,2.0359624900011113,0.0025073680565807213,0.245849609375,0.2576904296875,16384,5.12e-07,0.008388608,64,True,0.46566128730773926,0.3599853515625,0.3599853515625,94890.0,568.0,9840.0,22784.0,0.01666435,0.000712178,-0.10436681851779994,-0.9921486729933514,0.06890992577273848,0.9351268,-0.8378018,0.03448229,-0.09759620902673101,-0.9277848137005191,0.06443951837609846
2.2175089884985937,2026-09-24T00:03:05.695159+00:00,0.433225195148221,0.43166135251522064,0.0,2.2042424969986314,2.230775479998556,2.0604713820066536,2.2042416550102644,0.002535098034590217,0.4251708984375,0.43701171875,16384,5.12e-07,0.008388608,64,True,0.46566128730773926,0.3599853515625,0.3599853515625,95073.0,590.0,5424.0,29424.0,0.0166638,0.0007113883,0.06915565388917692,-0.2633705365348597,-0.9622127914450631,0.9155542,-0.6570069,-0.6475076,0.06331574937198227,-0.24113000088074424,-0.8809579625012516
2.388193548002164,2026-09-24T00:03:05.864788+00:00,0.5930699524005414,0.5918545350432396,0.0,2.375985143997241,2.400401952007087,2.231905117005226,2.3759847230103333,0.002076534117029575,0.5859375,0.5968017578125,16384,5.12e-07,0.008388608,64,True,0.46566128730773926,0.3599853515625,0.3599853515625,95240.0,610.0,8976.0,26512.0,0.01669062,0.0007015536,0.07369052673024402,0.9170413472363841,-0.3919245765821491,0.9353116,0.7453059,-0.2013613,0.06892360446090731,0.857719409749818,-0.3665716028023724
2.5587336990065523,2026-09-24T00:03:06.036447+00:00,0.6959279730561787,0.6968454718589783,0.0,2.5454042030032724,2.5720631950098323,2.401655773006496,2.545403793003061,0.0012354410670850399,0.69189453125,0.7001953125,16384,5.12e-07,0.008388608,64,True,0.46566128730773926,0.3599853515625,0.3599853515625,95423.0,632.0,5552.0,28224.0,0.01670495,0.0007082813,-0.1159501325578223,0.5952079160313345,0.7951623126465812,0.9267542,0.8815964,0.4596376,-0.10745727233851855,0.5516114360552865,0.7369200129269322
2.7290564514987636,2026-09-24T00:03:06.205638+00:00,0.7168961113632624,0.7177603244781494,0.0,2.716859788997681,2.7412531139998464,2.573194174008677,2.716859107007622,0.0009167766677195021,0.71337890625,0.7203369140625,16384,5.12e-07,0.008388608,64,True,0.46566128730773926,0.3599853515625,0.3599853515625,95591.0,652.0,5248.0,28848.0,0.01668268,0.0007121449,-0.1833693683268653,-0.06953007496769296,0.9805820941840583,0.9104414,-1.389581,0.686704,-0.16694706441662688,-0.06330305879569133,0.8927625346438658
2.9014890774997184,2026-09-24T00:03:06.381496+00:00,0.6497352908243136,0.648347370326519,0.0,2.885865623000427,2.9171125319990097,2.7422513339988654,2.8858650820038747,0.0016993880324012898,0.64306640625,0.652587890625,16384,5.12e-07,0.008388608,64,True,0.46566128730773926,0.3599853515625,0.3599853515625,95757.0,672.0,5248.0,28880.0,0.0166489,0.0007110373,-0.181229813814948,-0.010619265560049912,0.9833834378224826,0.9092576,-1.541532,0.6941217,-0.16478458555782646,-0.009655647916893639,0.8941488645542197
3.074932756004273,2026-09-24T00:03:06.551100+00:00,0.50940734556401,0.5099252760410309,0.0,3.0631504540069727,3.086715058001573,2.918174321006518,3.0631500529998448,0.002398998242383382,0.50390625,0.5150146484375,16384,5.12e-07,0.008388608,64,True,0.46566128730773926,0.3599853515625,0.3599853515625,95940.0,694.0,6096.0,28000.0,0.0166583,0.0007255149,-0.12728205473548126,0.6875563579997812,0.7148884759991523,0.8999772,0.8769232,0.3982323,-0.11455094723108518,0.6187850459148407,0.6433833289419842
3.245197584008565,2026-09-24T00:03:06.722679+00:00,0.33475722546194464,0.33265867829322815,0.0,3.2321001600066666,3.258295008010464,3.08789251500275,3.2320997000060743,0.0026352859048489894,0.3258056640625,0.3382568359375,16384,5.12e-07,0.008388608,64,True,0.46566128730773926,0.3599853515625,0.3599853515625,96107.0,714.0,8720.0,26944.0,0.01664798,0.0007406032,0.024315178085676046,0.8938406699451886,-0.4477249477822274,0.8725964,0.7718,-0.2321097,0.021217336862919812,0.7799621507677599,-0.39068317762495963
3.4202257665019715,2026-09-24T00:03:06.898941+00:00,0.1620300827993671,0.15780651569366455,0.0,3.4058936280052876,3.4345579049986554,3.262046472009388,3.40589121299854,0.0022375260345925893,0.1514892578125,0.16259765625,16384,5.12e-07,0.008388608,64,True,0.46566128730773926,0.3599853515625,0.3599853515625,96273.0,734.0,5440.0,29184.0,0.0166703,0.0007042173,0.07835187130453396,-0.3711525819029205,-0.9252603661726106,0.9251612,-0.6813734,-0.5908607,0.0724881112783482,-0.3433759680564042,-0.8560149906806919
3.594387959004962,2026-09-24T00:03:07.073076+00:00,0.040511448666693095,0.03556174039840698,0.0,3.5800839540024754,3.6086919640074484,3.4356672540016007,3.580083492997801,0.0013703744401349616,0.03076171875,0.0389404296875,16384,5.12e-07,0.008388608,64,True,0.46566128730773926,0.3599853515625,0.3599853515625,96406.0,750.0,10448.0,22416.0,0.01665535,0.0006834108,-0.05242044270087286,-0.9974362736620446,-0.04871321350742054,0.9409018,-0.8116516,-0.02436625,-0.04932248889404813,-0.9384895852739104,-0.045834350272916304
3.765352303002146,2026-09-24T00:03:07.241338+00:00,8.11191478087836e-05,-0.004939615726470947,0.0,3.7537494790012715,3.7769551270030206,3.6097722679987783,3.7537489680107683,0.000661949120465117,-0.0078125,-0.0035400390625,16384,5.12e-07,0.008388608,64,True,0.46566128730773926,0.3599853515625,0.3599853515625,96623.0,776.0,5200.0,28560.0,0.0166348,0.0007092005,-0.1871269898747864,-0.35376279610668926,0.916425323608628,0.916754,-1.028672,0.5795275,-0.17154941647566993,-0.32431345838199177,0.8401365811195042
3.936046915005136,2026-09-24T00:03:07.414563+00:00,0.047700224131764835,0.043817438185214996,0.0,3.921914367005229,3.9501794630050426,3.7780369039974175,3.921913926009438,0.0014635815625743235,0.0391845703125,0.047119140625,16384,5.12e-07,0.008388608,64,True,0.46566128730773926,0.3599853515625,0.3599853515625,96789.0,796.0,5248.0,28832.0,0.01662948,0.0007088792,-0.17971667382475426,-0.1621173725834133,0.970267939620813,0.9141174,-1.203817,0.6631677,-0.1642821386133324,-0.14819431112078105,0.8869388062695346
4.10927104500297,2026-09-24T00:03:07.587175+00:00,0.1738808403779006,0.17080721259117126,0.0,4.095750535008847,4.122791554997093,3.9512721299979603,4.095750164007768,0.002304907098604616,0.1650390625,0.1759033203125,16384,5.12e-07,0.008388608,64,True,0.46566128730773926,0.3599853515625,0.3599853515625,96972.0,818.0,5808.0,27328.0,0.01664082,0.0007183838,-0.19008843446613644,-0.7028752504793591,0.6854434836992702,0.911656,-0.917461,0.3776063,-0.17329526181166008,-0.6407804393510106,0.6248886645753419
4.282643263504724,2026-09-24T00:03:07.760501+00:00,0.34700777643373193,0.3451806455850601,0.0,4.269169346007402,4.296117181002046,4.124978904001182,4.269168956001522,0.002662669298146876,0.3382568359375,0.3505859375,16384,5.12e-07,0.008388608,64,True,0.46566128730773926,0.3599853515625,0.3599853515625,97089.0,832.0,10128.0,22272.0,0.01662657,0.0007121253,-0.09810461896063231,-0.9950517601802217,0.015731443062595208,0.9258594,-0.8345356,0.007866046,-0.09083108364811966,-0.921278025649404,0.014565104435068562
4.455231511499733,2026-09-24T00:03:07.931843+00:00,0.5226668304302491,0.520701602101326,0.0,4.443003009000677,4.467460013998789,4.298754828007077,4.443002528001671,0.0023302837243759297,0.5147705078125,0.52587890625,16384,5.12e-07,0.008388608,64,True,0.46566128730773926,0.3599853515625,0.3599853515625,97322.0,860.0,5712.0,29312.0,0.01668823,0.0007097587,0.09880712612561816,0.3767296247214203,-0.9210385125954582,0.917006,0.6571488,-0.5853693,0.09060672749994861,0.34546332624729076,-0.8445978422811108
4.625579075007408,2026-09-24T00:03:08.103519+00:00,0.656384842410549,0.6570592820644379,0.0,4.612024090005434,4.639134060009383,4.468684349005343,4.612023779001902,0.0017274663576668115,0.6517333984375,0.6612548828125,16384,5.12e-07,0.008388608,64,True,0.46566128730773926,0.3599853515625,0.3599853515625,97488.0,880.0,8848.0,25312.0,0.016607,0.0007098017,-0.03018263088795647,0.9571480985101232,0.28802174624694066,0.9271624,0.8011599,0.1460802,-0.027984200492391854,0.8874317281700823,0.2670429335025045
4.79538565450639,2026-09-24T00:03:08.271443+00:00,0.7179252052510827,0.7184868901968002,0.0,4.7837113910063636,4.807059918006416,4.640237949002767,4.783710939998855,0.0008692082810876284,0.71435546875,0.72119140625,16384,5.12e-07,0.008388608,64,True,0.46566128730773926,0.3599853515625,0.3599853515625,97655.0,900.0,5200.0,28816.0,0.01661453,0.0007115251,-0.15745389814936214,0.2850402509393551,0.945494751599394,0.9121896,1.037737,0.6195553,-0.1436278083713074,0.26001075248826994,0.8624704792635506
4.966199605500151,2026-09-24T00:03:08.443875+00:00,0.6925105124258152,0.6932233348488808,0.0,4.952907250000862,4.9794919609994395,4.808166191010969,4.952906828999403,0.0012229088968346358,0.6884765625,0.6966552734375,16384,5.12e-07,0.008388608,64,True,0.46566128730773926,0.3599853515625,0.3599853515625,97821.0,920.0,5248.0,28864.0,0.01665802,0.0007097878,-0.18066917201376217,-0.11664994951080027,0.9766019862579582,0.9100808,-1.284139,0.6770242,-0.16442354460162228,-0.10616087937074872,0.8887867169352317
5.13843104600528,2026-09-24T00:03:08.616775+00:00,0.5845894164721306,0.5839265361428261,0.0,5.124471319009899,5.152390773000661,4.980565753008705,5.124470918002771,0.0021147698973361245,0.577880859375,0.5887451171875,16384,5.12e-07,0.008388608,64,True,0.46566128730773926,0.3599853515625,0.3599853515625,98004.0,942.0,5248.0,28800.0,0.01666432,0.0007185953,-0.16470504074428644,0.3308761653412172,0.9291895461973916,0.9067964,1.016335,0.596107,-0.14935393800877225,0.3000373155772205,0.8425857354094283
5.313364654502948,2026-09-24T00:03:08.792306+00:00,0.41802294983058763,0.4164261817932129,0.0,5.2988068660051795,5.327922443000716,5.154768670006888,5.298806564998813,0.002585324664485416,0.40966796875,0.4219970703125,16384,5.12e-07,0.008388608,64,True,0.46566128730773926,0.3599853515625,0.3599853515625,98171.0,962.0,9856.0,25360.0,0.01667133,0.0007433266,-0.0739886994204667,0.9681070555909419,0.23936248927746562,0.8824134,0.8235371,0.1208546,-0.06528861981719204,0.8542706384879921,0.21121666799579197
5.487846006501059,2026-09-24T00:03:08.966600+00:00,0.2370291640556773,0.23391475528478622,0.0,5.473475601000246,5.5022164120018715,5.329059654002776,5.473475210004835,0.0024463652991684472,0.22705078125,0.2391357421875,16384,5.12e-07,0.008388608,64,True,0.46566128730773926,0.3599853515625,0.3599853515625,98337.0,982.0,5792.0,29376.0,0.01665248,0.0007230512,0.08952230733052849,0.4005335685714889,-0.9118983588852471,0.8982438,0.6754514,-0.573943,0.08041285752134177,0.3597767946612148,-0.8191070470988481
5.6595381860024645,2026-09-24T00:03:09.135698+00:00,0.08931737561139297,0.08605097234249115,0.0,5.647763337998185,5.671313034006744,5.503414899008931,5.647762637003325,0.0018032628977752803,0.0806884765625,0.0904541015625,16384,5.12e-07,0.008388608,64,True,0.46566128730773926,0.3599853515625,0.3599853515625,98520.0,1004.0,8080.0,25296.0,0.01667372,0.000696206,-0.035493941503334264,-0.9396936808649032,-0.3401704958680679,0.9327192,-0.8042751,-0.1735491,-0.03310588072383673,-0.8764703382613678,-0.3172835527696676
5.82837888100039,2026-09-24T00:03:09.304422+00:00,0.009144397540319316,0.00473225861787796,0.0,5.816718153000693,5.840039609000087,5.672419838010683,5.8167175319977105,0.0008933454510610004,0.001220703125,0.0069580078125,16384,5.12e-07,0.008388608,64,True,0.46566128730773926,0.3599853515625,0.3599853515625,98670.0,1022.0,8496.0,62416.0,0.01666695,0.0006974803,-0.15724354313465272,-0.734942640149563,0.6596467113784852,0.925322,-0.890786,0.3601743,-0.14550090982044311,-0.6800585936684739,0.6103856142661627
5.999148883507587,2026-09-24T00:03:09.476563+00:00,0.013406125041467876,0.007939770817756653,0.0,5.9861177550046705,6.012180012010504,5.841059981001308,5.986117264008499,0.000943453504056908,0.004150390625,0.0103759765625,16384,5.12e-07,0.008388608,64,True,0.46566128730773926,0.3599853515625,0.3599853515625,98854.0,1044.0,5200.0,28784.0,0.0166221,0.0007112616,-0.1876537699475887,-0.19283346868831897,0.9631206134114711,0.9159804,-1.171291,0.6491845,-0.1718871752581003,-0.17663167778251387,0.8821996047208848
6.17006493700319,2026-09-24T00:03:09.646118+00:00,0.10251210182208487,0.09753993153572083,0.0,6.158394705998944,6.181735168007435,6.013252482007374,6.158394275000319,0.0018649406971990754,0.09228515625,0.10205078125,16384,5.12e-07,0.008388608,64,True,0.46566128730773926,0.3599853515625,0.3599853515625,99036.0,1066.0,5248.0,28256.0,0.01662263,0.0007107182,-0.1860241601316804,-0.4443271911053266,0.8763380392815056,0.9141918,-0.9836444,0.5341033,-0.17006176179426916,-0.4062002746255225,0.8011410495392303
6.339630977505294,2026-09-24T00:03:09.816359+00:00,0.25331549534494957,0.24934692680835724,0.0,6.327294036003877,6.351967919006711,6.182882879002136,6.327293545007706,0.002704844855552235,0.2420654296875,0.2547607421875,16384,5.12e-07,0.008388608,64,True,0.46566128730773926,0.3599853515625,0.3599853515625,99203.0,1086.0,8976.0,23632.0,0.01664318,0.0007045711,-0.09827282660849974,-0.976643509132549,0.19107565941175284,0.9432088,-0.8355409,0.09612894,-0.09269179485801111,-0.9211787522767005,0.18022424342296808
6.512102453998523,2026-09-24T00:03:09.990822+00:00,0.432839646518843,0.43208086490631104,0.0,6.497766537999269,6.526438369997777,6.353231789005804,6.497766097003478,0.002522844845261636,0.4259033203125,0.4378662109375,16384,5.12e-07,0.008388608,64,True,0.46566128730773926,0.3599853515625,0.3599853515625,99319.0,1100.0,10528.0,65072.0,0.01664668,0.0007209008,-0.015129736931696893,-0.7620082936626894,-0.6473904937899955,0.9088814,-0.7953244,-0.3520778,-0.013751136484112376,-0.6925751647557562,-0.5884011783425424
6.684953219497402,2026-09-24T00:03:10.162543+00:00,0.5945054202185514,0.5945306420326233,0.0,6.671746795997024,6.69815964299778,6.527681339997798,6.671746255000471,0.002138660409919259,0.5887451171875,0.599365234375,16384,5.12e-07,0.008388608,64,True,0.46566128730773926,0.3599853515625,0.3599853515625,99536.0,1126.0,8560.0,26864.0,0.0166498,0.0007017497,0.0814913581219459,0.8753031283057607,-0.47665877955786123,0.925154,0.7389816,-0.248425,0.07539205593195074,0.8097901903645878,-0.44098277654307355
6.857523728001979,2026-09-24T00:03:10.333623+00:00,0.6973536953905919,0.6977073028683662,0.0,6.845807375997538,6.869240080006421,6.700723040004959,6.8458068750042,0.001208780220220422,0.6927490234375,0.7010498046875,16384,5.12e-07,0.008388608,64,True,0.46566128730773926,0.3599853515625,0.3599853515625,99719.0,1148.0,5520.0,28400.0,0.01665627,0.0007101165,-0.12651507913712629,0.5625812681936595,0.8170044378267112,0.9195152,0.8959998,0.4780984,-0.1163325382957905,0.5173020273393465,0.7512479990491159
7.029642765504832,2026-09-24T00:03:10.508712+00:00,0.7160760646652595,0.7165856510400772,0.0,7.014957056002459,7.044328475007205,6.870251275002374,7.01495668500138,0.0009009071443311288,0.71240234375,0.7193603515625,16384,5.12e-07,0.008388608,64,True,0.46566128730773926,0.3599853515625,0.3599853515625,99886.0,1168.0,5248.0,28864.0,0.01665772,0.0007114754,-0.18255729953666083,-0.11657268330629694,0.9762600278064506,0.9160098,-1.286653,0.676232,-0.1672242754371168,-0.1067817203208644,0.8942637528189813
7.200818541503395,2026-09-24T00:03:10.676905+00:00,0.6469853087024824,0.6482735648751259,0.0,7.189115879009478,7.212521203997312,7.045399612004985,7.189115448010853,0.0017241692968136748,0.642822265625,0.65283203125,16384,5.12e-07,0.008388608,64,True,0.46566128730773926,0.3599853515625,0.3599853515625,100069.0,1190.0,5248.0,28880.0,0.01663328,0.0007077952,-0.1782934454292924,-0.05279534019275557,0.9825599724041699,0.9174734,-1.426852,0.6918809,-0.16357949357572735,-0.04843832027080411,0.9014726385855599
7.372470499998599,2026-09-24T00:03:10.851053+00:00,0.506940038643826,0.5055045560002327,0.0,7.3582718830002705,7.386669116996927,7.213598422007635,7.358271190998494,0.0024088326250285078,0.4989013671875,0.510498046875,16384,5.12e-07,0.008388608,64,True,0.46566128730773926,0.3599853515625,0.3599853515625,100236.0,1210.0,5808.0,28112.0,0.01668487,0.000713758,-0.10710789411707147,0.6430383637302224,0.7583070366210275,0.9112614,0.8679232,0.4303561,-0.09760328954417431,0.5859760395865117,0.6910159318211287
7.547574613003235,2026-09-24T00:03:11.026668+00:00,0.32697859058749384,0.32370974868535995,0.0,7.532866756999283,7.562282469007187,7.388035790005233,7.532865896006115,0.0026425860934310742,0.3167724609375,0.329345703125,16384,5.12e-07,0.008388608,64,True,0.46566128730773926,0.3599853515625,0.3599853515625,100403.0,1230.0,8496.0,26880.0,0.01668608,0.0007374154,0.020731086609774095,0.9253018436817726,-0.3786643898323296,0.9056092,0.7741977,-0.1941764,0.01877426275980823,0.8379618624151751,-0.34292195514454415
7.7222721465004724,2026-09-24T00:03:11.200925+00:00,0.15584541379463435,0.152650386095047,0.0,7.708003482999629,7.7365408100013155,7.563378093007486,7.708003022009507,0.0022997024463501446,0.1458740234375,0.15771484375,16384,5.12e-07,0.008388608,64,True,0.46566128730773926,0.3599853515625,0.3599853515625,100587.0,1252.0,5632.0,28976.0,0.0166974,0.0006970184,0.07049448960099312,-0.49746727067515145,-0.8646136949776536,0.9402696,-0.7150134,-0.5221905,0.06628382553932996,-0.4677533516108164,-0.8129699731311604
7.892589260009117,2026-09-24T00:03:11.368508+00:00,0.038955912345870425,0.03512237221002579,0.0,7.881053928009351,7.904124592008884,7.7377688020060305,7.881053367003915,0.0013335883359648307,0.03076171875,0.0386962890625,16384,5.12e-07,0.008388608,64,True,0.46566128730773926,0.3599853515625,0.3599853515625,100720.0,1268.0,9488.0,22528.0,0.01660357,0.0006888438,-0.08211869881478576,-0.9927674308088694,0.0875748116191141,0.9311554,-0.8266627,0.04384357,-0.07646526984236135,-0.9244207541418051,0.08154575874312082
8.061612512508873,2026-09-24T00:03:11.537571+00:00,0.00011260192452428042,-0.004889465868473053,0.0,8.050037456006976,8.07318756901077,7.905126519006444,8.050036965010804,0.0006722344170070883,-0.0079345703125,-0.0035400390625,16384,5.12e-07,0.008388608,64,True,0.46566128730773926,0.3599853515625,0.3599853515625,100919.0,1292.0,5184.0,28608.0,0.01662842,0.0007060794,-0.1776700836470204,-0.33941921188696234,0.9237033831154318,0.9177298,-1.026515,0.5888186,-0.1630531303313633,-0.3114951254411796,0.8477101210458486
8.231654153009003,2026-09-24T00:03:11.708948+00:00,0.04803606306922398,0.04342545568943024,0.0,8.21874589601066,8.244562410007347,8.074272060999647,8.218745455000317,0.0014312817627266947,0.0386962890625,0.046875,16384,5.12e-07,0.008388608,64,True,0.46566128730773926,0.3599853515625,0.3599853515625,101086.0,1312.0,5248.0,28848.0,0.01663592,0.000710105,-0.17902965344212926,-0.14801343620424348,0.9726460846018985,0.914399,-1.225375,0.6681814,-0.16370453607782956,-0.13534333805172402,0.8893866071138914
8.405335105504491,2026-09-24T00:03:11.883783+00:00,0.1748706261386373,0.17217376083135605,0.0,8.391272224005661,8.419397987003322,8.245716353005264,8.39127183301025,0.0023016428785636064,0.1658935546875,0.1773681640625,16384,5.12e-07,0.008388608,64,True,0.46566128730773926,0.3599853515625,0.3599853515625,101269.0,1334.0,5840.0,27136.0,0.01665485,0.000712985,-0.17522958853686843,-0.7067008469628043,0.6854695501648886,0.9227286,-0.9069244,0.3776242,-0.16168935290920067,-0.6520930831368027,0.6325023583662774
8.577205594505358,2026-09-24T00:03:12.054906+00:00,0.34658153020969973,0.34454599022865295,0.0,8.563888663004036,8.59052252600668,8.420495894999476,8.563888242002577,0.002676982822550431,0.337890625,0.3502197265625,16384,5.12e-07,0.008388608,64,True,0.46566128730773926,0.3599853515625,0.3599853515625,101385.0,1348.0,10256.0,22704.0,0.01666002,0.0007133211,-0.09878523180591785,-0.9949724853530411,0.0164691034195438,0.9099864,-0.8348782,0.008234924,-0.08989321746423268,-0.9054114300454665,0.014986660131978352
8.747907562501496,2026-09-24T00:03:12.223517+00:00,0.5205104003378036,0.5185637846589088,0.0,8.736682114002178,8.759133011000813,8.593092075010645,8.736681794005563,0.0024071276288254277,0.5123291015625,0.5238037109375,16384,5.12e-07,0.008388608,64,True,0.46566128730773926,0.3599853515625,0.3599853515625,101602.0,1374.0,5552.0,29376.0,0.01664608,0.0007088466,0.10571178049976275,0.3002202760596151,-0.9479940956072767,0.9217532,0.6161197,-0.6234367,0.09744017195335392,0.27672900016283364,-0.8738165912071133
8.916941409501305,2026-09-24T00:03:12.393788+00:00,0.6542135792888357,0.6542143002152443,0.0,8.904478536001989,8.929404283000622,8.760143974010134,8.904477785006748,0.0015785951408980267,0.6488037109375,0.6580810546875,16384,5.12e-07,0.008388608,64,True,0.46566128730773926,0.3599853515625,0.3599853515625,101768.0,1394.0,9984.0,24816.0,0.01667995,0.0007030402,-0.001138165712782437,0.9824700291781366,0.186417129968041,0.9462372,0.7859774,0.09375704,-0.0010769747371992574,0.9296496894934383,0.1763948230929952
9.090296328002296,2026-09-24T00:03:12.569494+00:00,0.7179188517358015,0.7185463830828667,0.0,9.075482197004021,9.10511045900057,8.930421958997613,9.075481726002181,0.0008573141789284661,0.714599609375,0.720947265625,16384,5.12e-07,0.008388608,64,True,0.46566128730773926,0.3599853515625,0.3599853515625,101952.0,1416.0,5200.0,28880.0,0.01666285,0.0007131789,-0.1640175578450199,0.21645114938114474,0.9624173422430297,0.9118576,1.109622,0.6478837,-0.14956065665442103,0.19737262559193214,0.8775875678961077
9.26298142500309,2026-09-24T00:03:12.739023+00:00,0.6917737176290366,0.6931817457079887,0.0,9.251322826006799,9.274640023999382,9.106274079997092,9.251322416006587,0.0012362617506048094,0.6884765625,0.696533203125,16384,5.12e-07,0.008388608,64,True,0.46566128730773926,0.3599853515625,0.3599853515625,102118.0,1436.0,5232.0,28848.0,0.01666663,0.0007085685,-0.18415396738192635,-0.1588958516617805,0.969968775075865,0.9181478,-1.214845,0.6625512,-0.16908056001298744,-0.1458898766323901,0.8905746969046002
9.432805004500551,2026-09-24T00:03:12.909421+00:00,0.5850774563468324,0.5857598260045052,0.0,9.420573166004033,9.44503684299707,9.275717644006363,9.420572504997835,0.002093124503364478,0.5797119140625,0.590576171875,16384,5.12e-07,0.008388608,64,True,0.46566128730773926,0.3599853515625,0.3599853515625,102285.0,1456.0,5200.0,28912.0,0.01665927,0.0007123515,-0.16503110408758448,0.2367795352928124,0.9574446126801032,0.9101364,1.089747,0.6390071,-0.15020081496229942,0.2155016738450732,0.8714051929840634
9.605491494003218,2026-09-24T00:03:13.083752+00:00,0.42097350814645945,0.41854994744062424,0.0,9.591614607998054,9.619368380008382,9.446156922000227,9.591614228003891,0.002620627691080932,0.4117431640625,0.4239501953125,16384,5.12e-07,0.008388608,64,True,0.46566128730773926,0.3599853515625,0.3599853515625,102468.0,1478.0,9232.0,25408.0,0.01667542,0.0007317689,-0.05477336750903085,0.9563562920928617,0.28702355440993615,0.888026,0.8140034,0.1455591,-0.04864017445557463,0.8492692526420555,0.25488437892843796
9.777079976003733,2026-09-24T00:03:13.253838+00:00,0.24272170642826615,0.24022935330867767,0.0,9.76470542899915,9.789454523008317,9.62047251900367,9.76470480801072,0.002514722586536754,0.233154296875,0.2454833984375,16384,5.12e-07,0.008388608,64,True,0.46566128730773926,0.3599853515625,0.3599853515625,102635.0,1498.0,5808.0,29280.0,0.01666717,0.0007220585,0.09460511532987512,0.42728046526867636,-0.8991558686641624,0.903351,0.6764497,-0.5589184,0.08546162553835802,0.38598423558092404,-0.8122533531136398
9.946421336506319,2026-09-24T00:03:13.422392+00:00,0.09500623981144274,0.09194996953010559,0.0,9.93483339100203,9.958009282010607,9.790459295007167,9.934832850005478,0.0018680393044450778,0.08642578125,0.09619140625,16384,5.12e-07,0.008388608,64,True,0.46566128730773926,0.3599853515625,0.3599853515625,102802.0,1518.0,7152.0,26592.0,0.01666007,0.0006911383,0.016270287786395193,-0.8475836883813366,-0.5304122631738799,0.9483086,-0.7758013,-0.2795434,0.015429253832313524,-0.8037709009117415,-0.5029945107132536
10.117610486508056,2026-09-24T00:03:13.595631+00:00,0.010546726997112899,0.005732841789722443,0.0,10.103973472010694,10.131247501005419,9.95903814000485,10.103972911005258,0.000944629262052062,0.0018310546875,0.0084228515625,16384,5.12e-07,0.008388608,64,True,0.46566128730773926,0.3599853515625,0.3599853515625,102969.0,1538.0,9232.0,61856.0,0.01669813,0.0006948507,-0.14495858146129795,-0.8008821392919282,0.5810118833758159,0.9408336,-0.8749282,0.3099857,-0.13638190404712622,-0.7534968262857263,0.546635501879249
10.290261023001221,2026-09-24T00:03:13.767566+00:00,0.012330404661880512,0.007475957274436951,0.0,10.277338829997461,10.303183216004982,10.132322555000428,10.27733841900772,0.0008940503216427754,0.00390625,0.0098876953125,16384,5.12e-07,0.008388608,64,True,0.46566128730773926,0.3599853515625,0.3599853515625,103152.0,1560.0,5200.0,28768.0,0.01667948,0.000713463,-0.19266616476848727,-0.2551104467750777,0.9475222471792535,0.9146692,-1.108817,0.6226971,-0.17622580679586045,-0.2333416682634029,0.86666941580965
10.461388903000625,2026-09-24T00:03:13.938217+00:00,0.0998448968591511,0.09509175270795822,0.0,10.448943812996731,10.473833993004519,10.304303826997057,10.448943392009824,0.0018440993522425742,0.0897216796875,0.09912109375,16384,5.12e-07,0.008388608,64,True,0.46566128730773926,0.3599853515625,0.3599853515625,103319.0,1580.0,5232.0,28320.0,0.0166698,0.0007092475,-0.17966624399290193,-0.46903700020156414,0.8647105488031246,0.9219728,-0.9683044,0.5222869,-0.16564739003961898,-0.43243935637943665,0.7972396058695534
10.632272602510056,2026-09-24T00:03:14.108291+00:00,0.25097846044059247,0.2464258149266243,0.0,10.620639216009295,10.643905989010818,10.476285519005614,10.620638774998952,0.0026520338481100156,0.2401123046875,0.251953125,16384,5.12e-07,0.008388608,64,True,0.46566128730773926,0.3599853515625,0.3599853515625,103485.0,1600.0,8528.0,23936.0,0.01662835,0.0007020048,-0.10740815563073493,-0.9645461690381469,0.24106881983748613,0.9394282,-0.8408478,0.1217335,-0.10090225030950119,-0.9061218713964021,0.2264668474960539
10.800234970505699,2026-09-24T00:03:14.276161+00:00,0.4257757283728897,0.42262691259384155,0.0,10.788692781003192,10.811777160008205,10.645008815001347,10.788691929003107,0.0026214444991753483,0.4158935546875,0.4283447265625,16384,5.12e-07,0.008388608,64,True,0.46566128730773926,0.3599853515625,0.3599853515625,103668.0,1622.0,5552.0,29328.0,0.01666323,0.0007119435,0.05605977532604055,-0.40650018454278125,-0.9119292195982529,0.9172012,-0.7168762,-0.5739806,0.051418093200774784,-0.37284245706286046,-0.8364225745305811
10.969987314005266,2026-09-24T00:03:14.446469+00:00,0.5864700881144295,0.5854519382119179,0.0,10.957888456003275,10.982086172007257,10.812873905000743,10.9578879949986,0.002062665242118191,0.5794677734375,0.590087890625,16384,5.12e-07,0.008388608,64,True,0.46566128730773926,0.3599853515625,0.3599853515625,103834.0,1642.0,8464.0,27184.0,0.01665313,0.0007072418,0.06849403992783754,0.8869263081523893,-0.4568044334302557,0.9372028,0.7468615,-0.2371998,0.06419280600368113,0.831229819394082,-0.4281183940632492
11.139868730999297,2026-09-24T00:03:14.615927+00:00,0.692486693052069,0.692761592566967,0.0,11.12819654699706,11.151540915001533,10.983148903003894,11.128195595010766,0.0012238281065768616,0.6881103515625,0.696044921875,16384,5.12e-07,0.008388608,64,True,0.46566128730773926,0.3599853515625,0.3599853515625,104001.0,1662.0,5856.0,27968.0,0.01665257,0.0007132163,-0.1108376979219591,0.681450697251023,0.723422388328876,0.914283,0.866017,0.4043733,-0.10133702296918254,0.6230387878347571,0.6614127914684896
11.309812420004164,2026-09-24T00:03:14.787325+00:00,0.7180280750029018,0.7186440080404282,0.0,11.29668266599765,11.322942174010677,11.152620517998002,11.296682205007528,0.000832124294400431,0.7147216796875,0.7210693359375,16384,5.12e-07,0.008388608,64,True,0.46566128730773926,0.3599853515625,0.3599853515625,104167.0,1682.0,5248.0,28896.0,0.01664468,0.0007120656,-0.1776924275379749,0.00869122132450261,0.9840476938988019,0.9125134,1.54636,0.6959697,-0.1621467212069311,0.00793085592097438,0.897956706921755
11.483716295508202,2026-09-24T00:03:14.963415+00:00,0.654478502373152,0.6545296683907509,0.0,11.468401101010386,11.499031490006018,11.324079776008148,11.468400580008165,0.0016914562504646697,0.64892578125,0.6588134765625,16384,5.12e-07,0.008388608,64,True,0.46566128730773926,0.3599853515625,0.3599853515625,104334.0,1702.0,5248.0,28816.0,0.01665237,0.0007100464,-0.17878248498542326,-0.09517926383032448,0.9792740835941459,0.9134694,-1.326191,0.6834229,-0.16331232929014358,-0.0869433450235282,0.8945369095762943
11.660075981504633,2026-09-24T00:03:15.139083+00:00,0.5139837887487176,0.5131558775901794,0.0,11.64545315100986,11.674698811999406,11.50025060599728,11.645452800003113,0.0024042115086823426,0.5068359375,0.5184326171875,16384,5.12e-07,0.008388608,64,True,0.46566128730773926,0.3599853515625,0.3599853515625,104517.0,1724.0,5808.0,28256.0,0.01666317,0.0007231773,-0.13680733573908913,0.6121484133531025,0.778818382498289,0.9014482,0.8953352,0.4463899,-0.12332472654879757,0.5518200853500103,0.7020644290299942
11.832036277497537,2026-09-24T00:03:15.307997+00:00,0.33801097904660765,0.33718301355838776,0.0,11.820458415997564,11.84361413899751,11.675882761002867,11.820458015004988,0.0026444814772856894,0.3302001953125,0.343017578125,16384,5.12e-07,0.008388608,64,True,0.46566128730773926,0.3599853515625,0.3599853515625,104700.0,1746.0,9152.0,26800.0,0.0166649,0.0007340784,0.0305980537782397,0.9273178930712085,-0.37302182817491875,0.8821884,0.768906,-0.1911319,0.026993248105739234,0.8180690883798605,-0.3290755297627065
12.000312916999974,2026-09-24T00:03:15.476320+00:00,0.17077398151253065,0.16867811977863312,0.0,11.98868907400174,12.011936759998207,11.844693721999647,11.988688432000345,0.0023092907457905546,0.162841796875,0.173583984375,16384,5.12e-07,0.008388608,64,True,0.46566128730773926,0.3599853515625,0.3599853515625,104866.0,1766.0,5392.0,29328.0,0.01665652,0.0007047162,0.08152713273057759,-0.2782031433349028,-0.9570560786428924,0.9255116,-0.6428644,-0.6383355,0.07545430705688923,-0.2574802363129152,-0.8857665026345092
12.170400722505292,2026-09-24T00:03:15.648034+00:00,0.04753255480742291,0.0430745929479599,0.0,12.157151920007891,12.183649525002693,12.012967992006452,12.157151389008504,0.0014287710628664706,0.0384521484375,0.046630859375,16384,5.12e-07,0.008388608,64,True,0.46566128730773926,0.3599853515625,0.3599853515625,105016.0,1784.0,9776.0,22480.0,0.01662457,0.0006960663,-0.07949348233134751,-0.9945156762188864,-0.06796584452301521,0.9373252,-0.8252793,-0.03400914,-0.07451124422492676,-0.9321846051150029,-0.06370609881070413
12.341121096505958,2026-09-24T00:03:15.817376+00:00,7.356665221963654e-05,-0.004883825778961182,0.0,12.32925027400779,12.352991919004126,12.184758513001725,12.329249882997829,0.0006748382156529802,-0.0079345703125,-0.00341796875,16384,5.12e-07,0.008388608,64,True,0.46566128730773926,0.3599853515625,0.3599853515625,105149.0,1800.0,8944.0,62624.0,0.01662908,0.000690495,-0.14854190030498154,-0.7251568214800516,0.67237109405055,0.9428878,-0.8864212,0.3687037,-0.1400583455863834,-0.6837415200603186,0.6339705016529161
12.51439685600053,2026-09-24T00:03:15.993761+00:00,0.041811083029311136,0.03728986531496048,0.0,12.499416933002067,12.529376778998994,12.354155540000647,12.499416232007206,0.001349084312941023,0.0325927734375,0.041015625,16384,5.12e-07,0.008388608,64,True,0.46566128730773926,0.3599853515625,0.3599853515625,105365.0,1826.0,5200.0,28592.0,0.01662672,0.0007098742,-0.18576251313210645,-0.30649448460790335,0.9335702542496626,0.9149134,-1.05784,0.6021244,-0.16995661248224017,-0.28041591099386454,0.8541359354544232
12.68750902049942,2026-09-24T00:03:16.164609+00:00,0.16344634392205765,0.15901648253202438,0.0,12.674792764999438,12.7002252759994,12.530595254007494,12.674792364006862,0.002214382181032656,0.1533203125,0.1639404296875,16384,5.12e-07,0.008388608,64,True,0.46566128730773926,0.3599853515625,0.3599853515625,105549.0,1848.0,5840.0,27328.0,0.0166399,0.0007085661,-0.17077097643398034,-0.6994218418195153,0.6940074645085469,0.9228408,-0.9051356,0.3835202,-0.15759442450911557,-0.6454550120421949,0.6404584037530391
12.857654899504269,2026-09-24T00:03:16.335086+00:00,0.33131762657379044,0.3286103904247284,0.0,12.844606494007166,12.87070330500137,12.701356186007615,12.84460614300042,0.002638208405912364,0.322021484375,0.33447265625,16384,5.12e-07,0.008388608,64,True,0.46566128730773926,0.3599853515625,0.3599853515625,105715.0,1868.0,8768.0,25216.0,0.01661927,0.0007151823,-0.05854615111507578,-0.9562771526645877,-0.2865420658146367,0.9330296,-0.8159715,-0.1453078,-0.05462529195643871,-0.8922348892397792,-0.26735222905020417
13.027966687499429,2026-09-24T00:03:16.504342+00:00,0.5063076110679867,0.504330962896347,0.0,13.015975303002051,13.039958071996807,12.871869201000663,13.01597483200021,0.002411222688319325,0.497802734375,0.509521484375,16384,5.12e-07,0.008388608,64,True,0.46566128730773926,0.3599853515625,0.3599853515625,105881.0,1888.0,5440.0,29392.0,0.0166077,0.0007086156,0.098587899690511,0.18161422217881212,-0.9784154027492611,0.9187524,0.5367325,-0.6813244,0.09057786945161625,0.16685850250091688,-0.8989214994728503
13.199632977506553,2026-09-24T00:03:16.678227+00:00,0.6465758993542728,0.6473157554864883,0.0,13.185422829003073,13.213843126010033,13.040968154004076,13.18542173699825,0.001667734179534977,0.6416015625,0.6517333984375,16384,5.12e-07,0.008388608,64,True,0.46566128730773926,0.3599853515625,0.3599853515625,106063.0,1910.0,9744.0,24336.0,0.01657642,0.0006997463,-0.001397170377856439,0.9833174646392732,0.18189230783715715,0.9458688,0.7861086,0.09145526,-0.0013215398686986163,0.9300893102973917,0.17204625894316242
13.37243489750108,2026-09-24T00:03:16.849124+00:00,0.7162264783642796,0.7167604342103004,0.0,13.360129591004807,13.384740203997353,13.214927788008936,13.360129180000513,0.0009000174347216838,0.7122802734375,0.719482421875,16384,5.12e-07,0.008388608,64,True,0.46566128730773926,0.3599853515625,0.3599853515625,106229.0,1930.0,5200.0,28752.0,0.01659615,0.000709944,-0.15289510417631982,0.3070434086841507,0.9393335043010709,0.9122748,1.016405,0.610341,-0.13948235058343134,0.28010796424865186,0.8569302847695586
13.544053965997591,2026-09-24T00:03:17.020983+00:00,0.697175867893683,0.6982645392417908,0.0,13.53150785699836,13.556600074996823,13.387252154003363,13.5315074359969,0.0011770955586681267,0.693603515625,0.701416015625,16384,5.12e-07,0.008388608,64,True,0.46566128730773926,0.3599853515625,0.3599853515625,106395.0,1950.0,5248.0,28800.0,0.01662568,0.0007089265,-0.18259040318267358,-0.15155830493768632,0.9714375043563039,0.9190164,-1.224399,0.6656077,-0.16780357500748921,-0.1392845677939347,0.8927669980785147
13.71365073450579,2026-09-24T00:03:17.189556+00:00,0.5964894429874548,0.5976274535059929,0.0,13.70212751100189,13.725173958009691,13.55780073600181,13.70212704000005,0.0020213354345447678,0.591796875,0.6021728515625,16384,5.12e-07,0.008388608,64,True,0.46566128730773926,0.3599853515625,0.3599853515625,106578.0,1972.0,5200.0,28848.0,0.01661375,0.0007107934,-0.16951479118261234,0.20549439682543327,0.9638655447953655,0.9087228,1.130272,0.6505757,-0.1540419556848788,0.18673744366751885,0.8758865966899699
13.882771357501042,2026-09-24T00:03:17.358480+00:00,0.4392437950897455,0.4395972341299057,0.0,13.871446106000803,13.89409660900128,13.726187427004334,13.871445876007783,0.0025590314452603614,0.432373046875,0.4451904296875,16384,5.12e-07,0.008388608,64,True,0.46566128730773926,0.3599853515625,0.3599853515625,106744.0,1992.0,8496.0,26320.0,0.01659633,0.0007296063,-0.077809408423274,0.9075697271893416,0.4126292358162282,0.8837408,0.8281605,0.2126693,-0.0687633488475109,0.8020563967620905,0.36465729096362215
14.050861670002632,2026-09-24T00:03:17.527156+00:00,0.2640302540232171,0.2626607194542885,0.0,14.03895094699692,14.062772393008345,13.895126126997638,14.038950515998295,0.0026014692293150755,0.255859375,0.2681884765625,16384,5.12e-07,0.008388608,64,True,0.46566128730773926,0.3599853515625,0.3599853515625,106910.0,2012.0,6224.0,29024.0,0.0166158,0.0007264229,0.08026785101287956,0.6118448579226529,-0.786894492246186,0.8993064,0.7201757,-0.4528801,0.07218539213012906,0.5502359965369324,-0.7076592530017454
14.222244162003335,2026-09-24T00:03:17.700523+00:00,0.10906356611405976,0.10556555539369583,0.0,14.208349813008681,14.23613851099799,14.063780441996641,14.208349421998719,0.002004962561253932,0.0994873046875,0.110107421875,16384,5.12e-07,0.008388608,64,True,0.46566128730773926,0.3599853515625,0.3599853515625,107076.0,2032.0,6368.0,27664.0,0.01658332,0.0006889364,0.03570627097639087,-0.7502861205024391,-0.6601483163610735,0.9554144,-0.761621,-0.3605081,0.03411428546114589,-0.7168341636481655,-0.6307152075871252
14.39490422950621,2026-09-24T00:03:17.872231+00:00,0.015484678150727238,0.010751448571681976,0.0,14.38196177300415,14.40784668600827,14.237216980996891,14.381961392005906,0.0009794670259184294,0.006591796875,0.01318359375,16384,5.12e-07,0.008388608,64,True,0.46566128730773926,0.3599853515625,0.3599853515625,107259.0,2054.0,9616.0,61008.0,0.01660043,0.0006974672,-0.14951364971232087,-0.8089691947539002,0.5685195779293161,0.9327292,-0.876777,0.3023526,-0.13945574688525328,-0.7545491898474496,0.5302748111063487
14.567511673005356,2026-09-24T00:03:18.046173+00:00,0.00795751901386127,0.0032038837671279907,0.0,14.553234138002153,14.581789208008558,14.40897822700208,14.553233757003909,0.0008298077812430563,-0.000244140625,0.0054931640625,16384,5.12e-07,0.008388608,64,True,0.46566128730773926,0.3599853515625,0.3599853515625,107425.0,2074.0,5184.0,28544.0,0.01658825,0.0007082556,-0.18506983399971808,-0.3651254322873105,0.912377430255879,0.9156078,-1.019961,0.5745274,-0.16945138355484707,-0.3343116937806333,0.8353798916862388
14.73917588450422,2026-09-24T00:03:18.215830+00:00,0.08767086223156761,0.08272707462310791,0.0,14.726905268005794,14.751446501002647,14.582808067003498,14.72690493700793,0.001799207475104166,0.077392578125,0.0869140625,16384,5.12e-07,0.008388608,64,True,0.46566128730773926,0.3599853515625,0.3599853515625,107607.0,2096.0,5248.0,28224.0,0.01663513,0.0007105658,-0.1832063916573879,-0.4840075256470153,0.8556705751473132,0.919115,-0.9663246,0.5134226,-0.16838774266818007,-0.4448585769350565,0.7864596606765227
14.910378413005674,2026-09-24T00:03:18.388031+00:00,0.23419224116054724,0.23105011880397797,0.0,14.897109352008556,14.923647474002792,14.75273963600921,14.89710882100917,0.0025033844375224453,0.2249755859375,0.2364501953125,16384,5.12e-07,0.008388608,64,True,0.46566128730773926,0.3599853515625,0.3599853515625,107774.0,2116.0,9280.0,23360.0,0.01663385,0.0007125956,-0.12272744544209888,-0.9759520701821149,0.18015418630301286,0.9218436,-0.8479456,0.0905716,-0.11313551012514801,-0.8996751698041334,0.16607398365664006
15.082274742002483,2026-09-24T00:03:18.558315+00:00,0.41234516702944435,0.4092653840780258,0.0,15.07061746600084,15.093932018004125,14.926274942001328,15.070616994999,0.0025659977509504576,0.4022216796875,0.414794921875,16384,5.12e-07,0.008388608,64,True,0.46566128730773926,0.3599853515625,0.3599853515625,107940.0,2136.0,5648.0,29200.0,0.01664738,0.0007117635,0.049703963751500845,-0.4477195016244834,-0.8927915567771201,0.9219112,-0.7301166,-0.5517523,0.045822640866902645,-0.4127576230060294,-0.8230745354582629
15.25157626550208,2026-09-24T00:03:18.728052+00:00,0.575346808356934,0.5742374882102013,0.0,15.239484531004564,15.263667999999598,15.094954975007568,15.23948389000725,0.0021400814892461885,0.5684814453125,0.5789794921875,16384,5.12e-07,0.008388608,64,True,0.46566128730773926,0.3599853515625,0.3599853515625,108107.0,2156.0,8304.0,27296.0,0.01665478,0.0007058326,0.0708221189158099,0.8739824472048265,-0.4807690812127351,0.9360946,0.7449696,-0.2507658,0.06629620307764751,0.8181302493232232,-0.45004534077020275
15.424214862003282,2026-09-24T00:03:18.903050+00:00,0.6880397043672035,0.6885697171092033,0.0,15.409764766998705,15.438664957007859,15.264811412998824,15.4097642859997,0.001462580029007211,0.68359375,0.6922607421875,16384,5.12e-07,0.008388608,64,True,0.46566128730773926,0.3599853515625,0.3599853515625,108289.0,2178.0,5424.0,28288.0,0.01664588,0.0007097959,-0.12454911367980359,0.5421897715176722,0.8309739887284016,0.9179556,0.898297,0.4904281,-0.11433055637741231,0.4977061370273677,0.7627972264075731
15.596565306004777,2026-09-24T00:03:19.073230+00:00,0.7188222035128069,0.7198758348822594,0.0,15.584283504009363,15.608847108000191,15.439755040002638,15.58428301299864,0.0009559268163963505,0.715576171875,0.722412109375,16384,5.12e-07,0.008388608,64,True,0.46566128730773926,0.3599853515625,0.3599853515625,108456.0,2198.0,5200.0,28688.0,0.01670068,0.0007139891,-0.19090415441266748,-0.24846110702917168,0.9496434499967991,0.9081836,-1.112968,0.626048,-0.17337602220945222,-0.22564830264173844,0.8624506071345129
15.766329980498995,2026-09-24T00:03:19.242454+00:00,0.6617677097003067,0.6632158234715462,0.0,15.75458906700078,15.77807089399721,15.61003783000342,15.75458864599932,0.0015792569780148154,0.6580810546875,0.667236328125,16384,5.12e-07,0.008388608,64,True,0.46566128730773926,0.3599853515625,0.3599853515625,108623.0,2218.0,5200.0,28512.0,0.01668068,0.0007046181,-0.17849968929980653,-0.3415858259754296,0.9227442681548101,0.9171842,-1.026165,0.5875706,-0.16371709473069163,-0.3132971225286136,0.846326463392155
15.939726649005024,2026-09-24T00:03:19.417852+00:00,0.5284059825397727,0.5277255028486252,0.0,15.925985303008929,15.95346799500112,15.779291152008227,15.92598485200142,0.0023865482854982046,0.5216064453125,0.5328369140625,16384,5.12e-07,0.008388608,64,True,0.46566128730773926,0.3599853515625,0.3599853515625,108790.0,2238.0,5200.0,28880.0,0.01667982,0.0007128967,-0.16553828832406003,0.21889335430811346,0.9616042712771626,0.9099268,1.109143,0.6463946,-0.15062772497218932,0.1991769294268479,0.8749894974295606
16.111472584503645,2026-09-24T00:03:19.587459+00:00,0.3543556797434573,0.3536200597882271,0.0,16.09986916500202,16.12307600400527,15.9547243709967,16.099868122997577,0.002638961938102342,0.3466796875,0.359375,16384,5.12e-07,0.008388608,64,True,0.46566128730773926,0.3599853515625,0.3599853515625,108973.0,2260.0,11472.0,23904.0,0.01666215,0.0007250887,0.00035704245066504696,0.9997637830267746,0.021731329197283458,0.927286,0.7852196,0.01086652,0.00033108046590738877,0.9270669593077657,0.02015115732603219
16.282402433505922,2026-09-24T00:03:19.760336+00:00,0.18244447991026116,0.1786421239376068,0.0,16.268852348002838,16.295952519009006,16.1241569200065,16.26885197700176,0.002282312898463111,0.17236328125,0.183349609375,16384,5.12e-07,0.008388608,64,True,0.46566128730773926,0.3599853515625,0.3599853515625,109140.0,2280.0,5424.0,29328.0,0.01658963,0.0007124789,0.10379690427711429,0.14974120487083697,-0.9832618035021586,0.9132398,0.4823327,-0.6937873,0.094791464102651,0.1367496279880022,-0.8979538127779507
16.453209315004642,2026-09-24T00:03:19.929328+00:00,0.0540889306249161,0.050628043711185455,0.0,16.441473571001552,16.464945059007732,16.297027423002874,16.441473040002165,0.0015256705974990758,0.045654296875,0.0543212890625,16384,5.12e-07,0.008388608,64,True,0.46566128730773926,0.3599853515625,0.3599853515625,109306.0,2300.0,8432.0,24896.0,0.01661882,0.0006943658,-0.03991946640011454,-0.9588441879259337,-0.28111253882206494,0.937941,-0.8062026,-0.1424766,-0.03744210423478983,-0.8993392764674383,-0.2636669757753064
16.623888796508254,2026-09-24T00:03:20.101620+00:00,0.000562521639301039,-0.004394449293613434,0.0,16.610540852008853,16.637236741007655,16.466138356001466,16.610540321009466,0.0006846445071473135,-0.0076904296875,-0.002685546875,16384,5.12e-07,0.008388608,64,True,0.46566128730773926,0.3599853515625,0.3599853515625,109472.0,2320.0,9168.0,63024.0,0.01663622,0.000705139,-0.17498644968897975,-0.7508697772255603,0.6368471716781694,0.9330614,-0.8998774,0.345201,-0.16327310172782902,-0.7006076055557694,0.5942175135920731
16.793796459503938,2026-09-24T00:03:20.269518+00:00,0.03447389745264806,0.029147885739803314,0.0,16.78246377001051,16.805129148997366,16.638417986003333,16.782463359006215,0.0012633403476212746,0.02490234375,0.0321044921875,16384,5.12e-07,0.008388608,64,True,0.46566128730773926,0.3599853515625,0.3599853515625,109655.0,2342.0,5248.0,28176.0,0.0166428,0.000708304,-0.1854481347184387,-0.45286303800500805,0.8720803048678065,0.9184058,-0.9797334,0.5297187,-0.1703166425245955,-0.41591204070941984,0.8009236100563618
16.96430617700389,2026-09-24T00:03:20.442847+00:00,0.14769771290546693,0.14486653357744217,0.0,16.950148778007133,16.97846357600065,16.80620106800052,16.95014810700377,0.002187184487102379,0.1390380859375,0.14990234375,16384,5.12e-07,0.008388608,64,True,0.46566128730773926,0.3599853515625,0.3599853515625,109822.0,2362.0,6112.0,26464.0,0.01667887,0.0007059509,-0.16346179258102717,-0.7678500814378729,0.6194243253231577,0.9147184,-0.8902738,0.3340046,-0.14952150937084904,-0.7023665979327208,0.5665988277806784
17.13583745250071,2026-09-24T00:03:20.612314+00:00,0.3137367512037012,0.3102133944630623,0.0,17.123743914999068,17.14793099000235,16.97954306800966,17.1237427629967,0.0026801016037019064,0.3037109375,0.315673828125,16384,5.12e-07,0.008388608,64,True,0.46566128730773926,0.3599853515625,0.3599853515625,109939.0,2376.0,10512.0,22368.0,0.01667432,0.0007078165,-0.08555190472479844,-0.9963283106191252,0.0032816241099720505,0.9438772,-0.8282267,0.001640815,-0.08075049228630952,-0.9404115761079102,0.003097450176372911
17.306954222003696,2026-09-24T00:03:20.783787+00:00,0.49077558371391083,0.4886057376861572,0.0,17.294505124998977,17.319403319008416,17.14899237800273,17.29450452400488,0.002399762943942974,0.482177734375,0.493896484375,16384,5.12e-07,0.008388608,64,True,0.46566128730773926,0.3599853515625,0.3599853515625,110172.0,2404.0,5552.0,29376.0,0.01662915,0.0007081196,0.10423028144087565,0.31298943656166356,-0.944019947369529,0.9211144,0.624666,-0.6173055,0.09600801315124331,0.2882990770648348,-0.8695503674093152
17.478749054505897,2026-09-24T00:03:20.957181+00:00,0.636168248594259,0.6364923715591431,0.0,17.464700661003008,17.492797448008787,17.320539669002756,17.464700311000342,0.0017408501450636466,0.631591796875,0.640869140625,16384,5.12e-07,0.008388608,64,True,0.46566128730773926,0.3599853515625,0.3599853515625,110338.0,2424.0,9472.0,25120.0,0.0166692,0.000707861,-0.00991464161275369,0.9825411468598962,0.18578103942257,0.928644,0.7904434,0.09343334,-0.009207172445834038,0.9124309407845616,0.17252444757353308
17.651301116507966,2026-09-24T00:03:21.129046+00:00,0.7133925987689034,0.7142756134271622,0.0,17.637940137006808,17.664662096009124,17.493908139003906,17.63793976700981,0.0009445067148583448,0.7099609375,0.7171630859375,16384,5.12e-07,0.008388608,64,True,0.46566128730773926,0.3599853515625,0.3599853515625,110504.0,2444.0,5200.0,28800.0,0.0166563,0.0007128706,-0.16104657587083138,0.253637031843771,0.9537988553556574,0.9103304,1.068259,0.6328181,-0.14660559383112426,0.2308935006531528,0.8682720935154578
17.82250626750465,2026-09-24T00:03:21.298619+00:00,0.7028713417022838,0.7040877565741539,0.0,17.810776565005654,17.834235970003647,17.667281267000362,17.810776044003433,0.001190275496489768,0.69921875,0.7071533203125,16384,5.12e-07,0.008388608,64,True,0.46566128730773926,0.3599853515625,0.3599853515625,110687.0,2466.0,5200.0,28496.0,0.01664648,0.0007059548,-0.1782568265135285,-0.30928184529819525,0.9341141493255891,0.9187702,-1.046825,0.6028847,-0.1637770601471999,-0.2841589428609919,0.8582362437987013
17.993087597998965,2026-09-24T00:03:21.470941+00:00,0.608573136180556,0.6083396747708321,0.0,17.97961724799825,18.00655794799968,17.83531346800737,17.979616787008126,0.001996200116385175,0.6029052734375,0.6129150390625,16384,5.12e-07,0.008388608,64,True,0.46566128730773926,0.3599853515625,0.3599853515625,110854.0,2486.0,5248.0,28864.0,0.01663998,0.0007137217,-0.18113144989543012,-0.0074546218033012136,0.9834306414143038,0.911306,-1.55023,0.6942518,-0.16506617707840482,-0.006793441577079215,0.8962062441047035
18.16382265900029,2026-09-24T00:03:21.640038+00:00,0.45347162393894186,0.45353540033102036,0.0,18.151991245002137,18.17565407299844,18.007669801998418,18.15199081400351,0.002567705709908386,0.4466552734375,0.4588623046875,16384,5.12e-07,0.008388608,64,True,0.46566128730773926,0.3599853515625,0.3599853515625,111020.0,2506.0,6640.0,27760.0,0.01659402,0.0007311737,-0.11763110051454717,0.7661071658413178,0.631856577585705,0.9026528,0.8615752,0.3419731,-0.10618004224653745,0.6915287783467299,0.5703471089561539
18.334727649009437,2026-09-24T00:03:21.813641+00:00,0.2753484039491921,0.27160564810037613,0.0,18.320198134009843,18.349257164009032,18.17665064900939,18.320197752997046,0.002569403619170926,0.264892578125,0.277099609375,16384,5.12e-07,0.008388608,64,True,0.46566128730773926,0.3599853515625,0.3599853515625,111186.0,2526.0,7632.0,27712.0,0.01658557,0.0007232941,0.07076479036655696,0.8160398716106417,-0.5736473414791221,0.9083306,0.7421477,-0.3054759,0.0642778244925289,0.7412339862040171,-0.5210614338741358
18.506140627003333,2026-09-24T00:03:21.982746+00:00,0.11755471619358257,0.11465609073638916,0.0,18.49391878800816,18.518362465998507,18.350323021004442,18.493916984007228,0.0020141753642669005,0.1090087890625,0.119384765625,16384,5.12e-07,0.008388608,64,True,0.46566128730773926,0.3599853515625,0.3599853515625,111369.0,2548.0,6048.0,28336.0,0.01662675,0.0006990387,0.0347426401317249,-0.6860881048255771,-0.7266884211087482,0.938269,-0.7601004,-0.4067445,0.03259794221375339,-0.6437352000265895,-0.6818292181852841
18.67663867599913,2026-09-24T00:03:22.153648+00:00,0.01978565120852227,0.015298992395401001,0.0,18.664012510998873,18.689264840999385,18.51946374900581,18.664012089997414,0.001053585637286343,0.01123046875,0.0179443359375,16384,5.12e-07,0.008388608,64,True,0.46566128730773926,0.3599853515625,0.3599853515625,111535.0,2568.0,12368.0,57680.0,0.0166138,0.0006972738,-0.13575315011160752,-0.8994839768750111,0.4153307809203284,0.934064,-0.8602946,0.2141532,-0.12680213040584856,-0.8401756013757804,0.3879455305495656
18.847709563000535,2026-09-24T00:03:22.325437+00:00,0.005034445845488622,0.00015385448932647705,0.0,18.834365150003578,18.861053975997493,18.690407121001044,18.83436479899683,0.0007654691932593001,-0.00341796875,0.002197265625,16384,5.12e-07,0.008388608,64,True,0.46566128730773926,0.3599853515625,0.3599853515625,111701.0,2588.0,5200.0,28368.0,0.01666852,0.0007047925,-0.1828142472852852,-0.40384906876668364,0.8963731815743915,0.9212508,-0.9979382,0.5557596,-0.16841777156296683,-0.3720462776805623,0.8257845106239534
19.018617382498633,2026-09-24T00:03:22.494668+00:00,0.07726015112028195,0.07194424420595169,0.0,19.006950142997084,19.03028462200018,18.862039461004315,19.00694979200489,0.0016928396790503223,0.0667724609375,0.0758056640625,16384,5.12e-07,0.008388608,64,True,0.46566128730773926,0.3599853515625,0.3599853515625,111884.0,2610.0,5216.0,28400.0,0.01663933,0.0007110659,-0.19320447600747143,-0.4518375207503794,0.8709276004885991,0.920701,-0.9874324,0.5285434,-0.17788355426455496,-0.41600725719239506,0.8018639126974536
19.187631101005536,2026-09-24T00:03:22.663868+00:00,0.2168871602721956,0.2122177630662918,0.0,19.175779454002623,19.19948274800845,19.031465456006117,19.175776778996806,0.0023700358317332876,0.2061767578125,0.2176513671875,16384,5.12e-07,0.008388608,64,True,0.46566128730773926,0.3599853515625,0.3599853515625,112051.0,2630.0,7696.0,24608.0,0.01664788,0.0007097037,-0.13975416167985577,-0.9247057539599763,0.35410174086902263,0.9231068,-0.8603974,0.1809767,-0.1290080169749743,-0.8536021694795811,0.3268737248880327
19.358668440501788,2026-09-24T00:03:22.837481+00:00,0.3929226416517812,0.3918904662132263,0.0,19.34423898899695,19.373097892006626,19.20052788600151,19.34423851899919,0.002662846357632926,0.3856201171875,0.3975830078125,16384,5.12e-07,0.008388608,64,True,0.46566128730773926,0.3599853515625,0.3599853515625,112184.0,2646.0,11792.0,63312.0,0.0166102,0.0007163051,-0.020964383342950674,-0.8339795688444135,-0.551396929063933,0.9153074,-0.7979644,-0.2920189,-0.01918885521023949,-0.7633476708121011,-0.5046976895094929
19.532339826007956,2026-09-24T00:03:23.010070+00:00,0.5631765712991841,0.5627497509121895,0.0,19.518992748009623,19.54568690400629,19.374300116003724,19.51899233700533,0.002327632103531391,0.55615234375,0.5673828125,16384,5.12e-07,0.008388608,64,True,0.46566128730773926,0.3599853515625,0.3599853515625,112383.0,2670.0,6672.0,28624.0,0.01663528,0.0007012871,0.10643283446979149,0.708151406510881,-0.6979925767537839,0.9375464,0.7108081,-0.3862952,0.09978572079894892,0.6639248018292131,-0.6544004275622338
19.706190597004024,2026-09-24T00:03:23.184664+00:00,0.6821699976406235,0.682718962430954,0.0,19.692100785003277,19.720280409004772,19.54679452900018,19.692100164000294,0.001332722616749656,0.6773681640625,0.6864013671875,16384,5.12e-07,0.008388608,64,True,0.46566128730773926,0.3599853515625,0.3599853515625,112566.0,2692.0,6496.0,27408.0,0.01663767,0.0007070318,-0.08162862859246224,0.7730768760281685,0.6290380836997403,0.9258486,0.8379979,0.3401576,-0.07557575150225114,0.7157521433630534,0.5823940291400874
19.879685519001214,2026-09-24T00:03:23.359299+00:00,0.7196024050326615,0.7206208854913712,0.0,19.864456808005343,19.894914229997084,19.72139515800518,19.86445584600733,0.0008253298496325644,0.7164306640625,0.7230224609375,16384,5.12e-07,0.008388608,64,True,0.46566128730773926,0.3599853515625,0.3599853515625,112733.0,2712.0,5248.0,28880.0,0.01662878,0.0007129574,-0.176082626810581,0.029086921995455598,0.9839455571851097,0.9092102,1.488941,0.6956831,-0.16009612033897372,0.02644612616487258,0.894613336837385
20.05520891600463,2026-09-24T00:03:23.534178+00:00,0.6652156802221703,0.6654620319604874,0.0,20.040623906999826,20.069793925009435,19.896188560000155,20.040623225009767,0.001567331139197016,0.66015625,0.669189453125,16384,5.12e-07,0.008388608,64,True,0.46566128730773926,0.3599853515625,0.3599853515625,112916.0,2734.0,5248.0,28816.0,0.01665117,0.0007069254,-0.17841187800396602,-0.11128855251142238,0.977642091906343,0.9104186,-1.291938,0.6794696,-0.16242949219574154,-0.10131916817347564,0.890063544614444
20.2261795345039,2026-09-24T00:03:23.702150+00:00,0.5362787615618878,0.5370812192559242,0.0,20.214592656004243,20.237766413003555,20.070909055008087,20.214592235002783,0.0023003267732008867,0.530517578125,0.54248046875,16384,5.12e-07,0.008388608,64,True,0.46566128730773926,0.3599853515625,0.3599853515625,113082.0,2754.0,5360.0,28624.0,0.01662908,0.0007154192,-0.14224633602442902,0.48290991395437216,0.8640393479999658,0.9098746,0.9286278,0.5216195,-0.12942632809169294,0.4393874647952688,0.7861674561457297
20.397136852501717,2026-09-24T00:03:23.875842+00:00,0.364153847222422,0.36123307794332504,0.0,20.382815695003956,20.41145800999948,20.238786754009197,20.382815114004188,0.0025998309458282985,0.3544921875,0.3670654296875,16384,5.12e-07,0.008388608,64,True,0.46566128730773926,0.3599853515625,0.3599853515625,113249.0,2774.0,10928.0,24352.0,0.01666255,0.0007365001,-0.0034291167365819004,0.995769045774186,-0.09182727610233189,0.894655,0.78712,-0.04597841,-0.00306787643396668,0.8908697556471044,-0.08215373170133174
20.569187446002616,2026-09-24T00:03:24.045894+00:00,0.18999167599617453,0.18764539808034897,0.0,20.55686422700819,20.58151066499704,20.4125574100035,20.556862614001147,0.0023493887590594837,0.18115234375,0.19287109375,16384,5.12e-07,0.008388608,64,True,0.46566128730773926,0.3599853515625,0.3599853515625,113432.0,2796.0,5392.0,29360.0,0.01663872,0.000706953,0.08960168682783755,-0.18339456587436284,-0.9789473790379951,0.923876,-0.5581659,-0.6826195,0.08278084801975524,-0.16943383794174285,-0.9044259887561068
20.742493425008433,2026-09-24T00:03:24.221617+00:00,0.05728676548145917,0.052970901131629944,0.0,20.727753865008708,20.75723298500816,20.582737275006366,20.72775323400856,0.0015473888899025967,0.0479736328125,0.056640625,16384,5.12e-07,0.008388608,64,True,0.46566128730773926,0.3599853515625,0.3599853515625,113582.0,2814.0,10224.0,22384.0,0.01663627,0.0006730874,-0.02866225612105517,-0.9971983081819775,-0.06909420549548806,0.967064,-0.7997656,-0.03457465,-0.027718236053452097,-0.964354584703696,-0.06681851874328866
20.915778346497973,2026-09-24T00:03:24.393509+00:00,0.0007582425604864551,-0.004129283130168915,0.0,20.902431178998086,20.92912551399786,20.75846701899718,20.90243085900147,0.0006888837485602428,-0.0072021484375,-0.002685546875,16384,5.12e-07,0.008388608,64,True,0.46566128730773926,0.3599853515625,0.3599853515625,113781.0,2838.0,5184.0,28464.0,0.0166452,0.0007033746,-0.180595809798614,-0.3613180140639972,0.9147865577259167,0.9235428,-1.017152,0.5774896,-0.16678795984967942,-0.33369265039910334,0.8448445389245547
21.091746184509248,2026-09-24T00:03:24.570578+00:00,0.03582770339160596,0.031699031591415405,0.0,21.077298700009123,21.10619366900937,20.932292939003673,21.07729833900521,0.0012961392381547854,0.0272216796875,0.034912109375,16384,5.12e-07,0.008388608,64,True,0.46566128730773926,0.3599853515625,0.3599853515625,113948.0,2858.0,5248.0,28816.0,0.01669445,0.000711073,-0.18110511062102236,-0.07738396486791353,0.980414535228986,0.9109486,-1.368893,0.6862777,-0.16497744697306543,-0.07049281445887502,0.8931072482864955
21.26236668650381,2026-09-24T00:03:24.738316+00:00,0.15033753779910794,0.1454489603638649,0.0,21.25080090800475,21.273932465002872,21.10741023000446,21.250800317007815,0.0021629625231410422,0.1392822265625,0.1502685546875,16384,5.12e-07,0.008388608,64,True,0.46566128730773926,0.3599853515625,0.3599853515625,114131.0,2880.0,5440.0,27696.0,0.0166238,0.0007065382,-0.17550865373095478,-0.6100158731011897,0.7727078018437118,0.9202012,-0.9254708,0.441548,-0.16150327377360907,-0.5613373384467625,0.7110466465059458
21.43112353500328,2026-09-24T00:03:24.907323+00:00,0.3140697532548289,0.31020352244377136,0.0,21.41930852200312,21.44293854800344,21.27493341000809,21.419307960997685,0.0026704518232253008,0.302978515625,0.3157958984375,16384,5.12e-07,0.008388608,64,True,0.46566128730773926,0.3599853515625,0.3599853515625,114264.0,2896.0,9760.0,22832.0,0.01660672,0.0007047858,-0.09093122725387542,-0.9935851469682713,0.06723144825260582,0.942662,-0.8310302,0.0336411,-0.08571741254559272,-0.9366149618114046,0.06337653147269791
21.602070538006956,2026-09-24T00:03:25.080599+00:00,0.4909218020344291,0.49040961265563965,0.0,21.587926434003748,21.616214642010164,21.44405130400264,21.58792577299755,0.0024306076997691107,0.484375,0.495849609375,16384,5.12e-07,0.008388608,64,True,0.46566128730773926,0.3599853515625,0.3599853515625,114463.0,2920.0,5424.0,29328.0,0.01665063,0.0007083724,0.09551600728626204,0.08234582695705084,-0.9920160568936625,0.9191424,0.3557429,-0.722174,0.08779281217551238,0.0756875410192884,-0.9118040193717775
21.773825337004382,2026-09-24T00:03:25.250501+00:00,0.6362418615450722,0.6360176354646683,0.0,21.761533912009327,21.786116761999438,21.617290608002804,21.7615334810107,0.0017812150566877594,0.630615234375,0.640380859375,16384,5.12e-07,0.008388608,64,True,0.46566128730773926,0.3599853515625,0.3599853515625,114630.0,2940.0,11248.0,23472.0,0.01663823,0.0007089235,0.007601678784738818,0.999790285118909,0.019015789794385767,0.9390174,0.7815966,0.009508468,0.007138108648080605,0.9388204740776166,0.017856157491670657
21.94610661700426,2026-09-24T00:03:25.424817+00:00,0.7133601303528301,0.7143365517258644,0.0,21.931780511004035,21.960432723004487,21.787161829997785,21.93177939900488,0.0009492713069485701,0.7098388671875,0.71728515625,16384,5.12e-07,0.008388608,64,True,0.46566128730773926,0.3599853515625,0.3599853515625,114796.0,2960.0,5200.0,28688.0,0.01665197,0.0007092553,-0.14350745966806153,0.34784862437822955,0.9265025329365231,0.9149812,0.9810404,0.5925046,-0.13130662765603454,0.31827495175194176,0.8477323993892995
22.12067222850601,2026-09-24T00:03:25.599764+00:00,0.7018303424227007,0.702522337436676,0.0,22.105965305003338,22.13537915200868,21.961543865996646,22.10596482400433,0.00115940402977467,0.69775390625,0.7064208984375,16384,5.12e-07,0.008388608,64,True,0.46566128730773926,0.3599853515625,0.3599853515625,114979.0,2982.0,5200.0,28688.0,0.01664157,0.0007077002,-0.18005416759354587,-0.20664289343007852,0.9617064059925152,0.9175336,-1.143772,0.6465808,-0.16520574858710946,-0.18960179792331627,0.882397940833374
22.292407981505676,2026-09-24T00:03:25.768366+00:00,0.6052368565222753,0.6062611266970634,0.0,22.28083270500065,22.303983258010703,22.136658041010378,22.280832294010906,0.0019490739033156828,0.600341796875,0.6109619140625,16384,5.12e-07,0.008388608,64,True,0.46566128730773926,0.3599853515625,0.3599853515625,115145.0,3002.0,5232.0,28864.0,0.01665057,0.0007099889,-0.17666295406724228,0.003483300235220434,0.9842652423405526,0.9142864,1.560939,0.6965832,-0.16152053628750432,0.003184734032178844,0.8999003250646714
22.461110948999703,2026-09-24T00:03:25.937175+00:00,0.4511087531552542,0.45126422494649887,0.0,22.44943037899793,22.472791519001476,22.304996756996843,22.449429878004594,0.0026229628926847624,0.4444580078125,0.4571533203125,16384,5.12e-07,0.008388608,64,True,0.46566128730773926,0.3599853515625,0.3599853515625,115328.0,3024.0,7600.0,26560.0,0.01662658,0.0007264897,-0.08475992152233353,0.8633086101798916,0.4975077881730012,0.8893486,0.8343315,0.2603617,-0.0753811175419972,0.7677823038314323,0.4424578549007552
22.631917111000803,2026-09-24T00:03:26.109600+00:00,0.27307530314498085,0.270727202296257,0.0,22.618617172003724,22.645217049997882,22.473930794003536,22.618616852007108,0.0026029489089113293,0.263916015625,0.276123046875,16384,5.12e-07,0.008388608,64,True,0.46566128730773926,0.3599853515625,0.3599853515625,115494.0,3044.0,6480.0,28704.0,0.01662805,0.0007221302,0.084439943503841,0.6667207410536505,-0.7405088449099978,0.8995042,0.7224087,-0.4169136,0.0759540838294677,0.599718106804871,-0.6660908161336916
22.80315614850406,2026-09-24T00:03:26.279135+00:00,0.11596431636124663,0.1132107600569725,0.0,22.79156062900438,22.814751668003737,22.646307322997018,22.79156015800254,0.002024496199140607,0.1070556640625,0.117919921875,16384,5.12e-07,0.008388608,64,True,0.46566128730773926,0.3599853515625,0.3599853515625,115661.0,3064.0,6000.0,28176.0,0.01662958,0.0006985729,0.03423104201714617,-0.7042503920834333,-0.7091259556755419,0.9413122,-0.7611141,-0.3941289,0.0322220974694523,-0.6629194859229193,-0.667508913414047
22.975861442508176,2026-09-24T00:03:26.455640+00:00,0.018346580478185492,0.013719059526920319,0.0,22.960466925011133,22.99125596000522,22.815908457007026,22.960466543998336,0.001064456510293726,0.0096435546875,0.0164794921875,16384,5.12e-07,0.008388608,64,True,0.46566128730773926,0.3599853515625,0.3599853515625,115827.0,3084.0,12016.0,58320.0,0.01666758,0.0006846041,-0.10801542161190524,-0.9026835672287369,0.4165273654265764,0.964547,-0.8449452,0.2148111,-0.10418595086949836,-0.8706807267197765,0.40176022074010803
23.15195724950172,2026-09-24T00:03:26.630634+00:00,0.0067941042652270855,0.002206161618232727,0.0,23.137664560999838,23.166249938003602,22.992487559007714,23.1376640600065,0.0008582862142002283,-0.001220703125,0.00439453125,16384,5.12e-07,0.008388608,64,True,0.46566128730773926,0.3599853515625,0.3599853515625,116011.0,3106.0,5200.0,28544.0,0.01669213,0.000706118,-0.1839509156429276,-0.35284236312788747,0.9174226547325156,0.919549,-1.025685,0.5807771,-0.1691518805285384,-0.3244558421718858,0.8436150847366299
23.323478864003846,2026-09-24T00:03:26.799499+00:00,0.08382853733275974,0.07867559790611267,0.0,23.311842192008044,23.33511553599965,23.16731980300392,23.311841691000154,0.0017706725426475337,0.0733642578125,0.082763671875,16384,5.12e-07,0.008388608,64,True,0.46566128730773926,0.3599853515625,0.3599853515625,116178.0,3126.0,5200.0,28320.0,0.01666133,0.0007064418,-0.18288547869445387,-0.4588884400114932,0.8694678264930328,0.9233668,-0.9750218,0.527062,-0.16887037922856607,-0.42372235041040446,0.8028377246518269
23.494278062004014,2026-09-24T00:03:26.972123+00:00,0.2282565183253174,0.22478368878364563,0.0,23.48081621300662,23.50773991100141,23.336147688998608,23.480815602000803,0.0024207941963721893,0.21826171875,0.2303466796875,16384,5.12e-07,0.008388608,64,True,0.46566128730773926,0.3599853515625,0.3599853515625,116345.0,3146.0,7888.0,24624.0,0.01668752,0.0007113354,-0.1461363526577463,-0.9276774972608184,0.3435966057861967,0.9195256,-0.8635208,0.175372,-0.13437611735942576,-0.8530232072752524,0.315945875093516
23.66394356600358,2026-09-24T00:03:27.139663+00:00,0.40371729044633603,0.3998342305421829,0.0,23.652607430005446,23.675279702001717,23.508860590998665,23.652607169002295,0.00258239067249548,0.3936767578125,0.4053955078125,16384,5.12e-07,0.008388608,64,True,0.46566128730773926,0.3599853515625,0.3599853515625,116478.0,3162.0,11200.0,63680.0,0.01669638,0.0007162624,-0.02028130330979205,-0.8023983472530912,-0.5964440971805857,0.9178368,-0.7980334,-0.3195318,-0.018614926529688946,-0.7364707313680661,-0.5474383415351177
23.832286784003372,2026-09-24T00:03:27.309635+00:00,0.5674843454375816,0.5669688507914543,0.0,23.819322146009654,23.84525142199709,23.676353845003177,23.819321666000178,0.0021373047775065405,0.5609130859375,0.5718994140625,16384,5.12e-07,0.008388608,64,True,0.46566128730773926,0.3599853515625,0.3599853515625,116695.0,3188.0,8000.0,27280.0,0.01665237,0.0007038135,0.08006773695640443,0.8490731203584025,-0.5221723793763183,0.9294292,0.7383871,-0.2746981,0.0744172927052014,0.7891533509962138,-0.485322256825828
24.003797082004894,2026-09-24T00:03:27.482474+00:00,0.6834003658819121,0.6844022199511528,0.0,23.989503782999236,24.018090381010552,23.84632062500168,23.989502078999067,0.0013066062710616422,0.67919921875,0.68798828125,16384,5.12e-07,0.008388608,64,True,0.46566128730773926,0.3599853515625,0.3599853515625,116861.0,3208.0,5776.0,27856.0,0.01665948,0.0007112167,-0.10565821933926556,0.6755741983141315,0.7296820151670687,0.9191068,0.8629686,0.4089284,-0.09711118787061049,0.6209248395750667,0.6706557019777559
24.17691994550114,2026-09-24T00:03:27.654607+00:00,0.7194865070021643,0.7205652073025703,0.0,24.163616158999503,24.190223732002778,24.019139687006827,24.16361575901101,0.0008788443195646764,0.7166748046875,0.7230224609375,16384,5.12e-07,0.008388608,64,True,0.46566128730773926,0.3599853515625,0.3599853515625,117028.0,3228.0,5232.0,28800.0,0.01664677,0.0007114968,-0.18475824359593526,-0.13385798808164892,0.973625405610432,0.9107574,-1.257305,0.6703083,-0.16826993756600067,-0.12191215319447357,0.8867365429877025
24.34769531400525,2026-09-24T00:03:27.824028+00:00,0.6665929534628326,0.6679820120334625,0.0,24.33574653400865,24.35964409400185,24.191296311997576,24.335746023003594,0.001490903986726576,0.6627197265625,0.6719970703125,16384,5.12e-07,0.008388608,64,True,0.46566128730773926,0.3599853515625,0.3599853515625,117211.0,3250.0,5200.0,28496.0,0.01666578,0.0007023806,-0.17481055665778597,-0.2887449614274206,0.941311646869023,0.917016,-1.057594,0.6132477,-0.16030407742409628,-0.26478374954832756,0.8631978411652441
24.51688920450397,2026-09-24T00:03:27.993376+00:00,0.5401748119331865,0.5409030467271805,0.0,24.50478541800112,24.528992991006817,24.360727053004666,24.504785006996826,0.0022820278477009965,0.534912109375,0.5458984375,16384,5.12e-07,0.008388608,64,True,0.46566128730773926,0.3599853515625,0.3599853515625,117378.0,3270.0,5200.0,28832.0,0.01666168,0.0007160887,-0.16733650002816905,0.2746026886784161,0.9468853463481772,0.9056444,1.059041,0.6217039,-0.15154736416611114,0.24869238722655093,0.8575414113622871
24.689031413006887,2026-09-24T00:03:28.167372+00:00,0.36738980190906584,0.364918552339077,0.0,24.675074978003977,24.702987848009798,24.530230622011004,24.67507415699947,0.0026384170602513145,0.3580322265625,0.370849609375,16384,5.12e-07,0.008388608,64,True,0.46566128730773926,0.3599853515625,0.3599853515625,117544.0,3290.0,10000.0,24592.0,0.01666103,0.0007273241,-0.034333934561173854,0.9838867046311374,0.1754654763411603,0.9042818,0.8028392,0.08818928,-0.031047552146060503,0.8897108402599132,0.15867023678364187
24.86047489000339,2026-09-24T00:03:28.336882+00:00,0.19341792784110684,0.19135136157274246,0.0,24.84845286300697,24.872496916999808,24.704086947007454,24.848452372010797,0.0024008531593955173,0.1851806640625,0.196533203125,16384,5.12e-07,0.008388608,64,True,0.46566128730773926,0.3599853515625,0.3599853515625,117727.0,3312.0,5488.0,29328.0,0.01666582,0.0007161743,0.09837443789885249,0.18115004471425097,-0.9785229334400445,0.9067256,0.5366504,-0.6815849,0.08919862122849977,0.16425338298355605,-0.8872517939371845
25.033010906001437,2026-09-24T00:03:28.512431+00:00,0.05984906682672719,0.055123426020145416,0.0,25.017975334005314,25.04804647799756,24.87359140800254,25.017973531008465,0.0015615575087941352,0.050048828125,0.058837890625,16384,5.12e-07,0.008388608,64,True,0.46566128730773926,0.3599853515625,0.3599853515625,117894.0,3332.0,8016.0,25552.0,0.01666293,0.0006912535,-0.01845018639281357,-0.9381001442085051,-0.345872389846389,0.9616792,-0.7952307,-0.1765842,-0.01774316049009184,-0.9021513962023198,-0.3326182831695635
25.205705117499747,2026-09-24T00:03:28.681892+00:00,0.0011416909065479763,-0.0036115124821662903,0.0,25.193905082996935,25.21750515200256,25.049224586997298,25.19390439199924,0.0007186834220550227,-0.0067138671875,-0.001953125,16384,5.12e-07,0.008388608,64,True,0.46566128730773926,0.3599853515625,0.3599853515625,118061.0,3352.0,9824.0,61744.0,0.01666372,0.0006879022,-0.12938912768678884,-0.8072310378819183,0.5758788979607891,0.9513184,-0.864866,0.3068394,-0.12309025792839166,-0.7679337393881659,0.5478441918018211
25.37432475800597,2026-09-24T00:03:28.850308+00:00,0.0303669572558527,0.025097906589508057,0.0,25.362725006008986,25.38592451000295,25.218726292005158,25.362724625010742,0.0012044334137865614,0.0208740234375,0.0281982421875,16384,5.12e-07,0.008388608,64,True,0.46566128730773926,0.3599853515625,0.3599853515625,118244.0,3374.0,5264.0,27968.0,0.01665863,0.0007026718,-0.1709558262629349,-0.5362611516561021,0.8265579729766257,0.9243828,-0.9397016,0.4864823,-0.1580286253572453,-0.49571058489909225,0.7640559734224576
25.54476306900324,2026-09-24T00:03:29.022180+00:00,0.1397183861950941,0.13585419207811356,0.0,25.531729181006085,25.55779695700039,25.386930214008316,25.53172872000141,0.002142744605439234,0.130126953125,0.1409912109375,16384,5.12e-07,0.008388608,64,True,0.46566128730773926,0.3599853515625,0.3599853515625,118410.0,3394.0,6784.0,26064.0,0.0166727,0.0007070813,-0.1567228285622521,-0.8264318464773269,0.5407849462915206,0.9226304,-0.8791044,0.285685,-0.14459724600552207,-0.7624911450881147,0.49894463131092415
25.71546276450681,2026-09-24T00:03:29.191449+00:00,0.30299107188806773,0.2988150790333748,0.0,25.703860327004804,25.727065202008816,25.55909146500926,25.703859635003028,0.002626590450666187,0.2918701171875,0.3045654296875,16384,5.12e-07,0.008388608,64,True,0.46566128730773926,0.3599853515625,0.3599853515625,118577.0,3414.0,14192.0,59888.0,0.01663782,0.0007101526,-0.03818675832383369,-0.9221689978107566,-0.38489753307266333,0.9365682,-0.8060912,-0.1975484,-0.035764503507187934,-0.8636741583754242,-0.36048278973430475
25.886765053997806,2026-09-24T00:03:29.365778+00:00,0.48078539373951157,0.4795966371893883,0.0,25.87213643299765,25.901393674997962,25.728308343008393,25.87213612200867,0.002400970810634363,0.4732666015625,0.4854736328125,16384,5.12e-07,0.008388608,64,True,0.46566128730773926,0.3599853515625,0.3599853515625,118743.0,3434.0,5504.0,29392.0,0.01664438,0.0007089994,0.09979546431757814,0.20005979019753256,-0.9746881273760126,0.91706,0.5540433,-0.6726609,0.09151842850707821,0.1834668311985492,-0.8938474940914461
26.06102128150087,2026-09-24T00:03:29.540022+00:00,0.6309228872824881,0.6320871189236641,0.0,26.046404663997237,26.075637899004505,25.902467106003314,26.04640426300466,0.0018241106161199251,0.62646484375,0.636474609375,16384,5.12e-07,0.008388608,64,True,0.46566128730773926,0.3599853515625,0.3599853515625,118927.0,3456.0,9680.0,24512.0,0.0166603,0.0007058305,-0.008575562231464396,0.9816915750185573,0.19028429065479507,0.9442948,0.7897658,0.09572586,-0.008097858822248226,0.9270062494938336,0.1796844661870116
26.23563380399719,2026-09-24T00:03:29.714240+00:00,0.712222385584487,0.7130146324634552,0.0,26.221412494996912,26.249855112997466,26.07676720600284,26.221412063998287,0.0009664226443960368,0.708740234375,0.7161865234375,16384,5.12e-07,0.008388608,64,True,0.46566128730773926,0.3599853515625,0.3599853515625,119093.0,3476.0,5200.0,28816.0,0.01665837,0.0007095151,-0.15283272202579123,0.27875868669373977,0.9481222250696207,0.9168526,1.036152,0.6236381,-0.14012507855442397,0.25558062666774073,0.869288327172867
26.40729299150553,2026-09-24T00:03:29.883396+00:00,0.7044836079774512,0.7059217169880867,0.0,26.39557362400228,26.419012359008775,26.25097261701012,26.395573143003276,0.0010935764558251673,0.7012939453125,0.7088623046875,16384,5.12e-07,0.008388608,64,True,0.46566128730773926,0.3599853515625,0.3599853515625,119259.0,3496.0,5200.0,28720.0,0.01663603,0.0007073519,-0.18345549268221215,-0.23402670128741143,0.9547646753463701,0.913947,-1.117824,0.6344337,-0.16766859717042973,-0.2138880015615258,0.8726043107387889
26.579102713505563,2026-09-24T00:03:30.057350+00:00,0.6115426048406911,0.6110471859574318,0.0,26.565238808005233,26.592966619005892,26.420121037008357,26.565237996997894,0.002002482202006101,0.6048583984375,0.6156005859375,16384,5.12e-07,0.008388608,64,True,0.46566128730773926,0.3599853515625,0.3599853515625,119442.0,3518.0,5200.0,28880.0,0.01667215,0.0007084163,-0.17289206048120473,0.1010809684280764,0.9797402580501658,0.911314,1.306269,0.6845802,-0.1575589552053686,0.09211650166206402,0.8928510135247288
26.75289835100557,2026-09-24T00:03:30.231147+00:00,0.4543449336459807,0.452667772769928,0.0,26.739033634003135,26.766763068008004,26.594019201002084,26.73903294200136,0.0025959673002888513,0.446044921875,0.4581298828125,16384,5.12e-07,0.008388608,64,True,0.46566128730773926,0.3599853515625,0.3599853515625,119609.0,3538.0,7360.0,27024.0,0.0166488,0.0007172547,-0.07061834400734943,0.8438447243301672,0.5319202296489612,0.908284,0.8271441,0.2804333,-0.06414151196837137,0.7664506615935016,0.4831346338664771
26.92686483250145,2026-09-24T00:03:30.405812+00:00,0.2730953104187145,0.2702915146946907,0.0,26.912301639997168,26.941428025005735,26.76784336300625,26.912300979005522,0.0025745961432883163,0.2637939453125,0.27587890625,16384,5.12e-07,0.008388608,64,True,0.46566128730773926,0.3599853515625,0.3599853515625,119792.0,3560.0,6368.0,28816.0,0.01664922,0.0007239078,0.08632885596280129,0.6161886763099385,-0.7828530154604757,0.902081,0.7158005,-0.449619,0.07787562071577976,0.5558520973143456,-0.7061968310396014
27.100984126504045,2026-09-24T00:03:30.579551+00:00,0.11375774269538588,0.11038930714130402,0.0,27.08680170599837,27.11516654700972,26.94257784000365,27.086801306009875,0.0019859125766285308,0.104736328125,0.1148681640625,16384,5.12e-07,0.008388608,64,True,0.46566128730773926,0.3599853515625,0.3599853515625,119958.0,3580.0,6720.0,27760.0,0.0166191,0.0006981335,0.015189938178788389,-0.7612105896316436,-0.6483268496759719,0.9253676,-0.775422,-0.3526924,0.014056276636653781,-0.7043996164220189,-0.5999406609002148
27.27403781850444,2026-09-24T00:03:30.751907+00:00,0.017296383447626462,0.012578435242176056,0.0,27.26055255100073,27.28752308600815,27.11624436599959,27.260552140010986,0.0010758407312154213,0.008544921875,0.015625,16384,5.12e-07,0.008388608,64,True,0.46566128730773926,0.3599853515625,0.3599853515625,120124.0,3600.0,11888.0,60096.0,0.01658477,0.0007006591,-0.15538136665789096,-0.855894068082558,0.49325650032880003,0.9146248,-0.8751916,0.2579147,-0.14211565140320018,-0.7828219408411959,0.45114462796192867
27.446220680503757,2026-09-24T00:03:30.922112+00:00,0.006651501240153235,0.0015593692660331726,0.0,27.434711684007198,27.457729677000316,27.2900648220093,27.434711273002904,0.0008461498055394558,-0.0018310546875,0.003662109375,16384,5.12e-07,0.008388608,64,True,0.46566128730773926,0.3599853515625,0.3599853515625,120307.0,3622.0,5200.0,28656.0,0.01662318,0.0007107802,-0.1904662752695078,-0.3049153804071752,0.9331394369418259,0.9135492,-1.064573,0.6015243,-0.1740003133994386,-0.27855520183867055,0.8524687861066554
27.617989222002507,2026-09-24T00:03:31.097220+00:00,0.08352005316741895,0.07949420064687729,0.0,27.603142691004905,27.63283575300011,27.458860986997024,27.60314226000628,0.0017839280711644786,0.073974609375,0.08349609375,16384,5.12e-07,0.008388608,64,True,0.46566128730773926,0.3599853515625,0.3599853515625,120474.0,3642.0,5216.0,28304.0,0.01664738,0.000706392,-0.17625384063615043,-0.41913291387690826,0.8906526731369859,0.9196892,-0.9844332,0.5493893,-0.1620987536915887,-0.38547201425712263,0.819123644435216
27.789671025500866,2026-09-24T00:03:31.265366+00:00,0.22867386279942217,0.2236439734697342,0.0,27.778359456002363,27.80098259499937,27.634074326007976,27.778359035000904,0.002445873077736139,0.2174072265625,0.2291259765625,16384,5.12e-07,0.008388608,64,True,0.46566128730773926,0.3599853515625,0.3599853515625,120656.0,3664.0,8720.0,23792.0,0.01657828,0.0007138995,-0.12483378299761146,-0.9717733729929554,0.20018251213430147,0.933069,-0.8492782,0.1007721,-0.11647853306779833,-0.906731609365164,0.18678409641464055
27.960564544999215,2026-09-24T00:03:31.439023+00:00,0.4054456267299571,0.4042649269104004,0.0,27.946489396999823,27.974639692998608,27.801991796004586,27.946488916000817,0.00268898645957112,0.3973388671875,0.41015625,16384,5.12e-07,0.008388608,64,True,0.46566128730773926,0.3599853515625,0.3599853515625,120822.0,3684.0,5776.0,29136.0,0.01659622,0.0007097645,0.04811269370870193,-0.4856238641096841,-0.8728428445666904,0.9215344,-0.7360223,-0.5304989,0.044337502329232406,-0.4475190962379993,-0.8043547070620582
28.13525671151001,2026-09-24T00:03:31.614466+00:00,0.574314556207813,0.5744857713580132,0.0,28.120430599010433,28.150082824009587,27.975711371007492,28.12043020800047,0.002119447434638547,0.5689697265625,0.5792236328125,16384,5.12e-07,0.008388608,64,True,0.46566128730773926,0.3599853515625,0.3599853515625,120989.0,3704.0,7984.0,27344.0,0.0166156,0.0007006885,0.083543626086914,0.852965221247279,-0.5152385795753559,0.935509,0.7365814,-0.270643,0.07815581409694283,0.7979566411638208,-0.48201032833996166
28.309953974501695,2026-09-24T00:03:31.788816+00:00,0.6884018019460354,0.6891129240393639,0.0,28.295475721999537,28.324432227003854,28.15118488999724,28.29547454000567,0.0014910029738858176,0.68359375,0.69287109375,16384,5.12e-07,0.008388608,64,True,0.46566128730773926,0.3599853515625,0.3599853515625,121171.0,3726.0,5536.0,28288.0,0.01661442,0.0007107985,-0.12225588899214078,0.5993066253406694,0.7911289821701136,0.9260068,0.8860154,0.4563263,-0.11320978454676751,0.5549620103505122,0.732590817166604
28.481246773997555,2026-09-24T00:03:31.957229+00:00,0.7188406589644103,0.7200427427887917,0.0,28.46964771799685,28.49284582999826,28.325612860004185,28.469647336998605,0.0009659486759765557,0.71533203125,0.7232666015625,16384,5.12e-07,0.008388608,64,True,0.46566128730773926,0.3599853515625,0.3599853515625,121337.0,3746.0,5216.0,28816.0,0.01664372,0.0007103625,-0.18667114778721566,-0.16962318558383532,0.967668257976976,0.9120472,-1.202003,0.657908,-0.17025289766011623,-0.15470435146681735,0.8825591252167786
28.65332873549778,2026-09-24T00:03:32.132703+00:00,0.6605579828055754,0.6604764237999916,0.0,28.638338803997613,28.668318666997948,28.493907809999655,28.638338253003894,0.0015877593851872992,0.6551513671875,0.664306640625,16384,5.12e-07,0.008388608,64,True,0.46566128730773926,0.3599853515625,0.3599853515625,121503.0,3766.0,5200.0,28624.0,0.01660135,0.000708502,-0.18394600012895013,-0.27554805506213736,0.9435237879290769,0.9136686,-1.07971,0.6165551,-0.16806568441341768,-0.251759605701346,0.8620680583838566
28.82725311649847,2026-09-24T00:03:32.306472+00:00,0.525957883904586,0.5255050957202911,0.0,28.812417164997896,28.84208906799904,28.66950280700985,28.812416614004178,0.00236076264550122,0.519287109375,0.530517578125,16384,5.12e-07,0.008388608,64,True,0.46566128730773926,0.3599853515625,0.3599853515625,121686.0,3788.0,5248.0,28816.0,0.0166117,0.0007131786,-0.15226757013615197,0.3594733169527226,0.9206484244725777,0.9097374,0.985734,0.5848691,-0.13852350335998054,0.3270263207339458,0.8375483039937792
29.00189319200581,2026-09-24T00:03:32.480933+00:00,0.34854474065358954,0.3451879248023033,0.0,28.987237145003746,29.016549239007873,28.84313982700405,28.98723621299723,0.002644014231018129,0.3380126953125,0.350830078125,16384,5.12e-07,0.008388608,64,True,0.46566128730773926,0.3599853515625,0.3599853515625,121853.0,3808.0,11504.0,23936.0,0.01665653,0.0007302955,-0.009374521746530659,0.9996772795764759,0.023610485818812824,0.8984934,0.7900868,0.01180634,-0.008422945917414269,0.8982034378294184,0.021213865678996916
29.173209105501883,2026-09-24T00:03:32.649604+00:00,0.1770609707725179,0.17483381927013397,0.0,29.161197392997565,29.1852208180062,29.017645744010224,29.16119704200537,0.0022997434246464768,0.168701171875,0.179931640625,16384,5.12e-07,0.008388608,64,True,0.46566128730773926,0.3599853515625,0.3599853515625,122035.0,3830.0,5392.0,29440.0,0.01661243,0.0007109182,0.09708497415786353,0.0012426258142080777,-0.9952753205389214,0.9147888,0.006399332,-0.7367751,0.08881224700790298,0.0011367401774284303,-0.9104667161454152
29.34501253200142,2026-09-24T00:03:32.823876+00:00,0.050319461255939446,0.04611387848854065,0.0,29.33053321299667,29.35949185100617,29.18641020799987,29.33053282200126,0.0014397160880371851,0.0413818359375,0.0498046875,16384,5.12e-07,0.008388608,64,True,0.46566128730773926,0.3599853515625,0.3599853515625,122202.0,3850.0,9088.0,23744.0,0.01661038,0.000696132,-0.061311388031314765,-0.9773703914421544,-0.20245501137260988,0.9207528,-0.8167226,-0.1019321,-0.05645263220171956,-0.8999165245574597,-0.18641101859536238
29.516258527510217,2026-09-24T00:03:32.992283+00:00,0.00020880486828966927,-0.004602469503879547,0.0,29.50461677100975,29.527900284010684,29.360661202998017,29.504615969999577,0.000679445912405561,-0.0074462890625,-0.0030517578125,16384,5.12e-07,0.008388608,64,True,0.46566128730773926,0.3599853515625,0.3599853515625,122335.0,3866.0,10160.0,62416.0,0.01662808,0.0007006827,-0.16045320556094217,-0.8001167963347977,0.5779860561018386,0.931247,-0.8843542,0.3081293,-0.1494215663190107,-0.7451063662363914,0.5382477807866689
29.685689266509144,2026-09-24T00:03:33.161990+00:00,0.03768612862462112,0.032562561333179474,0.0,29.67377418500837,29.697604348009918,29.529002149007283,29.673772843001643,0.0013607677347702671,0.0279541015625,0.0362548828125,16384,5.12e-07,0.008388608,64,True,0.46566128730773926,0.3599853515625,0.3599853515625,122551.0,3892.0,5296.0,28048.0,0.0166463,0.0007039468,-0.17245545234971416,-0.49810187672215633,0.8497962328468639,0.9216712,-0.9520522,0.5077993,-0.15894722371370387,-0.4590861544407619,0.7832327136834485
29.855296593508683,2026-09-24T00:03:33.331502+00:00,0.15291018073809956,0.14811161160469055,0.0,29.843474332010373,29.867118855006993,29.698811591006233,29.84347390200128,0.002195611034374744,0.141845703125,0.1531982421875,16384,5.12e-07,0.008388608,64,True,0.46566128730773926,0.3599853515625,0.3599853515625,122717.0,3912.0,6384.0,25824.0,0.01665443,0.0007149227,-0.1675507755715615,-0.8375025325342997,0.5201117626087708,0.9146704,-0.8841248,0.2734909,-0.1532537349123504,-0.766038776434161,0.47573083395006943
30.024788827497105,2026-09-24T00:03:33.501100+00:00,0.31796970794783386,0.31388192623853683,0.0,30.01286111799709,30.03671653699712,29.86844115400163,30.012860296003055,0.002669124948146772,0.3072509765625,0.3194580078125,16384,5.12e-07,0.008388608,64,True,0.46566128730773926,0.3599853515625,0.3599853515625,122884.0,3932.0,12464.0,63472.0,0.01667677,0.0007059963,-0.00973127212234786,-0.8539075054884616,-0.5203338105614066,0.9451862,-0.791096,-0.2736209,-0.009197864118487909,-0.8071015902641182,-0.49181233713605577
30.19460392450128,2026-09-24T00:03:33.671327+00:00,0.4934677107437968,0.490961417555809,0.0,30.182263412003522,30.206944436999038,30.03786451900669,30.182263012000476,0.002438235120212691,0.4847412109375,0.4964599609375,16384,5.12e-07,0.008388608,64,True,0.46566128730773926,0.3599853515625,0.3599853515625,123051.0,3952.0,5760.0,29264.0,0.01671097,0.0007084467,0.10504755493302877,0.38771769931558053,-0.9157728958863247,0.9161576,0.6531051,-0.5787139,0.0962401158133118,0.3552105168824839,-0.8389922984402651
30.36521771649859,2026-09-24T00:03:33.841863+00:00,0.6372237939228947,0.6366965174674988,0.0,30.352955977999954,30.37747945499723,30.20811057300307,30.352955506998114,0.001751666483708192,0.6314697265625,0.6412353515625,16384,5.12e-07,0.008388608,64,True,0.46566128730773926,0.3599853515625,0.3599853515625,123218.0,3972.0,8512.0,25568.0,0.01664998,0.0007034887,-0.02565805920985355,0.944166307015259,0.32846864187430624,0.9499876,0.7989825,0.1673409,-0.024374838089426674,0.8969462840022892,0.3120411367694317
30.537447975999385,2026-09-24T00:03:34.016107+00:00,0.713639784403453,0.7143808379769325,0.0,30.52317282599688,30.55172312600189,30.37891642100294,30.52317241599667,0.0009149128902696359,0.7100830078125,0.71728515625,16384,5.12e-07,0.008388608,64,True,0.46566128730773926,0.3599853515625,0.3599853515625,123401.0,3994.0,5248.0,28896.0,0.0166586,0.0007102091,-0.17468797779525366,-0.014058842489466448,0.9845234681619638,0.9104226,-1.530643,0.6973169,-0.1590398829330971,-0.012799487932250516,0.8963324156450323
30.709614987004898,2026-09-24T00:03:34.186384+00:00,0.7021563396195812,0.7034527361392975,0.0,30.697229625002365,30.72200034900743,30.552833106004982,30.697227672004374,0.001176157831943739,0.69873046875,0.7069091796875,16384,5.12e-07,0.008388608,64,True,0.46566128730773926,0.3599853515625,0.3599853515625,123568.0,4014.0,5264.0,28096.0,0.01664603,0.0007081456,-0.18498937113837458,-0.49165064397224256,0.8509163160073426,0.9191272,-0.9653364,0.5088636,-0.17002876272417505,-0.4518894797724042,0.7821003309661441
30.8808014669994,2026-09-24T00:03:34.359194+00:00,0.6064225636516427,0.6059717759490013,0.0,30.86679163199733,30.89481130200147,30.723246424997342,30.86679124100192,0.001935837643077288,0.599853515625,0.6104736328125,16384,5.12e-07,0.008388608,64,True,0.46566128730773926,0.3599853515625,0.3599853515625,123734.0,4034.0,5200.0,28720.0,0.01666445,0.0007088185,-0.18597068062593117,-0.23152081535033484,0.9548890082135432,0.9179682,-1.12376,0.6346429,-0.1707151709469609,-0.21252874612967923,0.8765577440695714
31.05248989500251,2026-09-24T00:03:34.528622+00:00,0.4496362111291211,0.4499146565794945,0.0,31.04074298100022,31.064236809004797,30.895901224997942,31.04074249000405,0.002575570297887327,0.443359375,0.4554443359375,16384,5.12e-07,0.008388608,64,True,0.46566128730773926,0.3599853515625,0.3599853515625,123917.0,4056.0,6064.0,27888.0,0.01666535,0.00072331,-0.12148643409061605,0.6751200421560112,0.7276358807887445,0.8914956,0.8744194,0.4074346,-0.10830462145147421,0.6018665470538985,0.6486841861252903
31.22148543500225,2026-09-24T00:03:34.697636+00:00,0.27344971616172936,0.27250809222459793,0.0,31.209717981997528,31.233252888006973,31.06537688600656,31.209717600999284,0.0025553696031549427,0.2657470703125,0.2779541015625,16384,5.12e-07,0.008388608,64,True,0.46566128730773926,0.3599853515625,0.3599853515625,124084.0,4076.0,7744.0,27664.0,0.01666675,0.000724447,0.06920558668803797,0.8461918826603158,-0.5283652945557219,0.8971774,0.7445966,-0.278337,0.06208968833024852,0.7591842331862871,-0.47403740121973675
31.39291305700317,2026-09-24T00:03:34.870889+00:00,0.11610193717183803,0.11212456226348877,0.0,31.37932022199675,31.40650589200959,31.234360153001035,31.379319811007008,0.002005556053484625,0.105712890625,0.1168212890625,16384,5.12e-07,0.008388608,64,True,0.46566128730773926,0.3599853515625,0.3599853515625,124251.0,4096.0,5632.0,28928.0,0.01664665,0.0006998258,0.06268155235746681,-0.5028155203171149,-0.8621180751627281,0.9359814,-0.7233875,-0.5197175,0.05866876712971508,-0.4706259746481416,-0.8069264829561155
31.563379167506355,2026-09-24T00:03:35.039344+00:00,0.019157407635409684,0.015062704682350159,0.0,31.551797149004415,31.574961186008295,31.407615131000057,31.551796697996906,0.0010373095789662464,0.0111083984375,0.017822265625,16384,5.12e-07,0.008388608,64,True,0.46566128730773926,0.3599853515625,0.3599853515625,124383.0,4112.0,10032.0,22080.0,0.0165918,0.0006921291,-0.07779266535671428,-0.9968984718484257,0.01190537874121308,0.9385146,-0.8243366,0.00595283,-0.07300955221019056,-0.9356037705474365,0.011173371767158097
31.734994812002697,2026-09-24T00:03:35.213588+00:00,0.005461431767839808,0.000551179051399231,0.0,31.720786182006123,31.74920344199927,31.575985225004843,31.720785751997028,0.0007892887649049984,-0.0028076171875,0.0030517578125,16384,5.12e-07,0.008388608,64,True,0.46566128730773926,0.3599853515625,0.3599853515625,124599.0,4138.0,5392.0,27968.0,0.01659287,0.0007061205,-0.18011330568530223,-0.5695653030171498,0.8019691781571753,0.9229638,-0.9385376,0.4652922,-0.16623806104586816,-0.5256881564208601,0.7401885201548235
31.90579757350497,2026-09-24T00:03:35.382060+00:00,0.0787518336814555,0.0735076516866684,0.0,31.893918911009678,31.91767623600026,31.750446753008873,31.89391798900033,0.0017242874867593337,0.0682373046875,0.0775146484375,16384,5.12e-07,0.008388608,64,True,0.46566128730773926,0.3599853515625,0.3599853515625,124765.0,4158.0,5520.0,27712.0,0.01665288,0.0007150856,-0.18717388205610647,-0.6326253779835255,0.751499214242602,0.9107716,-0.9292292,0.4251658,-0.17047265603845138,-0.5761772277066602,0.6844441417544774
32.078381340506894,2026-09-24T00:03:35.557514+00:00,0.22256007139062345,0.22015035897493362,0.0,32.063633005003794,32.093129676009994,31.918863441009307,32.06363232299918,0.002426785206037971,0.213623046875,0.225341796875,16384,5.12e-07,0.008388608,64,True,0.46566128730773926,0.3599853515625,0.3599853515625,124932.0,4178.0,9792.0,23424.0,0.01670078,0.0007193549,-0.12628681596048286,-0.9846459405625472,0.12051560831800998,0.9328164,-0.849178,0.06040463,-0.11780241303172016,-0.9184938815501692,0.11241893589501611
32.24951563800278,2026-09-24T00:03:35.725638+00:00,0.39915302366695193,0.3956315740942955,0.0,32.23777687399706,32.26125440200849,32.09427285900165,32.23777647400857,0.0026011784470155413,0.3892822265625,0.401123046875,16384,5.12e-07,0.008388608,64,True,0.46566128730773926,0.3599853515625,0.3599853515625,125115.0,4200.0,5456.0,29456.0,0.0166221,0.0007165743,0.05945972099170705,-0.28650053702427236,-0.9562332267100908,0.9134308,-0.6830817,-0.6369229,0.05431234051323176,-0.2616984147345107,-0.8734528812603796
32.41938112450589,2026-09-24T00:03:35.896352+00:00,0.5650326571213646,0.5635330304503441,0.0,32.40679391300364,32.43196833600814,32.26237300899811,32.406793403002666,0.0022945061315798087,0.5576171875,0.56884765625,16384,5.12e-07,0.008388608,64,True,0.46566128730773926,0.3599853515625,0.3599853515625,125282.0,4220.0,8880.0,26320.0,0.01663222,0.0007122171,0.049211882679186365,0.9308355869894137,-0.3621095146461133,0.9299144,0.7589885,-0.185265,0.04576283835448598,0.8655974163739085,-0.33673085204643166
32.58886618500401,2026-09-24T00:03:36.064946+00:00,0.6811171741829611,0.6809291839599609,0.0,32.57716999101103,32.60056237899698,32.43314675500733,32.57716969100875,0.0014027930037931455,0.67578125,0.6844482421875,16384,5.12e-07,0.008388608,64,True,0.46566128730773926,0.3599853515625,0.3599853515625,125448.0,4240.0,5456.0,28432.0,0.01666453,0.0007088484,-0.12314602356529472,0.5548584108278021,0.8227801655446623,0.917417,0.8945988,0.4831427,-0.112976255501202,0.5090365386864097,0.7548325111334875
32.75789585200255,2026-09-24T00:03:36.234409+00:00,0.7198521939473825,0.7210883945226669,0.0,32.74576520500705,32.77002649899805,32.6016166240006,32.74576409300789,0.000824325884427485,0.717041015625,0.7232666015625,16384,5.12e-07,0.008388608,64,True,0.46566128730773926,0.3599853515625,0.3599853515625,125615.0,4260.0,5200.0,28720.0,0.01667903,0.0007113734,-0.18612561826917637,-0.2306101522022583,0.9550791652659837,0.91612,-1.124926,0.6349634,-0.17051340140875787,-0.2112665726355329,0.8749671248834731
32.92941514200356,2026-09-24T00:03:36.407331+00:00,0.6710376893838438,0.6716590747237206,0.0,32.91588253500231,32.942947749004816,32.771064183005365,32.915882054003305,0.0015528171628896286,0.666259765625,0.6754150390625,16384,5.12e-07,0.008388608,64,True,0.46566128730773926,0.3599853515625,0.3599853515625,125781.0,4280.0,5200.0,28496.0,0.01667808,0.0007067813,-0.1812697343886431,-0.40925773389565384,0.8942311729308395,0.9182408,-0.9938748,0.5533553,-0.16644926592081516,-0.3757971489785323,0.8211195476169524
33.10397320550692,2026-09-24T00:03:36.582611+00:00,0.5427677282220318,0.5428757071495056,0.0,33.08971842900792,33.11822798200592,32.944996627004,33.08971765699971,0.002279174187373783,0.536376953125,0.5482177734375,16384,5.12e-07,0.008388608,64,True,0.46566128730773926,0.3599853515625,0.3599853515625,125965.0,4302.0,5200.0,28896.0,0.01665818,0.0007165506,-0.17168494323458805,0.2179851372501604,0.9607324082201896,0.9082652,1.118965,0.6448149,-0.15593545930395175,0.19798831428154437,0.8725998128985921
33.27568222650007,2026-09-24T00:03:36.752648+00:00,0.37084734174923956,0.3697733134031296,0.0,33.26310016500065,33.28826428799948,33.11935792899749,33.26309933300945,0.0027476059501423786,0.363037109375,0.375732421875,16384,5.12e-07,0.008388608,64,True,0.46566128730773926,0.3599853515625,0.3599853515625,126131.0,4322.0,10032.0,25168.0,0.01668023,0.000731721,-0.038635780699733745,0.9836881824687385,0.1756839096817688,0.8986856,0.8050263,0.08830022,-0.034721419759608636,0.8840264044748277,0.1578845997827062
33.44656180700258,2026-09-24T00:03:36.924577+00:00,0.19702107989632003,0.19412590563297272,0.0,33.43293024400191,33.46019337000325,33.28940501601028,33.432928530004574,0.002355512398106218,0.1876220703125,0.1990966796875,16384,5.12e-07,0.008388608,64,True,0.46566128730773926,0.3599853515625,0.3599853515625,126298.0,4342.0,5568.0,29424.0,0.0166392,0.0007202456,0.0932435517244598,0.2692643101874486,-0.9585417942484749,0.9014364,0.6187152,-0.64092,0.08405313158971084,0.24272465042385702,-0.8640644642568859
33.61676158750197,2026-09-24T00:03:37.093099+00:00,0.06349427878331415,0.06027419865131378,0.0,33.60480696700688,33.62871620799706,33.46143304400903,33.60480643600749,0.001621755262436127,0.0552978515625,0.0638427734375,16384,5.12e-07,0.008388608,64,True,0.46566128730773926,0.3599853515625,0.3599853515625,126481.0,4364.0,8864.0,24160.0,0.0166544,0.0006895259,-0.037668720402981117,-0.970554560585661,-0.237917869084221,0.9405896,-0.8047942,-0.1201108,-0.03543080665635185,-0.9128935259194427,-0.22378307331477978
33.785459509002976,2026-09-24T00:03:37.261599+00:00,0.002154016383079327,-0.0024391859769821167,0.0,33.77370270600659,33.797216311999364,33.62975228900905,33.77370219500153,0.0007222032601204979,-0.0054931640625,-0.0006103515625,16384,5.12e-07,0.008388608,64,True,0.46566128730773926,0.3599853515625,0.3599853515625,126631.0,4382.0,8912.0,62400.0,0.01667798,0.0006971063,-0.15514252652871013,-0.7432015111171508,0.6508320139140915,0.9401504,-0.888295,0.3543399,-0.14585730837297745,-0.6987211979573938,0.6118799782141388
33.95395201850624,2026-09-24T00:03:37.430128+00:00,0.026153377740924855,0.020874693989753723,0.0,33.94216729300388,33.96573674400861,33.798385664005764,33.94216579000931,0.0011763964112705399,0.0166015625,0.0240478515625,16384,5.12e-07,0.008388608,64,True,0.46566128730773926,0.3599853515625,0.3599853515625,126814.0,4404.0,5200.0,28656.0,0.01664383,0.0007107804,-0.18697207231836938,-0.33283692096661743,0.9242624238896852,0.9183096,-1.041309,0.5895495,-0.17169824894185284,-0.30564733975808606,0.8487590567771671
34.12510525900143,2026-09-24T00:03:37.603654+00:00,0.13181496952310132,0.12857631593942642,0.0,34.11094010100351,34.13927041699935,33.96687445700809,34.110939580001286,0.0021207465486553275,0.122802734375,0.1336669921875,16384,5.12e-07,0.008388608,64,True,0.46566128730773926,0.3599853515625,0.3599853515625,126981.0,4424.0,5632.0,27440.0,0.01664418,0.0007107579,-0.17702344287830452,-0.6559274184903529,0.7337723913749367,0.9173038,-0.9171994,0.411929,-0.16238427684135168,-0.601684713505391,0.6730922029433166
34.29785838800308,2026-09-24T00:03:37.775053+00:00,0.2951652436058495,0.2918555662035942,0.0,34.28504750500724,34.310669270998915,34.1403478160064,34.28504676400917,0.0025634453761592406,0.28564453125,0.297607421875,16384,5.12e-07,0.008388608,64,True,0.46566128730773926,0.3599853515625,0.3599853515625,127114.0,4440.0,9568.0,22672.0,0.0166704,0.0007173724,-0.1277379607127732,-0.9845568234927597,0.11971163145989043,0.9045154,-0.8499086,0.05999971,-0.11554095262929834,-0.890546809024283,0.10828101421459538
34.47035409000091,2026-09-24T00:03:37.948275+00:00,0.47446896743480355,0.47301647812128067,0.0,34.4568170249986,34.48389115500322,34.3118365190021,34.45681652400526,0.002458146127867178,0.466796875,0.4786376953125,16384,5.12e-07,0.008388608,64,True,0.46566128730773926,0.3599853515625,0.3599853515625,127331.0,4466.0,5392.0,29360.0,0.01666247,0.0007076412,0.09468401806891705,0.03971895569497113,-0.9947147034606586,0.9204714,0.198597,-0.7339688,0.08715393066952137,0.03656016275508805,-0.9156064356950173
34.64262208000582,2026-09-24T00:03:38.118688+00:00,0.625063391645017,0.6236244887113571,0.0,34.63094083900796,34.65430332100368,34.48660039700917,34.63094026800536,0.0020101078361330444,0.617919921875,0.628662109375,16384,5.12e-07,0.008388608,64,True,0.46566128730773926,0.3599853515625,0.3599853515625,127497.0,4486.0,11136.0,23744.0,0.0166736,0.000702662,0.028821388637050843,0.9986920629954621,-0.042231396696059895,0.9284256,0.7709726,-0.02112198,0.02675851503818711,0.9272112778017997,-0.039208709816377425
34.8103977589999,2026-09-24T00:03:38.286537+00:00,0.7085791864377028,0.7088631987571716,0.0,34.7986412570026,34.822154260997195,34.65533025399782,34.79864083600114,0.0010117703016152126,0.7041015625,0.7120361328125,16384,5.12e-07,0.008388608,64,True,0.46566128730773926,0.3599853515625,0.3599853515625,127664.0,4506.0,5248.0,28544.0,0.01666233,0.0007128627,-0.14212095299220784,0.4282326794990866,0.8924227736502578,0.9128094,0.9456182,0.5513433,-0.12972934182824544,0.39089481523395353,0.8146118965620276
34.9794778850046,2026-09-24T00:03:38.455731+00:00,0.7094412386112167,0.7106055319309235,0.0,34.967607598009636,34.99134817199956,34.823251106005046,34.96760690699739,0.0009996111670036798,0.7060546875,0.71337890625,16384,5.12e-07,0.008388608,64,True,0.46566128730773926,0.3599853515625,0.3599853515625,127848.0,4528.0,5232.0,28768.0,0.01665735,0.0007073232,-0.1805080548217747,-0.1783607342760829,0.9672664010565837,0.9170282,-1.181089,0.6571138,-0.16553097659871338,-0.1635618231038746,0.887010566681397
35.15093160550168,2026-09-24T00:03:38.629634+00:00,0.6248244449934244,0.6248692944645882,0.0,35.136612412999966,35.1652507980034,34.992438214001595,35.136611952009844,0.002120414798992574,0.6192626953125,0.6295166015625,16384,5.12e-07,0.008388608,64,True,0.46566128730773926,0.3599853515625,0.3599853515625,128015.0,4548.0,5248.0,28880.0,0.01669313,0.0007117617,-0.1825490524295969,-0.0077645918316575835,0.9831660869714456,0.9115724,-1.549542,0.693525,-0.16640667784097346,-0.007077987611004499,0.8962270694991693
35.32390611949813,2026-09-24T00:03:38.801478+00:00,0.4734282710031635,0.47260595113039017,0.0,35.31071837199852,35.33709386699775,35.16646482399665,35.310717911008396,0.0024780950039449473,0.46630859375,0.47802734375,16384,5.12e-07,0.008388608,64,True,0.46566128730773926,0.3599853515625,0.3599853515625,128182.0,4568.0,6336.0,27728.0,0.01665933,0.0007227307,-0.11406751397583766,0.7191994608088685,0.6853763475840152,0.8932,0.8640448,0.3775602,-0.10188510348321819,0.6423889583944814,0.6121781536620424
35.49696915100503,2026-09-24T00:03:38.973445+00:00,0.293498997059921,0.2929889112710953,0.0,35.484876300004544,35.50906200200552,35.33980707600131,35.48487573899911,0.0026254550134760923,0.285888671875,0.299072265625,16384,5.12e-07,0.008388608,64,True,0.46566128730773926,0.3599853515625,0.3599853515625,128348.0,4588.0,8000.0,27296.0,0.01668593,0.0007220978,0.0655559694324184,0.8727820133705795,-0.4836878869773083,0.9085898,0.7479128,-0.2524317,0.059563485155407145,0.7930008349719722,-0.43947388049113517
35.667472318004,2026-09-24T00:03:39.143728+00:00,0.13233755625809288,0.13003001362085342,0.0,35.655600183003116,35.67934445300489,35.510389802002464,35.65559881000081,0.0021140261421469957,0.1239013671875,0.1346435546875,16384,5.12e-07,0.008388608,64,True,0.46566128730773926,0.3599853515625,0.3599853515625,128532.0,4610.0,5680.0,28864.0,0.01667848,0.0006951696,0.062237762755185846,-0.542748671885916,-0.8375860194948955,0.945277,-0.7283118,-0.4964247,0.05883192566393381,-0.5130478363143031,-0.7917507997500763
35.83701756350638,2026-09-24T00:03:39.313348+00:00,0.027046982005659748,0.02310880273580551,0.0,35.82507034200535,35.84896478500741,35.68039110400423,35.82506994099822,0.00116651003752413,0.0185546875,0.0262451171875,16384,5.12e-07,0.008388608,64,True,0.46566128730773926,0.3599853515625,0.3599853515625,128665.0,4626.0,10304.0,22384.0,0.01667383,0.0006853442,-0.06506573180042934,-0.9972244765575082,0.03619107486492108,0.9580496,-0.8179754,0.01809949,-0.0623361983251086,-0.9553905108761301,0.03467284479790769
36.00981813399994,2026-09-24T00:03:39.489777+00:00,0.0023974032725938565,-0.0023837536573410034,0.0,35.99424288100272,36.025393386997166,35.850229746996774,35.99424170900602,0.0007405804062812607,-0.0057373046875,-0.0006103515625,16384,5.12e-07,0.008388608,64,True,0.46566128730773926,0.3599853515625,0.3599853515625,128865.0,4650.0,5296.0,28176.0,0.01667102,0.0007052465,-0.17985624640741824,-0.5263150082943383,0.831050084334491,0.9216886,-0.9500412,0.4904965,-0.16577145195250834,-0.485098543153797,0.765969388760139
36.18387562650605,2026-09-24T00:03:39.661237+00:00,0.06799528507037567,0.0633472129702568,0.0,36.170897799005616,36.19685345400649,36.026499359009904,36.17089731800661,0.0016213447148750058,0.058349609375,0.0673828125,16384,5.12e-07,0.008388608,64,True,0.46566128730773926,0.3599853515625,0.3599853515625,129048.0,4672.0,5328.0,28000.0,0.01666483,0.0007050414,-0.1723423110843193,-0.5307249453865687,0.8298368274272596,0.9192956,-0.942392,0.4894076,-0.15843352827364596,-0.4878931071041129,0.762865344171839
36.35743152550276,2026-09-24T00:03:39.836145+00:00,0.20721953552820177,0.20356470346450806,0.0,36.343101967999246,36.37176108300628,36.197982619996765,36.34310137700231,0.002437544049719067,0.1971435546875,0.2091064453125,16384,5.12e-07,0.008388608,64,True,0.46566128730773926,0.3599853515625,0.3599853515625,129215.0,4692.0,7936.0,24432.0,0.01662638,0.0007087459,-0.13165473068950065,-0.9391397178931605,0.31730682653014225,0.9302234,-0.8550376,0.1614441,-0.12246831120807164,-0.8736097414536167,0.29516623501807915
36.68614919250831,2026-09-24T00:03:40.164736+00:00,0.5399508499683504,0.5400176122784615,0.0,36.67194600800576,36.70035237701086,36.37291072700464,36.67194426500646,0.002287954147719989,0.5341796875,0.5452880859375,16384,5.12e-07,0.008388608,64,True,0.46566128730773926,0.3599853515625,0.3599853515625,129547.0,4732.0,6928.0,28464.0,0.01661643,0.0006990346,0.10632415128365473,0.7091042626695265,-0.6970411175230036,0.935153,0.7109818,-0.3856313,0.09942934904536357,0.6631209785481957,-0.6518400921749894
36.860292436504096,2026-09-24T00:03:40.338878+00:00,0.6691598534162875,0.6693065762519836,0.0,36.846090610008105,36.87449426300009,36.70135727900197,36.846090139006265,0.0014805415481439579,0.6641845703125,0.6732177734375,16384,5.12e-07,0.008388608,64,True,0.46566128730773926,0.3599853515625,0.3599853515625,129714.0,4752.0,6880.0,26928.0,0.01659188,0.0007127337,-0.07955499334186235,0.8187896289330414,0.568554787673157,0.9114998,0.833827,0.302374,-0.07251436052010886,0.7463265830145415,0.5182375752531251
37.034098460004316,2026-09-24T00:03:40.512781+00:00,0.7198168014825916,0.7208894044160843,0.0,37.019799981004326,37.048396939004306,36.87561022400041,37.0197995500057,0.0008371809894498246,0.717041015625,0.72314453125,16384,5.12e-07,0.008388608,64,True,0.46566128730773926,0.3599853515625,0.3599853515625,129896.0,4774.0,5248.0,28816.0,0.01661565,0.0007132272,-0.18661912394449076,-0.14096519629750545,0.9722664840520816,0.9118788,-1.247334,0.6673671,-0.1701740227995535,-0.1285431740415337,0.8865891947576313
37.20530228900316,2026-09-24T00:03:40.681978+00:00,0.6806638074770992,0.6818350479006767,0.0,37.193009572001756,37.21759500600456,37.04966006700124,37.193009081005584,0.0013448245634024335,0.6766357421875,0.6854248046875,16384,5.12e-07,0.008388608,64,True,0.46566128730773926,0.3599853515625,0.3599853515625,130062.0,4794.0,5200.0,28368.0,0.01660102,0.0007090905,-0.18542637712730456,-0.3892364813220146,0.9022815637446548,0.917348,-1.007687,0.5625162,-0.1701005162049786,-0.3570653076677875,0.8277061879380316
37.37912957750086,2026-09-24T00:03:40.858536+00:00,0.5604268699561185,0.5594017058610916,0.0,37.364106934997835,37.39415222000389,37.218817558008595,37.36410635399807,0.0022747435273230455,0.5533447265625,0.564453125,16384,5.12e-07,0.008388608,64,True,0.46566128730773926,0.3599853515625,0.3599853515625,130229.0,4814.0,5232.0,28880.0,0.01663627,0.0007144733,-0.18256270096537192,0.025215010763272667,0.9828708274480611,0.910969,1.502172,0.6927205,-0.16630896113572388,0.02297009314000774,0.8953648548095328
37.552899116504705,2026-09-24T00:03:41.030764+00:00,0.3895115443172075,0.38803117722272873,0.0,37.539417471009074,37.566380762000335,37.39535803000035,37.53941706100886,0.0026325993325146367,0.38134765625,0.3939208984375,16384,5.12e-07,0.008388608,64,True,0.46566128730773926,0.3599853515625,0.3599853515625,130412.0,4836.0,8320.0,25920.0,0.01660833,0.0007295685,-0.06964453381719374,0.925075697144232,0.3733424613709227,0.8943732,0.8229699,0.1913047,-0.06228820457259178,0.8273629114971176,0.3339074918721885
37.7239783144978,2026-09-24T00:03:41.199783+00:00,0.21371152267438392,0.21235399693250656,0.0,37.71255646699865,37.73540016199695,37.56946338599664,37.712556067010155,0.0024476777277741744,0.2054443359375,0.2174072265625,16384,5.12e-07,0.008388608,64,True,0.46566128730773926,0.3599853515625,0.3599853515625,130578.0,4856.0,6048.0,29120.0,0.01659037,0.0007230919,0.08847614723913241,0.5031564977882791,-0.8596542968560984,0.8974002,0.6983668,-0.5172963,0.07939851222762688,0.4515327417465012,-0.7714539379295221
37.893656344997,2026-09-24T00:03:41.371908+00:00,0.07469922892379921,0.07030888646841049,0.0,37.879788421996636,37.90752426799736,37.736396457999945,37.879788031001226,0.0016883625152606138,0.0648193359375,0.074462890625,16384,5.12e-07,0.008388608,64,True,0.46566128730773926,0.3599853515625,0.3599853515625,130744.0,4876.0,6800.0,27088.0,0.01661072,0.0006947422,0.012873091922658324,-0.8192627580963475,-0.5732737711606177,0.949874,-0.7775423,-0.3052479,0.012227815316943154,-0.77819639308401,-0.5445378501074206
38.065353563004464,2026-09-24T00:03:41.541429+00:00,0.0042355390047373875,-0.0003070533275604248,0.0,38.05366106099973,38.0770460650092,37.9087014550023,38.053660660996684,0.0008090644458493268,-0.0037841796875,0.001708984375,16384,5.12e-07,0.008388608,64,True,0.46566128730773926,0.3599853515625,0.3599853515625,130926.0,4898.0,6528.0,26608.0,0.01661917,0.0007082506,-0.17372231866858523,-0.8118947460121431,0.557357584854004,0.9239794,-0.8907946,0.2955999,-0.1605158437700082,-0.7501740202834524,0.5149869268388517
38.23552963649854,2026-09-24T00:03:41.713499+00:00,0.021133633608572122,0.016277477145195007,0.0,38.22194442599721,38.24911484699987,38.078332336997846,38.2219440050103,0.0011559850022262361,0.011962890625,0.0194091796875,16384,5.12e-07,0.008388608,64,True,0.46566128730773926,0.3599853515625,0.3599853515625,131093.0,4918.0,5264.0,28224.0,0.01660958,0.0007102179,-0.18366864051536544,-0.495509695481939,0.8489617024192749,0.9169382,-0.962881,0.5070087,-0.16841279263060627,-0.4543517682577573,0.7784454152852657
38.40755966100551,2026-09-24T00:03:41.884244+00:00,0.12177633807789132,0.11664030700922012,0.0,38.39525786200829,38.41986146000272,38.250338251003996,38.39525755100476,0.002021156302378173,0.1107177734375,0.1214599609375,16384,5.12e-07,0.008388608,64,True,0.46566128730773926,0.3599853515625,0.3599853515625,131259.0,4938.0,5760.0,27168.0,0.01661713,0.0007080939,-0.1710858246324572,-0.7056139366007309,0.6876326149075913,0.9265318,-0.9043348,0.3791117,-0.1585164570511949,-0.6537737507837611,0.6371134844290374
38.57865795950056,2026-09-24T00:03:42.055935+00:00,0.2805467616933571,0.2772001028060913,0.0,38.565771134002716,38.591544784998405,38.42101514300157,38.56577060300333,0.002566557851262974,0.2708740234375,0.2830810546875,16384,5.12e-07,0.008388608,64,True,0.46566128730773926,0.3599853515625,0.3599853515625,131409.0,4956.0,10016.0,22032.0,0.01667575,0.0007155019,-0.11373699332841915,-0.9930256009848714,0.031049188994979885,0.9303102,-0.8424176,0.01552709,-0.10581068501076028,-0.9238218454573558,0.028885377223757534
38.74895297749754,2026-09-24T00:03:42.224983+00:00,0.45799884908377075,0.4547491520643234,0.0,38.737306652998086,38.76059930199699,38.59273062800639,38.73730632200022,0.002573619326764758,0.4482421875,0.4603271484375,16384,5.12e-07,0.008388608,64,True,0.46566128730773926,0.3599853515625,0.3599853515625,131609.0,4980.0,5392.0,29392.0,0.01665725,0.0007102098,0.09073354289089848,0.019758410539177283,-0.9956791799608099,0.916945,0.1072078,-0.7389012,0.0831976684860949,0.018117375751845913,-0.9129830456691649
38.91629554500105,2026-09-24T00:03:42.392248+00:00,0.6093843684252318,0.6078708916902542,0.0,38.90473072900204,38.92786036100006,38.76162671700877,38.904729877001955,0.0019697373371489434,0.602294921875,0.6126708984375,16384,5.12e-07,0.008388608,64,True,0.46566128730773926,0.3599853515625,0.3599853515625,131775.0,5000.0,10992.0,24592.0,0.016634,0.0007042848,0.03194558810446626,0.9951292901684313,-0.09325864704966477,0.9316936,0.7693527,-0.04669718,0.029763499985167346,0.9271555908224703,-0.08688848460083155
39.08744121800555,2026-09-24T00:03:42.565971+00:00,0.7033905333824083,0.7043287679553032,0.0,39.07329572200251,39.10158671400859,38.92899262299761,39.07329523100634,0.001230435636785065,0.69921875,0.7078857421875,16384,5.12e-07,0.008388608,64,True,0.46566128730773926,0.3599853515625,0.3599853515625,131942.0,5020.0,5248.0,28592.0,0.01664802,0.0007096338,-0.13769493491282023,0.4246267806537448,0.8948364107762886,0.9167676,0.9421852,0.5540323,-0.1262342550121824,0.38928407459566006,0.8203570286999923
39.25842132999969,2026-09-24T00:03:42.734609+00:00,0.7131078495641944,0.7143351808190346,0.0,39.24661660200218,39.270226057997206,39.10267850999662,39.24661626100715,0.0009581510569183008,0.7099609375,0.717041015625,16384,5.12e-07,0.008388608,64,True,0.46566128730773926,0.3599853515625,0.3599853515625,132125.0,5042.0,5184.0,28640.0,0.01663377,0.0007113228,-0.19002640292279466,-0.29966349120956187,0.9349287450005591,0.9145398,-1.067968,0.6040291,-0.17378670852373204,-0.2740541893180945,0.8550295474670624
39.42972118950274,2026-09-24T00:03:42.908108+00:00,0.6360644735065937,0.6362858638167381,0.0,39.415718557997025,39.44372382100846,39.27131011900201,39.415718087009736,0.0017861907575057972,0.630615234375,0.640380859375,16384,5.12e-07,0.008388608,64,True,0.46566128730773926,0.3599853515625,0.3599853515625,132291.0,5062.0,5232.0,28816.0,0.01664098,0.0007099122,-0.18742959451833932,-0.1532154683934842,0.9702552073262252,0.9135744,-1.228149,0.6631414,-0.17123087935433515,-0.1399737296082963,0.8864003188799318
39.603649251504976,2026-09-24T00:03:43.081562+00:00,0.4885286740835112,0.4873135983943939,0.0,39.59012092300691,39.617177580003045,39.44480033800937,39.590120241002296,0.00243587177541949,0.4808349609375,0.4930419921875,16384,5.12e-07,0.008388608,64,True,0.46566128730773926,0.3599853515625,0.3599853515625,132457.0,5082.0,5616.0,28368.0,0.01662238,0.0007186461,-0.13502041340435456,0.5904335089691158,0.7957121083975877,0.9086474,0.8978054,0.4600912,-0.12268594758679191,0.5364958727976638,0.7230217384439862
39.77524680001079,2026-09-24T00:03:43.251298+00:00,0.31084747888300446,0.31051550805568695,0.0,39.76357860901044,39.786914991011145,39.618338665997726,39.76357809800538,0.0026826708004965404,0.3037109375,0.3160400390625,16384,5.12e-07,0.008388608,64,True,0.46566128730773926,0.3599853515625,0.3599853515625,132640.0,5104.0,8624.0,26704.0,0.01662952,0.0007361059,0.030742965864270767,0.9042736014181773,-0.425845187630514,0.8814756,0.768406,-0.2199479,0.027099174280987594,0.7970951153742487,-0.3753721422737199
39.94711707250099,2026-09-24T00:03:43.426265+00:00,0.1450639836730401,0.14151186496019363,0.0,39.93235357799858,39.96188056700339,39.78793019200384,39.93235320800159,0.0022066681564223084,0.1351318359375,0.146484375,16384,5.12e-07,0.008388608,64,True,0.46566128730773926,0.3599853515625,0.3599853515625,132806.0,5124.0,5488.0,29328.0,0.01663573,0.0007068082,0.074934454703725,-0.34960608115710595,-0.9338952915162526,0.9220748,-0.6798257,-0.6025784,0.06909517233404629,-0.3223629573617222,-0.8611213141457903
40.120068897005694,2026-09-24T00:03:43.597308+00:00,0.03202122757009057,0.027900077402591705,0.0,40.107212834001984,40.132924960009404,39.96307302200876,40.10721242299769,0.0012625531274452347,0.023193359375,0.031005859375,16384,5.12e-07,0.008388608,64,True,0.46566128730773926,0.3599853515625,0.3599853515625,132956.0,5142.0,10224.0,22192.0,0.01665308,0.0006925882,-0.08167936485705692,-0.9964724317438991,0.01926587996817712,0.9530632,-0.826291,0.009633536,-0.07784559684463421,-0.949701204509622,0.018361601213286786
40.29277418200218,2026-09-24T00:03:43.771387+00:00,0.001160884244440552,-0.0036837905645370483,0.0,40.278546171000926,40.30700219300343,40.13402747600048,40.27854572000797,0.000698848184652016,-0.0067138671875,-0.0020751953125,16384,5.12e-07,0.008388608,64,True,0.46566128730773926,0.3599853515625,0.3599853515625,133156.0,5166.0,5360.0,27952.0,0.01665503,0.0007062991,-0.17739663098376282,-0.5476173825788049,0.8177075501749691,0.9228684,-0.9420358,0.4787086,-0.16371374500137562,-0.5053787776726896,0.7546364584978935
40.46579944450059,2026-09-24T00:03:43.943269+00:00,0.06017460770197319,0.05533610284328461,0.0,40.45271364400105,40.47888524500013,40.30936274799751,40.45271323299676,0.0015479615534985374,0.0504150390625,0.059326171875,16384,5.12e-07,0.008388608,64,True,0.46566128730773926,0.3599853515625,0.3599853515625,133323.0,5186.0,5248.0,28160.0,0.01666678,0.0007062081,-0.17787509493740608,-0.5083201073716394,0.842597839448152,0.9216964,-0.9537032,0.5010445,-0.1639468346534654,-0.46851681301205345,0.7766193952671396
40.63663966200693,2026-09-24T00:03:44.112863+00:00,0.19235747379795692,0.18715009093284607,0.0,40.6247998480103,40.64847947600356,40.48144850099925,40.624799437006004,0.002401467405310336,0.180908203125,0.1923828125,16384,5.12e-07,0.008388608,64,True,0.46566128730773926,0.3599853515625,0.3599853515625,133506.0,5208.0,8512.0,24176.0,0.01664508,0.000715835,-0.13831864430673144,-0.9563671102603283,0.25735171079566777,0.9190852,-0.8572148,0.1301403,-0.12712661886638113,-0.8789828568070359,0.2365281485869785
40.80528260199935,2026-09-24T00:03:44.281347+00:00,0.363243340011977,0.3588706851005554,0.0,40.793602769001154,40.81696243499755,40.64966329500021,40.793602378005744,0.0026499733900740706,0.3524169921875,0.3646240234375,16384,5.12e-07,0.008388608,64,True,0.46566128730773926,0.3599853515625,0.3599853515625,133622.0,5222.0,12816.0,62416.0,0.0166555,0.0007095497,-0.013806387392360356,-0.8525361706369128,-0.5224858480599459,0.9190138,-0.7934947,-0.2748819,-0.012688260541725182,-0.7834925058144776,-0.48017170467179354
40.97564243800298,2026-09-24T00:03:44.452388+00:00,0.5349345844958341,0.5329654142260551,0.0,40.96327972400468,40.98800515200128,40.818036456999835,40.96327925300284,0.002408121417440324,0.5267333984375,0.5379638671875,16384,5.12e-07,0.008388608,64,True,0.46566128730773926,0.3599853515625,0.3599853515625,133839.0,5248.0,7568.0,27792.0,0.01663827,0.000709938,0.07838441997196934,0.8017037469461749,-0.5925596888399696,0.9242178,0.7366669,-0.3171164,0.07244427618076955,0.7409488732543504,-0.5476542119883612
41.1465765239991,2026-09-24T00:03:44.624355+00:00,0.6643759753064823,0.66474200040102,0.0,41.133181186,41.1599718619982,40.989347469003405,41.133180574004655,0.0015526789139043776,0.6597900390625,0.6688232421875,16384,5.12e-07,0.008388608,64,True,0.46566128730773926,0.3599853515625,0.3599853515625,134005.0,5268.0,6352.0,27520.0,0.01660813,0.0007170656,-0.10426662625537046,0.7389991217266605,0.665589038924581,0.9041434,0.8554814,0.3641414,-0.09427198196905992,0.6681611785149567,0.601787936656003
41.322104834005586,2026-09-24T00:03:44.800777+00:00,0.719527827950298,0.7206314206123352,0.0,41.307816369007924,41.33639329900325,41.16300222800055,41.30781588800892,0.000826238044375593,0.716552734375,0.72314453125,16384,5.12e-07,0.008388608,64,True,0.46566128730773926,0.3599853515625,0.3599853515625,134188.0,5290.0,5200.0,28656.0,0.01663562,0.0007089431,-0.18008616066064945,-0.24345368084267557,0.9530473650468058,0.911594,-1.103841,0.6315724,-0.16416546354128408,-0.221930914734098,0.8687922596924779
41.492721115006134,2026-09-24T00:03:44.968902+00:00,0.6841978226417043,0.6855050399899483,0.0,41.480923766008345,41.50451846400392,41.33759595300944,41.4809234150016,0.0012868875253143808,0.6805419921875,0.68896484375,16384,5.12e-07,0.008388608,64,True,0.46566128730773926,0.3599853515625,0.3599853515625,134354.0,5310.0,5264.0,28240.0,0.01665205,0.000706135,-0.18306633655987198,-0.4878886803670566,0.8534936156692912,0.9198046,-0.9648806,0.5113266,-0.1683852584729184,-0.4487622524895484,0.7850473537632461
41.665167200502765,2026-09-24T00:03:45.144907+00:00,0.5681699839272739,0.5677736699581146,0.0,41.649812037008815,41.680522363996715,41.505579190998105,41.64981147600338,0.0021665012403296055,0.5618896484375,0.5726318359375,16384,5.12e-07,0.008388608,64,True,0.46566128730773926,0.3599853515625,0.3599853515625,134520.0,5330.0,5248.0,28864.0,0.01659142,0.000710805,-0.1779341469323156,-0.010078387509115466,0.9839907852519175,0.9117082,-1.542506,0.6958099,-0.16222402081819698,-0.009188548534838146,0.8971124676386122
41.8382203545043,2026-09-24T00:03:45.314718+00:00,0.39962399904362605,0.4000380262732506,0.0,41.82610771700274,41.85033299200586,41.681730519005214,41.82610729600128,0.002585271810642493,0.393310546875,0.406005859375,16384,5.12e-07,0.008388608,64,True,0.46566128730773926,0.3599853515625,0.3599853515625,134703.0,5352.0,8496.0,26240.0,0.0166164,0.0007278401,-0.0651471813182578,0.9188455615695723,0.3892026191460991,0.8936234,0.8207895,0.1998829,-0.058217045670038006,0.8211018948047105,0.34780056781024216
42.010229430001345,2026-09-24T00:03:45.489112+00:00,0.22214652799444526,0.21925201267004013,0.0,41.9957305190037,42.02472834099899,41.85140560200671,41.995728465000866,0.002455699269718191,0.21240234375,0.22509765625,16384,5.12e-07,0.008388608,64,True,0.46566128730773926,0.3599853515625,0.3599853515625,134870.0,5372.0,5856.0,29184.0,0.01685818,0.0007223676,0.09371624877540355,0.5017088548392271,-0.8599450503906503,0.9035132,0.6930652,-0.517581,0.08467386782306094,0.45330057290412556,-0.7769717043026177
42.18335520250548,2026-09-24T00:03:45.661306+00:00,0.07811722801239834,0.07399149239063263,0.0,42.169788026003516,42.19692237900745,42.025802994001424,42.16978751499846,0.0017523465444279065,0.0684814453125,0.078125,16384,5.12e-07,0.008388608,64,True,0.46566128730773926,0.3599853515625,0.3599853515625,135039.0,5392.0,6720.0,27280.0,0.0168895,0.0006931223,0.01745866977179309,-0.8131800184528826,-0.5817503351428077,0.9445724,-0.774665,-0.3104395,0.016490977607150053,-0.7681074016620836,-0.5495053102666462
42.359081695503846,2026-09-24T00:03:45.838627+00:00,0.004437499049438187,-0.0005312860012054443,0.0,42.34392061299877,42.37424277800892,42.199092616006965,42.343919610997546,0.0007858835090008633,-0.003662109375,0.00146484375,16384,5.12e-07,0.008388608,64,True,0.46566128730773926,0.3599853515625,0.3599853515625,135207.0,5412.0,10640.0,59840.0,0.01671383,0.0006989511,-0.15072321558583668,-0.8345042854156827,0.5299859525556561,0.9359704,-0.874742,0.279292,-0.14107246838116178,-0.7810713098222306,0.4960511640078984
42.53257477650186,2026-09-24T00:03:46.009519+00:00,0.021878709828868026,0.016609176993370056,0.0,42.52001360899885,42.54513594400487,42.37532999600808,42.52001323799777,0.0011300844479543704,0.0126953125,0.0196533203125,16384,5.12e-07,0.008388608,64,True,0.46566128730773926,0.3599853515625,0.3599853515625,135390.0,5434.0,5328.0,28032.0,0.0166537,0.0007075001,-0.18212852354459846,-0.4956537937683863,0.8492093485321924,0.917297,-0.9614662,0.5072431,-0.16706594826188953,-0.4546617380623595,0.7789771877805346
42.7050267395025,2026-09-24T00:03:46.184305+00:00,0.1237567267767665,0.12007550895214081,0.0,42.69013287000416,42.71992060900084,42.54629277200729,42.69013209801051,0.002133688529137658,0.1142578125,0.1248779296875,16384,5.12e-07,0.008388608,64,True,0.46566128730773926,0.3599853515625,0.3599853515625,135557.0,5454.0,5904.0,26992.0,0.01664313,0.0007167506,-0.185986626757976,-0.7225751644606926,0.6658033541307766,0.9099538,-0.911361,0.364285,-0.16923923776760194,-0.6575100166866322,0.605850292144046
42.87640438249946,2026-09-24T00:03:46.352574+00:00,0.2834043351352551,0.27873943001031876,0.0,42.864618018997135,42.88819074600178,42.72099927000818,42.86461743799737,0.0026210675246643284,0.2718505859375,0.2843017578125,16384,5.12e-07,0.008388608,64,True,0.46566128730773926,0.3599853515625,0.3599853515625,135690.0,5470.0,10496.0,22416.0,0.01665925,0.0007141725,-0.10433224497818372,-0.9944196839243237,0.01562929562265479,0.9154004,-0.8376658,0.007814966,-0.09550577878592736,-0.9102921764321995,0.014307063464696445
43.0482087795026,2026-09-24T00:03:46.526680+00:00,0.46233727789667367,0.4611559510231018,0.0,43.03412206900248,43.062295490002725,42.88921705899702,43.034121769000194,0.0024982798625166696,0.4542236328125,0.466552734375,16384,5.12e-07,0.008388608,64,True,0.46566128730773926,0.3599853515625,0.3599853515625,135906.0,5496.0,5392.0,29392.0,0.01661947,0.0007075615,0.09981223791729048,0.10502533974551845,-0.9894479244372999,0.9190794,0.4054213,-0.7126978,0.09173537173768058,0.09652662623810725,-0.9093812047230789
43.22052031700878,2026-09-24T00:03:46.698028+00:00,0.6163233836346069,0.6157424300909042,0.0,43.20739588901051,43.23364474500704,43.06337799799803,43.20739448600216,0.0019150393136382537,0.6102294921875,0.6204833984375,16384,5.12e-07,0.008388608,64,True,0.46566128730773926,0.3599853515625,0.3599853515625,136072.0,5516.0,11536.0,23824.0,0.0165954,0.0007055701,0.022532381488613213,0.9993983696983675,0.02636646409166039,0.9303468,0.7741271,0.01318476,0.02096292901431054,0.9297870751740932,0.02452995549499115
43.39374031850457,2026-09-24T00:03:46.871534+00:00,0.7067816346244359,0.7076305970549583,0.0,43.38032974700036,43.40715089000878,43.23606551300327,43.380329396008165,0.0010848638916698056,0.702880859375,0.710693359375,16384,5.12e-07,0.008388608,64,True,0.46566128730773926,0.3599853515625,0.3599853515625,136255.0,5538.0,5200.0,28848.0,0.01659617,0.0007102523,-0.1583824393346452,0.2362266982158486,0.958703264811613,0.91382,1.080713,0.6412036,-0.14473304071278545,0.21586868136360676,0.8760822174501482
43.56757822500367,2026-09-24T00:03:47.045384+00:00,0.7099000462471821,0.71089818328619,0.0,43.554156337006134,43.58100011300121,43.40981616900535,43.554155835998245,0.0010240061576947525,0.7066650390625,0.7142333984375,16384,5.12e-07,0.008388608,64,True,0.46566128730773926,0.3599853515625,0.3599853515625,136421.0,5558.0,5200.0,28656.0,0.01663242,0.0007113465,-0.1904018910446146,-0.3369464008220551,0.9220706279129043,0.9179804,-1.042572,0.5866985,-0.17478520410189174,-0.3093101918051905,0.846442763839739
43.738640744501026,2026-09-24T00:03:47.214336+00:00,0.6264064276308206,0.6283604949712753,0.0,43.72732749200077,43.749953997001285,43.58310608800093,43.72732715200982,0.0018333683829884263,0.6226806640625,0.6329345703125,16384,5.12e-07,0.008388608,64,True,0.46566128730773926,0.3599853515625,0.3599853515625,136604.0,5580.0,5200.0,28832.0,0.0165966,0.0007073891,-0.18664406931955266,-0.21853950610945752,0.9578123384344516,0.9212442,-1.138819,0.6396455,-0.17194476632503583,-0.2013282524742023,0.8823790614711755
43.90630617750139,2026-09-24T00:03:47.382391+00:00,0.48093155971773244,0.48131393641233444,0.0,43.89460502000293,43.91800733499986,43.750960883000516,43.89460457900714,0.0025037348898268637,0.474365234375,0.4869384765625,16384,5.12e-07,0.008388608,64,True,0.46566128730773926,0.3599853515625,0.3599853515625,136770.0,5600.0,5776.0,28256.0,0.0166063,0.0007233345,-0.13176721492483237,0.6258214822889744,0.7687554054291807,0.9021272,0.889158,0.4384464,-0.11887078865193725,0.5645705815172021,0.6935151613846916
44.077215843506565,2026-09-24T00:03:47.555861+00:00,0.30355267862041385,0.30073580145835876,0.0,44.062954154011095,44.091477533002035,43.919153754002764,44.062953423010185,0.002617752247885715,0.2933349609375,0.306396484375,16384,5.12e-07,0.008388608,64,True,0.46566128730773926,0.3599853515625,0.3599853515625,136936.0,5620.0,9024.0,26480.0,0.01661805,0.0007247828,0.05087604747631593,0.9213345330641921,-0.38542743282824937,0.9009242,0.7578162,-0.1978355,0.04583546237176195,0.8300525771332308,-0.3472409015788443
44.25209621250542,2026-09-24T00:03:47.731791+00:00,0.13669793819145645,0.13414137065410614,0.0,44.23678627400659,44.26740615100425,44.09266991799814,44.236785763001535,0.00211495454135653,0.1279296875,0.138671875,16384,5.12e-07,0.008388608,64,True,0.46566128730773926,0.3599853515625,0.3599853515625,137103.0,5640.0,5456.0,29360.0,0.016637,0.00070702,0.07775286541561066,-0.30944169910036373,-0.9477343123352355,0.9209928,-0.6623122,-0.6230291,0.07160982922714643,-0.28499357689120147,-0.872856477973703
44.426814791499055,2026-09-24T00:03:47.904775+00:00,0.027102029462234167,0.022561170160770416,0.0,44.41323813700001,44.4403914459981,44.26862675900338,44.41323768600705,0.0011666265838443223,0.01806640625,0.0257568359375,16384,5.12e-07,0.008388608,64,True,0.46566128730773926,0.3599853515625,0.3599853515625,137252.0,5658.0,9856.0,22960.0,0.01664417,0.0007006655,-0.08047989713178988,-0.9939627901131075,-0.07457183133209991,0.9537788,-0.8257944,-0.03732056,-0.07676001971048199,-0.9480206371987315,-0.07112503180173266
44.59973679550603,2026-09-24T00:03:48.078408+00:00,0.0023954704336940913,-0.0024418309330940247,0.0,44.58544961300504,44.614023978007026,44.44147435500054,44.585447999997996,0.000736081399585373,-0.005615234375,-0.0006103515625,16384,5.12e-07,0.008388608,64,True,0.46566128730773926,0.3599853515625,0.3599853515625,137452.0,5682.0,5312.0,27968.0,0.01664502,0.0007055797,-0.17945105228788022,-0.5223486507447368,0.8336361357918247,0.9236446,-0.9508552,0.4928294,-0.16574899541001822,-0.48246451057766215,0.7699835151889857
44.77056777050893,2026-09-24T00:03:48.246763+00:00,0.06601099486347617,0.06064511835575104,0.0,44.758755483009736,44.78238005800813,44.61514856500435,44.75875459201052,0.0016624996501653836,0.0552978515625,0.0643310546875,16384,5.12e-07,0.008388608,64,True,0.46566128730773926,0.3599853515625,0.3599853515625,137635.0,5704.0,5392.0,27888.0,0.0166431,0.0007086643,-0.18005701891918072,-0.5815775121353697,0.7933139777643979,0.9195816,-0.935519,0.4581166,-0.16557712154893048,-0.5348079791334627,0.7295169369749495
44.939417342502566,2026-09-24T00:03:48.415648+00:00,0.19968066386596892,0.19433476775884628,0.0,44.927569363004295,44.951265322000836,44.78343777899863,44.92756891199679,0.002333403010390131,0.1883544921875,0.199462890625,16384,5.12e-07,0.008388608,64,True,0.46566128730773926,0.3599853515625,0.3599853515625,137802.0,5724.0,8016.0,24144.0,0.01665515,0.0007093362,-0.13219404315336783,-0.9450048097428663,0.2991498696600331,0.923891,-0.8548908,0.1519008,-0.12213288672300816,-0.8730814386781465,0.27638187223007765
45.10915924049914,2026-09-24T00:03:48.585758+00:00,0.3726246238791342,0.36877135187387466,0.0,45.096944851000444,45.121373629997834,44.952334765999694,45.096944479999365,0.00260490211767819,0.362060546875,0.374267578125,16384,5.12e-07,0.008388608,64,True,0.46566128730773926,0.3599853515625,0.3599853515625,137935.0,5740.0,11072.0,64144.0,0.0167014,0.0007173909,-0.018426574740730086,-0.8068934278547003,-0.5904095675276746,0.9241242,-0.7968144,-0.3157831,-0.017028443641017396,-0.7456697435014826,-0.5456117692638582
45.27904176749871,2026-09-24T00:03:48.755722+00:00,0.5426423314751153,0.540977880358696,0.0,45.26674608999747,45.291337444999954,45.12246078700991,45.266744687003666,0.0022848773986733155,0.5347900390625,0.546142578125,16384,5.12e-07,0.008388608,64,True,0.46566128730773926,0.3599853515625,0.3599853515625,138135.0,5764.0,7440.0,28176.0,0.0166582,0.0007105638,0.0831258762333304,0.7467088740846578,-0.6599363197033965,0.9113296,0.7299649,-0.360367,0.07575507153737049,0.6804978995360216,-0.6014195022607685
45.44997691150638,2026-09-24T00:03:48.927950+00:00,0.6690248319866479,0.669459193944931,0.0,45.436387929003104,45.46356589400966,45.29247730100178,45.43638693699904,0.001456725394604624,0.6646728515625,0.67333984375,16384,5.12e-07,0.008388608,64,True,0.46566128730773926,0.3599853515625,0.3599853515625,138302.0,5784.0,6496.0,27520.0,0.01666625,0.000709221,-0.08510745363550799,0.7600742708130327,0.6442389496015563,0.9209728,0.8411522,0.3500139,-0.07838164987556398,0.700007729398637,0.5933265492836042
45.62116704600339,2026-09-24T00:03:49.097981+00:00,0.7197158924909653,0.7207052111625671,0.0,45.60873675500625,45.63359733700054,45.464680623001186,45.60873604399967,0.0008751047804192275,0.7169189453125,0.7232666015625,16384,5.12e-07,0.008388608,64,True,0.46566128730773926,0.3599853515625,0.3599853515625,138485.0,5806.0,5232.0,28768.0,0.0166075,0.0007126295,-0.1826838415770475,-0.18954953030334248,0.9647266916533586,0.9100804,-1.168876,0.6522016,-0.16625698361597602,-0.17250531235827804,0.8779788534305653
45.790316352002264,2026-09-24T00:03:49.266425+00:00,0.6829853401237206,0.6844127327203751,0.0,45.77859052299755,45.80204218100698,45.6347265229997,45.77859004199854,0.0013264768483695186,0.6793212890625,0.6884765625,16384,5.12e-07,0.008388608,64,True,0.46566128730773926,0.3599853515625,0.3599853515625,138651.0,5826.0,5216.0,28352.0,0.01662998,0.0007039285,-0.17411177922226154,-0.4298740022927221,0.8859421146377991,0.9205262,-0.9778156,0.5442607,-0.16027445450270736,-0.3957102818093107,0.8155329282074976
45.959704979009985,2026-09-24T00:03:49.435898+00:00,0.5685388878844779,0.5699167996644974,0.0,45.947895247009,45.97151471101097,45.80312843700813,45.947894766009995,0.002176133466847018,0.5635986328125,0.574951171875,16384,5.12e-07,0.008388608,64,True,0.46566128730773926,0.3599853515625,0.3599853515625,138818.0,5846.0,5248.0,28880.0,0.01663045,0.0007142145,-0.1823932066932632,0.007628598904427571,0.9831960753740344,0.9086586,1.549896,0.6936071,-0.16573315584341117,0.00693179200045869,0.8933895693748646
46.130127217002155,2026-09-24T00:03:49.607727+00:00,0.4028261926818068,0.40176765620708466,0.0,46.1169109360053,46.14334349799901,45.97259023600782,46.11691037499986,0.0026702389744766328,0.3948974609375,0.4078369140625,16384,5.12e-07,0.008388608,64,True,0.46566128730773926,0.3599853515625,0.3599853515625,138984.0,5866.0,7440.0,27168.0,0.01663182,0.000729287,-0.0866221722897023,0.8618688866933423,0.4996785180671585,0.8999286,0.8354825,0.2616138,-0.07795377023763059,0.7756204605854982,0.44967498921425264
46.303159994502494,2026-09-24T00:03:49.780923+00:00,0.22413068024445723,0.22145988047122955,0.0,46.289781062005204,46.31653892699978,46.14588606500183,46.28978065100091,0.0024465162757846604,0.2147216796875,0.226806640625,16384,5.12e-07,0.008388608,64,True,0.46566128730773926,0.3599853515625,0.3599853515625,139167.0,5888.0,5968.0,29104.0,0.0166658,0.0007231846,0.09216078019667648,0.5247314895763691,-0.8462642934925854,0.9002004,0.6984677,-0.5044669,0.08296317119736024,0.4723634968092433,-0.7618074555077428
46.478645923009026,2026-09-24T00:03:49.957245+00:00,0.0779054623797864,0.07442090660333633,0.0,46.464430581007036,46.492861265011015,46.31924236699706,46.464430271007586,0.001734725700722977,0.069580078125,0.078369140625,16384,5.12e-07,0.008388608,64,True,0.46566128730773926,0.3599853515625,0.3599853515625,139334.0,5908.0,6640.0,27520.0,0.01665613,0.000698648,0.012926208896956783,-0.7825610173497882,-0.622439689647131,0.9389176,-0.77714,-0.335928,0.01213664503462931,-0.7347603122636215,-0.5844195795482291
46.652122856998176,2026-09-24T00:03:50.129703+00:00,0.00476069959583042,-1.971423625946045e-05,0.0,46.63892627799942,46.665319435996935,46.493952099001035,46.63892593700439,0.0008136964062691536,-0.0035400390625,0.0020751953125,16384,5.12e-07,0.008388608,64,True,0.46566128730773926,0.3599853515625,0.3599853515625,139517.0,5930.0,11760.0,60240.0,0.01668477,0.000698366,-0.14157929023318397,-0.8742356361466304,0.46439999684363087,0.9510288,-0.8656744,0.2414785,-0.13464598249531667,-0.8314232679617665,0.44165777171820203
46.823068306002824,2026-09-24T00:03:50.300484+00:00,0.02029004828389014,0.015339761972427368,0.0,46.81003653300286,46.83610007900279,46.66644672800612,46.81003613201028,0.0010615825679681802,0.0113525390625,0.01806640625,16384,5.12e-07,0.008388608,64,True,0.46566128730773926,0.3599853515625,0.3599853515625,139683.0,5950.0,5360.0,28176.0,0.0166487,0.0007070832,-0.18363366669652986,-0.5464899581743157,0.8170846969991682,0.9214522,-0.9474832,0.478168,-0.16920964617158418,-0.5035643742376312,0.752904491636217
46.99249312500615,2026-09-24T00:03:50.468640+00:00,0.1178526757611996,0.11241128295660019,0.0,46.98072972000227,47.004256530010025,46.837213314996916,46.980728718001046,0.0020042966551544225,0.1065673828125,0.1171875,16384,5.12e-07,0.008388608,64,True,0.46566128730773926,0.3599853515625,0.3599853515625,139850.0,5970.0,6080.0,26848.0,0.01668753,0.0007118695,-0.1733167818139009,-0.7533026361369308,0.6344260646685501,0.921568,-0.8984684,0.3436329,-0.15972319998267304,-0.6942196037794391,0.5846667595644665
47.166173998004524,2026-09-24T00:03:50.645598+00:00,0.27806420731926534,0.27530694752931595,0.0,47.15113432399812,47.18121367201093,47.00529169900983,47.151133583000046,0.0025188292349742477,0.268310546875,0.2806396484375,16384,5.12e-07,0.008388608,64,True,0.46566128730773926,0.3599853515625,0.3599853515625,139983.0,5986.0,10176.0,22544.0,0.01663817,0.0007028046,-0.07842824798246807,-0.9964762400424475,0.02973403688144183,0.9521818,-0.82467,0.01486921,-0.07467795033479281,-0.9488265399008498,0.028312208759037668
47.33896457750234,2026-09-24T00:03:50.815523+00:00,0.45807689164904764,0.45474403351545334,0.0,47.32678994300659,47.35113921199809,47.1823269380111,47.326789452010416,0.0025787820259238524,0.4481201171875,0.460205078125,16384,5.12e-07,0.008388608,64,True,0.46566128730773926,0.3599853515625,0.3599853515625,140200.0,6012.0,5376.0,29376.0,0.01664272,0.0007095399,0.09561819488071822,0.054621197770124676,-0.9939183495448255,0.9201754,0.259503,-0.7302265,0.08798551072164285,0.05026108250660358,-0.9145792148597496
47.509066669001186,2026-09-24T00:03:50.986652+00:00,0.6115301931710022,0.6105076223611832,0.0,47.495867530000396,47.522265808001976,47.35229126201011,47.49586693900346,0.0020032268385655103,0.6044921875,0.614990234375,16384,5.12e-07,0.008388608,64,True,0.46566128730773926,0.3599853515625,0.3599853515625,140366.0,6032.0,11344.0,24192.0,0.01663165,0.000701754,0.03805612127405232,0.9967746873006689,-0.07065376416177879,0.9384618,0.7663178,-0.03535634,0.03571421607186544,0.9354349672386228,-0.06630585869203842
47.684998917502526,2026-09-24T00:03:51.164346+00:00,0.7057135769605898,0.7066899612545967,0.0,47.67003656399902,47.69996127100603,47.52493456299999,47.67003515100805,0.0010564439216433732,0.7021484375,0.709716796875,16384,5.12e-07,0.008388608,64,True,0.46566128730773926,0.3599853515625,0.3599853515625,140549.0,6054.0,5248.0,28720.0,0.01661337,0.0007113364,-0.14873473693612743,0.3375971114390052,0.9294655283422731,0.9143654,0.9928898,0.5964807,-0.13599789723249694,0.3086871178397706,0.8498711196088939
47.85849632749887,2026-09-24T00:03:51.336066+00:00,0.7108771857317495,0.7119418755173683,0.0,47.845309491996886,47.87168316300085,47.701247732999036,47.845308931006,0.00104586138996338,0.7071533203125,0.7152099609375,16384,5.12e-07,0.008388608,64,True,0.46566128730773926,0.3599853515625,0.3599853515625,140715.0,6074.0,5200.0,28768.0,0.016619,0.0007153198,-0.19423031176611807,-0.21525645225041357,0.9570471491811686,0.9128458,-1.152446,0.6383201,-0.17730232432839146,-0.1964959483596906,0.8736364705320032
48.02818832200137,2026-09-24T00:03:51.504157+00:00,0.6302116986184061,0.6319497749209404,0.0,48.01660323300166,48.03977341100108,47.872828649997246,48.016602852003416,0.0018141007511242183,0.6265869140625,0.635986328125,16384,5.12e-07,0.008388608,64,True,0.46566128730773926,0.3599853515625,0.3599853515625,140882.0,6094.0,5248.0,28864.0,0.01664282,0.0007111694,-0.184653427098079,-0.08899987069898856,0.9787656179476769,0.9150546,-1.346231,0.6821752,-0.16896796787186186,-0.0814397410825147,0.8956239810248644
48.197751325504214,2026-09-24T00:03:51.674813+00:00,0.4844191631436705,0.4843584969639778,0.0,48.185073233005824,48.210429418002605,48.04087441400043,48.185071950996644,0.0025108333250829238,0.477294921875,0.4896240234375,16384,5.12e-07,0.008388608,64,True,0.46566128730773926,0.3599853515625,0.3599853515625,141065.0,6116.0,6096.0,27904.0,0.01661202,0.0007225307,-0.1231745173493962,0.660265841990363,0.7408623733032339,0.8972186,0.8776146,0.4171767,-0.11051446801190097,0.5924027943784147,0.6647155013678049
48.368616652005585,2026-09-24T00:03:51.845966+00:00,0.3072656716835913,0.305837020277977,0.0,48.35565106300055,48.38158224101062,48.21157364200917,48.355650372002856,0.00264666406527071,0.298583984375,0.312255859375,16384,5.12e-07,0.008388608,64,True,0.46566128730773926,0.3599853515625,0.3599853515625,141231.0,6136.0,8192.0,26912.0,0.01663433,0.0007267192,0.0486288429585064,0.9051651555302097,-0.42226919950013875,0.9002956,0.7585621,-0.2179736,0.04378033334863429,0.8149162067971635,-0.3801671023254971
48.5430745180056,2026-09-24T00:03:52.022026+00:00,0.14000863543827644,0.1364879310131073,0.0,48.52850705300807,48.55764198300312,48.38431840299745,48.528506332004326,0.0021944012602556086,0.13037109375,0.1414794921875,16384,5.12e-07,0.008388608,64,True,0.46566128730773926,0.3599853515625,0.3599853515625,141397.0,6156.0,5456.0,29248.0,0.01662358,0.0006999269,0.08301606992219873,-0.36088402576083406,-0.9289085272971318,0.932908,-0.6723472,-0.5957272,0.07744635575897857,-0.33667159470448815,-0.8665861963837126
48.71436486400489,2026-09-24T00:03:52.190332+00:00,0.03015402104965481,0.026341892778873444,0.0,48.70278138300637,48.72594834500342,48.55883421799808,48.70278101200529,0.0012213189491201608,0.0218505859375,0.0294189453125,16384,5.12e-07,0.008388608,64,True,0.46566128730773926,0.3599853515625,0.3599853515625,141547.0,6174.0,10320.0,21904.0,0.01663912,0.0006869057,-0.06706504958216188,-0.9977478851927267,0.0011986317129838583,0.9366766,-0.8189559,0.000599316,-0.06281826262145081,-0.9345670967595135,0.0011227302775698963
48.88558121550159,2026-09-24T00:03:52.363755+00:00,0.0014163278511962751,-0.0035065412521362305,0.0,48.8717914900044,48.89937094099878,48.726945622998755,48.87179082800867,0.0007589942939682682,-0.0069580078125,-0.001708984375,16384,5.12e-07,0.008388608,64,True,0.46566128730773926,0.3599853515625,0.3599853515625,141746.0,6198.0,5328.0,27952.0,0.01662133,0.0007046284,-0.17762864865507033,-0.525519164955156,0.8320322532461161,0.9235004,-0.9483732,0.4913806,-0.16404012808441693,-0.4853171590437526,0.7683821186856895
49.054901988500205,2026-09-24T00:03:52.531085+00:00,0.05969042047924905,0.05428274720907211,0.0,49.04310372300097,49.06670025399944,48.90044596500229,49.043102971001645,0.0015214270090771328,0.04931640625,0.0582275390625,16384,5.12e-07,0.008388608,64,True,0.46566128730773926,0.3599853515625,0.3599853515625,141913.0,6218.0,5248.0,28208.0,0.01662677,0.0007071148,-0.18024979685337292,-0.49001110492273575,0.8528769710730367,0.9192002,-0.9616412,0.5107355,-0.16568564931757976,-0.4504183056471997,0.7839646823857296
49.22526193750673,2026-09-24T00:03:52.703023+00:00,0.1911355026152179,0.18731717765331268,0.0,49.21188463900762,49.23863923600584,49.06773236799927,49.211884058007854,0.0023894735658457713,0.1810302734375,0.1927490234375,16384,5.12e-07,0.008388608,64,True,0.46566128730773926,0.3599853515625,0.3599853515625,142079.0,6238.0,7600.0,25120.0,0.016645,0.0007157277,-0.15329045794317875,-0.9039958772562577,0.3991158846842098,0.92075,-0.8693842,0.2052762,-0.14114218915118182,-0.8323542039836993,0.36748595082298613
49.39675185400847,2026-09-24T00:03:52.873163+00:00,0.3648596287126638,0.36095673590898514,0.0,49.38473249200615,49.40877121601079,49.23988544300664,49.384731961006764,0.0026178041255542138,0.3543701171875,0.3665771484375,16384,5.12e-07,0.008388608,64,True,0.46566128730773926,0.3599853515625,0.3599853515625,142212.0,6254.0,12880.0,62448.0,0.01664712,0.0007202405,-0.04698584573129696,-0.8800112740923929,-0.47262298692636406,0.907791,-0.812069,-0.2461324,-0.0426533278822598,-0.7988663145196074,-0.429042893924871
49.566891542999656,2026-09-24T00:03:53.043558+00:00,0.5361433101773969,0.5344750210642815,0.0,49.554608209000435,49.57917487699888,49.40992304500833,49.55460787800257,0.0023900397895160273,0.528564453125,0.5396728515625,16384,5.12e-07,0.008388608,64,True,0.46566128730773926,0.3599853515625,0.3599853515625,142428.0,6280.0,7184.0,28320.0,0.01658673,0.000708504,0.08663597814579907,0.7543539314585344,-0.6507260202141708,0.9201628,0.7282247,-0.3542701,0.07971920423137728,0.694128425761893,-0.598773876793128
49.73809311650257,2026-09-24T00:03:53.215822+00:00,0.6652622819321645,0.6657303124666214,0.0,49.7247483030078,49.75143792999734,49.580297070002416,49.72474786300154,0.0015808825855040522,0.660400390625,0.670166015625,16384,5.12e-07,0.008388608,64,True,0.46566128730773926,0.3599853515625,0.3599853515625,142594.0,6300.0,6736.0,27408.0,0.01659648,0.0007088073,-0.0802927644251676,0.7934856282810397,0.6032691187955903,0.9257176,0.8358215,0.3237969,-0.07432842518103153,0.7345436114468162,0.5584568408055688
49.91145319450152,2026-09-24T00:03:53.387989+00:00,0.7194966806040992,0.7206103876233101,0.0,49.899300946999574,49.92360544200346,49.7540853649989,49.89930053600983,0.0008408503544577892,0.716552734375,0.7230224609375,16384,5.12e-07,0.008388608,64,True,0.46566128730773926,0.3599853515625,0.3599853515625,142777.0,6322.0,5200.0,28752.0,0.01658303,0.0007122444,-0.1830776601163094,-0.18271716561125773,0.965969465230307,0.910823,-1.17859,0.6545828,-0.1667513436201173,-0.1664229969335426,0.879827206229464
50.08071201550047,2026-09-24T00:03:53.556715+00:00,0.6850822783399737,0.6864597201347351,0.0,50.069093227997655,50.09233080300328,49.92474903500988,50.069092787001864,0.0014074255931894192,0.6812744140625,0.6907958984375,16384,5.12e-07,0.008388608,64,True,0.46566128730773926,0.3599853515625,0.3599853515625,142943.0,6342.0,5200.0,28432.0,0.01661238,0.0007068884,-0.1824504107086812,-0.3956503488923172,0.9000959110303863,0.919538,-1.001438,0.5599948,-0.16777008576223928,-0.3638155305197436,0.8276723938370594
50.24948609350395,2026-09-24T00:03:53.725482+00:00,0.5729670279592589,0.5743909254670143,0.0,50.23787411399826,50.261098073009634,50.093369349007844,50.23787298100069,0.0021260621212608652,0.568359375,0.579833984375,16384,5.12e-07,0.008388608,64,True,0.46566128730773926,0.3599853515625,0.3599853515625,143109.0,6362.0,5248.0,28880.0,0.01661677,0.0007129929,-0.1807350131432111,0.040366265548581255,0.9827031187646575,0.9085544,1.460927,0.6922666,-0.1642075914253223,0.036674948175731914,0.8928392424473521
50.42161592400225,2026-09-24T00:03:53.900879+00:00,0.4064617257017091,0.4048537313938141,0.0,50.40673800400691,50.436493843997596,50.262197112999274,50.40673746301036,0.002683414398816439,0.398193359375,0.41015625,16384,5.12e-07,0.008388608,64,True,0.46566128730773926,0.3599853515625,0.3599853515625,143275.0,6382.0,8336.0,26496.0,0.01661667,0.0007286932,-0.08204881285753586,0.8892466387381112,0.45000934190485437,0.8948136,0.8314018,0.2333879,-0.07341839360877794,0.7957099860971487,0.4026744792635136
50.597981672006426,2026-09-24T00:03:54.077895+00:00,0.22427272515456995,0.22167015075683594,0.0,50.5824517650035,50.613511579009355,50.43772120500216,50.582451194000896,0.0024394802602811807,0.215087890625,0.2269287109375,16384,5.12e-07,0.008388608,64,True,0.46566128730773926,0.3599853515625,0.3599853515625,143458.0,6404.0,5760.0,29312.0,0.01658858,0.0007190409,0.10059653122246075,0.4528341158026593,-0.8859015754987866,0.9030402,0.6760987,-0.544217,0.0908427116744372,0.4089274105012566,-0.8000047359187393
50.77055502800067,2026-09-24T00:03:54.246614+00:00,0.07991791678520882,0.07700776308774948,0.0,50.75888023000152,50.78222982599982,50.61462643800769,50.75887937800144,0.0017541673022859632,0.07177734375,0.0811767578125,16384,5.12e-07,0.008388608,64,True,0.46566128730773926,0.3599853515625,0.3599853515625,143624.0,6424.0,7360.0,26544.0,0.01656425,0.0006978163,-0.010061437261488719,-0.8701717015814873,-0.49264589437750544,0.939414,-0.7911792,-0.2575638,-0.009451855023564163,-0.8174514788694712,-0.4627984502207499
50.94185292750626,2026-09-24T00:03:54.420361+00:00,0.005696503332425329,0.0007955357432365417,0.0,50.92772802100808,50.95597783400444,50.78328570400481,50.9277276310022,0.0008160929696599347,-0.002685546875,0.0028076171875,16384,5.12e-07,0.008388608,64,True,0.46566128730773926,0.3599853515625,0.3599853515625,143806.0,6446.0,8816.0,63520.0,0.01657817,0.0006966716,-0.15502364488612966,-0.7396128879245026,0.6549354514318158,0.9340342,-0.8887032,0.3570486,-0.1447973861323002,-0.6908237320822526,0.611732110429755
51.112492237007245,2026-09-24T00:03:54.588534+00:00,0.01840233159454513,0.013170324265956879,0.0,51.10083460100577,51.12414987300872,50.9570136340044,51.10083383999881,0.0010700036278679173,0.009033203125,0.0157470703125,16384,5.12e-07,0.008388608,64,True,0.46566128730773926,0.3599853515625,0.3599853515625,143972.0,6466.0,5200.0,28528.0,0.01659445,0.0007124135,-0.18957909662654335,-0.3598093058446065,0.9135628218956189,0.9123116,-1.027861,0.57598,-0.17295520896991637,-0.3282582035099823,0.8334539597441071
51.283217973999854,2026-09-24T00:03:54.760880+00:00,0.11456484949328047,0.11025919020175934,0.0,51.26993993700307,51.296496010996634,51.12516383201,51.26993953700003,0.001964226540421126,0.1044921875,0.1146240234375,16384,5.12e-07,0.008388608,64,True,0.46566128730773926,0.3599853515625,0.3599853515625,144138.0,6486.0,5424.0,27984.0,0.01662505,0.0007095545,-0.17982931633544955,-0.5910348750815255,0.786345466969633,0.9217418,-0.9330792,0.4524355,-0.16575619773180666,-0.5447815496204205,0.7248074861464301
51.45346328600135,2026-09-24T00:03:54.929521+00:00,0.27021079845343704,0.26557234674692154,0.0,51.441789149001124,51.46513742300158,51.29760551999789,51.441788566997275,0.0025717618344088,0.2591552734375,0.2711181640625,16384,5.12e-07,0.008388608,64,True,0.46566128730773926,0.3599853515625,0.3599853515625,144304.0,6506.0,9872.0,22400.0,0.01664862,0.0007158757,-0.11361034212313773,-0.9915058625982957,0.06331520035404781,0.9125084,-0.8424412,0.03167879,-0.10367039151423701,-0.9047574282701906,0.0577756521707516
51.623872051502985,2026-09-24T00:03:55.100804+00:00,0.4478412320379418,0.4452769383788109,0.0,51.6113244050066,51.63641969799937,51.46624481800245,51.61132393400476,0.0025163796107573293,0.438720703125,0.4505615234375,16384,5.12e-07,0.008388608,64,True,0.46566128730773926,0.3599853515625,0.3599853515625,144487.0,6528.0,5392.0,29504.0,0.01660882,0.0007135742,0.07539921297089067,-0.1672079389856592,-0.9830343146724525,0.916429,-0.5735843,-0.6931651,0.06909802534370037,-0.1532342043166887,-0.900881153960961
51.79364519900264,2026-09-24T00:03:55.269883+00:00,0.6035877843998543,0.6022752225399017,0.0,51.781790823006304,51.805499574998976,51.63771977600118,51.78179030200408,0.0019791150967548264,0.5966796875,0.6068115234375,16384,5.12e-07,0.008388608,64,True,0.46566128730773926,0.3599853515625,0.3599853515625,144653.0,6548.0,10576.0,25360.0,0.01660237,0.0007091793,0.03961354062067434,0.9782706263364285,-0.2035125279849527,0.9193072,0.7651625,-0.1024721,0.03641701311007839,0.8993312303395883,-0.1870905322667685
51.96514124650275,2026-09-24T00:03:55.443912+00:00,0.7010389122370124,0.702089786529541,0.0,51.95075451199955,51.97952798100596,51.806576251998194,51.95075396100583,0.001123215306229512,0.697509765625,0.705322265625,16384,5.12e-07,0.008388608,64,True,0.46566128730773926,0.3599853515625,0.3599853515625,144819.0,6568.0,5360.0,28560.0,0.01660338,0.0007154984,-0.1360967204727466,0.494537630461788,0.85843474692827,0.9102978,0.9196742,0.5161051,-0.12388854523355619,0.4501765170265786,0.781431261572361
52.13668569900619,2026-09-24T00:03:55.612893+00:00,0.7143997582577564,0.7156151235103607,0.0,52.12486283700855,52.14850856100384,51.980630928010214,52.12486244700267,0.0009152371165514313,0.71142578125,0.7183837890625,16384,5.12e-07,0.008388608,64,True,0.46566128730773926,0.3599853515625,0.3599853515625,145002.0,6590.0,5200.0,28800.0,0.01662418,0.000714028,-0.19200101183078425,-0.23392133777250015,0.9531088181265972,0.9134192,-1.129044,0.6316739,-0.17537741062566548,-0.21366824121108688,0.8705878941661419
52.30640616799792,2026-09-24T00:03:55.783642+00:00,0.6415381613543443,0.6427071839570999,0.0,52.293554222997045,52.319258112998796,52.14968942500127,52.29355389300326,0.0017724242550653123,0.6376953125,0.64697265625,16384,5.12e-07,0.008388608,64,True,0.46566128730773926,0.3599853515625,0.3599853515625,145168.0,6610.0,5232.0,28832.0,0.0166205,0.0007128704,-0.18535541599985997,-0.16468483641938095,0.9687735929581486,0.9118714,-1.207589,0.6601179,-0.1690203026853747,-0.15017139234451188,0.883396932493777
52.477892051509116,2026-09-24T00:03:55.954431+00:00,0.498951103883607,0.49981746077537537,0.0,52.4657365840103,52.49004751900793,52.32150352100143,52.46573609299958,0.0028045000855444987,0.4925537109375,0.50537109375,16384,5.12e-07,0.008388608,64,True,0.46566128730773926,0.3599853515625,0.3599853515625,145334.0,6630.0,5696.0,28448.0,0.01659142,0.0007244726,-0.14722218421762892,0.5550641371533235,0.8186754131647213,0.9024412,0.9150306,0.4795503,-0.1328593645919781,0.5009127460096099,0.7388064222668669
52.6477612745075,2026-09-24T00:03:56.124445+00:00,0.32380194406834206,0.32295355945825577,0.0,52.63546259600844,52.66005995300657,52.49119493000035,52.63546209500055,0.002620493806583748,0.3160400390625,0.3284912109375,16384,5.12e-07,0.008388608,64,True,0.46566128730773926,0.3599853515625,0.3599853515625,145500.0,6650.0,9680.0,25808.0,0.01661903,0.00073184,0.019908373746682535,0.96706275177695,-0.25375833145013293,0.908264,0.7751064,-0.1282819,0.018082059172656866,0.8783482831799396,-0.23047955715622354
52.81614601750334,2026-09-24T00:03:56.292067+00:00,0.1587026608014931,0.1570560187101364,0.0,52.804608959006146,52.82768307600054,52.66124455300451,52.804608468999504,0.002244316136089895,0.15087890625,0.162109375,16384,5.12e-07,0.008388608,64,True,0.46566128730773926,0.3599853515625,0.3599853515625,145683.0,6672.0,5440.0,29328.0,0.01659903,0.0007070855,0.07483860998905625,-0.31442466139887587,-0.9463278051283859,0.922987,-0.6685633,-0.6208392,0.06907506411796907,-0.2902098749505642,-0.8734482618720335
52.98703082850261,2026-09-24T00:03:56.464613+00:00,0.040259899113957276,0.03609643131494522,0.0,52.97383255700697,53.00022909999825,52.82888938700489,52.973832155999844,0.0013640982509895614,0.031494140625,0.039306640625,16384,5.12e-07,0.008388608,64,True,0.46566128730773926,0.3599853515625,0.3599853515625,145833.0,6690.0,9904.0,22480.0,0.01659902,0.000694544,-0.07058199817475991,-0.9969744159246081,-0.03256064381188956,0.9669162,-0.8207373,-0.0162832,-0.06824687746354578,-0.9639907137430416,-0.031483413984145774
53.15831676351081,2026-09-24T00:03:56.635159+00:00,0.00010100120208195174,-0.004871800541877747,0.0,53.14585737801099,53.170776149010635,53.00134017200617,53.1458567869995,0.000678514089859302,-0.0078125,-0.00341796875,16384,5.12e-07,0.008388608,64,True,0.46566128730773926,0.3599853515625,0.3599853515625,146015.0,6712.0,5376.0,28016.0,0.01665477,0.0007044609,-0.17740488019737766,-0.5890500990302451,0.7883828316970205,0.9316218,-0.9316636,0.4540879,-0.16527425381826533,-0.5487719135487352,0.7344746327546754
53.33234541350248,2026-09-24T00:03:56.810991+00:00,0.04991070422281202,0.04586047679185867,0.0,53.31808306800667,53.34660775899829,53.1733125650062,53.31808268799796,0.001418194382704433,0.041259765625,0.0494384765625,16384,5.12e-07,0.008388608,64,True,0.46566128730773926,0.3599853515625,0.3599853515625,146182.0,6732.0,5200.0,28432.0,0.0165991,0.0007054645,-0.1774636427655607,-0.4194195267569521,0.8902774376964474,0.9191806,-0.9855356,0.548977,-0.16312113763543376,-0.3855222922561713,0.8183257493482832
53.50472873500257,2026-09-24T00:03:56.982123+00:00,0.1768953459745363,0.17288897931575775,0.0,53.491718061006395,53.51773940899875,53.347651264004526,53.49171756100259,0.0022943811892167016,0.1663818359375,0.177734375,16384,5.12e-07,0.008388608,64,True,0.46566128730773926,0.3599853515625,0.3599853515625,146364.0,6754.0,6848.0,25648.0,0.01662653,0.0007081477,-0.14439191548802646,-0.8755022859231749,0.4611363378492243,0.9365378,-0.8671248,0.2396377,-0.13522848686894223,-0.8199409847534612,0.43187161134936924
53.675449943002604,2026-09-24T00:03:57.151418+00:00,0.3477264732575515,0.34327200055122375,0.0,53.66386491400772,53.68703497199749,53.52046826800506,53.6638643930055,0.0026871451863912017,0.3360595703125,0.34912109375,16384,5.12e-07,0.008388608,64,True,0.46566128730773926,0.3599853515625,0.3599853515625,146531.0,6774.0,10944.0,64784.0,0.0165978,0.0007224026,-0.02444409186957943,-0.7804799591081382,-0.6247027451542297,0.9055312,-0.8010527,-0.3373754,-0.022134887843570504,-0.7067489539471433,-0.5656878264628038
53.8460486594995,2026-09-24T00:03:57.323850+00:00,0.5214378524346096,0.5207675248384476,0.0,53.832631040000706,53.8594662789983,53.688076263002586,53.832629998010816,0.0023337350522285496,0.5147705078125,0.526123046875,16384,5.12e-07,0.008388608,64,True,0.46566128730773926,0.3599853515625,0.3599853515625,146697.0,6794.0,6000.0,29008.0,0.01659125,0.0007017965,0.11637707876201454,0.5157115392799582,-0.8488215264661447,0.9283084,0.6744254,-0.5068761,0.1080338197822397,0.47873935389051514,-0.7879681531193445
54.01707236649963,2026-09-24T00:03:57.493910+00:00,0.6560073981928815,0.6557592451572418,0.0,54.00461756999721,54.02952716300206,53.86056220300088,54.00461596700188,0.0016946363986956679,0.650390625,0.659912109375,16384,5.12e-07,0.008388608,64,True,0.46566128730773926,0.3599853515625,0.3599853515625,146879.0,6816.0,7360.0,26416.0,0.01660458,0.0007057273,-0.058712915003508996,0.8400623265123445,0.5393033294783725,0.9170568,0.820287,0.2848048,-0.05384307795178995,0.7703848689519658,0.4945717855607819
54.188316708001366,2026-09-24T00:03:57.664442+00:00,0.7180147058933145,0.7185334637761116,0.0,54.176574854005594,54.20005856199714,54.032179657006054,54.17657433300337,0.0008912611624349614,0.71435546875,0.7215576171875,16384,5.12e-07,0.008388608,64,True,0.46566128730773926,0.3599853515625,0.3599853515625,147045.0,6836.0,5232.0,28896.0,0.01662822,0.0007108711,-0.17699972201004968,-0.018037911439690017,0.9840455945530466,0.910646,-1.520017,0.6959638,-0.1611840888495637,-0.016426151900907956,0.8961171844973537
54.35841808300029,2026-09-24T00:03:57.835463+00:00,0.6924723417997231,0.6937721446156502,0.0,54.345756912996876,54.3710792530037,54.20142715900147,54.34575631200278,0.0012390367710607734,0.6884765625,0.6973876953125,16384,5.12e-07,0.008388608,64,True,0.46566128730773926,0.3599853515625,0.3599853515625,147211.0,6856.0,5184.0,28448.0,0.01661283,0.0007068124,-0.18016349279170257,-0.3488491111742719,0.9196985449037172,0.916561,-1.023759,0.583656,-0.1651308311166557,-0.3197414901870018,0.8429598180154959
54.52917541300121,2026-09-24T00:03:58.006363+00:00,0.585723086443507,0.5863405838608742,0.0,54.51637136899808,54.541979457004345,54.37221984101052,54.51637097800267,0.002108925223419711,0.580322265625,0.5916748046875,16384,5.12e-07,0.008388608,64,True,0.46566128730773926,0.3599853515625,0.3599853515625,147394.0,6878.0,5232.0,28912.0,0.01663927,0.0007099011,-0.172294151405675,0.06842454475806514,0.982666172749449,0.9164662,1.381778,0.6921669,-0.15790176622098362,0.06270878252115387,0.900580333208231
54.702058780509105,2026-09-24T00:03:58.181648+00:00,0.4215851520349072,0.4200404956936836,0.0,54.686853956009145,54.717263605009066,54.543095508997794,54.686853405000875,0.00265722792055666,0.4134521484375,0.4259033203125,16384,5.12e-07,0.008388608,64,True,0.46566128730773926,0.3599853515625,0.3599853515625,147560.0,6898.0,8032.0,26512.0,0.0166142,0.0007313763,-0.0882262562233842,0.8805334697419684,0.4657004792535387,0.8800278,0.8353297,0.242213,-0.07764155816650112,0.7748939322033911,0.4098293682164373
54.87465296850132,2026-09-24T00:03:58.351816+00:00,0.2423071533803699,0.2402522712945938,0.0,54.861873646004824,54.88743229099782,54.7183394110034,54.86187320599856,0.002504457312211488,0.2335205078125,0.2454833984375,16384,5.12e-07,0.008388608,64,True,0.46566128730773926,0.3599853515625,0.3599853515625,147726.0,6918.0,6224.0,29008.0,0.01660107,0.0007218075,0.09879646306327507,0.5784233665355171,-0.8097318493994823,0.8997066,0.7008129,-0.4718475,0.0888878298746848,0.5204113204662238,-0.7285210891349203
55.04502582400892,2026-09-24T00:03:58.521446+00:00,0.09397636754824334,0.09119058400392532,0.0,55.03298965501017,55.057061993007665,54.8886807920062,55.03298926500429,0.0018824615164031088,0.0853271484375,0.094970703125,16384,5.12e-07,0.008388608,64,True,0.46566128730773926,0.3599853515625,0.3599853515625,147909.0,6940.0,7216.0,26832.0,0.01658835,0.0006976936,0.0036666389577198716,-0.837714614609123,-0.5460959441609526,0.9387404,-0.7832097,-0.2888484,0.0034420221218255356,-0.786396552404014,-0.5126423250600304
55.21380287050124,2026-09-24T00:03:58.689836+00:00,0.010792145291976474,0.006593622267246246,0.0,55.20215317999828,55.225452561004204,55.05821389199991,55.20215266900777,0.0008990116034611374,0.0029296875,0.0087890625,16384,5.12e-07,0.008388608,64,True,0.46566128730773926,0.3599853515625,0.3599853515625,148075.0,6960.0,10512.0,61072.0,0.01658185,0.0006957132,-0.1387568259515995,-0.8264151022446675,0.5456964559476021,0.9419992,-0.8685734,0.28861,-0.13070881904094597,-0.778482365182395,0.5140456249454765
55.385977804508,2026-09-24T00:03:58.864943+00:00,0.011939981308705772,0.007296077907085419,0.0,55.371396494010696,55.40055911500531,55.22645700300927,55.37139559201023,0.0009263669940647449,0.00341796875,0.0098876953125,16384,5.12e-07,0.008388608,64,True,0.46566128730773926,0.3599853515625,0.3599853515625,148240.0,6980.0,5200.0,28496.0,0.01659193,0.0007066285,-0.18393587436988412,-0.40193780873912766,0.8970025596539704,0.9242958,-0.9999856,0.5564705,-0.17001115614941154,-0.371509428478779,0.8290956984774143
55.558933974003594,2026-09-24T00:03:59.036220+00:00,0.10012787986662358,0.09530948102474213,0.0,55.54603143900749,55.571836508999695,55.401631985005224,55.54603097800282,0.0018613965063928111,0.0897216796875,0.0997314453125,16384,5.12e-07,0.008388608,64,True,0.46566128730773926,0.3599853515625,0.3599853515625,148423.0,7002.0,5376.0,27968.0,0.016546,0.000706447,-0.17082249305761849,-0.5600784469985008,0.8106366689666384,0.9219382,-0.9334158,0.4726193,-0.1574877817690533,-0.5163577152845933,0.7473569114410985
55.73022416950698,2026-09-24T00:03:59.206400+00:00,0.25177674152494717,0.24671071022748947,0.0,55.7184319950029,55.74201634401106,55.574596746999305,55.718431594010326,0.0027049076891178282,0.2403564453125,0.25244140625,16384,5.12e-07,0.008388608,64,True,0.46566128730773926,0.3599853515625,0.3599853515625,148588.0,7022.0,9344.0,22960.0,0.01657028,0.000699577,-0.08978462043284334,-0.9872652579471624,0.13132415004199788,0.9413302,-0.8307448,0.06585229,-0.08451697470897251,-0.929342602716454,0.12361938842386387
55.90113535099954,2026-09-24T00:03:59.378790+00:00,0.429648451637858,0.4272044748067856,0.0,55.887873113999376,55.9143975879997,55.743099333005375,55.88787203200627,0.0025484236145559684,0.4202880859375,0.432861328125,16384,5.12e-07,0.008388608,64,True,0.46566128730773926,0.3599853515625,0.3599853515625,148754.0,7042.0,5600.0,29184.0,0.01655908,0.0007119599,0.05104725347180632,-0.4456619159071018,-0.8937447256476518,0.917833,-0.7283754,-0.5528125,0.04685285379578841,-0.409043213262763,-0.8203084027753612
56.07417849000194,2026-09-24T00:03:59.552971+00:00,0.5921807769296863,0.5913369804620743,0.0,56.059769854997285,56.0885871250066,55.915627513997606,56.05976942399866,0.0020273079342726374,0.5855712890625,0.596435546875,16384,5.12e-07,0.008388608,64,True,0.46566128730773926,0.3599853515625,0.3599853515625,148936.0,7064.0,8848.0,26736.0,0.0165686,0.0007141303,0.05640556440646152,0.9003700567083691,-0.43145355866762386,0.9074342,0.7541155,-0.2230517,0.05118433821272588,0.8170265821131135,-0.39151571484670833
56.245657768507954,2026-09-24T00:03:59.721742+00:00,0.6958646800947627,0.6960369423031807,0.0,56.233956606010906,56.257358931005,56.089931978000095,56.233956135009066,0.0012105215376643724,0.6915283203125,0.699462890625,16384,5.12e-07,0.008388608,64,True,0.46566128730773926,0.3599853515625,0.3599853515625,149103.0,7084.0,6032.0,27792.0,0.01673025,0.0007088512,-0.09717725082327501,0.7062071802595402,0.7013044991102649,0.9276306,0.853771,0.3886129,-0.09014459148754508,0.6550993903484654,0.6505515132923545
56.4173021825045,2026-09-24T00:03:59.896123+00:00,0.7167354847699013,0.7174573764204979,0.0,56.40286551900499,56.43173884600401,56.258368322000024,56.40286494800239,0.0009357064962517601,0.7132568359375,0.72021484375,16384,5.12e-07,0.008388608,64,True,0.46566128730773926,0.3599853515625,0.3599853515625,149270.0,7104.0,5232.0,28912.0,0.01682358,0.000710728,-0.17491803029778097,0.04505178532605353,0.9835517369796465,0.906372,1.444756,0.6945864,-0.15854080495706033,0.04083367676954579,0.8914637549497161
56.58980619600334,2026-09-24T00:04:00.066012+00:00,0.6489672008050658,0.650758683681488,0.0,56.57798375500715,56.60162863699952,56.43276638101088,56.57798327400815,0.0016613959817478924,0.645263671875,0.655029296875,16384,5.12e-07,0.008388608,64,True,0.46566128730773926,0.3599853515625,0.3599853515625,149455.0,7126.0,5232.0,28912.0,0.01676358,0.000710085,-0.17072788133834063,0.08992933327408055,0.9812057406836758,0.9096938,1.328391,0.6883069,-0.15531009514062416,0.08180815691756478,0.8925967788243476
56.760569329504506,2026-09-24T00:04:00.238261+00:00,0.5107998684356487,0.510818287730217,0.0,56.74726183200255,56.77387682700646,56.60277371300617,56.74726052900951,0.0023951697930395138,0.5045166015625,0.51611328125,16384,5.12e-07,0.008388608,64,True,0.46566128730773926,0.3599853515625,0.3599853515625,149623.0,7146.0,6416.0,27728.0,0.01676413,0.0007276634,-0.1135928037084182,0.7660701502761115,0.6326398658017031,0.9077762,0.8590018,0.3424786,-0.1031168436977738,0.6954202499510774,0.57429541334598
56.93145187000482,2026-09-24T00:04:00.407998+00:00,0.3356366194132537,0.3352843448519707,0.0,56.919289299010416,56.94361444099923,56.77489341099863,56.91928865799855,0.0026295698663339963,0.3282470703125,0.3409423828125,16384,5.12e-07,0.008388608,64,True,0.46566128730773926,0.3599853515625,0.3599853515625,149790.0,7166.0,8016.0,27520.0,0.01679008,0.0007237849,0.06695898517289581,0.8597111555964888,-0.5063726130504745,0.9084948,0.7465339,-0.2654865,0.06083188984285295,0.7810431143614011,-0.4600368858187683
57.101013707506354,2026-09-24T00:04:00.577353+00:00,0.1676085008770902,0.16621416807174683,0.0,57.08905761000642,57.11296980500629,56.944748497000546,57.089057129996945,0.002274130736051338,0.1597900390625,0.1712646484375,16384,5.12e-07,0.008388608,64,True,0.46566128730773926,0.3599853515625,0.3599853515625,149958.0,7186.0,5584.0,29136.0,0.01671587,0.000705084,0.05719929050615526,-0.5042115076446548,-0.8616838148208986,0.927932,-0.7289181,-0.5192893,0.053077052037957664,-0.4678739927117198,-0.799583985654386
57.26987059300154,2026-09-24T00:04:00.746045+00:00,0.04632968909394869,0.042963363230228424,0.0,57.258081199004664,57.28165998699842,57.114192196007934,57.258080858999165,0.0014506314588267671,0.0382080078125,0.046630859375,16384,5.12e-07,0.008388608,64,True,0.46566128730773926,0.3599853515625,0.3599853515625,150075.0,7200.0,9968.0,22544.0,0.01678505,0.000694802,-0.07533266534046285,-0.9964663673294109,-0.03714523272277973,0.9622476,-0.8231263,-0.01857689,-0.07248867642546356,-0.958847370443444,-0.03574291103893626
57.439948618004564,2026-09-24T00:04:00.916934+00:00,4.228998143740448e-05,-0.00490964949131012,0.0,57.42734688500059,57.45255035100854,57.28267353500996,57.42734547299915,0.0006716793308761869,-0.0079345703125,-0.00341796875,16384,5.12e-07,0.008388608,64,True,0.46566128730773926,0.3599853515625,0.3599853515625,150293.0,7226.0,5200.0,28816.0,0.01677605,0.0007129447,-0.19133326424515235,-0.1974921873601257,0.9614512041310301,0.9117644,-1.170178,0.646116,-0.17445085887452277,-0.1800663457130926,0.8766169802638062
57.61371807700198,2026-09-24T00:04:01.093440+00:00,0.04288391051249335,0.03838323801755905,0.0,57.598380837996956,57.629055316007,57.45383872601087,57.59838053800922,0.0013593455084906032,0.03369140625,0.0419921875,16384,5.12e-07,0.008388608,64,True,0.46566128730773926,0.3599853515625,0.3599853515625,150478.0,7248.0,5216.0,28912.0,0.01673627,0.0007132362,-0.17332431947686736,0.07417619020797918,0.9820674992504896,0.9088386,1.368608,0.6905658,-0.15752383185930888,0.06741418486195351,0.8925408511243161
57.7846448900018,2026-09-24T00:04:01.260282+00:00,0.16342804403532166,0.15789169818162918,0.0,57.77339003799716,57.79589974200644,57.63033997500315,57.77338973800943,0.002226083625682135,0.151611328125,0.1629638671875,16384,5.12e-07,0.008388608,64,True,0.46566128730773926,0.3599853515625,0.3599853515625,150645.0,7268.0,5232.0,28256.0,0.01674235,0.0007117109,-0.18228759518014154,-0.4600363139310759,0.8689866641716371,0.9155558,-0.9740312,0.5265754,-0.16689446503523064,-0.42118891543021736,0.7956057805049945
57.95503990200086,2026-09-24T00:04:01.433729+00:00,0.33155742731631926,0.3298260271549225,0.0,57.94073446599941,57.96934533800231,57.79691759900015,57.94073399499757,0.0026347755955058996,0.323486328125,0.335693359375,16384,5.12e-07,0.008388608,64,True,0.46566128730773926,0.3599853515625,0.3599853515625,150812.0,7288.0,9808.0,22144.0,0.01673893,0.0007073893,-0.09155448299195336,-0.9951538717540014,0.03586848445497493,0.9358872,-0.8312692,0.01793809,-0.08568466873478685,-0.9313517706050115,0.03356885548481001
58.12782800900459,2026-09-24T00:04:01.604888+00:00,0.5089058169883683,0.5071882829070091,0.0,58.115153714999906,58.14050230300927,57.97040547399956,58.115153163002105,0.002467095480806924,0.5008544921875,0.512939453125,16384,5.12e-07,0.008388608,64,True,0.46566128730773926,0.3599853515625,0.3599853515625,150980.0,7308.0,5392.0,29456.0,0.0167364,0.0007123449,0.0838702161226614,-0.09645679945023403,-0.9917972941520639,0.9139774,-0.4275419,-0.7213125,0.07665548206922816,-0.08815933477384633,-0.9064803122361386
58.296854582004016,2026-09-24T00:04:01.772999+00:00,0.6466173210655412,0.6459109485149384,0.0,58.28509492900048,58.30861423500755,58.14163086800545,58.28509382600896,0.0016778421481588681,0.6405029296875,0.650146484375,16384,5.12e-07,0.008388608,64,True,0.46566128730773926,0.3599853515625,0.3599853515625,151164.0,7330.0,11248.0,24480.0,0.01670922,0.0007097125,0.02475395630388723,0.9937326205058813,-0.10900789232812304,0.9369444,0.7729457,-0.05461247,0.023193080736771836,0.9310722138803107,-0.10213433427263785
58.46815836550377,2026-09-24T00:04:01.946851+00:00,0.7160062047609366,0.7169326618313789,0.0,58.45384991400351,58.482466817004024,58.30966409199755,58.45384824099892,0.0008995227506252491,0.7125244140625,0.7197265625,16384,5.12e-07,0.008388608,64,True,0.46566128730773926,0.3599853515625,0.3599853515625,151331.0,7350.0,5440.0,28400.0,0.0167391,0.0007135398,-0.130890355527293,0.5282434532641064,0.8389437221372782,0.9152796,0.9068442,0.4976697,-0.11980127225087853,0.48349045660618994,0.7678680744203191
58.63880284650804,2026-09-24T00:04:02.115099+00:00,0.6980555628225404,0.6997238546609879,0.0,58.626889645005576,58.65071604801051,58.483510933001526,58.62688916400657,0.0011593929737814498,0.695068359375,0.7030029296875,16384,5.12e-07,0.008388608,64,True,0.46566128730773926,0.3599853515625,0.3599853515625,151499.0,7370.0,5200.0,28912.0,0.01684355,0.0007139641,-0.17121830483495487,0.14264315843374908,0.974852410081387,0.9105242,1.223494,0.6730289,-0.1558984100352034,0.12988004771836265,0.8876267108074268
58.80806949700491,2026-09-24T00:04:02.285115+00:00,0.5986558383348393,0.5994957163929939,0.0,58.795407160010654,58.82073183399916,58.651865100997384,58.79540683900996,0.001998920750452886,0.5936279296875,0.6038818359375,16384,5.12e-07,0.008388608,64,True,0.46566128730773926,0.3599853515625,0.3599853515625,151669.0,7390.0,5328.0,28640.0,0.01706275,0.0007138862,-0.14332925286269882,0.45245432083113124,0.8801941904120137,0.9100326,0.9387886,0.5381356,-0.13043429263869924,0.4117481819671885,0.80100540760554
58.977560375504254,2026-09-24T00:04:02.453584+00:00,0.4416743655389196,0.44232726097106934,0.0,58.96592067400343,58.98920007700508,58.82175586200901,58.96592023300764,0.002522472882312191,0.435546875,0.44775390625,16384,5.12e-07,0.008388608,64,True,0.46566128730773926,0.3599853515625,0.3599853515625,151839.0,7410.0,9952.0,24816.0,0.01688323,0.000720164,-0.02221235314807137,0.9818772870051699,0.18821159536806611,0.9106296,0.7967074,0.09467044,-0.02022722626228697,0.8941265211146031,0.17139104980538392
59.15090698900167,2026-09-24T00:04:02.630156+00:00,0.2611012365269959,0.25938018411397934,0.0,59.13604223000584,59.165771747997496,58.99032475501008,59.13604170900362,0.0025678630482932315,0.25244140625,0.2650146484375,16384,5.12e-07,0.008388608,64,True,0.46566128730773926,0.3599853515625,0.3599853515625,152006.0,7430.0,5616.0,29424.0,0.01664923,0.0007200357,0.0971375615320526,0.3997324728799462,-0.9114703748695784,0.9028696,0.6662053,-0.5734222,0.08770255132541972,0.3609062978961279,-0.8229388927703464
59.32280036100565,2026-09-24T00:04:02.799100+00:00,0.10650855835100437,0.10394065827131271,0.0,59.31088596700283,59.33471475500846,59.16699768700346,59.31088564700622,0.0019454069248608674,0.0980224609375,0.1085205078125,16384,5.12e-07,0.008388608,64,True,0.46566128730773926,0.3599853515625,0.3599853515625,152188.0,7452.0,7664.0,25920.0,0.01656138,0.0006964085,-0.019674666961190437,-0.9247055564713698,-0.3801743564615328,0.9598792,-0.7960349,-0.1949924,-0.018885303582973908,-0.8876056297812933,-0.364921457140811
59.49350969849911,2026-09-24T00:04:02.971906+00:00,0.015045019307293572,0.010360181331634521,0.0,59.47949748999963,59.50752190699859,59.33578696400218,59.47949707900989,0.001000324662288706,0.006591796875,0.0125732421875,16384,5.12e-07,0.008388608,64,True,0.46566128730773926,0.3599853515625,0.3599853515625,152354.0,7472.0,8448.0,63808.0,0.01659752,0.0007017107,-0.1734995630301763,-0.6949970920111164,0.6977656796693498,0.9323602,-0.9077184,0.3861368,-0.16176408728672778,-0.6479876277069029,0.6505689486496509
59.66681293500733,2026-09-24T00:04:03.146136+00:00,0.008436770436393404,0.0034281909465789795,0.0,59.651874893010245,59.68175097700441,59.50864385999739,59.651874522009166,0.0008768904958290035,-0.0003662109375,0.0057373046875,16384,5.12e-07,0.008388608,64,True,0.46566128730773926,0.3599853515625,0.3599853515625,152520.0,7492.0,5200.0,28832.0,0.01653735,0.0007083764,-0.1839973820698141,-0.16748676086636008,0.9685520885971748,0.9159804,-1.201567,0.659672,-0.16853799562726116,-0.15341459021307285,0.8871747295340756
59.842061623006884,2026-09-24T00:04:03.321556+00:00,0.09165557760858317,0.08733870834112167,0.0,59.82695061400591,59.85717263200786,59.68303997500334,59.82694959201035,0.0018064325016473256,0.08203125,0.0914306640625,16384,5.12e-07,0.008388608,64,True,0.46566128730773926,0.3599853515625,0.3599853515625,152702.0,7514.0,5200.0,28736.0,0.01654188,0.0007122239,-0.19066121842421352,-0.30731223354627984,0.9323129790482331,0.915132,-1.063046,0.6003783,-0.17448018213898736,-0.28123125890967415,0.8531894411423676
60.01435035000759,2026-09-24T00:04:03.490635+00:00,0.24094257689289494,0.2359394207596779,0.0,60.002448755010846,60.02625194500433,59.85829278100573,60.00244822399691,0.0024595459754851103,0.22900390625,0.2413330078125,16384,5.12e-07,0.008388608,64,True,0.46566128730773926,0.3599853515625,0.3599853515625,152867.0,7534.0,7952.0,24560.0,0.01655185,0.0007130521,-0.14361262568065836,-0.9349903928580531,0.32429674529395247,0.9097696,-0.8616016,0.1651341,-0.13065440102044226,-0.8506258357143137,0.295035320247381
