sample,utc,elapsed_s,drive_elapsed_s,pax_read_duration_s,pax_timestamp,axis,frequency_hz,rp_command_v,actuator_voltage_est_v,drive_offset_v,drive_amplitude_v,sweep_direction,s1,s2,s3,s23_radius,stokes_phase_wrapped_rad,stokes_phase_unwrapped_rad,model_phase_rad,dop,theta,eta,ptotal,revisions,adc_min,adc_max,rev_time
0,2026-09-18T21:08:28.464419+00:00,0.05778188900148962,0.08624365400100942,0.11478127599912114,732165.0,phi1,0.75,0.249379339991323,4.208276362353575,0.17872585493387097,0.17872585493387097,rising,-0.0898970917881023,0.9499706287436386,-0.29912257924211844,0.9959510594843711,0.3050476571543283,0.3050476571543283,2.1917598401297047,0.7798421,0.8325734,-0.1518865,0.0007610153,11098.0,8304.0,28256.0,0.01681163
1,2026-09-18T21:08:28.833313+00:00,0.4271029734991316,0.4555647384986514,0.11391657900094287,732534.0,phi1,0.75,0.3286137567586266,5.545357145301824,0.17872585493387097,0.17872585493387097,falling,0.01657020507531112,0.7651868045293788,0.6435950454112278,0.9998627047268851,-0.6993016728052945,-0.6993016728052945,2.888139951780967,0.8542132,0.7745723,0.3495931,0.0007857385,11142.0,8080.0,29904.0,0.0167706
2,2026-09-18T21:08:29.150095+00:00,0.7439244970009895,0.7723862620005093,0.11380810999980895,732852.0,phi1,0.75,0.0933238569832732,1.5748400865927352,0.17872585493387097,0.17872585493387097,falling,0.028922456033672404,0.7154467756279259,-0.698068336755496,0.9995816582635859,0.7731042988389462,0.7731042988389463,0.820210214162341,0.8134631,0.7651963,-0.3863481,0.0007317328,11180.0,7792.0,27744.0,0.01678833
3,2026-09-18T21:08:29.457207+00:00,1.05115622899757,1.0796179939970898,0.11361434799982817,733155.0,phi1,0.75,0.012432588251295201,0.20979992674060652,0.17872585493387097,0.17872585493387097,rising,0.15056266158034964,-0.6477104110812528,-0.7468615054444804,0.9886004678017511,2.2852160547728677,2.285216054772868,0.10926826431975215,0.8351302,-0.6711994,-0.4216649,0.0007298105,11216.0,7776.0,28288.0,0.01683942
4,2026-09-18T21:08:29.763525+00:00,1.3565542910000659,1.3850160559995857,0.11546956399979535,733457.0,phi1,0.75,0.2218253251030696,3.7433023611142993,0.17872585493387097,0.17872585493387097,rising,0.0811814074327244,0.06491137681105627,-0.9945833762172657,0.9966993423732364,1.505623863912767,1.5056238639127675,1.9495914902234492,0.7993866,0.3372437,-0.7333332,0.0007247839,11252.0,6688.0,28336.0,0.01683292
5,2026-09-18T21:08:30.070502+00:00,1.6638585140026407,1.6923202790021605,0.1148268540018762,733760.0,phi1,0.75,0.35614731905555114,6.009986009062425,0.17872585493387097,0.17872585493387097,falling,-0.003287120766168597,0.9553120959360373,0.29558077440077896,0.9999945974039404,-0.30006507160357426,-0.30006507160357376,3.1301285467472075,0.854597,0.7871186,0.1500317,0.0007676173,11288.0,10208.0,26944.0,0.01678128
6,2026-09-18T21:08:30.385120+00:00,1.9788253219994658,2.0072870869989856,0.11413605399866356,734079.0,phi1,0.75,0.17258968876056044,2.9124509978344575,0.17872585493387097,0.17872585493387097,falling,-0.02503271410707518,0.9474114853522446,0.319037365597021,0.9996866325126258,-0.324819123484878,-0.3248191234848775,1.5168664279047466,0.8207328,0.7986062,0.1623568,0.0007817546,11326.0,10256.0,26864.0,0.01678077
7,2026-09-18T21:08:30.694122+00:00,2.2878396025007532,2.316301367500273,0.11411183900054311,734398.0,phi1,0.75,0.0005753552151120944,0.009709119255016593,0.17872585493387097,0.17872585493387097,falling,0.09933570374190305,-0.04516042049864606,-0.9940286486729074,0.9950539774113266,1.6161968170190388,1.6161968170190395,0.005056715822312117,0.8251745,-0.2133464,-0.7307296,0.0007164469,11364.0,6672.0,28432.0,0.0167721
8,2026-09-18T21:08:31.007731+00:00,2.6018922134971945,2.6303539784967143,0.11321729900009814,734700.0,phi1,0.75,0.1482914125638179,2.5024175870144267,0.17872585493387097,0.17872585493387097,rising,0.1530541755890659,-0.653970838086911,-0.7408755376354752,0.9882177995435779,2.2939707835589593,2.29397078355896,1.3033123060827347,0.842371,-0.670448,-0.4171865,0.0007302494,11400.0,7504.0,28288.0,0.01678752
9,2026-09-18T21:08:31.314267+00:00,2.9078104914988216,2.9362722564983414,0.11445946100138826,735018.0,phi1,0.75,0.34945280862626615,5.897016145568242,0.17872585493387097,0.17872585493387097,rising,0.0016574284490236573,0.8453122226770509,-0.5342700619758892,0.999998626464525,0.5636448681273764,0.5636448681273767,3.0712914389549306,0.8074785,0.7844178,-0.281822,0.0007354777,11438.0,8400.0,26880.0,0.01673313
10,2026-09-18T21:08:31.627847+00:00,3.2216392589980387,3.2501010239975585,0.11394641200240585,735319.0,phi1,0.75,0.2470426625036946,4.168844929749847,0.17872585493387097,0.17872585493387097,falling,0.032263449513230825,0.698325565547069,0.7150527773030976,0.9994793994002613,-0.7972325253285728,-0.7972325253285724,2.1712231113176976,0.8455284,0.762314,0.3983498,0.0007836322,11474.0,7664.0,29712.0,0.01670993
11,2026-09-18T21:08:31.938344+00:00,3.531766598000104,3.5602283629996236,0.11470148200169206,735637.0,phi1,0.75,0.022014627839092277,0.37149684478468215,0.17872585493387097,0.17872585493387097,falling,-0.008129395283644843,0.9880809424041659,-0.15372040915251828,0.9999669559202055,0.15433748082117857,0.15433748082117904,0.19348345855275217,0.7861444,0.7895118,-0.07716617,0.0007571463,11512.0,11856.0,25184.0,0.0167258
12,2026-09-18T21:08:32.248850+00:00,3.8428977965013473,3.871359561500867,0.11344561900114059,735938.0,phi1,0.75,0.07689648104988907,1.297628117716878,0.17872585493387097,0.17872585493387097,rising,0.12243476213401869,-0.42768274759218966,-0.8955987921123955,0.9924765634619219,2.016313670752107,2.0163136707521074,0.6758323244351594,0.826327,-0.6459893,-0.5548877,0.0007221889,11548.0,7120.0,28592.0,0.01672828
13,2026-09-18T21:08:32.575638+00:00,4.168684536998626,4.197146301998146,0.11545268800182384,736272.0,phi1,0.75,0.32189236040985414,5.431933581916288,0.17872585493387097,0.17872585493387097,rising,0.09706774468560894,-0.08004043299542403,-0.9920541225293883,0.9952777767747302,1.6513034601938938,1.6513034601938943,2.829066547435016,0.8262377,-0.344776,-0.7223251,0.000718022,11588.0,6672.0,28400.0,0.0166761
14,2026-09-18T21:08:32.887841+00:00,4.481848237999657,4.5103100029991765,0.11350732400023844,736589.0,phi1,0.75,0.2988173513734097,5.042542804426288,0.17872585493387097,0.17872585493387097,falling,0.028688997070557252,0.9456197556783456,0.32400651091901167,0.9995883860105046,-0.3301024317307635,-0.33010243173076304,2.626263548122929,0.8461608,0.7702334,0.1649807,0.0007523707,11626.0,10208.0,26256.0,0.01667387
15,2026-09-18T21:08:33.206443+00:00,4.799870484501298,4.828332249500818,0.11467487700065249,736906.0,phi1,0.75,0.05536077240281269,0.9342130342974642,0.17872585493387097,0.17872585493387097,falling,-0.022391812228684166,0.8398781311204155,0.5423129461950853,0.9997492719402777,-0.5733494877334067,-0.5733494877334062,0.4865580191016127,0.8078124,0.7987254,0.2865938,0.000795339,11664.0,8976.0,28480.0,0.01671253
16,2026-09-18T21:08:33.512263+00:00,5.106042722502025,5.134504487501545,0.11395993100086343,737207.0,phi1,0.75,0.034715577432279904,0.5858253691697234,0.17872585493387097,0.17872585493387097,rising,0.0766762266087875,0.34560573071168543,-0.9352419126473535,0.9970560447001151,1.2168244317537733,1.2168244317537737,0.3051103128496195,0.8169552,0.6762361,-0.6044709,0.0007165506,11700.0,6784.0,28288.0,0.01671605
17,2026-09-18T21:08:33.819480+00:00,5.413119774999359,5.441581539998879,0.11426538199884817,737524.0,phi1,0.75,0.2659925426727109,4.488624157601996,0.17872585493387097,0.17872585493387097,rising,0.1304497627349567,-0.685460816567645,-0.716328366290775,0.9914549205094467,2.334177939858594,2.3341779398585945,2.3377709349311746,0.8208825,-0.6913678,-0.399263,0.0007419531,11738.0,8128.0,28304.0,0.01675533
18,2026-09-18T21:08:34.127209+00:00,5.720717340500414,5.749179105499934,0.11451957900135312,737826.0,phi1,0.75,0.34411035720854016,5.8068622778941155,0.17872585493387097,0.17872585493387097,falling,0.06341382524448447,0.50627096721744,-0.8600397633368935,0.9979873179393924,1.038756825533406,1.0387568255334065,3.0243373870851036,0.822329,0.7230943,-0.5176738,0.0007119246,11774.0,7120.0,27984.0,0.01674235
19,2026-09-18T21:08:34.432817+00:00,6.02716511700055,6.05562688200007,0.11284828600037144,738127.0,phi1,0.75,0.1324101764074106,2.2344217268750537,0.17872585493387097,0.17872585493387097,falling,0.030735547594928435,0.821710377375142,0.5690759016405823,0.9995275514532053,-0.605708757402763,-0.6057087574027624,1.1637343618134122,0.8521314,0.7667047,0.3026908,0.0007710947,11810.0,8512.0,29136.0,0.01670655
20,2026-09-18T21:08:34.740924+00:00,6.334943840000051,6.363405604999571,0.11350320000201464,738444.0,phi1,0.75,0.0017916170905978857,0.03023353840383932,0.17872585493387097,0.17872585493387097,rising,-0.009619322652276824,0.9943505830589899,0.10570897124633348,0.9999537332455494,-0.1059117585969421,-0.10591175859694157,0.01574626987223199,0.8135959,0.790235,0.05295342,0.0007644038,11848.0,11696.0,24592.0,0.01671128
21,2026-09-18T21:08:35.051038+00:00,6.644371398000658,6.672833163000178,0.11487892999866745,738745.0,phi1,0.75,0.18391870603116958,3.1036281642759866,0.17872585493387097,0.17872585493387097,rising,0.10937073087909281,-0.23509576309845215,-0.965799164112358,0.9940010277796362,1.809573434911192,1.8095734349111925,1.616435562552071,0.8199114,-0.5676798,-0.654254,0.0007198705,11884.0,6752.0,28528.0,0.01669603
22,2026-09-18T21:08:35.359506+00:00,6.953165671497118,6.9816274364966375,0.11422127300102147,739062.0,phi1,0.75,0.3567822757167721,6.020700902720529,0.17872585493387097,0.17872585493387097,rising,0.12470850315247897,-0.49107690922263497,-0.8621434094568097,0.9921934233008542,2.0885629140328588,2.088562914032859,3.1357090912716075,0.8251047,-0.6610522,-0.5197425,0.0007283453,11922.0,7248.0,28576.0,0.01670965
23,2026-09-18T21:08:35.677284+00:00,7.271197919500992,7.2996596845005115,0.11372100899825455,739380.0,phi1,0.75,0.20696779604318333,3.4925815582287187,0.17872585493387097,0.17872585493387097,falling,0.005257171804550875,0.9788472692852008,-0.20452477981291922,0.9999861809768261,0.20598108740839147,0.20598108740839183,1.819010763214741,0.8144216,0.7827128,-0.1029891,0.0007386726,11960.0,10576.0,24976.0,0.01670325
24,2026-09-18T21:08:35.990973+00:00,7.584770182998909,7.613231947998429,0.11395310199804953,739680.0,phi1,0.75,0.005636256608307383,0.09511183026518709,0.17872585493387097,0.17872585493387097,falling,-0.016450090055680516,0.7897198676603816,0.6132470343667628,0.9998646881139268,-0.6602698704576863,-0.6602698704576859,0.049536264243796646,0.8292608,0.7958118,0.3300824,0.000795072,11996.0,8640.0,29232.0,0.01669962
25,2026-09-18T21:08:36.306554+00:00,7.8998844849993475,7.928346249998867,0.1148781619995134,739997.0,phi1,0.75,0.11951747188746742,2.016857338101013,0.17872585493387097,0.17872585493387097,rising,0.011105918764545851,0.7188689760692126,-0.6950568709203565,0.9999383273824418,0.768558628030136,0.7685586280301364,1.050422200515474,0.8141263,0.7776742,-0.3842495,0.0007403312,12034.0,7616.0,27696.0,0.01670165
26,2026-09-18T21:08:36.623682+00:00,8.217072095500043,8.245533860499563,0.11476747500273632,740314.0,phi1,0.75,0.34237108946025185,5.77751213464175,0.17872585493387097,0.17872585493387097,rising,0.13797419259909205,-0.7455748640336077,-0.6519825490746635,0.9904358243604825,2.4230631395575006,2.423063139557501,3.009051208197696,0.835776,-0.6939045,-0.3550981,0.0007409645,12072.0,8112.0,28240.0,0.01667222
27,2026-09-18T21:08:36.940957+00:00,8.534568728500744,8.563030493500264,0.11428875099954894,740631.0,phi1,0.75,0.26258233862247377,4.4310769642542445,0.17872585493387097,0.17872585493387097,falling,0.08214799020253634,0.15146501122498648,-0.9850431757442405,0.9966201421332422,1.4182264282544539,1.4182264282544543,2.307799132598963,0.8263847,0.5369203,-0.6988122,0.0007140436,12110.0,6704.0,28336.0,0.01676757
28,2026-09-18T21:08:37.257205+00:00,8.850721183502174,8.879182948501693,0.1145181110005069,740954.0,phi1,0.75,0.028192467047543607,0.47574788142729835,0.17872585493387097,0.17872585493387097,falling,0.010795519912839476,0.8545086814241071,0.519324917677407,0.9999417266770158,-0.5460962150445168,-0.5460962150445163,0.2477796158700882,0.846568,0.7790817,0.2730304,0.0007763766,12148.0,8752.0,28224.0,0.01714747
29,2026-09-18T21:08:37.575627+00:00,9.16976573699867,9.19822750199819,0.11327250400063349,741278.0,phi1,0.75,0.07246937612283752,1.222920722072883,0.17872585493387097,0.17872585493387097,rising,0.010033896385955874,0.9605209401511178,0.27802669737729996,0.9999496591945596,-0.28175377132039453,-0.2817537713203941,0.6369231237472053,0.8267018,0.7801752,0.1408696,0.000764376,12186.0,10512.0,25984.0,0.01701047
30,2026-09-18T21:08:37.883292+00:00,9.476840209001239,9.505301974000758,0.11444534399925033,741582.0,phi1,0.75,0.3082219031189296,5.201244615131937,0.17872585493387097,0.17872585493387097,rising,0.10833015669107295,-0.0976565703258603,-0.9893067125131002,0.9941149717971698,1.6691896960597605,1.669189696059761,2.708918826747732,0.8186941,-0.3668138,-0.7122121,0.0007159412,12222.0,6704.0,28496.0,0.01682483
31,2026-09-18T21:08:38.194266+00:00,9.787810369001818,9.816272134001338,0.11445154800094315,741885.0,phi1,0.75,0.3148456284402762,5.313019979929661,0.17872585493387097,0.17872585493387097,falling,0.12157844540985982,-0.5472425988355736,-0.8280967453331821,0.9925818261542579,2.1547568730392332,2.1547568730392337,2.767133814211741,0.8242069,-0.6760907,-0.487852,0.0007320689,12258.0,7344.0,28592.0,0.01681513
32,2026-09-18T21:08:38.502254+00:00,10.095859130000463,10.124320894999983,0.11430597599974135,742204.0,phi1,0.75,0.07990716482896165,1.3484334064887278,0.17872585493387097,0.17872585493387097,falling,0.009311753448116366,0.9383204153079323,-0.3456415621190121,0.999956644684019,0.35293837040288095,0.35293837040288145,0.7022927994630058,0.8255186,0.7804364,-0.1764612,0.0007355608,12296.0,9920.0,25856.0,0.0167966
33,2026-09-18T21:08:38.812292+00:00,10.405906007999874,10.434367772999394,0.11430528399796458,742503.0,phi1,0.75,0.01987737354408778,0.3354306785564813,0.17872585493387097,0.17872585493387097,rising,0.016428075302773418,0.6985955540963883,0.7153281555612128,0.9998650500651808,-0.7972317724508832,-0.7972317724508826,0.1746994320487981,0.8539966,0.7736424,0.3985468,0.0007829816,12332.0,7824.0,30224.0,0.01645428
34,2026-09-18T21:08:39.122978+00:00,10.71660734499892,10.74506910999844,0.11427338599969517,742816.0,phi1,0.75,0.24326636033887578,4.105119830718529,0.17872585493387097,0.17872585493387097,rising,-0.010667413149356389,0.9586331424496028,-0.2844445543403853,0.9999431015296325,0.2884438828082328,0.2884438828082334,2.1380337243005823,0.8145686,0.7909618,-0.1442135,0.0007487812,12370.0,9968.0,25360.0,0.016473
35,2026-09-18T21:08:39.431682+00:00,11.025763128000108,11.054224892999628,0.1133818020025501,743132.0,phi1,0.75,0.3516484413239983,5.934067447342471,0.17872585493387097,0.17872585493387097,falling,0.13150853593966674,-0.437087942093723,-0.8897525700166758,0.9913150382068283,2.0274167418762676,2.0274167418762685,3.0905885450052253,0.835065,-0.6392688,-0.5484014,0.0007208784,12408.0,7040.0,28592.0,0.01668233
36,2026-09-18T21:08:39.740140+00:00,11.333870222999394,11.362331987998914,0.11408623799798079,743432.0,phi1,0.75,0.15437838424779338,2.605135234181513,0.17872585493387097,0.17872585493387097,falling,0.0883704418273098,0.019636452875845926,-0.995894108191077,0.9960876793793034,1.5510814709896474,1.5510814709896483,1.3568098415458103,0.8214167,0.1093268,-0.7400732,0.000719173,12444.0,6688.0,28336.0,0.01672887
37,2026-09-18T21:08:40.049839+00:00,11.643930867001473,11.672392632000992,0.11335851799958618,743750.0,phi1,0.75,6.505950124230386e-05,0.0010978790834638777,0.17872585493387097,0.17872585493387097,rising,0.028049987416150585,0.9495300678483412,0.3124193471247875,0.9996065216903869,-0.31786826153364034,-0.31786826153363945,0.0005717987787068156,0.8733978,0.770632,0.1588694,0.0007549568,12482.0,9968.0,27264.0,0.01672145
38,2026-09-18T21:08:40.359319+00:00,11.953080998999212,11.981542763998732,0.11399938599788584,744050.0,phi1,0.75,0.16320028825597407,2.7540048643195627,0.17872585493387097,0.17872585493387097,rising,0.019070650021536874,0.8488329543270119,0.5283170695294948,0.9998181386170967,-0.5567303872747891,-0.5567303872747882,1.4343443113991772,0.8619854,0.7741666,0.2783086,0.0007760804,12518.0,8384.0,28784.0,0.01661217
39,2026-09-18T21:08:40.670124+00:00,12.264137256497634,12.292599021497153,0.11350746699827141,744366.0,phi1,0.75,0.35416904559365026,5.976602644392848,0.17872585493387097,0.17872585493387097,rising,0.0723387676757515,0.32826654983989434,-0.941811114261966,0.9973801194585511,1.2354154732324645,1.2354154732324654,3.1127417803585424,0.8144948,0.6769485,-0.6139891,0.0007177252,12556.0,6800.0,28304.0,0.01664055
40,2026-09-18T21:08:40.982364+00:00,12.576051516996813,12.604513281996333,0.11412341799950809,744682.0,phi1,0.75,0.230327804947377,3.886781708486987,0.17872585493387097,0.17872585493387097,falling,0.139381397339982,-0.6925556945298551,-0.7077707510556113,0.9902387722542245,2.3453295537537446,2.3453295537537455,2.024318586160561,0.8365572,-0.6860964,-0.3931688,0.0007345533,12594.0,7712.0,28240.0,0.01667283
41,2026-09-18T21:08:41.296140+00:00,12.88964436599781,12.91810613099733,0.11453047999748378,744999.0,phi1,0.75,0.01314455030303785,0.2218142863637637,0.17872585493387097,0.17872585493387097,falling,0.04837793196904659,0.6203824482889209,-0.7828059743981536,0.998829102348544,0.900638478538781,0.9006384785387818,0.11552559835857099,0.8305142,0.7464865,-0.4495812,0.0007169499,12632.0,7296.0,27856.0,0.01666492
42,2026-09-18T21:08:41.610325+00:00,13.203795349996653,13.232257114996173,0.11460572199939634,745299.0,phi1,0.75,0.09677943662292456,1.6331529930118518,0.17872585493387097,0.17872585493387097,rising,0.008971821896917106,0.851514071281276,0.5242549883614231,0.9999597523959901,-0.551864779210276,-0.5518647792102751,0.8505808161489419,0.8528324,0.7801302,0.27592,0.0007798812,12668.0,8784.0,28688.0,0.01667003
43,2026-09-18T21:08:41.922243+00:00,13.516192302500713,13.544654067500232,0.11364782300006482,745616.0,phi1,0.75,0.3287140520362303,5.5470496281113855,0.17872585493387097,0.17872585493387097,rising,-0.008113343650248154,0.9845024650969743,-0.17518296113718937,0.9999670862857503,0.17609745668307014,0.17609745668307109,2.8890214328275294,0.8185641,0.7895186,-0.0880458,0.0007532719,12706.0,11344.0,24688.0,0.01666492
44,2026-09-18T21:08:42.235194+00:00,13.828710107998631,13.857171872998151,0.11451638600192382,745933.0,phi1,0.75,0.2901404954520399,4.896120860753173,0.17872585493387097,0.17872585493387097,falling,0.13760060704376936,-0.49897419451351666,-0.8556230631246293,0.9904877954529203,2.098749331054101,2.098749331054102,2.550003885443127,0.8303799,-0.6508586,-0.5133767,0.0007239293,12744.0,7040.0,28496.0,0.01663632
45,2026-09-18T21:08:42.548784+00:00,14.142553025500092,14.171014790499612,0.11398714700044366,746249.0,phi1,0.75,0.04978480361078311,0.8401185609319649,0.17872585493387097,0.17872585493387097,falling,0.12333920448355744,-0.455125361681454,-0.8818437195964424,0.9923645704262941,2.0472460306048337,2.0472460306048346,0.4375516159704944,0.8221219,-0.6530761,-0.539879,0.0007277867,12782.0,6928.0,28592.0,0.0166521
46,2026-09-18T21:08:42.863707+00:00,14.457692324500385,14.486154089499905,0.11356404700200073,746566.0,phi1,0.75,0.044376511998526186,0.7488536399751294,0.17872585493387097,0.17872585493387097,rising,-0.004700142422276955,0.9980537276356023,-0.06218251694720456,0.9999889542696011,0.06222334819070956,0.062223348190710404,0.3900189039187764,0.8042745,0.7877528,-0.03111133,0.0007489771,12820.0,12048.0,24032.0,0.01663752
47,2026-09-18T21:08:43.177698+00:00,14.771437426497869,14.799899191497389,0.11403308499939158,746881.0,phi1,0.75,0.28370957642843125,4.787599102229778,0.17872585493387097,0.17872585493387097,rising,-0.03323314890434561,0.8498790677303077,0.5259288241271479,0.9994476263486254,-0.5541485880524097,-0.5541485880524089,2.4934834453314405,0.8305068,0.8049399,0.2769034,0.0007988175,12858.0,9040.0,28880.0,0.01663687
48,2026-09-18T21:08:43.494232+00:00,15.087878937498317,15.116340702497837,0.1142539989996294,747197.0,phi1,0.75,0.33125796178206957,5.589978105072424,0.17872585493387097,0.17872585493387097,falling,0.058435038706571275,0.47901692656097977,-0.8758585104452856,0.9982912131494305,1.0703275622701711,1.070327562270172,2.911379496723436,0.8150735,0.7247033,-0.533606,0.0007194134,12896.0,7008.0,28160.0,0.01664045
49,2026-09-18T21:08:43.816051+00:00,15.410045572498348,15.438507337497867,0.11354058500000974,747513.0,phi1,0.75,0.09372779525943932,1.5816565450030384,0.17872585493387097,0.17872585493387097,falling,0.12977443094051222,-0.7183106325148132,-0.6835118377103905,0.9915435427020168,2.381013360036667,2.381013360036668,0.8237603706894331,0.8257948,-0.6960291,-0.3762815,0.0007412479,12934.0,8320.0,28224.0,0.01656838
50,2026-09-18T21:08:44.135478+00:00,15.72881204749865,15.75727381249817,0.11485548299970105,747829.0,phi1,0.75,0.016045621001835625,0.2707698544059762,0.17872585493387097,0.17872585493387097,rising,0.07086288363186127,0.3684630751932301,-0.9269376537516023,0.9974860659294331,1.1924419868150093,1.1924419868150102,0.14102269948660837,0.8232001,0.690398,-0.5930836,0.0007106225,12972.0,6944.0,28240.0,0.0166673
51,2026-09-18T21:08:44.453066+00:00,16.04711108349875,16.07557284849827,0.11345703099868842,748144.0,phi1,0.75,0.24103834299194363,4.067522037989049,0.17872585493387097,0.17872585493387097,rising,0.029075249196372846,0.8538314523706135,0.5197369342531446,0.9995772255729763,-0.5468003274603283,-0.5468003274603275,2.1184519941368563,0.8532498,0.7683784,0.2732715,0.000766367,13010.0,8896.0,28176.0,0.01659573
52,2026-09-18T21:08:44.778643+00:00,16.373216580497683,16.401678345497203,0.11237989899746026,748476.0,phi1,0.75,0.34826212251751687,5.876923317483097,0.17872585493387097,0.17872585493387097,falling,-0.005106919965787549,0.9996872522235073,-0.024480954031178163,0.9999869595992055,0.02448371934132444,0.024483719341325205,3.060826666710976,0.8318436,0.7879524,-0.0122417,0.0007570305,13050.0,12368.0,23808.0,0.01657118
53,2026-09-18T21:08:45.110400+00:00,16.70514072700098,16.7336024920005,0.11206781800137833,748807.0,phi1,0.75,0.12328097566277355,2.0803664643093036,0.17872585493387097,0.17872585493387097,falling,0.1382899686767654,-0.39970499330594517,-0.906152196316752,0.9903917833682685,1.9862255729032834,1.986225572903284,1.0834991042925852,0.8323716,-0.6188536,-0.567048,0.000717957,13090.0,6784.0,28592.0,0.01661445
54,2026-09-18T21:08:45.430764+00:00,17.024531407001632,17.052993172001152,0.11400193000008585,749122.0,phi1,0.75,0.005543976002501172,0.09355459504220728,0.17872585493387097,0.17872585493387097,rising,0.11668207389076894,-0.27835278432745447,-0.9533651037717411,0.9931693177059736,1.8548687811926197,1.8548687811926203,0.04872522301706178,0.8210345,-0.5869295,-0.6320979,0.0007205572,13128.0,6720.0,28576.0,0.01657305
55,2026-09-18T21:08:45.747729+00:00,17.341779158501595,17.370240923501115,0.11344173500037869,749454.0,phi1,0.75,0.20965390100282355,3.5379095794226476,0.17872585493387097,0.17872585493387097,rising,0.005393181611413917,0.987078627363645,0.16014586161998903,0.9999854566902993,-0.16084077953889842,-0.16084077953889797,1.8426185607857726,0.8260572,0.7826663,0.08041921,0.0007532312,13168.0,11664.0,24688.0,0.0165979
56,2026-09-18T21:08:46.067205+00:00,17.660704950001673,17.689166715001193,0.114533094001672,749769.0,phi1,0.75,0.356448019749757,6.015060333277149,0.17872585493387097,0.17872585493387097,falling,-0.007908761932228805,0.884222530249865,0.46699889559101304,0.9999687252532947,-0.48591031757104863,-0.4859103175710482,3.132771362729809,0.861418,0.7898702,0.2429469,0.0007855775,13206.0,8704.0,28576.0,0.01664075
57,2026-09-18T21:08:46.384498+00:00,17.977578758502204,18.006040523501724,0.11536105099730776,750085.0,phi1,0.75,0.1736390575155956,2.930159095575676,0.17872585493387097,0.17872585493387097,falling,0.06038948696695456,0.2851169190533402,-0.9565884445953752,0.9981748894176151,1.2811239775533234,1.2811239775533239,1.526089181862043,0.8100818,0.6810375,-0.6375311,0.0007253715,13244.0,6800.0,28288.0,0.01658728
58,2026-09-18T21:08:46.701277+00:00,18.294825468001363,18.323287233000883,0.11441644600199652,750400.0,phi1,0.75,0.00020024125607862042,0.0033790711963267196,0.17872585493387097,0.17872585493387097,falling,0.14225069941851223,-0.727611109265014,-0.6710788420067196,0.9898306615350648,2.3965905145904585,2.396590514590459,0.0017598921523551989,0.8434918,-0.6888639,-0.3678315,0.0007355915,13282.0,8224.0,28224.0,0.01658162
59,2026-09-18T21:08:47.019140+00:00,18.61308910200023,18.64155086699975,0.11364094800228486,750715.0,phi1,0.75,0.15762203278748185,2.6598718032887563,0.17872585493387097,0.17872585493387097,rising,0.03547146957355074,0.5755329478978132,-0.817008935526623,0.9993706894072352,0.9570973844069807,0.957097384406981,1.3853178109912019,0.8196696,0.7546209,-0.4781023,0.0007201529,13320.0,7136.0,28000.0,0.01657238
60,2026-09-18T21:08:47.336470+00:00,18.929379710498324,18.957841475497844,0.11571227899912628,751030.0,phi1,0.75,0.35393625468548906,5.972674297817628,0.17872585493387097,0.17872585493387097,rising,-0.012487147967094965,0.7900063494263859,0.6129714830248164,0.9999220325283605,-0.6598764940899362,-0.6598764940899358,3.1106958139056964,0.8442906,0.7933007,0.329908,0.0007904261,13358.0,8272.0,29328.0,0.0165937
61,2026-09-18T21:08:47.654228+00:00,19.247931486999732,19.276393251999252,0.11410085800162051,751344.0,phi1,0.75,0.2261088674425903,3.815587138093711,0.17872585493387097,0.17872585493387097,falling,-0.01298577556907278,0.9995359758295672,-0.027553632343201625,0.9999156812616099,0.02755944436600482,0.027559444366005215,1.9872389395814567,0.8032053,0.7918937,-0.01377856,0.0007647575,13396.0,12560.0,24512.0,0.01658588
62,2026-09-18T21:08:47.970763+00:00,19.564532289499766,19.592994054499286,0.11400356700323755,751660.0,phi1,0.75,0.010663144143204628,0.1799405574165781,0.17872585493387097,0.17872585493387097,falling,0.14221097052050996,-0.4279246083021864,-0.8925561996160437,0.9898363702469285,2.0178587557088976,2.017858755708898,0.09371686966291336,0.83643,-0.6249758,-0.5514912,0.0007202248,13434.0,6960.0,28592.0,0.01661115
63,2026-09-18T21:08:48.289725+00:00,19.883955758501543,19.912417523501063,0.11308510299932095,751992.0,phi1,0.75,0.10703804060952724,1.806266935285772,0.17872585493387097,0.17872585493387097,rising,0.11193472628639291,-0.3683473537497105,-0.922925156248748,0.993715561441598,1.9505340071066544,1.9505340071066548,0.9407422394425179,0.8161888,-0.6378902,-0.5878054,0.0007280747,13474.0,6832.0,28592.0,0.01658525
64,2026-09-18T21:08:48.605817+00:00,20.1999192555013,20.22838102050082,0.11334511899985955,752308.0,phi1,0.75,0.3360349881735055,5.670590425427906,0.17872585493387097,0.17872585493387097,rising,0.04040026953713412,0.9967474798582446,0.06973004816838324,0.999183575836456,-0.06984379495007241,-0.06984379495007187,2.9533641077996915,0.8470886,0.7651432,0.03489334,0.0007366544,13512.0,11760.0,24528.0,0.01664117
65,2026-09-18T21:08:48.924356+00:00,20.517787861499528,20.546249626499048,0.11468575300023076,752623.0,phi1,0.75,0.2747883352387186,4.637053157153376,0.17872585493387097,0.17872585493387097,falling,-0.01382548600979647,0.8426297625043166,0.5383158359908352,0.9999044234008533,-0.5684984581251055,-0.5684984581251049,2.415075915002731,0.8579962,0.7936012,0.2842187,0.0007906367,13550.0,8592.0,29056.0,0.01664463
66,2026-09-18T21:08:49.243243+00:00,20.836735971497546,20.865197736497066,0.11452539499805425,752945.0,phi1,0.75,0.03486425006846397,0.5883342199053295,0.17872585493387097,0.17872585493387097,falling,0.06854586128597129,0.3569939341415626,-0.9315883188869931,0.9976479664192998,1.2048473713741445,1.2048473713741452,0.3064169756763227,0.8143389,0.6905483,-0.599379,0.000721395,13588.0,6848.0,28240.0,0.01707462
67,2026-09-18T21:08:49.566250+00:00,21.15939753499697,21.18785929999649,0.11522811800023192,753268.0,phi1,0.75,0.065577457281982,1.1066195916334463,0.17872585493387097,0.17872585493387097,rising,0.1545187735821088,-0.695550006578294,-0.7016652599064714,0.9879898524836583,2.3518177742863475,2.3518177742863484,0.5763510212733356,0.8409636,-0.6760965,-0.388866,0.0007310926,13626.0,7984.0,28224.0,0.01691122
68,2026-09-18T21:08:49.887795+00:00,21.48107065250224,21.50953241750176,0.11494734300140408,753589.0,phi1,0.75,0.3106516949616528,5.242247352477891,0.17872585493387097,0.17872585493387097,rising,0.05971850281418055,0.685944224851862,-0.7251994351997324,0.9982152575580242,0.8132090024949072,0.8132090024949081,2.730273924491357,0.8250831,0.7419775,-0.405662,0.0007107432,13664.0,7792.0,27488.0,0.01680343
69,2026-09-18T21:08:50.205743+00:00,21.79992498649881,21.82838675149833,0.11318321900034789,753908.0,phi1,0.75,0.30801542371704155,5.197760275225076,0.17872585493387097,0.17872585493387097,falling,0.022100666533392314,0.7332609229160048,0.6795880954395455,0.9997557504404663,-0.7474273473757999,-0.7474273473757991,2.707104108411851,0.8575906,0.7703326,0.3736005,0.0007867953,13702.0,7792.0,30288.0,0.01676547
70,2026-09-18T21:08:50.526716+00:00,22.120357305499056,22.148819070498575,0.11426231500081485,754226.0,phi1,0.75,0.06341079749505188,1.0700572077290005,0.17872585493387097,0.17872585493387097,falling,-0.014373405621130908,0.994005891358443,-0.10837754913060918,0.9998966972696981,0.1086021032027152,0.10860210320271602,0.5573085540489752,0.8329636,0.7926277,-0.05429542,0.0007594069,13740.0,11328.0,24496.0,0.0167078
71,2026-09-18T21:08:50.848212+00:00,22.441995692999626,22.470457457999146,0.11397783400025219,754544.0,phi1,0.75,0.03603319423213827,0.6080601526673334,0.17872585493387097,0.17872585493387097,rising,0.1312721465638572,-0.4433288295899908,-0.8866945203343066,0.9913463691044201,2.03442730708764,2.034427307087641,0.3166906610320723,0.8280008,-0.6414581,-0.5450731,0.0007226221,13778.0,7024.0,28544.0,0.0166959
72,2026-09-18T21:08:51.168181+00:00,22.761315089999698,22.789776854999218,0.11525653400167357,754861.0,phi1,0.75,0.27669329288422706,4.669199317421332,0.17872585493387097,0.17872585493387097,rising,0.11321597124685664,-0.25941117105744793,-0.9591079126903471,0.9935704020624966,1.8349473927321238,1.8349473927321247,2.4318183190235243,0.8229173,-0.5796403,-0.6419167,0.0007201371,13816.0,6768.0,28528.0,0.01670463
73,2026-09-18T21:08:51.478368+00:00,23.072413343499647,23.100875108499167,0.1134419150002941,755179.0,phi1,0.75,0.33763579592763865,5.6976040562789025,0.17872585493387097,0.17872585493387097,falling,0.023170446946641925,0.9927200423446929,0.11819495723356413,0.9997315291558494,-0.11850386454006462,-0.11850386454006379,2.9674333813305274,0.847269,0.7737301,0.05923595,0.000744559,13854.0,11728.0,25056.0,0.01675568
74,2026-09-18T21:08:51.787821+00:00,23.38149926350161,23.40996102850113,0.11419227700025658,755480.0,phi1,0.75,0.1155814662391684,1.9504372427859669,0.17872585493387097,0.17872585493387097,falling,-0.017811458431465834,0.8285870179998127,0.5595768986928626,0.9998413633914853,-0.5939823295694873,-0.5939823295694864,1.0158292021108524,0.8419818,0.7961446,0.2969376,0.000790629,13890.0,8640.0,29008.0,0.0167351
75,2026-09-18T21:08:52.097182+00:00,23.69102344299972,23.71948520799924,0.11386729199875845,755798.0,phi1,0.75,0.005507686127459777,0.09294220340088373,0.17872585493387097,0.17872585493387097,rising,0.0709086034016947,0.41767928490334694,-0.9058233740229107,0.9974828168763716,1.1387463175762544,1.1387463175762553,0.048406276424606196,0.8132307,0.7013158,-0.5666596,0.0007157916,13928.0,6928.0,28224.0,0.01669382
76,2026-09-18T21:08:52.406689+00:00,24.00081297699944,24.02927474199896,0.1133010240009753,756098.0,phi1,0.75,0.20330366507077133,3.4307493480692663,0.17872585493387097,0.17872585493387097,rising,0.15865818344616855,-0.7173724332502092,-0.6783836472367506,0.9873335712035533,2.3841210386410276,2.3841210386410285,1.7868072329840994,0.8369446,-0.6765672,-0.3727802,0.0007321566,13964.0,8160.0,28032.0,0.01668023
77,2026-09-18T21:08:52.714333+00:00,24.307849583499774,24.336311348499294,0.11447024699737085,756415.0,phi1,0.75,0.3574341109349113,6.031700622026628,0.17872585493387097,0.17872585493387097,falling,0.07465328382180773,0.36757026180459884,-0.9269946007671885,0.9972095503025533,1.193295071240904,1.193295071240905,3.1414379790517635,0.8286422,0.6852112,-0.5931595,0.0007096638,14002.0,6864.0,28208.0,0.01668397
78,2026-09-18T21:08:53.026274+00:00,24.620023971499904,24.648485736499424,0.11405117499816697,756716.0,phi1,0.75,0.19401957631987984,3.2740803503979725,0.17872585493387097,0.17872585493387097,falling,-0.0005323524019695433,0.8737497917817666,0.48637538790757057,0.99999985830045,-0.5079366788774689,-0.507936678877468,1.7052106866258008,0.8296595,0.7857028,0.2539683,0.0007767257,14038.0,9344.0,27856.0,0.0166752
79,2026-09-18T21:08:53.338482+00:00,24.93307444149832,24.96153620649784,0.11234606099969824,757034.0,phi1,0.75,0.0029278884946657424,0.0494081183474844,0.17872585493387097,0.17872585493387097,falling,0.010507087918438782,0.9970934027514906,0.07546089909965288,0.9999447990281635,-0.07553687765707401,-0.07553687765707312,0.025732798952830142,0.8283665,0.7801295,0.03776635,0.0007548596,14076.0,12432.0,24528.0,0.01670348
80,2026-09-18T21:08:53.661559+00:00,25.255345519999537,25.283807284999057,0.1139654660000815,757352.0,phi1,0.75,0.13739138151703842,2.3184795631000235,0.17872585493387097,0.17872585493387097,rising,0.11734198718751805,-0.36147717687333913,-0.9249676257267413,0.9930915657898239,1.9433464360826649,1.9433464360826658,1.2075134708410928,0.8244351,-0.628455,-0.5904752,0.0007220256,14114.0,6928.0,28592.0,0.01670525
81,2026-09-18T21:08:53.975410+00:00,25.56852956450166,25.59699132950118,0.1152949310016993,757669.0,phi1,0.75,0.3479041433852682,5.870882419626401,0.17872585493387097,0.17872585493387097,rising,0.12382739970759586,-0.5781518693290564,-0.8064782644764662,0.9923037715748415,2.192764599589184,2.192764599589185,3.057680438616482,0.8173754,-0.679903,-0.4690857,0.000733767,14152.0,7472.0,28544.0,0.01671968
82,2026-09-18T21:08:54.291643+00:00,25.885512633998587,25.913974398998107,0.11380042999735451,757986.0,phi1,0.75,0.24921061216507442,4.205429080285631,0.17872585493387097,0.17872585493387097,falling,0.045579113159843095,0.9746880844549554,-0.21887366782025625,0.9989607321829833,0.22089336942820917,0.22089336942821003,2.1902769150666384,0.849997,0.7620338,-0.11033,0.0007157265,14190.0,10032.0,25072.0,0.01650862
83,2026-09-18T21:08:54.605705+00:00,26.199862651497824,26.228324416497344,0.11320992699984345,758298.0,phi1,0.75,0.021439355855928766,0.3617891300687979,0.17872585493387097,0.17872585493387097,falling,0.009103456721754055,0.7091558874764416,0.7049929463003269,0.9999585626793318,-0.7824543932286876,-0.7824543932286867,0.1884274742442949,0.8327353,0.77898,0.3912066,0.0007936146,14228.0,7888.0,29776.0,0.01658183
84,2026-09-18T21:08:54.919136+00:00,26.51283578699804,26.54129755199756,0.11414719799722661,758613.0,phi1,0.75,0.07917275489343054,1.3360402388266404,0.17872585493387097,0.17872585493387097,rising,0.026424767739634206,0.8343281876958067,-0.5506343676761714,0.9996508048563291,0.5833544419667965,0.5833544419667975,0.695838174140213,0.8386417,0.7695675,-0.291562,0.0007315607,14266.0,8176.0,27120.0,0.01651915
85,2026-09-18T21:08:55.233483+00:00,26.826875056500285,26.855336821499805,0.11475960299867438,758927.0,phi1,0.75,0.31750592196191096,5.357912433107248,0.17872585493387097,0.17872585493387097,rising,0.14247890001435623,-0.5255141047546581,-0.8387697471622407,0.9897978394857705,2.1304948493054905,2.1304948493054914,2.79051475869527,0.8381402,-0.6530191,-0.4975099,0.0007208912,14304.0,7424.0,28528.0,0.01653153
86,2026-09-18T21:08:55.547136+00:00,27.141110298998683,27.169572063998203,0.11354614599986235,759241.0,phi1,0.75,0.3033620375478653,5.119234383620227,0.17872585493387097,0.17872585493387097,falling,0.06830302938828163,0.32898411984902926,-0.9418620626522458,0.9976646210908671,1.2347531042692859,1.2347531042692867,2.66620615380755,0.8204733,0.6830433,-0.6140649,0.0007150861,14342.0,6800.0,28272.0,0.01660425
87,2026-09-18T21:08:55.861089+00:00,27.45466879149899,27.48313055649851,0.11435956499917665,759558.0,phi1,0.75,0.06278261530926334,1.059456633343819,0.17872585493387097,0.17872585493387097,falling,-0.001332712576020209,0.8504462208642387,0.5260603095605334,0.9999991119382006,-0.5539619493280754,-0.5539619493280745,0.5517875494335001,0.8459646,0.7861817,0.2769807,0.0007849764,14380.0,8496.0,28608.0,0.01665128
88,2026-09-18T21:08:56.172948+00:00,27.767043420000846,27.795505185000366,0.11335552200034726,759875.0,phi1,0.75,0.03194105304008307,0.5390052700514019,0.17872585493387097,0.17872585493387097,rising,-0.019159915482453282,0.9420062872966289,0.33504783588664816,0.999816431970742,-0.3417212897519912,-0.3417212897519903,0.28072540935886164,0.8260326,0.7955665,0.170828,0.000779284,14418.0,10544.0,27024.0,0.01665455
89,2026-09-18T21:08:56.485175+00:00,28.07905012500123,28.10751189000075,0.11378990400044131,760175.0,phi1,0.75,0.26545082301097916,4.479482638310273,0.17872585493387097,0.17872585493387097,rising,0.08702424242532292,0.06653068064025817,-0.9939821174265876,0.9962061941336736,1.503962536525205,1.5039625365252058,2.333009837242675,0.8109464,0.3263607,-0.7305168,0.000721479,14454.0,6704.0,28368.0,0.01671025
90,2026-09-18T21:08:56.797063+00:00,28.3907824525013,28.419244217500818,0.11410643499766593,760492.0,phi1,0.75,0.34300409450475977,5.788194094767821,0.17872585493387097,0.17872585493387097,falling,0.13758014767154253,-0.5306177265978828,-0.8363710487497586,0.9904906374957194,2.136147057540466,2.136147057540467,3.014614600238112,0.8358942,-0.65855,-0.4953146,0.0007218716,14492.0,7344.0,28560.0,0.0166723
91,2026-09-18T21:08:57.111202+00:00,28.704856564501824,28.733318329501344,0.11422539900013362,760808.0,phi1,0.75,0.12350854669689518,2.084206725510106,0.17872585493387097,0.17872585493387097,falling,0.02907849999100093,0.9046832536055233,-0.4250913448707203,0.9995771310100453,0.4392614878362955,0.43926148783629637,1.085499194008846,0.8574604,0.7693326,-0.2195314,0.0007230692,14530.0,8992.0,26832.0,0.01664035
92,2026-09-18T21:08:57.424747+00:00,29.018269756001246,29.046731521000765,0.11449195599925588,761125.0,phi1,0.75,0.004316220875604571,0.07283622727582713,0.17872585493387097,0.17872585493387097,rising,0.020239693051176715,0.7781986512758071,0.6276919738037988,0.9997951564321534,-0.67875001500912,-0.6787500150091192,0.03793465640180428,0.8591344,0.7723969,0.3392924,0.0007816125,14568.0,8192.0,29456.0,0.01664565
93,2026-09-18T21:08:57.735839+00:00,29.329794344499533,29.358256109499052,0.11363604699727148,761442.0,phi1,0.75,0.1996682363168649,3.369401487847095,0.17872585493387097,0.17872585493387097,rising,-0.006409235179497799,0.8625913984187771,-0.5058606538152107,0.9999794606412743,0.5303914451198063,0.5303914451198071,1.7548559625029836,0.7906943,0.7891132,-0.2651897,0.0007467475,14606.0,9232.0,26528.0,0.01663752
94,2026-09-18T21:08:58.050215+00:00,29.643988921001437,29.672450686000957,0.1139542920027452,761743.0,phi1,0.75,0.3573853245198182,6.030877351271932,0.17872585493387097,0.17872585493387097,falling,0.14562690822443494,-0.5656454094114752,-0.8116884096823833,0.9893395795180702,2.1794219357602453,2.1794219357602462,3.1410092021316354,0.8354336,-0.6594079,-0.4735185,0.000724603,14642.0,7168.0,28496.0,0.016758
95,2026-09-18T21:08:58.366021+00:00,29.959266769499663,29.987728534499183,0.1150280189976911,762061.0,phi1,0.75,0.18905543977406958,3.190310546187424,0.17872585493387097,0.17872585493387097,falling,0.08670573469135485,0.05841490888175819,-0.9945198911997528,0.9962339662808292,1.512126941941379,1.5121269419413799,1.661581590797711,0.8104362,0.296433,-0.7330287,0.0007191023,14680.0,6688.0,28368.0,0.016771
96,2026-09-18T21:08:58.681271+00:00,30.27478290900035,30.30324467399987,0.11450687600154197,762380.0,phi1,0.75,0.001793567006847463,0.030266443240550937,0.17872585493387097,0.17872585493387097,falling,-0.019487215479201757,0.888245704792541,0.45895513544405336,0.9998101061866034,-0.4769169153428872,-0.47691691534288627,0.015763407411081797,0.8398026,0.7963659,0.2384094,0.0007819463,14718.0,9424.0,27776.0,0.01669455
97,2026-09-18T21:08:58.997898+00:00,30.591252885002177,30.619714650001697,0.11482286599857616,762697.0,phi1,0.75,0.13950351172330583,2.354121760330786,0.17872585493387097,0.17872585493387097,rising,0.026347729167798248,0.8686611554225693,0.49470556316624076,0.9996528383232354,-0.5176936986597549,-0.517693698659754,1.2260766852733023,0.8585398,0.7702371,0.258748,0.0007691172,14756.0,9136.0,28416.0,0.0167556
98,2026-09-18T21:08:59.312844+00:00,30.906822788998397,30.935284553997917,0.11357528799999272,763016.0,phi1,0.75,0.3492048799933771,5.892832349888239,0.17872585493387097,0.17872585493387097,rising,0.08421900723418485,0.11980036408379113,-0.9892194051806098,0.9964472684595449,1.4502772852026158,1.4502772852026167,3.0691124291748775,0.8148032,0.4790317,-0.7119134,0.0007201972,14794.0,6704.0,28384.0,0.01680933
99,2026-09-18T21:08:59.631054+00:00,31.224702373499895,31.253164138499415,0.11423664299945813,763335.0,phi1,0.75,0.24465170278567816,4.128497484508319,0.17872585493387097,0.17872585493387097,falling,0.1498614816907535,-0.6780155491221611,-0.7196085404259919,0.9887070022536768,2.3264434868546475,2.3264434868546484,2.150209303640211,0.8387665,-0.6766321,-0.4016192,0.0007342536,14832.0,7760.0,28304.0,0.01679447
100,2026-09-18T21:08:59.946488+00:00,31.53995863700038,31.5684204019999,0.11456615800125292,763636.0,phi1,0.75,0.01881483526013447,0.3175003450147692,0.17872585493387097,0.17872585493387097,falling,0.030980137428089187,0.7351185507083251,-0.6772303503900489,0.9995200003426328,0.7444339112212576,0.7444339112212583,0.16536093295961846,0.8107589,0.7643391,-0.3719959,0.000721984,14868.0,8208.0,27344.0,0.01670092
101,2026-09-18T21:09:00.266341+00:00,31.859462569002062,31.887924334001582,0.11530157400193275,763970.0,phi1,0.75,0.08866031739628334,1.4961428560622814,0.17872585493387097,0.17872585493387097,rising,0.0034901744323970717,0.7699551935394521,0.6380884097239632,0.9999939093226675,-0.6920180475436978,-0.692018047543697,0.7792230226011834,0.8536842,0.7831317,0.3460065,0.0007876532,14908.0,7872.0,29616.0,0.01670763
102,2026-09-18T21:09:00.584098+00:00,32.17726487799882,32.20572664299834,0.11521582400018815,764288.0,phi1,0.75,0.3261000805709417,5.502938859634641,0.17872585493387097,0.17872585493387097,rising,0.012845893240957793,0.9126838063798484,-0.4084645059228933,0.9999174881093149,0.42080812724680555,0.4208081272468063,2.8660476063627396,0.8367131,0.7783612,-0.2103856,0.0007401426,14946.0,9008.0,26320.0,0.01667923
103,2026-09-18T21:09:00.901324+00:00,32.49482871749933,32.52329048249885,0.1145141130000411,764604.0,phi1,0.75,0.2905010467429803,4.902205163787792,0.17872585493387097,0.17872585493387097,falling,0.14599393481151052,-0.6436332202298584,-0.7512802731436485,0.9892854850841857,2.279176007969274,2.2791760079692747,2.5531727198775176,0.8360908,-0.6738714,-0.4249999,0.0007289913,14984.0,7680.0,28352.0,0.01661283
104,2026-09-18T21:09:01.217826+00:00,32.81177665300129,32.84023841800081,0.11359538800024893,764920.0,phi1,0.75,0.04830293775927916,0.8151120746878358,0.17872585493387097,0.17872585493387097,falling,0.10272332803568807,-0.17910437994819914,-0.9784526247911258,0.9947099667125451,1.7518406098046084,1.7518406098046089,0.4245277060431565,0.8194796,-0.5250304,-0.6814145,0.000722596,15022.0,6720.0,28448.0,0.01666068
105,2026-09-18T21:09:01.536382+00:00,33.12939594499767,33.15785770999719,0.11551382200195803,765237.0,phi1,0.75,0.047211851005065475,0.7966999857104798,0.17872585493387097,0.17872585493387097,rising,-0.008017970807648659,0.9710206495563497,0.2388610689905165,0.9999678555554311,-0.24120070719427872,-0.24120070719427833,0.41493829847608926,0.8283983,0.7895267,0.1205964,0.0007636698,15060.0,11216.0,25424.0,0.01663288
106,2026-09-18T21:09:01.852242+00:00,33.44603289750012,33.47449466249964,0.11393218699959107,765554.0,phi1,0.75,0.2890393995238895,4.877539866965636,0.17872585493387097,0.17872585493387097,rising,-0.03882891841650311,0.899495166594837,0.43520197652024856,0.9992458731936822,-0.45062743633511865,-0.45062743633511826,2.5403265086582887,0.7976199,0.8069685,0.2251313,0.0007928238,15098.0,9712.0,27664.0,0.0167007
107,2026-09-18T21:09:02.170991+00:00,33.76472136800294,33.79318313300246,0.1140397800008941,765871.0,phi1,0.75,0.3266176056374074,5.5116720951312494,0.17872585493387097,0.17872585493387097,falling,0.07254812497205725,0.2011887159790572,-0.9768622574988436,0.9973649129396115,1.3676823507840232,1.3676823507840234,2.870596061166491,0.8087816,0.612356,-0.677631,0.0007230764,15136.0,6720.0,28352.0,0.01674382
108,2026-09-18T21:09:02.485951+00:00,34.079898968000634,34.108360733000154,0.11361735199898249,766187.0,phi1,0.75,0.09137647220359019,1.5419779684355843,0.17872585493387097,0.17872585493387097,falling,0.12870057914245128,-0.5439880067604111,-0.8291641631361262,0.9916834983644719,2.151425399246409,2.151425399246409,0.8030949240443322,0.8305771,-0.6692404,-0.4888054,0.0007308644,15174.0,7344.0,28544.0,0.0166587
109,2026-09-18T21:09:02.802100+00:00,34.3956750920006,34.42413685700012,0.11437810200004606,766504.0,phi1,0.75,0.016114183856424685,0.2719268525771666,0.17872585493387097,0.17872585493387097,rising,9.22246211867282e-05,0.8977659719175654,-0.4404727587053806,0.9999999957473096,0.4561252020865062,0.4561252020865063,0.14162528874367428,0.8044249,0.7853468,-0.2280626,0.0007377244,15212.0,9328.0,26144.0,0.01665283
110,2026-09-18T21:09:03.119536+00:00,34.713651245998335,34.742113010997855,0.11330202399767586,766822.0,phi1,0.75,0.24093847218009343,4.065836718039076,0.17872585493387097,0.17872585493387097,rising,0.014406610932728544,0.6039279577449065,0.796908697038437,0.9998962193955095,-0.9222975305634713,-0.9222975305634713,2.117574243659924,0.846519,0.773473,0.4610803,0.0007981028,15250.0,7264.0,30640.0,0.01673128
111,2026-09-18T21:09:03.430748+00:00,35.02477111550252,35.05323288050204,0.11348615699898801,767123.0,phi1,0.75,0.3518577292343953,5.9375991808304205,0.17872585493387097,0.17872585493387097,falling,-0.000287436188022274,0.9998712053907304,-0.01604649528482087,0.9999999586902181,0.016047184662962604,0.01604718466296262,3.0924279469262053,0.8117864,0.7855419,-0.008023592,0.000757684,15286.0,12608.0,24240.0,0.01671703
112,2026-09-18T21:09:03.748283+00:00,35.34187344199745,35.37033520699697,0.11436078200131305,767444.0,phi1,0.75,0.14771960192113182,2.4927682824190995,0.17872585493387097,0.17872585493387097,falling,0.12820923879186324,-0.3551249390301041,-0.9259852421973451,0.9917471407009002,1.9370071849622315,1.9370071849622315,1.2982867430074547,0.8301043,-0.6121665,-0.5918184,0.0007217495,15324.0,6896.0,28608.0,0.01704308
113,2026-09-18T21:09:04.067031+00:00,35.66017447649938,35.6886362414989,0.1152382510008465,767769.0,phi1,0.75,0.0009569627058078622,0.016148745660507675,0.17872585493387097,0.17872585493387097,rising,0.08531987407871892,0.06441400854644648,-0.9942692565850408,0.996353611468936,1.506101460337128,1.506101460337128,0.008410610226029585,0.8242213,0.3233374,-0.7318434,0.0007154246,15362.0,6688.0,28352.0,0.01694863
114,2026-09-18T21:09:04.386079+00:00,35.97922947949701,36.00769124449653,0.11522871499983012,768090.0,phi1,0.75,0.1852022009472991,3.1252871409856726,0.17872585493387097,0.17872585493387097,rising,0.009771793304172603,0.8906307693444696,0.45462220002162085,0.9999522548880124,-0.47197237132601666,-0.47197237132601666,1.6277160183118835,0.8526646,0.7799125,0.235974,0.0007718155,15400.0,8832.0,27680.0,0.01678143
115,2026-09-18T21:09:04.704361+00:00,36.29811184549908,36.3265736104986,0.11400828499972704,768405.0,phi1,0.75,0.3573610404752986,6.030467558020664,0.17872585493387097,0.17872585493387097,rising,-0.004115689524513715,0.7952532392424019,0.6062634300155378,0.9999915305140028,-0.6513600567193699,-0.6513600567193699,3.1407957730900162,0.8314072,0.7879858,0.3256768,0.000792116,15438.0,8080.0,29392.0,0.01655483
116,2026-09-18T21:09:05.021708+00:00,36.61588579149975,36.64434755649927,0.11316978900140384,768719.0,phi1,0.75,0.19748894644681989,3.3326259712900854,0.17872585493387097,0.17872585493387097,falling,0.0519688706309327,0.44754117049501235,-0.8927520020684914,0.9986487052439138,1.106105148186962,1.1061051481869617,1.735702491259807,0.8100879,0.7275966,-0.5517084,0.0007233825,15476.0,6928.0,28240.0,0.01647953
117,2026-09-18T21:09:05.340834+00:00,36.934990511999786,36.963452276999305,0.11323380999965593,769035.0,phi1,0.75,0.0026441526581568453,0.04462007610639676,0.17872585493387097,0.17872585493387097,falling,0.12845911990142794,-0.5374989390775333,-0.833422548893823,0.9917148050292234,2.143598913850897,2.143598913850897,0.023239084711355905,0.8244928,-0.6681013,-0.4926361,0.0007295569,15514.0,7184.0,28576.0,0.01677767
118,2026-09-18T21:09:05.659347+00:00,37.252943165498436,37.281404930497956,0.11435848100154544,769353.0,phi1,0.75,0.13542560205065537,2.2853070346048097,0.17872585493387097,0.17872585493387097,rising,0.01451354240642596,0.7821289899939333,-0.62294750990584,0.9998946729965196,0.6725888877008446,0.6725888877008446,1.1902365124165502,0.8000747,0.776121,-0.3362525,0.0007275832,15552.0,7984.0,27024.0,0.01667905
119,2026-09-18T21:09:05.978062+00:00,37.57184863349903,37.60031039849855,0.11394647099950816,769670.0,phi1,0.75,0.3487848469877885,5.885744292918931,0.17872585493387097,0.17872585493387097,rising,0.032631536284991505,0.7452013934061168,0.6660405889322836,0.9994674496148842,-0.7293638777600334,-0.7293638777600333,3.065420818341317,0.8570176,0.7635177,0.364444,0.000779321,15590.0,7664.0,29760.0,0.01665115
120,2026-09-18T21:09:06.295195+00:00,37.8891518724995,37.91761363749902,0.1136093829991296,769987.0,phi1,0.75,0.24638374765682647,4.157725741708947,0.17872585493387097,0.17872585493387097,falling,-0.03488124684063079,0.9851383889116359,-0.16818339190130915,0.999391464151482,0.16909040866868233,0.1690904086686824,2.1654320016793407,0.8055695,0.8030945,-0.08449326,0.0007659383,15628.0,11344.0,24832.0,0.01666358
121,2026-09-18T21:09:06.614337+00:00,38.207882194001286,38.236343959000806,0.11445459199967445,770304.0,phi1,0.75,0.018344866500195844,0.30956962219080486,0.17872585493387097,0.17872585493387097,falling,0.13612744193032061,-0.4524943327871592,-0.8813161738837038,0.99069133414677,2.0451302729591925,2.0451302729591925,0.16123044382533458,0.8296955,-0.6392855,-0.5393202,0.0007237551,15666.0,6992.0,28544.0,0.01670002
122,2026-09-18T21:09:06.933079+00:00,38.52688709349968,38.5553488584992,0.11393666500225663,770623.0,phi1,0.75,0.0892122073447609,1.5054559989428402,0.17872585493387097,0.17872585493387097,rising,0.09015511732751759,0.002145555782282315,-0.995925424622771,0.9959277357417362,1.5686419963501053,1.5686419963501053,0.784073505505206,0.8106715,0.011897,-0.7402465,0.0007197357,15704.0,6688.0,28384.0,0.01671545
123,2026-09-18T21:09:07.251800+00:00,38.84586302599928,38.8743247909988,0.11341674600043916,770942.0,phi1,0.75,0.32701427973235275,5.518365970483453,0.17872585493387097,0.17872585493387097,rising,0.0130163676528654,0.9289811975117283,0.3698979708552086,0.9999152834981199,-0.37893293184709376,-0.37893293184709376,2.8740823738295656,0.874445,0.7783929,0.1894496,0.0007589002,15742.0,9520.0,27584.0,0.01698288
124,2026-09-18T21:09:07.574649+00:00,39.16813008450117,39.19659184950069,0.11452920300143887,771267.0,phi1,0.75,0.2860868568385632,4.8277157091507545,0.17872585493387097,0.17872585493387097,falling,-0.003400455892876511,0.8354732076675919,0.5495206603662373,0.9999942184331471,-0.581794202738894,-0.581794202738894,2.5143770275016215,0.8371359,0.7874332,0.2908952,0.0007833942,15780.0,8624.0,29168.0,0.01696783
125,2026-09-18T21:09:07.894405+00:00,39.48801196199929,39.51647372699881,0.11430970199944568,771584.0,phi1,0.75,0.042927239293878816,0.724397163084205,0.17872585493387097,0.17872585493387097,falling,0.05450028977690485,0.3057428024397407,-0.9505530270166558,0.9985137547446372,1.2595998239877995,1.2595998239877995,0.377281450561362,0.808511,0.6971969,-0.6275059,0.0007254514,15818.0,6784.0,28256.0,0.0166193
126,2026-09-18T21:09:08.214248+00:00,39.8074207824975,39.83588254749702,0.11515849100032938,771916.0,phi1,0.75,0.05387484112854268,0.9091379440441578,0.17872585493387097,0.17872585493387097,rising,0.13726755513962235,-0.5438801678157034,-0.8278598802712649,0.990534006637829,2.1520566732658697,2.1520566732658697,0.4734983787470786,0.8294458,-0.6617868,-0.4876408,0.0007279321,15858.0,7360.0,28544.0,0.01657157
127,2026-09-18T21:09:08.535017+00:00,40.128713740999956,40.157175505999476,0.11415454599773511,772231.0,phi1,0.75,0.2993272202075217,5.05114684100193,0.17872585493387097,0.17872585493387097,rising,0.012335810466214457,0.8164503357782215,-0.5772838790298678,0.9999239109953024,0.6154521988882574,0.6154521988882573,2.6307447133805617,0.8214689,0.7778442,-0.3076992,0.000732087,15896.0,8672.0,27200.0,0.016543
128,2026-09-18T21:09:08.856010+00:00,40.44957727200017,40.47803903699969,0.11439014400093583,772546.0,phi1,0.75,0.3174833508902648,5.3575315462732185,0.17872585493387097,0.17872585493387097,falling,0.006421177692475133,0.7531171986338503,0.6578550399586092,0.9999793840260116,-0.7179852081078333,-0.7179852081078333,2.7903163847305925,0.8382888,0.7811352,0.3589836,0.0007882366,15934.0,7744.0,29616.0,0.01659375
129,2026-09-18T21:09:09.176787+00:00,40.770683728500444,40.799145493499964,0.11370917499880306,772877.0,phi1,0.75,0.0742565226493594,1.2530788197079399,0.17872585493387097,0.17872585493387097,falling,-0.012283147981683304,0.9117885069997087,-0.41047636080400807,0.9999245592921798,0.4230103622513795,0.42301036225137945,0.6526301024624198,0.8151007,0.7921335,-0.2114882,0.0007532757,15974.0,9504.0,26320.0,0.01655468
130,2026-09-18T21:09:09.497948+00:00,41.09220227300102,41.12066403800054,0.11303789000157849,773191.0,phi1,0.75,0.02812303473038491,0.4745762110752454,0.17872585493387097,0.17872585493387097,rising,0.14087066172245422,-0.5366112529942215,-0.8319878724031076,0.9900280080209236,2.1436308130994415,2.1436308130994415,0.24716938502914979,0.8272136,-0.6570351,-0.4913406,0.0007292676,16012.0,7184.0,28416.0,0.01654618
131,2026-09-18T21:09:09.821352+00:00,41.4147956204979,41.44325738549742,0.11465248700187658,773522.0,phi1,0.75,0.26722156115526274,4.509363844495059,0.17872585493387097,0.17872585493387097,rising,0.07936423341582118,0.09107167558511452,-0.9926768196953321,0.9968456843736242,1.4793089026205757,1.4793089026205757,2.348572605001069,0.8118587,0.4269908,-0.7248501,0.0007188697,16052.0,6704.0,28320.0,0.01652038
132,2026-09-18T21:09:10.143040+00:00,41.73694190900278,41.7654036740023,0.11371572799907881,773836.0,phi1,0.75,0.33845185542226564,5.711375060250733,0.17872585493387097,0.17872585493387097,falling,0.04240686680590698,0.932649909409931,0.3582817384759567,0.9991004242055481,-0.3667723532370813,-0.36677235323708124,2.9746056131102017,0.8688356,0.7626792,0.1832134,0.0007511573,16090.0,9792.0,27392.0,0.01652335
133,2026-09-18T21:09:10.465479+00:00,42.05889910800033,42.08736087299985,0.11470069800270721,774169.0,phi1,0.75,0.10720904806282852,1.8091526860602314,0.17872585493387097,0.17872585493387097,falling,0.005556941353823916,0.9364584908136666,0.35073439435815235,0.9999845600821995,-0.35836098274894995,-0.3583609827489499,0.9422451998261713,0.847725,0.7824312,0.1791776,0.000770839,16130.0,9920.0,27216.0,0.01672663
134,2026-09-18T21:09:10.785808+00:00,42.379671677997976,42.408133442997496,0.11374539399912464,774486.0,phi1,0.75,0.010988610956711914,0.18543280989451355,0.17872585493387097,0.17872585493387097,rising,0.09364614879325454,0.05798776135006029,-0.9939153979840538,0.9956055437853847,1.512519635323471,1.512519635323471,0.09657735157438635,0.8207341,0.2772168,-0.7302131,0.0007140864,16168.0,6704.0,28416.0,0.01673347
135,2026-09-18T21:09:11.107729+00:00,42.70157024249784,42.73003200749736,0.11385740500190877,774803.0,phi1,0.75,0.2313042286750969,3.90325885889226,0.17872585493387097,0.17872585493387097,rising,0.13082951786085995,-0.5266008469248638,-0.8399852292000801,0.9914048805893054,2.130772823594674,2.130772823594674,2.0329002365628783,0.8247556,-0.6636425,-0.498628,0.0007310598,16206.0,7360.0,28560.0,0.01676692
136,2026-09-18T21:09:11.428848+00:00,43.0228431075011,43.05130487250062,0.11351876299886499,775121.0,phi1,0.75,0.3522536605459707,5.944280521713255,0.17872585493387097,0.17872585493387097,falling,0.04617236421924796,0.9204403946237861,-0.3881463547776972,0.9989334876669242,0.3990691017330399,0.3990691017330399,3.0959077313710237,0.8254677,0.7603375,-0.1993097,0.0007206204,16244.0,10032.0,26064.0,0.01667858
137,2026-09-18T21:09:11.749782+00:00,43.343800472499424,43.372262237498944,0.11347018100059358,775455.0,phi1,0.75,0.1461225178651746,2.4658174889748214,0.17872585493387097,0.17872585493387097,falling,0.0021162412569900872,0.7263483118436703,0.6873235420126336,0.999997760758964,-0.7577999189304252,-0.7577999189304252,1.2842501965345985,0.8433874,0.7839414,0.3788989,0.0007909943,16284.0,7872.0,29904.0,0.01674063
138,2026-09-18T21:09:12.074507+00:00,43.667425727999216,43.695887492998736,0.11568702400109032,775773.0,phi1,0.75,0.0016917582298044687,0.02854842012795041,0.17872585493387097,0.17872585493387097,rising,0.018800483150429925,0.8443278020992854,-0.535497062956932,0.9998232552973102,0.5652082926078146,0.5652082926078146,0.014868624431451979,0.8271624,0.7742666,-0.2825481,0.0007371776,16322.0,8256.0,27056.0,0.01670228
139,2026-09-18T21:09:12.397656+00:00,43.99183207150054,44.02029383650006,0.11319387699768413,776091.0,phi1,0.75,0.19579180584137149,3.3039867235731437,0.17872585493387097,0.17872585493387097,rising,0.14134898784813238,-0.6438341499878162,-0.7519960445000856,0.9899598293033453,2.278859738248733,2.278859738248733,1.7207865618880929,0.8370687,-0.6773412,-0.4255425,0.0007290666,16360.0,7696.0,28384.0,0.0166949
140,2026-09-18T21:09:12.715034+00:00,44.3087469940001,44.33720875899962,0.11411447599675739,776407.0,phi1,0.75,0.3574219064271651,6.031494670958411,0.17872585493387097,0.17872585493387097,falling,0.08324690716502094,0.1938800840056281,-0.9774868108948729,0.9965289521370959,1.3749921631507966,1.3749921631507966,3.1413307153548287,0.8253612,0.5826137,-0.679101,0.0007124386,16398.0,6736.0,28304.0,0.01665038
141,2026-09-18T21:09:13.040007+00:00,44.63395268149907,44.66241444649859,0.11364835700078402,776740.0,phi1,0.75,0.18230694458975313,3.076429689952084,0.17872585493387097,0.17872585493387097,falling,-0.00523867167520429,0.8055820352896913,0.592461087952279,0.9999862780653941,-0.6341204916874765,-0.6341204916874768,1.6022700186088996,0.8333829,0.7886496,0.3170552,0.0007879054,16438.0,8512.0,29056.0,0.01662948
142,2026-09-18T21:09:13.364905+00:00,44.95888846299931,44.98735022799883,0.11355971200100612,777057.0,phi1,0.75,0.0003174508103957474,0.0053569824254282375,0.17872585493387097,0.17872585493387097,falling,-0.034158198124380056,0.9179440362294133,0.3952365922479208,0.9994164384784231,-0.40657664886227074,-0.40657664886227096,0.0027900303909146507,0.8384729,0.8039954,0.2031627,0.0007922405,16476.0,9888.0,27872.0,0.0166437
143,2026-09-18T21:09:13.691251+00:00,45.28490976450121,45.31337152950073,0.11419824499898823,777390.0,phi1,0.75,0.16193829347693467,2.7327087024232726,0.17872585493387097,0.17872585493387097,rising,0.10677114508690913,-0.12447706574276847,-0.9864610396163148,0.9942836228042933,1.6963183983206895,1.6963183983206895,1.423252817311302,0.8250518,-0.4309079,-0.7030282,0.0007194209,16516.0,6704.0,28528.0,0.01661598
144,2026-09-18T21:09:14.005391+00:00,45.59838803100138,45.6268497960009,0.11555393800153979,777707.0,phi1,0.75,0.3543148192246266,5.979062574415574,0.17872585493387097,0.17872585493387097,rising,0.1254123013352481,-0.42176985978034937,-0.8979877170956524,0.9921047095311044,2.009897806875959,2.009897806875959,3.114022964237427,0.8262903,-0.6408873,-0.5575874,0.000725942,16554.0,6992.0,28592.0,0.0166715
145,2026-09-18T21:09:14.319068+00:00,45.91289922600117,45.94136099100069,0.11387837800066336,778023.0,phi1,0.75,0.22748701307857205,3.8388433457009032,0.17872585493387097,0.17872585493387097,falling,0.005706473190910291,0.9853711721263302,-0.17032641987109226,0.9999837179493082,0.17116373443460736,0.1711637344346073,1.9993512671660112,0.8451048,0.7825026,-0.08558046,0.0007388456,16592.0,11008.0,25104.0,0.01666557
146,2026-09-18T21:09:14.635986+00:00,46.22960628000146,46.25806804500098,0.11430613800257561,778340.0,phi1,0.75,0.011124271194687008,0.18772207641034325,0.17872585493387097,0.17872585493387097,falling,0.00504337826843608,0.7824994907518137,0.622630798554644,0.9999872820869481,-0.6721103195369109,-0.6721103195369109,0.09776965026884353,0.850225,0.7821756,0.3360501,0.0007876073,16630.0,8256.0,29424.0,0.01670913
147,2026-09-18T21:09:14.951366+00:00,46.544308497497695,46.572770262497215,0.11563930900229025,778641.0,phi1,0.75,0.10219925679769841,1.7246124584611606,0.17872585493387097,0.17872585493387097,rising,0.03434214456329359,0.75938346272037,-0.6497363878171009,0.9994101345827917,0.7077421860843611,0.7077421860843611,0.8982148511103282,0.8018413,0.7628017,-0.3536188,0.0007309238,16666.0,8160.0,27520.0,0.01665585
148,2026-09-18T21:09:15.267051+00:00,46.86040031450102,46.88886207950054,0.11483358500117902,778957.0,phi1,0.75,0.3334956946059107,5.627739846474744,0.17872585493387097,0.17872585493387097,rising,0.14432488380232808,-0.7193223699119562,-0.6795186944151658,0.9895303572480455,2.3846415661860494,2.3846415661860494,2.9310466148431877,0.8363628,-0.6863927,-0.3735532,0.0007359426,16704.0,7920.0,28208.0,0.01662355
149,2026-09-18T21:09:15.583301+00:00,47.17697361750106,47.20543538250058,0.11420183500013081,779274.0,phi1,0.75,0.28004068978443153,4.725686640112282,0.17872585493387097,0.17872585493387097,falling,0.09022225338111221,0.08660084105092422,-0.9921493029398887,0.9959216560527412,1.4837308947774677,1.4837308947774677,2.4612381181740797,0.8167002,0.3824603,-0.7227045,0.000715792,16742.0,6704.0,28352.0,0.01666285
150,2026-09-18T21:09:15.897767+00:00,47.49108037749829,47.51954214249781,0.11491067899987684,779592.0,phi1,0.75,0.04126134027108505,0.6962851170745602,0.17872585493387097,0.17872585493387097,falling,0.030029929713649612,0.9210936794683575,0.3881811908952259,0.9995489999601787,-0.39884725962850337,-0.3988472596285033,0.362640099052461,0.8668522,0.7691027,0.1993286,0.0007590269,16780.0,9536.0,27664.0,0.01666638
151,2026-09-18T21:09:16.213466+00:00,47.80714073950003,47.83560250449955,0.11418977299763355,779908.0,phi1,0.75,0.05370618069463656,0.906291799221992,0.17872585493387097,0.17872585493387097,rising,-0.03903524359457764,0.9265653245274671,0.37410285903855556,0.9992378344305782,-0.38373690697417023,-0.3837369069741702,0.47201604598580355,0.828471,0.8064502,0.1917146,0.0007937755,16818.0,10080.0,27760.0,0.01660965
152,2026-09-18T21:09:16.529224+00:00,48.122713838500204,48.15117560349972,0.11455867299810052,780225.0,phi1,0.75,0.29555012343377063,4.987408332944879,0.17872585493387097,0.17872585493387097,rising,0.08449519516493388,0.10096207091814771,-0.9912957289477033,0.9964238867038664,1.4692977254975546,1.4692977254975546,2.5975483426576336,0.8129488,0.4369783,-0.7193795,0.0007204804,16856.0,6688.0,28368.0,0.01669535
153,2026-09-18T21:09:16.842725+00:00,48.43665334000252,48.46511510500204,0.11366854999869247,780543.0,phi1,0.75,0.3240823345131495,5.4688893949093975,0.17872585493387097,0.17872585493387097,falling,0.1255400868625528,-0.4634082102966909,-0.8772072259279221,0.9920885477569745,2.056808628910588,2.056808628910588,2.848313920897043,0.8243131,-0.6531201,-0.535007,0.0007262051,16894.0,7104.0,28608.0,0.01673037
154,2026-09-18T21:09:17.157818+00:00,48.75150350449985,48.77996526949937,0.11416175300109899,780860.0,phi1,0.75,0.08777217142331936,1.4811553927685142,0.17872585493387097,0.17872585493387097,falling,-0.0006017919859952935,0.9698918564383636,-0.243535263690806,0.9999998189231865,0.24600924546753228,0.24600924546753222,0.7714172329323875,0.8367524,0.7857084,-0.1230046,0.0007410317,16932.0,10128.0,25328.0,0.01664565
155,2026-09-18T21:09:17.471788+00:00,49.06588514200121,49.09434690700073,0.11330147600165219,781176.0,phi1,0.75,0.017375179518090395,0.2932061543677754,0.17872585493387097,0.17872585493387097,rising,-0.006085318617800648,0.6571378590053069,0.7537458478553903,0.9999814842772439,-0.8537648375211311,-0.8537648375211311,0.1527080017298938,0.8374515,0.7900282,0.4268718,0.0008056699,16970.0,7472.0,30416.0,0.0166336
156,2026-09-18T21:09:17.787031+00:00,49.380519786998775,49.408981551998295,0.11455726200074423,781492.0,phi1,0.75,0.24109783469469515,4.06852596047298,0.17872585493387097,0.17872585493387097,rising,-0.004181723533260443,0.9283427961577586,-0.37170171644786026,0.9999912565559217,0.380844900809084,0.38084490080908395,2.118974858320057,0.7937398,0.7876504,-0.1904207,0.0007511743,17008.0,10048.0,26128.0,0.01667763
157,2026-09-18T21:09:18.106935+00:00,49.70078188650223,49.72924365150175,0.11385236699788948,781809.0,phi1,0.75,0.34973700164890786,5.901811902825321,0.17872585493387097,0.17872585493387097,falling,0.12930106199772506,-0.4890351745545485,-0.8626272853409302,0.9916053828848754,2.0865322583269674,2.0865322583269674,3.073789171340833,0.825139,-0.6561555,-0.5202204,0.0007254643,17046.0,7152.0,28560.0,0.01664832
158,2026-09-18T21:09:18.420678+00:00,50.014692032498715,50.043153797498235,0.11351820300114923,782125.0,phi1,0.75,0.14263060314576637,2.4068914280848075,0.17872585493387097,0.17872585493387097,falling,0.0882903622676786,0.23023394622974389,-0.9691218406031934,0.9960947805960244,1.3375505865818116,1.3375505865818116,1.2535602506576742,0.8259903,0.6023055,-0.6608221,0.0007091976,17084.0,6736.0,28304.0,0.01668097
159,2026-09-18T21:09:18.735856+00:00,50.329969487997005,50.358431252996525,0.1133103639986075,782441.0,phi1,0.75,0.0012485582153449193,0.021069419883945513,0.17872585493387097,0.17872585493387097,rising,0.018787729163662777,0.8499725114021187,0.5264919288019979,0.9998234950394359,-0.5545783274072119,-0.554578327407212,0.01097340202501228,0.8425116,0.774348,0.2772345,0.0007698268,17122.0,8976.0,28336.0,0.01662175
160,2026-09-18T21:09:19.052251+00:00,50.64604836599756,50.67451013099708,0.11395060200084117,782757.0,phi1,0.75,0.1853303185365592,3.1274491253044365,0.17872585493387097,0.17872585493387097,rising,0.001916455133267769,0.8913205418998735,0.4533696271112987,0.999998163598175,-0.47054313408439924,-0.47054313408439935,1.628842025730799,0.8536398,0.7843231,0.2352711,0.0007797056,17160.0,9424.0,28016.0,0.0166421
161,2026-09-18T21:09:19.368059+00:00,50.961870442501095,50.990332207500614,0.11391069700039225,783074.0,phi1,0.75,0.35726626314042176,6.0288681904946175,0.17872585493387097,0.17872585493387097,rising,0.07860765640179868,0.17119752192669346,-0.9820958430016777,0.9969056306165678,1.3982119388603604,1.3982119388603604,3.1399627884636847,0.8157436,0.5701741,-0.690641,0.0007206591,17198.0,6720.0,28352.0,0.01676123
162,2026-09-18T21:09:19.689122+00:00,51.28314302350191,51.31160478850143,0.11349911900106235,783391.0,phi1,0.75,0.19699423363388036,3.324277692571731,0.17872585493387097,0.17872585493387097,falling,0.12853810485247197,-0.4522625199134083,-0.8825738318591305,0.9917045707270562,2.0443430925242305,2.0443430925242305,1.7313545301342534,0.8258025,-0.6469434,-0.5406543,0.0007265064,17236.0,7104.0,28560.0,0.0167009
163,2026-09-18T21:09:20.008034+00:00,51.60126750749987,51.62972927249939,0.11507424100273056,783707.0,phi1,0.75,0.002700693869439136,0.04557420904678541,0.17872585493387097,0.17872585493387097,falling,0.027374581159553487,0.9625789744623803,-0.269615189166507,0.9996252459328642,0.27309836583270697,0.27309836583270686,0.02373601744124895,0.8636792,0.7711826,-0.1364967,0.0007275379,17274.0,10384.0,26096.0,0.0165941
164,2026-09-18T21:09:20.325389+00:00,51.91916506650159,51.94762683150111,0.11394854900208884,784023.0,phi1,0.75,0.13506226405825206,2.2791757059830036,0.17872585493387097,0.17872585493387097,rising,0.016715935125375843,0.6226700797129231,0.782305918003428,0.9998602789954625,-0.8985347223547153,-0.8985347223547153,1.1870431860561121,0.8501702,0.7719786,0.4491796,0.000798128,17312.0,7296.0,30672.0,0.01659045
165,2026-09-18T21:09:20.644167+00:00,52.23802033600077,52.26648210100029,0.1138174359984987,784340.0,phi1,0.75,0.3486561441722482,5.883572432906688,0.17872585493387097,0.17872585493387097,rising,-0.008182638641994906,0.9751603204352929,-0.22134903178778859,0.9999665216520274,0.2232051991540706,0.22320519915407067,3.0642896674511806,0.8548076,0.7895936,-0.1115988,0.0007542947,17350.0,10160.0,25792.0,0.01667452
166,2026-09-18T21:09:20.960449+00:00,52.55409497450091,52.58255673950043,0.11422203099937178,784656.0,phi1,0.75,0.2477250986146675,4.180361039122514,0.17872585493387097,0.17872585493387097,falling,0.1252396090326608,-0.3892085925878059,-0.9125961383794946,0.9921265243553093,1.9739241363454205,1.9739241363454205,2.17722094602821,0.8282095,-0.6297397,-0.5747947,0.0007254872,17388.0,6912.0,28592.0,0.01667498
167,2026-09-18T21:09:21.277185+00:00,52.87087574150064,52.89933750650016,0.11414455699923565,784972.0,phi1,0.75,0.019734040437372646,0.3330119323806634,0.17872585493387097,0.17872585493387097,falling,0.07655800767389843,0.19662915861964705,-0.9774844476724593,0.9970651289965983,1.3722872174067229,1.3722872174067229,0.17343969759336894,0.8159979,0.5997513,-0.6790954,0.0007161857,17426.0,6720.0,28336.0,0.01662642
168,2026-09-18T21:09:21.594759+00:00,53.18857036149711,53.21703212649663,0.11391196299882722,785288.0,phi1,0.75,0.08560443297794673,1.4445748065028512,0.17872585493387097,0.17872585493387097,rising,-0.005080196129092538,0.9008185849890389,0.43416594586129814,0.9999870957203848,-0.4491184194435829,-0.4491184194435829,0.7523652855311382,0.8601312,0.7882179,0.2245561,0.0007771902,17464.0,9392.0,28368.0,0.01659693
169,2026-09-18T21:09:21.929718+00:00,53.5235553570019,53.552017122001416,0.11384976600311347,785621.0,phi1,0.75,0.33199545771361405,5.602423348917237,0.17872585493387097,0.17872585493387097,rising,0.0166736563175997,0.8854858727824019,0.46436705125126027,0.9998609849299064,-0.48299270097591473,-0.48299270097591473,2.9178612444298597,0.8322707,0.7759843,0.2414599,0.0007754967,17504.0,9136.0,27888.0,0.01667803
170,2026-09-18T21:09:22.245760+00:00,53.83979775699845,53.86825952199797,0.11346869800036075,785937.0,phi1,0.75,0.28268999571032927,4.770393677611806,0.17872585493387097,0.17872585493387097,falling,0.08092173849946309,0.172072417485651,-0.9817549365187161,0.9967204584226335,1.397288468345985,1.397288468345985,2.4845224942286572,0.8087162,0.5656042,-0.6897404,0.0007207053,17542.0,6720.0,28352.0,0.01660618
171,2026-09-18T21:09:22.565423+00:00,54.15854511300131,54.18700687800083,0.11529666199930944,786270.0,phi1,0.75,0.04083274981540752,0.6890526531350019,0.17872585493387097,0.17872585493387097,falling,0.12252392663799233,-0.4457285857187664,-0.8867434326085286,0.9924655598060861,2.036567989022791,2.036567989022791,0.35887327799723806,0.8210606,-0.6512687,-0.545126,0.0007293724,17582.0,6992.0,28608.0,0.01666848
172,2026-09-18T21:09:22.878795+00:00,54.47250718899886,54.50096895399838,0.11407925599996815,786569.0,phi1,0.75,0.05292596066263855,0.8931255861820255,0.17872585493387097,0.17872585493387097,rising,0.03838294786869716,0.9277808491114424,-0.3711461239659655,0.9992631031479692,0.3805377681992898,0.38053776819928986,0.4651588021874301,0.8531656,0.7647246,-0.1901215,0.0007211025,17618.0,9872.0,26128.0,0.01660565
173,2026-09-18T21:09:23.197761+00:00,54.79158954450031,54.82005130949983,0.11383916100021452,786902.0,phi1,0.75,0.29695179542273004,5.011061547758569,0.17872585493387097,0.17872585493387097,rising,0.007222365557611173,0.670865519238525,0.7415438574572488,0.9999739183777506,-0.8353974289650722,-0.8353974289650721,2.60986744003973,0.8451688,0.7800155,0.4176843,0.0007963301,17658.0,7568.0,30272.0,0.01665363
174,2026-09-18T21:09:23.516451+00:00,55.10953224750119,55.13799401250071,0.11536248700213036,787218.0,phi1,0.75,0.3209761629694122,5.416472750108832,0.17872585493387097,0.17872585493387097,falling,0.002066259113803022,0.9281841920802708,-0.3721153532784822,0.9999978652843589,0.3812878558218675,0.38128785582186775,2.8210142173756774,0.7925923,0.7842851,-0.1906435,0.000745599,17696.0,9984.0,26128.0,0.0166542
175,2026-09-18T21:09:23.833627+00:00,55.42734805800137,55.45580982300089,0.1140261799992004,787536.0,phi1,0.75,0.08120524589306129,1.3703385244454092,0.17872585493387097,0.17872585493387097,falling,0.12753054207680437,-0.3874592832470987,-0.9130231457434368,0.9918346438986675,1.9721329135548427,1.9721329135548429,0.7137014508197117,0.8330603,-0.6264097,-0.5753175,0.0007203103,17734.0,6944.0,28592.0,0.01670383
176,2026-09-18T21:09:24.150354+00:00,55.74385647250165,55.77231823750117,0.11448678299711901,787853.0,phi1,0.75,0.02169711739713409,0.36613885607663776,0.17872585493387097,0.17872585493387097,rising,0.06525015975143475,0.36828669804868114,-0.9274197133406276,0.997868937612757,1.1927846886094764,1.1927846886094766,0.19069290406844724,0.818009,0.6977219,-0.593727,0.0007153008,17772.0,6896.0,28208.0,0.01672182
177,2026-09-18T21:09:24.466279+00:00,56.06007197299914,56.08853373799866,0.11393318800037378,788170.0,phi1,0.75,0.25114685033897777,4.2381030994702495,0.17872585493387097,0.17872585493387097,rising,0.0342837842557179,0.7803694827380293,0.6243781646953135,0.9994121382778516,-0.6748054631317687,-0.6748054631317686,2.207294239238862,0.85887,0.7634459,0.3371676,0.0007756568,17810.0,7952.0,29808.0,0.01665018
178,2026-09-18T21:09:24.781706+00:00,56.375852495497384,56.4043142604969,0.11325238499921397,788487.0,phi1,0.75,0.3475463556645675,5.864844751839576,0.17872585493387097,0.17872585493387097,falling,0.008520620296596528,0.8334198463228675,0.5525746635387195,0.999963698855994,-0.5854742682202111,-0.585474268220211,3.0545358928110806,0.8200423,0.7802865,0.2927251,0.0007815373,17848.0,8976.0,28544.0,0.01668055
179,2026-09-18T21:09:25.099298+00:00,56.69283486399945,56.72129662899897,0.1144411780005612,788803.0,phi1,0.75,0.13322163309638982,2.248115058501578,0.17872585493387097,0.17872585493387097,falling,0.09447369731318682,0.11841770047032643,-0.9884593915438795,0.9955273579947346,1.4515643016589685,1.4515643016589688,1.1708661401835498,0.820086,0.448699,-0.7093624,0.0007137631,17886.0,6704.0,28368.0,0.01665827
180,2026-09-18T21:09:25.416194+00:00,57.01001919400005,57.03848095899957,0.1138585000007879,789121.0,phi1,0.75,0.002930495208367939,0.04945210664120897,0.17872585493387097,0.17872585493387097,rising,0.12230145330468724,-0.5405447565462956,-0.8323783518868493,0.9924929997332784,2.1467481644223856,2.1467481644223856,0.02575570899183895,0.824913,-0.6741434,-0.4916927,0.0007330979,17924.0,7296.0,28608.0,0.01672497
181,2026-09-18T21:09:25.732160+00:00,57.325543361999735,57.354005126999255,0.11478023199742893,789422.0,phi1,0.75,0.19610864933908387,3.3093334575970403,0.17872585493387097,0.17872585493387097,rising,-0.018184879991430286,0.8869658488518687,-0.46147686086106343,0.9998346413981151,0.47974523201678493,0.479745232016785,1.723571254693505,0.8103483,0.7956479,-0.2398296,0.0007434895,17960.0,9088.0,26720.0,0.01671583
182,2026-09-18T21:09:26.047831+00:00,57.64184765350001,57.67030941849953,0.11350142300216248,789740.0,phi1,0.75,0.35742537760637316,6.0315532471075475,0.17872585493387097,0.17872585493387097,falling,0.040328767285157836,0.6870176187363964,0.7255207661225357,0.9991864643444984,-0.8126495400911522,-0.8126495400911522,3.141361223059221,0.8570812,0.7560812,0.4058954,0.0007825619,17998.0,7280.0,30032.0,0.01672312
183,2026-09-18T21:09:26.367028+00:00,57.96039709800243,57.98885886300195,0.1147987580006884,790059.0,phi1,0.75,0.18810489728147245,3.1742701416248478,0.17872585493387097,0.17872585493387097,falling,-0.0054396881642995104,0.9602725141182823,-0.279010946777413,0.9999852047868883,0.2827682988045366,0.2827682988045366,1.6532274069199142,0.8287549,0.7882305,-0.141382,0.0007515229,18036.0,10000.0,25472.0,0.01708292
184,2026-09-18T21:09:26.686139+00:00,58.28006284900039,58.30852461399991,0.11364202600088902,790385.0,phi1,0.75,0.0012199826122143986,0.020587206581117977,0.17872585493387097,0.17872585493387097,falling,0.14713647462377843,-0.47095506235395035,-0.8698000845472901,0.9891162003704551,2.0670531543538226,2.0670531543538226,0.010722255080156546,0.8389698,-0.6339915,-0.5273985,0.0007215376,18074.0,7040.0,28592.0,0.01698715
185,2026-09-18T21:09:27.005179+00:00,58.59842345650031,58.62688522149983,0.11504685100226197,790704.0,phi1,0.75,0.14541679909367253,2.4539084847057238,0.17872585493387097,0.17872585493387097,rising,0.07453787890283047,0.19534784760872978,-0.9778973990369866,0.9972181830515662,1.3736285346128194,1.3736285346128194,1.2780477338050966,0.8085902,0.6031413,-0.6800784,0.0007201656,18112.0,6736.0,28304.0,0.0165952
186,2026-09-18T21:09:27.322731+00:00,58.91612835750129,58.94459012250081,0.11472608500116621,791019.0,phi1,0.75,0.35139348885325483,5.929765124398675,0.17872585493387097,0.17872585493387097,rising,0.007403988451960874,0.8854198399456297,0.46473313631121554,0.9999725901018504,-0.48334758666637506,-0.483347586666375,3.0883478037050964,0.831604,0.7812172,0.2416666,0.0007701468,18150.0,9520.0,27920.0,0.01660698
187,2026-09-18T21:09:27.643314+00:00,59.23715463500048,59.2656164,0.11387101600121241,791335.0,phi1,0.75,0.23479576968468627,3.9621786134290806,0.17872585493387097,0.17872585493387097,falling,-0.002115189844052712,0.8777166138553057,0.4791754081067806,0.9999977629834597,-0.49971622126314963,-0.4997162212631496,2.0635868979569225,0.8407592,0.7866031,0.2498575,0.0007840113,18188.0,8656.0,28240.0,0.01667848
188,2026-09-18T21:09:27.960254+00:00,59.554178148500796,59.582639913500316,0.11369484700117027,791651.0,phi1,0.75,0.013829070044666686,0.23336555700375033,0.17872585493387097,0.17872585493387097,falling,0.07788244361749648,0.16018824522221015,-0.9840091722483061,0.9969625494351166,1.40942051786571,1.40942051786571,0.12154174580498833,0.8105791,0.5591275,-0.6958615,0.0007219946,18226.0,6736.0,28336.0,0.01663683
189,2026-09-18T21:09:28.278108+00:00,59.871726441000646,59.900188206000166,0.11428091400011908,791984.0,phi1,0.75,0.0977272818017649,1.6491478804047828,0.17872585493387097,0.17872585493387097,rising,0.12693049401211565,-0.5796116654839225,-0.8049465615336174,0.9919116138496616,2.1948604028716003,2.1948604028716003,0.8589112937166311,0.823595,-0.6776037,-0.4677927,0.000733553,18266.0,7488.0,28560.0,0.0167449
190,2026-09-18T21:09:28.596793+00:00,60.190890623001906,60.219352388001425,0.11330616200211807,792301.0,phi1,0.75,0.3322843443813781,5.6072983114357555,0.17872585493387097,0.17872585493387097,rising,0.03698265762346848,0.8912532163598151,-0.45199556122089274,0.9993159075262963,0.4693481042971698,0.46934810429716967,2.920400228600626,0.8376715,0.7646625,-0.2345006,0.0007218718,18304.0,9344.0,26544.0,0.01665307
191,2026-09-18T21:09:28.916854+00:00,60.51090057100009,60.53936233599961,0.11342806999891764,792617.0,phi1,0.75,0.279628422413003,4.7187296282194255,0.17872585493387097,0.17872585493387097,falling,-0.003969586869940863,0.7814582881772112,0.6239448583162015,0.9999921211590029,-0.6737868907388126,-0.6737868907388127,2.457614758403682,0.8477098,0.787938,0.3368903,0.000791068,18342.0,8272.0,29840.0,0.0166118
192,2026-09-18T21:09:29.236195+00:00,60.83002186600061,60.85848363100013,0.11388838200218743,792933.0,phi1,0.75,0.038291082540193505,0.6461620178657654,0.17872585493387097,0.17872585493387097,falling,-0.03203518199971456,0.8742830784623394,-0.4843581792730044,0.9994867418401532,0.5059137257741553,0.505913725774155,0.33653492285931924,0.7910983,0.8037108,-0.2528147,0.0007591036,18380.0,9200.0,26576.0,0.01661038
193,2026-09-18T21:09:29.558426+00:00,61.151955833498505,61.180417598498025,0.11445552100121859,793249.0,phi1,0.75,0.06079637833291167,1.0259388843678845,0.17872585493387097,0.17872585493387097,rising,0.1424729309436517,-0.6142646729127745,-0.7761316741118659,0.9897986987000567,2.240298311869769,2.2402983118697684,0.5343307928397112,0.8327243,-0.6714428,-0.4442539,0.0007298258,18418.0,7600.0,28400.0,0.01662445
194,2026-09-18T21:09:29.882370+00:00,61.4754287120013,61.50389047700082,0.11542237799949362,793582.0,phi1,0.75,0.3073996993557857,5.187369926628884,0.17872585493387097,0.17872585493387097,rising,0.08793875572570332,0.1451870400276233,-0.9854884568828964,0.996125883230335,1.4245235837205479,1.4245235837205474,2.7016925938588128,0.8216703,0.5131007,-0.700114,0.0007152681,18458.0,6704.0,28352.0,0.01664695
195,2026-09-18T21:09:30.204259+00:00,61.79727252799785,61.82573429299737,0.11552287800077465,793898.0,phi1,0.75,0.30954769050102815,5.22361727720485,0.17872585493387097,0.17872585493387097,falling,0.002438205746292287,0.8949075919844223,0.4462448397028045,0.9999970275719517,-0.4625662821979382,-0.4625662821979386,2.720570985024899,0.8551396,0.7840359,0.2312824,0.000774228,18496.0,9584.0,28304.0,0.01658367
196,2026-09-18T21:09:30.525148+00:00,62.119046861502284,62.1475086265018,0.11373249299867894,794231.0,phi1,0.75,0.06425621900487825,1.0843236957073206,0.17872585493387097,0.17872585493387097,falling,-0.029639573630704408,0.951812687037264,0.305244335688467,0.9995606513238654,-0.3103358950177779,-0.3103358950177783,0.5647388444382421,0.8381219,0.8009632,0.1550975,0.0007853221,18536.0,10080.0,26896.0,0.016594
197,2026-09-18T21:09:30.846279+00:00,62.439374992500234,62.467836757499754,0.11535566500242567,794547.0,phi1,0.75,0.03471504704169645,0.5858164188286276,0.17872585493387097,0.17872585493387097,rising,0.09929917340573939,-0.03134530841013742,-0.9945637967479061,0.9950576235379219,1.602302537132596,1.6023025371325956,0.30510565132160183,0.8079935,-0.152883,-0.7332391,0.000722854,18574.0,6672.0,28464.0,0.01664198
198,2026-09-18T21:09:31.166661+00:00,62.76021372999821,62.78867549499773,0.11442905600051745,794863.0,phi1,0.75,0.2759161521421929,4.656085067399505,0.17872585493387097,0.17872585493387097,rising,0.13458382515722261,-0.5234940662797424,-0.8413329641562554,0.9909022121309702,2.1273939308384797,2.1273939308384793,2.4249881386702588,0.8280647,-0.6595791,-0.4998723,0.0007285691,18612.0,7088.0,28528.0,0.0165936
199,2026-09-18T21:09:31.486906+00:00,63.08092416499858,63.1093859299981,0.11350127200057614,795179.0,phi1,0.75,0.33422835869330275,5.640103552949484,0.17872585493387097,0.17872585493387097,falling,0.007297495776381977,0.9443564017883146,-0.3288430217547899,0.9999733729231963,0.33508747204416117,0.3350874720441608,2.9374858961529666,0.8291094,0.7815345,-0.1675391,0.0007345302,18650.0,9856.0,25872.0,0.01664577
200,2026-09-18T21:09:31.805242+00:00,63.398885513503046,63.427347278502566,0.11425783500089892,795511.0,phi1,0.75,0.10210980638912488,1.7231029828164823,0.17872585493387097,0.17872585493387097,falling,-0.00034995357291098093,0.7646363050632875,0.6444619449677846,0.9999999387662465,-0.7003194516099258,-0.7003194516099263,0.8974286840878255,0.8649438,0.785627,0.3501597,0.0007902347,18690.0,7728.0,30064.0,0.01663583
201,2026-09-18T21:09:32.124062+00:00,63.71792829900005,63.74639006399957,0.1137819479990867,795827.0,phi1,0.75,0.012465139795600488,0.21034923405075823,0.17872585493387097,0.17872585493387097,rising,0.012061573914383521,0.7866759608049977,-0.6172482896908194,0.9999272565715508,0.6652974752809133,0.6652974752809129,0.10955435525072105,0.797543,0.7777326,-0.3326202,0.0007367851,18728.0,8480.0,27344.0,0.0166835
202,2026-09-18T21:09:32.444269+00:00,64.03781216849893,64.06627393349845,0.11443777300155489,796144.0,phi1,0.75,0.23364050608693354,3.9426835402170033,0.17872585493387097,0.17872585493387097,rising,0.13931688806810297,-0.6496679302861479,-0.7473435522279781,0.9902478501360251,2.2863905357381857,2.2863905357381853,2.053433449165189,0.8270042,-0.6797762,-0.4220275,0.0007315465,18766.0,7760.0,28400.0,0.01666538
203,2026-09-18T21:09:32.764297+00:00,64.35823338800037,64.38669515299989,0.11367509800038533,796460.0,phi1,0.75,0.3518307403727141,5.937143743789551,0.17872585493387097,0.17872585493387097,falling,0.06865671621569021,0.18437023604432903,-0.980455950759358,0.9976403436702418,1.3849215473787044,1.384921547378704,3.092190745628112,0.8137306,0.6071601,-0.6863829,0.0007202307,18804.0,6688.0,28304.0,0.01662492
204,2026-09-18T21:09:33.088078+00:00,64.68159288850075,64.71005465350026,0.11451521900016814,796794.0,phi1,0.75,0.14243744920505985,2.403631955335385,0.17872585493387097,0.17872585493387097,falling,0.018975493947005685,0.8414648646005962,0.5399785294547992,0.9998199491055713,-0.5705271366284415,-0.5705271366284419,1.2518626479203423,0.840711,0.7741248,0.2852058,0.0007756302,18844.0,8512.0,28800.0,0.01671798
205,2026-09-18T21:09:33.407680+00:00,65.00159908099886,65.03006084599838,0.11370556600013515,797110.0,phi1,0.75,0.0017902582111320176,0.030210607312852796,0.17872585493387097,0.17872585493387097,rising,-0.018480362535945996,0.9816145050664628,0.18997747141085808,0.9998292235179667,-0.19117225124395307,-0.19117225124395354,0.015734326872298757,0.8450414,0.7948103,0.0955696,0.0007736514,18882.0,10752.0,25808.0,0.01662363
206,2026-09-18T21:09:33.723927+00:00,65.31754816849934,65.34600993349886,0.11429624100128422,797427.0,phi1,0.75,0.18939606522485042,3.196058600669351,0.17872585493387097,0.17872585493387097,rising,0.11235104866777748,-0.19782000691144203,-0.9737784587516853,0.9936685774760369,1.7712158454161564,1.771215845416156,1.6645752998338064,0.8224831,-0.5271398,-0.6706442,0.0007234952,18920.0,6704.0,28512.0,0.0166671
207,2026-09-18T21:09:34.046494+00:00,65.63942407099967,65.66788583599919,0.11566374600079143,797743.0,phi1,0.75,0.3574487602447093,6.031947829129469,0.17872585493387097,0.17872585493387097,falling,0.12675201573226308,-0.5087333830695638,-0.8515422898825428,0.9919344365974034,2.1093209258390115,2.109320925839011,3.141566729769052,0.826912,-0.6633079,-0.50946,0.0007283067,18958.0,7360.0,28624.0,0.01670682
208,2026-09-18T21:09:34.365875+00:00,65.95984647049772,65.98830823549724,0.1135741930011136,798059.0,phi1,0.75,0.18856797885504456,3.182084643178877,0.17872585493387097,0.17872585493387097,falling,0.03318771974627544,0.9825257499751066,-0.18314400316116586,0.9994491359033949,0.1842862807598226,0.18428628075982223,1.6572973655447734,0.8470454,0.7685156,-0.0920918,0.0007333792,18996.0,10992.0,25344.0,0.01663415
209,2026-09-18T21:09:34.688996+00:00,66.28276115749759,66.31122292249711,0.1140014410011645,798392.0,phi1,0.75,0.0009692601172497095,0.016356264478588848,0.17872585493387097,0.17872585493387097,falling,0.024217687543289106,0.6865524129633173,0.7266768799571803,0.9997067087951624,-0.8137825811658168,-0.8137825811658171,0.00851869044044001,0.8473636,0.7677683,0.4067361,0.0007882588,19036.0,7760.0,29904.0,0.01669927
210,2026-09-18T21:09:35.009493+00:00,66.60290966100001,66.63137142599953,0.11467073200037703,798708.0,phi1,0.75,0.1491361640910724,2.5166727690368464,0.17872585493387097,0.17872585493387097,rising,0.00888232052461917,0.8136705101141443,-0.581258466908385,0.9999605514129534,0.620302580441772,0.6203025804417716,1.3107367080896897,0.8173469,0.7799402,-0.3101372,0.0007395759,19074.0,8368.0,27344.0,0.01656632
211,2026-09-18T21:09:35.331160+00:00,66.92469361399708,66.9531553789966,0.11443817799954559,799024.0,phi1,0.75,0.35311465641732476,5.958809827042355,0.17872585493387097,0.17872585493387097,rising,0.13775471679060003,-0.49712647577651037,-0.8566731611787358,0.9904663739885073,2.0966037367930035,2.096603736793003,3.103474902626738,0.8334579,-0.6502385,-0.5143928,0.0007240395,19112.0,7232.0,28560.0,0.01664058
212,2026-09-18T21:09:35.655543+00:00,67.2484271760004,67.27688894099992,0.1157533660007175,799357.0,phi1,0.75,0.2257061954124716,3.8087920475854586,0.17872585493387097,0.17872585493387097,falling,0.04962009167683684,0.5990450173007645,-0.799176397142151,0.998768164541693,0.9275653752388375,0.9275653752388371,1.9836999119122507,0.8275776,0.7440765,-0.4629619,0.0007163493,19152.0,7296.0,27984.0,0.01670895
213,2026-09-18T21:09:35.977936+00:00,67.5717164480011,67.60017821300062,0.11397569600012503,799674.0,phi1,0.75,0.008701143830766561,0.14683180214418573,0.17872585493387097,0.17872585493387097,falling,0.0196796577307073,0.7038955333753875,0.7100308367710384,0.9998063367830803,-0.7897373319844362,-0.7897373319844367,0.0764731256892814,0.8589322,0.7714227,0.394771,0.0007853526,19190.0,7792.0,30544.0,0.01666368
214,2026-09-18T21:09:36.297721+00:00,67.89181831099995,67.92028007599947,0.11335389399755513,799990.0,phi1,0.75,0.11315185916273089,1.9094376233710837,0.17872585493387097,0.17872585493387097,rising,-0.006005851674466958,0.9387134656010009,0.34464613626881535,0.9999819647101963,-0.35186842160032805,-0.3518684216003286,0.9944757282520476,0.8608646,0.7885971,0.1759309,0.0007773113,19228.0,9520.0,27344.0,0.0166432
215,2026-09-18T21:09:36.621470+00:00,68.21495380000124,68.24341556500076,0.11456122000163305,800324.0,phi1,0.75,0.34164567301755133,5.765270732171179,0.17872585493387097,0.17872585493387097,rising,0.10463656353968394,-0.1181181631652597,-0.9874711586173395,0.9945105276318625,1.6898474984960192,1.689847498496019,3.002675625414711,0.825195,-0.4229233,-0.7061672,0.0007203985,19268.0,6672.0,28432.0,0.01668502
216,2026-09-18T21:09:36.941239+00:00,68.53503315800117,68.56349492300069,0.11393588200007798,800640.0,phi1,0.75,0.26223671073728017,4.425244493691602,0.17872585493387097,0.17872585493387097,falling,0.10228014682018065,-0.15323285827542268,-0.9828827309049573,0.9947556340963556,1.7254528226074834,1.7254528226074832,2.3047614578724893,0.8128397,-0.4911148,-0.6927528,0.0007210052,19306.0,6720.0,28560.0,0.01667473
217,2026-09-18T21:09:37.263310+00:00,68.85686989399983,68.88533165899935,0.11437832000228809,800956.0,phi1,0.75,0.02546439562760311,0.4297116762158025,0.17872585493387097,0.17872585493387097,falling,-0.01697423342537932,0.9768318703241785,0.2133339460062277,0.999855927321342,-0.21501766446014609,-0.21501766446014625,0.2238029809995362,0.8231656,0.7940857,0.1074931,0.000768433,19344.0,11072.0,25392.0,0.01664305
218,2026-09-18T21:09:37.585383+00:00,69.17923258300289,69.2076943480024,0.11384631599867134,801288.0,phi1,0.75,0.07898406897336677,1.3328561639255643,0.17872585493387097,0.17872585493387097,rising,-0.0019357243926716291,0.660999341135586,0.7503839843636035,0.9999981264837827,-0.8486449268627353,-0.8486449268627354,0.6941798402060223,0.8396206,0.7868624,0.4243214,0.0007999752,19384.0,7600.0,30832.0,0.01658848
219,2026-09-18T21:09:37.907087+00:00,69.50086923049821,69.52933099549773,0.11395055100001628,801604.0,phi1,0.75,0.32131116103380847,5.422125842445518,0.17872585493387097,0.17872585493387097,rising,0.020346514994953536,0.7050530426645681,-0.7088626286926084,0.999792988236845,0.788092508531781,0.7880925085317809,2.823958468106674,0.8012308,0.7709731,-0.3939422,0.0007386224,19422.0,7664.0,27888.0,0.01658655
220,2026-09-18T21:09:38.231329+00:00,69.82493182850158,69.8533935935011,0.11430422299963539,801936.0,phi1,0.75,0.29261089226380343,4.937808806951683,0.17872585493387097,0.17872585493387097,falling,0.14091562322905582,-0.5895986050582603,-0.795308916109533,0.9900216094257572,2.208735441831764,2.208735441831764,2.5717158545316496,0.8289315,-0.6680973,-0.4597585,0.0007299583,19462.0,7376.0,28464.0,0.01666245
221,2026-09-18T21:09:38.554290+00:00,70.14796774999922,70.17642951499874,0.11418256600154564,802252.0,phi1,0.75,0.04666916198500087,0.7875421084968898,0.17872585493387097,0.17872585493387097,falling,0.0225463624303351,0.6894453079641593,-0.7239867601464585,0.9997457984613689,0.8098312997260126,0.8098312997260126,0.41016868123394595,0.8094441,0.7690529,-0.4047822,0.0007275343,19500.0,7632.0,27472.0,0.01657633
222,2026-09-18T21:09:38.879170+00:00,70.47234974749881,70.50081151249833,0.11516398900130298,802584.0,phi1,0.75,0.052831804874295396,0.8915367072537348,0.17872585493387097,0.17872585493387097,rising,0.0020132919987233683,0.6556808671624365,0.7550354608178633,0.9999979733256102,-0.8557105337709735,-0.8557105337709736,0.46433128024590337,0.8462708,0.7838629,0.4278541,0.0007978274,19540.0,7488.0,30528.0,0.01661465
223,2026-09-18T21:09:39.205465+00:00,70.79886731599981,70.82732908099933,0.11474297400127398,802900.0,phi1,0.75,0.30147821829875776,5.087444933791537,0.17872585493387097,0.17872585493387097,rising,-0.003334066354449707,0.9901346134466328,0.14007973178312208,0.9999944419853264,-0.14054272632253723,-0.1405427263225374,2.6496495321708067,0.8144048,0.7870818,0.07027097,0.0007682864,19578.0,12144.0,25280.0,0.0166384
224,2026-09-18T21:09:39.531862+00:00,71.12565004399949,71.154111808999,0.11397100199974375,803233.0,phi1,0.75,0.3123556054081727,5.271000841262914,0.17872585493387097,0.17872585493387097,falling,0.11387181442776172,-0.20859238050024517,-0.9713508267748426,0.9934954503564318,1.7823283934340943,1.782328393434094,2.745249353041251,0.8290925,-0.5355509,-0.6654252,0.0007207137,19618.0,6752.0,28592.0,0.01663853
225,2026-09-18T21:09:39.855441+00:00,71.44904956399841,71.47751132899793,0.11431370200079982,803548.0,phi1,0.75,0.06642451797590472,1.1209137408433922,0.17872585493387097,0.17872585493387097,falling,0.08300043185146114,0.14155258108908464,-0.9864450289293819,0.9965495112198244,1.428271594223049,1.4282715942230488,0.5837957182203916,0.8175804,0.5202342,-0.7029794,0.0007156149,19656.0,6704.0,28368.0,0.01664303
226,2026-09-18T21:09:40.181854+00:00,71.77554256749863,71.80400433249815,0.11416985500181909,803881.0,phi1,0.75,0.036141561750193396,0.6098888545345136,0.17872585493387097,0.17872585493387097,rising,0.030899758132044125,0.8277848041407235,0.5601941832803026,0.9995224884650576,-0.5949433153127265,-0.5949433153127266,0.3176430878612395,0.862395,0.7667427,0.2973101,0.000767542,19696.0,8224.0,29120.0,0.01661777
227,2026-09-18T21:09:40.506174+00:00,72.10010224550206,72.12856401050158,0.11367778500061831,804197.0,phi1,0.75,0.2805023221711122,4.733476686637519,0.17872585493387097,0.17872585493387097,rising,0.01388106763820348,0.6805727874765758,0.7325489723612936,0.9999036533392723,-0.8221626989870978,-0.8221626989870979,2.465295340099782,0.8384078,0.7752015,0.4110295,0.000801493,19734.0,7568.0,30224.0,0.01665825
228,2026-09-18T21:09:40.829155+00:00,72.42292557900146,72.45138734400098,0.11395330999948783,804529.0,phi1,0.75,0.3305009279274138,5.577203158775108,0.17872585493387097,0.17872585493387097,falling,0.06422072628418735,0.4928977444354818,-0.8677139573880013,0.9979357185287696,1.0542070886817956,1.0542070886817956,2.9047260329669324,0.8216421,0.720617,-0.5252923,0.0007176273,19774.0,6928.0,28208.0,0.01662167
229,2026-09-18T21:09:41.150807+00:00,72.74490906450228,72.7733708295018,0.11334161900231265,804845.0,phi1,0.75,0.09259634503275119,1.5625633224276763,0.17872585493387097,0.17872585493387097,falling,0.12399890000912062,-0.3821272184449173,-0.9157527295728245,0.9922823553790162,1.9661117214148451,1.9661117214148451,0.8138162142567191,0.8244412,-0.62851,-0.5786888,0.0007231536,19812.0,6928.0,28624.0,0.01665247
230,2026-09-18T21:09:41.473201+00:00,73.06755215099838,73.0960139159979,0.11281112800133997,805178.0,phi1,0.75,0.01798400593806515,0.3034801002048494,0.17872585493387097,0.17872585493387097,rising,0.029757777795903214,0.969904300501025,-0.24166117298868459,0.9995571392675107,0.24418774158019668,0.24418774158019674,0.15805889125008032,0.840542,0.7700624,-0.1220387,0.0007296917,19852.0,10704.0,25264.0,0.01669815
231,2026-09-18T21:09:41.797836+00:00,73.39188937799918,73.4203511429987,0.11341388399887364,805495.0,phi1,0.75,0.24997777221312067,4.218374906096411,0.17872585493387097,0.17872585493387097,rising,0.015380549227446225,0.5959916214161296,0.802843338333971,0.9998817123567478,-0.9322085248185621,-0.9322085248185621,2.1970193765083854,0.8507122,0.7724977,0.4660246,0.0007978219,19890.0,7168.0,30944.0,0.01665302
232,2026-09-18T21:09:42.121048+00:00,73.71495322099872,73.74341498599824,0.11372123999899486,805815.0,phi1,0.75,0.34588956825397865,5.8368864642858895,0.17872585493387097,0.17872585493387097,falling,0.0037722803568029976,0.9803871068970893,-0.1970454022068646,0.9999928849251428,0.19834475003980329,0.19834475003980323,3.0399746219765063,0.7959854,0.7834743,-0.09917166,0.0007511968,19928.0,11216.0,25296.0,0.01704908
233,2026-09-18T21:09:42.445465+00:00,74.03895389399986,74.06741565899938,0.1145668300014222,806139.0,phi1,0.75,0.12289692761544421,2.073885653510621,0.17872585493387097,0.17872585493387097,falling,0.12250176757010282,-0.42392132156443063,-0.8973761920539608,0.9924682951823703,2.0121218965335563,2.0121218965335563,1.080123760180896,0.8276243,-0.6447433,-0.5568935,0.0007258045,19966.0,7056.0,28624.0,0.01683607
234,2026-09-18T21:09:42.768268+00:00,74.36189438049769,74.39035614549721,0.11427352299870108,806472.0,phi1,0.75,0.006413898451918976,0.10823453637613271,0.17872585493387097,0.17872585493387097,rising,0.06162073083006073,0.3614789906646036,-0.9303417785094189,0.9980996370763638,1.2002043981331696,1.2002043981331696,0.05637084870813767,0.8136137,0.7009755,-0.5976719,0.0007190006,20006.0,6784.0,28208.0,0.0165416
235,2026-09-18T21:09:43.097709+00:00,74.69134296999982,74.71980473499934,0.11427145999914501,806803.0,phi1,0.75,0.22301385835068363,3.763358859667786,0.17872585493387097,0.17872585493387097,rising,0.03162293263082966,0.7463368926107463,0.6648166911713044,0.9994998700009051,-0.7276938139112854,-0.7276938139112854,1.9600373412745826,0.86415,0.7642254,0.3636242,0.0007740022,20046.0,7616.0,29888.0,0.01648148
236,2026-09-18T21:09:43.420048+00:00,75.01375614049903,75.04221790549855,0.11410211299880757,807117.0,phi1,0.75,0.35392637726298126,5.972507616312809,0.17872585493387097,0.17872585493387097,falling,0.012732408301599522,0.8811640428437819,0.47263920211726307,0.9999189396040268,-0.4923266787080353,-0.4923266787080353,3.110609002632648,0.8503488,0.7781739,0.2461416,0.0007734261,20084.0,9088.0,27936.0,0.0164971
237,2026-09-18T21:09:43.741798+00:00,75.33559263799907,75.36405440299859,0.11391955200087978,807433.0,phi1,0.75,0.15294206356073836,2.58089732258746,0.17872585493387097,0.17872585493387097,falling,0.09422957833316842,0.0006904565998313324,-0.9955502548022561,0.9955504942327904,1.570102784218018,1.570102784218018,1.3441862216439202,0.8119317,0.003663628,-0.7382121,0.0007227716,20122.0,6704.0,28464.0,0.01661153
238,2026-09-18T21:09:44.063926+00:00,75.65789507199952,75.68635683699904,0.11360335200151894,807766.0,phi1,0.75,0.0007688240924756395,0.012973906560526417,0.17872585493387097,0.17872585493387097,rising,0.12494048571518285,-0.4443762654443921,-0.8870848943246353,0.9921642379310264,2.0351956155938242,2.0351956155938242,0.006757086493495829,0.8239545,-0.6483565,-0.5454956,0.000724331,20162.0,7056.0,28608.0,0.01671435
239,2026-09-18T21:09:44.387599+00:00,75.9817135025005,76.01017526750002,0.11331454299943289,808082.0,phi1,0.75,0.18729244365213726,3.160559986629816,0.17872585493387097,0.17872585493387097,rising,0.0003874277315494042,0.9961455911456423,-0.08771437248736155,0.9999999249498736,0.0878272466084464,0.08782724660844643,1.6460868665816228,0.8252693,0.7852037,-0.04391362,0.0007473362,20200.0,11984.0,24448.0,0.01662412
240,2026-09-18T21:09:44.711214+00:00,76.30446173850214,76.33292350350166,0.11505060700073955,808415.0,phi1,0.75,0.3574513765590407,6.031991979433812,0.17872585493387097,0.17872585493387097,rising,0.03046993612390249,0.6610860967387671,0.7496911068508861,0.99953568370149,-0.8481215912710158,-0.8481215912710158,3.1415897241866366,0.8578806,0.7623691,0.4237976,0.0007880712,20240.0,7184.0,30624.0,0.01668793
241,2026-09-18T21:09:45.035507+00:00,76.62903524549984,76.65749701049936,0.11445511499914574,808732.0,phi1,0.75,0.18644637233539418,3.146282533159777,0.17872585493387097,0.17872585493387097,falling,0.0035154335056233536,0.8363007949392272,-0.5482596302038698,0.9999938208445427,0.5802858509072908,0.5802858509072908,1.638650865131031,0.8206176,0.7832964,-0.2901409,0.0007451137,20278.0,8416.0,27072.0,0.01660045
242,2026-09-18T21:09:45.360230+00:00,76.95414599549986,76.98260776049938,0.11367603100006818,809064.0,phi1,0.75,0.0005999396225808418,0.010123981131051705,0.17872585493387097,0.17872585493387097,falling,0.13188726551823451,-0.5040875220820109,-0.853523004537863,0.9912647220566879,2.104272642248581,2.104272642248581,0.005272784711520261,0.8299539,-0.6574484,-0.5113548,0.0007245508,20318.0,7376.0,28592.0,0.016637
243,2026-09-18T21:09:45.688069+00:00,77.28168747299787,77.3101492379974,0.11428334399897722,809380.0,phi1,0.75,0.15923843423231326,2.6871485776702864,0.17872585493387097,0.17872585493387097,rising,0.0416620704918188,0.6119628284672233,-0.7897884327189976,0.9991317590199676,0.9115837276693406,0.9115837276693406,1.3995241352698384,0.8241148,0.7514109,-0.455232,0.0007202244,20356.0,7296.0,27904.0,0.01657952
244,2026-09-18T21:09:46.013492+00:00,77.60639180349972,77.63485356849924,0.11574747099803062,809712.0,phi1,0.75,0.35544706224750766,5.998169175426692,0.17872585493387097,0.17872585493387097,rising,0.018382938101588968,0.7111200213969873,0.702830265964053,0.9998310195161746,-0.7795353968431803,-0.7795353968431802,3.1239740884440437,0.8658484,0.7724757,0.3896842,0.0007857069,20396.0,7552.0,30128.0,0.01658075
245,2026-09-18T21:09:46.337133+00:00,77.93116870900121,77.95963047400073,0.11344681400078116,810027.0,phi1,0.75,0.21252140132507363,3.5862986473606178,0.17872585493387097,0.17872585493387097,falling,-0.02063152038283786,0.9845565680535896,0.1738467850413973,0.9997871475302592,-0.1747721840210482,-0.1747721840210481,1.8678206166099856,0.8588174,0.7958742,0.0873673,0.0007748919,20434.0,10896.0,25648.0,0.01657502
246,2026-09-18T21:09:46.664750+00:00,78.25881621900044,78.28727798399996,0.1134040319993801,810360.0,phi1,0.75,0.0041927064126737745,0.07075192071386995,0.17872585493387097,0.17872585493387097,falling,0.12076042199078277,-0.31169064531739904,-0.9424785738159948,0.9926816813463458,1.89018742723712,1.89018742723712,0.03684910521085026,0.8298516,-0.6005835,-0.6149847,0.000722806,20474.0,6800.0,28592.0,0.01666147
247,2026-09-18T21:09:46.990315+00:00,78.58404927750234,78.61251104250186,0.11407039899859228,810692.0,phi1,0.75,0.13360808097123916,2.254636366389661,0.17872585493387097,0.17872585493387097,rising,0.10493310754788286,-0.19190844612214875,-0.9757869599699142,0.9944792823082563,1.7649883417904881,1.7649883417904881,1.1742625760407772,0.8209723,-0.5352115,-0.6751453,0.0007199034,20514.0,6752.0,28496.0,0.01659172
248,2026-09-18T21:09:47.314701+00:00,78.90876000299977,78.93722176799929,0.11339848399802577,811008.0,phi1,0.75,0.3496876639559683,5.900979329256965,0.17872585493387097,0.17872585493387097,rising,-0.028660933884154232,0.9817552714204063,0.18797642912645332,0.9995891910524484,-0.18918009689122867,-0.18918009689122872,3.073355549317479,0.8294155,0.7999908,0.09455072,0.0007724415,20552.0,11344.0,25552.0,0.01668442
249,2026-09-18T21:09:47.641623+00:00,79.23508835699977,79.26355012199929,0.11460354599694256,811341.0,phi1,0.75,0.23644550125756467,3.990017833721404,0.17872585493387097,0.17872585493387097,falling,0.021776143813622962,0.810601274825133,0.5851934490512326,0.9997628716653807,-0.6252897783330661,-0.6252897783330662,2.078086156029202,0.8479332,0.7719693,0.3125593,0.0007787771,20592.0,8000.0,29296.0,0.01661472
250,2026-09-18T21:09:47.964548+00:00,79.5588551644978,79.58731692949732,0.11292622099790606,811656.0,phi1,0.75,0.012349928018994205,0.2084050353205272,0.17872585493387097,0.17872585493387097,falling,0.043481312375993515,0.4787455489044243,-0.8768763167506937,0.9990542405065209,1.0710547263278947,1.0710547263278947,0.10854177519864282,0.8009063,0.7401107,-0.5346626,0.0007316911,20630.0,7104.0,28144.0,0.0165163
251,2026-09-18T21:09:48.288853+00:00,79.8825364305012,79.91099819550072,0.11414956899898243,811988.0,phi1,0.75,0.10594463239237906,1.7878156716213967,0.17872585493387097,0.17872585493387097,rising,0.14239726683685713,-0.5188778157598493,-0.8429049950674636,0.9898095869395249,2.1225950431822223,2.1225950431822223,0.9311324288651999,0.8314027,-0.6514786,-0.5013298,0.0007246922,20670.0,7040.0,28528.0,0.01668248
252,2026-09-18T21:09:48.613268+00:00,80.20696654699714,80.23542831199666,0.11413061400162405,812304.0,phi1,0.75,0.3387650257058537,5.716659808786281,0.17872585493387097,0.17872585493387097,rising,0.04182177899957103,0.8416069246529216,-0.538468869274318,0.9991250866639828,0.5691786784800112,0.5691786784800112,2.977358022554842,0.8245893,0.7605722,-0.2843095,0.0007205453,20708.0,8944.0,26832.0,0.01661512
253,2026-09-18T21:09:48.939033+00:00,80.53277142700244,80.56123319200196,0.11403286199856666,812635.0,phi1,0.75,0.26391608850782683,4.453583993569578,0.17872585493387097,0.17872585493387097,falling,0.03056051434059815,0.6727458800575083,0.7392422037660503,0.999532918399008,-0.8324575047916861,-0.832457504791686,2.3195212721939917,0.8541014,0.7627005,0.4159722,0.0007871317,20748.0,7296.0,30608.0,0.01659313
254,2026-09-18T21:09:49.266514+00:00,80.85963318050199,80.8880949455015,0.11530510100055835,812968.0,phi1,0.75,0.02428014655047342,0.40972747303923895,0.17872585493387097,0.17872585493387097,falling,-0.0187642380800692,0.9483279633235989,-0.31673644777289106,0.9998239361854039,0.3223456037912896,0.32234560379128974,0.2133947829184368,0.7893436,0.7952902,-0.1611434,0.0007572413,20788.0,10368.0,25904.0,0.01670215
255,2026-09-18T21:09:49.594302+00:00,81.18760142300016,81.21606318799968,0.11492474999977276,813285.0,phi1,0.75,0.08490886306614326,1.4328370642411674,0.17872585493387097,0.17872585493387097,rising,0.1389388919717391,-0.5434592015008994,-0.8278575243371713,0.9903009564257047,2.151702702109669,2.151702702109669,0.746252019697864,0.836185,-0.6602505,-0.4876387,0.0007257444,20826.0,7360.0,28528.0,0.01665378
256,2026-09-18T21:09:49.920124+00:00,81.5139532605026,81.54241502550212,0.11385055299979285,813618.0,phi1,0.75,0.3276802161877378,5.5296036481680755,0.17872585493387097,0.17872585493387097,rising,0.09593368687659837,0.02294155548031147,-0.9951233153506185,0.9953877273315472,1.5477464273006292,1.5477464273006292,2.8799351953946646,0.8201105,0.1173657,-0.7359985,0.0007177872,20866.0,6704.0,28368.0,0.01659775
257,2026-09-18T21:09:50.245245+00:00,81.83912199949918,81.8675837644987,0.11379065299843205,813950.0,phi1,0.75,0.28315241008321196,4.778196920154202,0.17872585493387097,0.17872585493387097,falling,0.00817165326460383,0.9205048886847343,0.390645586165296,0.999966611484065,-0.4013469694382331,-0.401346969438233,2.4885865889207768,0.8609254,0.7809596,0.2006664,0.0007651456,20906.0,9408.0,27712.0,0.01657175
258,2026-09-18T21:09:50.573126+00:00,82.16689263699664,82.19535440199616,0.11400817799949436,814265.0,phi1,0.75,0.036467857488861444,0.6153950951245368,0.17872585493387097,0.17872585493387097,falling,-0.02443323173175409,0.9604197586596168,0.2774831605041029,0.999701464031709,-0.2812596515282693,-0.2812596515282692,0.3205108550790169,0.8299606,0.7981155,0.1405867,0.0007818702,20944.0,10320.0,26448.0,0.01665578
259,2026-09-18T21:09:50.901481+00:00,82.49483302250155,82.52329478750107,0.11482496500320849,814597.0,phi1,0.75,0.06695349236179989,1.129840183605373,0.17872585493387097,0.17872585493387097,rising,0.11386172324568404,-0.16243332372588795,-0.9801280137425336,0.9934966069290438,1.7350302457108875,1.7350302457108875,0.5884447994774943,0.8244409,-0.4797081,-0.6855529,0.000717146,20984.0,6736.0,28560.0,0.0166545
260,2026-09-18T21:09:51.226390+00:00,82.8197939064994,82.84825567149892,0.11473825500070234,814929.0,phi1,0.75,0.3136713645750665,5.293204277204247,0.17872585493387097,0.17872585493387097,rising,0.12187823610789976,-0.5115631328402117,-0.8505579678551809,0.9925450597142818,2.112277041815045,2.112277041815045,2.756813374749628,0.8231557,-0.6684549,-0.5085227,0.0007308808,21024.0,7232.0,28592.0,0.01658003
261,2026-09-18T21:09:51.554177+00:00,83.14792649000083,83.17638825500035,0.11402617400017334,815260.0,phi1,0.75,0.29918392096726454,5.048728666322589,0.17872585493387097,0.17872585493387097,falling,0.03600877852373059,0.9930550543143148,-0.11200458459376618,0.9993514736413955,0.11231324561817572,0.11231324561817568,2.6294852765726544,0.8481796,0.7672758,-0.05612005,0.0007307228,21064.0,11936.0,24816.0,0.01657485
262,2026-09-18T21:09:51.881207+00:00,83.47434450999936,83.50280627499887,0.11525037200044608,815575.0,phi1,0.75,0.05068743112492011,0.8553504002330268,0.17872585493387097,0.17872585493387097,falling,0.011675620718365077,0.8084305005479997,0.5884758326937068,0.9999318376173653,-0.6292220161272063,-0.6292220161272063,0.44548468186180046,0.8614956,0.7781775,0.3145862,0.0007822473,21102.0,8272.0,29296.0,0.01658078
263,2026-09-18T21:09:52.209292+00:00,83.80257182800051,83.83103359300003,0.11498706199927256,815908.0,phi1,0.75,0.05098544351577092,0.8603793593286342,0.17872585493387097,0.17872585493387097,rising,0.06631799052217648,0.520449916895786,-0.8513129907009935,0.9977985388509548,1.022073249641866,1.022073249641866,0.4481038707254432,0.8170983,0.7220275,-0.5092414,0.0007179439,21142.0,7088.0,28112.0,0.01659257
264,2026-09-18T21:09:52.536995+00:00,84.13097483650199,84.15943660150151,0.11357610499908333,816239.0,phi1,0.75,0.30072578892228674,5.074747688063589,0.17872585493387097,0.17872585493387097,rising,0.14593504873181662,-0.7038677456777749,-0.6951785081158145,0.9892941734143805,2.3624052397037394,2.3624052397037394,2.6430365365235313,0.8260785,-0.6831799,-0.3843341,0.0007392165,21182.0,8080.0,28240.0,0.0165623
265,2026-09-18T21:09:52.863515+00:00,84.45753262699873,84.48599439199825,0.11350958000184619,816571.0,phi1,0.75,0.3131638631967613,5.284640191445347,0.17872585493387097,0.17872585493387097,falling,0.03838887898987097,0.5078538438375643,-0.8605874547478088,0.9992628753085452,1.0376697811973665,1.0376697811973665,2.7523530167271133,0.8058652,0.7476747,-0.518211,0.0007240043,21222.0,6976.0,28080.0,0.01654838
266,2026-09-18T21:09:53.189277+00:00,84.78276343849939,84.8112252034989,0.11453447699750541,816886.0,phi1,0.75,0.0661753691186579,1.116709353877352,0.17872585493387097,0.17872585493387097,falling,0.005195995445942166,0.8461149764450101,0.5329750916007104,0.9999865007245476,-0.5621213032867902,-0.5621213032867902,0.5816059840605898,0.8177543,0.7823277,0.2810564,0.0007861933,21260.0,8368.0,28496.0,0.01661078
267,2026-09-18T21:09:53.517687+00:00,85.11116825549834,85.13963002049786,0.11456325099788955,817218.0,phi1,0.75,0.03731395387496109,0.6296729716399684,0.17872585493387097,0.17872585493387097,rising,-0.03458163233958065,0.950250396135087,-0.30956145649909383,0.9994018764764904,0.31492664350118094,0.31492664350118094,0.3279470768606472,0.8099277,0.8035862,-0.1573659,0.0007651734,21300.0,10256.0,25728.0,0.01660482
268,2026-09-18T21:09:53.845637+00:00,85.43883709149668,85.4672988564962,0.11510497299968847,817550.0,phi1,0.75,0.284208568160719,4.7960195877121325,0.17872585493387097,0.17872585493387097,rising,0.1468683136316337,-0.6656251460978416,-0.7316917816493684,0.9891560536391617,2.3089486080815234,2.3089486080815234,2.4978690132755332,0.8339238,-0.6768144,-0.4104003,0.0007362383,21340.0,7568.0,28304.0,0.01660458
269,2026-09-18T21:09:54.173636+00:00,85.76708933899863,85.79555110399815,0.11460206400079187,817867.0,phi1,0.75,0.3254885890608703,5.492619940402187,0.17872585493387097,0.17872585493387097,falling,0.11587068772862621,-0.3422199954271705,-0.9324480996040062,0.9932643070831123,1.9225458283614842,1.9225458283614842,2.860673293741648,0.819382,-0.6221632,-0.6005652,0.0007289069,21378.0,6848.0,28576.0,0.01667143
270,2026-09-18T21:09:54.500324+00:00,86.09450757049854,86.12296933549806,0.11315114299941342,818199.0,phi1,0.75,0.08085765872020279,1.3644729909034221,0.17872585493387097,0.17872585493387097,falling,-0.024513626766913998,0.9774044776460364,0.2099513495555842,0.9996994959000092,-0.21158974932981534,-0.21158974932981556,0.710646556190341,0.7996185,0.7979357,0.1057626,0.00077029,21418.0,11328.0,25232.0,0.0166195
271,2026-09-18T21:09:54.829909+00:00,86.42370094500075,86.45216271000027,0.11394376400130568,818531.0,phi1,0.75,0.027296636110568318,0.46063073436584034,0.17872585493387097,0.17872585493387097,rising,-0.020280081710776453,0.945504129003263,0.3249779382105579,0.9997943379944718,-0.33105908694956543,-0.33105908694956565,0.23990628413668752,0.8259072,0.796121,0.1654942,0.0007784844,21458.0,10096.0,26928.0,0.01655498
272,2026-09-18T21:09:55.156990+00:00,86.75064146050136,86.77910322550088,0.11424633099886705,818863.0,phi1,0.75,0.26905379981964533,4.540282871956515,0.17872585493387097,0.17872585493387097,rising,0.104732169196171,-0.03147587112967971,-0.9940022345407944,0.9945004639191802,1.6024515442974296,1.6024515442974296,2.3646758921549544,0.8233775,-0.1459746,-0.7306087,0.0007135555,21498.0,6704.0,28464.0,0.01665383
273,2026-09-18T21:09:55.483462+00:00,87.07743893600127,87.10590070100079,0.11355040000125882,819178.0,phi1,0.75,0.3356542815734932,5.664166001552697,0.17872585493387097,0.17872585493387097,falling,0.13657287142703006,-0.6491413473749912,-0.7483069971063727,0.9906300271999511,2.285351300551087,2.285351300551087,2.9500181311971057,0.8300622,-0.6817153,-0.4227531,0.0007309319,21536.0,7872.0,28512.0,0.01664868
274,2026-09-18T21:09:55.809375+00:00,87.40327888249885,87.43174064749837,0.11373411299791769,819511.0,phi1,0.75,0.09878348588349044,1.666971324283901,0.17872585493387097,0.17872585493387097,falling,0.01601828591854072,0.929208534170429,-0.36920849738470857,0.9998716990275461,0.37820817814730173,0.3782081781473017,0.8681941223959742,0.8282995,0.7767797,-0.1890786,0.0007341164,21576.0,9856.0,26128.0,0.0166239
275,2026-09-18T21:09:56.137995+00:00,87.73197833899758,87.7604401039971,0.11356934799914598,819844.0,phi1,0.75,0.0171680363883924,0.28971061405412174,0.17872585493387097,0.17872585493387097,rising,0.018933333878906774,0.7239149010195016,0.6896294258151656,0.9998207483685413,-0.7611479481736514,-0.7611479481736514,0.1508874499839206,0.8468416,0.7723241,0.3804886,0.0007889711,21616.0,7824.0,29872.0,0.01665748
276,2026-09-18T21:09:56.466403+00:00,88.06010061100096,88.08856237600048,0.11411400599899935,820160.0,phi1,0.75,0.25116890047540985,4.2384751955225415,0.17872585493387097,0.17872585493387097,rising,0.010253753031500982,0.823596606182609,-0.5670833191280249,0.9999474288925237,0.6029965971217406,0.6029965971217406,2.207488034777429,0.8299564,0.7791735,-0.3014802,0.0007414636,21654.0,8160.0,27120.0,0.0166256
277,2026-09-18T21:09:56.793293+00:00,88.38661448649873,88.41507625149825,0.11488354299945058,820492.0,phi1,0.75,0.3443549721429463,5.8109901549122185,0.17872585493387097,0.17872585493387097,falling,0.1538373638099192,-0.7040921453856931,-0.6932447737287216,0.9880961823102113,2.36395722344592,2.36395722344592,3.026487273236643,0.8470676,-0.6778432,-0.3829908,0.0007345472,21694.0,7824.0,28208.0,0.01661663
278,2026-09-18T21:09:57.120905+00:00,88.71490724750038,88.7433690124999,0.1134963330005121,820824.0,phi1,0.75,0.11552265216334472,1.949444755256442,0.17872585493387097,0.17872585493387097,falling,0.0705024795894354,0.2642574158571351,-0.9618718306179106,0.997511604128865,1.3026788611340026,1.3026788611340026,1.0153122934951297,0.8165392,0.6550372,-0.6468829,0.0007175758,21734.0,6736.0,28304.0,0.01657322
279,2026-09-18T21:09:57.447544+00:00,89.04176284099958,89.0702246059991,0.11307824200048344,821140.0,phi1,0.75,0.009697310159017009,0.16364210893341202,0.17872585493387097,0.17872585493387097,rising,-0.013522909407561927,0.8992368375137826,0.43725306285875887,0.9999085612800577,-0.4525864615106025,-0.45258646151060256,0.08522829102264368,0.849206,0.7929167,0.226271,0.0007771305,21772.0,8960.0,28096.0,0.0166083
280,2026-09-18T21:09:57.773629+00:00,89.36775416399905,89.39621592899857,0.11329673000000184,821472.0,phi1,0.75,0.23091550428327834,3.896699134780322,0.17872585493387097,0.17872585493387097,rising,-0.03759030177244088,0.9991944667293787,0.014049443762985987,0.9992932348478383,-0.014059843661682473,-0.014059843661682503,2.0294837927191485,0.823178,0.8041996,0.007024953,0.0007739556,21812.0,12496.0,24640.0,0.0165951
281,2026-09-18T21:09:58.099458+00:00,89.69420039300167,89.72266215800119,0.11206004999985453,821805.0,phi1,0.75,0.3512655041300139,5.927605382193985,0.17872585493387097,0.17872585493387097,falling,0.12537267563526844,-0.31943290732897534,-0.9392786114457264,0.9921097178256313,1.8986094404050207,1.8986094404050207,3.0872229640268802,0.8343005,-0.5983925,-0.610261,0.0007159424,21852.0,6864.0,28608.0,0.01667532
282,2026-09-18T21:09:58.443114+00:00,90.03666429100122,90.06512605600074,0.11444289199789637,822137.0,phi1,0.75,0.12473200881175502,2.104852648698366,0.17872585493387097,0.17872585493387097,falling,0.10542431284176847,-0.2811637789200533,-0.9538514788399902,0.9944273298043658,1.8574451619935248,1.8574451619935248,1.0962520299469125,0.8140714,-0.6060317,-0.6329057,0.0007265025,21892.0,6864.0,28560.0,0.01670307
283,2026-09-18T21:09:58.775275+00:00,90.36839780550144,90.39685957050096,0.11527760299941292,822471.0,phi1,0.75,0.007948774111251389,0.13413556312736719,0.17872585493387097,0.17872585493387097,rising,-0.0030281324474133973,0.9800786720119575,0.19858657326505919,0.9999954151964303,-0.199916488986999,-0.1999164889869991,0.06986065435857541,0.8487108,0.786943,0.09995778,0.0007623703,21932.0,11152.0,26304.0,0.01671323
284,2026-09-18T21:09:59.095749+00:00,90.68916053149951,90.71762229649903,0.11470002499845577,822788.0,phi1,0.75,0.22123076927743254,3.7332692315566742,0.17872585493387097,0.17872585493387097,rising,-0.024178422823064934,0.8318497240086095,0.5544740215164182,0.9997076592033238,-0.5879256487184008,-0.5879256487184009,1.9443660229437947,0.8296229,0.799927,0.2938654,0.0007932583,21970.0,8800.0,29168.0,0.01660097
285,2026-09-18T21:09:59.415847+00:00,91.00949434500217,91.03795611000169,0.114229916001932,823120.0,phi1,0.75,0.3546003968626781,5.983881697057693,0.17872585493387097,0.17872585493387097,falling,0.08076641133342195,0.17950585650913795,-0.9804358389406423,0.9967330569416871,1.389714096270721,1.3897140962707208,3.1165328658128426,0.8175314,0.5739972,-0.6863318,0.0007199146,22010.0,6720.0,28304.0,0.01662158
286,2026-09-18T21:09:59.734728+00:00,91.3282044985026,91.35666626350212,0.11457930899996427,823435.0,phi1,0.75,0.15911383387355124,2.685045946616177,0.17872585493387097,0.17872585493387097,falling,0.1443841310954547,-0.7640983480120273,-0.6287343932481357,0.9895217141062699,2.4530763144508674,2.4530763144508674,1.3984290402936073,0.846293,-0.6920191,-0.3399623,0.0007361219,22048.0,8176.0,28144.0,0.0165679
287,2026-09-18T21:10:00.055936+00:00,91.64993753749877,91.67839930249829,0.1135415409989946,823751.0,phi1,0.75,0.0002730990560215196,0.004608546570363144,0.17872585493387097,0.17872585493387097,rising,0.06172098957008136,0.5738777731065327,-0.8166117933147775,0.9980934422420027,0.9582239643177496,0.9582239643177495,0.002400229078263363,0.8323726,0.7318287,-0.4777581,0.0007127663,22086.0,7184.0,28016.0,0.01667132
288,2026-09-18T21:10:00.375082+00:00,91.9689545700021,91.99741633500162,0.1138006060027692,824066.0,phi1,0.75,0.1765498795053616,2.979279216652977,0.17872585493387097,0.17872585493387097,rising,0.0013316053844095307,0.872538477841232,0.48854358200022047,0.9999991134131571,-0.5104202964093422,-0.5104202964093423,1.5516719857108205,0.8437962,0.7846351,0.2552099,0.0007821085,22124.0,8656.0,28320.0,0.01666428
289,2026-09-18T21:10:00.694505+00:00,92.28828894499748,92.316750709997,0.11395379199893796,824399.0,phi1,0.75,0.35690629733608825,6.0227937675464895,0.17872585493387097,0.17872585493387097,rising,-0.019909238172313274,0.9001422928726982,-0.4351407528803524,0.9998017914743893,0.4502904144178901,0.45029041441789,3.1367990997884894,0.7873262,0.7964553,-0.2250973,0.0007551812,22164.0,9712.0,26160.0,0.01665467
290,2026-09-18T21:10:01.014832+00:00,92.60821457950078,92.6366763445003,0.1147706890005793,824714.0,phi1,0.75,0.20390047844266074,3.4408205737199,0.17872585493387097,0.17872585493387097,falling,0.14425567700344175,-0.6215498772541201,-0.7699779540595086,0.9895404487196461,2.2499307347183843,2.2499307347183843,1.7920525415193016,0.8380022,-0.6713718,-0.4394033,0.0007283972,22202.0,7504.0,28384.0,0.0165247
291,2026-09-18T21:10:01.334836+00:00,92.92859210749884,92.95705387249836,0.11402852299943333,825029.0,phi1,0.75,0.0036475803922116357,0.06155291911857135,0.17872585493387097,0.17872585493387097,falling,0.1172645135694185,-0.3074051477580036,-0.9443257430512035,0.9931007168748434,1.8855063581615035,1.8855063581615035,0.03205806951599193,0.8196752,-0.6031846,-0.6177696,0.0007221521,22240.0,6768.0,28592.0,0.01658908
292,2026-09-18T21:10:01.656174+00:00,93.25009257949932,93.27855434449884,0.11369991899846354,825361.0,phi1,0.75,0.13310026661460334,2.2460669991214313,0.17872585493387097,0.17872585493387097,rising,-0.0317864092798445,0.974767415090072,0.2209482081025175,0.9994946844206297,-0.222901137192175,-0.2229011371921752,1.1697994672958651,0.7954715,0.801697,0.1113933,0.0007750819,22280.0,11504.0,25456.0,0.01661925
293,2026-09-18T21:10:01.974231+00:00,93.56813238399991,93.59659414899943,0.11373960399942007,825676.0,phi1,0.75,0.3477959759978134,5.869057094963101,0.17872585493387097,0.17872585493387097,rising,-0.0032538759612927718,0.8970050239359978,0.4420083701976791,0.9999947061316017,-0.4578390086059458,-0.45783900860594595,3.0567297707069296,0.8378225,0.7872119,0.2289182,0.0007813451,22318.0,9472.0,27712.0,0.01661713
294,2026-09-18T21:10:02.294867+00:00,93.88841379600126,93.91687556100078,0.11442640799941728,825992.0,phi1,0.75,0.24695870159785901,4.167428089463871,0.17872585493387097,0.17872585493387097,falling,0.07637335115452545,0.22480081340754904,-0.9714070750847618,0.9970792903442672,1.343381863005355,1.3433818630053547,2.1704851907603744,0.8169693,0.6216464,-0.6655436,0.0007186315,22356.0,6736.0,28288.0,0.01660192
295,2026-09-18T21:10:02.617415+00:00,94.2112025000024,94.23966426500192,0.1139747939996596,826323.0,phi1,0.75,0.017130464095457987,0.28907658161085353,0.17872585493387097,0.17872585493387097,falling,0.13526763075239334,-0.6370701225005129,-0.7588440729740304,0.990809097692706,2.269178791771169,2.2691787917711688,0.1505572324015094,0.8304312,-0.6807879,-0.4307682,0.0007332439,22396.0,7568.0,28480.0,0.01661513
296,2026-09-18T21:10:02.936756+00:00,94.53059946549911,94.55906123049863,0.11383187699902919,826639.0,phi1,0.75,0.09193200544563518,1.5513525918950937,0.17872585493387097,0.17872585493387097,rising,0.03247771737712407,0.7922850610416216,-0.6092861232001313,0.999472459787648,0.6555656277611772,0.6555656277611768,0.8079774273415725,0.8272871,0.7649134,-0.32758,0.0007213585,22434.0,8432.0,27280.0,0.01659275
297,2026-09-18T21:10:03.259276+00:00,94.85318870400079,94.8816504690003,0.11372165200009476,826954.0,phi1,0.75,0.33036934897634046,5.574982763975745,0.17872585493387097,0.17872585493387097,rising,0.008811273387330924,0.7477146834401903,0.6639616808440301,0.9999611799771497,-0.7261388711876301,-0.7261388711876304,2.903569604127322,0.8379654,0.7795063,0.3630522,0.0007877702,22472.0,8224.0,29712.0,0.01660207
298,2026-09-18T21:10:03.581092+00:00,95.17508309600089,95.20354486100041,0.11354339999888907,827286.0,phi1,0.75,0.28134835248108,4.747753448118225,0.17872585493387097,0.17872585493387097,falling,0.0107072287432168,0.9391629791040782,-0.34330489937225367,0.9999426759832988,0.35045435434003963,0.35045435434003935,2.4727309811476106,0.8146469,0.779698,-0.1752167,0.0007416944,22512.0,10176.0,25968.0,0.01657442
299,2026-09-18T21:10:03.903435+00:00,95.49691872850235,95.52538049350187,0.11456320499928552,827601.0,phi1,0.75,0.0381712450661687,0.6441397604915968,0.17872585493387097,0.17872585493387097,falling,0.13455655570758615,-0.48485052520270666,-0.8641842983569944,0.9909059154713484,2.082083554634389,2.082083554634389,0.33548168820516033,0.8311358,-0.6500436,-0.5217635,0.0007250029,22550.0,7040.0,28560.0,0.01661598
300,2026-09-18T21:10:04.225250+00:00,95.81912353799999,95.8475853029995,0.11379750599735416,827917.0,phi1,0.75,0.06111379239954444,1.0312952467423124,0.17872585493387097,0.17872585493387097,rising,0.08493363693852689,0.03662217949226522,-0.9957133589972723,0.9963866103658733,1.5340330566041795,1.5340330566041795,0.5371205002948763,0.8019635,0.2035492,-0.7390856,0.0007243187,22588.0,6720.0,28384.0,0.01655717
301,2026-09-18T21:10:04.547017+00:00,96.140960110999,96.16942187599852,0.11364473000139697,828248.0,phi1,0.75,0.30673426802920206,5.176140772992785,0.17872585493387097,0.17872585493387097,rising,0.020038390320404137,0.8986783967370114,0.43815020501143415,0.9997992112986323,-0.4536376920955056,-0.45363769209550564,2.6958442117994927,0.832989,0.7742512,0.2267699,0.000766175,22628.0,9632.0,27520.0,0.01652783
302,2026-09-18T21:10:04.866452+00:00,96.46021857600135,96.48868034100087,0.11401150600067922,828562.0,phi1,0.75,0.3116625140934274,5.259304925326587,0.17872585493387097,0.17872585493387097,falling,-0.013313295394927984,0.9025753201309882,0.43032609455640913,0.9999113741555935,-0.4448962542346378,-0.44489625423463786,2.7391578712478744,0.8341193,0.7927728,0.222427,0.0007848616,22666.0,9088.0,28064.0,0.01658128
303,2026-09-18T21:10:05.187131+00:00,96.7805415920011,96.80900335700062,0.11472737599979155,828893.0,phi1,0.75,0.06763514870626029,1.1413431344181424,0.17872585493387097,0.17872585493387097,falling,0.09253566524766481,0.027104924953102422,-0.9953403808248005,0.9957093705781683,1.5435712404097661,1.543571240409766,0.5944357809301275,0.8106474,0.1424713,-0.7371113,0.0007206614,22706.0,6704.0,28480.0,0.01656627
304,2026-09-18T21:10:05.508422+00:00,97.10143950999918,97.1299012749987,0.11550252400047611,829209.0,phi1,0.75,0.03245355208812062,0.5476536914870355,0.17872585493387097,0.17872585493387097,rising,0.12771455352412464,-0.5754959933679094,-0.8077706075586166,0.9918109662723705,2.189829072020949,2.189829072020949,0.2852296911956509,0.820115,-0.6762073,-0.4701802,0.0007323961,22744.0,7344.0,28496.0,0.01666377
305,2026-09-18T21:10:05.830213+00:00,97.42400343200279,97.45246519700231,0.11396474999855855,829525.0,phi1,0.75,0.273873812779721,4.621620590657792,0.17872585493387097,0.17872585493387097,rising,0.03504563022199149,0.9192445564423467,-0.39212402279566694,0.999385713227052,0.4032014229195715,0.4032014229195715,2.4070383061190226,0.817868,0.7663452,-0.2014697,0.0007257845,22782.0,10096.0,26352.0,0.01667682
306,2026-09-18T21:10:06.151078+00:00,97.74472719549885,97.77318896049837,0.11422587899869541,829858.0,phi1,0.75,0.33540305786422975,5.659926601458877,0.17872585493387097,0.17872585493387097,falling,0.042041295759534164,0.6999346236693172,0.7129684789945139,0.9991158738859369,-0.7946227773145166,-0.7946227773145167,2.947810161455622,0.8595776,0.7554019,0.3968613,0.0007801999,22822.0,7488.0,29824.0,0.01665267
307,2026-09-18T21:10:06.471437+00:00,98.06544593750004,98.09390770249956,0.11348720899695763,830173.0,phi1,0.75,0.10219065758394923,1.7244673467291431,0.17872585493387097,0.17872585493387097,falling,0.006363413639034751,0.8814261036422159,-0.47227908146027403,0.9999797532784643,0.49188544841397286,0.49188544841397275,0.8981392738337469,0.8331703,0.7817885,-0.2459373,0.000743118,22860.0,8832.0,26656.0,0.01653343
308,2026-09-18T21:10:06.789832+00:00,98.38399597149692,98.41245773649644,0.11321646299984423,830489.0,phi1,0.75,0.012280699415586016,0.20723680263801403,0.17872585493387097,0.17872585493387097,rising,0.15601457066854052,-0.607217864348125,-0.7790673391662707,0.9877547538428306,2.2328596756522168,2.2328596756522163,0.1079333347691204,0.8399672,-0.6596514,-0.4465884,0.0007226789,22898.0,7552.0,28368.0,0.01659392
309,2026-09-18T21:10:07.109871+00:00,98.70395946750068,98.7324212325002,0.11334528500083252,830804.0,phi1,0.75,0.23322407685383234,3.935656296908421,0.17872585493387097,0.17872585493387097,rising,0.08614651469369385,0.1183352809535167,-0.9892297707245681,0.9962824790219535,1.4517384196963652,1.4517384196963647,2.0497735113796494,0.8195175,0.4707666,-0.7119488,0.0007155567,22936.0,6704.0,28368.0,0.016692
310,2026-09-18T21:10:07.427750+00:00,99.02179117850028,99.0502529434998,0.1134597490017768,831121.0,phi1,0.75,0.3524636446665098,5.947824003747353,0.17872585493387097,0.17872585493387097,falling,0.01843813658537877,0.8832911963801698,0.4684620555781943,0.9998300031101582,-0.48763935734446395,-0.4876393573444644,3.097753252184731,0.8414332,0.7749625,0.2437746,0.0007728727,22974.0,9024.0,28176.0,0.01669777
311,2026-09-18T21:10:07.747053+00:00,99.34094721400106,99.36940897900058,0.1137584579992108,831440.0,phi1,0.75,0.148488158969212,2.5057376826054525,0.17872585493387097,0.17872585493387097,falling,0.008871542621380313,0.9099171392115755,0.4146951838405403,0.9999606470914328,-0.427625735034141,-0.4276257350341414,1.30504148248543,0.859375,0.7805234,0.2138039,0.0007688778,23012.0,9296.0,27776.0,0.01694698
312,2026-09-18T21:10:08.067827+00:00,99.66160438599763,99.69006615099715,0.11396493400025065,831763.0,phi1,0.75,0.0010854557760017758,0.018317066220029966,0.17872585493387097,0.17872585493387097,rising,0.09689052603240508,0.04903465311468618,-0.9940864292198572,0.9952950446803017,1.5215099256549216,1.5215099256549212,0.009539917693904772,0.8213684,0.2342511,-0.730995,0.0007162183,23050.0,6720.0,28400.0,0.01679498
313,2026-09-18T21:10:08.386654+00:00,99.98047801249777,100.00893977749729,0.1138694770015718,832079.0,phi1,0.75,0.18625293883302846,3.143018342807355,0.17872585493387097,0.17872585493387097,rising,0.11476243910128897,-0.5317751378572203,-0.839073766321208,0.9933929648288853,2.135673368539389,2.1356733685393885,1.636950805365713,0.8162683,-0.679123,-0.4977892,0.0007373255,23088.0,7280.0,28560.0,0.01657338
314,2026-09-18T21:10:08.706930+00:00,100.30012533599802,100.32858710099754,0.11515555999721983,832410.0,phi1,0.75,0.35740700863147595,6.031243270656157,0.17872585493387097,0.17872585493387097,rising,0.032994256317441885,0.9612872008497103,-0.2735658906599794,0.9994555413073956,0.277253340213454,0.2772533402134536,3.141199780730095,0.833339,0.7682434,-0.1385492,0.0007283988,23128.0,10832.0,25264.0,0.01653195
315,2026-09-18T21:10:09.031313+00:00,100.62487273150327,100.6533344965028,0.11440958700040937,832724.0,phi1,0.75,0.18994716650017643,3.2053584346904773,0.17872585493387097,0.17872585493387097,falling,0.00015182570583602235,0.7701931335566419,0.6378107195486415,0.9999999884744775,-0.6916524095444914,-0.6916524095444918,1.6694188512007557,0.8465538,0.7852996,0.3458262,0.0007934367,23166.0,7744.0,29584.0,0.01648018
316,2026-09-18T21:10:09.352858+00:00,100.94685035850125,100.97531212350077,0.11356353500013938,833055.0,phi1,0.75,0.001208139906048178,0.020387360914563002,0.17872585493387097,0.17872585493387097,falling,0.027742014737298835,0.7571405069104534,-0.6526627256199768,0.999615116241404,0.7114253262449866,0.7114253262449861,0.010618171206269952,0.8206094,0.7670861,-0.3555468,0.0007327933,23206.0,7792.0,27504.0,0.01658115
317,2026-09-18T21:10:09.678302+00:00,101.27153422949777,101.2999959944973,0.11506153700247523,833370.0,phi1,0.75,0.15076363942974053,2.5441364153768715,0.17872585493387097,0.17872585493387097,rising,0.14939981208883937,-0.6497722022675497,-0.7453024763867339,0.9887768687362278,2.2878244035742,2.2878244035741995,1.3250403592591027,0.832947,-0.6723989,-0.4204942,0.0007314206,23244.0,7728.0,28384.0,0.01660172
318,2026-09-18T21:10:10.004258+00:00,101.59807458049909,101.62653634549861,0.11387718300102279,833703.0,phi1,0.75,0.35426538356243786,5.978228347616139,0.17872585493387097,0.17872585493387097,rising,0.04887766725811451,0.3051730829468796,-0.9510417252087849,0.9988047725373588,1.260292645136656,1.2602926451366556,3.113588481176163,0.8071804,0.7059907,-0.6282946,0.000724945,23284.0,6832.0,28240.0,0.0166286
319,2026-09-18T21:10:10.329330+00:00,101.92292698999881,101.95138875499833,0.1143379860004643,834036.0,phi1,0.75,0.21931036400015164,3.7008623925025588,0.17872585493387097,0.17872585493387097,falling,0.02231413177872249,0.8473889075449618,0.5305036464462032,0.9997510087631629,-0.5593504721312536,-0.5593504721312541,1.927487851866496,0.866847,0.7722348,0.2795973,0.0007739569,23324.0,8352.0,29328.0,0.0166523
320,2026-09-18T21:10:10.654005+00:00,102.24759427450044,102.27605603949996,0.11436756100010825,834353.0,phi1,0.75,0.0064709254015265505,0.10919686615076055,0.17872585493387097,0.17872585493387097,falling,0.13651998920961736,0.9759801841329795,0.16977918814142526,0.9906373163505431,-0.1722340802032192,-0.17223408020321973,0.056872050523650255,0.7786489,0.7159091,0.0853028,0.0007196854,23362.0,11152.0,24896.0,0.01671812
321,2026-09-18T21:10:10.975205+00:00,102.56908182050029,102.5975435854998,0.11378440100088483,834669.0,phi1,0.75,0.1215326739801598,2.0508638734151967,0.17872585493387097,0.17872585493387097,rising,0.12206559640708785,-0.25739943320950426,-0.958564302463433,0.9925220351074237,1.833133801188761,1.8331338011887608,1.0681335274307757,0.8189857,-0.5639897,-0.6409595,0.0007205074,23400.0,6784.0,28592.0,0.01662348
322,2026-09-18T21:10:11.297759+00:00,102.89107861150114,102.91954037650066,0.11488743299923954,835003.0,phi1,0.75,0.34475805910268154,5.817792247357751,0.17872585493387097,0.17872585493387097,rising,0.12224341371762748,-0.4002888970932261,-0.9081989576444963,0.9925001500265181,1.9859315692270816,1.9859315692270814,3.0300299476637162,0.8224397,-0.6372019,-0.5694803,0.0007229359,23440.0,6928.0,28592.0,0.01659468
323,2026-09-18T21:10:11.623273+00:00,103.21680583999841,103.24526760499793,0.11446504400009871,835319.0,phi1,0.75,0.25078631466932,4.232019060044775,0.17872585493387097,0.17872585493387097,falling,0.7127622114585141,0.5695805220310936,0.40932634759999914,0.7014057526972304,-0.6231302702835133,-0.6231302702835135,2.204125542097721,0.4642801,0.3371012,0.2108578,0.0006654179,23478.0,6544.0,32080.0,0.01670368
324,2026-09-18T21:10:11.947014+00:00,103.54077504399902,103.56923680899854,0.11401764800029923,835652.0,phi1,0.75,0.01850892979683874,0.3123381903216538,0.17872585493387097,0.17872585493387097,falling,-0.009894899429575077,0.7826047177570213,0.6224403157811451,0.9999510442843083,-0.6718957360537139,-0.6718957360537141,0.16267237299570492,0.836905,0.7917196,0.3359284,0.0007961376,23518.0,7904.0,29536.0,0.0167068
325,2026-09-18T21:10:12.269762+00:00,103.86374938549852,103.89221115049804,0.11356308900212753,835968.0,phi1,0.75,0.0917970005704951,1.549074384627105,0.17872585493387097,0.17872585493387097,rising,0.04863624779219496,0.5051786644358407,-0.861643216418209,0.9988165574321924,1.0405136428248338,1.0405136428248336,0.8067908885386226,0.8024388,0.7374084,-0.5192493,0.0007248392,23556.0,7088.0,28144.0,0.0166175
326,2026-09-18T21:10:12.595321+00:00,104.18864408800073,104.21710585300025,0.11485491399798775,836300.0,phi1,0.75,0.3313076398609477,5.590816422653492,0.17872585493387097,0.17872585493387097,rising,0.14046068104119666,-0.6811370356590193,-0.718556285711208,0.9900862573944975,2.3294669644001584,2.329466964400158,2.9118161103507862,0.8313174,-0.683716,-0.4008621,0.0007329224,23596.0,8080.0,28336.0,0.01654425
327,2026-09-18T21:10:12.917729+00:00,104.51231997700233,104.54078174200185,0.11236133199781762,836616.0,phi1,0.75,0.27863945422533376,4.702040790052507,0.17872585493387097,0.17872585493387097,falling,0.04724998012259747,0.6660350635132017,-0.7444224160712649,0.9988830959518807,0.8409168859480319,0.8409168859480314,2.448922856512472,0.8312732,0.7499864,-0.4198347,0.0007163367,23634.0,7536.0,27856.0,0.01665473
328,2026-09-18T21:10:13.242927+00:00,104.83691162549803,104.86537339049755,0.11357479299840634,836948.0,phi1,0.75,0.03477651582516067,0.5868537045495863,0.17872585493387097,0.17872585493387097,falling,0.02561411120609522,0.689065696717893,0.724246078977171,0.9996719048303407,-0.810285183666258,-0.8102851836662586,0.3056458917882868,0.849225,0.7668206,0.4049702,0.000787734,23674.0,7328.0,30288.0,0.01657075
329,2026-09-18T21:10:13.568153+00:00,105.16185191299883,105.19031367799835,0.11414840599900344,837263.0,phi1,0.75,0.06718512875169788,1.1337490476849017,0.17872585493387097,0.17872585493387097,rising,0.005246800837470175,0.9999668175133734,0.006231769664214609,0.9999862354457545,-0.006231895780377972,-0.006231895780378527,0.5904806190321883,0.8133615,0.7827747,0.003115905,0.0007566983,23712.0,12800.0,24288.0,0.01665873
330,2026-09-18T21:10:13.892509+00:00,105.48622563150275,105.51468739650227,0.1141159049984708,837596.0,phi1,0.75,0.31354154061065864,5.291013497804864,0.17872585493387097,0.17872585493387097,rising,0.1246690865890396,-0.3662262078323703,-0.9221366403878419,0.9921983767619531,1.9488430592245307,1.9488430592245303,2.755672370240251,0.8284431,-0.6213427,-0.5867838,0.0007247417,23752.0,6928.0,28576.0,0.01669185
331,2026-09-18T21:10:14.217665+00:00,105.81155929099987,105.84002105599939,0.11374133599747438,837913.0,phi1,0.75,0.30105919362094646,5.080373892353472,0.17872585493387097,0.17872585493387097,falling,0.0929225244826355,0.009294997386172206,-0.9956299550874135,0.995673342238193,1.56146080277695,1.5614608027769497,2.64596678338784,0.8195331,0.04984895,-0.7386369,0.000716893,23790.0,6720.0,28368.0,0.01659963
332,2026-09-18T21:10:14.545284+00:00,106.13888305699948,106.167344821999,0.11429244600003585,838245.0,phi1,0.75,0.0519443659290284,0.8765611750523543,0.17872585493387097,0.17872585493387097,falling,0.0017587158673460926,0.9273339894205402,0.37423064944480894,0.9999984534580532,-0.38356762411529277,-0.3835676241152932,0.4565317045437986,0.8301809,0.7844499,0.1917835,0.0007692998,23830.0,9648.0,26992.0,0.01656215
333,2026-09-18T21:10:14.869477+00:00,106.46298872300031,106.49145048799983,0.11451655400014715,838576.0,phi1,0.75,0.047359914666733754,0.7991985600011321,0.17872585493387097,0.17872585493387097,rising,-0.003045590309283441,0.8911784438040473,0.45364270707095533,0.9999953621790794,-0.470850960820538,-0.47085096082053846,0.4162396091116791,0.8263333,0.7871069,0.2354243,0.000785623,23870.0,9104.0,27984.0,0.01652568
334,2026-09-18T21:10:15.195288+00:00,106.7887378325031,106.81719959750262,0.11464791099933791,838890.0,phi1,0.75,0.2951399529626644,4.980486706244961,0.17872585493387097,0.17872585493387097,rising,0.08295835202212129,0.1821611489982381,-0.979762842541712,0.9965530150623065,1.3869715598333843,1.3869715598333838,2.593943412248366,0.8189677,0.5717255,-0.6846366,0.0007163219,23908.0,6736.0,28368.0,0.0165916
335,2026-09-18T21:10:15.523136+00:00,107.11667331100034,107.14513507599986,0.1144588079987443,839221.0,phi1,0.75,0.3172551410304072,5.353680504888121,0.17872585493387097,0.17872585493387097,falling,0.14310045222459433,-0.61044889116234,-0.7790214450525648,0.9897081693979881,2.235463078713961,2.2354630787139604,2.788310680465055,0.8314505,-0.6702678,-0.4465518,0.0007311668,23948.0,7264.0,28400.0,0.01655345
336,2026-09-18T21:10:15.847759+00:00,107.4415695639982,107.47003132899772,0.11389796000003116,839552.0,phi1,0.75,0.0713941374622281,1.204776069675099,0.17872585493387097,0.17872585493387097,falling,-0.0026773219515562026,0.9110622576076227,-0.4122601056494181,0.9999964159671612,0.4249350217917078,0.4249350217917074,0.6274730028391918,0.810539,0.7868675,-0.2124667,0.0007396034,23988.0,9536.0,26368.0,0.01663822
337,2026-09-18T21:10:16.173074+00:00,107.7663545760006,107.79481634100011,0.11498420200223336,839870.0,phi1,0.75,0.03161083364631889,0.5334328177816313,0.17872585493387097,0.17872585493387097,rising,-0.00834194782633185,0.7313669457576413,0.6819331364287866,0.9999652053478975,-0.7504348423567561,-0.7504348423567564,0.27782315768994037,0.8257615,0.7911009,0.3752012,0.000799449,24026.0,8032.0,29952.0,0.01677063
338,2026-09-18T21:10:16.496937+00:00,108.09098991049905,108.11945167549857,0.11340650299825938,840205.0,phi1,0.75,0.27410171607528694,4.625466458770467,0.17872585493387097,0.17872585493387097,rising,0.01264473287261565,0.8127593640351178,-0.582462296551297,0.9999200521694623,0.6218118932691934,0.6218118932691932,2.4090413160342465,0.8111615,0.7776199,-0.3108773,0.000740688,24066.0,8208.0,27312.0,0.016709
339,2026-09-18T21:10:16.820799+00:00,108.4148439194978,108.44330568449732,0.11341499899936025,840523.0,phi1,0.75,0.33398430118539046,5.635985082503464,0.17872585493387097,0.17872585493387097,falling,0.14058876739506365,-0.6170681355600617,-0.7742491295176029,0.9900680777008904,2.2436986707548097,2.243698670754809,2.9353409091442475,0.8303148,-0.6733933,-0.4427639,0.0007320501,24104.0,7552.0,28352.0,0.01683597
340,2026-09-18T21:10:17.143791+00:00,108.73773852649902,108.76620029149854,0.11360808099925634,840842.0,phi1,0.75,0.09793619169162501,1.6526732347961721,0.17872585493387097,0.17872585493387097,falling,0.07623455444991942,0.2817610865039461,-0.9564512443611217,0.9970899120479669,1.284310085379954,1.2843100853799536,0.8607473732684386,0.8233644,0.6532792,-0.6372959,0.0007127227,24142.0,6768.0,28320.0,0.01680103
341,2026-09-18T21:10:17.469397+00:00,109.06278719750117,109.09124896250069,0.11476755699914065,841161.0,phi1,0.75,0.016270219320334622,0.27455995103064673,0.17872585493387097,0.17872585493387097,rising,0.0036348229900870907,0.8155758905313159,0.5786387083888199,0.9999933940090958,-0.6170632868424306,-0.6170632868424311,0.14299666242461234,0.838769,0.7831698,0.3085293,0.0007848282,24180.0,8464.0,28832.0,0.01674728
342,2026-09-18T21:10:17.794288+00:00,109.3878613659981,109.41632313099763,0.11435371399784344,841497.0,phi1,0.75,0.24685387874309156,4.16565920378967,0.17872585493387097,0.17872585493387097,rising,-0.0003357685934672311,0.9398090155791065,0.3417000168213084,0.9999999436297242,-0.34872522049536003,-0.3487252204953605,2.1695639174768093,0.8271302,0.7855768,0.1743626,0.0007737252,24220.0,10032.0,26928.0,0.01678572
343,2026-09-18T21:10:18.125942+00:00,109.71991942999739,109.74838119499691,0.11355294999884791,841833.0,phi1,0.75,0.3443639550536623,5.811141741530551,0.17872585493387097,0.17872585493387097,falling,0.10884031585366682,-0.12880077263130366,-0.9856795354548319,0.9940592465466402,1.7007321621542997,1.7007321621542992,3.0265662227717387,0.813098,-0.4345978,-0.7006787,0.0007187674,24260.0,6704.0,28560.0,0.01679997
344,2026-09-18T21:10:18.452627+00:00,110.04591742999764,110.07437919499716,0.11496269399867742,842151.0,phi1,0.75,0.11735659281901592,1.9803925038208936,0.17872585493387097,0.17872585493387097,falling,0.11257909538573732,-0.2959310537725722,-0.9485519272528964,0.9936427664317439,1.8732091403036875,1.873209140303687,1.0314305392103567,0.8212161,-0.6036397,-0.6243153,0.0007237753,24298.0,6848.0,28544.0,0.01674548
345,2026-09-18T21:10:18.781996+00:00,110.3756860024987,110.40414776749822,0.11413801299931947,842487.0,phi1,0.75,0.00985937219249386,0.1663769057483339,0.17872585493387097,0.17872585493387097,rising,0.03629762008724966,0.9870164410648171,0.15646414235774284,0.9993410242634901,-0.1572141415020186,-0.15721414150201918,0.08665263137335867,0.848161,0.7670189,0.07855484,0.000741759,24338.0,11264.0,25280.0,0.01673477
346,2026-09-18T21:10:19.108922+00:00,110.70299173249805,110.73145349749757,0.1133954669967352,842806.0,phi1,0.75,0.2324472775721772,3.9225478090304904,0.17872585493387097,0.17872585493387097,rising,0.021705268344817025,0.6987518875981946,0.7150347410469224,0.9997644129124018,-0.7969148471924238,-0.7969148471924243,2.042946332073486,0.8429218,0.7698717,0.3983369,0.0007908514,24376.0,7728.0,29888.0,0.01675727
347,2026-09-18T21:10:19.439432+00:00,111.03303686100116,111.06149862600068,0.11429818399847136,843144.0,phi1,0.75,0.3499987505855509,5.906228916131171,0.17872585493387097,0.17872585493387097,falling,0.05916308800988986,0.4470011137739235,-0.892574777428763,0.9982483303352597,1.10650922246586,1.1065092224658595,3.076089645821,0.8146891,0.7196028,-0.5515118,0.0007239839,24416.0,6976.0,28224.0,0.01720935
348,2026-09-18T21:10:19.768579+00:00,111.36277076850092,111.39123253350044,0.11316126900055679,843470.0,phi1,0.75,0.13056444007862966,2.2032749263268756,0.17872585493387097,0.17872585493387097,falling,0.14298393891061714,-0.6451555789913332,-0.7505530441680738,0.989725008885602,2.28082216635398,2.2808221663539796,1.1475124455911974,0.8296858,-0.6763473,-0.4244493,0.0007361861,24454.0,7632.0,28304.0,0.01685278
349,2026-09-18T21:10:20.094023+00:00,111.68774153749837,111.71620330249789,0.11407056900134194,843786.0,phi1,0.75,0.004847520230078062,0.08180190388256729,0.17872585493387097,0.17872585493387097,rising,0.021124079654863074,0.7464952026104634,-0.6650554005030694,0.9997768617340246,0.7277667771259007,0.7277667771259002,0.04260417147976684,0.825446,0.7712531,-0.363784,0.0007262907,24492.0,7776.0,27520.0,0.01647835
350,2026-09-18T21:10:20.419359+00:00,112.01313070700053,112.04159247200005,0.1140074220020324,844116.0,phi1,0.75,0.21353224943896082,3.6033567092824637,0.17872585493387097,0.17872585493387097,rising,0.011874187839278683,0.7054650763494786,0.7086452072189452,0.9999294993464076,-0.7876470159412833,-0.7876470159412838,1.876704818086202,0.8398742,0.7769831,0.3937881,0.0007884448,24532.0,7824.0,29968.0,0.0165129
351,2026-09-18T21:10:20.749678+00:00,112.34435532450152,112.37281708950104,0.1121774910025124,844447.0,phi1,0.75,0.35436693627097154,5.979942049572645,0.17872585493387097,0.17872585493387097,falling,-0.005235283221688017,0.9819119463734999,-0.18926574274969488,0.9999862958108919,0.19041696151269327,0.19041696151269272,3.1144810136057868,0.8095792,0.788064,-0.09520716,0.0007561984,24572.0,10928.0,25616.0,0.01657443
352,2026-09-18T21:10:21.072679+00:00,112.66707904299983,112.69554080799935,0.11273995399824344,844778.0,phi1,0.75,0.15448227913389675,2.606888460384508,0.17872585493387097,0.17872585493387097,falling,0.13314722794329648,-0.4836754449514126,-0.8650606219462708,0.9910962696383312,2.0806169045223206,2.08061690452232,1.357722959043692,0.8280169,-0.6510839,-0.5226356,0.0007250713,24612.0,7152.0,28560.0,0.01658673
353,2026-09-18T21:10:21.399487+00:00,112.99319688350079,113.0216586485003,0.11412494300020626,845093.0,phi1,0.75,0.0009300907362559119,0.015695281174318513,0.17872585493387097,0.17872585493387097,rising,0.08095015912091147,0.060873901169376236,-0.9948574972802487,0.9967181506014121,1.5096839563317153,1.5096839563317148,0.008174436276370394,0.8193792,0.3223875,-0.7346689,0.0007200688,24650.0,6704.0,28352.0,0.0165335
354,2026-09-18T21:10:21.722423+00:00,113.31661476349836,113.34507652849788,0.11316413699751138,845425.0,phi1,0.75,0.1886112290648138,3.182814490468733,0.17872585493387097,0.17872585493387097,rising,0.028290488178197185,0.8728811980148778,0.48711196087834957,0.9995997440369015,-0.5090031492018674,-0.5090031492018678,1.657677485537283,0.8567132,0.7691986,0.2543899,0.000767606,24690.0,8752.0,28304.0,0.01659677
355,2026-09-18T21:10:22.049483+00:00,113.64394335300312,113.67240511800264,0.11262736400021822,845757.0,phi1,0.75,0.3573863663378267,6.030894931950826,0.17872585493387097,0.17872585493387097,falling,-0.030895744533721185,0.8861741961799874,0.46232104320965145,0.9995226125354579,-0.4808600390006631,-0.48086003900066354,3.141018358523147,0.8290974,0.8028232,0.2403055,0.000794445,24730.0,9040.0,28400.0,0.01667948
356,2026-09-18T21:10:22.375945+00:00,113.9697380639991,113.99819982899862,0.11393488999965484,846073.0,phi1,0.75,0.18024198711997474,3.041583532649574,0.17872585493387097,0.17872585493387097,falling,0.08079686392579935,0.10089026946939417,-0.9916113252207989,0.9967305888652941,1.4694014742219466,1.4694014742219461,1.5841213987032028,0.8116479,0.447772,-0.7205891,0.0007214023,24768.0,6720.0,28336.0,0.01658087
357,2026-09-18T21:10:22.706417+00:00,114.30050040599963,114.32896217099915,0.11332978800055571,846404.0,phi1,0.75,3.791562032762208e-05,0.0006398260930286226,0.17872585493387097,0.17872585493387097,falling,0.12012287904520626,-0.4675241304877193,-0.8757806125632108,0.9927590311500021,2.061145730716667,2.0611457307166665,0.0003332350384381442,0.820011,-0.6596511,-0.5335253,0.0007278764,24808.0,7056.0,28560.0,0.01656473
358,2026-09-18T21:10:23.036145+00:00,114.62988997749926,114.65835174249878,0.11402847499994095,846735.0,phi1,0.75,0.17172460354377878,2.8978526848012667,0.17872585493387097,0.17872585493387097,rising,0.027796012136851806,0.9767241505650496,-0.21269065661723463,0.9996136162084268,0.21441193784951249,0.21441193784951196,1.5092633159689386,0.8423924,0.7711728,-0.1071639,0.0007311619,24848.0,11056.0,25744.0,0.0165475
359,2026-09-18T21:10:23.370341+00:00,114.96409458199923,114.99255634699875,0.1139774799994484,847067.0,phi1,0.75,0.3573417669244927,6.030142316850815,0.17872585493387097,0.17872585493387097,rising,0.001125449719588131,0.7394894776915574,0.673167175184884,0.9999993666812638,-0.738483976518376,-0.7384839765183766,3.1406263805708345,0.8263888,0.7846372,0.3692417,0.0008003214,24888.0,7936.0,29616.0,0.01656645
360,2026-09-18T21:10:23.696866+00:00,115.29099504950136,115.31945681450088,0.11328730099921813,847399.0,phi1,0.75,0.1904046890275338,3.2130791273396326,0.17872585493387097,0.17872585493387097,falling,0.027284022662654867,0.6597694120149873,-0.7509726393662699,0.9996277217581272,0.8499574379997872,0.8499574379997867,1.6734399521526282,0.8056335,0.764733,-0.4247669,0.0007338653,24928.0,7600.0,27712.0,0.01671708
361,2026-09-18T21:10:24.023633+00:00,115.61760447300185,115.64606623800137,0.11360376199809252,847717.0,phi1,0.75,0.0008414940968420326,0.0142002128842093,0.17872585493387097,0.17872585493387097,falling,0.13856455829132527,-0.6444512984888855,-0.7519856295578522,0.9903534031776383,2.2793399441870337,2.2793399441870332,0.007395772910573734,0.828705,-0.6795045,-0.4255346,0.0007350061,24966.0,7696.0,28432.0,0.01670272
362,2026-09-18T21:10:24.350278+00:00,115.94402170499961,115.97248346999913,0.11402615199767752,848053.0,phi1,0.75,0.15561561448224695,2.626013494387917,0.17872585493387097,0.17872585493387097,rising,0.04650626927677211,0.5956339163187264,-0.8019086011814394,0.9989179980949169,0.9319382861285919,0.9319382861285914,1.3676836835447663,0.8288605,0.7464379,-0.4652415,0.0007175603,25006.0,7296.0,27840.0,0.01677397
363,2026-09-18T21:10:24.682273+00:00,116.27611630550018,116.3045780704997,0.11385079500178108,848388.0,phi1,0.75,0.3558133485177002,6.004350256236191,0.17872585493387097,0.17872585493387097,rising,0.0065777906656444285,0.6988575854902084,0.7152305976905317,0.9999783661009667,-0.7969761404926483,-0.7969761404926488,3.1271933268020686,0.8481006,0.7806922,0.398477,0.000795096,25046.0,7616.0,30064.0,0.0167433
364,2026-09-18T21:10:25.012550+00:00,116.60654864949902,116.63501041449854,0.11353279100148939,848707.0,phi1,0.75,0.20528878887687388,3.4642483122972467,0.17872585493387097,0.17872585493387097,falling,-0.023294797093285295,0.9982383073170479,0.05456770320599556,0.9997286393959025,-0.05460965365123812,-0.0546096536512386,1.8042542060815996,0.7857798,0.797064,0.02729741,0.0007685286,25084.0,12720.0,24432.0,0.01679183
365,2026-09-18T21:10:25.340796+00:00,116.93495066600008,116.9634124309996,0.11320948800130282,849043.0,phi1,0.75,0.0026499070560110083,0.04471718157018577,0.17872585493387097,0.17872585493387097,falling,0.12559048873744955,-0.35428936159499125,-0.9266639506311347,0.9920821685418444,1.935975815556388,1.9359758155563875,0.023289659302343765,0.8238152,-0.6150655,-0.5927192,0.0007217255,25124.0,6896.0,28576.0,0.01679575
366,2026-09-18T21:10:25.672539+00:00,117.26650918800078,117.2949709530003,0.1136067199986428,849379.0,phi1,0.75,0.1465917682782511,2.473736089695487,0.17872585493387097,0.17872585493387097,rising,0.08362855246226539,0.07560494451555565,-0.9936247569268118,0.9964969970918458,1.4948526277855114,1.494852627785511,1.2883743722196457,0.8180847,0.3675259,-0.7289091,0.0007177912,25164.0,6704.0,28352.0,0.01676088
367,2026-09-18T21:10:26.001589+00:00,117.59543838099853,117.62390014599805,0.11382703200069955,849698.0,phi1,0.75,0.3538344719633685,5.970956714381843,0.17872585493387097,0.17872585493387097,rising,0.02260754938515936,0.8705201205626749,0.4916132813567423,0.9997444166939856,-0.5140857309863763,-0.5140857309863769,3.1098012599191045,0.8596928,0.772416,0.2569707,0.0007675488,25202.0,8944.0,28688.0,0.01682198
368,2026-09-18T21:10:26.329379+00:00,117.92233615000077,117.9507979150003,0.1155928939988371,850034.0,phi1,0.75,0.21979482729951944,3.7090377106793904,0.17872585493387097,0.17872585493387097,falling,-0.008250415759521002,0.755165516810264,0.6554822445043664,0.9999659647406981,-0.7148505421621268,-0.7148505421621274,1.9317457314631297,0.8403642,0.7908606,0.3574105,0.0007954997,25242.0,8192.0,29920.0,0.01680048
369,2026-09-18T21:10:26.656298+00:00,118.25018842349891,118.27865018849843,0.11376161099906312,850353.0,phi1,0.75,0.00590122362639911,0.09958314869548499,0.17872585493387097,0.17872585493387097,falling,0.0493280164280057,0.38855821612446306,-0.9201028526623822,0.9987826324057094,1.1712159485067297,1.1712159485067293,0.05186502198785265,0.8076378,0.7222602,-0.5841715,0.000726525,25280.0,6896.0,28224.0,0.01671643
370,2026-09-18T21:10:26.981965+00:00,118.57557209800143,118.60403386300095,0.1143038339978375,850688.0,phi1,0.75,0.12673745356940375,2.138694528983688,0.17872585493387097,0.17872585493387097,rising,0.13094280944006392,-0.4697297867836586,-0.8730451924523276,0.9913899236203397,2.064407785952693,2.0644077859526924,1.113877601020948,0.8230449,-0.649468,-0.5307063,0.0007313057,25320.0,7024.0,28560.0,0.01680723
371,2026-09-18T21:10:27.310629+00:00,118.90443329150003,118.93289505649955,0.11392037900077412,851007.0,phi1,0.75,0.34858981461532307,5.882453121633577,0.17872585493387097,0.17872585493387097,rising,-0.004486601051616513,0.9281513842132965,-0.3721758702467764,0.9999899351548512,0.3813562358604585,0.3813562358604581,3.063706706332239,0.8362186,0.7878151,-0.1906761,0.0007403998,25358.0,9552.0,26464.0,0.01677863
372,2026-09-18T21:10:27.639625+00:00,119.23371539200161,119.26217715700113,0.11331959600283881,851343.0,phi1,0.75,0.23753867009556054,4.008465057862584,0.17872585493387097,0.17872585493387097,falling,-0.00479500070331739,0.7490362064516068,0.6625117126457772,0.9999885039180476,-0.7241771680728236,-0.7241771680728242,2.0876938627369186,0.8423996,0.7885989,0.3620835,0.0007957453,25398.0,7952.0,29744.0,0.01676043
373,2026-09-18T21:10:27.966754+00:00,119.56053399249868,119.5889957574982,0.11393191100069089,851662.0,phi1,0.75,0.011838660417558822,0.1997773945463051,0.17872585493387097,0.17872585493387097,falling,0.013705158427151413,0.8281043687169533,-0.5604063910631133,0.9999060799057513,0.594939957555293,0.5949399575552925,0.10404831637232424,0.8092395,0.7771239,-0.2974382,0.0007374903,25436.0,8576.0,27104.0,0.01678958
374,2026-09-18T21:10:28.298269+00:00,119.89196387600168,119.9204256410012,0.11415802400006214,851997.0,phi1,0.75,0.11326592333657674,1.9113624563047324,0.17872585493387097,0.17872585493387097,rising,0.14498695817364032,-0.5766517516939391,-0.8040221012060965,0.9894335662183464,2.19297871562664,2.1929787156266394,0.9954782221853525,0.8256299,-0.6622366,-0.4670145,0.000728908,25476.0,7536.0,28480.0,0.01674452
375,2026-09-18T21:10:28.628202+00:00,120.2221249389986,120.25058670399812,0.11368571200000588,852333.0,phi1,0.75,0.344035481030018,5.805598742381554,0.17872585493387097,0.17872585493387097,rising,0.04693027419563177,0.5084964277068373,-0.8597842359413831,0.9988981676647138,1.036707094115846,1.0367070941158456,3.023679310914588,0.8118328,0.7393824,-0.5174235,0.0007226923,25516.0,6944.0,27984.0,0.01681045
376,2026-09-18T21:10:28.956525+00:00,120.55068546999973,120.57914723499925,0.1132321539989789,852652.0,phi1,0.75,0.2503650266389569,4.224909824532397,0.17872585493387097,0.17872585493387097,falling,0.004784794110249959,0.7824679889700188,0.6226724275110767,0.9999885528071422,-0.6721625094148649,-0.6721625094148653,2.200422901028459,0.8449114,0.7823407,0.3360767,0.0007870998,25554.0,8272.0,29376.0,0.01681955
377,2026-09-18T21:10:29.280664+00:00,120.87523042249813,120.90369218749765,0.11241096099911374,852988.0,phi1,0.75,0.018092372705397097,0.30530878940357603,0.17872585493387097,0.17872585493387097,falling,-0.007869442623545454,0.9988077421269046,0.04817848212791313,0.9999690354569959,-0.04819863360539077,-0.04819863360539123,0.15901131148124745,0.8077942,0.7893375,0.02409857,0.0007636821,25594.0,12848.0,24192.0,0.0167876
378,2026-09-18T21:10:29.608590+00:00,121.2028885960026,121.23135036100211,0.11290993399961735,853307.0,phi1,0.75,0.0961014997226151,1.6217128078191299,0.17872585493387097,0.17872585493387097,rising,0.13137977081571628,-0.40702790547278167,-0.9039179387460181,0.991332111766995,1.9938938715308367,1.993893871530836,0.8446225243662627,0.8326785,-0.6292876,-0.5644215,0.0007220019,25632.0,6816.0,28576.0,0.0168199
379,2026-09-18T21:10:29.937589+00:00,121.53169646850074,121.56015823350026,0.11332078099803766,853643.0,phi1,0.75,0.33540867446940686,5.660021381671241,0.17872585493387097,0.17872585493387097,rising,0.11439608244173963,-0.31790300286371415,-0.9411966941570801,0.9934352199927194,1.8965297797468303,1.8965297797468297,2.947859525006209,0.816625,-0.6126886,-0.6130775,0.0007284184,25672.0,6848.0,28576.0,0.01677673
380,2026-09-18T21:10:30.267909+00:00,121.86181065100027,121.89027241599979,0.11374007599806646,853962.0,phi1,0.75,0.26707776098402325,4.506937216605392,0.17872585493387097,0.17872585493387097,falling,0.004010881175800532,0.9978437213408188,0.06551198831435422,0.9999919563837469,-0.06555946809199835,-0.06555946809199908,2.3473087655814227,0.8470274,0.7833884,0.03277947,0.000752658,25710.0,12096.0,24912.0,0.01681817
381,2026-09-18T21:10:30.597111+00:00,122.19106562800152,122.21952739300104,0.1136377539987734,854298.0,phi1,0.75,0.025092001381766343,0.42342752331730704,0.17872585493387097,0.17872585493387097,falling,-0.019429637033744104,0.8993606263035768,0.43677563240132217,0.999811226784705,-0.45210287591148707,-0.4521028759114878,0.2205300605052049,0.8142923,0.7961984,0.2260056,0.0007908052,25750.0,9664.0,27760.0,0.01684593
382,2026-09-18T21:10:30.926658+00:00,122.52064774199971,122.54910950699923,0.11356411800079513,854617.0,phi1,0.75,0.08470319951693624,1.429366491848299,0.17872585493387097,0.17872585493387097,rising,0.06418080877543585,0.26801314941279836,-0.961275077970278,0.9979382865613139,1.298891407600463,1.2988914076004623,0.7444444717761071,0.8013339,0.6678768,-0.6457961,0.0007294726,25788.0,6800.0,28288.0,0.01683918
383,2026-09-18T21:10:31.254570+00:00,122.84938581550159,122.87784758050111,0.1119133829997736,854954.0,phi1,0.75,0.32864998022682634,5.545968416327694,0.17872585493387097,0.17872585493387097,rising,0.1354017213330022,-0.6461413130075108,-0.751111028733429,0.990790782082706,2.2812095361133755,2.2812095361133746,2.888458314733059,0.822731,-0.6821155,-0.4248717,0.0007405854,25828.0,7552.0,28240.0,0.01675828
384,2026-09-18T21:10:31.588577+00:00,123.18243170349888,123.2108934684984,0.11380779499813798,855289.0,phi1,0.75,0.276220612722381,4.66122283969018,0.17872585493387097,0.17872585493387097,falling,0.02609083688842346,0.8755272254456727,-0.4824638284201871,0.9996595761710392,0.5036529826264566,0.5036529826264557,2.4276639997603637,0.8076304,0.7705025,-0.2517327,0.0007285096,25868.0,9360.0,26512.0,0.0167721
385,2026-09-18T21:10:31.918303+00:00,123.51214240249828,123.5406041674978,0.11381005899966112,855625.0,phi1,0.75,0.030619758132934355,0.5167084184932672,0.17872585493387097,0.17872585493387097,falling,0.009969548784626385,0.7028293609598316,0.7112886175595851,0.9999503028136103,-0.7913800940619479,-0.7913800940619489,0.26911273481029147,0.8506438,0.7783062,0.3956649,0.0007919129,25908.0,7792.0,30144.0,0.01675515
386,2026-09-18T21:10:32.246805+00:00,123.84067470500304,123.86913647000256,0.1138020559992583,855944.0,phi1,0.75,0.07536337237162247,1.2717569087711291,0.17872585493387097,0.17872585493387097,rising,-0.02412751457020411,0.8886502911172107,-0.4579503500795269,0.9997088891475681,0.4758382130768829,0.4758382130768819,0.6623580485320474,0.7889744,0.7989702,-0.2378441,0.0007575051,25946.0,9424.0,26464.0,0.01681687
387,2026-09-18T21:10:32.578592+00:00,124.17260842349788,124.2010701884974,0.11345805300152279,856280.0,phi1,0.75,0.3238460624791718,5.464902304336024,0.17872585493387097,0.17872585493387097,rising,0.14663935770656195,-0.5864107259503938,-0.7966300014823313,0.9891900215688627,2.205351188677468,2.2053511886774673,2.846237359320466,0.8360716,-0.6628794,-0.4608497,0.0007256655,25986.0,7168.0,28464.0,0.0168117
388,2026-09-18T21:10:32.910385+00:00,124.50467785049841,124.53313961549793,0.11296634300015285,856616.0,phi1,0.75,0.2839102273562223,4.790985086636251,0.17872585493387097,0.17872585493387097,falling,0.06888200060025763,0.4327924170990898,-0.8988581610548093,0.9976248142429628,1.122064982644063,1.122064982644062,2.495246938030685,0.8207897,0.7064815,-0.5585785,0.0007127091,26026.0,7040.0,28112.0,0.01676068
389,2026-09-18T21:10:33.242118+00:00,124.83575183300127,124.86421359800079,0.11421383599736146,856935.0,phi1,0.75,0.0353576211140631,0.5966598562998148,0.17872585493387097,0.17872585493387097,falling,-0.008964802776951893,0.7842281294814041,0.6204078281592429,0.9999598153481821,-0.6692943899322081,-0.669294389932209,0.31075314419799976,0.8361516,0.7911136,0.3346313,0.0007948844,26064.0,8320.0,29328.0,0.01675612
390,2026-09-18T21:10:33.577325+00:00,125.17054845199891,125.19901021699843,0.11510058400017442,857270.0,phi1,0.75,0.07300016502210513,1.231877784748024,0.17872585493387097,0.17872585493387097,rising,0.007452415909535401,0.9814756408685869,0.19144197000320504,0.9999722303629793,-0.1926364966104463,-0.19263649661044718,0.6415881525063714,0.872626,0.7816017,0.09631554,0.0007619465,26104.0,10496.0,26128.0,0.01673532
391,2026-09-18T21:10:33.910650+00:00,125.5046969995019,125.53315876450142,0.11340772900075535,857606.0,phi1,0.75,0.3232316400651264,5.454533926099008,0.17872585493387097,0.17872585493387097,rising,0.11460046601690677,-0.26584986636395674,-0.9571784482232005,0.9934116635054714,1.8417111353302944,1.8417111353302933,2.8408372873977994,0.8257035,-0.5818969,-0.6385467,0.000720804,26144.0,6768.0,28560.0,0.01682895
392,2026-09-18T21:10:34.242558+00:00,125.83602555249672,125.86448731749624,0.11458903899983852,857942.0,phi1,0.75,0.2852576645041892,4.813723088508193,0.17872585493387097,0.17872585493387097,falling,0.10185796304540123,-0.14505080587693647,-0.984167271899799,0.9947989522331845,1.7171271576087237,1.7171271576087226,2.5070893730460138,0.8163021,-0.4792901,-0.6963064,0.0007228931,26184.0,6736.0,28480.0,0.0167586
393,2026-09-18T21:10:34.575868+00:00,126.1698707664982,126.19833253149773,0.11352355700000771,858277.0,phi1,0.75,0.03496353305903749,0.5900096203712576,0.17872585493387097,0.17872585493387097,falling,0.017310836619068324,0.9452772135821229,0.32580872366768415,0.9998501562411979,-0.33191864619288985,-0.33191864619289113,0.307289559874976,0.8311405,0.7762427,0.1659335,0.0007608444,26224.0,10032.0,26752.0,0.01671383
394,2026-09-18T21:10:34.904983+00:00,126.49896416800038,126.5274259329999,0.11358267800096655,858610.0,phi1,0.75,0.0696895011795669,1.1760103324051916,0.17872585493387097,0.17872585493387097,rising,0.018258036117745912,0.8951090537070332,0.445473260801165,0.9998333081654778,-0.461785756620785,-0.4617857566207863,0.6124911950178431,0.8554104,0.7752008,0.2308514,0.0007704791,26264.0,8784.0,28352.0,0.01671842
395,2026-09-18T21:10:35.233939+00:00,126.82790186999773,126.85636363499725,0.1136178540000401,858929.0,phi1,0.75,0.3180492294368191,5.367080746746323,0.17872585493387097,0.17872585493387097,rising,0.08186295666371762,0.21043594461523596,-0.9741740961143278,0.996643595437343,1.3580504822967987,1.3580504822967974,2.7952898114497904,0.8163842,0.5998973,-0.671517,0.0007166689,26302.0,6720.0,28352.0,0.01676995
396,2026-09-18T21:10:35.565804+00:00,127.15929578649957,127.18775755149909,0.11446823499863967,859264.0,phi1,0.75,0.2919405748184888,4.926497200061998,0.17872585493387097,0.17872585493387097,falling,0.14492433561032933,-0.6023007760777679,-0.7850036382616472,0.9894427406110495,2.2252517376677794,2.225251737667778,2.5658245290640704,0.8299654,-0.6673336,-0.451351,0.0007327134,26342.0,7504.0,28304.0,0.01676897
397,2026-09-18T21:10:35.894709+00:00,127.48846200249682,127.51692376749634,0.11402538699985598,859599.0,phi1,0.75,0.04268111892244336,0.7202438818162318,0.17872585493387097,0.17872585493387097,falling,0.018241700879001857,0.9071123944234262,-0.4204929776255957,0.9998336063310941,0.43406573059485504,0.43406573059485365,0.37511833333613875,0.8407976,0.7753447,-0.2169943,0.0007300465,26382.0,9280.0,26480.0,0.01673762
398,2026-09-18T21:10:36.224872+00:00,127.81806037500064,127.84652214000016,0.11516673200094374,859918.0,phi1,0.75,0.06044104726528056,1.0199426726016094,0.17872585493387097,0.17872585493387097,rising,-0.013225330123894433,0.7326470830696971,0.6804802291856674,0.9999125414970621,-0.7484990281092191,-0.7484990281092205,0.5312078382115878,0.839229,0.7944229,0.3742089,0.0007970152,26420.0,7808.0,29968.0,0.01680953
399,2026-09-18T21:10:36.558189+00:00,128.15217603850033,128.18063780349985,0.1135723909974331,860254.0,phi1,0.75,0.3131447309706715,5.284317335130082,0.17872585493387097,0.17872585493387097,rising,0.017433764912939045,0.8561600492030799,-0.5164165314835887,0.9998480203715765,0.5427526681676653,0.542752668167664,2.752184866290925,0.8059973,0.7752182,-0.2713305,0.0007365191,26460.0,8944.0,26848.0,0.01674983
400,2026-09-18T21:10:36.889206+00:00,128.48297979999916,128.51144156499868,0.11395464599991101,860590.0,phi1,0.75,0.2981098200302306,5.030603213010142,0.17872585493387097,0.17872585493387097,falling,0.13284468027479562,-0.5274205145182015,-0.8391542717450963,0.9911368679060866,2.131918835472754,2.1319188354727525,2.6200451549566512,0.8273732,-0.6620263,-0.4978632,0.000725081,26500.0,7408.0,28544.0,0.01686268
401,2026-09-18T21:10:37.217560+00:00,128.8119612675,128.84042303249953,0.11271891700016567,860926.0,phi1,0.75,0.04819667630729338,0.8133189126855758,0.17872585493387097,0.17872585493387097,falling,0.04179253919695363,0.5404319771042301,-0.8403491308918478,0.9991263101667732,0.9992841196410932,0.999284119641092,0.4235937891315776,0.8128054,0.7468091,-0.4989635,0.0007203408,26540.0,7248.0,27888.0,0.01678763
402,2026-09-18T21:10:37.550681+00:00,129.14399689200218,129.1724586570017,0.11489752000125009,861245.0,phi1,0.75,0.05584361608403794,0.9423610214181403,0.17872585493387097,0.17872585493387097,rising,0.0042919219059588285,0.785694858414809,0.6185993605451645,0.9999907896607615,-0.6669660515349158,-0.6669660515349172,0.4908016641028655,0.8639948,0.7826669,0.3334794,0.0007858674,26578.0,7760.0,29664.0,0.01679235
403,2026-09-18T21:10:37.665960+00:00,129.26020247700217,129.2886642420017,0.11305972400077735,861362.0,phi1,0.75,0.14138161225332466,2.3858147067748536,0.17872585493387097,0.17872585493387097,rising,0.02758694726289503,0.7159382268563317,0.6976183882801011,0.9996194077451249,-0.7724387864678355,-0.7724387864678368,1.2425830458946945,0.8399226,0.7661414,0.386034,0.0007885547,26592.0,7760.0,29968.0,0.01688528
404,2026-09-18T21:10:37.781255+00:00,129.37538098200093,129.40384274700045,0.11329406200093217,861480.0,phi1,0.75,0.2370240149315413,3.999780251969759,0.17872585493387097,0.17872585493387097,rising,-0.00578519188495857,0.8540066248330184,0.5202299648195693,0.9999832656374076,-0.5471303939371189,-0.5471303939371203,2.0831706311009217,0.8210672,0.7887852,0.2735601,0.0007856125,26606.0,9232.0,28384.0,0.01683175
405,2026-09-18T21:10:37.896829+00:00,129.49081048649896,129.51927225149848,0.11358244100119919,861598.0,phi1,0.75,0.31604498859772767,5.333259182586654,0.17872585493387097,0.17872585493387097,rising,0.0010363633100384667,0.9984932877528723,-0.05486419837698884,0.9999994629754007,0.054891789507884016,0.05489178950788265,2.7776748214461224,0.8474486,0.7848792,-0.02744588,0.0007547611,26620.0,11872.0,24064.0,0.01677272
406,2026-09-18T21:10:38.012523+00:00,129.60644535499887,129.6349071199984,0.11370573200110812,861715.0,phi1,0.75,0.3554537928866937,5.998282754962957,0.17872585493387097,0.17872585493387097,rising,0.021586090362500435,0.6712258404610475,-0.7409385344279392,0.9997669932053479,0.8347239700952402,0.8347239700952389,3.124033243082383,0.7960093,0.7693241,-0.4172334,0.0007362304,26634.0,7568.0,27776.0,0.0168929
407,2026-09-18T21:10:38.127450+00:00,129.7217220445018,129.75018380950132,0.1130080690018076,861833.0,phi1,0.75,0.3437877094266303,5.801417596574386,0.17872585493387097,0.17872585493387097,falling,0.10321508018690387,-0.03081461612142198,-0.9941816265930992,0.9946590607952109,1.601781363376176,1.6017813633761746,3.02150168124467,0.8246367,-0.1450619,-0.7314351,0.0007134197,26648.0,6704.0,28464.0,0.01682113
408,2026-09-18T21:10:38.242794+00:00,129.8367696964997,129.8652314614992,0.113567555003101,861951.0,phi1,0.75,0.28475377943556646,4.805220027975184,0.17872585493387097,0.17872585493387097,falling,0.14475829766847256,-0.500623893938593,-0.8534756892108213,0.9894670460688046,2.101282870107178,2.101282870107177,2.502660798259158,0.8378386,-0.6446589,-0.5113094,0.0007221476,26662.0,7040.0,28560.0,0.01682338
409,2026-09-18T21:10:38.358697+00:00,129.9525202625009,129.98098202750043,0.11390047700115247,862051.0,phi1,0.75,0.19472184832910247,3.285931190553604,0.17872585493387097,0.17872585493387097,falling,0.14633887363187317,-0.6465810399635983,-0.748677429086617,0.9892345192441249,2.2831508551430533,2.283150855143052,1.7113828562478508,0.8387245,-0.6741095,-0.4230324,0.0007286695,26674.0,7600.0,28304.0,0.01681043
410,2026-09-18T21:10:38.473796+00:00,130.06797318649842,130.09643495149794,0.11319629100034945,862169.0,phi1,0.75,0.10027265342470112,1.6921010265418315,0.17872585493387097,0.17872585493387097,falling,0.132676232033973,-0.46234442414499344,-0.8767181137146088,0.9911594308955888,2.056090140688377,2.056090140688376,0.8812822058441212,0.835201,-0.6456708,-0.5344981,0.0007231917,26688.0,7056.0,28576.0,0.01672782
411,2026-09-18T21:10:38.589724+00:00,130.18350903649844,130.21197080149796,0.11395852700297837,862286.0,phi1,0.75,0.02844062404120329,0.4799355306953055,0.17872585493387097,0.17872585493387097,falling,0.0881383540087055,-0.006780610036802994,-0.9960851639695096,0.9961082423876615,1.5776034809920627,1.5776034809920614,0.24996063268074117,0.8114478,-0.0383901,-0.741141,0.0007218189,26702.0,6720.0,28368.0,0.01675725
412,2026-09-18T21:10:38.705501+00:00,130.299385307997,130.32784707299652,0.11376420200031134,862404.0,phi1,0.75,5.9726667693354996e-05,0.0010078875173253656,0.17872585493387097,0.17872585493387097,falling,0.018537418023078466,0.7039772528691566,-0.7099805571815564,0.9998281673032811,0.7896438828931512,0.7896438828931499,0.0005249292569289122,0.8174283,0.772235,-0.3947353,0.0007280297,26716.0,7600.0,27664.0,0.01678373
413,2026-09-18T21:10:38.820539+00:00,130.41480906799916,130.44327083299868,0.11301957999967271,862521.0,phi1,0.75,0.02345287098459825,0.3957671978650955,0.17872585493387097,0.17872585493387097,rising,0.022282590559432772,0.9975534043347517,-0.06626229439212084,0.9997517122555784,0.0663273724569776,0.06632737245697629,0.2061239746707734,0.8576224,0.7742314,-0.03315544,0.000738657,26730.0,11568.0,24560.0,0.01678485
414,2026-09-18T21:10:38.935162+00:00,130.5295943844976,130.55805614949713,0.11267456700079492,862639.0,phi1,0.75,0.09119299498187317,1.5388817903191097,0.17872585493387097,0.17872585493387097,rising,-0.010459292462651157,0.8836827985753014,0.4679693523119905,0.9999453001045511,-0.4870205670437804,-0.4870205670437817,0.8014823686251386,0.8380907,0.7913159,0.2434958,0.0007783892,26744.0,9168.0,27888.0,0.0167806
415,2026-09-18T21:10:39.051425+00:00,130.6450586054998,130.67352037049932,0.11426259500149172,862756.0,phi1,0.75,0.18449721729020624,3.11339054177223,0.17872585493387097,0.17872585493387097,rising,0.0014910642818564402,0.7756550286617323,0.6311553321006442,0.9999988883630357,-0.6830427045455947,-0.683042704545596,1.6215200163992243,0.8450354,0.784437,0.3415209,0.0007877178,26758.0,8080.0,29584.0,0.01681475
416,2026-09-18T21:10:39.167314+00:00,130.76110312750097,130.7895648925005,0.11393587500060676,862874.0,phi1,0.75,0.2765439324972294,4.666678860890746,0.17872585493387097,0.17872585493387097,rising,-0.017483229169827228,0.8860417975828535,0.4632755871335557,0.9998471566683556,-0.4817677139557309,-0.48176771395573226,2.430505611651939,0.844477,0.7952628,0.2408439,0.0007894448,26772.0,9264.0,28224.0,0.01680232
417,2026-09-18T21:10:39.282162+00:00,130.87655665949933,130.90501842449885,0.1127468510021572,862974.0,phi1,0.75,0.3398459079550923,5.734899696742183,0.17872585493387097,0.17872585493387097,rising,0.0041366847858379996,0.9945505931403839,0.10417295965409254,0.9999914438828877,-0.10436319619975802,-0.10436319619975937,2.9868577441671964,0.8268287,0.7833185,0.05218115,0.0007611197,26784.0,12352.0,24960.0,0.01676247
418,2026-09-18T21:10:39.397642+00:00,130.99164724799994,131.02010901299946,0.11354166799719678,863092.0,phi1,0.75,0.35664985430058216,6.018466291322324,0.17872585493387097,0.17872585493387097,falling,-0.00991114181252636,0.8423818828436107,-0.5387898780831218,0.9999508834277672,0.5690314147854383,0.569031414785437,3.134545258124931,0.8107876,0.7912807,-0.2845,0.0007506165,26798.0,8272.0,26928.0,0.01678633
419,2026-09-18T21:10:39.513250+00:00,131.10712244499882,131.13558420999834,0.11372033199950238,863209.0,phi1,0.75,0.32219570423648797,5.4370525089907344,0.17872585493387097,0.17872585493387097,falling,0.07181248670343811,0.2238721939933662,-0.971969242059678,0.9974181504030636,1.3444159887911318,1.3444159887911304,2.831732593535669,0.8116734,0.6301955,-0.6667333,0.0007232935,26812.0,6720.0,28320.0,0.01672173
420,2026-09-18T21:10:39.627926+00:00,131.222336123501,131.25079788850053,0.11272908899991307,863326.0,phi1,0.75,0.2464999474366964,4.159686612994252,0.17872585493387097,0.17872585493387097,falling,0.12584231414724428,-0.3719936243414441,-0.9196654040570313,0.9920502567763723,1.9551656760014204,1.955165676001419,2.1664532651527293,0.823321,-0.622295,-0.5836138,0.0007256533,26826.0,6800.0,28608.0,0.01671455
421,2026-09-18T21:10:39.744041+00:00,131.3376950999991,131.36615686499863,0.11423764999926789,863443.0,phi1,0.75,0.15119113356024522,2.551350378829138,0.17872585493387097,0.17872585493387097,falling,0.1429591164094095,-0.624877223574733,-0.7675227335349579,0.9897285946336202,2.2541048570222633,2.254104857022262,1.3287975448670362,0.8276569,-0.6729437,-0.4374838,0.0007361108,26840.0,7472.0,28336.0,0.01672588
