condition,elapsed_s,rp_out1_v,rp_out2_v,pd_mean_v,pd_std_v,pd_min_v,pd_max_v,pd_sample_count,pax_timestamp,pax_revisions,pax_adc_min,pax_adc_max,pax_rev_time,theta,eta,s1,s2,s3,dop,pax_ptotal,u,v
path_a_only,5.369998689275235e-06,0.0,0.0,-0.004991956055164337,0.0009260149475661772,-0.0089111328125,-0.0018310546875,16384,6506953.0,118.0,24464.0,44544.0,0.01632335,0.02906301,0.03727925,0.995537652803193,0.05793189978391168,0.07448944112111507,1.016641,0.0004223307,0.9097893962267438,0.09450576605424994
path_a_only,0.2501640199989197,0.0,0.0,-0.005000777542591095,0.0009552496628710728,-0.0089111328125,-0.0018310546875,16384,6507200.0,150.0,24448.0,44528.0,0.01486675,0.02924886,0.03726418,0.9955182915636656,0.058302068351522955,0.07445938482216176,1.016497,0.0004222183,0.9065044563232529,0.09471071809819842
path_a_only,0.5004978080032743,0.0,0.0,-0.004984825849533081,0.0009647129579847761,-0.009521484375,-0.001220703125,16384,6507450.0,184.0,24448.0,44528.0,0.0146744,0.0293028,0.03728012,0.9955096259478216,0.05840932545935248,0.07449117628693845,1.016554,0.0004222097,0.9058193778736303,0.09480230649707429
path_a_only,0.7501899140042951,0.0,0.0,-0.005041725933551788,0.0009484493680175362,-0.0093994140625,-0.001708984375,16384,6507685.0,216.0,24448.0,44560.0,0.01474198,0.02925029,0.03730764,0.9955116601168246,0.05830453691294724,0.07454606325494853,1.016694,0.0004223408,0.9070485638585204,0.0947808149370528
path_a_only,1.0004687230029958,0.0,0.0,-0.005008861422538757,0.0009739076933370772,-0.00927734375,-0.001220703125,16384,6507948.0,252.0,24464.0,44560.0,0.01462247,0.02926836,0.03728409,0.9955130563423046,0.05834072001361634,0.07449909422467212,1.016713,0.0004225761,0.9064415590690142,0.09476606061500038
path_a_only,1.2503811880014837,0.0,0.0,-0.004996500909328461,0.0009645149886992549,-0.009033203125,-0.001708984375,16384,6508197.0,286.0,24464.0,44592.0,0.01468057,0.02928534,0.0372582,0.9955149241310894,0.058374753336039344,0.07444745801723393,1.016782,0.0004226999,0.9058218081068485,0.09474631956402127
path_a_only,1.5004451839995454,0.0,0.0,-0.005004920065402985,0.0009581845436306403,-0.009521484375,-0.00146484375,16384,6508442.0,318.0,24464.0,44592.0,0.01586952,0.02906979,0.03726231,0.995539386021883,0.057945545880243095,0.07445565520370505,1.016678,0.0004227308,0.909455379181372,0.09448739712657682
path_a_only,1.7501586090002093,0.0,0.0,-0.004954740405082703,0.0009478896851341851,-0.00927734375,-0.0015869140625,16384,6508681.0,348.0,24464.0,44560.0,0.01599487,0.02913181,0.03726884,0.9955312199719835,0.05806897551168071,0.07446867894704624,1.016687,0.0004226459,0.9085085911055852,0.09457391112248763
path_a_only,2.0003858749987558,0.0,0.0,-0.005007445812225342,0.000945047834336453,-0.009521484375,-0.0020751953125,16384,6508941.0,380.0,24464.0,44560.0,0.01633753,0.02907872,0.03725182,0.9955399101752459,0.057963416987028595,0.07443473342097096,1.016799,0.0004224875,0.9091696827792806,0.09448184136455859
path_a_only,2.2505541680002352,0.0,0.0,-0.004987940192222595,0.0009473036568429449,-0.0089111328125,-0.0018310546875,16384,6509189.0,410.0,24464.0,44560.0,0.01669438,0.02899189,0.03724888,0.9955503980140133,0.05779055601597712,0.07442886973146642,1.01675,0.0004225082,0.9105788178104488,0.09437060700604465
path_a_only,2.5003977970045526,0.0,0.0,-0.004999622702598572,0.0009437972610858083,-0.0089111328125,-0.0018310546875,16384,6509439.0,440.0,24464.0,44560.0,0.01667895,0.02898038,0.03728084,0.9955469765507285,0.05776736271892949,0.07449261228607003,1.01662,0.0004225894,0.9111878557758564,0.09440690951782783
path_a_only,2.750169901002664,0.0,0.0,-0.005049265921115875,0.0009703977638167682,-0.009033203125,-0.0015869140625,16384,6509689.0,470.0,24464.0,44560.0,0.01666188,0.02899704,0.03725911,0.9955482822555624,0.057800721905173304,0.07444927296649691,1.01661,0.0004226507,0.9106263861408097,0.09439305733193323
path_a_only,3.0001504700048827,0.0,0.0,-0.005057886242866516,0.0009660410485463159,-0.00927734375,-0.0020751953125,16384,6509939.0,500.0,24464.0,44576.0,0.01668478,0.02898137,0.03727852,0.9955472072239362,0.0577693539245646,0.07448798517720419,1.016669,0.0004226354,0.9111410825871484,0.09440446245963191
path_a_only,3.2501633499996387,0.0,0.0,-0.004980683326721191,0.000958198359350908,-0.0093994140625,-0.0020751953125,16384,6510190.0,530.0,24464.0,44560.0,0.01673327,0.0289686,0.03727448,0.9955492831491042,0.05774396247891607,0.07447992762173071,1.016778,0.0004226507,0.9113015876989135,0.09438243750803225
path_a_only,3.500395251001464,0.0,0.0,-0.004986993968486786,0.00094372959399933,-0.0091552734375,-0.001708984375,16384,6510441.0,560.0,24464.0,44560.0,0.01669143,0.02897371,0.03726641,0.9955498929124643,0.05775420660201656,0.07446383244067102,1.016523,0.0004226596,0.9111110260835691,0.09437596712552686
path_a_only,3.750171969004441,0.0,0.0,-0.0049872249364852905,0.0009490612859575902,-0.0091552734375,-0.0020751953125,16384,6510691.0,590.0,24464.0,44560.0,0.01664907,0.02907808,0.03725834,0.9955390152949771,0.05796208627473093,0.07444773724021353,1.016701,0.0004225373,0.909265489986459,0.09449132644867629
path_a_only,4.000638527999399,0.0,0.0,-0.0049805715680122375,0.0009710835957928426,-0.0093994140625,-0.001953125,16384,6510941.0,620.0,24448.0,44560.0,0.01672087,0.02902555,0.03727856,0.9955420928884637,0.057857319904428946,0.07448806495495684,1.016778,0.0004224724,0.9104046173725076,0.09445870219905811
path_a_only,4.250539772998309,0.0,0.0,-0.004999026656150818,0.0009475128897516774,-0.009521484375,-0.0018310546875,16384,6511193.0,650.0,24464.0,44560.0,0.01673693,0.02902901,0.03725635,0.9955449946947401,0.05786440098938312,0.07444376828445556,1.01669,0.0004225023,0.9100571165332312,0.09442793110091145
path_a_only,4.500383256003261,0.0,0.0,-0.0050188153982162476,0.0009658430822992415,-0.0093994140625,-0.0018310546875,16384,6511443.0,680.0,24464.0,44560.0,0.01662702,0.02900136,0.03726896,0.9955463184427542,0.0578092384069205,0.07446891828064883,1.016747,0.0004225307,0.9106828221188064,0.09441389059879385
path_a_only,4.7501624659998924,0.0,0.0,-0.004992738366127014,0.0009555387561996888,-0.0089111328125,-0.001953125,16384,6511693.0,710.0,24464.0,44544.0,0.0166938,0.02899554,0.03726499,0.9955475815327222,0.05779768451197229,0.07446100032502026,1.016634,0.0004224242,0.910728136413951,0.0944004915328201
path_a_only,5.0003866870029015,0.0,0.0,-0.004995077848434448,0.0009533434751273851,-0.009765625,-0.00146484375,16384,6511943.0,740.0,24464.0,44544.0,0.01658227,0.02903124,0.0372567,0.9955446845865429,0.05786883809549666,0.07444446634208639,1.016759,0.0004223206,0.9100245060931673,0.0944312200021368
path_a_only,5.250380345998565,0.0,0.0,-0.004984237253665924,0.0009598438711152461,-0.0098876953125,-0.0018310546875,16384,6512192.0,770.0,24448.0,44544.0,0.01664767,0.02905683,0.03725938,0.995541323192508,0.05791976682021027,0.07444981146787914,1.016769,0.0004222847,0.9096330066586509,0.09446686246941578
path_a_only,5.50037949399848,0.0,0.0,-0.004970952868461609,0.0009550476661891981,-0.009521484375,-0.0015869140625,16384,6512442.0,800.0,24448.0,44528.0,0.01660742,0.02903036,0.03727553,0.9955419868737464,0.057866923209374074,0.07448202178884372,1.016685,0.0004221434,0.9102849043111192,0.09445982620247124
path_a_only,5.7501753120013746,0.0,0.0,-0.004898861050605774,0.0009749960696011276,-0.0091552734375,-0.001708984375,16384,6512691.0,830.0,24448.0,44528.0,0.01656433,0.02903459,0.03727528,0.995541534462065,0.05787534765384468,0.07448152317765613,1.016552,0.0004221861,0.9102111320217849,0.09446462267222547
path_a_only,6.000383981001505,0.0,0.0,-0.0049400851130485535,0.0009498732321260077,-0.0093994140625,-0.0015869140625,16384,6512939.0,860.0,24464.0,44544.0,0.01661013,0.02907267,0.03727193,0.9955376219488736,0.05795119692758797,0.07447484178594596,1.016868,0.0004221401,0.9095329954684725,0.09450609302099093
path_a_only,6.250171812003828,0.0,0.0,-0.0049448162317276,0.000944149599338705,-0.0091552734375,-0.001953125,16384,6513188.0,890.0,24448.0,44528.0,0.01646018,0.02906575,0.03726591,0.9955393189884002,0.05793747077298312,0.07446283521691884,1.016628,0.0004221514,0.909569663166133,0.09448810762428862
path_a_only,6.500340710997989,0.0,0.0,-0.005015619099140167,0.0009550581722404045,-0.0093994140625,-0.001708984375,16384,6513452.0,922.0,24448.0,44528.0,0.01652883,0.02908903,0.03727324,0.9955355304554214,0.05798375954181404,0.07447745450966949,1.016724,0.0004220864,0.9092777238624539,0.09452825418683142
path_a_only,6.750172605999978,0.0,0.0,-0.004983961582183838,0.0009662404653089569,-0.00927734375,-0.0010986328125,16384,6513685.0,950.0,24432.0,44512.0,0.01668665,0.02906688,0.03725581,0.9955406894523892,0.05793980807248415,0.07444269128118215,1.016678,0.0004220156,0.9094189760213851,0.0944735808166251
path_a_only,7.000383243001124,0.0,0.0,-0.0050202831625938416,0.000968017590511148,-0.009033203125,-0.00146484375,16384,6513952.0,982.0,24448.0,44496.0,0.01666772,0.02899493,0.03727456,0.995546229074905,0.0577963873334119,0.07448008717733183,1.016498,0.0004219375,0.9108631484085166,0.0944148385558091
path_a_only,7.250382796002668,0.0,0.0,-0.005050480365753174,0.0009624667005430094,-0.00927734375,-0.001708984375,16384,6514201.0,1012.0,24432.0,44496.0,0.01665375,0.02904638,0.03726451,0.9955417708792931,0.05789891564136536,0.07446004299001659,1.016764,0.0004218915,0.9098740954473516,0.09446211620648463
path_a_only,7.500377198004571,0.0,0.0,-0.005000270903110504,0.0009411802183193731,-0.009521484375,-0.001953125,16384,6514451.0,1042.0,24432.0,44496.0,0.01669322,0.02901524,0.03724494,0.995548283590788,0.05783708217048246,0.07442101158571439,1.016663,0.0004219411,0.910137787407935,0.09439304316552503
path_a_only,7.75025448800443,0.0,0.0,-0.004986092448234558,0.0009351056481693502,-0.0089111328125,-0.001953125,16384,6514684.0,1070.0,24432.0,44512.0,0.01662772,0.02902838,0.03726415,0.9955439081157923,0.05786307921083412,0.0744593249887188,1.016571,0.0004220082,0.9101694267359175,0.09443945448378113
path_a_only,8.000139998999657,0.0,0.0,-0.0049222782254219055,0.0009540912016591168,-0.009033203125,-0.001708984375,16384,6514934.0,1100.0,24448.0,44528.0,0.01664352,0.02906487,0.03724688,0.9955422495043804,0.05793588323187612,0.07442488082557086,1.016606,0.0004220975,0.909335830745877,0.0944570416804435
path_a_only,8.250553461999516,0.0,0.0,-0.0050341784954071045,0.0009584376389092628,-0.0096435546875,-0.001953125,16384,6515201.0,1132.0,24464.0,44528.0,0.01664665,0.02903102,0.03721355,0.9955511200727247,0.057868772653693945,0.07435840553359227,1.016638,0.0004221908,0.9094644926719608,0.09436294401779496
path_a_only,8.500376354000764,0.0,0.0,-0.004999235272407532,0.0009585546226028469,-0.0096435546875,-0.001220703125,16384,6515451.0,1162.0,24448.0,44544.0,0.0165887,0.02906496,0.03724649,0.9955422970289567,0.05793606580208597,0.07442410298878248,1.016764,0.0004222176,0.9093292373125816,0.09445653779586563
path_a_only,8.750174826003786,0.0,0.0,-0.004977308213710785,0.0009635891394193794,-0.0091552734375,-0.001953125,16384,6515684.0,1190.0,24448.0,44544.0,0.0166658,0.02899414,0.03725785,0.9955488047766633,0.05779495859719128,0.07444675995975945,1.016682,0.0004221993,0.9106583367623138,0.09438751335239269
path_a_only,9.000400058997911,0.0,0.0,-0.004989653825759888,0.0009558524050061063,-0.0091552734375,-0.00146484375,16384,6515935.0,1220.0,24464.0,44528.0,0.0167234,0.02905319,0.03727929,0.9955387844445992,0.057912347067168544,0.07448952089885902,1.016586,0.0004222439,0.909953496542248,0.09449377314182175
path_a_only,9.250163431999681,0.0,0.0,-0.005021117627620697,0.0009433141655905672,-0.010009765625,-0.001953125,16384,6516201.0,1252.0,24464.0,44544.0,0.01658325,0.02904993,0.03725785,0.9955423498178573,0.057906041572821365,0.07444675995975945,1.016631,0.0004222801,0.9097279995244172,0.09445597809256509
path_a_only,9.500384881997888,0.0,0.0,-0.004961676895618439,0.0009472749030831425,-0.0089111328125,-0.0018310546875,16384,6516449.0,1282.0,24448.0,44544.0,0.01649738,0.02908189,0.03727384,0.9955362691394742,0.057969538093148046,0.0744786511768531,1.016793,0.00042223,0.9094044111187491,0.0945204277878516
path_a_only,9.750194332998944,0.0,0.0,-0.004987642168998718,0.0009640242578010474,-0.0093994140625,-0.0018310546875,16384,6516681.0,1310.0,24448.0,44528.0,0.01668632,0.02898229,0.03726068,0.9955497535606578,0.05777133966258097,0.0744524042520082,1.016673,0.0004222737,0.9108930418984844,0.09437744586846976
path_a_only,10.000419043004513,0.0,0.0,-0.004989683628082275,0.0009464707089807545,-0.0089111328125,-0.001953125,16384,6516948.0,1342.0,24464.0,44544.0,0.01667815,0.02906106,0.03726229,0.9955404005725644,0.05792816392673495,0.07445561531473197,1.016654,0.0004224007,0.9096005282589132,0.09447664310468912
path_a_only,10.250386962004995,0.0,0.0,-0.004973798990249634,0.0009554501438530052,-0.00927734375,-0.0013427734375,16384,6517200.0,1372.0,24448.0,44544.0,0.01671843,0.02903447,0.03729336,0.9955388589889335,0.057874952379634706,0.07451758269071425,1.016662,0.0004224232,0.9104489370739355,0.0944929830823921
path_a_only,10.500380244004191,0.0,0.0,-0.00499369204044342,0.0009435557029118777,-0.00927734375,-0.00146484375,16384,6517449.0,1402.0,24464.0,44560.0,0.01659405,0.02914072,0.03725182,0.9955327150578472,0.05808686348995122,0.07443473342097096,1.016719,0.0004224229,0.9081381067523866,0.09455807756034061
path_a_only,10.750629745998594,0.0,0.0,-0.004959240555763245,0.0009455773329677418,-0.009765625,-0.001953125,16384,6517682.0,1430.0,24448.0,44560.0,0.01663338,0.02903814,0.03727708,0.99554085583413,0.05788240043346253,0.07448511317779118,1.016692,0.0004223718,0.9101754454693936,0.094471817031997
path_a_only,11.000404334998166,0.0,0.0,-0.004981815814971924,0.0009610108300468772,-0.0093994140625,-0.0018310546875,16384,6517949.0,1462.0,24448.0,44544.0,0.01665073,0.02910974,0.03725452,0.9955359109278954,0.058025156782660306,0.07444011843967753,1.016662,0.0004222368,0.908688626792987,0.0945242231403115
path_a_only,11.250612634998106,0.0,0.0,-0.004997469484806061,0.0009502428182231645,-0.0089111328125,-0.001953125,16384,6518198.0,1492.0,24448.0,44528.0,0.01673355,0.02900053,0.03726452,0.9955470745374525,0.05780762413134404,0.07446006293449653,1.016676,0.0004221755,0.9106387445476178,0.09440587004975816
path_a_only,11.500371735004592,0.0,0.0,-0.004991285502910614,0.0009516187042001036,-0.0091552734375,-0.0018310546875,16384,6518450.0,1522.0,24448.0,44528.0,0.0167404,0.0290939,0.03730021,0.9955309536832532,0.057993222343994504,0.07453124459360935,1.016912,0.0004220837,0.9095485679645368,0.09457673095023492
path_a_only,11.750176601999556,0.0,0.0,-0.005039699375629425,0.0009566233717221359,-0.0091552734375,-0.0018310546875,16384,6518683.0,1550.0,24432.0,44528.0,0.01663177,0.02909187,0.03725926,0.9955372795682881,0.05798953525289081,0.07444957213393417,1.016727,0.0004221194,0.9090479243686094,0.09450972119141102
path_a_only,12.000391401998058,0.0,0.0,-0.005037032067775726,0.0009756487117105744,-0.009765625,-0.00146484375,16384,6518950.0,1582.0,24448.0,44528.0,0.01678587,0.0290103,0.03724567,0.9955487464996675,0.057827239849883166,0.07442246753692588,1.016689,0.0004220417,0.9102297236064834,0.09438813169082194
path_a_only,12.250472036001156,0.0,0.0,-0.0050378888845443726,0.0009614750311917496,-0.0087890625,-0.001708984375,16384,6519202.0,1612.0,24448.0,44528.0,0.01671758,0.02909521,0.03726469,0.9955360849634136,0.0579961384154965,0.07446040199065102,1.016733,0.000422058,0.9090632404239285,0.09452237920400762
path_a_only,12.500371679998352,0.0,0.0,-0.004985034465789795,0.0009611167611657532,-0.0093994140625,-0.0015869140625,16384,6519453.0,1642.0,24448.0,44528.0,0.01670252,0.02911493,0.03726363,0.9955339544076982,0.058035411500182134,0.07445828787566496,1.016756,0.0004222358,0.9087212772455651,0.09454495034157875
path_a_only,12.750160565999977,0.0,0.0,-0.005025029182434082,0.0009515021068265331,-0.00927734375,-0.001708984375,16384,6519686.0,1670.0,24464.0,44544.0,0.01662283,0.0290551,0.03726089,0.9955412991254815,0.05791630918856702,0.0744528230863203,1.01663,0.000422337,0.9096815430306595,0.09446711761525695
path_a_only,13.000147446000483,0.0,0.0,-0.00499967485666275,0.0009462857988409809,-0.009521484375,-0.001953125,16384,6519936.0,1700.0,24448.0,44544.0,0.01677277,0.02904038,0.03731115,0.9955355273424333,0.057886565703242084,0.07455306372046197,1.016713,0.0004222958,0.9105823422625372,0.09452828716774665
path_a_only,13.2504295309991,0.0,0.0,-0.005026571452617645,0.0009539745777984386,-0.0093994140625,-0.0018310546875,16384,6520204.0,1732.0,24448.0,44544.0,0.01676818,0.02908794,0.03728768,0.9955335091723773,0.057981464189593705,0.07450625427011538,1.016785,0.0004222578,0.9094843074482295,0.09454966649227368
path_a_only,13.500377707001462,0.0,0.0,-0.005025103688240051,0.0009711254032816304,-0.00927734375,-0.002197265625,16384,6520439.0,1760.0,24448.0,44544.0,0.0167735,0.02913144,0.03727756,0.9955299662612882,0.05806816318456462,0.0744860705109975,1.016785,0.0004222697,0.9086286071010816,0.09458718638720556
path_a_only,13.750170486004208,0.0,0.0,-0.005026929080486298,0.0009595047089664523,-0.00927734375,-0.0008544921875,16384,6520690.0,1790.0,24464.0,44544.0,0.01674772,0.02907787,0.03725258,0.9955398957609438,0.05796171799295222,0.07443624920423379,1.016607,0.0004223164,0.9091937633282532,0.0944819941532675
path_a_only,14.000396401999751,0.0,0.0,-0.004966616630554199,0.0009506827087678454,-0.009033203125,-0.0020751953125,16384,6520941.0,1820.0,24448.0,44544.0,0.0167639,0.02902901,0.03728477,0.9955407688321879,0.0578641553681339,0.07450045044527377,1.016709,0.0004222225,0.9104279313844996,0.09447273932893116
path_a_only,14.250380974001018,0.0,0.0,-0.0049751996994018555,0.000953011871277051,-0.0087890625,-0.0015869140625,16384,6521193.0,1850.0,24448.0,44528.0,0.01679008,0.02904534,0.03728737,0.9955384916955784,0.05789664720618363,0.07450563599336232,1.016673,0.0004220986,0.9101896844089747,0.09449687578371294
path_a_only,14.500357411998266,0.0,0.0,-0.0050141289830207825,0.0009622233590439509,-0.0096435546875,-0.0015869140625,16384,6521445.0,1880.0,24448.0,44528.0,0.01678135,0.02903808,0.03727817,0.9955407006738582,0.05788227154345773,0.07448728712184813,1.016713,0.000422099,0.9101906651796394,0.09447346186076495
path_a_only,14.750174762004463,0.0,0.0,-0.0050423890352249146,0.0009564090136577353,-0.0093994140625,-0.0018310546875,16384,6521680.0,1908.0,24432.0,44528.0,0.01675828,0.02909822,0.037251,0.9955377707098384,0.05800225009955883,0.07443309797041556,1.01657,0.0004221304,0.9088343436498887,0.09450451657368993
path_a_only,15.000426042999607,0.0,0.0,-0.005014494061470032,0.0009561879559802574,-0.0093994140625,-0.001708984375,16384,6521946.0,1940.0,24448.0,44528.0,0.0166864,0.02907684,0.03725712,0.9955393403803309,0.057959627895429175,0.07444530401119524,1.016504,0.0004221535,0.9092702065610405,0.09448788088865781
path_a_only,15.250467662001029,0.0,0.0,-0.005022004246711731,0.000960794422416994,-0.009765625,-0.00146484375,16384,6522198.0,1970.0,24432.0,44528.0,0.0167849,0.02904388,0.03726179,0.9955424647261435,0.05789396144688192,0.07445461809036624,1.016543,0.0004221337,0.9098802548891634,0.09445475974647566
path_a_only,15.500397437004722,0.0,0.0,-0.0049887001514434814,0.0009543902863976727,-0.0091552734375,-0.001953125,16384,6522449.0,2000.0,24448.0,44528.0,0.01669058,0.02906451,0.03728946,0.995535960290187,0.05793479801575288,0.07450980437478828,1.016656,0.000422102,0.9098976090950632,0.09452370014197026
path_a_only,15.750322943000356,0.0,0.0,-0.0050058066844940186,0.0009587026886423203,-0.0091552734375,-0.0013427734375,16384,6522682.0,2028.0,24448.0,44512.0,0.0166086,0.02903742,0.03725789,0.9955437923697088,0.05788113273942242,0.07444683973775838,1.016662,0.0004220648,0.90993701717061,0.09444068191108136
path_a_only,16.00038675199903,0.0,0.0,-0.004988767206668854,0.0009404918540153098,-0.0096435546875,-0.0015869140625,16384,6522948.0,2060.0,24448.0,44512.0,0.01659987,0.02913184,0.03725043,0.9955339530971241,0.058069194869146794,0.07443196113271643,1.016571,0.0004220622,0.9082675891113254,0.09454496422416712
path_a_only,16.25015240900393,0.0,0.0,-0.005020953714847565,0.0009656587155245408,-0.00927734375,-0.001708984375,16384,6523198.0,2090.0,24448.0,44512.0,0.01666995,0.02903085,0.03728492,0.9955405335728374,0.05786781766081093,0.07450074961156442,1.016819,0.0004220471,0.9103992161520447,0.09447523323953808
path_a_only,16.50037590300053,0.0,0.0,-0.004983305931091309,0.0009556359664803393,-0.00927734375,-0.0018310546875,16384,6523447.0,2120.0,24432.0,44544.0,0.01659155,0.02906589,0.03727268,0.9955382961508963,0.05793769094166598,0.07447633762020138,1.01668,0.000422055,0.9096556954281008,0.09449894816830282
path_a_only,16.75016640800459,0.0,0.0,-0.00504031777381897,0.0009592842151618146,-0.00927734375,-0.0018310546875,16384,6523696.0,2150.0,24448.0,44512.0,0.01662432,0.02905209,0.03726773,0.9955406308746674,0.05791025687681523,0.07446646511101898,1.016694,0.0004220217,0.9098209767628456,0.09447420178130905
path_a_only,17.000388949003536,0.0,0.0,-0.005030430853366852,0.0009532962746587029,-0.00927734375,-0.001953125,16384,6523945.0,2180.0,24448.0,44528.0,0.01660932,0.02904084,0.03727927,0.9955402175504433,0.05788775741449111,0.0744894810099871,1.0167,0.000422022,0.9101590173232523,0.09447858319054994
path_a_only,17.25049384200247,0.0,0.0,-0.005032166838645935,0.0009670565596787775,-0.009033203125,-0.0020751953125,16384,6524195.0,2210.0,24448.0,44512.0,0.01669995,0.02907082,0.03724691,0.9955415555389315,0.057947729921057865,0.07442494065916809,1.016578,0.0004220213,0.9092371133109856,0.09446439922062813
path_a_only,17.500398151998525,0.0,0.0,-0.005038201808929443,0.0009522538913302217,-0.009033203125,-0.001953125,16384,6524445.0,2240.0,24448.0,44512.0,0.01669337,0.0289884,0.03724228,0.9955517820914753,0.05778366399580208,0.07441570633749206,1.016753,0.0004220575,0.9105509113189028,0.09435591767004181
path_a_only,17.750544396003534,0.0,0.0,-0.005030587315559387,0.0009508891104372505,-0.0091552734375,-0.0020751953125,16384,6524679.0,2268.0,24448.0,44528.0,0.01669397,0.02911446,0.03726792,0.9955333711545338,0.05803443851745282,0.0744668440559506,1.016595,0.0004221653,0.9087851194478596,0.09455112839728283
path_a_only,18.000157266003953,0.0,0.0,-0.005023635923862457,0.0009576724761216842,-0.0096435546875,-0.001953125,16384,6524929.0,2298.0,24448.0,44528.0,0.0166366,0.02907778,0.03727215,0.9955369969220209,0.057961369414430565,0.07447528056401158,1.016804,0.0004222096,0.9094507800430245,0.09451271625901825
path_a_only,18.25039512100193,0.0,0.0,-0.005020342767238617,0.0009446490499052947,-0.0096435546875,-0.0018310546875,16384,6525195.0,2330.0,24448.0,44528.0,0.016636,0.02905149,0.03725082,0.9955432140028599,0.057909208442368444,0.07443273896904733,1.016705,0.0004222079,0.9096102126805663,0.09444681495383205
path_a_only,18.50039557400305,0.0,0.0,-0.0049891844391822815,0.0009551628119648634,-0.0091552734375,-0.00146484375,16384,6525444.0,2360.0,24448.0,44528.0,0.01664887,0.02913345,0.03725454,0.9955331552831002,0.05807236485690181,0.0744401583286969,1.016632,0.0004221178,0.9082945225473793,0.09455341489361695
path_a_only,18.750570438001887,0.0,0.0,-0.005034796893596649,0.0009637741763486231,-0.0091552734375,-0.001953125,16384,6525693.0,2390.0,24432.0,44512.0,0.0166498,0.02905584,0.03729179,0.9955366180895231,0.0579175152469311,0.07451445142048921,1.016634,0.0004220217,0.9100724013410311,0.09451673041779905
path_a_only,19.00038589200267,0.0,0.0,-0.004997730255126953,0.0009421470881476273,-0.0093994140625,-0.0018310546875,16384,6525943.0,2420.0,24432.0,44496.0,0.01667278,0.02902413,0.03726348,0.9955444995225485,0.05785462287401477,0.07445798870842292,1.016685,0.0004219802,0.910231544156086,0.09443318267300202
path_a_only,19.250376732001314,0.0,0.0,-0.005066275596618652,0.0009494812622489609,-0.0091552734375,-0.001220703125,16384,6526193.0,2450.0,24448.0,44528.0,0.0166574,0.02907995,0.03727805,0.99553586796858,0.05796563895782209,0.0744870477885748,1.016698,0.0004220294,0.9094916535536424,0.09452467829614061
path_a_only,19.500401967998187,0.0,0.0,-0.004978835582733154,0.0009537944848376776,-0.009521484375,-0.00146484375,16384,6526444.0,2480.0,24448.0,44528.0,0.01670368,0.02906145,0.03727774,0.9955380581195693,0.057928806773745956,0.07448642951093215,1.016642,0.0004221265,0.9097956772154019,0.0945014707656531
path_a_only,19.750167326004885,0.0,0.0,-0.004980817437171936,0.0009458301411506884,-0.00927734375,-0.0015869140625,16384,6526694.0,2510.0,24448.0,44512.0,0.0166688,0.0290575,0.03729175,0.9955364317489752,0.0579208207744214,0.07451437164289426,1.016663,0.0004221478,0.9100442291942299,0.09451870484429531
path_a_only,20.000394446004066,0.0,0.0,-0.005030602216720581,0.0009594630444426426,-0.0101318359375,-0.0015869140625,16384,6526944.0,2540.0,24448.0,44528.0,0.01662802,0.02912509,0.0372674,0.9955322144310137,0.058055608052439776,0.07446580694348065,1.016516,0.0004221768,0.9086015281811406,0.09456337969472887
path_a_only,20.250384660997952,0.0,0.0,-0.005005769431591034,0.0009327696044068671,-0.00927734375,-0.0015869140625,16384,6527194.0,2570.0,24448.0,44528.0,0.01663718,0.02909597,0.03725967,0.9955367430749806,0.0579976951060794,0.07445038985822848,1.016538,0.0004221911,0.9089850370553121,0.09451540607430513
path_a_only,20.500387571999454,0.0,0.0,-0.005014680325984955,0.0009710013178007207,-0.0091552734375,-0.001953125,16384,6527444.0,2600.0,24448.0,44528.0,0.0167176,0.0290676,0.03727929,0.9955371149973136,0.05794103847088149,0.07448952089885902,1.016727,0.0004221543,0.9097134737198802,0.09451146508299976
path_a_only,20.750150421998114,0.0,0.0,-0.005025975406169891,0.0009630561128085042,-0.00927734375,-0.0018310546875,16384,6527694.0,2630.0,24448.0,44528.0,0.01667343,0.02912489,0.03724479,0.9955355982679641,0.05805540581632365,0.0744207124176376,1.016879,0.0004221387,0.9083094657721738,0.09452753573606948
path_a_only,21.00039096600085,0.0,0.0,-0.005019053816795349,0.0009636015143010535,-0.00927734375,-0.001220703125,16384,6527944.0,2660.0,24448.0,44544.0,0.01664952,0.02903841,0.03724918,0.9955449722895181,0.057883179182636496,0.07442946806724805,1.016548,0.00042217,0.9098067963450518,0.09442816872684383
path_a_only,21.250385496998206,0.0,0.0,-0.005012065172195435,0.0009445157306555276,-0.009521484375,-0.0018310546875,16384,6528194.0,2690.0,24448.0,44528.0,0.01662247,0.02902167,0.0372657,0.9955444541086943,0.05784970561583029,0.07446241638292071,1.016896,0.0004221081,0.9103015336924125,0.09443366429720332
path_a_only,21.500172612002643,0.0,0.0,-0.0050322189927101135,0.000956585908202001,-0.00927734375,-0.0015869140625,16384,6528443.0,2720.0,24432.0,44528.0,0.01668565,0.02908667,0.03724973,0.9955392990332461,0.0579792641534486,0.07443056501611145,1.016648,0.000422147,0.9090100140605415,0.0944883191308636
path_a_only,21.750156872003572,0.0,0.0,-0.00495070219039917,0.0009662995724156512,-0.0091552734375,-0.0015869140625,16384,6528693.0,2750.0,24448.0,44528.0,0.01665198,0.02904571,0.03725305,0.9955435519468508,0.05789768068460459,0.0744371865964287,1.01656,0.0004221159,0.9097356545368411,0.0944432314202046
path_a_only,22.00039674100117,0.0,0.0,-0.005021862685680389,0.0009556654139151312,-0.0093994140625,-0.0015869140625,16384,6528943.0,2780.0,24448.0,44528.0,0.01662498,0.02905502,0.03728132,0.9955382705535525,0.057915973174071836,0.07449356961873858,1.01673,0.0004220437,0.909949493853941,0.09449921944586663
path_a_only,22.250392791000195,0.0,0.0,-0.004999443888664246,0.0009341645070692299,-0.0093994140625,-0.001953125,16384,6529192.0,2810.0,24448.0,44512.0,0.01663903,0.02909396,0.0372716,0.9955352025544159,0.05799358972549084,0.07447418361882048,1.016667,0.000422019,0.9091742609544031,0.09453172810934703
path_a_only,22.50055966200307,0.0,0.0,-0.004982702434062958,0.0009563275974775881,-0.00927734375,-0.001220703125,16384,6529442.0,2840.0,24448.0,44512.0,0.0166449,0.02906559,0.03726424,0.9955395858085573,0.05793716664949938,0.07445950448904685,1.016651,0.0004220169,0.9095505277600644,0.09448527952672803
path_a_only,22.750139714000397,0.0,0.0,-0.005012720823287964,0.0009596089020306501,-0.0093994140625,-0.0009765625,16384,6529692.0,2870.0,24448.0,44512.0,0.0166272,0.02905377,0.03725275,0.9955426630936433,0.05791373143288524,0.07443658826099273,1.016519,0.0004220581,0.9095974236284157,0.094452656464698
path_a_only,23.000536660998478,0.0,0.0,-0.005026482045650482,0.0009398604566951732,-0.00927734375,-0.0018310546875,16384,6529942.0,2900.0,24448.0,44528.0,0.01661308,0.02904999,0.0372877,0.995537904122743,0.057905902856254854,0.07450629415893718,1.0167,0.0004220597,0.9101165133932376,0.09450310275030277
path_a_only,23.25039392400504,0.0,0.0,-0.005030475556850433,0.000945093091611909,-0.00927734375,-0.001708984375,16384,6530191.0,2930.0,24448.0,44512.0,0.01662077,0.0290831,0.03725988,0.9955382043894875,0.057972068153314245,0.07445080869260373,1.016707,0.0004220587,0.9092020160631646,0.09449992064105539
path_a_only,23.500471498999104,0.0,0.0,-0.005008593201637268,0.0009457405349736413,-0.01025390625,-0.001953125,16384,6530440.0,2960.0,24432.0,44512.0,0.0166254,0.02909073,0.0372505,0.9955387137785,0.05798734126540077,0.07443210074436889,1.016739,0.0004220113,0.9089524833231728,0.09449452209162727
path_a_only,23.750184055999853,0.0,0.0,-0.005023010075092316,0.0009450771507150921,-0.009033203125,-0.001953125,16384,6530689.0,2990.0,24432.0,44528.0,0.01654253,0.0291372,0.03726453,0.9955312347239677,0.058079744719035056,0.07446008287897644,1.016649,0.0004219266,0.9083626844593145,0.0945737549059359
path_a_only,24.00044154200441,0.0,0.0,-0.004978351294994354,0.0009569346155633576,-0.0093994140625,-0.00146484375,16384,6530937.0,3020.0,24448.0,44528.0,0.01655465,0.02908365,0.03723623,0.9955416550734636,0.05797336790246243,0.07440363988162506,1.016639,0.0004219816,0.9088839079541717,0.09446334397362113
path_a_only,24.250375798997993,0.0,0.0,-0.004955701529979706,0.000955767005788645,-0.0093994140625,-0.001708984375,16384,6531202.0,3052.0,24448.0,44512.0,0.0165866,0.02911426,0.03721564,0.9955411619832971,0.05803449311270306,0.07436257396095412,1.016672,0.0004219913,0.9081051699631626,0.09446857151078837
path_a_only,24.500417192000896,0.0,0.0,-0.004961341619491577,0.000947854166901034,-0.0089111328125,-0.001953125,16384,6531450.0,3082.0,24432.0,44512.0,0.01655305,0.02915198,0.03725222,0.9955313472423171,0.058109279402039374,0.07443553120165705,1.016616,0.0004220155,0.9079561656972412,0.09457256338125375
path_a_only,24.750136426999234,0.0,0.0,-0.004958115518093109,0.0009546256900635401,-0.0091552734375,-0.001953125,16384,6531682.0,3110.0,24448.0,44528.0,0.01658913,0.02905261,0.03724526,0.9955439105174002,0.05791148652161348,0.07442164981092253,1.016611,0.0004220345,0.9095189356511151,0.09443942901580399
path_a_only,25.000406084000133,0.0,0.0,-0.004955701529979706,0.0009364749174507718,-0.00927734375,-0.001708984375,16384,6531947.0,3142.0,24448.0,44512.0,0.01662592,0.02907521,0.03725487,0.9955398637509724,0.057956401905923376,0.07444081649749909,1.016668,0.0004220485,0.9092679669164054,0.0944823334516552
path_a_only,25.250390004999645,0.0,0.0,-0.004974186420440674,0.0009588435102803674,-0.0089111328125,-0.001708984375,16384,6532197.0,3172.0,24448.0,44512.0,0.01667615,0.02911038,0.03724297,0.9955375530424536,0.058026531111029886,0.07441708251110543,1.016666,0.0004220013,0.9085270650188564,0.09450682322611106
path_a_only,25.50038320299791,0.0,0.0,-0.004952877759933472,0.000970298049161236,-0.0089111328125,-0.001953125,16384,6532447.0,3202.0,24432.0,44512.0,0.01669005,0.02906623,0.03725345,0.9955411155381729,0.0579385342833645,0.07443798437696829,1.016822,0.0004219618,0.9093989842692851,0.09446906388784428
path_a_only,25.75016825200146,0.0,0.0,-0.004973247647285461,0.0009728691673811102,-0.009521484375,-0.0018310546875,16384,6532681.0,3230.0,24432.0,44496.0,0.01666312,0.02902974,0.03727653,0.9955419099129322,0.05786568009323343,0.07448401623340789,1.016674,0.0004219666,0.9103082852486146,0.09446064215835094
path_a_only,26.000402978999773,0.0,0.0,-0.004949033260345459,0.0009581187794987161,-0.009033203125,-0.0020751953125,16384,6532947.0,3262.0,24432.0,44512.0,0.01658977,0.02909137,0.03724473,0.9955394969805854,0.05798866549871135,0.074420592750405,1.016691,0.000421929,0.9088664472708752,0.09448622104731552
path_a_only,26.250472111001727,0.0,0.0,-0.004964597523212433,0.0009557779940371295,-0.0093994140625,-0.0015869140625,16384,6533196.0,3292.0,24432.0,44496.0,0.01669963,0.02910928,0.0372747,0.9955329641867351,0.058024066029103316,0.07448036639962921,1.016664,0.000421917,0.9089598130090755,0.09455543892802107
path_a_only,26.500275484002486,0.0,0.0,-0.005000889301300049,0.0009570483911443676,-0.009765625,-0.001953125,16384,6533446.0,3322.0,24432.0,44512.0,0.01664662,0.02907548,0.03726703,0.9955380248194043,0.057956834263088154,0.0744650689980203,1.016679,0.0004218887,0.9094222435081951,0.09450182366724257
path_a_only,26.75018121999892,0.0,0.0,-0.0049888938665390015,0.0009583733727258899,-0.009521484375,-0.0018310546875,16384,6533696.0,3352.0,24432.0,44496.0,0.01666812,0.02910236,0.03728563,0.9955321415229126,0.05801019312148049,0.07450216566524911,1.016702,0.0004218584,0.9092175985111242,0.09456415183906004
path_a_only,27.000398051000957,0.0,0.0,-0.00500759482383728,0.0009509983251385427,-0.009033203125,-0.001708984375,16384,6533945.0,3382.0,24432.0,44496.0,0.01660955,0.02906986,0.03729044,0.9955351945364833,0.05794544176120343,0.07451175892639612,1.016806,0.0004218683,0.9098213004861879,0.09453181305313543
path_a_only,27.250382486003218,0.0,0.0,-0.004978477954864502,0.0009498957174901438,-0.009521484375,-0.001953125,16384,6534195.0,3412.0,24432.0,44496.0,0.01662272,0.02910108,0.03726375,0.9955355437669059,0.05800783414789704,0.07445852720945376,1.016713,0.0004219019,0.9089532774276012,0.0945281131566217
path_a_only,27.500174102999154,0.0,0.0,-0.005008183419704437,0.0009574553029290805,-0.00927734375,-0.001708984375,16384,6534444.0,3442.0,24432.0,44496.0,0.01656923,0.02916385,0.03728736,0.9955247425560448,0.058132608197868724,0.07450561604895045,1.016707,0.0004219165,0.9082179443179106,0.09464247906151298
path_a_only,27.750160512005095,0.0,0.0,-0.004980213940143585,0.000945210034910414,-0.009033203125,-0.001708984375,16384,6534692.0,3472.0,24432.0,44512.0,0.01661045,0.02902535,0.03729352,0.9955398906569479,0.05785679235773939,0.07451790180101439,1.016694,0.0004219568,0.9106030383003416,0.09448204825454003
path_a_only,28.000422377001087,0.0,0.0,-0.004972688853740692,0.0009550539575929655,-0.009033203125,-0.001220703125,16384,6534942.0,3502.0,24432.0,44512.0,0.01662487,0.02907524,0.03725438,0.9955399331018007,0.05795646587809068,0.07443983921653868,1.016644,0.0004219684,0.909261068075347,0.09448159834717536
path_a_only,28.250131514003442,0.0,0.0,-0.0050126537680625916,0.0009625926737794676,-0.009521484375,-0.001708984375,16384,6535191.0,3532.0,24432.0,44496.0,0.01663975,0.02911174,0.03732039,0.9955258800567571,0.05802856776222887,0.07457149227877642,1.016502,0.0004219544,0.9095149201617021,0.0946304414133823
path_a_only,28.500384450002457,0.0,0.0,-0.004995495080947876,0.000948743039714399,-0.009033203125,-0.00146484375,16384,6535441.0,3562.0,24432.0,44512.0,0.01661382,0.02905748,0.03729623,0.9955357675041997,0.057920742172094246,0.07452330673056405,1.016743,0.0004218983,0.9101029844703259,0.09452574271212329
path_a_only,28.75015736700152,0.0,0.0,-0.004976168274879456,0.0009597297233088907,-0.0091552734375,-0.001708984375,16384,6535690.0,3592.0,24432.0,44496.0,0.01662707,0.02909135,0.03728681,0.9955332431356446,0.05798826126529157,0.07450451910625193,1.016598,0.0004219045,0.909416203356681,0.0945524843717722
path_a_only,29.000398379997932,0.0,0.0,-0.004983164370059967,0.0009517910341497925,-0.008544921875,-0.0018310546875,16384,6535939.0,3622.0,24432.0,44496.0,0.01662888,0.02908253,0.037278,0.9955355762887328,0.05797077635513892,0.0744869480663763,1.016614,0.0004218958,0.9094480497451292,0.09452776859912435
path_a_only,29.250385653002013,0.0,0.0,-0.004987485706806183,0.0009381926970757135,-0.009033203125,-0.001708984375,16384,6536188.0,3652.0,24432.0,44496.0,0.01661527,0.02912762,0.03729602,0.9955276638338053,0.05806039718154611,0.07452288789846317,1.01668,0.0004218637,0.9089330525212356,0.09461156144448853
path_a_only,29.50038096500066,0.0,0.0,-0.005006179213523865,0.0009567621557850291,-0.00927734375,-0.001953125,16384,6536438.0,3682.0,24432.0,44496.0,0.01665028,0.02908171,0.03725523,0.9955390567266126,0.05796934080358944,0.07444153449979177,1.016723,0.0004218564,0.9091644335690194,0.09449088732424107
path_a_only,29.750130535998323,0.0,0.0,-0.005026206374168396,0.0009528251960734629,-0.00927734375,-0.001708984375,16384,6536687.0,3712.0,24432.0,44512.0,0.01662458,0.02911035,0.03726536,0.9955342287751742,0.058026277415702814,0.07446173827070543,1.016653,0.0004218791,0.9088200615797835,0.09454204399002168
path_a_only,30.000394939997932,0.0,0.0,-0.005027942359447479,0.0009432375802521067,-0.009033203125,-0.0015869140625,16384,6536936.0,3742.0,24432.0,44496.0,0.01659783,0.02907977,0.03724736,0.9955404512454787,0.05796554621212162,0.0744258381630944,1.0167,0.0004218442,0.9090939404323279,0.0944761059505516
path_a_only,30.25020540499827,0.0,0.0,-0.004980228841304779,0.0009555896107293375,-0.009033203125,-0.001708984375,16384,6537202.0,3774.0,24432.0,44496.0,0.01658878,0.02909427,0.03727752,0.9955342862464663,0.057994155673028965,0.07448599073323292,1.016767,0.0004218752,0.9092463762374932,0.09454143519018159
path_a_only,30.500189661004697,0.0,0.0,-0.005000762641429901,0.0009285949565670669,-0.010009765625,-0.001708984375,16384,6537435.0,3802.0,24432.0,44496.0,0.01660535,0.02911242,0.03728823,0.9955305873881052,0.05803020067142463,0.0745073512126713,1.016692,0.0004218564,0.9090841734949935,0.09458060964518596
path_a_only,30.75016230699839,0.0,0.0,-0.004983849823474884,0.0009546925786599307,-0.0089111328125,-0.0015869140625,16384,6537684.0,3832.0,24432.0,44496.0,0.01663583,0.02912667,0.03726841,0.9955318808025114,0.058058745176262506,0.0744678213349351,1.016727,0.0004217455,0.9085884435587772,0.09456691298668218
path_a_only,31.000387985004636,0.0,0.0,-0.004921272397041321,0.0009494600845729895,-0.0093994140625,-0.0018310546875,16384,6537950.0,3864.0,24432.0,44496.0,0.01660277,0.02909263,0.03727315,0.9955351263297874,0.05799092817571753,0.0744772750095827,1.016712,0.0004218343,0.9092166300637663,0.09453253564720043
path_a_only,31.25038461299846,0.0,0.0,-0.004961088299751282,0.0009654506204858046,-0.009521484375,-0.001708984375,16384,6538198.0,3894.0,24432.0,44496.0,0.0165453,0.02914637,0.03724992,0.9955323409770935,0.058098129484384094,0.0744309439620615,1.016823,0.0004218443,0.9080193517573028,0.09456203947430243
path_a_only,31.500391660003515,0.0,0.0,-0.00503578782081604,0.0009527534974464033,-0.009521484375,-0.001953125,16384,6538446.0,3924.0,24432.0,44496.0,0.01653743,0.02910676,0.03726929,0.9955340610695745,0.058019095425308316,0.07446957644803383,1.016731,0.0004216927,0.9089311062044629,0.09454382049189335
path_a_only,31.750163909004186,0.0,0.0,-0.005016624927520752,0.0009561632114936772,-0.0091552734375,-0.001953125,16384,6538694.0,3954.0,24416.0,44480.0,0.01653013,0.02913555,0.03725266,0.9955331907832851,0.05807656239579205,0.07443640876035672,1.016731,0.0004217836,0.908235039764933,0.09455303888173006
path_a_only,32.00038770100218,0.0,0.0,-0.0049569010734558105,0.0009566302515521443,-0.0091552734375,-0.0015869140625,16384,6538942.0,3984.0,24432.0,44496.0,0.01651373,0.02910631,0.03727528,0.9955332225805757,0.05801814753566462,0.07448152317765613,1.016879,0.0004218017,0.9090167953406585,0.09455270208900084
path_a_only,32.25039245199878,0.0,0.0,-0.00497967004776001,0.0009486672846957281,-0.009033203125,-0.001708984375,16384,6539191.0,4014.0,24432.0,44496.0,0.0166678,0.02913734,0.03727799,0.9955292170380028,0.058079906703253845,0.07448692812193652,1.01656,0.0004218979,0.9085361349348773,0.09459511885984699
path_a_only,32.50037587300176,0.0,0.0,-0.004967056214809418,0.0009416720256890014,-0.0087890625,-0.0015869140625,16384,6539440.0,4044.0,24448.0,44496.0,0.01659722,0.02904942,0.03725506,0.9955428235780126,0.057905050240126175,0.07444119544315836,1.016748,0.0004218375,0.9097000716105539,0.09445095482189517
path_a_only,32.75015852999786,0.0,0.0,-0.005019575357437134,0.0009600893969416345,-0.0091552734375,-0.001708984375,16384,6539689.0,4074.0,24432.0,44496.0,0.01659718,0.02905765,0.03726274,0.9955407287221605,0.05792137044771481,0.07445651281659746,1.016658,0.0004218763,0.9096632099411845,0.09447316452739546
path_a_only,33.000388159001886,0.0,0.0,-0.005009926855564117,0.0009427383081054982,-0.009033203125,-0.001953125,16384,6539939.0,4104.0,24432.0,44528.0,0.01669158,0.0290748,0.03727992,0.9955361868441936,0.05795536874462372,0.07449077739826339,1.016719,0.0004221257,0.9096018000595887,0.09452129974294683
path_a_only,33.25055959600286,0.0,0.0,-0.004974596202373505,0.0009378418105598,-0.0089111328125,-0.00146484375,16384,6540187.0,4134.0,24448.0,44528.0,0.0165495,0.02910017,0.03727098,0.9955345743881099,0.05800595963983926,0.07447294706231519,1.016838,0.0004222395,0.9090628221469501,0.09453838281452656
path_a_only,33.50019425600476,0.0,0.0,-0.004990704357624054,0.0009538430859652851,-0.00927734375,-0.0015869140625,16384,6540435.0,4164.0,24464.0,44544.0,0.01650198,0.02909721,0.0372706,0.9955349742692857,0.058000069366038486,0.07447218917278761,1.016866,0.0004222716,0.9091071185792199,0.09453414658381899
path_a_only,33.75018309499865,0.0,0.0,-0.005045011639595032,0.0009599362931057475,-0.00927734375,-0.00146484375,16384,6540683.0,4194.0,24464.0,44544.0,0.01661452,0.02919402,0.03725976,0.9955253372070065,0.058192917962969756,0.07445056935867662,1.016768,0.0004223336,0.9073564084458292,0.09463618633365331
path_a_only,34.000404637998145,0.0,0.0,-0.00500904768705368,0.0009456708420728543,-0.00927734375,-0.001953125,16384,6540950.0,4226.0,24464.0,44544.0,0.0166558,0.02912704,0.03727848,0.9955303403990061,0.058059394539053615,0.07448790539945106,1.016821,0.0004222085,0.9087137769358646,0.0945832249202933
path_a_only,34.25048182300088,0.0,0.0,-0.004980958998203278,0.0009340993819272151,-0.00927734375,-0.0018310546875,16384,6541200.0,4256.0,24448.0,44528.0,0.01668122,0.02908684,0.03731021,0.9955302841458709,0.05797907876331812,0.0745511889522801,1.016778,0.0004222102,0.9097964465578086,0.09458382055360318
path_a_only,34.500643289000436,0.0,0.0,-0.004982836544513702,0.0009509823933058158,-0.0093994140625,-0.0018310546875,16384,6541450.0,4286.0,24448.0,44560.0,0.01669407,0.02910204,0.03729602,0.9955306329009038,0.05800946591030453,0.07452288789846317,1.016834,0.0004224061,0.9093584803506314,0.09458012771933241
path_a_only,34.75016504100495,0.0,0.0,-0.004994675517082214,0.0009495078833159459,-0.00927734375,-0.0013427734375,16384,6541685.0,4314.0,24448.0,44560.0,0.01677165,0.02910622,0.03728629,0.9955315954774091,0.0580178729062887,0.07450348199670861,1.016963,0.0004223147,0.9091619924833152,0.09456993461716867
path_a_only,35.00039671899867,0.0,0.0,-0.004938088357448578,0.0009477745335299112,-0.009033203125,-0.001953125,16384,6541953.0,4346.0,24448.0,44544.0,0.01674048,0.02906845,0.0372846,0.9955362266977638,0.05794268491566481,0.07450011139013628,1.016891,0.0004222449,0.9097685984173118,0.09452087747764978
path_a_only,35.250155965004524,0.0,0.0,-0.004998557269573212,0.0009680113790897785,-0.0091552734375,-0.001953125,16384,6542204.0,4376.0,24448.0,44544.0,0.01678455,0.0290876,0.03727851,0.9955349125652051,0.057980866665405625,0.07448796523276595,1.016873,0.0004221875,0.9093703097484864,0.09453480027215101
path_a_only,35.50037215300108,0.0,0.0,-0.0049516260623931885,0.0009653301702094057,-0.0087890625,-0.001708984375,16384,6542439.0,4404.0,24448.0,44528.0,0.01671465,0.02910566,0.03724661,0.9955375599034348,0.05801710171386098,0.07442434232318372,1.016628,0.0004221691,0.9086531709440893,0.09450675052016806
path_a_only,35.75017422000383,0.0,0.0,-0.004870235919952393,0.000934324462006924,-0.00927734375,-0.0018310546875,16384,6542689.0,4434.0,24448.0,44528.0,0.01668863,0.02917995,0.03728322,0.9955234859920804,0.058164700044610974,0.07449735905987791,1.016788,0.0004221014,0.9078965037167004,0.0946557749271261
path_a_only,36.00040905299829,0.0,0.0,-0.004992291331291199,0.0009521967301221509,-0.0087890625,-0.001708984375,16384,6542939.0,4464.0,24432.0,44512.0,0.01669302,0.02909014,0.03726563,0.9955365332426167,0.05798603553670622,0.0744622767715851,1.016666,0.0004219701,0.9091599003851352,0.09451762944343955
path_a_only,36.2503985450021,0.0,0.0,-0.004924178123474121,0.0009628127990287632,-0.009521484375,-0.001953125,16384,6543190.0,4494.0,24432.0,44512.0,0.01672113,0.02908231,0.03728527,0.995534520481832,0.05797027535424257,0.0745014476662165,1.016785,0.0004219284,0.909546576602958,0.09453895386826648
path_a_only,36.50037272600457,0.0,0.0,-0.004953213036060333,0.0009713478680314423,-0.0091552734375,-0.001953125,16384,6543440.0,4524.0,24432.0,44512.0,0.01664773,0.02915435,0.03729033,0.9955254050671096,0.058113667425569074,0.0745115395379646,1.016727,0.0004219331,0.9084145373436971,0.09463546819652888
path_a_only,36.75017238500004,0.0,0.0,-0.0049819499254226685,0.0009473551954678005,-0.0091552734375,-0.001953125,16384,6543691.0,4554.0,24432.0,44512.0,0.01672093,0.02911411,0.03726963,0.9955331575275899,0.058033726822752374,0.0744702545598511,1.016623,0.0004219568,0.9088132704307297,0.09455339112041002
path_a_only,37.000261175999185,0.0,0.0,-0.005021043121814728,0.0009476220998838927,-0.0091552734375,-0.00048828125,16384,6543942.0,4584.0,24432.0,44496.0,0.01672953,0.02907161,0.0372454,0.9955416883592422,0.0579493159374802,0.07442192903444149,1.016722,0.0004219655,0.9092042303195944,0.09446299108122662
path_a_only,37.25038700600271,0.0,0.0,-0.004980236291885376,0.0009369024335397438,-0.009033203125,-0.001708984375,16384,6544193.0,4614.0,24448.0,44512.0,0.01671532,0.02913579,0.03723386,0.9955359562612255,0.058077203209401816,0.07439891301908441,1.016648,0.0004220073,0.9079853096002788,0.09452374282932229
path_a_only,37.500390553002944,0.0,0.0,-0.004964739084243774,0.0009470673178946043,-0.009765625,-0.001220703125,16384,6544444.0,4644.0,24448.0,44528.0,0.01673637,0.02909262,0.03727304,0.9955351438468542,0.057990909217840926,0.07447705562058446,1.016784,0.0004219849,0.9092153606023592,0.09453235006875509
path_a_only,37.75013797900465,0.0,0.0,-0.005037419497966766,0.0009497997816213436,-0.0091552734375,-0.0020751953125,16384,6544677.0,4672.0,24448.0,44496.0,0.01670642,0.02910782,0.03727346,0.9955333180081004,0.05802116981943637,0.07447789328764927,1.016622,0.0004220052,0.9089679140465821,0.09455169132600093
path_a_only,38.000385400002415,0.0,0.0,-0.004992634057998657,0.0009611575445463242,-0.0091552734375,-0.0015869140625,16384,6544945.0,4704.0,24448.0,44528.0,0.01671832,0.02910113,0.03724175,0.9955388076301748,0.05800812421846295,0.07441464927650439,1.016569,0.0004220003,0.9086650515581747,0.09449352740979865
path_a_only,38.25037974600127,0.0,0.0,-0.004966139793395996,0.0009624665325907193,-0.0093994140625,-0.0018310546875,16384,6545197.0,4734.0,24432.0,44512.0,0.01685828,0.02913881,0.03725271,0.995532804671929,0.05808305283740903,0.07443650848293258,1.016739,0.0004219602,0.9081814913107298,0.09455712842711055
path_a_only,38.50038063600368,0.0,0.0,-0.004959091544151306,0.0009647444519584616,-0.009033203125,-0.00146484375,16384,6545449.0,4764.0,24432.0,44512.0,0.01682135,0.02913914,0.03725688,0.9955321465557261,0.058083673728319296,0.07444482534313948,1.016675,0.000421948,0.9082304926871352,0.09456409853848538
path_a_only,38.75017443999968,0.0,0.0,-0.005005210638046265,0.0009650259962412399,-0.0091552734375,-0.001953125,16384,6545684.0,4792.0,24432.0,44512.0,0.01680455,0.02913533,0.03727654,0.9955296661524614,0.05807591725513299,0.07448403617785201,1.016595,0.0004219264,0.9085506171674744,0.09459036389751681
path_a_only,39.000402593002946,0.0,0.0,-0.00502631813287735,0.0009698890322816547,-0.009033203125,-0.001708984375,16384,6545953.0,4824.0,24432.0,44496.0,0.0167868,0.02908931,0.03725411,0.9955383419420449,0.05798448268616611,0.07443930071475446,1.016717,0.0004218464,0.9090232768083935,0.09449846287729391
path_a_only,39.25048940400302,0.0,0.0,-0.0049657076597213745,0.0009487801797453091,-0.0091552734375,-0.0020751953125,16384,6546188.0,4852.0,24432.0,44496.0,0.01681068,0.02912106,0.03726817,0.9955325678428009,0.05804757738556082,0.07446734266768631,1.016754,0.0004218352,0.9086786058695271,0.09455963674436738
path_a_only,39.500357746997906,0.0,0.0,-0.004922263324260712,0.000945530334137653,-0.009033203125,-0.00146484375,16384,6546440.0,4882.0,24432.0,44512.0,0.01681637,0.02912071,0.03724812,0.9955355887527312,0.05804705428483242,0.0744273539473664,1.016753,0.0004219015,0.9084225106663641,0.09452763654704556
path_a_only,39.75018356899818,0.0,0.0,-0.004959896206855774,0.0009350020725836593,-0.00927734375,-0.001953125,16384,6546691.0,4912.0,24432.0,44512.0,0.01676895,0.02910628,0.03725172,0.9955367285810817,0.05801829192491379,0.074434533975792,1.016726,0.0004220126,0.9087096184039263,0.09451555965232714
path_a_only,40.00040600600187,0.0,0.0,-0.004998140037059784,0.0009458858076816881,-0.00927734375,-0.0018310546875,16384,6546943.0,4942.0,24432.0,44528.0,0.01675923,0.02908041,0.0372802,0.9955354948778357,0.05796653623218139,0.07449133584240515,1.016652,0.000422064,0.9095120520763444,0.09452863111704007
path_a_only,40.25017598100385,0.0,0.0,-0.004958383738994598,0.0009422812253648455,-0.00927734375,-0.00146484375,16384,6547194.0,4972.0,24432.0,44512.0,0.01677037,0.02911053,0.03723714,0.9955384017997493,0.05802688025841209,0.07440545483683997,1.016626,0.000422042,0.9084483716819243,0.09449782850628033
path_a_only,40.50038751800457,0.0,0.0,-0.0050264447927474976,0.0009634512498731729,-0.009033203125,-0.00146484375,16384,6547446.0,5002.0,24448.0,44512.0,0.01675538,0.02909928,0.03724831,0.9955380475005051,0.05800438393112612,0.07442773289340752,1.016607,0.0004219916,0.9087815583960763,0.09450158330231309
path_a_only,40.750171277002664,0.0,0.0,-0.005022414028644562,0.0009484218302757716,-0.0096435546875,-0.0015869140625,16384,6547680.0,5030.0,24432.0,44512.0,0.01667978,0.02910476,0.03727354,0.9955336611827234,0.05801507646118295,0.0744780528432747,1.016716,0.0004219838,0.9090198689884277,0.09454805635056743
path_a_only,41.00039533700328,0.0,0.0,-0.004927590489387512,0.0009425146449952906,-0.0089111328125,-0.0015869140625,16384,6547947.0,5062.0,24448.0,44512.0,0.01668472,0.02913021,0.03724351,0.9955351706926134,0.058066009404936246,0.07441815951644312,1.016688,0.0004219485,0.9082042569992339,0.09453206566002789
path_a_only,41.250453346998256,0.0,0.0,-0.004990316927433014,0.0009531371139539476,-0.0091552734375,-0.0015869140625,16384,6548198.0,5092.0,24432.0,44496.0,0.01674232,0.02912877,0.03723663,0.9955363600810248,0.05806320187953246,0.07440443766416746,1.016567,0.0004219511,0.9081382706146606,0.09451946421235335
path_a_only,41.50038247300108,0.0,0.0,-0.0049888938665390015,0.0009734660254469254,-0.0091552734375,-0.001708984375,16384,6548448.0,5122.0,24432.0,44496.0,0.01672737,0.02917815,0.03725696,0.9955275999466353,0.058161344274835394,0.07444498489915997,1.016649,0.0004219234,0.9075833258556836,0.09461223770808139
path_a_only,41.75013528900308,0.0,0.0,-0.00497029721736908,0.0009454067467912918,-0.0098876953125,-0.001953125,16384,6548682.0,5150.0,24432.0,44512.0,0.01667132,0.02908338,0.03725335,0.9955391425232242,0.0579726821750126,0.07443778493183785,1.016789,0.0004218931,0.9091120743265702,0.09448997797909392
path_a_only,42.000385466002626,0.0,0.0,-0.004965335130691528,0.0009420025617899464,-0.009765625,-0.0018310546875,16384,6548949.0,5182.0,24432.0,44512.0,0.01668208,0.02916394,0.03724496,0.9955310358445154,0.058133155494372216,0.0744210514747908,1.016721,0.0004218914,0.9076625191503664,0.09457586092383274
path_a_only,42.250394781003706,0.0,0.0,-0.004998750984668732,0.0009615580184169767,-0.009033203125,-0.0020751953125,16384,6549200.0,5212.0,24432.0,44496.0,0.01668653,0.02914444,0.03723372,0.9955349721729108,0.05809442718631976,0.07439863379508456,1.016585,0.0004219142,0.9078396544868941,0.09453416879272854
path_a_only,42.50039124300383,0.0,0.0,-0.004967778921127319,0.0009435277490030121,-0.00927734375,-0.001708984375,16384,6549450.0,5242.0,24448.0,44512.0,0.01664077,0.02919579,0.03723549,0.9955287376966144,0.058196652951127414,0.07440216398379608,1.016618,0.0004219432,0.9070096740939046,0.094600193584419
path_a_only,42.75015653199807,0.0,0.0,-0.004994295537471771,0.0009448413707694185,-0.009521484375,-0.0015869140625,16384,6549682.0,5270.0,24448.0,44496.0,0.01662167,0.02913454,0.03723945,0.9955352710207231,0.05807466592607566,0.07441006202974015,1.016501,0.0004220157,0.908079179767153,0.09453100275872192
path_a_only,43.00039550499787,0.0,0.0,-0.004975639283657074,0.0009653043733974344,-0.00927734375,-0.001953125,16384,6549949.0,5302.0,24432.0,44512.0,0.01667193,0.02917173,0.03720968,0.9955353697454704,0.058148971912543625,0.07435068695892273,1.01659,0.0004219977,0.907071561306072,0.09452995683221177
path_a_only,43.25038864900125,0.0,0.0,-0.004954099655151367,0.0009411864143335964,-0.009033203125,-0.001708984375,16384,6550199.0,5332.0,24432.0,44528.0,0.01672783,0.02903929,0.03723335,0.9955472223784375,0.05788506809427276,0.07439789584591407,1.016592,0.0004219941,0.9095853631340569,0.09440430169342316
path_a_only,43.500391009998566,0.0,0.0,-0.005018241703510284,0.0009417266026751112,-0.00927734375,-0.0018310546875,16384,6550433.0,5360.0,24432.0,44512.0,0.0166581,0.0291557,0.0372591,0.9955298922953851,0.05811662645753808,0.07444925302200087,1.016591,0.0004219867,0.9079842505892888,0.09458796953773169
path_a_only,43.75017839800421,0.0,0.0,-0.005034312605857849,0.000955557727216279,-0.0096435546875,-0.001953125,16384,6550683.0,5390.0,24432.0,44496.0,0.01669538,0.02909871,0.03726114,0.9955362067147838,0.058003137915006844,0.07445332169857949,1.016593,0.0004219045,0.9089586335628974,0.09452108920594177
path_a_only,44.00058110200189,0.0,0.0,-0.00503142923116684,0.0009491000914164955,-0.0091552734375,-0.001708984375,16384,6550950.0,5422.0,24416.0,44496.0,0.01664745,0.02914622,0.03726741,0.9955297586252672,0.058097679105201416,0.07446582688795199,1.016634,0.0004218215,0.9082503644761202,0.0945893848197194
path_a_only,44.250376506002794,0.0,0.0,-0.004968374967575073,0.0009528874707995375,-0.0093994140625,-0.0013427734375,16384,6551200.0,5452.0,24432.0,44496.0,0.01665673,0.02912859,0.03723668,0.9955363735558866,0.05806284305322466,0.07440453738698191,1.016734,0.000421813,0.9081419179983925,0.09451932143798397
path_a_only,44.500543448004464,0.0,0.0,-0.00499463826417923,0.0009463359810950636,-0.009033203125,-0.0015869140625,16384,6551450.0,5482.0,24432.0,44496.0,0.01663742,0.02917583,0.0372372,0.995530806085613,0.05815689655774723,0.07440557450420811,1.016802,0.0004218213,0.9073635166114817,0.09457829387896352
path_a_only,44.75018345200078,0.0,0.0,-0.005003735423088074,0.0009533130688687349,-0.0091552734375,-0.001220703125,16384,6551683.0,5510.0,24432.0,44496.0,0.01663322,0.02908415,0.03727599,0.9955356873812409,0.05797401929758486,0.07448293923338024,1.016756,0.0004218936,0.9093948493431512,0.09452659160301558
path_a_only,45.00048911799968,0.0,0.0,-0.004944846034049988,0.0009424217624293845,-0.0098876953125,-0.0015869140625,16384,6551949.0,5542.0,24432.0,44512.0,0.01668808,0.02912515,0.03724111,0.9955361148594991,0.058055955381026425,0.07441337282538898,1.016702,0.0004218911,0.9082570428690193,0.09452206244622097
path_a_only,45.250388788001146,0.0,0.0,-0.004914470016956329,0.0009445002231336928,-0.0089111328125,-0.001708984375,16384,6552199.0,5572.0,24448.0,44512.0,0.01668455,0.0291198,0.03726706,0.9955328791542953,0.058045078265745745,0.07446512883143752,1.016637,0.0004219428,0.9086850666197215,0.09455633955179647
path_a_only,45.50047675699898,0.0,0.0,-0.0049581378698349,0.0009362612146686798,-0.00927734375,-0.001953125,16384,6552450.0,5602.0,24448.0,44512.0,0.01665335,0.02911372,0.03723382,0.9955385247609762,0.05803326054209832,0.07439883324079934,1.016642,0.0004219467,0.9083518938372785,0.09449652535180333
path_a_only,45.750392466004996,0.0,0.0,-0.004959374666213989,0.0009333723718365008,-0.0093994140625,-0.001953125,16384,6552683.0,5630.0,24432.0,44512.0,0.01667997,0.02909433,0.0372495,0.9955384448540988,0.05799451779984187,0.07443010629205225,1.016793,0.0004218862,0.9088794942055669,0.09449737221433273
path_a_only,46.00043750300392,0.0,0.0,-0.004947997629642487,0.0009409460706520828,-0.0091552734375,-0.0015869140625,16384,6552950.0,5662.0,24432.0,44496.0,0.01669498,0.02917177,0.03726058,0.9955278039136395,0.05814860990813895,0.07445220480709308,1.016766,0.0004218305,0.907736602204988,0.0946100786433348
path_a_only,46.250384441998904,0.0,0.0,-0.004990838468074799,0.0009477834572125871,-0.0091552734375,-0.001708984375,16384,6553201.0,5692.0,24432.0,44496.0,0.01670073,0.02916107,0.03724741,0.9955310054573441,0.058127419888690586,0.07442593788574917,1.016759,0.0004218429,0.9077422358286622,0.09457618270221019
path_a_only,46.5004071220028,0.0,0.0,-0.004959084093570709,0.0009347364509482013,-0.0087890625,-0.0020751953125,16384,6553450.0,5722.0,24432.0,44496.0,0.01658377,0.02914643,0.03724224,0.9955334752052919,0.05809831554752846,0.07441562655930724,1.01673,0.0004218769,0.907917967630615,0.09455002627865737
path_a_only,46.75016193099873,0.0,0.0,-0.004974044859409332,0.0009652924414418256,-0.00927734375,-0.0020751953125,16384,6553684.0,5750.0,24432.0,44496.0,0.01675025,0.0291091,0.03723499,0.9955388871447587,0.05802405163382107,0.07440116675544099,1.016711,0.000421881,0.9084440630537456,0.09449268467067314
path_a_only,47.00040252799954,0.0,0.0,-0.004983745515346527,0.0009515833602721198,-0.00927734375,-0.001953125,16384,6553952.0,5782.0,24432.0,44496.0,0.01672072,0.02913725,0.03727114,0.9955302461376324,0.058079786936323666,0.07447326617368236,1.016936,0.0004218237,0.9084481848302897,0.09458422299968208
path_a_only,47.250388018001104,0.0,0.0,-0.004926115274429321,0.0009572582956961289,-0.0086669921875,-0.002197265625,16384,6554203.0,5812.0,24432.0,44496.0,0.0167179,0.02911831,0.03724134,0.995536874799588,0.05804233444921535,0.07441383155002261,1.016837,0.0004218828,0.9083738275289273,0.09451401030288405
path_a_only,47.50037645100383,0.0,0.0,-0.004937358200550079,0.0009471237738683668,-0.0087890625,-0.0018310546875,16384,6554437.0,5840.0,24432.0,44512.0,0.01672207,0.02908831,0.03727954,0.9955346770436458,0.0579822714029111,0.07449001950974792,1.016797,0.0004219089,0.9093719339857635,0.09453729532819198
path_a_only,47.75013554799807,0.0,0.0,-0.005013391375541687,0.0009473295872974322,-0.0091552734375,-0.001708984375,16384,6554687.0,5870.0,24432.0,44496.0,0.01670493,0.02916429,0.03724817,0.9955305181599281,0.05813382451227206,0.07442745367000983,1.016548,0.0004220124,0.9076986678083125,0.09458134268370988
path_a_only,48.00057586600451,0.0,0.0,-0.0050002336502075195,0.0009472872640688676,-0.00927734375,-0.001953125,16384,6554938.0,5900.0,24448.0,44528.0,0.0167007,0.02916887,0.03725487,0.99552898989169,0.058142885415300834,0.07444081649749909,1.016814,0.0004220973,0.9077101528402869,0.09459752366197939
path_a_only,48.250385796003684,0.0,0.0,-0.005005970597267151,0.0009482192900003704,-0.009521484375,-0.0018310546875,16384,6555188.0,5930.0,24448.0,44528.0,0.0166738,0.02913386,0.03725749,0.9955326691945189,0.0580731556165332,0.07444604195774761,1.016688,0.0004220943,0.9083262484819672,0.09455856331078141
path_a_only,48.50037602100201,0.0,0.0,-0.004949614405632019,0.0009467461871488536,-0.0091552734375,-0.0013427734375,16384,6555438.0,5960.0,24448.0,44528.0,0.01663955,0.02913974,0.03722949,0.995536146524763,0.05808510581400463,0.07439019723862475,1.016734,0.0004220677,0.9078624832658768,0.09452172694231702
path_a_only,48.7504859949986,0.0,0.0,-0.004933156073093414,0.0009257404150137429,-0.009521484375,-0.0015869140625,16384,6555688.0,5990.0,24448.0,44528.0,0.01663188,0.02914884,0.03723278,0.9955346005334624,0.05810319604116806,0.07439675900522032,1.016591,0.0004220878,0.9077542152195575,0.09453810584366587
path_a_only,49.00038912400487,0.0,0.0,-0.0049695298075675964,0.0009391289572886385,-0.009033203125,-0.0018310546875,16384,6555937.0,6020.0,24448.0,44544.0,0.0166151,0.0291149,0.03724295,0.9955370314135712,0.05803553094137194,0.07441704262201718,1.016625,0.000422091,0.9084515997714577,0.09451235077358841
path_a_only,49.250383134,0.0,0.0,-0.004984065890312195,0.0009673029471095571,-0.0093994140625,-0.001708984375,16384,6556203.0,6052.0,24448.0,44528.0,0.01661792,0.02919092,0.03723769,0.9955289776633852,0.05818693739631904,0.07440655178767454,1.016579,0.0004220677,0.9071193111284854,0.09459765312153649
path_a_only,49.50038280500303,0.0,0.0,-0.004991874098777771,0.0009531582071657532,-0.0091552734375,-0.001708984375,16384,6556435.0,6080.0,24448.0,44528.0,0.016615,0.02913504,0.03726838,0.9955309132201137,0.05807541063201887,0.07446776150152992,1.016776,0.0004220143,0.9084488808257607,0.09457715942172724
path_a_only,49.75018239400379,0.0,0.0,-0.005020260810852051,0.0009498682291601032,-0.009033203125,-0.0018310546875,16384,6556685.0,6110.0,24448.0,44528.0,0.01663115,0.02911808,0.03723893,0.9955372595540183,0.058041897377603256,0.07440902491286219,1.016678,0.000422012,0.9083461534091155,0.09450993327619106
path_a_only,50.00040930999967,0.0,0.0,-0.005021706223487854,0.0009584359545255813,-0.009033203125,-0.0015869140625,16384,6556952.0,6142.0,24448.0,44512.0,0.0166881,0.0291791,0.03726364,0.9955264964575786,0.0581631777627292,0.07445830782014752,1.016685,0.000422002,0.9076548464066541,0.094623917688455
path_a_only,50.250386656000046,0.0,0.0,-0.004979453980922699,0.0009487703254105892,-0.0093994140625,-0.001220703125,16384,6557202.0,6172.0,24448.0,44512.0,0.0166734,0.02915242,0.03727226,0.995528316999551,0.05810998157619901,0.07447549995303898,1.016713,0.0004219975,0.9082106722956711,0.09460464722556593
path_a_only,50.500366899002984,0.0,0.0,-0.00493592768907547,0.0009309019306751628,-0.009033203125,-0.001708984375,16384,6557436.0,6200.0,24432.0,44528.0,0.01672285,0.02916595,0.03724997,0.9955300576605765,0.05813711405237594,0.07443104368467816,1.01678,0.0004219903,0.9076946170173112,0.09458621864317437
path_a_only,50.75036308199924,0.0,0.0,-0.005020499229431152,0.0009581840030224065,-0.009033203125,-0.001953125,16384,6557686.0,6230.0,24448.0,44528.0,0.0166138,0.02917344,0.03725951,0.9955277687460409,0.05815194426154804,0.0744500707463147,1.016901,0.0004219839,0.9076948804624552,0.09461045090863106
path_a_only,51.00038287899952,0.0,0.0,-0.0049955472350120544,0.00095111464038835,-0.00927734375,-0.00146484375,16384,6557935.0,6260.0,24448.0,44496.0,0.01659118,0.02918346,0.03727771,0.995523897153819,0.05817173650427439,0.07448636967761038,1.016639,0.0004219271,0.9077662623023777,0.09465142457662915
path_a_only,51.250391273002606,0.0,0.0,-0.004945248365402222,0.0009337108825922261,-0.0091552734375,-0.001953125,16384,6558202.0,6292.0,24432.0,44512.0,0.01672225,0.02916267,0.0372741,0.9955268519252022,0.05813037391793718,0.07447916973259933,1.016682,0.0004220071,0.9080643973241358,0.09462015536597912
path_a_only,51.50036714500311,0.0,0.0,-0.004998102784156799,0.000960391921986721,-0.00927734375,-0.0013427734375,16384,6558436.0,6320.0,24432.0,44528.0,0.01672207,0.02912995,0.03725436,0.9955335885181892,0.05806539768378071,0.07443979932751839,1.016749,0.0004219901,0.9083503704511058,0.09454882603972739
path_a_only,51.750267975003226,0.0,0.0,-0.004962347447872162,0.0009405819092257661,-0.0091552734375,-0.001953125,16384,6558687.0,6350.0,24432.0,44512.0,0.01670085,0.02916306,0.03725198,0.9955300949644335,0.058131342445173796,0.07443505253325111,1.016635,0.0004219944,0.9077689061993617,0.09458582366368347
path_a_only,52.00039591499808,0.0,0.0,-0.0049450695514678955,0.0009372898064226516,-0.009765625,-0.0018310546875,16384,6558938.0,6380.0,24448.0,44528.0,0.01678315,0.02913747,0.0372643,0.995531237554151,0.05808028430076981,0.0744596241559309,1.016578,0.0004220197,0.9083551913968595,0.09457372493560208
path_a_only,52.25015852499928,0.0,0.0,-0.0049700140953063965,0.000968382513558397,-0.0093994140625,-0.001708984375,16384,6559188.0,6410.0,24448.0,44512.0,0.01666007,0.02914275,0.03728286,0.9955278642372261,0.05809063606087872,0.07449664106058675,1.016682,0.0004219779,0.908509790397833,0.09460944008687037
path_a_only,52.500392328998714,0.0,0.0,-0.004990667104721069,0.0009316445342500021,-0.009521484375,-0.0018310546875,16384,6559438.0,6440.0,24448.0,44528.0,0.01662592,0.02915392,0.03723872,0.9955331277518642,0.05811325916038362,0.07440860607717711,1.016764,0.0004219625,0.9077474481066901,0.09455370649873432
path_a_only,52.75015864799934,0.0,0.0,-0.004998713731765747,0.000948659181988821,-0.0093994140625,-0.0018310546875,16384,6559688.0,6470.0,24448.0,44512.0,0.01668123,0.02916394,0.03725568,0.9955294427417999,0.058133062466546315,0.07444243200260336,1.016752,0.0004219123,0.9078026430164741,0.09459272926927823
path_a_only,53.00039148900396,0.0,0.0,-0.004955582320690155,0.0009419515109998789,-0.0089111328125,-0.001708984375,16384,6559938.0,6500.0,24432.0,44512.0,0.01666195,0.02916769,0.03722611,0.9955334000114976,0.05814078551141373,0.07438345596746115,1.016588,0.0004219329,0.9073536920879874,0.0945508227420015
path_a_only,53.25038057200436,0.0,0.0,-0.0049574896693229675,0.0009442384145402569,-0.0089111328125,-0.001953125,16384,6560188.0,6530.0,24432.0,44512.0,0.01669725,0.02919152,0.03724794,0.9955273848937197,0.0581880430157519,0.07442699494584383,1.016625,0.0004219141,0.9072433927163379,0.09461451406802347
path_a_only,53.5003774900033,0.0,0.0,-0.00498759001493454,0.0009397260119482111,-0.009033203125,-0.002197265625,16384,6560437.0,6560.0,24432.0,44496.0,0.01660978,0.02913622,0.03726968,0.9955305828684635,0.05807774880851301,0.07447035428217427,1.016826,0.000421884,0.908446241156474,0.09458065750262712
path_a_only,53.750147744998685,0.0,0.0,-0.004947766661643982,0.0009358928046587296,-0.0096435546875,-0.0013427734375,16384,6560687.0,6590.0,24432.0,44512.0,0.01662397,0.02916976,0.03724167,0.9955308479430162,0.05814477202253943,0.07441448972012163,1.016618,0.0004219453,0.9075228073687507,0.09457785064862487
path_a_only,54.00038834699808,0.0,0.0,-0.004982016980648041,0.0009448550245939988,-0.0089111328125,-0.0015869140625,16384,6560936.0,6620.0,24432.0,44512.0,0.01666078,0.02915383,0.0372665,0.9955290095591235,0.05811283895913398,0.0744640119409385,1.016746,0.0004219943,0.9081120053996186,0.09459731544491484
path_a_only,54.25016945099924,0.0,0.0,-0.005012281239032745,0.0009498456472999009,-0.009033203125,-0.0018310546875,16384,6561187.0,6650.0,24448.0,44528.0,0.01671548,0.02913811,0.03726687,0.995530781124654,0.05808153628894244,0.07446474988645725,1.016678,0.0004220284,0.908378120428166,0.09457855819094083
path_a_only,54.50038503700489,0.0,0.0,-0.004967875778675079,0.0009467258983814895,-0.0098876953125,-0.00146484375,16384,6561438.0,6680.0,24432.0,44512.0,0.01672358,0.02916672,0.03729385,0.9955234433366379,0.05813826612275192,0.07451855996598437,1.016727,0.0004219801,0.9082549936483462,0.09465622623719712
path_a_only,54.750173022002855,0.0,0.0,-0.004988640546798706,0.0009652022452200637,-0.0091552734375,-0.0018310546875,16384,6561688.0,6710.0,24448.0,44528.0,0.01669325,0.02922677,0.03728692,0.9955174847188071,0.05825788840115418,0.07450473849479886,1.016733,0.0004220095,0.9071678883612861,0.0947192495094683
path_a_only,55.000381762998586,0.0,0.0,-0.004958748817443848,0.0009444707510789212,-0.009033203125,-0.0018310546875,16384,6561938.0,6740.0,24448.0,44528.0,0.01670108,0.02915155,0.03726484,0.9955295213382886,0.058108313751484064,0.07446070115783898,1.016936,0.0004220035,0.9081282096712338,0.0945918971316734
path_a_only,55.25054130900389,0.0,0.0,-0.005020663142204285,0.0009496863912548401,-0.0093994140625,-0.001708984375,16384,6562189.0,6770.0,24432.0,44528.0,0.01673162,0.02916854,0.03729778,0.9955226469564972,0.0581418556763277,0.07452639810994965,1.016706,0.0004220479,0.9082760604211035,0.09466465183435094
path_a_only,55.50037090099795,0.0,0.0,-0.004995286464691162,0.0009373123121921135,-0.0091552734375,-0.0018310546875,16384,6562439.0,6800.0,24448.0,44528.0,0.01661928,0.02914105,0.03728794,0.9955273060875116,0.05808720717487793,0.07450677282478942,1.016832,0.0004220268,0.9086043581807601,0.09461534822716453
path_a_only,55.75015096300194,0.0,0.0,-0.004953846335411072,0.0009330172054387763,-0.00927734375,-0.001708984375,16384,6562688.0,6830.0,24448.0,44528.0,0.01663383,0.02921624,0.03728742,0.9955186370310893,0.05823691843895939,0.07450573571542121,1.016661,0.0004220256,0.9073490707743428,0.09470706496257572
path_a_only,56.00038905400288,0.0,0.0,-0.004986472427845001,0.0009528615964880333,-0.00927734375,-0.001953125,16384,6562938.0,6860.0,24432.0,44512.0,0.01664057,0.0291675,0.03727086,0.9955267721225127,0.058140018841359144,0.07447270772878482,1.016792,0.000421953,0.9079418407851145,0.0946210000225606
path_a_only,56.25045830500312,0.0,0.0,-0.004977039992809296,0.0009422353567377602,-0.0091552734375,-0.001953125,16384,6563188.0,6890.0,24432.0,44512.0,0.01663483,0.02915266,0.03725324,0.9955311166202534,0.058110624475937976,0.07443756554219094,1.016778,0.0004219034,0.907958194588514,0.0945750055613185
path_a_only,56.50037801000144,0.0,0.0,-0.004983626306056976,0.0009414887105569184,-0.009521484375,-0.0015869140625,16384,6563437.0,6920.0,24448.0,44512.0,0.01666623,0.02919225,0.03727438,0.9955233695527336,0.05818926675099111,0.07447972817722663,1.016863,0.000421933,0.9075768332467078,0.09465700689263055
path_a_only,56.750158848000865,0.0,0.0,-0.004983566701412201,0.0009563263295162801,-0.009033203125,-0.001708984375,16384,6563687.0,6950.0,24432.0,44512.0,0.01666148,0.02914297,0.03729298,0.9955263332218047,0.05809098624674636,0.07451682480372081,1.016811,0.0004219068,0.9086382269949675,0.09462564535032068
path_a_only,57.000389897002606,0.0,0.0,-0.005025364458560944,0.000953364206087541,-0.0091552734375,-0.0015869140625,16384,6563937.0,6980.0,24432.0,44496.0,0.0166339,0.02923865,0.0372664,0.9955191518399635,0.05828172053372125,0.0744638124961967,1.016851,0.0004218887,0.9067027491472555,0.09470162086982992
path_a_only,57.250384133003536,0.0,0.0,-0.004995614290237427,0.0009489157910523543,-0.0089111328125,-0.0015869140625,16384,6564186.0,7010.0,24448.0,44512.0,0.01660728,0.02917329,0.03726359,0.9955271796796494,0.058151610175105915,0.07445820809773439,1.016686,0.0004220051,0.907750686947967,0.09461668623173924
path_a_only,57.50038417900214,0.0,0.0,-0.00499638170003891,0.0009514503963005291,-0.009521484375,-0.0018310546875,16384,6564435.0,7040.0,24448.0,44528.0,0.01661362,0.02919541,0.03726999,0.9955236545558578,0.05819559661721385,0.07447097256056129,1.016798,0.0004221053,0.9074670228184409,0.09465399144016669
path_a_only,57.75014576900139,0.0,0.0,-0.005010522902011871,0.0009455583574122439,-0.0087890625,-0.002197265625,16384,6564685.0,7070.0,24448.0,44528.0,0.01659802,0.02920311,0.03727557,0.9955219284847233,0.058210879157381934,0.07448210156663201,1.016791,0.0004221229,0.9074121284716661,0.09467225252974118
path_a_only,58.000386876003176,0.0,0.0,-0.005051568150520325,0.0009525548045765897,-0.0091552734375,-0.001708984375,16384,6564950.0,7102.0,24448.0,44528.0,0.01656918,0.02921523,0.03728198,0.9955195638477293,0.05823495482583996,0.07449488595104575,1.016752,0.0004220811,0.9072947684287236,0.09469726367179472
path_a_only,58.25037869300286,0.0,0.0,-0.005018271505832672,0.0009353634120608915,-0.0089111328125,-0.0018310546875,16384,6565198.0,7132.0,24432.0,44528.0,0.01653978,0.029197,0.03726488,0.995524229232934,0.05819880679713292,0.07446078093575464,1.016936,0.0004220366,0.907373856074992,0.09464791082463218
path_a_only,58.50017251299869,0.0,0.0,-0.0049700066447257996,0.0009403613762796895,-0.00927734375,-0.0015869140625,16384,6565447.0,7162.0,24448.0,44528.0,0.01654892,0.02921807,0.03724565,0.9955246339884908,0.058240925345341886,0.0744224276478537,1.016855,0.0004220387,0.9067727775665659,0.09464362790232625
path_a_only,58.75038043499808,0.0,0.0,-0.004972010850906372,0.0009588757316084363,-0.009033203125,-0.0018310546875,16384,6565679.0,7190.0,24448.0,44512.0,0.01658945,0.02922032,0.03727911,0.9955193978185641,0.05824511418605619,0.07448916189900746,1.016672,0.000422057,0.9071728396990046,0.09469901954126736
path_a_only,59.00040070599789,0.0,0.0,-0.005034051835536957,0.0009495634649614026,-0.009033203125,-0.0020751953125,16384,6565945.0,7222.0,24432.0,44512.0,0.01664373,0.02919538,0.03726601,0.9955242497947302,0.058195571477682013,0.07446303466167523,1.016893,0.0004220317,0.9074155141447235,0.09464769325457578
path_a_only,59.250377253003535,0.0,0.0,-0.004998750984668732,0.0009468759739320469,-0.0091552734375,-0.0013427734375,16384,6566195.0,7252.0,24448.0,44528.0,0.01667667,0.02916221,0.03727514,0.9955267507493166,0.05812944900277978,0.07448124395538294,1.016728,0.000422072,0.9080856222880138,0.09462122624186475
path_a_only,59.500382425998396,0.0,0.0,-0.004964590072631836,0.0009446349603900755,-0.0087890625,-0.001953125,16384,6566445.0,7282.0,24432.0,44528.0,0.016693,0.02912849,0.0373069,0.9955259437044837,0.058062034968705226,0.07454458737286139,1.016819,0.0004220605,0.9090605204441724,0.09462976781359245
path_a_only,59.750153619999764,0.0,0.0,-0.004989787936210632,0.0009487374651966017,-0.0093994140625,-0.001953125,16384,6566679.0,7310.0,24448.0,44528.0,0.0166891,0.02917285,0.03726772,0.995526616840464,0.0581506982454852,0.0744664451665486,1.016773,0.0004220628,0.9078119559961255,0.09462264355470025
path_a_only,60.00039387099969,0.0,0.0,-0.005015574395656586,0.0009537931915964272,-0.009033203125,-0.0018310546875,16384,6566946.0,7342.0,24448.0,44512.0,0.01667462,0.02919404,0.03729506,0.9955200851451746,0.058192650913283885,0.07452097323726319,1.016762,0.0004220581,0.9078171925362781,0.09469175039166002
path_b_only,5.230001988820732e-06,0.0,0.0,-0.004966616630554199,0.0009474887445601397,-0.0089111328125,-0.00146484375,16384,6573482.0,8128.0,4112.0,46064.0,0.01666477,-1.523822,0.03255409,-0.9934806251008532,-0.09361174595642903,0.06506219000469553,1.000099,0.0003713983,2.534215684840447,3.027343181396537
path_b_only,0.2501450589988963,0.0,0.0,-0.0049526020884513855,0.0009545740334000584,-0.0091552734375,-0.0010986328125,16384,6573716.0,8156.0,4112.0,46064.0,0.01669122,-1.523815,0.03255636,-0.9934790203494708,-0.09362562696095583,0.0650667203847233,1.000067,0.0003714096,2.534252539556749,3.0273291056273957
path_b_only,0.50039090700011,0.0,0.0,-0.004903741180896759,0.0009219625938908024,-0.0091552734375,-0.00146484375,16384,6573983.0,8188.0,4112.0,46064.0,0.01666197,-1.523801,0.03258344,-0.9934728885263531,-0.09365311346259513,0.06512076551966037,1.000042,0.0003714133,2.5340009885598525,3.0272753374101713
path_b_only,0.7503848330015899,0.0,0.0,-0.0049404725432395935,0.0009490259732175282,-0.0087890625,-0.001708984375,16384,6574233.0,8218.0,4096.0,46064.0,0.01666685,-1.523799,0.03256427,-0.9934749988847396,-0.09365732161843732,0.06508250685266666,1.000057,0.0003714128,2.5342974699654253,3.027293839701989
path_b_only,1.0003985759976786,0.0,0.0,-0.005033284425735474,0.00095502713437753,-0.0091552734375,-0.0020751953125,16384,6574482.0,8248.0,4112.0,46080.0,0.01653833,-1.523743,0.03258384,-0.9934619662147153,-0.09376835079187265,0.06512156382155171,1.000072,0.0003714455,2.5345715087615197,3.0271796250763106
path_b_only,1.2501714399986668,0.0,0.0,-0.00498557835817337,0.0009504355049508009,-0.0091552734375,-0.002197265625,16384,6574730.0,8278.0,4112.0,46064.0,0.01661838,-1.523777,0.03257003,-0.9934701304971849,-0.09370096401984127,0.06509400242463698,1.00006,0.000371379,2.534433012300167,3.0272511612428437
path_b_only,1.5003887109996867,0.0,0.0,-0.00496383011341095,0.0009592470269707891,-0.009033203125,-0.0013427734375,16384,6574981.0,8308.0,4112.0,46064.0,0.01683522,-1.523829,0.03259804,-0.9934762379761467,-0.09359730043746176,0.06514990351168816,1.000024,0.0003713794,2.533511804355272,3.0273047046638326
path_b_only,1.7504021720014862,0.0,0.0,-0.004964254796504974,0.0009490080672440286,-0.0091552734375,-0.001953125,16384,6575232.0,8338.0,4112.0,46064.0,0.01672872,-1.523801,0.03257459,-0.9934740359206872,-0.09365322162563913,0.06510310307965368,1.000044,0.000371363,2.534128669182498,3.0272853966704174
path_b_only,2.0005714840008295,0.0,0.0,-0.004924096167087555,0.0009442661935047483,-0.0101318359375,-0.0018310546875,16384,6575483.0,8368.0,4112.0,46064.0,0.01667882,-1.523824,0.03260782,-0.9934740330505442,-0.09360711563658343,0.06516942194377434,1.000036,0.0003713299,2.5334205151160605,3.027285371506638
path_b_only,2.2501936859989655,0.0,0.0,-0.004945777356624603,0.0009545931708289233,-0.00927734375,-0.001953125,16384,6575733.0,8398.0,4112.0,46064.0,0.01665177,-1.523785,0.03258538,-0.9934696395580218,-0.09368488082478446,0.0651246372834442,1.00007,0.000371434,2.534132078245392,3.0272468583312366
path_b_only,2.500384054997994,0.0,0.0,-0.004985988140106201,0.0009503370376159021,-0.009521484375,-0.0018310546875,16384,6575983.0,8428.0,4112.0,46080.0,0.01665643,-1.523795,0.03260344,-0.9934691704923833,-0.09366479055505125,0.06516068056316163,0.9999924,0.0003715599,2.5337722005987384,3.0272427472840877
path_b_only,2.7505215120036155,0.0,0.0,-0.004977881908416748,0.0009332395889191971,-0.00927734375,-0.001953125,16384,6576233.0,8458.0,4112.0,46096.0,0.01663123,-1.52377,0.03258152,-0.9934673290750777,-0.09371473208545078,0.06511693367000185,1.000088,0.0003715687,2.5343368162485227,3.0272266099133804
path_b_only,3.0001882479991764,0.0,0.0,-0.004974760115146637,0.0009350441487291189,-0.0091552734375,-0.0018310546875,16384,6576482.0,8488.0,4112.0,46080.0,0.01658635,-1.523783,0.03259465,-0.9934680625624673,-0.09368874132490722,0.06514313791438038,1.000006,0.000371586,2.5340182643823628,3.0272330376023118
path_b_only,3.2502283990033902,0.0,0.0,-0.004935435950756073,0.0009542750383901823,-0.0091552734375,-0.001708984375,16384,6576731.0,8518.0,4096.0,46096.0,0.01658585,-1.523811,0.03259095,-0.993473787479398,-0.0936331521967455,0.06513575363071517,1.000048,0.000371713,2.533793192618014,3.0272832184991576
path_b_only,3.5003905019984813,0.0,0.0,-0.004912227392196655,0.0009374180310495135,-0.00927734375,-0.0015869140625,16384,6576979.0,8548.0,4112.0,46096.0,0.01655608,-1.523775,0.03261071,-0.9934644797511626,-0.0937044402688747,0.0651751896556411,1.000034,0.0003717613,2.5338662302812685,3.0272016441598857
path_b_only,3.7504543160030153,0.0,0.0,-0.004947036504745483,0.0009615254616308048,-0.0091552734375,-0.001708984375,16384,6577228.0,8578.0,4112.0,46128.0,0.01658767,-1.523826,0.03259504,-0.9934760655324543,-0.09360329795888124,0.06514391625758592,1.000009,0.0003719262,2.5335849392130214,3.027303192531269
path_b_only,4.0003976820007665,0.0,0.0,-0.004993513226509094,0.000940895229860254,-0.0098876953125,-0.0015869140625,16384,6577477.0,8608.0,4112.0,46128.0,0.01660947,-1.523783,0.03259975,-0.9934674009858665,-0.09368867893510188,0.06515331624547699,1.000089,0.000371904,2.533944721980326,3.027227240065341
path_b_only,4.250166479003383,0.0,0.0,-0.004995003342628479,0.0009267293960159069,-0.009765625,-0.001708984375,16384,6577726.0,8638.0,4112.0,46096.0,0.01660718,-1.523815,0.03258185,-0.9934757165896014,-0.09362531561408009,0.06511759226923024,1.000021,0.0003717443,2.5338846802723767,3.0273001327652898
path_b_only,4.500381450001441,0.0,0.0,-0.004982739686965942,0.0009556877290795153,-0.0093994140625,-0.001953125,16384,6577992.0,8670.0,4112.0,46064.0,0.01655967,-1.523797,0.03259201,-0.9934710278812702,-0.0936609564649158,0.0651378691285622,1.000074,0.0003714958,2.5339171474269317,3.02725902692003
path_b_only,4.75041294300172,0.0,0.0,-0.004997424781322479,0.0009498672038432345,-0.0091552734375,-0.0018310546875,16384,6578224.0,8698.0,4112.0,46064.0,0.0166367,-1.523774,0.03260731,-0.9934647335501801,-0.0937064688138403,0.06516840411204242,1.000021,0.0003713441,2.5339251834534515,3.0272038677247655
path_b_only,5.0003718950029,0.0,0.0,-0.004997804760932922,0.0009332037798240773,-0.009033203125,-0.001953125,16384,6578473.0,8728.0,4112.0,46064.0,0.01658052,-1.523774,0.03258611,-0.9934674835873564,-0.09370672820530554,0.0651260941839956,1.000089,0.0003713286,2.534230871773998,3.0272279639038424
path_b_only,5.250475163004012,0.0,0.0,-0.00499909371137619,0.0009333827154233296,-0.0091552734375,-0.0015869140625,16384,6578722.0,8758.0,4096.0,46048.0,0.01667198,-1.52379,0.03258724,-0.9934703351564527,-0.09367492338074336,0.06512834938594524,1.000083,0.0003713493,2.534055546524627,3.027252955058004
path_b_only,5.500387835003494,0.0,0.0,-0.004941374063491821,0.0009599693781052028,-0.0093994140625,-0.0013427734375,16384,6578972.0,8788.0,4096.0,46032.0,0.01660278,-1.52378,0.03261838,-0.9934644212584678,-0.09369441173418977,0.06519049703263237,1.000067,0.0003712639,2.533705966306991,3.0272011317041865
path_b_only,5.750402010999096,0.0,0.0,-0.0049173906445503235,0.000940556125376565,-0.0087890625,-0.0010986328125,16384,6579223.0,8818.0,4112.0,46032.0,0.01671098,-1.523802,0.03260128,-0.9934707619445349,-0.0936509083949307,0.06515636974348421,1.000055,0.0003712698,2.53373372917019,3.027256695897055
path_b_only,6.00038525799755,0.0,0.0,-0.004874169826507568,0.0009371313903343556,-0.0087890625,-0.0020751953125,16384,6579472.0,8848.0,4112.0,46064.0,0.01656377,-1.523751,0.03259439,-0.993462098172866,-0.09375232627154732,0.065142619018888,1.000037,0.0003713064,2.534339957403521,3.0271807809512503
path_b_only,6.250497011002153,0.0,0.0,-0.004946291446685791,0.0009517867642379961,-0.0087890625,-0.0015869140625,16384,6579721.0,8878.0,4096.0,46064.0,0.01658118,-1.52377,0.03262816,-0.9934612774910363,-0.09371416123368692,0.0652100154128548,1.000057,0.0003713197,2.53366442997571,3.0271735924550804
path_b_only,6.500405083002988,0.0,0.0,-0.004961617290973663,0.0009525811693259894,-0.0087890625,-0.0018310546875,16384,6579986.0,8910.0,4112.0,46064.0,0.01654863,-1.52377,0.0326069,-0.9934640370682163,-0.09371442154726596,0.06516758585511073,1.00002,0.0003713561,2.533970848128881,3.0271977658623106
path_b_only,6.750388931002817,0.0,0.0,-0.004938527941703796,0.0009424005214186062,-0.009521484375,-0.0018310546875,16384,6580234.0,8940.0,4112.0,46080.0,0.01656377,-1.523803,0.03259048,-0.9934723501787399,-0.0936490535114277,0.06513481562685912,1.000033,0.000371439,2.533879546457001,3.0272706179949944
path_b_only,7.000400812998123,0.0,0.0,-0.004971429705619812,0.0009519253549038788,-0.0091552734375,-0.001708984375,16384,6580484.0,8970.0,4096.0,46080.0,0.0167451,-1.523802,0.03261388,-0.9934691269355754,-0.09365075426852845,0.06518151617445803,1.000047,0.0003714846,2.53355204804906,3.0272423655452156
path_b_only,7.250192551000509,0.0,0.0,-0.004969105124473572,0.000949896280259528,-0.0101318359375,-0.00146484375,16384,6580735.0,9000.0,4112.0,46080.0,0.01693443,-1.523808,0.03262357,-0.9934689928427677,-0.09363871407635876,0.0652008549491697,1.000076,0.0003715464,2.533352659189199,3.0272411903422354
path_b_only,7.500388480999391,0.0,0.0,-0.004941955208778381,0.0009491172930189395,-0.0091552734375,-0.0018310546875,16384,6580974.0,9028.0,4112.0,46096.0,0.01717652,-1.523841,0.03262144,-0.9934754473568513,-0.09357317096397508,0.06519660401317477,1.000063,0.0003715701,2.533054846937361,3.0272977720069223
path_b_only,7.750389090004319,0.0,0.0,-0.004867352545261383,0.000938734433362099,-0.009033203125,-0.00146484375,16384,6581232.0,9058.0,4112.0,46096.0,0.01695988,-1.523824,0.03260736,-0.9934740927416132,-0.09360712126079566,0.06516850389947011,1.000004,0.0003715837,2.5334271489930984,3.02728589484506
path_b_only,8.00040762199933,0.0,0.0,-0.004911109805107117,0.0009507571330238517,-0.0093994140625,-0.0015869140625,16384,6581486.0,9088.0,4096.0,46096.0,0.01694478,-1.523861,0.03262573,-0.9934786325282432,-0.09353337943486296,0.06520516575629424,1.000045,0.0003715881,2.5327937283296453,3.027325704186856
path_b_only,8.250371398004063,0.0,0.0,-0.00493224710226059,0.0009498251653954252,-0.009033203125,-0.001953125,16384,6581720.0,9116.0,4112.0,46080.0,0.01672493,-1.52377,0.03262274,-0.9934619811850585,-0.09371422761382327,0.06519919848129359,1.000019,0.0003715695,2.5337425356240892,3.027179756207031
path_b_only,8.500159948001965,0.0,0.0,-0.004911504685878754,0.0009442790900070655,-0.0086669921875,-0.00146484375,16384,6581988.0,9148.0,4112.0,46080.0,0.01670858,-1.523761,0.03260951,-0.9934620113633966,-0.09373227193018416,0.0651727947582445,1.000035,0.0003714715,2.534022655791615,3.0271800205506065
path_b_only,8.750395854003727,0.0,0.0,-0.004922710359096527,0.000961603936330052,-0.00927734375,-0.0015869140625,16384,6582237.0,9178.0,4112.0,46080.0,0.01639103,-1.523752,0.03261173,-0.9934600359244524,-0.09375012704426078,0.06517722531813305,1.000087,0.0003714283,2.534080068149347,3.0271627182100973
path_b_only,9.00038135000068,0.0,0.0,-0.004914700984954834,0.0009612611038333531,-0.00927734375,-0.00146484375,16384,6582482.0,9208.0,4096.0,46064.0,0.01631038,-1.523787,0.03260675,-0.9934672422482133,-0.09368064555122496,0.0651672864928077,1.000041,0.0003714459,2.533804024712209,3.0272258490569297
path_b_only,9.250416260998463,0.0,0.0,-0.004953175783157349,0.0009454950183932316,-0.0091552734375,-0.0018310546875,16384,6582729.0,9238.0,4112.0,46064.0,0.01654747,-1.523808,0.03260341,-0.9934716093335324,-0.0936389606918368,0.06516062069067444,0.9999974,0.0003714528,2.533643327807794,3.0272641237052347
path_b_only,9.500171487001353,0.0,0.0,-0.004948519170284271,0.000956955988056097,-0.0091552734375,-0.001953125,16384,6582978.0,9268.0,4112.0,46080.0,0.01658362,-1.523783,0.03261617,-0.9934652702665533,-0.09368847799818394,0.06518608643405543,1.00001,0.0003714775,2.5337079947112375,3.027208570105658
path_b_only,9.750400536999223,0.0,0.0,-0.004944667220115662,0.0009332858105655542,-0.0091552734375,-0.0018310546875,16384,6583227.0,9298.0,4112.0,46080.0,0.01660488,-1.523781,0.03262431,-0.9934638388316677,-0.09369235220498276,0.0652023317998957,1.000023,0.0003714852,2.533610555211471,3.0271960291757125
path_b_only,10.000388366999687,0.0,0.0,-0.005002819001674652,0.000966542364301266,-0.0098876953125,-0.0020751953125,16384,6583476.0,9328.0,4112.0,46080.0,0.01662105,-1.523775,0.03262648,-0.9934624327148458,-0.09370424719061556,0.06520666256403898,1.000018,0.0003714849,2.5336389353345226,3.027183711392179
path_b_only,10.250138761999551,0.0,0.0,-0.004960514605045319,0.0009513409535320441,-0.0093994140625,-0.0020751953125,16384,6583725.0,9358.0,4096.0,46080.0,0.01660192,-1.523789,0.03262027,-0.993465862257983,-0.09367650622577468,0.065194268991491,1.000027,0.0003714638,2.5335892334399883,3.0272137569960558
path_b_only,10.500392629997805,0.0,0.0,-0.0050024911761283875,0.0009641796901744925,-0.0093994140625,-0.001708984375,16384,6583974.0,9388.0,4112.0,46080.0,0.01660662,-1.523793,0.03263417,-0.9934648068560926,-0.09366838833279545,0.06522200982431679,1.000047,0.0003714555,2.5333491172572318,3.027204509975028
path_b_only,10.750376280004275,0.0,0.0,-0.004961363971233368,0.0009301540339161882,-0.00927734375,-0.0013427734375,16384,6584223.0,9418.0,4096.0,46080.0,0.01661632,-1.523767,0.03260328,-0.9934639444655535,-0.09372042664006405,0.06516036124322722,1.000061,0.0003714293,2.5340528469932257,3.02719695459692
path_b_only,11.000387653999496,0.0,0.0,-0.00501619279384613,0.0009560076565550163,-0.009765625,-0.0020751953125,16384,6584473.0,9448.0,4096.0,46080.0,0.01662835,-1.523811,0.0326102,-0.9934712900806693,-0.0936329168213202,0.06517417182429341,1.000039,0.0003714302,2.533515567297636,3.027261325230349
path_b_only,11.250194624997675,0.0,0.0,-0.004912316799163818,0.0009497125691286693,-0.00927734375,-0.00146484375,16384,6584738.0,9480.0,4112.0,46080.0,0.01658602,-1.523798,0.03260538,-0.9934694807483977,-0.09365880600805938,0.06516455231683534,1.000042,0.0003714536,2.533714391124117,3.027245466454435
path_b_only,11.50017089999892,0.0,0.0,-0.004936352372169495,0.0009693461340506488,-0.00927734375,-0.001708984375,16384,6584970.0,9508.0,4112.0,46080.0,0.01662197,-1.523774,0.03262088,-0.9934629723294587,-0.09370630269040478,0.06519548639600314,1.000011,0.0003714679,2.5337295813984095,3.0271884383368706
path_b_only,11.750378588003514,0.0,0.0,-0.004908829927444458,0.0009540765550145942,-0.0091552734375,-0.001708984375,16384,6585236.0,9540.0,4096.0,46080.0,0.0165901,-1.523776,0.03263962,-0.993460913718989,-0.09370209931963978,0.06523288661192145,1.000075,0.0003714642,2.5334396581089216,3.027170406255704
path_b_only,12.00039651300176,0.0,0.0,-0.004903547465801239,0.0009645774692175111,-0.00927734375,-0.0018310546875,16384,6585485.0,9570.0,4080.0,46080.0,0.01660582,-1.523793,0.03261962,-0.9934666960157379,-0.09366856645137404,0.065192971757068,1.000071,0.0003714945,2.533558821544718,3.0272210625836387
path_b_only,12.250147655999172,0.0,0.0,-0.00495852530002594,0.0009590233181162378,-0.00927734375,-0.0015869140625,16384,6585717.0,9598.0,4112.0,46080.0,0.01661265,-1.523784,0.03260793,-0.993466527028216,-0.09368659191352603,0.06516964147609978,1.000048,0.0003714656,2.5338168393404814,3.027219581836462
path_b_only,12.500396935000026,0.0,0.0,-0.004966132342815399,0.0009492935532217248,-0.0089111328125,-0.0020751953125,16384,6585983.0,9630.0,4112.0,46080.0,0.01667875,-1.523758,0.03263121,-0.993458632024439,-0.0937379669088723,0.06521610242816862,1.000038,0.0003714529,2.5337397467632705,3.027150423409162
path_b_only,12.750387412997952,0.0,0.0,-0.00496317446231842,0.000947019870881807,-0.0089111328125,-0.00146484375,16384,6586233.0,9660.0,4112.0,46064.0,0.0165548,-1.523782,0.03261988,-0.9934646013161302,-0.09369041951309537,0.06519349065085041,1.000042,0.0003714061,2.5336644611500665,3.0272027092003753
path_b_only,13.00054045500292,0.0,0.0,-0.004965566098690033,0.0009455234156075937,-0.009033203125,-0.001953125,16384,6586481.0,9690.0,4112.0,46064.0,0.01656838,-1.523765,0.03261207,-0.9934624289671475,-0.09372429288886017,0.06517790387223676,1.000032,0.0003714231,2.533946010406498,3.027183678563572
path_b_only,13.250192436004,0.0,0.0,-0.00493650883436203,0.000936096698349469,-0.009033203125,-0.0015869140625,16384,6586730.0,9720.0,4112.0,46064.0,0.01659127,-1.523758,0.03263758,-0.9934578047646585,-0.09373788885262775,0.06522881530150537,1.000021,0.0003714265,2.5336479753737065,3.0271431792110097
path_b_only,13.500513327002409,0.0,0.0,-0.004933170974254608,0.000954204728910569,-0.00927734375,-0.001708984375,16384,6586979.0,9750.0,4096.0,46080.0,0.01661412,-1.523736,0.03260977,-0.9934572897679863,-0.09378194172852576,0.0651733136527123,1.000044,0.0003714892,2.534267210290749,3.02713866968776
path_b_only,13.750378144999559,0.0,0.0,-0.004984326660633087,0.0009601385360265426,-0.0089111328125,-0.0015869140625,16384,6587228.0,9780.0,4112.0,46096.0,0.01659657,-1.523762,0.03264675,-0.9934573634614874,-0.09372982880332194,0.06524711623244311,1.000043,0.0003715533,2.533476128018963,3.0271393149676022
path_b_only,14.000475107000966,0.0,0.0,-0.004987694323062897,0.0009637407016116421,-0.0091552734375,-0.001953125,16384,6587477.0,9810.0,4112.0,46080.0,0.0166143,-1.5238,0.03261272,-0.9934689028755557,-0.09365474233678966,0.06517920110793937,1.000067,0.0003715816,2.533588667180682,3.0272404018671955
path_b_only,14.250191783001355,0.0,0.0,-0.0049230679869651794,0.0009596850929365333,-0.009521484375,-0.0018310546875,16384,6587726.0,9840.0,4112.0,46096.0,0.01657032,-1.523758,0.03262695,-0.9934591851725588,-0.09373801910126209,0.06520760056348425,1.000015,0.0003716095,2.533801126235069,3.027155267504564
path_b_only,14.500524271999893,0.0,0.0,-0.004944749176502228,0.0009625872425569844,-0.010009765625,-0.001708984375,16384,6587975.0,9870.0,4112.0,46080.0,0.01653527,-1.523761,0.03263779,-0.9934583398990481,-0.09373192553073378,0.06522923440703951,1.000036,0.0003716167,2.533615135517172,3.027147865255842
path_b_only,14.750384302002203,0.0,0.0,-0.0049493685364723206,0.0009443140764438106,-0.009521484375,-0.001953125,16384,6588223.0,9900.0,4112.0,46080.0,0.01654532,-1.523775,0.03261714,-0.9934636452196645,-0.09370436155513252,0.0651880223077958,1.000084,0.0003716054,2.5337735453350128,3.027194333028607
path_b_only,15.000427881001087,0.0,0.0,-0.004990465939044952,0.0009402989228943274,-0.0093994140625,-0.0015869140625,16384,6588487.0,9932.0,4096.0,46080.0,0.01656068,-1.523761,0.03263007,-0.9934593424670622,-0.09373202012214912,0.06521382728174514,1.00007,0.0003716344,2.5337263595840085,3.027156645020235
path_b_only,15.250195762004296,0.0,0.0,-0.004981577396392822,0.000945108477339058,-0.0093994140625,-0.001953125,16384,6588719.0,9960.0,4112.0,46096.0,0.01652838,-1.52379,0.03261636,-0.9934665571464869,-0.09367456714988115,0.06518646562583832,1.000131,0.000371683,2.533635650368536,3.027219845745346
path_b_only,15.500451004998467,0.0,0.0,-0.00494413822889328,0.0009411204454852195,-0.009033203125,-0.001708984375,16384,6588984.0,9992.0,4112.0,46096.0,0.01665233,-1.523795,0.03262726,-0.9934660788154641,-0.09366449907014192,0.06520821924393787,1.000015,0.0003716846,2.5334288073335616,3.027215654480543
path_b_only,15.750391216002754,0.0,0.0,-0.004936397075653076,0.00094075752181277,-0.009033203125,-0.001708984375,16384,6589234.0,10022.0,4096.0,46096.0,0.01674375,-1.523776,0.0326188,-0.9934636171529758,-0.09370235430444739,0.06519133524579257,1.000092,0.0003716799,2.533739678490436,3.0271940871511323
path_b_only,16.0001642060015,0.0,0.0,-0.0049217864871025085,0.0009430459353549145,-0.009765625,-0.0018310546875,16384,6589485.0,10052.0,4112.0,46096.0,0.01671625,-1.523813,0.03262209,-0.9934701213189953,-0.09362879748971237,0.06519790124728927,1.000027,0.0003717186,2.5333242383652506,3.0272510807977127
path_b_only,16.250146336002217,0.0,0.0,-0.004942305386066437,0.0009438829293917733,-0.0096435546875,-0.00146484375,16384,6589719.0,10080.0,4112.0,46096.0,0.0167277,-1.52378,0.03263596,-0.9934621386725799,-0.09369419646171759,0.0652255822012838,1.00006,0.0003717248,2.5334526172801244,3.027181135706995
path_b_only,16.500393914000597,0.0,0.0,-0.004949755966663361,0.0009498287956678226,-0.009033203125,-0.00146484375,16384,6589971.0,10110.0,4112.0,46096.0,0.01678528,-1.523833,0.03260664,-0.9934758709368228,-0.0935892475132371,0.06516706696044842,1.000059,0.0003717292,2.5333479407820825,3.0273014861756335
path_b_only,16.750396451003326,0.0,0.0,-0.004940412938594818,0.0009465029153690002,-0.009521484375,-0.00146484375,16384,6590223.0,10140.0,4096.0,46096.0,0.01676585,-1.523823,0.0326462,-0.993468862561995,-0.09360863304049545,0.06524601857635336,1.000019,0.0003717268,2.532877189442723,3.0272400485598334
path_b_only,17.00039856699732,0.0,0.0,-0.004933714866638184,0.0009603737642445298,-0.0091552734375,-0.001708984375,16384,6590475.0,10170.0,4112.0,46096.0,0.01681412,-1.523823,0.03260823,-0.9934737926307177,-0.0936090975714046,0.06517024020060769,1.00009,0.0003717263,2.5334245557435375,3.0272832636621523
path_b_only,17.250175203000254,0.0,0.0,-0.004903882741928101,0.0009405848901256873,-0.009033203125,-0.001220703125,16384,6590726.0,10200.0,4112.0,46096.0,0.01677848,-1.5238,0.03263346,-0.9934662103216129,-0.09365448850856715,0.0652205928477464,1.000035,0.0003717321,2.533289710552255,3.0272168067574725
path_b_only,17.500396770003135,0.0,0.0,-0.004871435463428497,0.0009494797407327708,-0.0091552734375,-0.0015869140625,16384,6590978.0,10230.0,4112.0,46096.0,0.01680812,-1.523812,0.03260876,-0.9934716642139074,-0.09363094749028643,0.06517129794718099,1.000086,0.0003717786,2.5335263814509545,3.0272646047770193
path_b_only,17.750388867003494,0.0,0.0,-0.004916653037071228,0.0009327689820580523,-0.00927734375,-0.0015869140625,16384,6591230.0,10260.0,4112.0,46112.0,0.01674647,-1.523768,0.03261522,-0.9934625824694844,-0.09371829354604191,0.06518419047499976,1.000052,0.0003718471,2.5338707945374583,3.027185023201306
path_b_only,18.000388197004213,0.0,0.0,-0.004855483770370483,0.0009528160139772164,-0.0086669921875,-0.001708984375,16384,6591482.0,10290.0,4096.0,46096.0,0.01678248,-1.523791,0.03262279,-0.9934659098152491,-0.09367250151593022,0.06519929826852014,1.000065,0.0003718707,2.5335330200615154,3.027214173691858
path_b_only,18.250191250997887,0.0,0.0,-0.004936680197715759,0.0009457706600793468,-0.009033203125,-0.0015869140625,16384,6591717.0,10318.0,4112.0,46128.0,0.01683582,-1.523806,0.03262099,-0.9934689532184783,-0.0936427195223245,0.06519570592795403,1.000097,0.000371916,2.533409751393801,3.0272408430732414
path_b_only,18.50038699599827,0.0,0.0,-0.004913292825222015,0.0009601921031581733,-0.00927734375,-0.0018310546875,16384,6591986.0,10350.0,4112.0,46128.0,0.01684495,-1.523794,0.03262114,-0.9934666860346898,-0.09366656091432275,0.06519600528970014,1.000095,0.0003719479,2.5335269653038175,3.0272209751245267
path_b_only,18.75017091100017,0.0,0.0,-0.0049135684967041016,0.0009391004582177226,-0.0091552734375,-0.00146484375,16384,6592223.0,10378.0,4096.0,46128.0,0.01691123,-1.523775,0.03262317,-0.9934628624537486,-0.09370428772396543,0.06520005665142052,1.000078,0.00037195,2.533686636888186,3.027187475826034
path_b_only,19.00038054500328,0.0,0.0,-0.004883483052253723,0.0009379839028655798,-0.0091552734375,-0.0018310546875,16384,6592475.0,10408.0,4112.0,46128.0,0.01672697,-1.523752,0.03262769,-0.9934579641633223,-0.09374993153778631,0.06520907741355787,1.000078,0.0003719416,2.533850078800067,3.0271445750072976
path_b_only,19.250233343002037,0.0,0.0,-0.004984021186828613,0.0009497971324469964,-0.0101318359375,-0.0015869140625,16384,6592728.0,10438.0,4112.0,46128.0,0.01684083,-1.52377,0.03264161,-0.9934595307349817,-0.09371399646050226,0.06523685813427121,1.000075,0.000371919,2.533470643110526,3.0271582938090846
path_b_only,19.500393656002416,0.0,0.0,-0.0049072206020355225,0.0009433747880240521,-0.009521484375,-0.0015869140625,16384,6592980.0,10468.0,4112.0,46128.0,0.01678375,-1.523775,0.03262112,-0.9934631285844089,-0.09370431282564251,0.065195965374801,1.000059,0.0003719081,2.5337161817137748,3.0271898071435746
path_b_only,19.75039001100231,0.0,0.0,-0.004900515079498291,0.0009419229492870541,-0.0087890625,-0.0018310546875,16384,6593233.0,10498.0,4112.0,46128.0,0.01688862,-1.523774,0.03261072,-0.9934642910425512,-0.0937064270752401,0.06517520961311783,1.00006,0.0003718989,2.5338760257474444,3.027199990888074
path_b_only,20.000406721002946,0.0,0.0,-0.004948042333126068,0.0009373782469622362,-0.009033203125,-0.0020751953125,16384,6593485.0,10528.0,4112.0,46112.0,0.01680018,-1.523822,0.03263696,-0.9934698756022684,-0.09361073307373634,0.0652275779422422,1.000036,0.0003718908,2.533020309252408,3.0272489271571232
path_b_only,20.2501361120012,0.0,0.0,-0.004916049540042877,0.0009672986387579527,-0.0091552734375,-0.0018310546875,16384,6593720.0,10556.0,4112.0,46128.0,0.0167193,-1.523803,0.03261991,-0.9934685315431655,-0.09364869355011908,0.0651935505232088,1.000076,0.0003719019,2.5334551680892687,3.027237147557527
path_b_only,20.500380498000595,0.0,0.0,-0.004881501197814941,0.0009436462112930998,-0.009033203125,-0.0015869140625,16384,6593987.0,10588.0,4112.0,46128.0,0.01663985,-1.523739,0.03263783,-0.9934542095374101,-0.09377563711654492,0.06522931423666375,1.000078,0.0003718954,2.5338331402293264,3.0271117016108313
path_b_only,20.7503775389996,0.0,0.0,-0.004926040768623352,0.0009462810811318252,-0.0091552734375,-0.001953125,16384,6594236.0,10618.0,4112.0,46128.0,0.01665058,-1.523735,0.03264241,-0.9934528644030236,-0.09378352858795112,0.0652384547258794,1.000019,0.000371895,2.533806902827032,3.0270999266558074
path_b_only,21.00017760499759,0.0,0.0,-0.004917867481708527,0.0009539584038178473,-0.0091552734375,-0.001708984375,16384,6594486.0,10648.0,4112.0,46128.0,0.01664938,-1.52374,0.03262527,-0.9934560280824619,-0.09377380416007387,0.06520424771413821,1.000026,0.0003718883,2.5340041434605274,3.0271276225964794
path_b_only,21.250397953001084,0.0,0.0,-0.004918515682220459,0.0009436299826431951,-0.0093994140625,-0.001708984375,16384,6594720.0,10676.0,4112.0,46128.0,0.01668083,-1.52377,0.03264297,-0.9934593540713015,-0.09371397979564677,0.06523957233990577,1.000044,0.0003718811,2.533451051176847,3.027156746645681
path_b_only,21.500165194003785,0.0,0.0,-0.004932507872581482,0.0009526746340865884,-0.009033203125,-0.0018310546875,16384,6594970.0,10706.0,4112.0,46128.0,0.01669627,-1.523786,0.03262998,-0.9934640395128699,-0.09368234813991468,0.06521364766490781,1.000014,0.0003718569,2.5334791218239268,3.0271977872792974
path_b_only,21.75038404999941,0.0,0.0,-0.004900619387626648,0.0009529069488684329,-0.00927734375,-0.001708984375,16384,6595237.0,10738.0,4112.0,46128.0,0.01666627,-1.52373,0.03263796,-0.9934525045304312,-0.09379351768302312,0.06522957368293968,1.000029,0.0003718193,2.533920647505987,3.0270967766295724
path_b_only,22.00037417600106,0.0,0.0,-0.0049586221575737,0.0009445517008032081,-0.00927734375,-0.0020751953125,16384,6595488.0,10768.0,4112.0,46112.0,0.01672827,-1.523724,0.03264862,-0.9934499941748589,-0.09380530835187093,0.06525084826255775,1.000048,0.0003718102,2.5338267100465863,3.0270748054585095
path_b_only,22.2502181939999,0.0,0.0,-0.004951216280460358,0.0009464718160410283,-0.0093994140625,-0.0015869140625,16384,6595723.0,10796.0,4112.0,46096.0,0.01679738,-1.523745,0.03263629,-0.9934555347862152,-0.09376373453675863,0.06522624079582891,1.000039,0.000371825,2.533795724145506,3.0271233036719987
path_b_only,22.500531748999492,0.0,0.0,-0.004981771111488342,0.000958464368446095,-0.0091552734375,-0.0013427734375,16384,6595975.0,10826.0,4096.0,46128.0,0.01674125,-1.523768,0.03264187,-0.9934591220976903,-0.09371796711186584,0.0652373770265622,1.000014,0.0003718331,2.533486780263745,3.0271547151274083
path_b_only,22.750236209998548,0.0,0.0,-0.004888847470283508,0.0009422446815611297,-0.0087890625,-0.0015869140625,16384,6596226.0,10856.0,4112.0,46096.0,0.01668417,-1.523731,0.03262141,-0.9934548411117765,-0.09379173366383611,0.06519654414082837,1.000009,0.0003718169,2.534149125046948,3.0271172306638587
path_b_only,23.00037715500366,0.0,0.0,-0.004947759211063385,0.0009449007712235339,-0.009521484375,-0.001708984375,16384,6596477.0,10886.0,4112.0,46096.0,0.01674168,-1.52375,0.03262755,-0.9934576073333855,-0.09375390708435014,0.06520879800950084,1.000051,0.0003718097,2.533871965318866,3.027141450400452
path_b_only,23.25040258700028,0.0,0.0,-0.004951506853103638,0.0009620345356771867,-0.00927734375,-0.0020751953125,16384,6596728.0,10916.0,4112.0,46112.0,0.0167219,-1.523776,0.03263863,-0.9934610423074505,-0.09370211144795668,0.06523091082906103,1.000032,0.0003718457,2.5334539214077,3.02717153252367
path_b_only,23.50048891500046,0.0,0.0,-0.0049538686871528625,0.0009611776747450889,-0.0091552734375,-0.001953125,16384,6596978.0,10946.0,4112.0,46128.0,0.01657623,-1.523766,0.03263807,-0.9934592408015749,-0.09372198751181532,0.06522979321440046,1.000087,0.0003718672,2.5335614049008326,3.027155754676989
path_b_only,23.750515690997418,0.0,0.0,-0.004978947341442108,0.0009572645390531912,-0.0091552734375,-0.0018310546875,16384,6597227.0,10976.0,4112.0,46128.0,0.0166664,-1.523749,0.03264627,-0.9934549885098397,-0.09375566454818055,0.0652461582780419,1.000062,0.0003718632,2.5336122353714563,3.0271185210833558
path_b_only,24.00038379200123,0.0,0.0,-0.004972130060195923,0.0009417312990499996,-0.0093994140625,-0.0018310546875,16384,6597477.0,11006.0,4112.0,46128.0,0.01669413,-1.523789,0.03266569,-0.9934599620649776,-0.09367594988107499,0.06528491546851796,1.000032,0.0003718924,2.5329348379304104,3.0271620713452583
path_b_only,24.25051276400336,0.0,0.0,-0.004929475486278534,0.0009349700070531566,-0.009033203125,-0.0018310546875,16384,6597727.0,11036.0,4112.0,46144.0,0.01670485,-1.52379,0.03265757,-0.9934612048290169,-0.0936740624766049,0.06526871010528065,1.000087,0.0003719131,2.533041835963898,3.0271729560173704
path_b_only,24.50038240700087,0.0,0.0,-0.004893966019153595,0.0009395033937377042,-0.0091552734375,-0.001708984375,16384,6597978.0,11066.0,4112.0,46128.0,0.01675582,-1.523757,0.03266567,-0.9934539673694311,-0.09373953137206982,0.06528487555385135,1.000062,0.000371939,2.5332533665845043,3.027109581646606
path_b_only,24.750466821998998,0.0,0.0,-0.004893764853477478,0.0009375128383542732,-0.0087890625,-0.00146484375,16384,6598229.0,11096.0,4112.0,46128.0,0.01673332,-1.523761,0.03265107,-0.9934566147201662,-0.09373176276161506,0.06525573781934808,1.000055,0.0003719525,2.533423846822748,3.0271327589585493
path_b_only,25.000165047000337,0.0,0.0,-0.004907101392745972,0.000946073446484735,-0.0096435546875,-0.001708984375,16384,6598480.0,11126.0,4112.0,46144.0,0.0166708,-1.52378,0.03263902,-0.9934617412369173,-0.09369415897924734,0.06523168916779414,1.000066,0.0003719495,2.5334085279949923,3.02717765443138
path_b_only,25.250156203997904,0.0,0.0,-0.004908710718154907,0.0009412483058844443,-0.01025390625,-0.001953125,16384,6598730.0,11156.0,4112.0,46128.0,0.0166925,-1.523791,0.03264696,-0.9934627708376914,-0.09367220554615702,0.06524753533747475,1.000061,0.0003719168,2.5331847261088525,3.0271866732758586
path_b_only,25.50040325900045,0.0,0.0,-0.004933670163154602,0.0009508253033088919,-0.00927734375,-0.001953125,16384,6598981.0,11186.0,4112.0,46128.0,0.0168271,-1.52376,0.03266421,-0.9934547195734466,-0.09373358855298268,0.0652819617829055,1.000073,0.0003718932,2.533244565498684,3.0271161666483533
path_b_only,25.75041605500155,0.0,0.0,-0.004922747611999512,0.0009527423521929526,-0.00927734375,-0.00146484375,16384,6599233.0,11216.0,4112.0,46128.0,0.01664212,-1.523771,0.03267476,-0.9934554098890791,-0.09371160314649908,0.06530301675906688,1.000012,0.0003718581,2.5329832947081066,3.0271222101939816
path_b_only,26.00038017600309,0.0,0.0,-0.004911482334136963,0.0009576619921427117,-0.009033203125,-0.0018310546875,16384,6599482.0,11246.0,4112.0,46096.0,0.01665017,-1.523804,0.03264879,-0.9934649682205359,-0.09364635307075968,0.06525118753797746,1.000045,0.0003718231,2.533029009174532,3.0272059237393445
path_b_only,26.250175326000317,0.0,0.0,-0.0049057528376579285,0.0009569457078141782,-0.0091552734375,-0.0010986328125,16384,6599732.0,11276.0,4112.0,46128.0,0.01663382,-1.523733,0.03265955,-0.9934502622026538,-0.09378729215182882,0.06527266166095769,1.000048,0.0003717876,2.533579959359562,3.0270771510951975
path_b_only,26.50039347299753,0.0,0.0,-0.004936009645462036,0.0009490551913358901,-0.0091552734375,-0.001708984375,16384,6599966.0,11304.0,4096.0,46096.0,0.01674777,-1.523768,0.03267449,-0.9934548827091946,-0.09371756718914856,0.06530247791169821,1.000054,0.0003717511,2.5330170166775154,3.0271175948335234
path_b_only,26.75039894499787,0.0,0.0,-0.004964180290699005,0.0009472091130967546,-0.0093994140625,-0.0018310546875,16384,6600234.0,11336.0,4112.0,46096.0,0.0167495,-1.523784,0.03265692,-0.993460165142437,-0.09368599197041717,0.06526741287718374,1.000084,0.0003717593,2.5331108869350327,3.0271638499161875
path_b_only,27.00038704200415,0.0,0.0,-0.004956059157848358,0.0009564055623751368,-0.009521484375,-0.001953125,16384,6600486.0,11366.0,4096.0,46096.0,0.01686087,-1.523776,0.03266855,-0.9934571543585462,-0.09370174474105422,0.06529062326476998,1.000083,0.0003717361,2.5330229762615843,3.0271374840162295
path_b_only,27.25033256700408,0.0,0.0,-0.004974067211151123,0.0009606099190678637,-0.009033203125,-0.001708984375,16384,6600722.0,11394.0,4112.0,46096.0,0.01677342,-1.523764,0.03265868,-0.9934561881761875,-0.09372570872280274,0.06527092537146809,1.000047,0.0003717559,2.5332844291556267,3.027129024289514
path_b_only,27.50038565700379,0.0,0.0,-0.004930637776851654,0.0009532413139665842,-0.00927734375,-0.0009765625,16384,6600972.0,11424.0,4112.0,46096.0,0.01667762,-1.523748,0.0326589,-0.9934531598526049,-0.09375749657442674,0.06527136443319675,1.000037,0.0003717807,2.533440292176027,3.0271025128409295
path_b_only,27.75039431299956,0.0,0.0,-0.004906661808490753,0.000922811661074976,-0.0089111328125,-0.001953125,16384,6601222.0,11454.0,4096.0,46096.0,0.016707,-1.523757,0.03267728,-0.9934524578903791,-0.09373938894185804,0.06530804600025623,1.000054,0.000371794,2.5330862274304113,3.027096368387551
path_b_only,28.00016660700203,0.0,0.0,-0.004955299198627472,0.0009334751144226897,-0.009521484375,-0.0020751953125,16384,6601473.0,11484.0,4112.0,46096.0,0.01666575,-1.523747,0.03266676,-0.9934519506863538,-0.09375938705998307,0.06528705090303018,1.000029,0.0003717923,2.5333370645121196,3.0270919289063896
path_b_only,28.250194017004105,0.0,0.0,-0.005005627870559692,0.0009530558438664117,-0.00927734375,-0.001953125,16384,6601722.0,11514.0,4112.0,46096.0,0.016697,-1.523751,0.03263763,-0.9934564858428218,-0.09375179663986996,0.06522891508853836,1.000066,0.0003717787,2.533716812414097,3.0271316305410645
path_b_only,28.50039796600322,0.0,0.0,-0.0049842968583106995,0.0009501099961710447,-0.009521484375,-0.001953125,16384,6601989.0,11546.0,4112.0,46096.0,0.0166435,-1.523763,0.03266734,-0.9934548750792603,-0.09372758943605218,0.06528820842815483,1.000028,0.0003718138,2.5331696737814413,3.0271175280362472
path_b_only,28.750144448997162,0.0,0.0,-0.0049517154693603516,0.0009459929766833708,-0.009033203125,-0.0018310546875,16384,6602222.0,11574.0,4112.0,46096.0,0.01668557,-1.523792,0.03263878,-0.9934640207834555,-0.09367031880965605,0.06523121019011692,1.000032,0.0003718381,2.5332926352214624,3.0271976231957733
path_b_only,29.00037928600068,0.0,0.0,-0.004971437156200409,0.0009581475601448711,-0.00927734375,-0.001708984375,16384,6602472.0,11604.0,4112.0,46128.0,0.0167409,-1.523734,0.03266004,-0.9934503860907137,-0.09378529923906699,0.06527363957104299,1.000088,0.0003718023,2.533562971725048,3.027078235313763
path_b_only,29.25017489399761,0.0,0.0,-0.0049788132309913635,0.0009441432309804785,-0.0089111328125,-0.00146484375,16384,6602723.0,11634.0,4112.0,46096.0,0.01667645,-1.523738,0.03267798,-0.9934488040487374,-0.09377713147497084,0.06530944301140332,1.000054,0.0003718273,2.533264993066071,3.0270643906854744
path_b_only,29.500396533003368,0.0,0.0,-0.004949323832988739,0.0009630595112934504,-0.0096435546875,-0.0015869140625,16384,6602973.0,11664.0,4112.0,46112.0,0.01669775,-1.523732,0.03266315,-0.9934496067176164,-0.09378923487803048,0.06527984630502073,1.000049,0.0003718263,2.5335380652137136,3.027071414723378
path_b_only,29.750375893003365,0.0,0.0,-0.004939869046211243,0.0009464806062313546,-0.010009765625,-0.001953125,16384,6603223.0,11694.0,4096.0,46112.0,0.01667452,-1.523751,0.03265397,-0.9934543630603608,-0.09375159631436761,0.06526152545597298,1.000075,0.0003718368,2.5334814703630357,3.027113045587301
path_b_only,30.000375007999537,0.0,0.0,-0.004979610443115234,0.0009584715112935463,-0.0091552734375,-0.0013427734375,16384,6603473.0,11724.0,4112.0,46112.0,0.01677495,-1.523779,0.03267742,-0.993456563256326,-0.09369567522597325,0.06530832540249588,1.000048,0.000371884,2.532865425880221,3.0271323083528325
path_b_only,30.250184711003385,0.0,0.0,-0.0049944669008255005,0.0009531662124566942,-0.0091552734375,-0.0018310546875,16384,6603725.0,11754.0,4096.0,46144.0,0.0167717,-1.523756,0.03266353,-0.9934540580628679,-0.09374154452814293,0.06528060468391883,1.000078,0.0003719074,2.5332941185893674,3.0271103755820112
path_b_only,30.500379089004127,0.0,0.0,-0.004963718354701996,0.0009502204644832215,-0.00927734375,-0.00048828125,16384,6603976.0,11784.0,4112.0,46128.0,0.01675807,-1.523772,0.03265982,-0.993457539497745,-0.09370979943607068,0.06527320050937979,1.000073,0.000371889,2.5331884689718986,3.0271408564024243
path_b_only,30.75038445500104,0.0,0.0,-0.0049619972705841064,0.0009470498855409618,-0.0091552734375,-0.0020751953125,16384,6604227.0,11814.0,4112.0,46128.0,0.01671447,-1.52373,0.03265636,-0.9934501140367168,-0.09379329199250097,0.06526629526519641,1.000044,0.0003719543,2.5336556837611255,3.0270758544198193
path_b_only,31.00014502400154,0.0,0.0,-0.004971213638782501,0.000953403710616134,-0.009521484375,-0.0018310546875,16384,6604478.0,11844.0,4112.0,46128.0,0.01674758,-1.523766,0.03264976,-0.9934577221989811,-0.0937218442483099,0.06525312340346326,1.000022,0.0003719704,2.5333930110806335,3.027142456219979
path_b_only,31.250288012000965,0.0,0.0,-0.004906512796878815,0.0009423515495775078,-0.009521484375,-0.0018310546875,16384,6604728.0,11874.0,4112.0,46128.0,0.01665278,-1.523713,0.03263294,-0.9934499669299708,-0.09382735658833202,0.06521955506200576,1.000048,0.0003720184,2.534161709581987,3.0270745670284196
path_b_only,31.50015952099784,0.0,0.0,-0.004968658089637756,0.0009482617262927849,-0.0089111328125,-0.0015869140625,16384,6604978.0,11904.0,4112.0,46144.0,0.01664865,-1.523706,0.03264604,-0.9934469517290193,-0.09384110415285772,0.06524569925820334,1.000028,0.0003720397,2.5340425356221825,3.02704818294339
path_b_only,31.750167420999787,0.0,0.0,-0.004905760288238525,0.0009418454890996753,-0.0091552734375,-0.001708984375,16384,6605227.0,11934.0,4112.0,46128.0,0.01665733,-1.523739,0.03264734,-0.9934529741867248,-0.09377552050744863,0.0652482937179789,1.000054,0.0003720019,2.5336961728221024,3.027100887628463
path_b_only,32.00012678900384,0.0,0.0,-0.004954308271408081,0.00094801160298736,-0.009033203125,-0.001953125,16384,6605477.0,11964.0,4112.0,46144.0,0.01666673,-1.523725,0.03264404,-0.9934507767928867,-0.09380337763353379,0.06524170778076428,1.000067,0.0003719847,2.5338827322685225,3.027081654649275
path_b_only,32.25018338100199,0.0,0.0,-0.004967160522937775,0.0009393950650952407,-0.0098876953125,-0.0020751953125,16384,6605728.0,11994.0,4112.0,46144.0,0.01671075,-1.523758,0.0326394,-0.9934575683751047,-0.09373786654804912,0.06523244754908566,1.000037,0.0003719797,2.5336217571012316,3.027141109264624
path_b_only,32.50015582299966,0.0,0.0,-0.004932478070259094,0.0009411871059325297,-0.00927734375,-0.0018310546875,16384,6605979.0,12024.0,4112.0,46128.0,0.0167269,-1.523735,0.03264494,-0.9934525357448649,-0.09378349756209883,0.06524350394574104,1.000073,0.0003718322,2.5337704664591936,3.0270970498514216
path_b_only,32.75014501700207,0.0,0.0,-0.0049729421734809875,0.0009678151190298903,-0.009765625,-0.001953125,16384,6606229.0,12054.0,4112.0,46128.0,0.01672332,-1.523733,0.03263362,-0.9934536309225968,-0.09378761017793792,0.06522091216642163,1.000075,0.0003719248,2.533953369136002,3.0271066364201293
path_b_only,33.00014264699712,0.0,0.0,-0.004975765943527222,0.0009603135002432143,-0.00927734375,-0.001708984375,16384,6606463.0,12082.0,4112.0,46128.0,0.01665835,-1.523697,0.03263371,-0.993446863951905,-0.09385913749196814,0.06522109178317351,1.000033,0.0003719023,2.5343093752531924,3.0270474149529294
path_b_only,33.250170232997334,0.0,0.0,-0.004932917654514313,0.0009410579851391839,-0.00927734375,-0.001708984375,16384,6606714.0,12112.0,4112.0,46096.0,0.01669437,-1.523724,0.03263599,-0.9934516347953976,-0.09380546326547141,0.06522564207351635,1.000053,0.0003718704,2.534008594033746,3.027089164046582
path_b_only,33.50014645099873,0.0,0.0,-0.004964262247085571,0.0009448288652734002,-0.0087890625,-0.0015869140625,16384,6606965.0,12142.0,4112.0,46128.0,0.01675283,-1.52376,0.03261714,-0.9934608336417595,-0.09373416542231788,0.0651880223077958,1.000046,0.0003719152,2.5339226198522047,3.027169704888722
path_b_only,33.75012957199942,0.0,0.0,-0.004971437156200409,0.0009506057357663625,-0.0091552734375,-0.001953125,16384,6607216.0,12172.0,4112.0,46128.0,0.01671368,-1.52372,0.03263592,-0.9934508934110364,-0.09381341173404097,0.06522550237164004,1.000106,0.0003719036,2.534049311431618,3.027082675284186
path_b_only,34.00016489299742,0.0,0.0,-0.004942648112773895,0.0009477711212357651,-0.0089111328125,-0.0013427734375,16384,6607467.0,12202.0,4112.0,46144.0,0.01677817,-1.523734,0.03264538,-0.9934522910153564,-0.0937854790708232,0.06524438207076386,1.000078,0.0003719007,2.533774061758712,3.027094907736457
path_b_only,34.25014047900186,0.0,0.0,-0.004906408488750458,0.0009421263688481102,-0.0093994140625,-0.0018310546875,16384,6607718.0,12232.0,4112.0,46112.0,0.01674423,-1.523767,0.03263449,-0.9934598931989579,-0.09372004445565174,0.06522264846160132,1.000062,0.0003718649,2.5336030425436427,3.0271614682166206
path_b_only,34.50015350600006,0.0,0.0,-0.004971332848072052,0.0009370476891459822,-0.0087890625,-0.0015869140625,16384,6607969.0,12262.0,4112.0,46096.0,0.01675853,-1.52373,0.03263923,-0.9934523395776229,-0.09379350210955174,0.06523210827324938,1.000088,0.0003718137,2.533902356150117,3.027095332798321
path_b_only,34.75015866800095,0.0,0.0,-0.004940815269947052,0.0009476835387977632,-0.0098876953125,-0.0013427734375,16384,6608221.0,12292.0,4096.0,46096.0,0.0167762,-1.523753,0.03261852,-0.9934593421391199,-0.09374805696143863,0.0651907764370242,1.000086,0.0003717978,2.5339722787685037,3.0271566421482428
path_b_only,35.00017163500161,0.0,0.0,-0.00494074821472168,0.0009339454053226903,-0.0089111328125,-0.00146484375,16384,6608472.0,12322.0,4096.0,46096.0,0.01672973,-1.523768,0.03260807,-0.993463510381737,-0.09371838108064505,0.06516992088087306,1.000055,0.0003718024,2.533973857219779,3.0271931517893615
path_b_only,35.25028108600236,0.0,0.0,-0.005014091730117798,0.0009554087872872308,-0.0093994140625,-0.001953125,16384,6608723.0,12352.0,4112.0,46096.0,0.01668472,-1.523724,0.03262844,-0.9934526152278348,-0.09380555584161278,0.06521057422091919,1.00004,0.0003717723,2.5341173428882797,3.0270977455736543
path_b_only,35.50015200999769,0.0,0.0,-0.004945777356624603,0.0009516226183629619,-0.0093994140625,-0.0018310546875,16384,6608973.0,12382.0,4112.0,46096.0,0.01666163,-1.523742,0.0326254,-0.9934563862916096,-0.09376982874212861,0.06520450716084009,1.000016,0.0003717642,2.533982407273342,3.027130758903371
path_b_only,35.75015310299932,0.0,0.0,-0.004944860935211182,0.0009604702427732132,-0.0089111328125,-0.0018310546875,16384,6609224.0,12412.0,4112.0,46096.0,0.01668328,-1.523687,0.03265897,-0.9934417049473016,-0.0938786963021881,0.06527150413465324,1.000033,0.0003717891,2.534044920616023,3.0270022861491315
path_b_only,36.00015428700135,0.0,0.0,-0.0049568042159080505,0.0009451386040017031,-0.0091552734375,-0.0015869140625,16384,6609474.0,12442.0,4112.0,46096.0,0.01666742,-1.523728,0.03265406,-0.9934500377407776,-0.093797294011664,0.0652617050722469,1.000066,0.0003717487,2.533708661404927,3.0270751867210004
path_b_only,36.25014503899729,0.0,0.0,-0.004913881421089172,0.0009405330601850425,-0.009521484375,-0.0015869140625,16384,6609724.0,12472.0,4096.0,46096.0,0.01672855,-1.52371,0.03262568,-0.9934503466350904,-0.09383340632516338,0.06520506596910604,1.000032,0.0003717492,2.5342960484949515,3.027077890012878
path_b_only,36.50014291499974,0.0,0.0,-0.004966601729393005,0.0009461548621303451,-0.0089111328125,-0.0018310546875,16384,6609976.0,12502.0,4112.0,46096.0,0.01676458,-1.523743,0.03265245,-0.9934530604202533,-0.09376751021449015,0.0652584919363606,1.000084,0.0003717505,2.5335828489708767,3.027101642464381
path_b_only,36.7503834550007,0.0,0.0,-0.004919059574604034,0.0009462239141245828,-0.00927734375,-0.001953125,16384,6610227.0,12532.0,4112.0,46096.0,0.01669547,-1.523714,0.032662,-0.9934463791372561,-0.09382501312018096,0.0652775512107573,1.000095,0.0003717457,2.533733367005956,3.027043173244584
path_b_only,37.00014629300131,0.0,0.0,-0.004933193325996399,0.0009305873590249312,-0.0087890625,-0.0015869140625,16384,6610478.0,12562.0,4112.0,46096.0,0.0166875,-1.523721,0.03266937,-0.9934467345525032,-0.09381101439434492,0.06529225976539926,1.000075,0.000371719,2.5335577819131725,3.0270462828049194
path_b_only,37.25037915800203,0.0,0.0,-0.004941709339618683,0.0009424777673902636,-0.00927734375,-0.0018310546875,16384,6610727.0,12592.0,4112.0,46096.0,0.01662612,-1.52371,0.03265738,-0.993446228954922,-0.09383301740189443,0.06526833091554066,1.000059,0.0003717911,2.533839578533433,3.027041859310936
path_b_only,37.500381040998036,0.0,0.0,-0.004996269941329956,0.0009483946743269414,-0.00927734375,-0.0020751953125,16384,6610978.0,12622.0,4112.0,46096.0,0.01672907,-1.52377,0.03266461,-0.9934565420514603,-0.09371371453510088,0.06528276007637068,1.000014,0.0003718338,2.53313937990073,3.027132122688348
path_b_only,37.75015464799799,0.0,0.0,-0.004952341318130493,0.0009439365475000465,-0.0093994140625,-0.0018310546875,16384,6611229.0,12652.0,4112.0,46096.0,0.0167186,-1.523723,0.03266758,-0.993447342493386,-0.09380706257999147,0.06528868740404278,1.000025,0.0003717978,2.533563684390529,3.0270516019298594
path_b_only,38.00014886799909,0.0,0.0,-0.004991762340068817,0.000953371821396994,-0.00927734375,-0.0020751953125,16384,6611479.0,12682.0,4112.0,46096.0,0.01668555,-1.523742,0.03265863,-0.993452069781545,-0.09376942131769095,0.06527082558470981,1.00001,0.0003718003,2.533503797506115,3.0270929713134334
path_b_only,38.250444021003204,0.0,0.0,-0.0050006285309791565,0.000952511603166851,-0.0096435546875,-0.001708984375,16384,6611731.0,12712.0,4112.0,46112.0,0.01680825,-1.523748,0.03265249,-0.9934539928480955,-0.09375757518867352,0.06525857176583182,1.000055,0.0003718314,2.533532594130195,3.027109804687702
path_b_only,38.50013756399858,0.0,0.0,-0.0049209147691726685,0.0009427917154007135,-0.0096435546875,-0.001953125,16384,6611982.0,12742.0,4112.0,46128.0,0.01674965,-1.523708,0.03265702,-0.9934459003996025,-0.09383699560515792,0.06526761245074429,1.000086,0.0003718582,2.533864612478732,3.0270389848581307
path_b_only,38.75019453099958,0.0,0.0,-0.004981055855751038,0.0009514046272678566,-0.0089111328125,-0.001708984375,16384,6612233.0,12772.0,4112.0,46128.0,0.01671653,-1.523691,0.03263236,-0.9934459128831442,-0.09387107541291358,0.06521839753167337,1.000089,0.0003718238,2.534388329844589,3.0270390940723724
path_b_only,39.00015241000074,0.0,0.0,-0.004966951906681061,0.0009393392227295147,-0.009033203125,-0.00146484375,16384,6612467.0,12800.0,4112.0,46096.0,0.01672763,-1.523731,0.03264511,-0.9934517633604488,-0.09379144309438003,0.06524384322132402,1.000091,0.0003717916,2.5338077438960047,3.0270902893140264
path_b_only,39.250167295998835,0.0,0.0,-0.0049886554479599,0.0009564162265297122,-0.0096435546875,-0.0009765625,16384,6612717.0,12830.0,4112.0,46096.0,0.01671113,-1.523741,0.03263283,-0.9934552339889922,-0.09377172459142533,0.06521933553039774,1.000037,0.0003717969,2.533885298646915,3.0271206702013003
path_b_only,39.50015149400133,0.0,0.0,-0.004959762096405029,0.0009389249493477944,-0.0091552734375,-0.0013427734375,16384,6612968.0,12860.0,4112.0,46096.0,0.01670617,-1.523744,0.03263748,-0.9934551927023569,-0.09376570686026618,0.06522861572743746,1.00002,0.0003718434,2.533788516416263,3.027120308742751
path_b_only,39.75039178100269,0.0,0.0,-0.0049851760268211365,0.0009488393273863922,-0.0089111328125,-0.0015869140625,16384,6613234.0,12892.0,4112.0,46096.0,0.01664622,-1.52371,0.03266619,-0.9934450838684539,-0.09383290924614794,0.06528591333514966,1.000086,0.0003718126,2.533712768096862,3.0270318415311546
path_b_only,40.00037088800309,0.0,0.0,-0.005028292536735535,0.0009677306221560113,-0.0093994140625,-0.001708984375,16384,6613484.0,12922.0,4112.0,46096.0,0.01671397,-1.523686,0.03265187,-0.9934424398320709,-0.09388077037570919,0.06525733440898111,1.000081,0.0003717627,2.5341570318550177,3.027008713531359
path_b_only,40.250145455000165,0.0,0.0,-0.0049410611391067505,0.0009460158221738118,-0.0091552734375,-0.0015869140625,16384,6613718.0,12950.0,4112.0,46096.0,0.0167023,-1.523718,0.03264519,-0.9934493140543533,-0.09381727182707084,0.06524400288041929,1.000092,0.0003717781,2.5339356688110595,3.027068853620307
path_b_only,40.500184326003364,0.0,0.0,-0.00493139773607254,0.0009517218511884411,-0.0093994140625,-0.0018310546875,16384,6613985.0,12982.0,4112.0,46096.0,0.01670272,-1.52371,0.03264823,-0.9934474179066353,-0.09383312970080256,0.06525006992480167,1.000051,0.0003718121,2.5339713062803124,3.0270522617685556
path_b_only,40.750144256002386,0.0,0.0,-0.004961073398590088,0.0009517458233432792,-0.0093994140625,-0.0015869140625,16384,6614219.0,13010.0,4112.0,46096.0,0.01667465,-1.523723,0.03264133,-0.9934507536009223,-0.09380738467655808,0.0652362993271689,1.000048,0.0003718152,2.5339416157278967,3.0270814516757008
path_b_only,41.00018105399795,0.0,0.0,-0.0049089714884757996,0.0009367473496189394,-0.0087890625,-0.0018310546875,16384,6614469.0,13040.0,4112.0,46096.0,0.01664363,-1.52371,0.03265009,-0.9934471762450313,-0.09383310687537243,0.06525378199681996,1.000088,0.0003717765,2.533944526907688,3.0270501473301668
path_b_only,41.25014582199947,0.0,0.0,-0.004943676292896271,0.0009584886946536588,-0.00927734375,-0.0013427734375,16384,6614719.0,13070.0,4112.0,46112.0,0.01671998,-1.523696,0.03264409,-0.9934453280307526,-0.09386099700710522,0.06524180756771299,1.000029,0.0003717698,2.53416983400534,3.027033977509907
path_b_only,41.500389143002394,0.0,0.0,-0.004955984652042389,0.0009633810226727664,-0.009033203125,-0.001220703125,16384,6614970.0,13100.0,4112.0,46096.0,0.0167392,-1.523698,0.03263921,-0.9934463373566176,-0.09385708311257474,0.06523206835844463,1.000062,0.0003718193,2.5342202559958444,3.027042807707496
path_b_only,41.7503725380011,0.0,0.0,-0.004962414503097534,0.0009560940408990889,-0.009033203125,-0.0020751953125,16384,6615221.0,13130.0,4112.0,46096.0,0.01675557,-1.523736,0.03264221,-0.9934530779478961,-0.09378154413451709,0.065238055577993,1.000077,0.0003718427,2.533799851427913,3.027101795891323
path_b_only,42.00044632500067,0.0,0.0,-0.004946030676364899,0.0009367202356487442,-0.0091552734375,-0.0018310546875,16384,6615472.0,13160.0,4112.0,46112.0,0.01668152,-1.523704,0.03264579,-0.993446608834793,-0.09384508100793341,0.06524520032358054,1.000074,0.0003718714,2.534065982124993,3.027045182879628
path_b_only,42.25039505200402,0.0,0.0,-0.00495920330286026,0.0009397030443798735,-0.0089111328125,-0.0018310546875,16384,6615722.0,13190.0,4112.0,46096.0,0.01670523,-1.523738,0.03264585,-0.9934529802086677,-0.09377752568582223,0.0652453200678915,1.000047,0.0003718406,2.5337275638523753,3.0271009403407305
path_b_only,42.500172812004166,0.0,0.0,-0.004931055009365082,0.0009540033073051417,-0.009033203125,-0.001953125,16384,6615973.0,13220.0,4112.0,46096.0,0.01676093,-1.523746,0.03266351,-0.9934521856329575,-0.09376141383591002,0.06528056476924092,1.000042,0.0003717631,2.533393791610683,3.0270939853376517
path_b_only,42.75017941999977,0.0,0.0,-0.004957117140293121,0.0009567670260418774,-0.009521484375,-0.0015869140625,16384,6616224.0,13250.0,4112.0,46096.0,0.01672823,-1.523747,0.03266061,-0.9934527500893122,-0.09375946250553567,0.06527477713983885,1.000033,0.0003717359,2.5334256078987236,3.027098926039027
path_b_only,43.000755957000365,0.0,0.0,-0.0049223825335502625,0.0009435379158386926,-0.0091552734375,-0.0020751953125,16384,6616475.0,13280.0,4112.0,46096.0,0.01671015,-1.523716,0.03264767,-0.9934486165883857,-0.09382121519607675,0.06524895231154404,1.000089,0.0003717057,2.5339198131930143,3.0270627503091507
path_b_only,43.25017848800053,0.0,0.0,-0.004938356578350067,0.0009431105372048518,-0.009521484375,-0.0020751953125,16384,6616726.0,13310.0,4112.0,46096.0,0.01672155,-1.52372,0.03265173,-0.9934488396186987,-0.09381321779061862,0.06525705500580739,1.000079,0.0003717048,2.533821645980087,3.0270647019439205
path_b_only,43.5001880819982,0.0,0.0,-0.004962131381034851,0.0009326293349923043,-0.0089111328125,-0.002197265625,16384,6616977.0,13340.0,4112.0,46096.0,0.0167148,-1.523722,0.03264338,-0.993450299691531,-0.09380934643244442,0.06524039059298033,1.000048,0.0003717296,2.53392202226509,3.0270774791817234
path_b_only,43.75038706700434,0.0,0.0,-0.004970349371433258,0.00093382870055906,-0.009033203125,-0.001708984375,16384,6617228.0,13370.0,4112.0,46096.0,0.01670628,-1.523731,0.03267642,-0.9934476939300919,-0.0937910589008441,0.06530632967210029,1.000049,0.0003717332,2.5333569914900433,3.027054676906388
path_b_only,44.00038114999916,0.0,0.0,-0.0048917606472969055,0.0009391590613526437,-0.0093994140625,-0.0018310546875,16384,6617479.0,13400.0,4112.0,46096.0,0.01673588,-1.523741,0.03266102,-0.9934515716154393,-0.09377137890188401,0.06527559539102552,1.00004,0.0003717234,2.5334793221291996,3.027088611067132
path_b_only,44.25015576199803,0.0,0.0,-0.0049814507365226746,0.0009609986853241937,-0.00927734375,-0.001708984375,16384,6617729.0,13430.0,4112.0,46096.0,0.01669595,-1.523707,0.0326764,-0.9934431934154906,-0.09383874452774207,0.06530628975748973,1.000058,0.0003717676,2.5335956170233,3.0270153048268096
path_b_only,44.500156597998284,0.0,0.0,-0.004909321665763855,0.0009334758555323742,-0.0091552734375,-0.001708984375,16384,6617964.0,13458.0,4096.0,46096.0,0.01674692,-1.523706,0.03267849,-0.9934427339568169,-0.0938407057416493,0.06531046083372986,1.000087,0.0003717364,2.53357547109837,3.0270112860790044
path_b_only,44.75048216099822,0.0,0.0,-0.004916638135910034,0.0009439169345468631,-0.010009765625,-0.001953125,16384,6618231.0,13490.0,4096.0,46080.0,0.0166803,-1.523755,0.03264026,-0.9934568942249487,-0.09374381675114352,0.06523416388555368,1.00003,0.0003716493,2.5336391814134833,3.0271352062699055
path_b_only,45.000377987998945,0.0,0.0,-0.004902265965938568,0.0009216821454492802,-0.0087890625,-0.001708984375,16384,6618481.0,13520.0,4112.0,46096.0,0.01664285,-1.523689,0.03265358,-0.9934427809027031,-0.09387478872309046,0.06526074711876154,1.000059,0.000371634,2.5341026601830503,3.0270116966942138
path_b_only,45.250162028001796,0.0,0.0,-0.004966512322425842,0.0009517790057181484,-0.0093994140625,-0.001953125,16384,6618714.0,13548.0,4112.0,46080.0,0.01666517,-1.5237,0.03264819,-0.9934455462422148,-0.09385299912135157,0.065249990095286,1.000067,0.0003716347,2.5340711197401893,3.0270358864993043
path_b_only,45.50014098099928,0.0,0.0,-0.004971258342266083,0.0009428805289861571,-0.0093994140625,-0.001953125,16384,6618981.0,13580.0,4112.0,46096.0,0.01666632,-1.523718,0.03264931,-0.9934487787913698,-0.09381722127903369,0.0652522253215674,1.000063,0.0003715764,2.533876345323911,3.0270641696689107
path_b_only,45.750439294999524,0.0,0.0,-0.004942514002323151,0.0009609545556002673,-0.0098876953125,-0.00146484375,16384,6619231.0,13610.0,4112.0,46080.0,0.01656907,-1.523693,0.03265951,-0.9934427612389042,-0.09386676836380291,0.0652725818315602,1.000004,0.000371579,2.5339776247446846,3.027011524703355
path_b_only,46.00016011400294,0.0,0.0,-0.004926010966300964,0.0009255182946003114,-0.009521484375,-0.0018310546875,16384,6619480.0,13640.0,4112.0,46096.0,0.01668165,-1.52375,0.03263511,-0.9934566256241306,-0.0937538144391506,0.06522388582126404,1.000027,0.0003716346,2.5337630496402443,3.027132854431416
path_b_only,46.250162270000146,0.0,0.0,-0.0049506500363349915,0.000938638956613423,-0.0091552734375,-0.0013427734375,16384,6619730.0,13670.0,4096.0,46096.0,0.01662612,-1.523722,0.03266613,-0.99344734337177,-0.0938090672736131,0.06528579359115731,1.000046,0.0003716884,2.5335944861280115,3.0270516096153806
path_b_only,46.500167131001945,0.0,0.0,-0.004966221749782562,0.0009445120253920527,-0.0091552734375,-0.001708984375,16384,6619979.0,13700.0,4112.0,46096.0,0.01661803,-1.523707,0.0326489,-0.9934467678414608,-0.09383908216118471,0.06525140706912737,1.000048,0.0003717085,2.5339914343184766,3.0270465740573442
path_b_only,46.75038119400415,0.0,0.0,-0.004989288747310638,0.0009433818578558263,-0.0091552734375,-0.001953125,16384,6620230.0,13730.0,4112.0,46096.0,0.01667083,-1.523752,0.03265208,-0.9934547961519138,-0.09374963258114861,0.06525775351373211,1.000035,0.0003716716,2.533498750360816,3.027116837058561
path_b_only,47.00037482500193,0.0,0.0,-0.004985831677913666,0.0009677750211674843,-0.00927734375,-0.001953125,16384,6620480.0,13760.0,4112.0,46096.0,0.01667552,-1.523732,0.03265022,-0.9934512870491644,-0.09378939351416982,0.06525404144267995,1.000062,0.0003717281,2.533724227518759,3.0270861204478816
path_b_only,47.25019265800074,0.0,0.0,-0.005005389451980591,0.0009400809045238521,-0.009521484375,-0.001953125,16384,6620730.0,13790.0,4112.0,46096.0,0.01664808,-1.523724,0.03265838,-0.9934487259293895,-0.09380518859933379,0.06527032665090861,1.00006,0.0003716967,2.5336861878884953,3.027063707097397
path_b_only,47.500383172999136,0.0,0.0,-0.004916809499263763,0.0009451601429182389,-0.009521484375,-0.001708984375,16384,6620979.0,13820.0,4112.0,46096.0,0.01663922,-1.523714,0.0326534,-0.9934474967900555,-0.09382511867574066,0.06526038788618901,1.000037,0.0003717092,2.5338571683614965,3.0270529519740417
path_b_only,47.75015056999837,0.0,0.0,-0.004970647394657135,0.0009542121811380517,-0.0089111328125,-0.001953125,16384,6621229.0,13850.0,4112.0,46096.0,0.01663553,-1.523713,0.03267322,-0.9934447328966483,-0.09382686225492089,0.06529994333307902,1.000082,0.0003716944,2.533581809893226,3.027028771231751
path_b_only,48.00038833600411,0.0,0.0,-0.004964753985404968,0.0009408437857750139,-0.00927734375,-0.001220703125,16384,6621479.0,13880.0,4112.0,46096.0,0.01666185,-1.523722,0.032663,-0.9934477502314064,-0.09380910569248176,0.065279546944919,1.00007,0.0003717597,2.5336395406018006,3.0270551695353665
path_b_only,48.25014435999765,0.0,0.0,-0.004990898072719574,0.0009532450497933296,-0.0091552734375,-0.002197265625,16384,6621729.0,13910.0,4112.0,46128.0,0.01666558,-1.523689,0.03267508,-0.9934399862174621,-0.09387452464095951,0.06530365539296067,1.000068,0.0003718666,2.533793254319944,3.026987255351977
path_b_only,48.500179226997716,0.0,0.0,-0.0050348564982414246,0.000966220900145412,-0.00927734375,-0.0018310546875,16384,6621979.0,13940.0,4112.0,46112.0,0.01664485,-1.523717,0.03269286,-0.9934429290935562,-0.09381867346316271,0.065339139446644,1.00007,0.0003718654,2.5332595004747995,3.027012992864643
path_b_only,48.75039268699766,0.0,0.0,-0.004987932741641998,0.0009392772692117975,-0.00927734375,-0.0015869140625,16384,6622229.0,13970.0,4112.0,46128.0,0.01665753,-1.523737,0.03269962,-0.993445801479545,-0.0937788526420584,0.06535263054999063,1.000039,0.0003718798,2.5329635493717735,3.0270381194440006
path_b_only,49.000153248998686,0.0,0.0,-0.005013667047023773,0.0009440808128048783,-0.0089111328125,-0.001953125,16384,6622479.0,14000.0,4112.0,46128.0,0.01661187,-1.523725,0.03267649,-0.9934465592634469,-0.0938029794069523,0.0653064693732365,1.000062,0.000371876,2.5334155839355788,3.027044749174514
path_b_only,49.25017338700127,0.0,0.0,-0.004986017942428589,0.0009482576571752681,-0.00927734375,-0.0018310546875,16384,6622727.0,14030.0,4112.0,46144.0,0.01655292,-1.523727,0.03268006,-0.9934464702185205,-0.09379896178663721,0.06531359412948504,1.000094,0.0003718585,2.533344342480408,3.027043970114845
path_b_only,49.500166805002664,0.0,0.0,-0.0049477070569992065,0.000946911495119031,-0.0089111328125,-0.001708984375,16384,6622977.0,14060.0,4112.0,46128.0,0.0166657,-1.523714,0.03268213,-0.993443761900859,-0.09382476593800339,0.06531772528914616,1.000073,0.0003718713,2.5334436677379335,3.0270202773928045
path_b_only,49.75038366900117,0.0,0.0,-0.004895590245723724,0.0009321499246358601,-0.0093994140625,-0.001708984375,16384,6623228.0,14090.0,4112.0,46128.0,0.01667887,-1.523718,0.03266465,-0.9934467852530625,-0.09381703301746601,0.06528283990571492,1.000068,0.0003718295,2.5336555086062464,3.027046726395576
path_b_only,50.00045422500261,0.0,0.0,-0.0049493759870529175,0.0009579887056260104,-0.009033203125,-0.00146484375,16384,6623478.0,14120.0,4112.0,46128.0,0.01665603,-1.5237,0.03265903,-0.9934441376597549,-0.09385286604944956,0.06527162387875778,1.000083,0.0003717612,2.5339150759328737,3.02702356429
path_b_only,50.25015317900397,0.0,0.0,-0.005008168518543243,0.0009527063845147936,-0.0093994140625,-0.001953125,16384,6623728.0,14150.0,4112.0,46096.0,0.01665815,-1.523737,0.03267077,-0.993449553983231,-0.09377920686922377,0.06529505379045801,1.000077,0.0003717197,2.5333787041895217,3.027070953239324
path_b_only,50.50016072300059,0.0,0.0,-0.00498538464307785,0.000942526024359087,-0.0089111328125,-0.001953125,16384,6623978.0,14180.0,4112.0,46096.0,0.01665257,-1.523709,0.03268473,-0.9934424854429763,-0.0938346684302967,0.06532291418375269,1.000071,0.0003716893,2.5334559058518433,3.0270091124611365
path_b_only,50.750386874999094,0.0,0.0,-0.004999957978725433,0.0009643049602519498,-0.0091552734375,-0.0013427734375,16384,6624227.0,14210.0,4112.0,46096.0,0.01662163,-1.5237,0.03266801,-0.9934429704176997,-0.09385275577750966,0.06528954556913773,1.000065,0.0003717072,2.5337858324797278,3.027013354314203
path_b_only,51.00038220600254,0.0,0.0,-0.004997856914997101,0.0009415643113732927,-0.00927734375,-0.001953125,16384,6624477.0,14240.0,4112.0,46096.0,0.01666467,-1.523712,0.0326622,-0.9934459778338434,-0.09382898444973232,0.06527795035761054,1.000035,0.0003717502,2.5337503431991806,3.0270396623055267
path_b_only,51.25015097299911,0.0,0.0,-0.004982203245162964,0.0009504389490597103,-0.0089111328125,-0.0018310546875,16384,6624727.0,14270.0,4112.0,46112.0,0.01668685,-1.523714,0.03267212,-0.9934450635694128,-0.09382488887274018,0.0652977480284227,1.000045,0.0003718442,2.5335877114330634,3.027031663953023
path_b_only,51.50039212399861,0.0,0.0,-0.004948616027832031,0.000958271865425237,-0.009765625,-0.0015869140625,16384,6624978.0,14300.0,4112.0,46128.0,0.01668048,-1.523715,0.03266797,-0.993445790753345,-0.09382295293726826,0.0652894657398286,1.000041,0.0003719897,2.5336375096464376,3.02703802560493
path_b_only,51.75038378799945,0.0,0.0,-0.004978165030479431,0.000940109641151576,-0.00927734375,-0.001708984375,16384,6625229.0,14330.0,4112.0,46128.0,0.0167834,-1.523714,0.0326601,-0.9934466260858422,-0.0938250364429841,0.06527375931513076,1.000081,0.000372011,2.533760716657069,3.0270453338113223
path_b_only,52.000388576998375,0.0,0.0,-0.004966206848621368,0.0009393194918002244,-0.0096435546875,-0.001708984375,16384,6625480.0,14360.0,4096.0,46144.0,0.01670192,-1.523715,0.03266308,-0.9934464264080991,-0.09382301296973973,0.06527970660364064,1.00007,0.000371977,2.5337078933032586,3.027043586816644
path_b_only,52.25038615900121,0.0,0.0,-0.004980906844139099,0.0009646697136787925,-0.009521484375,-0.0015869140625,16384,6625731.0,14390.0,4112.0,46128.0,0.0167305,-1.52371,0.03266642,-0.9934450539698975,-0.09383290642216846,0.06528637235377834,1.000073,0.0003719425,2.533709457790989,3.027031579975556
path_b_only,52.50038934300392,0.0,0.0,-0.004996448755264282,0.0009529281501375842,-0.0093994140625,-0.0018310546875,16384,6625981.0,14420.0,4112.0,46128.0,0.01674132,-1.523719,0.03268162,-0.9934447664273127,-0.09381483775934728,0.0653167074673046,1.000054,0.0003719219,2.5334013530571564,3.0270290645542777
path_b_only,52.75015842200082,0.0,0.0,-0.005014784634113312,0.0009455502649324784,-0.009033203125,-0.0015869140625,16384,6626215.0,14448.0,4112.0,46128.0,0.01667593,-1.523678,0.03266288,-0.9934395067810344,-0.0938965302053876,0.06527930745683339,1.000073,0.0003719282,2.534077919072174,3.026983062889721
path_b_only,53.000406744999054,0.0,0.0,-0.0049591511487960815,0.0009682046683656889,-0.009033203125,-0.001708984375,16384,6626483.0,14480.0,4112.0,46112.0,0.01672983,-1.52372,0.03265477,-0.9934484445947398,-0.09381318048777301,0.06526312204500041,1.000058,0.0003718916,2.5337778778564894,3.0270612452951844
path_b_only,53.25014412100427,0.0,0.0,-0.00494924932718277,0.0009419444256884663,-0.00927734375,-0.001953125,16384,6626733.0,14510.0,4112.0,46096.0,0.01674347,-1.52375,0.03266702,-0.993452479425566,-0.09375342315691358,0.06528756979361415,1.000047,0.000371846,2.5333035069625236,3.0270965568856214
path_b_only,53.50012669600255,0.0,0.0,-0.0049380287528038025,0.0009440165600794042,-0.0096435546875,-0.001708984375,16384,6626984.0,14540.0,4112.0,46128.0,0.01672863,-1.523691,0.03268336,-0.993439284938503,-0.09387044913594854,0.06532018003566092,1.000055,0.0003718695,2.5336542857178985,3.026981123025303
path_b_only,53.750128197003505,0.0,0.0,-0.004934981465339661,0.0009321860667505321,-0.009033203125,-0.0013427734375,16384,6627218.0,14568.0,4112.0,46096.0,0.01667342,-1.523699,0.03266452,-0.9934432363868007,-0.09385478552401078,0.06528258046034467,1.00006,0.0003718013,2.5338459830339133,3.027015680691202
path_b_only,54.00042628499796,0.0,0.0,-0.004999428987503052,0.000944612988263637,-0.009033203125,-0.0018310546875,16384,6627469.0,14598.0,4096.0,46096.0,0.0167201,-1.523696,0.03266494,-0.9934426186456145,-0.09386074102362715,0.06528341866844801,1.000049,0.0003717185,2.5338697086087087,3.0270102775083823
path_b_only,54.25038756700087,0.0,0.0,-0.004931487143039703,0.0009425487125309117,-0.00927734375,-0.0015869140625,16384,6627719.0,14628.0,4112.0,46096.0,0.0166534,-1.523688,0.03265481,-0.9934424333187133,-0.09387676050487163,0.0652632018744474,1.000087,0.0003716016,2.534094875499589,3.027008656563247
path_b_only,54.50015821600391,0.0,0.0,-0.004967965185642242,0.0009454912361805272,-0.009033203125,-0.001953125,16384,6627969.0,14658.0,4112.0,46064.0,0.01664162,-1.523695,0.03266433,-0.9934425102140444,-0.09386273540035771,0.06528220127094944,1.000055,0.0003714793,2.533888410258924,3.027009329118599
path_b_only,54.750185755998245,0.0,0.0,-0.00497928261756897,0.0009569576074364672,-0.0091552734375,-0.001708984375,16384,6628219.0,14688.0,4112.0,46064.0,0.01664177,-1.523691,0.03265353,-0.9934431628910401,-0.09387081556513238,0.06526064733193669,1.000067,0.0003714084,2.534083539793471,3.0270150378342047
path_b_only,55.00019245599833,0.0,0.0,-0.0050194114446640015,0.0009569445396638003,-0.0093994140625,-0.001953125,16384,6628468.0,14718.0,4112.0,46080.0,0.01663383,-1.523678,0.03267492,-0.9934379415419061,-0.09389638226429799,0.06530333607601713,1.000041,0.0003714334,2.5339046814671597,3.0269693766197197
path_b_only,55.25016165400302,0.0,0.0,-0.004965759813785553,0.0009381945656048713,-0.00927734375,-0.001708984375,16384,6628735.0,14750.0,4112.0,46080.0,0.01669368,-1.523727,0.03268122,-0.993446319359238,-0.09379894754284601,0.06531590917561661,1.000021,0.0003714749,2.5333276496692196,3.02704265024952
path_b_only,55.50014753299911,0.0,0.0,-0.004960939288139343,0.0009539397854374478,-0.0089111328125,-0.00146484375,16384,6628969.0,14778.0,4112.0,46096.0,0.01666273,-1.523681,0.03265896,-0.9934405796310567,-0.09389061771871737,0.0652714841773024,1.000055,0.0003715968,2.53410457801177,3.0269924447062686
path_b_only,55.75042583200411,0.0,0.0,-0.004923731088638306,0.0009378886554750698,-0.0093994140625,-0.001953125,16384,6629219.0,14808.0,4112.0,46112.0,0.01665248,-1.523696,0.03265701,-0.9934436493251604,-0.09386083840252364,0.06526759249338836,1.000043,0.0003718237,2.533983842453204,3.0270192926712602
path_b_only,56.00014066300355,0.0,0.0,-0.004971638321876526,0.0009465210739126582,-0.0091552734375,-0.0013427734375,16384,6629468.0,14838.0,4112.0,46112.0,0.01662577,-1.523689,0.03267383,-0.9934401487494551,-0.09387453999932417,0.0653011607291613,1.000116,0.0003719129,2.5338112394351437,3.026988676657957
path_b_only,56.25017541499983,0.0,0.0,-0.00500623881816864,0.0009579533795330043,-0.009765625,-0.001953125,16384,6629718.0,14868.0,4112.0,46128.0,0.01673132,-1.523675,0.03269198,-0.9934351593051699,-0.09390213315954697,0.06533738320745991,1.000073,0.0003719539,2.533689044913915,3.026945053078795
path_b_only,56.50015945100313,0.0,0.0,-0.004970021545886993,0.0009507720439106104,-0.0091552734375,-0.0009765625,16384,6629969.0,14898.0,4112.0,46128.0,0.01671017,-1.523697,0.03269468,-0.9934389387652339,-0.09385838873407037,0.0653427716679508,1.000049,0.0003719162,2.533431903721727,3.026978096037124
path_b_only,56.75018652900326,0.0,0.0,-0.004953980445861816,0.0009483249886089565,-0.0091552734375,-0.001953125,16384,6630220.0,14928.0,4112.0,46096.0,0.01673178,-1.523739,0.03268311,-0.993448324439266,-0.09377508160143143,0.06531968110347448,1.000042,0.000371839,2.5331812274321717,3.027060193897872
path_b_only,57.000167537997186,0.0,0.0,-0.004969336092472076,0.0009599288363645917,-0.009765625,-0.0018310546875,16384,6630471.0,14958.0,4096.0,46096.0,0.016733,-1.523698,0.0326983,-0.9934386554695984,-0.09385635735670719,0.06534999619347091,1.000068,0.0003718092,2.5333699115159227,3.026975618919113
path_b_only,57.25017418600328,0.0,0.0,-0.004921846091747284,0.0009546655084862927,-0.009033203125,-0.00146484375,16384,6630722.0,14988.0,4112.0,46112.0,0.0166965,-1.523691,0.03267721,-0.9934400847386881,-0.09387052470936678,0.06530790629913448,1.000069,0.0003718026,2.533742763595267,3.0269881168959993
path_b_only,57.500145035999594,0.0,0.0,-0.004935115575790405,0.000951138062661203,-0.0093994140625,-0.0018310546875,16384,6630972.0,15018.0,4112.0,46096.0,0.01666485,-1.5237,0.03268803,-0.993440367016276,-0.09385250982841617,0.06532950008590188,1.000051,0.0003717229,2.533497779848055,3.0269905853801684
path_b_only,57.75018701200315,0.0,0.0,-0.004954800009727478,0.0009473352079535391,-0.0087890625,-0.0018310546875,16384,6631222.0,15048.0,4112.0,46096.0,0.01666988,-1.523704,0.03267866,-0.9934423364788495,-0.09384467742349711,0.06531080010782361,1.000047,0.0003716862,2.5335928789842033,3.027007809571138
path_b_only,58.00039080699935,0.0,0.0,-0.004937894642353058,0.0009596821542716881,-0.009033203125,-0.001708984375,16384,6631472.0,15078.0,4112.0,46096.0,0.01661542,-1.523701,0.0326697,-0.9934429384150792,-0.09385074813569891,0.06529291835706637,1.000056,0.0003716259,2.5337515871913174,3.0270130743970363
path_b_only,58.25019352500385,0.0,0.0,-0.004941828548908234,0.0009586953155297028,-0.0091552734375,-0.001708984375,16384,6631721.0,15108.0,4112.0,46096.0,0.01657577,-1.523644,0.03264743,-0.9934351272135868,-0.09396427377282043,0.06524847333440857,1.000055,0.0003716258,2.534637260520615,3.026944772549992
path_b_only,58.50039793200267,0.0,0.0,-0.004921838641166687,0.0009517972594213343,-0.0089111328125,-0.0013427734375,16384,6631987.0,15140.0,4112.0,46080.0,0.01671162,-1.523676,0.03268582,-0.9934361484167316,-0.09390022202930766,0.06532508952750456,1.000069,0.0003715016,2.533767721810542,3.0269536997397695
path_b_only,58.7501546229978,0.0,0.0,-0.004926510155200958,0.0009212007662588022,-0.009765625,-0.001708984375,16384,6632219.0,15168.0,4112.0,46064.0,0.01651997,-1.523661,0.03268401,-0.993433566383338,-0.09393004733070555,0.06532147725926925,1.000056,0.0003714431,2.5339425136764833,3.026931129366014
path_b_only,59.000405277001846,0.0,0.0,-0.004931136965751648,0.0009362684480499021,-0.009033203125,-0.001708984375,16384,6632482.0,15200.0,4112.0,46080.0,0.01655152,-1.523675,0.03270466,-0.9934335093825083,-0.09390197720446926,0.06536268899796703,1.000037,0.0003715022,2.5335067086735092,3.0269306311535646
path_b_only,59.250163459997566,0.0,0.0,-0.004943288862705231,0.0009636857292179447,-0.009033203125,-0.0015869140625,16384,6632732.0,15230.0,4096.0,46080.0,0.01660785,-1.523683,0.03271942,-0.9934330903069332,-0.093885900673365,0.06539214584311843,1.000021,0.0003715593,2.533215128835465,3.0269269683139526
path_b_only,59.50013933899754,0.0,0.0,-0.004943475127220154,0.0009532583509285949,-0.0093994140625,-0.001708984375,16384,6632964.0,15258.0,4112.0,46080.0,0.01654855,-1.52367,0.03269863,-0.9934333550161002,-0.09391198571500232,0.06535065478264354,1.00009,0.0003716048,2.5336430125411846,3.0269292819337394
path_b_only,59.75039590400411,0.0,0.0,-0.004957340657711029,0.0009389454334600681,-0.0087890625,-0.001708984375,16384,6633229.0,15290.0,4112.0,46080.0,0.01653997,-1.523667,0.0326906,-0.993433836270773,-0.09391804508233274,0.06533462910469547,1.000111,0.0003716113,2.533788240328631,3.026933488330762
path_b_only,60.000376983000024,0.0,0.0,-0.005004093050956726,0.0009501273542971336,-0.0098876953125,-0.001708984375,16384,6633477.0,15320.0,4112.0,46096.0,0.01656747,-1.523694,0.03266859,-0.9934417687123724,-0.09386466996221017,0.06529070309407305,1.000048,0.0003716133,2.533837027520775,3.027002843831164
both_paths,4.197994712740183e-06,0.0,0.0,-0.0050194114446640015,0.0009600009462814003,-0.0098876953125,-0.001953125,16384,6681434.0,21048.0,8624.0,29264.0,0.01690083,-0.702651,-0.3111734,0.13385327106207698,-0.8014113160558245,-0.5829435687299874,0.8384922,0.0007873452,-2.5127155954789506,1.4365400968986808
both_paths,0.25009625999518903,0.0,0.0,-0.004981487989425659,0.0009404100266346274,-0.0091552734375,-0.00146484375,16384,6681687.0,21078.0,7632.0,29712.0,0.01685815,-0.6673556,-0.4036951,0.16171398262282682,-0.672208034388703,-0.7224852568236534,0.8842936,0.0007496466,-2.320161148054191,1.40836907653882
both_paths,0.5001266359977308,0.0,0.0,-0.004932582378387451,0.000937255895370168,-0.0091552734375,-0.00146484375,16384,6681922.0,21106.0,10880.0,28048.0,0.01681545,0.8100373,0.1240997,-0.0477488752575483,0.9681795971592494,0.2456589354291691,0.801401,0.000832633,0.2484888041479607,1.6185633649085303
both_paths,0.7501624709984753,0.0,0.0,-0.0049397945404052734,0.0009548665878924371,-0.009033203125,-0.001220703125,16384,6682175.0,21136.0,11408.0,26256.0,0.01681462,0.823022,-0.05547101,-0.07471451399514482,0.9910398697848016,-0.11071457851336831,0.7981415,0.0008366854,-0.11125426351809065,1.6455805286123821
both_paths,1.000110949993541,0.0,0.0,-0.004996359348297119,0.0009327218187420108,-0.0091552734375,-0.0020751953125,16384,6682427.0,21166.0,6224.0,33696.0,0.01686882,-0.594728,0.6727335,0.08315181580879656,-0.20737783826931733,0.9747205793059079,0.883404,0.0008486224,1.7804268296938721,1.4875483898935096
both_paths,1.2501774429983925,0.0,0.0,-0.0050209686160087585,0.0009574854506780814,-0.00927734375,-0.0018310546875,16384,6682680.0,21196.0,6128.0,33616.0,0.01683582,-0.0003200937,0.7504257,0.06988789457922565,-4.4741355634413077e-05,0.9975548507172396,0.8831538,0.0008461082,1.5708411778179476,1.5008514143565304
both_paths,1.500174454995431,0.0,0.0,-0.005023159086704254,0.0009568123395963166,-0.0089111328125,-0.0015869140625,16384,6682932.0,21226.0,6400.0,29760.0,0.01685925,0.02982024,-0.7427083,0.08512441461663048,0.005082888966785321,-0.9963573647421528,0.8470256,0.0007464231,-1.565694899281784,1.4855687712310048
both_paths,1.7500807539981906,0.0,0.0,-0.004997260868549347,0.00094385967833998,-0.0096435546875,-0.0015869140625,16384,6683185.0,21256.0,6384.0,29760.0,0.0168545,0.3326613,-0.7333322,0.0817744544696844,0.06416587775212172,-0.9945831683315807,0.8570588,0.0007432449,-1.5063702666338104,1.4889304585103713
both_paths,2.0002007909934036,0.0,0.0,-0.004995591938495636,0.0009439179568588268,-0.0089111328125,-0.001708984375,16384,6683421.0,21284.0,12880.0,26624.0,0.01686962,-0.7226591,0.02787417,0.12495469171411712,-0.9905966211864499,0.05571946798578515,0.8609484,0.0008278261,3.085403469387696,1.4455141619552028
both_paths,2.2501659319968894,0.0,0.0,-0.004983857274055481,0.0009478889149148557,-0.009521484375,-0.001708984375,16384,6683674.0,21314.0,9920.0,28592.0,0.01684355,-0.6978943,-0.219072,0.1576688858105706,-0.8917086899911363,-0.4242595133188469,0.875158,0.0007763988,-2.697505948091445,1.4124667620850504
both_paths,2.5001240099954884,0.0,0.0,-0.004997164011001587,0.0009507001712022732,-0.0098876953125,-0.0018310546875,16384,6683927.0,21344.0,10128.0,27392.0,0.016862,0.7978817,-0.1229389,-0.02421364859422911,0.969621747625394,-0.24340781777426956,0.8137314,0.0008048245,-0.24595140076175115,1.5950123420937685
both_paths,2.7500964759965427,0.0,0.0,-0.005022108554840088,0.0009506012738973855,-0.0091552734375,-0.0018310546875,16384,6684180.0,21374.0,7872.0,29152.0,0.01704415,0.7930903,-0.3478062,-0.011809446639368526,0.7675705440819564,-0.6408556755056487,0.8050476,0.0007931072,-0.6956706204587588,1.582606047948362
both_paths,3.0001588229933986,0.0,0.0,-0.005047902464866638,0.0009628300547254406,-0.009521484375,-0.001953125,16384,6684433.0,21404.0,6128.0,33664.0,0.01666958,0.4207155,0.7395029,0.06108303091396139,0.06834272228556128,0.9957902066424246,0.8833946,0.000846841,1.5022721345502,1.5096752471058725
both_paths,3.250183628995728,0.0,0.0,-0.005024611949920654,0.00095665657445806,-0.009033203125,-0.0018310546875,16384,6684682.0,21434.0,6176.0,33472.0,0.01664972,0.6748256,0.6753778,0.047876732404292785,0.21295383427918135,0.9758885607281615,0.883877,0.0008441008,1.3559489474058148,1.5229012851385562
both_paths,3.500142518998473,0.0,0.0,-0.004987187683582306,0.0009432069081217119,-0.0096435546875,-0.001953125,16384,6684932.0,21464.0,6464.0,29824.0,0.01661698,-0.5599004,-0.6729499,0.09719956293174853,-0.200707987266966,-0.9748171873808548,0.8432204,0.0007515162,-1.7738517110011358,1.4734430565337637
both_paths,3.7501587289953022,0.0,0.0,-0.0049317702651023865,0.0009398573471315098,-0.009765625,-0.0020751953125,16384,6685181.0,21494.0,6384.0,29776.0,0.0166015,-0.192255,-0.7397625,0.08448948848837941,-0.03418881319112148,-0.9958376631698335,0.8488914,0.0007449765,-1.6051145611247217,1.4862059930247489
both_paths,4.000130181993882,0.0,0.0,-0.004982471466064453,0.0009413068654397289,-0.00927734375,-0.0020751953125,16384,6685430.0,21524.0,11712.0,26928.0,0.0165511,-0.7167577,-0.05011195,0.13616338930742863,-0.9856207633462951,-0.10005619557518755,0.8771842,0.0008153094,-3.040423319573306,1.4342086322915835
both_paths,4.250119289994473,0.0,0.0,-0.004967823624610901,0.0009353809355963172,-0.00927734375,-0.001953125,16384,6685678.0,21554.0,9136.0,28736.0,0.01655135,-0.6846235,-0.2246105,0.18032606242917257,-0.8825516016310413,-0.4342639539119889,0.89691,0.0007646573,-2.684321198618018,1.3894783889234383
both_paths,4.500137524999445,0.0,0.0,-0.004989467561244965,0.0009547188393999154,-0.00927734375,-0.001953125,16384,6685926.0,21584.0,11024.0,26240.0,0.01660337,0.8151102,-0.08170243,-0.058597990125997305,0.9849375275930113,-0.16267864731475795,0.8026261,0.0008208897,-0.1636886652547891,1.6294279037362323
both_paths,4.750152892993356,0.0,0.0,-0.004989810287952423,0.0009443500606503579,-0.0091552734375,-0.00146484375,16384,6686191.0,21616.0,6928.0,29296.0,0.0165159,0.7835124,-0.4484161,0.002353760045717591,0.6240838295530271,-0.7813538465407817,0.8101146,0.000788718,-0.8968356681578897,1.5684425645757953
both_paths,5.000119459000416,0.0,0.0,-0.004974879324436188,0.0009473270955817039,-0.0087890625,-0.0018310546875,16384,6686423.0,21644.0,6160.0,33664.0,0.01656733,-0.3392339,0.7385144,0.07289439569218112,-0.0587623849090417,0.995607045573942,0.8834198,0.00084545,1.6297495989697461,1.4978372210628759
both_paths,5.2501597849986865,0.0,0.0,-0.005013495683670044,0.0009480819942104951,-0.009765625,-0.001953125,16384,6686687.0,21676.0,6128.0,33616.0,0.01650052,0.487563,0.7311486,0.06075556094947506,0.08963649352398138,0.9941197417023967,0.8700136,0.0008497436,1.4808727974716867,1.5100033264152184
both_paths,5.500124226993648,0.0,0.0,-0.0050547122955322266,0.0009683227576162775,-0.0093994140625,-0.0018310546875,16384,6686938.0,21706.0,6384.0,29712.0,0.01673863,0.2072031,-0.7366566,0.08909046297016691,0.0391890986091279,-0.995252281563808,0.8538084,0.0007413957,-1.5314406133973884,1.4815875874117672
both_paths,5.750147480997839,0.0,0.0,-0.005015857517719269,0.000960778748819897,-0.0093994140625,-0.001953125,16384,6687172.0,21734.0,6400.0,29792.0,0.01669562,-0.5360189,-0.6932531,0.0876544034374672,-0.16092483199874788,-0.9830665816739965,0.8284067,0.0007525717,-1.73305399855494,1.4830292877203266
both_paths,6.000141920994793,0.0,0.0,-0.004969082772731781,0.0009351319238398657,-0.0087890625,-0.00146484375,16384,6687422.0,21764.0,11664.0,27520.0,0.01673382,-0.7123766,-0.07605348,0.14384430818876012,-0.9779315779502668,-0.15152110034380806,0.8256721,0.0008064274,-2.9878745652023913,1.426451290623054
both_paths,6.250144204997923,0.0,0.0,-0.0049792081117630005,0.0009593438484153746,-0.0091552734375,-0.0018310546875,16384,6687674.0,21794.0,8976.0,28864.0,0.01674618,-0.6787529,-0.2774083,0.17992483128301115,-0.8307358603295422,-0.5267874196014132,0.8950472,0.0007551617,-2.576460973728085,1.3898862918775527
both_paths,6.500163212993357,0.0,0.0,-0.0049966126680374146,0.0009415179808668123,-0.0093994140625,-0.001708984375,16384,6687925.0,21824.0,10768.0,25936.0,0.0167622,0.8017842,-0.04487103,-0.032634352224346255,0.995441087597335,-0.08962165016295992,0.8427246,0.0008153496,-0.08979001480296,1.6034364743997715
both_paths,6.750121785000374,0.0,0.0,-0.004981644451618195,0.0009454819904927216,-0.0091552734375,-0.0020751953125,16384,6688176.0,21854.0,9088.0,27664.0,0.01675762,0.7968745,-0.1657498,-0.021701117266004,0.9453062847944864,-0.3254613486075616,0.8357906,0.0008029409,-0.3315806785822013,1.5924991477372072
both_paths,7.000116735995107,0.0,0.0,-0.004991099238395691,0.0009405061972440092,-0.0091552734375,-0.0013427734375,16384,6688428.0,21884.0,6208.0,33696.0,0.0168381,-0.5503711,0.6971244,0.07954971767322813,-0.15658345486336567,0.9844559228737273,0.882228,0.0008491356,1.7285308519893876,1.4911624687718934
both_paths,7.250144158999319,0.0,0.0,-0.0050093308091163635,0.000944325999772102,-0.009033203125,-0.0020751953125,16384,6688680.0,21914.0,6128.0,33664.0,0.0167939,0.3508593,0.7454876,0.06089738577234828,0.0514723279791375,0.9968159849533422,0.8786456,0.0008513534,1.5192054073005945,1.5098612384959493
both_paths,7.500150912994286,0.0,0.0,-0.005012787878513336,0.0009527804436319802,-0.0096435546875,-0.0015869140625,16384,6688932.0,21944.0,6416.0,29760.0,0.01674815,-0.3548367,-0.7256115,0.09048931047436892,-0.077726782815059,-0.9928596234730738,0.8471276,0.0007462798,-1.6489227560132433,1.480183066551188
both_paths,7.750112139998237,0.0,0.0,-0.004974916577339172,0.0009448215943763151,-0.0093994140625,-0.001953125,16384,6689182.0,21974.0,6384.0,29712.0,0.01675217,0.4617654,-0.718001,0.08103604110625168,0.10720491182713869,-0.9909289918667035,0.8489548,0.0007381463,-1.4630291973075806,1.4896713307829665
both_paths,8.000148760998854,0.0,0.0,-0.005033709108829498,0.0009460426890628722,-0.0091552734375,-0.001953125,16384,6689433.0,22004.0,10816.0,28304.0,0.01672795,-0.7139893,-0.1055785,0.139171373460225,-0.9678340757780427,-0.20959134183466763,0.8592424,0.0008034823,-2.92832866647639,1.4311717311121068
both_paths,8.250109105996671,0.0,0.0,-0.004993230104446411,0.0009460442980201059,-0.0091552734375,-0.001220703125,16384,6689684.0,22034.0,10016.0,28208.0,0.01673942,-0.7010317,-0.1900451,0.15594819567263202,-0.9154430725204032,-0.3710042334540862,0.8744796,0.0007749318,-2.7565489873201288,1.4142090057178522
both_paths,8.500140788994031,0.0,0.0,-0.00499366968870163,0.0009431172424717516,-0.00927734375,-0.0018310546875,16384,6689936.0,22064.0,8720.0,28368.0,0.0167685,0.7968045,-0.2291914,-0.020455930107123314,0.8965359410084898,-0.4424984309615958,0.8035776,0.000799769,-0.45848607301801314,1.5912536837845919
both_paths,8.750110563996714,0.0,0.0,-0.00498836487531662,0.0009411963526133509,-0.0096435546875,-0.00146484375,16384,6690171.0,22092.0,9104.0,27472.0,0.01676697,0.8014493,-0.1668396,-0.030326421893780115,0.9443569087094759,-0.3275215063286733,0.8262206,0.0008082614,-0.33383871586659497,1.6011273991074804
both_paths,9.00012684599642,0.0,0.0,-0.005002379417419434,0.00094537514646932,-0.009765625,-0.0018310546875,16384,6690422.0,22122.0,6160.0,33664.0,0.01673557,-0.3824182,0.7357047,0.07158924216764863,-0.06870415590727788,0.9950651834764044,0.8783124,0.0008476824,1.6397318024643477,1.4991457937910937
both_paths,9.25015483199968,0.0,0.0,-0.004964180290699005,0.0009475422382440641,-0.0091552734375,-0.001708984375,16384,6690673.0,22152.0,6144.0,33552.0,0.01675943,0.3499089,0.7443261,0.06276629117327305,0.052847771441314466,0.9966280679100095,0.870531,0.0008492936,1.5178193700169178,1.5079887499642577
both_paths,9.500143473000207,0.0,0.0,-0.004998400807380676,0.0009345608345009379,-0.0089111328125,-0.001708984375,16384,6690924.0,22182.0,6544.0,29824.0,0.01672565,-0.5972058,-0.6429994,0.10327100168159273,-0.2612955914613071,-0.9597185598364586,0.8447204,0.0007555748,-1.8366159393407868,1.4673408760453406
both_paths,9.750129518994072,0.0,0.0,-0.00498943030834198,0.0009575087037760677,-0.0091552734375,-0.0018310546875,16384,6691175.0,22212.0,6384.0,29872.0,0.01669643,-0.5939547,-0.6777219,0.07983524605530384,-0.19821838897382738,-0.9769011228163829,0.8262058,0.0007585077,-1.7709838511841474,1.4908760293672554
both_paths,10.00012569399405,0.0,0.0,-0.00502391904592514,0.0009524616929010911,-0.0091552734375,-0.0020751953125,16384,6691425.0,22242.0,12368.0,27072.0,0.01671532,-0.7006855,-0.02578171,0.16839182480264758,-0.9843717603648765,-0.05154057368509261,0.9095846,0.000798787,-3.089281571073517,1.401598358200001
both_paths,10.250147497994476,0.0,0.0,-0.0050200968980789185,0.0009441681566981637,-0.00927734375,-0.00146484375,16384,6691675.0,22272.0,9664.0,28736.0,0.01669135,-0.6908926,-0.2118437,0.1712745346828208,-0.8953444025301602,-0.4111245974483814,0.9027976,0.0007679306,-2.7111305873831157,1.3986731522246834
both_paths,10.500125870996271,0.0,0.0,-0.004990674555301666,0.0009546146699431692,-0.0087890625,-0.001953125,16384,6691926.0,22302.0,10384.0,27216.0,0.01675023,0.8067472,-0.1376299,-0.04107820345505939,0.961477503924384,-0.27179696585547247,0.796884,0.0008126986,-0.275498398136683,1.6118860917199687
both_paths,10.750116855997476,0.0,0.0,-0.0049932897090911865,0.0009420025052182246,-0.0091552734375,-0.001953125,16384,6692177.0,22332.0,8368.0,28496.0,0.01669982,0.8019217,-0.2831851,-0.027881835248681736,0.8433934326079923,-0.5365725683417605,0.8050801,0.0008028142,-0.5666175211381841,1.5986817758492233
both_paths,11.000119684998936,0.0,0.0,-0.0050034672021865845,0.0009579048719460285,-0.0087890625,-0.0018310546875,16384,6692429.0,22362.0,6144.0,33600.0,0.01678307,0.3658954,0.7423919,0.06391263777436171,0.05740298993983871,0.9963032025837767,0.8812688,0.000841485,1.5132439695893636,1.5068400968500735
both_paths,11.2501045589961,0.0,0.0,-0.005020745098590851,0.0009306455869310837,-0.0093994140625,-0.001953125,16384,6692680.0,22392.0,6192.0,33360.0,0.0167094,0.6645347,0.6682084,0.05559342718593345,0.22548739713185328,0.9726586269541972,0.8846722,0.0008404258,1.3429945320434458,1.5151742232640566
both_paths,11.500112207999337,0.0,0.0,-0.004964679479598999,0.0009390040479844611,-0.0091552734375,-0.0018310546875,16384,6692932.0,22422.0,6480.0,29840.0,0.016787,-0.6151302,-0.6487217,0.0901650215110547,-0.25445906952380126,-0.96287114965243,0.8322963,0.0007601398,-1.8291609128443005,1.4805086866031147
both_paths,11.750109887994768,0.0,0.0,-0.004980534315109253,0.0009513636994529043,-0.0089111328125,-0.001220703125,16384,6693182.0,22452.0,6400.0,29776.0,0.0167369,-0.4694437,-0.7134195,0.08474020118818498,-0.11575857553725412,-0.9896560263506567,0.8356466,0.0007542618,-1.6872357181712136,1.4859543779655753
both_paths,12.000110582994239,0.0,0.0,-0.005048796534538269,0.0009336513860637531,-0.0093994140625,-0.0018310546875,16384,6693433.0,22482.0,13120.0,26816.0,0.01676153,-0.7192312,0.005589161,0.1319397766300363,-0.9911947062331236,0.011178089203802007,0.8651004,0.0008202959,3.130315741702571,1.4384707163975838
both_paths,12.250149791994772,0.0,0.0,-0.00502169132232666,0.0009420609801795048,-0.0093994140625,-0.00146484375,16384,6693685.0,22512.0,11456.0,27024.0,0.0167909,-0.6946239,-0.08724498,0.17781120965444897,-0.9686300518480444,-0.17360586504515407,0.9253024,0.000775291,-2.9642473498901736,1.3920345588899714
both_paths,12.500122444995213,0.0,0.0,-0.005017317831516266,0.0009472511387182351,-0.00927734375,-0.0015869140625,16384,6693936.0,22542.0,8016.0,28992.0,0.01676138,0.7899246,-0.3101262,-0.007366509983603705,0.8136984331970495,-0.5812405649499425,0.8031761,0.000790526,-0.6202717815671401,1.5781629034046476
both_paths,12.750121908000438,0.0,0.0,-0.004953041672706604,0.0009501100014586001,-0.00927734375,-0.001708984375,16384,6694171.0,22570.0,8896.0,28240.0,0.01675723,0.7974316,-0.226964,-0.021627571862431222,0.8984713489776718,-0.4384991256565719,0.8201099,0.0007982868,-0.4540421533677703,1.5924255850684996
both_paths,13.000151629996253,0.0,0.0,-0.005004920065402985,0.0009543831091373557,-0.0089111328125,-0.001708984375,16384,6694422.0,22600.0,6112.0,33616.0,0.01675028,0.3268075,0.745619,0.06309401949989912,0.04832524211325267,0.9968369052548375,0.888524,0.000843301,1.5223556665523281,1.5076603707667284
both_paths,13.250106227998913,0.0,0.0,-0.004984952509403229,0.0009433011749216232,-0.0093994140625,-0.0009765625,16384,6694673.0,22630.0,6288.0,33472.0,0.01671585,0.7076286,0.6434682,0.043385355338853314,0.27668230541410266,0.9599815689964358,0.8803928,0.0008417442,1.290185045989321,1.5273973492845594
both_paths,13.500141059994348,0.0,0.0,-0.004988804459571838,0.0009609790290943988,-0.0096435546875,-0.0018310546875,16384,6694923.0,22660.0,7040.0,30000.0,0.0166301,-0.6754669,-0.5050141,0.11599120104971943,-0.5190341666954474,-0.8468468427536388,0.8243234,0.0007684508,-2.120648655374883,1.4545434482208237
both_paths,13.750157696995302,0.0,0.0,-0.004943087697029114,0.000947356931780573,-0.00927734375,-0.0013427734375,16384,6695172.0,22690.0,6928.0,29952.0,0.01666213,-0.6757557,-0.5601437,0.09471847898367033,-0.4249967559750567,-0.9002256201362512,0.8225789,0.0007685292,-2.0118760842390677,1.4759356437206403
both_paths,14.00015283299581,0.0,0.0,-0.005021043121814728,0.0009396832596526082,-0.009521484375,-0.002197265625,16384,6695422.0,22720.0,12144.0,28080.0,0.01667585,-0.7214299,0.09812658,0.12513864120604293,-0.9727882408338434,0.1949957921917844,0.8285473,0.0008358115,2.9437640541527976,1.4453287571952902
both_paths,14.250145173995406,0.0,0.0,-0.004945516586303711,0.00093124474963223,-0.00927734375,-0.0018310546875,16384,6695673.0,22750.0,12016.0,26624.0,0.01672508,-0.6873086,-0.08126337,0.19235439941360283,-0.9678928707450603,-0.16181216204945262,0.863772,0.0007785858,-2.9759447272661324,1.377235538571081
both_paths,14.50014864699915,0.0,0.0,-0.004995368421077728,0.0009542975621755442,-0.0091552734375,-0.001953125,16384,6695923.0,22780.0,8592.0,28656.0,0.01664205,0.7819474,-0.2558219,0.006017675458850398,0.8719200974802839,-0.4896112041120425,0.799077,0.0007839799,-0.5116539672822422,1.5647786150163578
both_paths,14.75010193399794,0.0,0.0,-0.0049596503376960754,0.0009386827045613585,-0.0087890625,-0.001953125,16384,6696173.0,22810.0,7744.0,29248.0,0.01665577,0.7677429,-0.3650968,0.02630247481284501,0.7445808570425003,-0.6670138882696336,0.7997521,0.0007738948,-0.7305034853924544,1.5444908182736898
both_paths,15.0001503329986,0.0,0.0,-0.00495775043964386,0.000942182673995515,-0.0089111328125,-0.0015869140625,16384,6696423.0,22840.0,6160.0,33536.0,0.01668052,0.6710763,0.6787137,0.047995389888616895,0.20624267340265043,0.9773230797526309,0.887792,0.0008426036,1.3628196207036103,1.5227824910892638
both_paths,15.250109710999823,0.0,0.0,-0.005049973726272583,0.000958121650884385,-0.0091552734375,-0.001953125,16384,6696673.0,22870.0,6416.0,33040.0,0.01668025,0.7545049,0.5681436,0.025993431126506046,0.4201619149311456,0.907076792107297,0.871298,0.0008405252,1.1370160807015335,1.5447999676644395
both_paths,15.50011767399701,0.0,0.0,-0.005029238760471344,0.0009513869302238218,-0.009521484375,-0.0020751953125,16384,6696923.0,22900.0,7456.0,29968.0,0.01667215,-0.7139792,-0.439416,0.09082827899543484,-0.6315530192044105,-0.7699941608015745,0.8065825,0.0007878887,-2.2577365103775553,1.479842696388389
both_paths,15.750096800999017,0.0,0.0,-0.005012139678001404,0.0009526638864732779,-0.009765625,-0.00146484375,16384,6697173.0,22930.0,6800.0,29968.0,0.01669797,-0.6931646,-0.5375783,0.08723483898278996,-0.46752561983507746,-0.8796646393174352,0.8129723,0.0007757753,-2.0593109280273096,1.4834504655494258
both_paths,16.000117807998322,0.0,0.0,-0.0050177499651908875,0.0009654919655638735,-0.009033203125,-0.001220703125,16384,6697423.0,22960.0,12000.0,28464.0,0.0167367,-0.7126925,0.1199412,0.14075036624645137,-0.9611145034566632,0.23758839543787014,0.8285101,0.000829403,2.8992501429461033,1.4295770416770113
both_paths,16.250127923995024,0.0,0.0,-0.005020931363105774,0.0009675178997625468,-0.00927734375,-0.0020751953125,16384,6697674.0,22990.0,12544.0,26384.0,0.01671185,-0.6734196,-0.06273433,0.22034383603838822,-0.9673616922530104,-0.12513972303501317,0.8797774,0.0007614591,-3.012945219834396,1.3486293706417711
both_paths,16.500102002995845,0.0,0.0,-0.004989460110664368,0.0009462498966068022,-0.0091552734375,-0.001220703125,16384,6697925.0,23020.0,9056.0,28288.0,0.01670498,0.7917459,-0.2431195,-0.011223723676159722,0.8840253918589768,-0.46730411358709834,0.80014,0.0007912897,-0.486272295738885,1.582020286130185
both_paths,16.75008738299948,0.0,0.0,-0.005000591278076172,0.0009412392287116596,-0.0093994140625,-0.0018310546875,16384,6698176.0,23050.0,7600.0,29232.0,0.0168003,0.7740442,-0.3727295,0.016683820137140475,0.7345872002733009,-0.6783091443731721,0.7993374,0.0007791171,-0.7455875138031489,1.5541117325709746
both_paths,17.00014348699915,0.0,0.0,-0.0049624815583229065,0.0009418045585524017,-0.009033203125,-0.001953125,16384,6698427.0,23080.0,6160.0,33392.0,0.0166858,0.6516424,0.6785295,0.0560684897124238,0.204569127177495,0.9772450033984342,0.8718924,0.0008460796,1.3644435371595707,1.5146984185898542
both_paths,17.25008942199929,0.0,0.0,-0.004983969032764435,0.0009562562746537489,-0.009521484375,-0.001708984375,16384,6698677.0,23110.0,6256.0,33152.0,0.01674775,0.7060662,0.6217556,0.0507925022865042,0.31743550885346206,0.9469185917651101,0.8808264,0.0008379644,1.2473397549080758,1.5199819593689947
both_paths,17.50013863499771,0.0,0.0,-0.004978001117706299,0.0009563444261032198,-0.00927734375,-0.001708984375,16384,6698928.0,23140.0,6672.0,29904.0,0.01664063,-0.6727765,-0.5768355,0.09048405190003533,-0.3949001713443142,-0.9142573439814323,0.8185741,0.0007688626,-1.9785266791274418,1.4801883467868133
both_paths,17.750130266998895,0.0,0.0,-0.004947535693645477,0.0009146582157949634,-0.0091552734375,-0.001953125,16384,6699178.0,23170.0,6480.0,29840.0,0.01668995,-0.600295,-0.6535122,0.09433192559051908,-0.24306053255172533,-0.9654134167961705,0.8370058,0.0007562179,-1.817438615396913,1.4763239357057152
both_paths,18.000156355999934,0.0,0.0,-0.004940800368785858,0.0009340195843208707,-0.0093994140625,-0.001708984375,16384,6699429.0,23200.0,13248.0,27232.0,0.01676932,-0.7013534,0.02750006,0.16704613094995802,-0.9844153726652116,0.05497239484561309,0.8392906,0.0008088395,3.0858079096883833,1.4029633880232966
both_paths,18.250201920993277,0.0,0.0,-0.004936985671520233,0.0009157211513215596,-0.00927734375,-0.0020751953125,16384,6699680.0,23230.0,11280.0,27472.0,0.01673993,-0.6850651,-0.1236559,0.1932575582659647,-0.9501185404348318,-0.24479843809767712,0.8916456,0.0007688559,-2.889426659922518,1.3763151095822677
both_paths,18.500128109997604,0.0,0.0,-0.004951439797878265,0.0009254654394526058,-0.00927734375,-0.0020751953125,16384,6699931.0,23260.0,9232.0,28320.0,0.01671725,0.7909568,-0.2441314,-0.009818007560884275,0.8830945228136626,-0.4690923901578919,0.7914288,0.0007911716,-0.48828840209108604,1.5806144920942695
both_paths,18.750111326997285,0.0,0.0,-0.004945717751979828,0.0009393842834985918,-0.0101318359375,-0.001708984375,16384,6700182.0,23290.0,7056.0,29248.0,0.01667738,0.7727618,-0.4064151,0.017371780410847883,0.6872262688621941,-0.7262356894501293,0.8194061,0.0007815759,-0.8129896529962037,1.5534236725263302
both_paths,19.000108029998955,0.0,0.0,-0.00489431619644165,0.0009465430164082078,-0.00927734375,-0.0018310546875,16384,6700432.0,23320.0,6144.0,33520.0,0.01674587,0.5643226,0.7145197,0.06045267998653607,0.12769595352529747,0.9899693010067082,0.8769246,0.000845456,1.4425148507677577,1.5103067651358248
both_paths,19.250158716000442,0.0,0.0,-0.004929594695568085,0.0009378050536015529,-0.0089111328125,-0.002197265625,16384,6700683.0,23350.0,6208.0,33344.0,0.01674217,0.6858989,0.6514424,0.05233150734804836,0.25949384889947485,0.9643258555706249,0.8812066,0.000841985,1.3079295629317098,1.5184409042348652
both_paths,19.500155570996867,0.0,0.0,-0.00489286333322525,0.0009563047030988068,-0.00927734375,-0.001708984375,16384,6700934.0,23380.0,6480.0,29840.0,0.01674915,-0.6305691,-0.6410845,0.08673817691101776,-0.271098659104386,-0.9586354915701571,0.8239581,0.0007632118,-1.8463962369789235,1.4839490173923382
both_paths,19.750114864000352,0.0,0.0,-0.004910551011562347,0.0009542372988464282,-0.0091552734375,-0.0010986328125,16384,6701185.0,23410.0,6400.0,29776.0,0.01671062,-0.5103367,-0.7013472,0.08746903047265213,-0.14262626333019365,-0.9859041118266221,0.8419134,0.0007538237,-1.7144650733456326,1.4832153754303348
both_paths,20.000145051999425,0.0,0.0,-0.0049418434500694275,0.0009478849081186289,-0.0091552734375,-0.0020751953125,16384,6701436.0,23440.0,13776.0,27728.0,0.01676308,-0.6926142,0.0238324,0.18429518812771256,-0.9817153714355853,0.04764675351020308,0.8444484,0.000804114,3.0930965253059384,1.3854416077789389
both_paths,20.250145241996506,0.0,0.0,-0.004912428557872772,0.000954885955917314,-0.0089111328125,-0.0018310546875,16384,6701688.0,23470.0,12848.0,26112.0,0.01677638,-0.6898629,-0.03716171,0.1893857610384498,-0.9790910206331441,-0.07425501216372814,0.895122,0.0007759081,-3.065896796188422,1.3802597779153905
both_paths,20.50015213699953,0.0,0.0,-0.004928819835186005,0.0009402260001853742,-0.009033203125,-0.001708984375,16384,6701939.0,23500.0,7168.0,29248.0,0.0167012,0.7756797,-0.4133074,0.013165160824168255,0.6772419845234755,-0.7356425578629736,0.8233298,0.0007784188,-0.8267089330068051,1.5576307856402491
both_paths,20.75011759199697,0.0,0.0,-0.004928112030029297,0.0009511655950654112,-0.0091552734375,-0.001708984375,16384,6702189.0,23530.0,6464.0,29712.0,0.01663745,0.7048442,-0.6164715,0.05317053043276575,0.3271701538011564,-0.9434683805805184,0.8176485,0.0007654066,-1.236998477622081,1.5176007113210959
both_paths,21.00016079499619,0.0,0.0,-0.004959046840667725,0.0009546132215629046,-0.0093994140625,-0.0018310546875,16384,6702421.0,23558.0,6224.0,33328.0,0.01663067,0.7105721,0.6318712,0.04506395811490585,0.2988734063916271,0.9532281608465433,0.8738148,0.0008442376,1.2669659384946605,1.5257171023752047
both_paths,21.250113956994028,0.0,0.0,-0.004968211054801941,0.00093740187400586,-0.0089111328125,-0.0015869140625,16384,6702671.0,23588.0,6528.0,32960.0,0.0166431,0.7591993,0.5480442,0.023938926624779283,0.4564513728991895,0.8894262599960148,0.874004,0.0008409396,1.0966465114734163,1.5468551131246897
both_paths,21.500105852996057,0.0,0.0,-0.004935272037982941,0.000940484938556758,-0.00927734375,-0.0018310546875,16384,6702938.0,23620.0,6672.0,29936.0,0.0167527,-0.650684,-0.5835418,0.1045650690803864,-0.3786630665355239,-0.919608845308769,0.8360198,0.000762255,-1.961403929120186,1.4660397641562481
both_paths,21.75010660699627,0.0,0.0,-0.004917554557323456,0.0009412818055690536,-0.009033203125,-0.001708984375,16384,6703189.0,23650.0,6464.0,29776.0,0.01675077,-0.5698194,-0.6674915,0.09764089629113379,-0.21225231549977466,-0.9723246422550691,0.8435182,0.0007515359,-1.7857184948517826,1.4729996138630959
both_paths,22.00012514399714,0.0,0.0,-0.004945412278175354,0.0009409287902856896,-0.009033203125,-0.0015869140625,16384,6703439.0,23680.0,12448.0,27184.0,0.01667902,-0.7278041,0.07066772,0.11378754053392685,-0.9834680192466081,0.1408653638705887,0.8421054,0.0008377848,2.9993269903631905,1.456761798472574
both_paths,22.250155723995704,0.0,0.0,-0.00501038134098053,0.0009755816775486947,-0.0089111328125,-0.0015869140625,16384,6703673.0,23708.0,11792.0,26944.0,0.01667278,-0.6911688,-0.05770028,0.1860990535588413,-0.9757606596276615,-0.11514459339237174,0.9069996,0.0007776243,-3.024130912806501,1.3836059884081928
both_paths,22.50010673399811,0.0,0.0,-0.00494113564491272,0.0009251653050989505,-0.009033203125,-0.0018310546875,16384,6703923.0,23738.0,9136.0,28368.0,0.01667435,0.8024224,-0.2434281,-0.030086500702409834,0.8832958003899295,-0.4678496889910239,0.7993065,0.0007997741,-0.4870959641703676,1.6008873683848894
both_paths,22.750192550993233,0.0,0.0,-0.004956237971782684,0.0009346529902597061,-0.009521484375,-0.0018310546875,16384,6704173.0,23768.0,7744.0,29264.0,0.01668805,0.7897769,-0.3480906,-0.006719494775284529,0.7672673197939806,-0.6412922176092006,0.7823658,0.0007922147,-0.6962000692219159,1.5775158721372098
both_paths,23.000129975000164,0.0,0.0,-0.0049212053418159485,0.000935394722854947,-0.0091552734375,-0.0013427734375,16384,6704423.0,23798.0,6160.0,33488.0,0.0166118,0.631512,0.694413,0.05482170786834311,0.17246418583119116,0.9834890365184467,0.8696922,0.0008457622,1.3972018245949318,1.5159471213484583
both_paths,23.250148552993778,0.0,0.0,-0.004978090524673462,0.0009401607282759999,-0.0089111328125,-0.00146484375,16384,6704672.0,23828.0,6224.0,33280.0,0.01666495,0.7124737,0.6188907,0.04750825903049151,0.32342313095331404,0.945061079342625,0.8770848,0.0008383467,1.2410651077033368,1.5232701782907137
both_paths,23.50015858599363,0.0,0.0,-0.004933349788188934,0.0009404954249322288,-0.0087890625,-0.0020751953125,16384,6704939.0,23860.0,6400.0,29760.0,0.01669732,-0.54598,-0.6912617,0.08623455826429298,-0.1661127558133032,-0.9823289435403357,0.8267651,0.0007559731,-1.73831255535394,1.4844545301836698
both_paths,23.750346548993548,0.0,0.0,-0.004956558346748352,0.0009448079710906791,-0.00927734375,-0.001708984375,16384,6705173.0,23888.0,6768.0,29968.0,0.0167245,-0.6739057,-0.5339954,0.10656499532816267,-0.4699550601299658,-0.8762340687447326,0.8304522,0.0007722275,-2.063087731419563,1.464028599981815
both_paths,24.000135098998726,0.0,0.0,-0.004952475428581238,0.0009483312438623243,-0.0091552734375,-0.001708984375,16384,6705424.0,23918.0,11760.0,28368.0,0.0167263,-0.7170785,0.1186818,0.13239525885109923,-0.9629019787410869,0.23514096786874428,0.8484996,0.0008318545,2.9020799208260097,1.4380112030428347
both_paths,24.25017944699357,0.0,0.0,-0.0049462467432022095,0.0009516769815912943,-0.0091552734375,-0.0018310546875,16384,6705674.0,23948.0,11568.0,26912.0,0.01671382,-0.6973245,-0.0845779,0.17273669836354674,-0.9704742261368,-0.16835025821970198,0.9011272,0.0007786969,-2.969829813015584,1.3971888665576737
both_paths,24.500138934999995,0.0,0.0,-0.004947662353515625,0.0009233419374435145,-0.009033203125,-0.0020751953125,16384,6705925.0,23978.0,8528.0,28144.0,0.01668715,0.7945121,-0.2423735,-0.0161269991930289,0.8846458869906746,-0.4659845217681707,0.8115738,0.0007943423,-0.4848155014188684,1.5869240251216876
both_paths,24.750127767998492,0.0,0.0,-0.004901781678199768,0.0009395663848561146,-0.009033203125,-0.0015869140625,16384,6706175.0,24008.0,7104.0,29232.0,0.01666895,0.7767564,-0.4051668,0.011912194804399185,0.6891538274563757,-0.724517150740526,0.812313,0.0007826236,-0.8104081906610783,1.5588838502483349
both_paths,25.000120718999824,0.0,0.0,-0.0049367547035217285,0.0009376460132151828,-0.009033203125,-0.001708984375,16384,6706425.0,24038.0,6160.0,33360.0,0.01666265,0.6923769,0.6457193,0.05100364199138136,0.2709801762752577,0.9612327359018966,0.8761368,0.0008386006,1.2960182710955452,1.5197705456404784
both_paths,25.250110303997644,0.0,0.0,-0.004966907203197479,0.0009394332664023493,-0.0091552734375,-0.001953125,16384,6706675.0,24068.0,6320.0,32976.0,0.01661238,0.7461936,0.5659143,0.03329015771920017,0.4236994922258842,0.9051908669924585,0.8747544,0.0008378874,1.1330112496447917,1.53750001712308
both_paths,25.500165797995578,0.0,0.0,-0.00492868572473526,0.0009495221536654709,-0.0091552734375,-0.0020751953125,16384,6706925.0,24098.0,7136.0,29920.0,0.01673407,-0.7069161,-0.4136272,0.10581315251049025,-0.6685777513226531,-0.7360756531716943,0.8183341,0.00078379,-2.30817836007515,1.4647847179420874
both_paths,25.750106970997876,0.0,0.0,-0.004949256777763367,0.0009394538327322742,-0.0096435546875,-0.001220703125,16384,6707176.0,24128.0,7136.0,30000.0,0.01670528,-0.7126944,-0.4834407,0.08228179665059993,-0.5618765077067891,-0.8231187618000041,0.8041632,0.0007862303,-2.1697616977221004,1.4884214008069956
both_paths,26.000138997995236,0.0,0.0,-0.005003347992897034,0.0009479164878148157,-0.0089111328125,-0.0020751953125,16384,6707426.0,24158.0,11008.0,29376.0,0.01671712,-0.716833,0.1616603,0.1296178751337058,-0.9392844130501489,0.31771685168851255,0.8189559,0.0008389904,2.815419920378341,1.4408127326981963
both_paths,26.25009383699944,0.0,0.0,-0.004981197416782379,0.0009497955485495966,-0.00927734375,-0.0020751953125,16384,6707676.0,24188.0,12944.0,26208.0,0.01674188,-0.6849965,-0.03134028,0.19906489086283014,-0.9779823409568913,-0.06263952428178639,0.9060112,0.0007711214,-3.0776302740668195,1.370392704969481
both_paths,26.50016803699691,0.0,0.0,-0.004979178309440613,0.0009354050392719775,-0.0091552734375,-0.0015869140625,16384,6707928.0,24218.0,7888.0,29104.0,0.01675652,0.7911275,-0.3368236,-0.008955348372072552,0.781500288824812,-0.6238406048841885,0.7987898,0.0007910158,-0.6736792097756035,1.5797517948718556
both_paths,26.750115893999464,0.0,0.0,-0.004954151809215546,0.0009502728162550865,-0.009033203125,-0.0015869140625,16384,6708180.0,24248.0,6688.0,29632.0,0.01677408,0.7647518,-0.5240316,0.020609541571284862,0.49882456634578676,-0.8664579036549666,0.7991263,0.0007749804,-1.048432019050277,1.5501853259498688
both_paths,27.000156196998432,0.0,0.0,-0.005024366080760956,0.0009486560530200767,-0.009521484375,-0.001953125,16384,6708431.0,24278.0,6320.0,33136.0,0.01675828,0.7222905,0.6112618,0.042959830366854704,0.3385600441279821,0.9399635894516924,0.875917,0.000843852,1.225077679202129,1.5278232713772189
both_paths,27.25011020599777,0.0,0.0,-0.004961833357810974,0.0009299455837855192,-0.009033203125,-0.0018310546875,16384,6708681.0,24308.0,6576.0,32592.0,0.01670367,0.7463736,0.5274155,0.038468383484551394,0.4918727618960804,0.8698168597910754,0.8823206,0.0008305206,1.056138410757475,1.5323184492951414
both_paths,27.500145551995956,0.0,0.0,-0.004975907504558563,0.0009559926867505808,-0.0093994140625,-0.0015869140625,16384,6708932.0,24338.0,7264.0,30000.0,0.0167157,-0.7054027,-0.4386354,0.10183879911712262,-0.6310882051605651,-0.7689970977198801,0.8226523,0.0007828002,-2.258010858947719,1.4687806702746091
both_paths,27.75023302599584,0.0,0.0,-0.004983976483345032,0.0009309675826382053,-0.009033203125,-0.0018310546875,16384,6709183.0,24368.0,6912.0,30032.0,0.01675817,-0.6921302,-0.5010383,0.09987804141524713,-0.5292112163354756,-0.8425911614465111,0.8202311,0.0007800656,-2.1316044802983565,1.4707514778682338
both_paths,28.00012630999845,0.0,0.0,-0.004928074777126312,0.0009492899531814812,-0.009033203125,-0.0018310546875,16384,6709435.0,24398.0,10320.0,29488.0,0.01674013,-0.7138123,0.1651877,0.13496688998399223,-0.936242371922115,0.32439814984937987,0.8891032,0.0008343344,2.808048646550426,1.4354162801710248
both_paths,28.250113955000415,0.0,0.0,-0.005013853311538696,0.0009437047189911723,-0.009033203125,-0.00146484375,16384,6709686.0,24428.0,12096.0,28160.0,0.01681237,-0.6980119,0.07888469,0.17172452895883528,-0.9725355254482059,0.15711568316068386,0.9198686,0.0007937008,2.9814238730763973,1.3982163906569822
both_paths,28.50011062699923,0.0,0.0,-0.005017079412937164,0.0009255483873079037,-0.00927734375,-0.002197265625,16384,6709921.0,24456.0,7712.0,28752.0,0.01674028,0.7722565,-0.3138259,0.0212715043059944,0.8091291499697607,-0.5872457252068954,0.8247049,0.0007767338,-0.6278160070080143,1.5495232180181489
both_paths,28.750153917993885,0.0,0.0,-0.004994489252567291,0.0009367112369130919,-0.0089111328125,-0.0020751953125,16384,6710173.0,24486.0,6960.0,29504.0,0.01677403,0.768314,-0.438274,0.021856913072792198,0.6394344898777344,-0.7685348453425712,0.8138573,0.0007774943,-0.876835072854178,1.5489376730835283
both_paths,29.00011476299551,0.0,0.0,-0.004920452833175659,0.000927690443853132,-0.0091552734375,-0.001953125,16384,6710424.0,24516.0,6224.0,33216.0,0.0167252,0.7147542,0.6135841,0.047442443052210875,0.3335482145086717,0.9415385298517076,0.8709802,0.0008417246,1.2303326156792975,1.5233360685662358
both_paths,29.25009055499686,0.0,0.0,-0.005011752247810364,0.0009318525988844641,-0.009033203125,-0.001953125,16384,6710674.0,24546.0,6384.0,33024.0,0.016686,0.76264,0.5467803,0.02089959223582302,0.45884979962395767,0.8882680161018015,0.8636422,0.0008444554,1.0939832578295583,1.549895212794164
both_paths,29.50012056199921,0.0,0.0,-0.00499870628118515,0.0009531825963443685,-0.00927734375,-0.0020751953125,16384,6710925.0,24576.0,7504.0,29904.0,0.01669502,-0.7043663,-0.3930707,0.11401054827862261,-0.6973222773957287,-0.7076321334767396,0.8275339,0.0007857305,-2.3488564079404184,1.4565373299601518
both_paths,29.75010167599976,0.0,0.0,-0.004990726709365845,0.0009364371180941428,-0.0091552734375,-0.001708984375,16384,6711175.0,24606.0,6928.0,30000.0,0.01673648,-0.7115991,-0.4593243,0.08925164610033852,-0.6002961074532516,-0.7947821884295434,0.8069722,0.0007886857,-2.217678508404912,1.4814257596123301
both_paths,30.00038222099829,0.0,0.0,-0.005017794668674469,0.0009396086517298418,-0.009521484375,-0.0018310546875,16384,6711442.0,24638.0,12400.0,27136.0,0.016624,-0.7159281,0.07248233,0.1370408760030958,-0.9799754284753847,0.14445746048159072,0.8528168,0.0008243139,2.995237387196525,1.4333228421624291
both_paths,30.25013614999625,0.0,0.0,-0.005028828978538513,0.0009570774010939645,-0.0091552734375,-0.001953125,16384,6711676.0,24666.0,12576.0,26800.0,0.01672412,-0.7071352,-0.02511106,0.15569099898664954,-0.9865293565753444,-0.05020101044377459,0.9172946,0.0007936528,-3.0907500237505796,1.4144693827723613
both_paths,30.5001921679941,0.0,0.0,-0.004985585808753967,0.0009414425204378079,-0.009033203125,-0.001708984375,16384,6711927.0,24696.0,7616.0,28640.0,0.01671418,0.787101,-0.2975335,-0.002820269797192441,0.8281061404310058,-0.560564239190063,0.8404876,0.0007854793,-0.5950696920998819,1.5736166003308034
both_paths,30.750145629994222,0.0,0.0,-0.0049898698925971985,0.0009435243173200793,-0.00927734375,-0.0020751953125,16384,6712178.0,24726.0,6848.0,29584.0,0.0167373,0.7584052,-0.464165,0.03233113772516628,0.598298928079123,-0.8006204407787555,0.8179487,0.0007725309,-0.9290292474036761,1.5384595537822314
both_paths,31.000386280000384,0.0,0.0,-0.004976034164428711,0.000928189678788943,-0.0091552734375,-0.0013427734375,16384,6712445.0,24758.0,6304.0,33168.0,0.01670962,0.7289623,0.5952798,0.04180235378830164,0.36877863905919267,0.9285768027424589,0.8781804,0.0008390176,1.1927545027966175,1.5289817889281543
both_paths,31.250390588997107,0.0,0.0,-0.004993654787540436,0.0009489794497412303,-0.00927734375,-0.001708984375,16384,6712678.0,24786.0,6608.0,32784.0,0.0167213,0.7594987,0.5345782,0.0248971052960993,0.4802190985590293,0.8767951593884562,0.8707024,0.0008378061,1.069722078345019,1.545896648636828
both_paths,31.500400650998927,0.0,0.0,-0.0049551501870155334,0.0009281615578724866,-0.0089111328125,-0.0018310546875,16384,6712929.0,24816.0,7104.0,29952.0,0.01666815,-0.6905913,-0.4614246,0.11375700227986142,-0.592733498473508,-0.797324491170098,0.8243479,0.0007782588,-2.2100620334076653,1.4567925363118988
both_paths,31.750382816993806,0.0,0.0,-0.004957966506481171,0.0009373705661505303,-0.009765625,-0.0013427734375,16384,6713180.0,24846.0,6800.0,29968.0,0.01675735,-0.6830185,-0.5060317,0.1077885271740425,-0.5190381660499405,-0.8479274825084779,0.8297922,0.0007706333,-2.1200840753231738,1.4627979796608628
both_paths,32.00057743899379,0.0,0.0,-0.0049729421734809875,0.0009475920669118816,-0.00927734375,-0.001953125,16384,6713431.0,24876.0,10912.0,29488.0,0.01681707,-0.7336674,0.1345568,0.09955978922588753,-0.9588520454427308,0.26587704549206237,0.8449178,0.0008493304,2.8711016392012,1.4710713242864204
both_paths,32.25049459399452,0.0,0.0,-0.004924692213535309,0.0009340959056521982,-0.0091552734375,-0.001953125,16384,6713683.0,24906.0,12448.0,26480.0,0.0167806,-0.7011133,0.02855986,0.16749890287423305,-0.9842179646307109,0.057088664672672366,0.8894088,0.0007936433,3.083653486441797,1.40250414569094
both_paths,32.50038611199852,0.0,0.0,-0.0049443319439888,0.0009473023893140471,-0.009521484375,-0.001708984375,16384,6713935.0,24936.0,6864.0,29456.0,0.0167343,0.7556483,-0.4380167,0.03806945198232978,0.6390704413436195,-0.768205498435566,0.8349768,0.0007655341,-0.8769043278022153,1.532717673240877
both_paths,32.750480743998196,0.0,0.0,-0.004950568079948425,0.0009441560404121327,-0.0093994140625,-0.0018310546875,16384,6714185.0,24966.0,6512.0,29712.0,0.01663467,0.7073679,-0.6061021,0.05454836823676686,0.34669117716754516,-0.9363918534443195,0.8152228,0.0007675217,-1.216203955078667,1.5162208706045601
both_paths,33.00038199899427,0.0,0.0,-0.0049576535820961,0.0009562383654435634,-0.0096435546875,-0.001953125,16384,6714435.0,24996.0,6272.0,33168.0,0.01664338,0.73971,0.5836116,0.035834199904331655,0.39106857822812985,0.9196636761554984,0.8702656,0.000839535,1.168730889661715,1.5349544534000918
both_paths,33.25012852799409,0.0,0.0,-0.0049597397446632385,0.0009449638782349556,-0.009521484375,-0.0018310546875,16384,6714685.0,25026.0,6576.0,32656.0,0.01669432,0.7581234,0.5366391,0.02602063511546276,0.47653613293269154,0.8787697312480353,0.8695832,0.000837451,1.073902234769026,1.544772754470889
both_paths,33.500391415000195,0.0,0.0,-0.004942156374454498,0.0009180396374168188,-0.0089111328125,-0.001953125,16384,6714936.0,25056.0,6800.0,29920.0,0.0167387,-0.6645627,-0.5627713,0.10307427973864522,-0.4181708789535581,-0.9025014176451848,0.8310838,0.0007653025,-2.0046936111770806,1.4675386534348185
both_paths,33.750498743997014,0.0,0.0,-0.004913069307804108,0.0009489689260849726,-0.00927734375,-0.001708984375,16384,6715186.0,25086.0,6608.0,29840.0,0.01671,-0.6398582,-0.6227637,0.091710570762334,-0.3061210223793051,-0.9475648214596698,0.8287563,0.000759462,-1.8832732615327858,1.478956706679856
both_paths,34.00038452899753,0.0,0.0,-0.004972778260707855,0.0009386789772488501,-0.00927734375,-0.001708984375,16384,6715437.0,25116.0,11392.0,28448.0,0.01671433,-0.7295587,0.1064918,0.10892873718361586,-0.9713157495531373,0.21137702071325054,0.8694006,0.000841305,2.9273143055182462,1.4616510161142242
both_paths,34.250151928994455,0.0,0.0,-0.004976160824298859,0.0009362284224122538,-0.0101318359375,-0.001708984375,16384,6715671.0,25144.0,12176.0,27040.0,0.01673763,-0.6921459,-0.05032235,0.18448685237119386,-0.977685737232457,-0.10047487504046111,0.8948956,0.0007808339,-3.0391840967628245,1.385246599725284
both_paths,34.500389716995414,0.0,0.0,-0.004968956112861633,0.0009325202973374673,-0.00927734375,-0.001708984375,16384,6715939.0,25176.0,6960.0,29312.0,0.01675505,0.7755106,-0.4488827,0.012326196635089439,0.623236957119109,-0.7819359054023719,0.8180013,0.0007811291,-0.8978607096066229,1.5584698180080967
both_paths,34.75038378099998,0.0,0.0,-0.004980318248271942,0.0009387912691434584,-0.0089111328125,-0.0015869140625,16384,6716189.0,25206.0,6496.0,29744.0,0.01671625,0.6598265,-0.6492915,0.0668157981794319,0.26042937129209925,-0.9631781723451001,0.8283935,0.0007591406,-1.306725259762246,1.503930713612885
both_paths,35.00013121399388,0.0,0.0,-0.004938781261444092,0.000938140131571271,-0.0089111328125,-0.0015869140625,16384,6716441.0,25236.0,6272.0,33296.0,0.0167333,0.7197663,0.6277641,0.040584346216522064,0.3074039366450962,0.9507132746402962,0.8751666,0.0008413378,1.2580662809937788,1.530200831306561
both_paths,35.2503820369966,0.0,0.0,-0.0050296783447265625,0.0009543426079479077,-0.0098876953125,-0.0015869140625,16384,6716675.0,25264.0,6464.0,32976.0,0.01666892,0.7335086,0.5780685,0.041735332848138955,0.40071057741893334,0.9152536233944338,0.8807776,0.000835127,1.1581226112903105,1.5290488684085208
both_paths,35.50038890699943,0.0,0.0,-0.0050215944647789,0.0009545903237207515,-0.00927734375,-0.001953125,16384,6716942.0,25296.0,6416.0,29936.0,0.01675115,-0.6436616,-0.6204392,0.09061047474739158,-0.31103586766456337,-0.9460689355920131,0.8194912,0.0007643939,-1.8884312061689765,1.480061402472358
both_paths,35.75038660899736,0.0,0.0,-0.004946105182170868,0.0009473881474541252,-0.00927734375,-0.001708984375,16384,6717192.0,25326.0,6400.0,29792.0,0.01649585,-0.5324244,-0.6980155,0.08426715749895636,-0.15209297337973338,-0.9847673703040519,0.8318435,0.0007551532,-1.724031174626865,1.4864291197312505
both_paths,36.00037963199429,0.0,0.0,-0.004975609481334686,0.0009525248265152532,-0.0091552734375,-0.0013427734375,16384,6717439.0,25356.0,12016.0,28304.0,0.01643468,-0.7130916,0.09258628,0.14164597898494893,-0.9726446737225489,0.18411614626792452,0.848354,0.0008278883,2.954511853779575,1.4286723652710682
both_paths,36.25037610099389,0.0,0.0,-0.004962258040904999,0.0009345810406596979,-0.0087890625,-0.001953125,16384,6717685.0,25386.0,13200.0,26640.0,0.01645763,-0.6953716,0.01806184,0.1789650105792728,-0.9831923373574958,0.036115824092287495,0.8960374,0.0007874345,3.1048759382458417,1.3908619494762129
both_paths,36.50039217999438,0.0,0.0,-0.004959017038345337,0.0009419642544136962,-0.0091552734375,-0.001953125,16384,6717933.0,25416.0,7552.0,29136.0,0.01663503,0.7757301,-0.4136096,0.013088295635096659,0.676798645214305,-0.7360518258610935,0.8161664,0.0007794647,-0.8273123497542967,1.5577076574525541
both_paths,36.75037457399594,0.0,0.0,-0.004968918859958649,0.0009458367082023893,-0.009521484375,-0.0020751953125,16384,6718183.0,25446.0,6544.0,29680.0,0.01669343,0.723068,-0.5774283,0.05023861312921063,0.40091426909335215,-0.9147370281059999,0.8140094,0.0007663236,-1.1577283355684564,1.5205365566020372
both_paths,37.000157056994794,0.0,0.0,-0.004984952509403229,0.0009384902750412852,-0.0091552734375,-0.0015869140625,16384,6718434.0,25476.0,6320.0,33216.0,0.01663532,0.7286326,0.6066445,0.039643819749080246,0.34768743227905646,0.9367720197523509,0.8766484,0.0008414744,1.2154010444485,1.531142115442614
both_paths,37.25020464499539,0.0,0.0,-0.005045905709266663,0.0009481909737292122,-0.00927734375,-0.001708984375,16384,6718683.0,25506.0,6592.0,32784.0,0.01663805,0.7605698,0.5521891,0.02232095285526112,0.4491355957911365,0.8931847466548979,0.8677146,0.000844316,1.1048734216318454,1.5484735200480746
both_paths,37.500164296994626,0.0,0.0,-0.004950873553752899,0.0009429171045754406,-0.00927734375,-0.0015869140625,16384,6718934.0,25536.0,6928.0,29952.0,0.01692383,-0.6716818,-0.5377164,0.10718088391704576,-0.4631104815915462,-0.8797959649616534,0.8319348,0.0007664183,-2.055327635156568,1.4634091636767246
both_paths,37.75016723099543,0.0,0.0,-0.004917405545711517,0.0009374532368031822,-0.00927734375,-0.001708984375,16384,6719173.0,25564.0,7152.0,30000.0,0.01710473,-0.6823114,-0.4670509,0.12171201470928211,-0.5819493454352658,-0.804065385912659,0.8316238,0.000771881,-2.1972904273067586,1.4487817878203875
both_paths,38.00015332199837,0.0,0.0,-0.00498894602060318,0.0009234393218174793,-0.009033203125,-0.001708984375,16384,6719427.0,25594.0,11136.0,29584.0,0.01679097,-0.6998399,0.1372212,0.16391009511755306,-0.9485182797509812,0.27101024647934263,0.8696676,0.0008206541,2.86328809795772,1.4061432647778969
both_paths,38.25015650699788,0.0,0.0,-0.004982694983482361,0.0009496061869290229,-0.0087890625,-0.001953125,16384,6719679.0,25624.0,12976.0,25840.0,0.01680057,-0.6902083,-0.02239541,0.1890419863509319,-0.9809476291411716,-0.044775844814012346,0.883008,0.0007771973,-3.095978815191649,1.3806098768269115
both_paths,38.50015046599583,0.0,0.0,-0.004973948001861572,0.0009482505147810095,-0.0096435546875,-0.0013427734375,16384,6719931.0,25654.0,7440.0,28976.0,0.01677398,0.7986761,-0.3435905,-0.020526268987481316,0.7727647839689262,-0.6343605133825027,0.8153119,0.0007954,-0.6873539393346055,1.5913240374367426
both_paths,38.75038346099609,0.0,0.0,-0.00499550998210907,0.0009479222436630761,-0.0089111328125,-0.002197265625,16384,6720182.0,25684.0,6864.0,29584.0,0.01676195,0.7667208,-0.5123444,0.01939622046192904,0.5190025363594205,-0.8545526045155328,0.8042035,0.0007767493,-1.0249984732579116,1.5513988899407876
both_paths,39.000168421000126,0.0,0.0,-0.004943490028381348,0.0009445776344310588,-0.00927734375,-0.001220703125,16384,6720434.0,25714.0,6224.0,33456.0,0.01674955,0.70104,0.6480886,0.04553580291162561,0.26732990059754796,0.9625285527711366,0.883411,0.0008403016,1.2998872294801949,1.5252447726962435
both_paths,39.25017587599723,0.0,0.0,-0.004994384944438934,0.0009322739986249428,-0.0093994140625,-0.001953125,16384,6720686.0,25744.0,6352.0,33056.0,0.01684005,0.7287537,0.5773774,0.04568703345293829,0.4015521407847007,0.9146958911056144,0.8853262,0.0008314869,1.1571269717407926,1.5250933845987877
both_paths,39.500164465993294,0.0,0.0,-0.004976741969585419,0.0009441039960850838,-0.009521484375,-0.001708984375,16384,6720921.0,25772.0,7824.0,29968.0,0.01678417,-0.6983658,-0.4097124,0.11822470934125091,-0.6723262152528507,-0.7307532951584647,0.8249482,0.0007788901,-2.3145765044896276,1.4522944646114964
both_paths,39.75020032599423,0.0,0.0,-0.004996947944164276,0.0009424974531695735,-0.00927734375,-0.0018310546875,16384,6721189.0,25804.0,6416.0,29824.0,0.01676203,-0.5789733,-0.6791815,0.08459314691544766,-0.193124691119007,-0.9775207686669013,0.8288012,0.0007577536,-1.765850235984728,1.4861019621645013
both_paths,40.000169418999576,0.0,0.0,-0.004992298781871796,0.0009485406429938831,-0.0093994140625,-0.001708984375,16384,6721424.0,25832.0,10752.0,29120.0,0.01678513,-0.7202733,0.1814746,0.12142045878028428,-0.9269351389062841,0.355032844185398,0.845538,0.0008431292,2.775811099028349,1.4490755222845713
both_paths,40.250384529994335,0.0,0.0,-0.004967533051967621,0.000946301175705818,-0.00927734375,-0.0013427734375,16384,6721675.0,25862.0,13376.0,26240.0,0.01675035,-0.688027,-0.0139185,0.1934387669170737,-0.9807174644207444,-0.02783340499738007,0.9097398,0.0007762233,-3.113219613746026,1.3761304157978553
both_paths,40.50039669499529,0.0,0.0,-0.004999153316020966,0.0009477156962677697,-0.0091552734375,-0.00146484375,16384,6721943.0,25894.0,6752.0,29632.0,0.01676903,0.7468395,-0.5391603,0.03642562584173315,0.4714036388268666,-0.8811650146725227,0.8146051,0.0007691522,-1.0795596532323968,1.5343626410606723
both_paths,40.750379663993954,0.0,0.0,-0.00495610386133194,0.0009445992878937763,-0.00927734375,-0.0018310546875,16384,6722195.0,25924.0,6384.0,29808.0,0.01680392,0.3893507,-0.7260363,0.08431226700118295,0.08319052367475735,-0.992960612715248,0.837548,0.0007543557,-1.4872112415642038,1.4863838491240573
both_paths,41.000466101999336,0.0,0.0,-0.004946328699588776,0.0009423312005059407,-0.00927734375,-0.0018310546875,16384,6722430.0,25952.0,6256.0,33296.0,0.0167895,0.7174712,0.6270149,0.042187847825829294,0.30862548617580127,0.9502475965655346,0.8743464,0.0008442098,1.2567595469659718,1.5285959545115169
both_paths,41.25038449799467,0.0,0.0,-0.004952296614646912,0.0009492569238240448,-0.00927734375,-0.0013427734375,16384,6722682.0,25982.0,6464.0,33024.0,0.01676555,0.7469926,0.5730649,0.03161637574634201,0.41080210974279074,0.9111761802283564,0.874965,0.0008424624,1.1472372890456874,1.539174681414848
both_paths,41.50051644499763,0.0,0.0,-0.0049633607268333435,0.0009304848118919015,-0.0093994140625,-0.0015869140625,16384,6722933.0,26012.0,6832.0,29952.0,0.01672502,-0.6669244,-0.5567088,0.10365913658326548,-0.42925911527966404,-0.8972131270507203,0.8344633,0.0007659158,-2.0170444457036005,1.4669506468151328
both_paths,41.75041422199865,0.0,0.0,-0.0050604864954948425,0.0009462062076281289,-0.009033203125,-0.001708984375,16384,6723184.0,26042.0,6544.0,29872.0,0.01675807,-0.6396284,-0.6168273,0.09507833092552315,-0.3168325294033502,-0.9437040104292722,0.8296418,0.0007600491,-1.894704977404176,1.4755741603889851
both_paths,42.00050696099788,0.0,0.0,-0.00494944304227829,0.000952613037928434,-0.00927734375,-0.001708984375,16384,6723436.0,26072.0,10992.0,28112.0,0.01684658,-0.7138806,0.09452452,0.14000817784640107,-0.9721532381404707,0.18792496297492733,0.8972356,0.0008246114,2.9506399463893853,1.4303266528932437
both_paths,42.25039999099681,0.0,0.0,-0.0048866719007492065,0.0009352932636233035,-0.00927734375,-0.0018310546875,16384,6723688.0,26102.0,12624.0,26400.0,0.01679575,-0.6932923,0.02412078,0.18295855253982773,-0.9819372305511409,0.048222850497316616,0.8992486,0.0007866138,3.09252216587325,1.386801364763108
both_paths,42.5005577579941,0.0,0.0,-0.004945605993270874,0.0009503930867811888,-0.009033203125,-0.0015869140625,16384,6723940.0,26132.0,6672.0,29568.0,0.01678078,0.7515013,-0.5067182,0.03583186272910685,0.5277324806674514,-0.8486545271557446,0.8138744,0.000769325,-1.0144682231478361,1.534956792077237
both_paths,42.750412012996094,0.0,0.0,-0.004955761134624481,0.0009530771031835808,-0.009033203125,-0.0008544921875,16384,6724192.0,26162.0,6400.0,29760.0,0.0168177,0.5492267,-0.6883179,0.08778398910464837,0.17181657454434618,-0.9812099856650064,0.8301144,0.0007524334,-1.3974470023331713,1.4828992005986428
both_paths,43.00045502099965,0.0,0.0,-0.004973374307155609,0.0009504317569125573,-0.009033203125,-0.0018310546875,16384,6724443.0,26192.0,6304.0,33200.0,0.01676652,0.7306674,0.6064945,0.038259245630947174,0.348125221181993,0.9366669955222824,0.8694592,0.000845335,1.2149537415611356,1.5325277412219136
both_paths,43.25016509299894,0.0,0.0,-0.005010716617107391,0.0009480921356290236,-0.009521484375,-0.001708984375,16384,6724678.0,26220.0,6544.0,32960.0,0.01676318,0.7573011,0.5347578,0.026989826526295807,0.4797905541226278,0.8769678291926005,0.8806082,0.000836068,1.0701810528083548,1.543803222400827
both_paths,43.50039902599383,0.0,0.0,-0.005004361271858215,0.0009324787829528115,-0.0098876953125,-0.0018310546875,16384,6724945.0,26252.0,6464.0,29872.0,0.0166996,-0.6215766,-0.6346928,0.09553569328437891,-0.2810752952580565,-0.954918640358575,0.8337181,0.0007603287,-1.8570567837017244,1.4751147065581736
both_paths,43.75037553599395,0.0,0.0,-0.004928141832351685,0.0009440878557704362,-0.009033203125,-0.0018310546875,16384,6725180.0,26280.0,6976.0,29968.0,0.0168026,-0.7039247,-0.5161131,0.08320759270582527,-0.5061148011665256,-0.8584429535829796,0.8106268,0.0007809616,-2.1035136475356575,1.487492419033026
both_paths,44.00038732599933,0.0,0.0,-0.004963286221027374,0.0009331071073746112,-0.009033203125,-0.00146484375,16384,6725432.0,26310.0,10720.0,29232.0,0.01677932,-0.7225636,0.1505825,0.1196973160786599,-0.9474605173443758,0.2966329728757296,0.872256,0.0008410912,2.838177518675022,1.4508113258553965
both_paths,44.250377240998205,0.0,0.0,-0.004984602332115173,0.0009477525790445212,-0.009033203125,-0.0015869140625,16384,6725684.0,26340.0,12560.0,27600.0,0.01677668,-0.7011616,0.04542722,0.1669857168357584,-0.981775905459236,0.09072949813894862,0.911896,0.0007936296,3.0494407399947985,1.4030246627907386
both_paths,44.50038745799975,0.0,0.0,-0.005058780312538147,0.0009478572744759976,-0.009521484375,-0.00146484375,16384,6725936.0,26370.0,6640.0,29648.0,0.01680108,0.7495738,-0.4934087,0.039469578848418264,0.5499332358107119,-0.8342754871721262,0.8250487,0.0007648638,-0.9879984681256229,1.5313164928238818
both_paths,44.75038813599531,0.0,0.0,-0.004999026656150818,0.0009544161261003338,-0.009765625,-0.0020751953125,16384,6726189.0,26400.0,6416.0,29824.0,0.0168309,0.5159869,-0.696592,0.09065903345970136,0.1516467961560312,-0.9842683520604347,0.8279501,0.0007554795,-1.4179277684113425,1.480012643076158
both_paths,45.00037229399459,0.0,0.0,-0.005004547536373138,0.0009295594604000431,-0.0091552734375,-0.0018310546875,16384,6726441.0,26430.0,6464.0,32912.0,0.0168233,0.7319108,0.5586511,0.04677727057866318,0.43560476724345726,0.8989217839789978,0.8833784,0.0008306097,1.1195559121074616,1.5240019804045282
both_paths,45.250382961996365,0.0,0.0,-0.004988744854927063,0.0009446497453450218,-0.00927734375,-0.001708984375,16384,6726676.0,26458.0,6800.0,32720.0,0.01675863,0.768279,0.5193153,0.017369158986462258,0.5071033840447261,0.8617102008253644,0.8702144,0.0008361184,1.0388868893239689,1.5534262943462909
both_paths,45.50040527300007,0.0,0.0,-0.0050069913268089294,0.0009315490096614005,-0.00927734375,-0.001220703125,16384,6726944.0,26490.0,6800.0,29888.0,0.01674003,-0.6595269,-0.5948773,0.0926342238710407,-0.3601657246255192,-0.9282777339637015,0.8261276,0.0007685264,-1.9409096141751607,1.4780291047951724
both_paths,45.75039708499389,0.0,0.0,-0.004996605217456818,0.0009375456052842453,-0.00927734375,-0.001953125,16384,6727180.0,26518.0,6992.0,29968.0,0.01679565,-0.7034031,-0.4635552,0.09797779042107449,-0.5920960964453874,-0.7998890955365865,0.8185773,0.0007823601,-2.2080105655705218,1.4726610965991
both_paths,46.00053401499463,0.0,0.0,-0.004948526620864868,0.0009504645351300539,-0.00927734375,-0.001953125,16384,6727432.0,26548.0,11088.0,29440.0,0.01690047,-0.7176165,0.1477157,0.12929340256357907,-0.9478994603042588,0.291152587500828,0.846232,0.0008386091,2.8435841241998325,1.4411399588073708
both_paths,46.25038616299571,0.0,0.0,-0.004949033260345459,0.0009497133172944607,-0.009521484375,-0.001953125,16384,6727685.0,26578.0,13152.0,26304.0,0.0168467,-0.6788466,0.003713246,0.2114880130320606,-0.9773523768704205,0.007426423734904102,0.9097858,0.0007735814,3.133994287853774,1.3576991671883532
both_paths,46.500381483994715,0.0,0.0,-0.0049838051199913025,0.0009531174564286047,-0.0091552734375,-0.001953125,16384,6727937.0,26608.0,6896.0,29520.0,0.01677333,0.7510529,-0.4835366,0.03896573444175386,0.5663725671234184,-0.8232276639845405,0.8170519,0.0007674627,-0.9681761873321442,1.5318207251459754
both_paths,46.7503927469952,0.0,0.0,-0.0050015076994895935,0.0009456384053807592,-0.00927734375,-0.0018310546875,16384,6728189.0,26638.0,6400.0,29776.0,0.01678103,0.6280326,-0.6668359,0.0727184952788249,0.2233697980680355,-0.972017465766654,0.8286531,0.0007569826,-1.3449177184332617,1.49801358954269
both_paths,47.00038770599349,0.0,0.0,-0.005007453262805939,0.0009268623920216947,-0.009521484375,-0.0018310546875,16384,6728441.0,26668.0,6256.0,33280.0,0.01679007,0.7284401,0.6157745,0.03782677749615386,0.330620538616173,0.9430054052599105,0.8744218,0.0008422468,1.2335844009707841,1.5329605226494372
both_paths,47.250381954996556,0.0,0.0,-0.005029745399951935,0.000940680357938787,-0.00927734375,-0.0018310546875,16384,6728677.0,26696.0,6384.0,33040.0,0.0167875,0.7474727,0.55886,0.033170666269647126,0.4364749246943941,0.8991047475195817,0.8791658,0.0008376587,1.118852251286321,1.5376195746022256
both_paths,47.50040036099381,0.0,0.0,-0.004979364573955536,0.0009420028884621084,-0.009033203125,-0.0018310546875,16384,6728945.0,26728.0,6528.0,29824.0,0.01678727,-0.6029994,-0.6422335,0.1007608066717044,-0.26384769562181,-0.9592870547202897,0.8437284,0.0007529661,-1.8392049428744992,1.4698642367004404
both_paths,47.75038926999696,0.0,0.0,-0.004978150129318237,0.0009405434956206647,-0.009033203125,-0.0018310546875,16384,6729180.0,26756.0,6720.0,30000.0,0.01679055,-0.6971535,-0.5038753,0.09371540174827861,-0.5254728204125606,-0.8456333357211195,0.8121296,0.0007786996,-2.1267995026434323,1.4769432029349827
both_paths,48.0003898319992,0.0,0.0,-0.004971198737621307,0.0009384608236119888,-0.009033203125,-0.00146484375,16384,6729432.0,26786.0,10640.0,29168.0,0.01681172,-0.7131131,0.1529363,0.1373801176658063,-0.9436366907851145,0.3011253876282225,0.8693488,0.0008333984,2.8326958204021704,1.4329803612836982
both_paths,48.25012506899657,0.0,0.0,-0.005003340542316437,0.000951284458604596,-0.00927734375,-0.001953125,16384,6729684.0,26816.0,13008.0,26896.0,0.01675817,-0.6890905,0.04059307,0.1907959904038475,-0.9782740767576993,0.08109698385073277,0.915338,0.0007827395,3.0588837485535905,1.3788233574412663
both_paths,48.50014787499822,0.0,0.0,-0.004941768944263458,0.0009366097797990012,-0.009033203125,-0.0018310546875,16384,6729936.0,26846.0,6848.0,29520.0,0.01677148,0.7746575,-0.4719762,0.012599797509706342,0.58645629864626,-0.8098828649137128,0.810329,0.0007812305,-0.9440620145133627,1.558196195881445
both_paths,48.75039294599992,0.0,0.0,-0.005020953714847565,0.0009351033323663703,-0.0093994140625,-0.002197265625,16384,6730187.0,26876.0,6512.0,29696.0,0.01679232,0.699757,-0.620732,0.055124180605345525,0.3186788345035204,-0.9462584874927501,0.8103572,0.0007693495,-1.2459489786395448,1.5156441905317561
both_paths,49.000383038997825,0.0,0.0,-0.005029655992984772,0.0009356182837841482,-0.0091552734375,-0.0020751953125,16384,6730439.0,26906.0,6272.0,33408.0,0.0167994,0.7070045,0.6480688,0.042349611940350085,0.267891712260806,0.9625178132743701,0.879,0.0008452504,1.2993425455460885,1.528434045695326
both_paths,49.250379093995434,0.0,0.0,-0.004958517849445343,0.000930961690570518,-0.0087890625,-0.001953125,16384,6730673.0,26934.0,6288.0,33216.0,0.01673972,0.7427429,0.5893263,0.03256361635395845,0.3807804396816528,0.9240919151501107,0.8710258,0.0008421932,1.1799376334651779,1.5382269526756918
both_paths,49.50039466799353,0.0,0.0,-0.005003020167350769,0.0009464957838086724,-0.00927734375,-0.001953125,16384,6730942.0,26966.0,6480.0,29888.0,0.01679748,-0.6519273,-0.6102191,0.09053925059858871,-0.3310775742168288,-0.9392498517177131,0.8219682,0.0007642144,-1.9096890045746973,1.4801329205856795
both_paths,49.75023663199681,0.0,0.0,-0.004995457828044891,0.0009339658029851528,-0.00927734375,-0.0018310546875,16384,6731193.0,26996.0,6384.0,29776.0,0.01678487,-0.4630232,-0.719662,0.07878725141249585,-0.10477681457403466,-0.9913699552349681,0.8317633,0.0007527077,-1.6760943377525326,1.4919273357781462
both_paths,50.00035748399387,0.0,0.0,-0.0050059035420417786,0.0009474714038300284,-0.009765625,-0.0018310546875,16384,6731445.0,27026.0,12432.0,26720.0,0.01683267,-0.7135491,0.04805973,0.14254307777726985,-0.9851248337629239,0.09597152119954509,0.864838,0.0008205764,3.044478440113833,1.427766070355597
both_paths,50.250526179996086,0.0,0.0,-0.00495244562625885,0.0009463076834676527,-0.009033203125,-0.001708984375,16384,6731681.0,27054.0,13264.0,25904.0,0.01682018,-0.7076236,-0.01096693,0.1548853548992176,-0.9876889742063758,-0.021932101333446807,0.88198,0.0007970806,-3.11939082873428,1.4152849199920325
both_paths,50.50039803300024,0.0,0.0,-0.004954025149345398,0.0009259210682819219,-0.009033203125,-0.001708984375,16384,6731933.0,27084.0,7408.0,29104.0,0.01680993,0.7894641,-0.3892823,-0.005789198010512192,0.7118987539286807,-0.7022582497494685,0.8163844,0.0007860429,-0.7785811304824053,1.576585557143212
both_paths,50.75051508999604,0.0,0.0,-0.0049928948283195496,0.0009380728530364069,-0.0089111328125,-0.00146484375,16384,6732185.0,27114.0,6608.0,29664.0,0.01680188,0.7351212,-0.5808635,0.0399285227764756,0.3957464376248558,-0.9174914006006403,0.8148682,0.0007704195,-1.1635718758727258,1.5308571868125564
both_paths,51.0003819199992,0.0,0.0,-0.0050396546721458435,0.0009370031428035402,-0.009765625,-0.0018310546875,16384,6732436.0,27144.0,6240.0,33280.0,0.01674497,0.714424,0.6313991,0.04288749391015696,0.30010255002894326,0.9529423499521007,0.8752324,0.0008428526,1.2657064253327528,1.527895674563975
both_paths,51.25015606499801,0.0,0.0,-0.00493922084569931,0.0009387946246723004,-0.0091552734375,-0.001708984375,16384,6732688.0,27174.0,6544.0,33120.0,0.0167462,0.7508695,0.5668962,0.02920369067659619,0.4222180898640913,0.906023746400934,0.875913,0.0008379866,1.1347067554607575,1.5415884834360911
both_paths,51.50039846599975,0.0,0.0,-0.004931263625621796,0.000939871989301755,-0.0091552734375,-0.001708984375,16384,6732939.0,27204.0,6592.0,29888.0,0.0167646,-0.6497697,-0.6085878,0.09278766064991303,-0.33363437925992356,-0.9381250188578077,0.8278411,0.0007651075,-1.912486401740095,1.4778750043155107
both_paths,51.750471529994684,0.0,0.0,-0.004986226558685303,0.00096168175172107,-0.0098876953125,-0.001953125,16384,6733191.0,27234.0,6384.0,29760.0,0.01679068,-0.4867241,-0.7123347,0.0818971665964221,-0.12039260871641187,-0.9893424451977864,0.8297504,0.0007534995,-1.6918904561757993,1.4888073334003655
both_paths,52.00017846799892,0.0,0.0,-0.004896000027656555,0.0009289467250951623,-0.00927734375,-0.0018310546875,16384,6733442.0,27264.0,13184.0,27760.0,0.01676332,-0.7044034,0.04636963,0.1605889434690227,-0.9826674153731567,0.09260638206593987,0.8510654,0.0008138679,3.047630360559136,1.4095090151130252
both_paths,52.25043264799751,0.0,0.0,-0.004959568381309509,0.0009430176736855001,-0.009033203125,-0.0018310546875,16384,6733677.0,27292.0,12176.0,26624.0,0.01675963,-0.6813062,-0.03690231,0.20612072200736936,-0.9757443359940737,-0.0737376344524612,0.9192684,0.0007704248,-3.0661653712792662,1.3631874415386553
both_paths,52.50038354299613,0.0,0.0,-0.004920952022075653,0.0009473647367988332,-0.0086669921875,-0.0018310546875,16384,6733945.0,27324.0,6800.0,29520.0,0.01675785,0.770197,-0.4889833,0.01698347128648068,0.5584519389817564,-0.829363004691298,0.8174972,0.0007780374,-0.9781807628052235,1.5538120389551695
both_paths,52.75040165599785,0.0,0.0,-0.004908323287963867,0.0009499115324100959,-0.009033203125,-0.0015869140625,16384,6734180.0,27352.0,7056.0,29456.0,0.01678722,0.7611613,-0.4666491,0.02883962672655808,0.5944877135465839,-0.8035873532929867,0.810159,0.0007729894,-0.9338602369886368,1.5419527008027107
both_paths,53.000387947999116,0.0,0.0,-0.004933983087539673,0.0009452086484667502,-0.0093994140625,-0.001953125,16384,6734431.0,27382.0,6160.0,33392.0,0.01674288,0.6732295,0.6656395,0.052775103668924524,0.23128909461803165,0.9714525943881696,0.879234,0.0008419236,1.3370620518687453,1.517996694065271
both_paths,53.25011222899775,0.0,0.0,-0.00493815541267395,0.0009474668536128626,-0.009033203125,-0.001708984375,16384,6734682.0,27412.0,6448.0,33104.0,0.0167492,0.7455296,0.5774588,0.03217918919831023,0.4027102936282535,0.9147616734365215,0.877796,0.00084072,1.1560924134397297,1.538611581414252
both_paths,53.500403453996114,0.0,0.0,-0.004997968673706055,0.0009510153120127387,-0.00927734375,-0.0018310546875,16384,6734934.0,27442.0,7040.0,29968.0,0.01679983,-0.6755116,-0.532441,0.10564840032406345,-0.4729511391978467,-0.8747317505615224,0.8299108,0.0007683274,-2.0664569599316986,1.4649503988043568
both_paths,53.75042738899356,0.0,0.0,-0.004966698586940765,0.000958270381733069,-0.009033203125,-0.001708984375,16384,6735186.0,27472.0,6688.0,29904.0,0.01677785,-0.6642981,-0.6004102,0.08672414257129649,-0.3510390461006398,-0.932336050578345,0.8269109,0.00076653,-1.9308950596448045,1.4839631048169535
both_paths,54.00038215299719,0.0,0.0,-0.005016356706619263,0.0009593618782168358,-0.0093994140625,-0.0018310546875,16384,6735437.0,27502.0,10688.0,28944.0,0.0167409,-0.7164496,0.1321094,0.1326901907840031,-0.9561334867393929,0.2611552580463889,0.884406,0.0008335904,2.874959452046099,1.4377136458488369
both_paths,54.25017148999905,0.0,0.0,-0.0049154385924339294,0.000950579682348465,-0.0091552734375,-0.001220703125,16384,6735672.0,27530.0,13040.0,25728.0,0.01675478,-0.6951096,-0.007459151,0.1795773612972368,-0.9836307397010425,-0.014917748647214287,0.8753632,0.0007862028,-3.126427811265749,1.3902395151216285
both_paths,54.50039378499787,0.0,0.0,-0.004981577396392822,0.0009515427651170187,-0.0093994140625,-0.001708984375,16384,6735941.0,27562.0,6976.0,29520.0,0.01681908,0.7622518,-0.5065965,0.024487237009074753,0.5285871889368702,-0.8485257561886256,0.8116479,0.0007743301,-1.0136741665322484,1.5463066419329217
both_paths,54.750417229995946,0.0,0.0,-0.004880644381046295,0.0009534281563078179,-0.009521484375,-0.001953125,16384,6736193.0,27592.0,6416.0,29712.0,0.01673235,0.6323467,-0.6758605,0.06549045153059775,0.20722472860044602,-0.9760988231807217,0.8218441,0.0007639437,-1.361603331416648,1.5052589699286665
both_paths,55.00038945800043,0.0,0.0,-0.004938356578350067,0.0009445569270729777,-0.009033203125,-0.001953125,16384,6736427.0,27620.0,6224.0,33408.0,0.0166994,0.689232,0.6558606,0.04896975455977152,0.25146284966169025,0.9666273316942667,0.8780176,0.0008425588,1.3162928589573433,1.5218069792051656
both_paths,55.25052143100038,0.0,0.0,-0.005008712410926819,0.0009630712439575574,-0.0091552734375,-0.001708984375,16384,6736678.0,27650.0,6304.0,33008.0,0.01673117,0.7207362,0.5863496,0.04999472696866936,0.38442770573110746,0.9218003397383,0.8839912,0.0008323586,1.175687057693385,1.5207807496234331
both_paths,55.500393860995246,0.0,0.0,-0.004970833659172058,0.000939457442338807,-0.0096435546875,-0.0018310546875,16384,6736929.0,27680.0,6960.0,29920.0,0.01683775,-0.6753956,-0.5339103,0.10519669711235999,-0.4704160491450049,-0.876152039102492,0.8282698,0.0007659186,-2.063535233004285,1.4654046332337896
both_paths,55.75037383599556,0.0,0.0,-0.004946082830429077,0.0009519067151576152,-0.009033203125,-0.001953125,16384,6737181.0,27710.0,6704.0,29936.0,0.01682937,-0.6592733,-0.5849326,0.09740625114106657,-0.3779248876420205,-0.9206979969237522,0.8273964,0.0007660011,-1.9603014135844778,1.4732353828738671
both_paths,56.00015288699797,0.0,0.0,-0.00492231547832489,0.0009470971413820565,-0.0087890625,-0.0015869140625,16384,6737434.0,27740.0,11488.0,28656.0,0.01681135,-0.7000298,0.1207923,0.1649742851944306,-0.9568421945928081,0.239241509507455,0.856466,0.0008173052,2.8965835367365553,1.405064387590438
both_paths,56.25038398999459,0.0,0.0,-0.005025647580623627,0.0009656822106179488,-0.00927734375,-0.001953125,16384,6737685.0,27770.0,12912.0,26064.0,0.01675737,-0.6911544,-0.00262409,0.18737084399139925,-0.9822752280707872,-0.00524815590791886,0.8930272,0.0007806873,-3.136249847601577,1.3823114269703058
both_paths,56.50038562899863,0.0,0.0,-0.004978068172931671,0.0009482834196162365,-0.0093994140625,-0.001953125,16384,6737936.0,27800.0,7040.0,29472.0,0.01673727,0.7672565,-0.4134546,0.0245639851119583,0.6767076507203199,-0.7358419436889997,0.8195818,0.0007758339,-0.8272372493563154,1.546229870737394
both_paths,56.750378197997634,0.0,0.0,-0.004963040351867676,0.0009523205610996456,-0.0091552734375,-0.0015869140625,16384,6738187.0,27830.0,6448.0,29744.0,0.01668527,0.7102241,-0.5883876,0.05750211597187538,0.37957367916066,-0.9233728005238173,0.811365,0.0007671349,-1.1807808079771367,1.5132624751862271
both_paths,57.000390004999645,0.0,0.0,-0.004957571625709534,0.0009397573249749118,-0.00927734375,-0.001953125,16384,6738438.0,27860.0,6272.0,33264.0,0.016707,0.7158894,0.6302163,0.042320028651736626,0.3024586460253619,0.9522225488925481,0.875757,0.0008443254,1.263240709377662,1.5284636555297606
both_paths,57.2503787369933,0.0,0.0,-0.004926204681396484,0.0009283566378140294,-0.00927734375,-0.001953125,16384,6738672.0,27888.0,6480.0,33008.0,0.01675928,0.7488827,0.566096,0.030986942681518102,0.4235443072309195,0.9053452541409452,0.8776288,0.0008408672,1.1332173485935026,1.5398044230742176
both_paths,57.50039430299512,0.0,0.0,-0.004975244402885437,0.0009372605945721058,-0.0091552734375,-0.0020751953125,16384,6738940.0,27920.0,6640.0,29936.0,0.01672677,-0.6414961,-0.5973078,0.10427727224379636,-0.35226079048820974,-0.930074505605876,0.8377618,0.0007626934,-1.9328459739293304,1.466329142979744
both_paths,57.750376113996026,0.0,0.0,-0.00496605783700943,0.0009340185276098083,-0.009033203125,-0.0020751953125,16384,6739191.0,27950.0,6448.0,29888.0,0.01681352,-0.6296072,-0.6385725,0.088734920818091,-0.2755121365683528,-0.9571933850747969,0.8263042,0.0007663912,-1.8510539816107556,1.4819445433169356
both_paths,58.000392310997995,0.0,0.0,-0.0049828290939331055,0.0009552814457346217,-0.00927734375,-0.0018310546875,16384,6739443.0,27980.0,11600.0,29136.0,0.01677643,-0.7071172,0.1306735,0.15062840191978377,-0.9542273330081517,0.25838204557445976,0.8530578,0.0008267807,2.877157506222071,1.4195924303059986
both_paths,58.250155374000315,0.0,0.0,-0.004976339638233185,0.0009548557658590046,-0.00927734375,-0.0015869140625,16384,6739678.0,28008.0,12656.0,27264.0,0.01681162,-0.7077742,0.04692867,0.15394448738438954,-0.9836247920345081,0.09371959933241494,0.9039436,0.0008047305,3.0465995914556956,1.4162372092171192
both_paths,58.50038393799332,0.0,0.0,-0.00497889518737793,0.0009559724952177833,-0.0089111328125,-0.00146484375,16384,6739931.0,28038.0,7568.0,29120.0,0.01684012,0.7885757,-0.4127525,-0.004309892236906314,0.6781722375986518,-0.7348903598356316,0.8117336,0.0007850653,-0.8255150643334881,1.5751062323747453
both_paths,58.75037414599501,0.0,0.0,-0.0049814507365226746,0.0009597941022289721,-0.009521484375,-0.001708984375,16384,6740183.0,28068.0,6480.0,29712.0,0.0168513,0.6865176,-0.6299145,0.06011723830850965,0.3000158352801907,-0.9520380329794011,0.8185454,0.000764585,-1.2655171554999178,1.510642818025806
both_paths,59.00038574499922,0.0,0.0,-0.004989922046661377,0.0009384959186179238,-0.0093994140625,-0.0015869140625,16384,6740436.0,28098.0,6480.0,32928.0,0.01683178,0.7453119,0.5567858,0.03535502912519176,0.44004159936749676,0.8972811224703506,0.8837088,0.000832738,1.1148447504665828,1.5354339280216673
both_paths,59.25040293699567,0.0,0.0,-0.004992946982383728,0.00094322264253812,-0.00927734375,-0.001953125,16384,6740687.0,28128.0,6752.0,32832.0,0.01677515,0.7693733,0.4995164,0.017339648660563915,0.5408380344693682,0.8409480109112802,0.8722234,0.0008382543,0.9992665255855764,1.5534558091170854
both_paths,59.500298665996525,0.0,0.0,-0.004984475672245026,0.0009334796422443089,-0.0096435546875,-0.0009765625,16384,6740939.0,28158.0,6736.0,30000.0,0.01681973,-0.6947805,-0.5090758,0.09461772465117534,-0.5163425095516427,-0.8511391772276413,0.8202805,0.0007784209,-2.1160902698174793,1.4760368525933378
both_paths,59.750393484995584,0.0,0.0,-0.004959858953952789,0.0009449811150371873,-0.00927734375,-0.0018310546875,16384,6741192.0,28188.0,6544.0,29904.0,0.01684615,-0.6602412,-0.6145242,0.08301552226152849,-0.3246898848128719,-0.9421703146267397,0.8210144,0.0007681006,-1.90266945096778,1.4876851563004703
both_paths,60.000508332996105,0.0,0.0,-0.004972837865352631,0.0009511781138949126,-0.0093994140625,-0.0013427734375,16384,6741444.0,28218.0,11472.0,28352.0,0.01689577,-0.7168313,0.1051984,0.1336897286928057,-0.9687670429475512,0.20884796609184775,0.8757396,0.000830491,2.9292610345366494,1.4367051224846707
