utc,elapsed_s,point,cycle,direction,step_index,requested_rp_v,command_issued,asg_offset_readback_v,asg_amplitude_readback_v,asg_frequency_readback_hz,asg_waveform,asg_output_route,out2_offset_readback_v,sample,host_before_s,host_after_s,since_command_s,digital_out1_scope_median_v,scope_analog_in1_median_v,scope_analog_in2_median_v,pax_timestamp,pax_theta,pax_eta,pax_s1,pax_s2,pax_s3,pax_dop,pax_ptotal,pax_revisions,pax_adc_min,pax_adc_max,pax_rev_time,equatorial_phase_rad
2026-09-18T19:00:46.524980+00:00,8.194356600000901,0,1,hold,0,0.4,True,0.39990234375,0.0,0.46566128730773926,dc,out1,0.0,0,9.278543189999255,9.421662177999679,1.0841865899983532,0.39990234375,0.146728515625,-0.0091552734375,4657738.0,-0.7025842,0.3085453,0.13446366368205942,-0.8044044781968739,0.5786648067802406,0.9152518,0.000834612,71412.0,8336.0,31888.0,0.01668753,0.6236083112888797
2026-09-18T19:00:46.524980+00:00,8.194356600000901,0,1,hold,0,0.4,True,0.39990234375,0.0,0.46566128730773926,dc,out1,0.0,1,9.421864596000887,9.569100967999475,1.2275079959999857,0.39990234375,0.146728515625,-0.0091552734375,4657888.0,-0.6977621,0.3243586,0.1389532490426388,-0.7846508903886247,0.6041646917793466,0.8926512,0.0008348793,71430.0,8688.0,31840.0,0.01665465,0.6561655214332163
2026-09-18T19:00:46.524980+00:00,8.194356600000901,0,1,hold,0,0.4,True,0.39990234375,0.0,0.46566128730773926,dc,out1,0.0,2,9.569342278999102,9.71371635200012,1.3749856789982005,0.39990234375,0.146728515625,-0.0091552734375,4658039.0,-0.6940004,0.3077735,0.14841505858113818,-0.8028550259354813,0.5774052110229826,0.9064226,0.0008295987,71448.0,8768.0,31680.0,0.01675825,0.6234893137301046
2026-09-18T19:00:46.524980+00:00,8.194356600000901,0,1,hold,0,0.4,True,0.39990234375,0.0,0.46566128730773926,dc,out1,0.0,3,9.71386876699944,9.856882037000105,1.5195121669985383,0.39990234375,0.146728515625,-0.0091552734375,4658173.0,-0.6887849,0.3157933,0.15498289941142013,-0.7920715884603793,0.5904260323223233,0.8943242,0.0008271633,71464.0,8592.0,31632.0,0.01668192,0.6405634825115007
2026-09-18T19:00:46.524980+00:00,8.194356600000901,0,1,hold,0,0.4,True,0.39990234375,0.0,0.46566128730773926,dc,out1,0.0,4,9.857024883000122,10.000877170999956,1.6626682829992205,0.39990234375,0.146728515625,-0.0091552734375,4658323.0,-0.6931335,0.2839373,0.15468534508720314,-0.8287333789608262,0.5378414549023015,0.8939766,0.0008287942,71482.0,9040.0,31568.0,0.01674933,0.5756663860098472
2026-09-18T19:00:46.524980+00:00,8.194356600000901,0,1,hold,0,0.4,True,0.39990234375,0.0,0.46566128730773926,dc,out1,0.0,5,10.001059972000803,10.143850906999432,1.8067033719999017,0.39990234375,0.146728515625,-0.0091552734375,4658474.0,-0.7028555,0.2852015,0.13831930840689793,-0.8302401904392649,0.5399712909972256,0.895708,0.0008329433,71500.0,9184.0,31424.0,0.01676208,0.5766420352371499
2026-09-18T19:00:46.524980+00:00,8.194356600000901,0,1,hold,0,0.4,True,0.39990234375,0.0,0.46566128730773926,dc,out1,0.0,6,10.143998252000529,10.286977878999096,1.9496416519996274,0.39990234375,0.146728515625,-0.0091552734375,4658608.0,-0.7041812,0.2806881,0.13690023013749056,-0.8353801579593438,0.5323516870228964,0.9033854,0.0008335819,71516.0,8976.0,31392.0,0.01664962,0.5673646833755949
2026-09-18T19:00:46.524980+00:00,8.194356600000901,0,1,hold,0,0.4,True,0.39990234375,0.0,0.46566128730773926,dc,out1,0.0,7,10.287226292999549,10.430858007999632,2.0928696929986472,0.39990234375,0.146728515625,-0.0091552734375,4658758.0,-0.6991166,0.2894867,0.14372383044485368,-0.8245932293008321,0.5471649356030449,0.8919214,0.0008318001,71534.0,9024.0,31104.0,0.01673523,0.5858469410739117
2026-09-18T19:00:46.524980+00:00,8.194356600000901,0,1,hold,0,0.4,True,0.39990234375,0.0,0.46566128730773926,dc,out1,0.0,8,10.431019370000286,10.5749964000006,2.236662769999384,0.39990234375,0.146728515625,-0.0091552734375,4658892.0,-0.6975146,0.30542,0.14324232183484606,-0.8065453643960568,0.5735557622468753,0.8744322,0.0008336753,71550.0,8960.0,31360.0,0.01671253,0.618154430098398
2026-09-18T19:00:46.524980+00:00,8.194356600000901,0,1,hold,0,0.4,True,0.39990234375,0.0,0.46566128730773926,dc,out1,0.0,9,10.575200712000878,10.718645528000707,2.380844111999977,0.39990234375,0.146728515625,-0.0091552734375,4659042.0,-0.6921127,0.3002143,0.1530469516620764,-0.8107749190481798,0.564996160366921,0.9064552,0.0008263493,71568.0,8848.0,31792.0,0.0167694,0.608615098268899
2026-09-18T19:00:49.049444+00:00,8.194356600000901,1,1,hold,1,0.4,False,0.39990234375,0.0,0.46566128730773926,dc,out1,0.0,0,11.80387089999931,11.94684368200069,3.609514299998409,0.39990234375,0.1473388671875,-0.0091552734375,4660276.0,-0.6886077,0.297425,0.15933054568479252,-0.8127625485482856,0.5603845259186606,0.9011652,0.0008262596,71716.0,8624.0,31440.0,0.01658378,0.6036314501850486
2026-09-18T19:00:49.049444+00:00,8.194356600000901,1,1,hold,1,0.4,False,0.39990234375,0.0,0.46566128730773926,dc,out1,0.0,1,11.947061028000462,12.089782871000352,3.7527044279995607,0.39990234375,0.1473388671875,-0.0091552734375,4660409.0,-0.6881705,0.3268056,0.15340568748984337,-0.778930709316046,0.6080572712583657,0.895217,0.0008309069,71732.0,8528.0,31728.0,0.0166208,0.662818339744945
2026-09-18T19:00:49.049444+00:00,8.194356600000901,1,1,hold,1,0.4,False,0.39990234375,0.0,0.46566128730773926,dc,out1,0.0,2,12.089928302999397,12.234784313999626,3.8955717029984953,0.39990234375,0.1473388671875,-0.0091552734375,4660559.0,-0.7033997,0.3358503,0.12779632041590894,-0.772261832677832,0.6223180555610053,0.8958844,0.0008399518,71750.0,8304.0,32112.0,0.01672203,0.6782906727190678
2026-09-18T19:00:49.049444+00:00,8.194356600000901,1,1,hold,1,0.4,False,0.39990234375,0.0,0.46566128730773926,dc,out1,0.0,3,12.23498211399965,12.377942843999335,4.040625513998748,0.39990234375,0.1473388671875,-0.0091552734375,4660709.0,-0.6972676,0.3456066,0.13510237082979776,-0.7585356302688396,0.6374723892129149,0.8916274,0.0008384254,71768.0,8288.0,31984.0,0.01666282,0.698893562646142
2026-09-18T19:00:49.049444+00:00,8.194356600000901,1,1,hold,1,0.4,False,0.39990234375,0.0,0.46566128730773926,dc,out1,0.0,4,12.378089757999987,12.520786914999917,4.183733157999086,0.39990234375,0.1473388671875,-0.0091552734375,4660842.0,-0.6950239,0.338832,0.14004477307608218,-0.766348443000584,0.6269749001711706,0.8923676,0.00083572,71784.0,8144.0,31920.0,0.01663865,0.68570022812144
2026-09-18T19:00:49.049444+00:00,8.194356600000901,1,1,hold,1,0.4,False,0.39990234375,0.0,0.46566128730773926,dc,out1,0.0,5,12.520953286000804,12.663957056000072,4.3265966859999025,0.39990234375,0.1473388671875,-0.0091552734375,4660992.0,-0.7030714,0.3391192,0.12763373768650735,-0.7681477171441562,0.6274222769797015,0.8773886,0.0008437784,71802.0,8560.0,31856.0,0.01667595,0.684900619571882
2026-09-18T19:00:49.049444+00:00,8.194356600000901,1,1,hold,1,0.4,False,0.39990234375,0.0,0.46566128730773926,dc,out1,0.0,6,12.664195220999318,12.806833487000404,4.4698386209984164,0.39990234375,0.1473388671875,-0.0091552734375,4661125.0,-0.6934164,0.3445038,0.14119770522535144,-0.7588529684481787,0.6357714843530513,0.8876448,0.0008349402,71818.0,8368.0,31792.0,0.01671557,0.6973720167583904
2026-09-18T19:00:49.049444+00:00,8.194356600000901,1,1,hold,1,0.4,False,0.39990234375,0.0,0.46566128730773926,dc,out1,0.0,7,12.806958369999847,12.9499936480006,4.612601769998946,0.39990234375,0.1473388671875,-0.0091552734375,4661275.0,-0.7053452,0.3278226,0.12636722083486993,-0.7825169979421837,0.6096707910257994,0.896184,0.0008416064,71836.0,8464.0,31920.0,0.01670687,0.6618758692263258
2026-09-18T19:00:49.049444+00:00,8.194356600000901,1,1,hold,1,0.4,False,0.39990234375,0.0,0.46566128730773926,dc,out1,0.0,8,12.950190225999904,13.093018657000357,4.755833625999003,0.39990234375,0.1473388671875,-0.0091552734375,4661425.0,-0.7003683,0.3133388,0.13708207000560468,-0.7982961770208512,0.586456920699954,0.891945,0.0008358673,71854.0,8592.0,31696.0,0.01668272,0.6335952644596421
2026-09-18T19:00:49.049444+00:00,8.194356600000901,1,1,hold,1,0.4,False,0.39990234375,0.0,0.46566128730773926,dc,out1,0.0,9,13.093210506000105,13.237835284000539,4.898853905999204,0.39990234375,0.1473388671875,-0.0091552734375,4661559.0,-0.693355,0.2980609,0.15147604415828794,-0.8135373581053331,0.5614374186079437,0.888695,0.0008297035,71870.0,8960.0,31536.0,0.01667252,0.6040634505380507
2026-09-18T19:00:51.568707+00:00,8.194356600000901,2,1,hold,2,0.4,False,0.39990234375,0.0,0.46566128730773926,dc,out1,0.0,0,14.316093690000343,14.459044348999669,6.121737089999442,0.39990234375,0.1474609375,-0.0091552734375,4662775.0,-0.6907732,0.2763265,0.16011741442016042,-0.835938346825101,0.5249471343923306,0.9084432,0.0008225469,72016.0,9040.0,31888.0,0.01665362,0.5607347097882542
2026-09-18T19:00:51.568707+00:00,8.194356600000901,2,1,hold,2,0.4,False,0.39990234375,0.0,0.46566128730773926,dc,out1,0.0,1,14.459305106000102,14.602732366000055,6.2649485059992,0.39990234375,0.1474609375,-0.0091552734375,4662925.0,-0.6982592,0.2905876,0.14492837956575552,-0.8231570639632403,0.5490065690352551,0.8827572,0.000834016,72034.0,9040.0,31152.0,0.01666728,0.5882003841416291
2026-09-18T19:00:51.568707+00:00,8.194356600000901,2,1,hold,2,0.4,False,0.39990234375,0.0,0.46566128730773926,dc,out1,0.0,2,14.602872176999881,14.746726012999716,6.40851557699898,0.39990234375,0.1474609375,-0.0091552734375,4663075.0,-0.7006266,0.2813002,0.14272553471697486,-0.8337428189357433,0.5333876016677122,0.8972124,0.0008309898,72052.0,9232.0,31808.0,0.01671023,0.5691363546405233
2026-09-18T19:00:51.568707+00:00,8.194356600000901,2,1,hold,2,0.4,False,0.39990234375,0.0,0.46566128730773926,dc,out1,0.0,3,14.746884489000877,14.890752432000227,6.552527888999975,0.39990234375,0.1474609375,-0.0091552734375,4663209.0,-0.7089484,0.2902775,0.12735065580022426,-0.8264034284433739,0.5484880891362094,0.886897,0.000840318,72068.0,9040.0,31392.0,0.01662235,0.5859494166583775
2026-09-18T19:00:51.568707+00:00,8.194356600000901,2,1,hold,2,0.4,False,0.39990234375,0.0,0.46566128730773926,dc,out1,0.0,4,14.890879418999248,15.033898956000485,6.696522818998346,0.39990234375,0.1474609375,-0.0091552734375,4663359.0,-0.6980454,0.2862346,0.14610562223386167,-0.8277706592858596,0.5417092234558218,0.9096408,0.0008296699,72086.0,8848.0,31312.0,0.01664887,0.5794757715515698
2026-09-18T19:00:51.568707+00:00,8.194356600000901,2,1,hold,2,0.4,False,0.39990234375,0.0,0.46566128730773926,dc,out1,0.0,5,15.03403495999919,15.179726709999159,6.839678359998288,0.39990234375,0.1474609375,-0.0091552734375,4663509.0,-0.6933527,0.2820405,0.15469439512692126,-0.8308010243586169,0.5346394131010066,0.8949394,0.0008251277,72104.0,9296.0,31120.0,0.01666833,0.5718083536512786
2026-09-18T19:00:51.568707+00:00,8.194356600000901,2,1,hold,2,0.4,False,0.39990234375,0.0,0.46566128730773926,dc,out1,0.0,6,15.179860940999788,15.322861852999267,6.985504340998887,0.39990234375,0.1474609375,-0.0091552734375,4663642.0,-0.7078668,0.2786155,0.13107849626681725,-0.8385396089709524,0.5288381151196198,0.8714214,0.0008392886,72120.0,9536.0,30992.0,0.01662807,0.5626631096891215
2026-09-18T19:00:51.568707+00:00,8.194356600000901,2,1,hold,2,0.4,False,0.39990234375,0.0,0.46566128730773926,dc,out1,0.0,7,15.323009809000723,15.467698024000128,7.128653208999822,0.39990234375,0.1474609375,-0.0091552734375,4663791.0,-0.7017244,0.2487158,0.1463813723919355,-0.8665340773049104,0.47716997672316,0.9029912,0.0008296974,72138.0,9216.0,30960.0,0.01662493,0.5033536144766457
2026-09-18T19:00:51.568707+00:00,8.194356600000901,2,1,hold,2,0.4,False,0.39990234375,0.0,0.46566128730773926,dc,out1,0.0,8,15.467844978000358,15.610864696000135,7.273488377999456,0.39990234375,0.1474609375,-0.0091552734375,4663941.0,-0.7010324,0.2578369,0.14609425479757296,-0.8576059757167075,0.4931211404210288,0.8886202,0.0008303794,72156.0,9472.0,30672.0,0.01657183,0.5218322681465247
2026-09-18T19:00:51.568707+00:00,8.194356600000901,2,1,hold,2,0.4,False,0.39990234375,0.0,0.46566128730773926,dc,out1,0.0,9,15.611001089999263,15.753797318999204,7.416644489998362,0.39990234375,0.1474609375,-0.0091552734375,4664074.0,-0.6986981,0.2667914,0.14854879189829065,-0.8480787543160434,0.5086213551388759,0.8832314,0.0008295092,72172.0,9568.0,30784.0,0.01656218,0.5402236215445135
2026-09-18T19:00:54.084580+00:00,8.194356600000901,3,1,hold,3,0.4,False,0.39990234375,0.0,0.46566128730773926,dc,out1,0.0,0,16.83797799400054,16.98085975200047,8.643621393999638,0.39990234375,0.1485595703125,-0.0091552734375,4665306.0,-0.7056759,0.2276257,0.14259918164380475,-0.886758043728499,0.43968812273851887,0.8855588,0.0008286551,72320.0,10000.0,30448.0,0.01671995,0.4603122769764743
2026-09-18T19:00:54.084580+00:00,8.194356600000901,3,1,hold,3,0.4,False,0.39990234375,0.0,0.46566128730773926,dc,out1,0.0,1,16.981030390999877,17.124018886999693,8.786673790998975,0.39990234375,0.1485595703125,-0.0091552734375,4665456.0,-0.7063362,0.2395679,0.1397341675526259,-0.87632292685228,0.4610124621866835,0.8817714,0.0008321018,72338.0,9744.0,30608.0,0.01664925,0.48429013797118947
2026-09-18T19:00:54.084580+00:00,8.194356600000901,3,1,hold,3,0.4,False,0.39990234375,0.0,0.46566128730773926,dc,out1,0.0,2,17.124271159000273,17.267773174999093,8.929914558999371,0.39990234375,0.1485595703125,-0.0091552734375,4665589.0,-0.698585,0.2631,0.1493852687015773,-0.851720577459189,0.502251032281212,0.8913154,0.0008291151,72354.0,9088.0,30800.0,0.01668303,0.5328040603388771
2026-09-18T19:00:54.084580+00:00,8.194356600000901,3,1,hold,3,0.4,False,0.39990234375,0.0,0.46566128730773926,dc,out1,0.0,3,17.26794246099962,17.41108526700009,9.073585860998719,0.39990234375,0.1485595703125,-0.0091552734375,4665739.0,-0.7000562,0.2797297,0.14396043858631272,-0.8352263658057981,0.5307280942110334,0.8935418,0.0008323848,72372.0,9088.0,31168.0,0.01667593,0.566064581565852
2026-09-18T19:00:54.084580+00:00,8.194356600000901,3,1,hold,3,0.4,False,0.39990234375,0.0,0.46566128730773926,dc,out1,0.0,4,17.411283968000134,17.55570173600063,9.216927367999233,0.39990234375,0.1485595703125,-0.0091552734375,4665872.0,-0.7098211,0.2969192,0.12479989434622696,-0.8193490180856271,0.5595463992675579,0.8705414,0.000841956,72388.0,8832.0,31472.0,0.0166075,0.5991678091443998
2026-09-18T19:00:54.084580+00:00,8.194356600000901,3,1,hold,3,0.4,False,0.39990234375,0.0,0.46566128730773926,dc,out1,0.0,5,17.555848730000434,17.701712699999916,9.361492129999533,0.39990234375,0.1485595703125,-0.0091552734375,4666022.0,-0.6937778,0.2776916,0.15482949994640904,-0.8354730919181997,0.5272689433552753,0.906204,0.0008245639,72406.0,8752.0,31376.0,0.01662602,0.5629754162449155
2026-09-18T19:00:54.084580+00:00,8.194356600000901,3,1,hold,3,0.4,False,0.39990234375,0.0,0.46566128730773926,dc,out1,0.0,6,17.70189593199939,17.84580101100073,9.507539331998487,0.39990234375,0.1485595703125,-0.0091552734375,4666171.0,-0.7008479,0.2891201,0.1409352172923248,-0.8254811804626372,0.5465510819939673,0.892497,0.0008325632,72424.0,9040.0,31440.0,0.0165668,0.58483439166905
2026-09-18T19:00:54.084580+00:00,8.194356600000901,3,1,hold,3,0.4,False,0.39990234375,0.0,0.46566128730773926,dc,out1,0.0,7,17.84593563300041,17.989078848000645,9.651579032999507,0.39990234375,0.1485595703125,-0.0091552734375,4666321.0,-0.7113578,0.2630751,0.12758487190912668,-0.8552831442425061,0.5022079685096448,0.8892994,0.0008393286,72442.0,9392.0,31360.0,0.01655445,0.530942140144879
2026-09-18T19:00:54.084580+00:00,8.194356600000901,3,1,hold,3,0.4,False,0.39990234375,0.0,0.46566128730773926,dc,out1,0.0,8,17.9892511500002,18.133713920000446,9.794894549999299,0.39990234375,0.1485595703125,-0.0091552734375,4666454.0,-0.7148271,0.2649857,0.12137653464117824,-0.8542416091104825,0.5055086647158805,0.881264,0.0008412758,72458.0,9168.0,31024.0,0.01660848,0.5343409434115008
2026-09-18T19:00:54.084580+00:00,8.194356600000901,3,1,hold,3,0.4,False,0.39990234375,0.0,0.46566128730773926,dc,out1,0.0,9,18.133870883999407,18.277401622999605,9.939514283998506,0.39990234375,0.1485595703125,-0.0091552734375,4666603.0,-0.6895035,0.2618441,0.16506953080978065,-0.8501027009701231,0.5000774418043074,0.9070848,0.0008198094,72476.0,9456.0,31168.0,0.01659667,0.5317389496990752
2026-09-18T19:00:56.608303+00:00,8.194356600000901,4,1,hold,4,0.4,False,0.39990234375,0.0,0.46566128730773926,dc,out1,0.0,0,19.361148590000084,19.503807549999692,11.166791989999183,0.39990234375,0.1470947265625,-0.0091552734375,4667835.0,-0.698673,0.3029637,0.14185790236333434,-0.8096406874304417,0.5695246200071042,0.899984,0.0008339966,72624.0,8592.0,31632.0,0.0165652,0.613023502849198
2026-09-18T19:00:56.608303+00:00,8.194356600000901,4,1,hold,4,0.4,False,0.39990234375,0.0,0.46566128730773926,dc,out1,0.0,1,19.503942000999814,19.648678662000748,11.309585400998913,0.39990234375,0.1470947265625,-0.0091552734375,4667968.0,-0.6976846,0.2817589,0.14754331426513564,-0.8324064240676338,0.5341633791141003,0.9143442,0.0008299782,72640.0,8912.0,31584.0,0.01656072,0.5705252341724777
2026-09-18T19:00:56.608303+00:00,8.194356600000901,4,1,hold,4,0.4,False,0.39990234375,0.0,0.46566128730773926,dc,out1,0.0,2,19.64882152899918,19.792740111999592,11.454464928998277,0.39990234375,0.1470947265625,-0.0091552734375,4668118.0,-0.7105388,0.2879382,0.1251027934627818,-0.8293327148090475,0.5445700498698617,0.8637798,0.0008418256,72658.0,9376.0,31168.0,0.01659273,0.5810263914286862
2026-09-18T19:00:56.608303+00:00,8.194356600000901,4,1,hold,4,0.4,False,0.39990234375,0.0,0.46566128730773926,dc,out1,0.0,3,19.792929675999403,19.93666207000024,11.598573075998502,0.39990234375,0.1470947265625,-0.0091552734375,4668267.0,-0.7021981,0.2620555,0.1434001889434133,-0.853810667160681,0.5004435337314553,0.8989406,0.0008300813,72676.0,9296.0,31152.0,0.01652703,0.5301580939060428
2026-09-18T19:00:56.608303+00:00,8.194356600000901,4,1,hold,4,0.4,False,0.39990234375,0.0,0.46566128730773926,dc,out1,0.0,4,19.936797813999874,20.080785874999492,11.742441213998973,0.39990234375,0.1470947265625,-0.0091552734375,4668400.0,-0.6957262,0.2649857,0.15391360855149908,-0.8489826800352427,0.5055086647158805,0.8990128,0.0008256443,72692.0,9424.0,31152.0,0.01669653,0.5370514802628514
2026-09-18T19:00:56.608303+00:00,8.194356600000901,4,1,hold,4,0.4,False,0.39990234375,0.0,0.46566128730773926,dc,out1,0.0,5,20.08092621799915,20.223845091999465,11.886569617998248,0.39990234375,0.1470947265625,-0.0091552734375,4668550.0,-0.696684,0.2712929,0.15114945149892914,-0.8429319768535959,0.5163521334411836,0.8842368,0.0008276648,72710.0,9088.0,30656.0,0.0166812,0.5496085795477952
2026-09-18T19:00:56.608303+00:00,8.194356600000901,4,1,hold,4,0.4,False,0.39990234375,0.0,0.46566128730773926,dc,out1,0.0,6,20.223990312999376,20.367809929999567,12.029633712998475,0.39990234375,0.1470947265625,-0.0091552734375,4668683.0,-0.7064488,0.276518,0.13380372972347931,-0.8403479950526568,0.5252730805238984,0.8801524,0.0008355108,72726.0,9296.0,31104.0,0.0166329,0.5586468778447378
2026-09-18T19:00:56.608303+00:00,8.194356600000901,4,1,hold,4,0.4,False,0.39990234375,0.0,0.46566128730773926,dc,out1,0.0,7,20.367989525999292,20.511009218000254,12.17363292599839,0.39990234375,0.1470947265625,-0.0091552734375,4668833.0,-0.6991539,0.2851738,0.14446703012080342,-0.829222911980412,0.5399246609063165,0.8966238,0.0008325748,72744.0,8656.0,31120.0,0.01665823,0.5771630433806397
2026-09-18T19:00:56.608303+00:00,8.194356600000901,4,1,hold,4,0.4,False,0.39990234375,0.0,0.46566128730773926,dc,out1,0.0,8,20.511189044000275,20.654090115000145,12.316832443999374,0.39990234375,0.1470947265625,-0.0091552734375,4668983.0,-0.7000715,0.2925383,0.14157898985295003,-0.8215599186922306,0.5522632430559126,0.894784,0.0008345528,72762.0,8848.0,31504.0,0.01653847,0.5918325377170115
2026-09-18T19:00:56.608303+00:00,8.194356600000901,4,1,hold,4,0.4,False,0.39990234375,0.0,0.46566128730773926,dc,out1,0.0,9,20.65426661499987,20.796950588999607,12.459910014998968,0.39990234375,0.1470947265625,-0.0091552734375,4669115.0,-0.7047904,0.3016901,0.13217417456839098,-0.8127448985387113,0.5674290417985886,0.9069738,0.0008357947,72778.0,8592.0,31888.0,0.01655935,0.6094925313482703
2026-09-18T19:00:59.127743+00:00,8.194356600000901,5,1,hold,5,0.4,False,0.39990234375,0.0,0.46566128730773926,dc,out1,0.0,0,21.88230282800032,22.025823153999227,13.687946227999419,0.39990234375,0.1484375,-0.0091552734375,4670350.0,-0.7097187,0.2383283,0.1339746140277012,-0.8783753466161338,0.4588110212855783,0.891148,0.0008336667,72926.0,9712.0,30672.0,0.01674905,0.4813598629193901
2026-09-18T19:00:59.127743+00:00,8.194356600000901,5,1,hold,5,0.4,False,0.39990234375,0.0,0.46566128730773926,dc,out1,0.0,1,22.025985418000346,22.168947940999715,13.831628817999444,0.39990234375,0.1484375,-0.0091552734375,4670500.0,-0.6991265,0.2415917,0.15203363724378055,-0.8723715706682824,0.4646004905681661,0.9038696,0.0008243505,72944.0,9168.0,30896.0,0.0166865,0.48936424318173405
2026-09-18T19:00:59.127743+00:00,8.194356600000901,5,1,hold,5,0.4,False,0.39990234375,0.0,0.46566128730773926,dc,out1,0.0,2,22.169150248999358,22.3120647930009,13.974793648998457,0.39990234375,0.1484375,-0.0091552734375,4670634.0,-0.6987795,0.2758813,0.14679242396196224,-0.8388550512028491,0.5241890759438211,0.8957914,0.0008284589,72960.0,8704.0,30992.0,0.01670098,0.5585175894575215
2026-09-18T19:00:59.127743+00:00,8.194356600000901,5,1,hold,5,0.4,False,0.39990234375,0.0,0.46566128730773926,dc,out1,0.0,3,22.31224697399921,22.456779882000774,14.117890373998307,0.39990234375,0.1484375,-0.0091552734375,4670785.0,-0.7036364,0.263863,0.14064809265311645,-0.8524290917731109,0.5035700125423572,0.8847354,0.0008321882,72978.0,9360.0,30944.0,0.01672772,0.5335881151533488
2026-09-18T19:00:59.127743+00:00,8.194356600000901,5,1,hold,5,0.4,False,0.39990234375,0.0,0.46566128730773926,dc,out1,0.0,4,22.45696318500086,22.60006418699959,14.262606584999958,0.39990234375,0.1484375,-0.0091552734375,4670918.0,-0.7108862,0.2421908,0.1313930782607266,-0.8751545678218339,0.46566118735165124,0.8938258,0.0008373951,72994.0,9296.0,30848.0,0.01674037,0.4889890056719002
2026-09-18T19:00:59.127743+00:00,8.194356600000901,5,1,hold,5,0.4,False,0.39990234375,0.0,0.46566128730773926,dc,out1,0.0,5,22.600215308999395,22.744000058999518,14.405858708998494,0.39990234375,0.1484375,-0.0091552734375,4671069.0,-0.69601,0.2464947,0.15665043247647115,-0.8668819201688748,0.4732614272146625,0.890694,0.0008239056,73012.0,9360.0,30368.0,0.01673967,0.49971715224487673
2026-09-18T19:00:59.127743+00:00,8.194356600000901,5,1,hold,5,0.4,False,0.39990234375,0.0,0.46566128730773926,dc,out1,0.0,6,22.744269953000185,22.887991304000025,14.549913352999283,0.39990234375,0.1484375,-0.0091552734375,4671219.0,-0.6977428,0.2083391,0.15949095957671577,-0.9004222448712667,0.4047251101109087,0.8804204,0.0008227889,73030.0,9984.0,29680.0,0.01675268,0.4224244765207482
2026-09-18T19:00:59.127743+00:00,8.194356600000901,5,1,hold,5,0.4,False,0.39990234375,0.0,0.46566128730773926,dc,out1,0.0,7,22.888144831000318,23.030851436000376,14.693788230999417,0.39990234375,0.1484375,-0.0091552734375,4671353.0,-0.6972401,0.2240808,0.1580820270112299,-0.887272799625595,0.4333094180612506,0.8876294,0.0008212301,73046.0,9968.0,29904.0,0.01674425,0.45429311747598655
2026-09-18T19:00:59.127743+00:00,8.194356600000901,5,1,hold,5,0.4,False,0.39990234375,0.0,0.46566128730773926,dc,out1,0.0,8,23.03098812099961,23.174865363000208,14.836631520998708,0.39990234375,0.1484375,-0.0091552734375,4671504.0,-0.7014622,0.1876207,0.1554586890011924,-0.9173398717063687,0.36649714295172026,0.8938626,0.0008214214,73064.0,9984.0,29696.0,0.01676205,0.3800939419842579
2026-09-18T19:00:59.127743+00:00,8.194356600000901,5,1,hold,5,0.4,False,0.39990234375,0.0,0.46566128730773926,dc,out1,0.0,9,23.17503646300065,23.31884178099972,14.98067986299975,0.39990234375,0.1484375,-0.0091552734375,4671638.0,-0.6954271,0.1606559,0.16981316502555496,-0.9335023232878842,0.3158114966243729,0.8871508,0.0008136347,73080.0,10752.0,28784.0,0.01674638,0.32622123796577696
2026-09-18T19:01:01.649646+00:00,8.194356600000901,6,1,hold,6,0.4,False,0.39990234375,0.0,0.46566128730773926,dc,out1,0.0,0,24.39692307599944,24.541928094999093,16.202566475998537,0.39990234375,0.1497802734375,-0.0091552734375,4672858.0,-0.7003579,0.1831717,0.15803008138226693,-0.9201719829075226,0.35820387386284924,0.8975944,0.0008213996,73226.0,10480.0,29536.0,0.016688,0.37123033819245654
2026-09-18T19:01:01.649646+00:00,8.194356600000901,6,1,hold,6,0.4,False,0.39990234375,0.0,0.46566128730773926,dc,out1,0.0,1,24.54216800299946,24.686715846999505,16.34781140299856,0.39990234375,0.1497802734375,-0.0091552734375,4673008.0,-0.696885,0.1575353,0.16743439123923579,-0.935915530985115,0.30988359667978,0.9202038,0.0008128255,73244.0,11232.0,29760.0,0.01662018,0.3197411010193744
2026-09-18T19:01:01.649646+00:00,8.194356600000901,6,1,hold,6,0.4,False,0.39990234375,0.0,0.46566128730773926,dc,out1,0.0,2,24.686863543000072,24.829927934000807,16.49250694299917,0.39990234375,0.1497802734375,-0.0091552734375,4673159.0,-0.6980323,0.177165,0.1630446237133091,-0.923598276709485,0.3469620641186223,0.8887604,0.0008168801,73262.0,10208.0,29520.0,0.01673903,0.3593521498384575
2026-09-18T19:01:01.649646+00:00,8.194356600000901,6,1,hold,6,0.4,False,0.39990234375,0.0,0.46566128730773926,dc,out1,0.0,3,24.830118720999963,24.97395197900005,16.63576212099906,0.39990234375,0.1497802734375,-0.0091552734375,4673292.0,-0.7001242,0.148299,0.16231164924286912,-0.9424617142236796,0.2922684480791981,0.9028342,0.0008161778,73278.0,10960.0,29168.0,0.01666512,0.30070761587959816
2026-09-18T19:01:01.649646+00:00,8.194356600000901,6,1,hold,6,0.4,False,0.39990234375,0.0,0.46566128730773926,dc,out1,0.0,4,24.9741057859992,25.1179692909991,16.7797491859983,0.39990234375,0.1497802734375,-0.0091552734375,4673442.0,-0.7098939,0.1805371,0.14073487266166532,-0.9248715490299536,0.3532793702041474,0.861115,0.0008308803,73296.0,10864.0,29568.0,0.01677358,0.3648731445771945
2026-09-18T19:01:01.649646+00:00,8.194356600000901,6,1,hold,6,0.4,False,0.39990234375,0.0,0.46566128730773926,dc,out1,0.0,5,25.118134069000007,25.261731956999938,16.923777468999106,0.39990234375,0.1497802734375,-0.0091552734375,4673593.0,-0.7002821,0.1717219,0.15951761954081659,-0.9279902188860748,0.3367317667043104,0.9006578,0.000819794,73314.0,10672.0,29424.0,0.01669535,0.3480863160751134
2026-09-18T19:01:01.649646+00:00,8.194356600000901,6,1,hold,6,0.4,False,0.39990234375,0.0,0.46566128730773926,dc,out1,0.0,6,25.26188766800078,25.40679676599939,17.06753106799988,0.39990234375,0.1497802734375,-0.0091552734375,4673726.0,-0.6963869,0.1699012,0.16695815050619228,-0.9279200151373016,0.33330079730948986,0.8969982,0.0008150604,73330.0,10944.0,29504.0,0.01666362,0.3448394797452975
2026-09-18T19:01:01.649646+00:00,8.194356600000901,6,1,hold,6,0.4,False,0.39990234375,0.0,0.46566128730773926,dc,out1,0.0,7,25.406978666000214,25.550022588999127,17.212622065999312,0.39990234375,0.1497802734375,-0.0091552734375,4673877.0,-0.7205547,0.207562,0.11833976638017643,-0.9073819845372452,0.40330340170935297,0.8756354,0.0008415522,73348.0,9952.0,30048.0,0.01674125,0.4182450539614668
2026-09-18T19:01:01.649646+00:00,8.194356600000901,6,1,hold,6,0.4,False,0.39990234375,0.0,0.46566128730773926,dc,out1,0.0,8,25.55022804299915,25.69388263700057,17.35587144299825,0.39990234375,0.1497802734375,-0.0091552734375,4674011.0,-0.7028409,0.2152459,0.1493687135099869,-0.8964010580040753,0.41731778135318637,0.906994,0.000823888,73364.0,9776.0,30608.0,0.01679502,0.4357082094477548
2026-09-18T19:01:01.649646+00:00,8.194356600000901,6,1,hold,6,0.4,False,0.39990234375,0.0,0.46566128730773926,dc,out1,0.0,9,25.694052475000717,25.837108178999188,17.499695874999816,0.39990234375,0.1497802734375,-0.0091552734375,4674162.0,-0.6967603,0.2183679,0.15979607364053763,-0.8919359988831199,0.42298391074063196,0.9104838,0.0008218126,73382.0,9808.0,30832.0,0.01673232,0.4428209067332178
2026-09-18T19:01:04.167894+00:00,8.194356600000901,7,1,hold,7,0.4,False,0.39990234375,0.0,0.46566128730773926,dc,out1,0.0,0,26.92919354500009,27.072656409000047,18.734836944999188,0.39990234375,0.1483154296875,-0.0091552734375,4675397.0,-0.7035715,0.259501,0.1414691191136075,-0.8567127824444264,0.49601380699890696,0.8884292,0.0008313895,73530.0,9056.0,30736.0,0.01668682,0.524815175902144
2026-09-18T19:01:04.167894+00:00,8.194356600000901,7,1,hold,7,0.4,False,0.39990234375,0.0,0.46566128730773926,dc,out1,0.0,1,27.072788715999195,27.216810484000234,18.878432115998294,0.39990234375,0.1483154296875,-0.0091552734375,4675548.0,-0.699624,0.2512452,0.14960621492088816,-0.8635219694469298,0.481609581237272,0.8892816,0.0008280929,73548.0,9072.0,30800.0,0.0167244,0.5087563423237573
2026-09-18T19:01:04.167894+00:00,8.194356600000901,7,1,hold,7,0.4,False,0.39990234375,0.0,0.46566128730773926,dc,out1,0.0,2,27.216991142000552,27.36095867900076,19.02263454199965,0.39990234375,0.1483154296875,-0.0091552734375,4675681.0,-0.6991537,0.2613047,0.148724991242925,-0.8536610635321156,0.49914293102177587,0.90563,0.0008280674,73564.0,8848.0,30992.0,0.01656992,0.5290999099941052
2026-09-18T19:01:04.167894+00:00,8.194356600000901,7,1,hold,7,0.4,False,0.39990234375,0.0,0.46566128730773926,dc,out1,0.0,3,27.361115421999784,27.504052132999277,19.166758821998883,0.39990234375,0.1483154296875,-0.0091552734375,4675831.0,-0.7060558,0.2496439,0.1387291616479966,-0.8668935309588919,0.47880040276723745,0.9048842,0.0008325298,73582.0,9600.0,31248.0,0.01663505,0.5046206827293614
2026-09-18T19:01:04.167894+00:00,8.194356600000901,7,1,hold,7,0.4,False,0.39990234375,0.0,0.46566128730773926,dc,out1,0.0,4,27.5042735370007,27.648785281000528,19.309916936999798,0.39990234375,0.1483154296875,-0.0091552734375,4675964.0,-0.7099096,0.2757131,0.12811103192821355,-0.842088869041015,0.5239025674068725,0.8742924,0.0008416436,73598.0,9296.0,31024.0,0.01672238,0.55654466388041
2026-09-18T19:01:04.167894+00:00,8.194356600000901,7,1,hold,7,0.4,False,0.39990234375,0.0,0.46566128730773926,dc,out1,0.0,5,27.648975276000783,27.79284375700081,19.454618675999882,0.39990234375,0.1483154296875,-0.0091552734375,4676115.0,-0.7006364,0.2927256,0.1406157885083346,-0.8215153803401029,0.5525754970018445,0.8837742,0.0008327045,73616.0,8512.0,31088.0,0.01669413,0.5921193806154837
2026-09-18T19:01:04.167894+00:00,8.194356600000901,7,1,hold,7,0.4,False,0.39990234375,0.0,0.46566128730773926,dc,out1,0.0,6,27.79299599099977,27.935751343000447,19.59863939099887,0.39990234375,0.1483154296875,-0.0091552734375,4676265.0,-0.6974412,0.2712243,0.1498851392506803,-0.8432296531516366,0.5162346337447489,0.9142026,0.0008275259,73634.0,9104.0,31616.0,0.01667972,0.5493499704876403
2026-09-18T19:01:04.167894+00:00,8.194356600000901,7,1,hold,7,0.4,False,0.39990234375,0.0,0.46566128730773926,dc,out1,0.0,7,27.935908216000826,28.079766827999265,19.741551615999924,0.39990234375,0.1483154296875,-0.0091552734375,4676399.0,-0.703216,0.2832381,0.13806655096159434,-0.8324250779344773,0.5366620138703213,0.9040274,0.0008355049,73650.0,9040.0,31760.0,0.01665383,0.5726382926686743
2026-09-18T19:01:04.167894+00:00,8.194356600000901,7,1,hold,7,0.4,False,0.39990234375,0.0,0.46566128730773926,dc,out1,0.0,8,28.079924031999326,28.224711189999653,19.885567431998425,0.39990234375,0.1483154296875,-0.0091552734375,4676549.0,-0.6990128,0.2844952,0.14482687278053236,-0.8299032226732467,0.5387817906325074,0.8907696,0.0008311983,73668.0,8848.0,31216.0,0.01664307,0.5758199306031379
2026-09-18T19:01:04.167894+00:00,8.194356600000901,7,1,hold,7,0.4,False,0.39990234375,0.0,0.46566128730773926,dc,out1,0.0,9,28.224858976000178,28.36799869599963,20.030502375999276,0.39990234375,0.1483154296875,-0.0091552734375,4676699.0,-0.7082421,0.269436,0.13191925239840463,-0.8480894650833609,0.5131681693765355,0.894786,0.0008374912,73686.0,9280.0,31424.0,0.01668507,0.5441517721106833
2026-09-18T19:01:06.698783+00:00,8.194356600000901,8,1,hold,8,0.4,False,0.39990234375,0.0,0.46566128730773926,dc,out1,0.0,0,29.445111457000166,29.588632008000786,21.250754856999265,0.39990234375,0.149169921875,-0.0091552734375,4677915.0,-0.7005677,0.2313347,0.15109617351167925,-0.8820158382455641,0.4463384449429641,0.9003608,0.0008258001,73832.0,10096.0,30752.0,0.0166294,0.46847076909872726
2026-09-18T19:01:06.698783+00:00,8.194356600000901,8,1,hold,8,0.4,False,0.39990234375,0.0,0.46566128730773926,dc,out1,0.0,1,29.588773801999196,29.731825545999527,21.394417201998294,0.39990234375,0.149169921875,-0.0091552734375,4678049.0,-0.7159212,0.2447594,0.1222408066774287,-0.8740526098916888,0.4702012551284596,0.8888902,0.0008422426,73848.0,9408.0,30768.0,0.01677782,0.4935488538462488
2026-09-18T19:01:06.698783+00:00,8.194356600000901,8,1,hold,8,0.4,False,0.39990234375,0.0,0.46566128730773926,dc,out1,0.0,2,29.73198059599963,29.87513808699987,21.53762399599873,0.39990234375,0.149169921875,-0.0091552734375,4678199.0,-0.7040211,0.2288648,0.14535620230712917,-0.8852032860635493,0.44191256691017866,0.87764,0.0008285668,73866.0,9344.0,30064.0,0.01667612,0.4630246644894988
2026-09-18T19:01:06.698783+00:00,8.194356600000901,8,1,hold,8,0.4,False,0.39990234375,0.0,0.46566128730773926,dc,out1,0.0,3,29.8753385910004,30.019792955999947,21.6809819909995,0.39990234375,0.149169921875,-0.0091552734375,4678349.0,-0.7072847,0.2093251,0.14215502530570834,-0.9025116418493492,0.4065275945206244,0.8921846,0.0008292611,73884.0,10032.0,30256.0,0.0166403,0.4232200010465741
2026-09-18T19:01:06.698783+00:00,8.194356600000901,8,1,hold,8,0.4,False,0.39990234375,0.0,0.46566128730773926,dc,out1,0.0,4,30.019928097999582,30.164708622000035,21.82557149799868,0.39990234375,0.149169921875,-0.0091552734375,4678482.0,-0.7031936,0.2234654,0.14759348937785496,-0.8896175933180105,0.4321998375200293,0.904635,0.0008284049,73900.0,9728.0,30752.0,0.0166924,0.45224468511095434
2026-09-18T19:01:06.698783+00:00,8.194356600000901,8,1,hold,8,0.4,False,0.39990234375,0.0,0.46566128730773926,dc,out1,0.0,5,30.164878239000245,30.30790372299998,21.970521638999344,0.39990234375,0.149169921875,-0.0091552734375,4678632.0,-0.700936,0.2282254,0.1509101674586162,-0.8848459153208079,0.4407650479537755,0.882687,0.0008257454,73918.0,9856.0,30176.0,0.01668148,0.4621475494618471
2026-09-18T19:01:06.698783+00:00,8.194356600000901,8,1,hold,8,0.4,False,0.39990234375,0.0,0.46566128730773926,dc,out1,0.0,6,30.308088829000553,30.451750771999286,22.113732228999652,0.39990234375,0.149169921875,-0.0091552734375,4678782.0,-0.7060514,0.2180918,0.14323219559474734,-0.8949817034650911,0.42248347731932856,0.8913936,0.0008302684,73936.0,9808.0,30448.0,0.01667805,0.4410453797519573
2026-09-18T19:01:06.698783+00:00,8.194356600000901,8,1,hold,8,0.4,False,0.39990234375,0.0,0.46566128730773926,dc,out1,0.0,7,30.45190022099996,30.59587334599928,22.25754362099906,0.39990234375,0.149169921875,-0.0091552734375,4678915.0,-0.7045083,0.2193165,0.14582647849071784,-0.8935113980070885,0.424702271953441,0.8775022,0.000828458,73952.0,9808.0,29888.0,0.01671465,0.4437079659086728
2026-09-18T19:01:06.698783+00:00,8.194356600000901,8,1,hold,8,0.4,False,0.39990234375,0.0,0.46566128730773926,dc,out1,0.0,8,30.59601371899953,30.73985155000082,22.401657118998628,0.39990234375,0.149169921875,-0.0091552734375,4679065.0,-0.7004499,0.2018054,0.1554945698895029,-0.9064080223678458,0.3927415635275814,0.9083362,0.0008247145,73970.0,9936.0,30288.0,0.0166217,0.40887509042686315
2026-09-18T19:01:06.698783+00:00,8.194356600000901,8,1,hold,8,0.4,False,0.39990234375,0.0,0.46566128730773926,dc,out1,0.0,9,30.73998639199999,30.882945631999974,22.54562979199909,0.39990234375,0.149169921875,-0.0091552734375,4679215.0,-0.7022634,0.2302442,0.14826480211440207,-0.8834811319418439,0.44438568603943074,0.8898984,0.0008288019,73988.0,10048.0,30528.0,0.01664577,0.46603991910511267
2026-09-18T19:01:09.213744+00:00,8.194356600000901,9,1,hold,9,0.4,False,0.39990234375,0.0,0.46566128730773926,dc,out1,0.0,0,31.970093858000837,32.1130065189991,23.775737257999936,0.39990234375,0.148193359375,-0.0091552734375,4680432.0,-0.7047933,0.2538868,0.14026039499343423,-0.8624990029020908,0.4862329602044527,0.8775504,0.0008334642,74134.0,9536.0,30608.0,0.01650592,0.5133377578167478
2026-09-18T19:01:09.213744+00:00,8.194356600000901,9,1,hold,9,0.4,False,0.39990234375,0.0,0.46566128730773926,dc,out1,0.0,1,32.11320366799919,32.25776358700023,23.918847067998286,0.39990234375,0.148193359375,-0.0091552734375,4680579.0,-0.6931791,0.2584452,0.15943561287069988,-0.8546152549098835,0.494179169354455,0.8948592,0.0008245,74152.0,9440.0,30704.0,0.0162885,0.5242714677317772
2026-09-18T19:01:09.213744+00:00,8.194356600000901,9,1,hold,9,0.4,False,0.39990234375,0.0,0.46566128730773926,dc,out1,0.0,2,32.2579528210008,32.40110441899924,24.063596220999898,0.39990234375,0.148193359375,-0.0091552734375,4680725.0,-0.6984545,0.2812339,0.14635835750930393,-0.8331845786834756,0.5332754344906748,0.8774112,0.0008318725,74170.0,9104.0,30944.0,0.01622883,0.5693449533324797
2026-09-18T19:01:09.213744+00:00,8.194356600000901,9,1,hold,9,0.4,False,0.39990234375,0.0,0.46566128730773926,dc,out1,0.0,3,32.40133645199967,32.54571774800024,24.206979851998767,0.39990234375,0.148193359375,-0.0091552734375,4680872.0,-0.6923529,0.2679378,0.15908281938034707,-0.8449771160356823,0.5105940951029702,0.8991766,0.0008236324,74188.0,9200.0,30800.0,0.0163918,0.5435530957436392
2026-09-18T19:01:09.213744+00:00,8.194356600000901,9,1,hold,9,0.4,False,0.39990234375,0.0,0.46566128730773926,dc,out1,0.0,4,32.54586329000085,32.688996242999565,24.35150668999995,0.39990234375,0.148193359375,-0.0091552734375,4681020.0,-0.6883452,0.2733987,0.16476492797761635,-0.8381527832305955,0.5199542580567421,0.9048428,0.0008189791,74206.0,9104.0,30944.0,0.0163776,0.555253828280822
2026-09-18T19:01:09.213744+00:00,8.194356600000901,9,1,hold,9,0.4,False,0.39990234375,0.0,0.46566128730773926,dc,out1,0.0,5,32.689183432999926,32.8318141969994,24.494826832999024,0.39990234375,0.148193359375,-0.0091552734375,4681152.0,-0.7000129,0.2710582,0.14557524421481505,-0.844158367418786,0.5159500935058028,0.8893304,0.000834592,74222.0,9216.0,31280.0,0.0167014,0.5486145496400223
2026-09-18T19:01:09.213744+00:00,8.194356600000901,9,1,hold,9,0.4,False,0.39990234375,0.0,0.46566128730773926,dc,out1,0.0,6,32.83195464900018,32.97599335400082,24.63759804899928,0.39990234375,0.148193359375,-0.0091552734375,4681303.0,-0.7047052,0.2645883,0.13870809636324902,-0.8520059099935462,0.5048227345706142,0.8922838,0.0008363266,74240.0,9216.0,31280.0,0.01671423,0.5348945639272233
2026-09-18T19:01:09.213744+00:00,8.194356600000901,9,1,hold,9,0.4,False,0.39990234375,0.0,0.46566128730773926,dc,out1,0.0,7,32.976203266000084,33.119287957999404,24.781846665999183,0.39990234375,0.148193359375,-0.0091552734375,4681436.0,-0.6950348,0.2849133,0.15134389646110982,-0.8282812453944424,0.5394860549928981,0.8807932,0.000830805,74256.0,9120.0,30992.0,0.01670798,0.5773110090489894
2026-09-18T19:01:09.213744+00:00,8.194356600000901,9,1,hold,9,0.4,False,0.39990234375,0.0,0.46566128730773926,dc,out1,0.0,8,33.11950334100038,33.263105429999996,24.92514674099948,0.39990234375,0.148193359375,-0.0091552734375,4681587.0,-0.7053579,0.271679,0.1364408293639068,-0.8450332392051805,0.5170132732540719,0.8765442,0.0008362101,74274.0,9440.0,31168.0,0.01671093,0.5490697115409747
2026-09-18T19:01:09.213744+00:00,8.194356600000901,9,1,hold,9,0.4,False,0.39990234375,0.0,0.46566128730773926,dc,out1,0.0,9,33.26329678699949,33.407889497000724,25.06894018699859,0.39990234375,0.148193359375,-0.0091552734375,4681737.0,-0.7169532,0.2638206,0.11790346677917243,-0.8559145973064082,0.5034967473969039,0.872336,0.0008441686,74292.0,9392.0,31504.0,0.01670507,0.5317393199939866
2026-09-18T19:01:11.738718+00:00,8.194356600000901,10,1,hold,10,0.4,False,0.39990234375,0.0,0.46566128730773926,dc,out1,0.0,0,34.48823747999995,34.630964042000414,26.29388087999905,0.39990234375,0.148681640625,-0.0091552734375,4682956.0,-0.7027362,0.2281349,0.14773652386492023,-0.8854621922428172,0.4406025710601948,0.8830254,0.0008316324,74438.0,10080.0,30416.0,0.01672025,0.46172267435157466
2026-09-18T19:01:11.738718+00:00,8.194356600000901,10,1,hold,10,0.4,False,0.39990234375,0.0,0.46566128730773926,dc,out1,0.0,1,34.63112006399933,34.77572014600082,26.43676346399843,0.39990234375,0.148681640625,-0.0091552734375,4683107.0,-0.6960221,0.2279142,0.15964757415533337,-0.8835898828252652,0.44020628236674625,0.8973624,0.0008237366,74456.0,9728.0,30432.0,0.016747,0.46220820699847504
2026-09-18T19:01:11.738718+00:00,8.194356600000901,10,1,hold,10,0.4,False,0.39990234375,0.0,0.46566128730773926,dc,out1,0.0,2,34.77589049400012,34.91990248699949,26.58153389399922,0.39990234375,0.148681640625,-0.0091552734375,4683241.0,-0.7001972,0.2448094,0.1496550666535142,-0.8697304979314825,0.47028950869946884,0.8643036,0.000828577,74472.0,9936.0,30560.0,0.01674203,0.49569840290976924
2026-09-18T19:01:11.738718+00:00,8.194356600000901,10,1,hold,10,0.4,False,0.39990234375,0.0,0.46566128730773926,dc,out1,0.0,3,34.920080981000865,35.06286434799949,26.725724380999964,0.39990234375,0.148681640625,-0.0091552734375,4683391.0,-0.7038552,0.2252275,0.14616800371916727,-0.8883036397767384,0.4353751925042951,0.8733816,0.0008307963,74490.0,9968.0,30256.0,0.016766,0.4557122448894288
2026-09-18T19:01:11.738718+00:00,8.194356600000901,10,1,hold,10,0.4,False,0.39990234375,0.0,0.46566128730773926,dc,out1,0.0,4,35.063026290999915,35.20583767000062,26.868669690999013,0.39990234375,0.148681640625,-0.0091552734375,4683525.0,-0.6957148,0.2329999,0.15938350809222604,-0.8790402902110847,0.4493162199763407,0.8878198,0.0008241714,74506.0,9616.0,30736.0,0.01675193,0.4725230568982857
2026-09-18T19:01:11.738718+00:00,8.194356600000901,10,1,hold,10,0.4,False,0.39990234375,0.0,0.46566128730773926,dc,out1,0.0,5,35.20602384800077,35.35012687100061,27.011667247999867,0.39990234375,0.148681640625,-0.0091552734375,4683676.0,-0.6952201,0.223773,0.1617131274116494,-0.8868891597471527,0.43275452943410425,0.9059558,0.0008212511,74524.0,9856.0,30512.0,0.0167605,0.4539584571565839
2026-09-18T19:01:11.738718+00:00,8.194356600000901,10,1,hold,10,0.4,False,0.39990234375,0.0,0.46566128730773926,dc,out1,0.0,6,35.35033937799926,35.493018179999126,27.15598277799836,0.39990234375,0.148681640625,-0.0091552734375,4683811.0,-0.7097129,0.236415,0.13424856699065246,-0.8801029678474782,0.4554076067074603,0.8870404,0.0008375239,74540.0,9808.0,30720.0,0.01684087,0.4775084552679876
2026-09-18T19:01:11.738718+00:00,8.194356600000901,10,1,hold,10,0.4,False,0.39990234375,0.0,0.46566128730773926,dc,out1,0.0,7,35.493199409000226,35.635714595000536,27.298842808999325,0.39990234375,0.148681640625,-0.0091552734375,4683962.0,-0.7061602,0.2437226,0.13943325516131444,-0.8724607443936725,0.46837017074869175,0.8862264,0.0008352612,74558.0,9936.0,31024.0,0.01685663,0.49268198111216266
2026-09-18T19:01:11.738718+00:00,8.194356600000901,10,1,hold,10,0.4,False,0.39990234375,0.0,0.46566128730773926,dc,out1,0.0,8,35.63585854399935,35.77961276499991,27.441501943998446,0.39990234375,0.148681640625,-0.0091552734375,4684096.0,-0.7084384,0.2539092,0.1339655934876479,-0.8634770740772193,0.4862721072656199,0.8818462,0.000837236,74574.0,9616.0,30736.0,0.01661227,0.5128874818527959
2026-09-18T19:01:11.738718+00:00,8.194356600000901,10,1,hold,10,0.4,False,0.39990234375,0.0,0.46566128730773926,dc,out1,0.0,9,35.77974847800033,35.9228154350003,27.585391877999427,0.39990234375,0.148681640625,-0.0091552734375,4684246.0,-0.6935215,0.2515925,0.16007293266717018,-0.8613026536996448,0.4822182026399267,0.901831,0.0008245035,74592.0,9552.0,30912.0,0.01667797,0.5103899580697198
2026-09-18T19:01:14.253583+00:00,8.194356600000901,11,1,hold,11,0.4,False,0.39990234375,0.0,0.46566128730773926,dc,out1,0.0,0,37.009263418000046,37.15176858400082,28.814906817999145,0.39990234375,0.1480712890625,-0.0091552734375,4685477.0,-0.698582,0.2750526,0.1472736514691724,-0.8396515778953627,0.5227769116179142,0.896338,0.0008293218,74738.0,9168.0,31296.0,0.01664567,0.5568800554949777
2026-09-18T19:01:14.253583+00:00,8.194356600000901,11,1,hold,11,0.4,False,0.39990234375,0.0,0.46566128730773926,dc,out1,0.0,1,37.1518990379991,37.2958004129996,28.9575424379982,0.39990234375,0.1480712890625,-0.0091552734375,4685626.0,-0.6939182,0.2951612,0.15114944414412973,-0.8168954187450325,0.5566288892685131,0.8838076,0.0008292743,74756.0,8976.0,31296.0,0.01647562,0.5981303148224892
2026-09-18T19:01:14.253583+00:00,8.194356600000901,11,1,hold,11,0.4,False,0.39990234375,0.0,0.46566128730773926,dc,out1,0.0,2,37.29593540499991,37.439023709999674,29.101578804999008,0.39990234375,0.1480712890625,-0.0091552734375,4685758.0,-0.6863483,0.3053412,0.1612351482248681,-0.8032341494904931,0.5734266544809274,0.9035184,0.0008253439,74772.0,8800.0,31648.0,0.01655405,0.6199922157103386
2026-09-18T19:01:14.253583+00:00,8.194356600000901,11,1,hold,11,0.4,False,0.39990234375,0.0,0.46566128730773926,dc,out1,0.0,3,37.439231578000545,37.58206536800026,29.244874977999643,0.39990234375,0.1480712890625,-0.0091552734375,4685907.0,-0.6965196,0.3050624,0.1449195592089832,-0.8066622524737039,0.572969747711626,0.8944276,0.000833639,74790.0,8912.0,31568.0,0.01660195,0.6176032994332784
2026-09-18T19:01:14.253583+00:00,8.194356600000901,11,1,hold,11,0.4,False,0.39990234375,0.0,0.46566128730773926,dc,out1,0.0,4,37.58233201599978,37.7268213490006,29.38797541599888,0.39990234375,0.1480712890625,-0.0091552734375,4686057.0,-0.698297,0.2976685,0.14350409733186056,-0.8154284810159138,0.5607878087093615,0.8928748,0.0008334699,74808.0,8656.0,31568.0,0.0167478,0.6024378311550586
2026-09-18T19:01:14.253583+00:00,8.194356600000901,11,1,hold,11,0.4,False,0.39990234375,0.0,0.46566128730773926,dc,out1,0.0,5,37.72694875699926,37.87086027999976,29.532592156998362,0.39990234375,0.1480712890625,-0.0091552734375,4686191.0,-0.6936795,0.2940748,0.15175966979905706,-0.818010389657956,0.5548224986733328,0.895085,0.0008297235,74824.0,8848.0,31552.0,0.01671045,0.5959848418886382
2026-09-18T19:01:14.253583+00:00,8.194356600000901,11,1,hold,11,0.4,False,0.39990234375,0.0,0.46566128730773926,dc,out1,0.0,6,37.87099475099967,38.01563835200068,29.67663815099877,0.39990234375,0.1480712890625,-0.0091552734375,4686342.0,-0.7022252,0.2933362,0.13789279871426904,-0.8212919496535558,0.5535929095436529,0.8897148,0.000836386,74842.0,9280.0,31808.0,0.01672895,0.5930976351020242
2026-09-18T19:01:14.253583+00:00,8.194356600000901,11,1,hold,11,0.4,False,0.39990234375,0.0,0.46566128730773926,dc,out1,0.0,7,38.01577488700059,38.159268298000825,29.821418286999688,0.39990234375,0.1480712890625,-0.0091552734375,4686476.0,-0.6924877,0.2843706,0.1556694369846921,-0.8280745155444638,0.5385718365219915,0.9003142,0.0008262373,74858.0,9088.0,31408.0,0.0166819,0.5766497208250416
2026-09-18T19:01:14.253583+00:00,8.194356600000901,11,1,hold,11,0.4,False,0.39990234375,0.0,0.46566128730773926,dc,out1,0.0,8,38.159454595999705,38.302768612000364,29.965097995998804,0.39990234375,0.1480712890625,-0.0091552734375,4686627.0,-0.7092365,0.2700773,0.13013233483755204,-0.8476988826089904,0.5142685872705005,0.8842082,0.000839916,74876.0,8976.0,31504.0,0.0167174,0.5453052634930671
2026-09-18T19:01:14.253583+00:00,8.194356600000901,11,1,hold,11,0.4,False,0.39990234375,0.0,0.46566128730773926,dc,out1,0.0,9,38.30290747199979,38.44591541599948,30.108550871998887,0.39990234375,0.1480712890625,-0.0091552734375,4686778.0,-0.698155,0.2498059,0.15238263794388004,-0.8644404329782798,0.4790848249377021,0.8757318,0.0008281006,74894.0,9344.0,30736.0,0.01679243,0.5060726234364452
2026-09-18T19:01:16.776712+00:00,8.194356600000901,12,1,hold,12,0.4,False,0.39990234375,0.0,0.46566128730773926,dc,out1,0.0,0,39.52711653000006,39.67070705200058,31.332759929999156,0.39990234375,0.1485595703125,-0.0091552734375,4687988.0,-0.7073806,0.2471036,0.13680802547849538,-0.8696499012272699,0.474333862864623,0.8790656,0.0008341408,75038.0,9136.0,30864.0,0.0167781,0.4993284399308344
2026-09-18T19:01:16.776712+00:00,8.194356600000901,12,1,hold,12,0.4,False,0.39990234375,0.0,0.46566128730773926,dc,out1,0.0,1,39.67084982800043,39.81589112999973,31.476493227999526,0.39990234375,0.1485595703125,-0.0091552734375,4688138.0,-0.6912239,0.2448774,0.16522685722397373,-0.8668419483920881,0.47040952600866526,0.9117548,0.0008204106,75056.0,9472.0,30976.0,0.01676615,0.4971985206807756
2026-09-18T19:01:16.776712+00:00,8.194356600000901,12,1,hold,12,0.4,False,0.39990234375,0.0,0.46566128730773926,dc,out1,0.0,2,39.816064003000065,39.95898376100013,31.621707402999164,0.39990234375,0.1485595703125,-0.0091552734375,4688289.0,-0.7106654,0.2767567,0.12667487723735094,-0.8411984277564698,0.525679256407313,0.8607312,0.0008418868,75074.0,8928.0,31072.0,0.01677755,0.5585396777612764
2026-09-18T19:01:16.776712+00:00,8.194356600000901,12,1,hold,12,0.4,False,0.39990234375,0.0,0.46566128730773926,dc,out1,0.0,3,39.95912095700078,40.103656805000355,31.764764356999876,0.39990234375,0.1485595703125,-0.0091552734375,4688423.0,-0.6987579,0.2836421,0.14540822265452136,-0.8307335767193932,0.5373436268305943,0.8784854,0.0008329079,75090.0,9248.0,31088.0,0.01676528,0.5741437136482963
2026-09-18T19:01:16.776712+00:00,8.194356600000901,12,1,hold,12,0.4,False,0.39990234375,0.0,0.46566128730773926,dc,out1,0.0,4,40.103794751999885,40.24700457200015,31.909438151998984,0.39990234375,0.1485595703125,-0.0091552734375,4688574.0,-0.6875791,0.2791678,0.16487169857538905,-0.8319588112509507,0.5297752914120957,0.9059516,0.0008218827,75108.0,8912.0,31600.0,0.01681208,0.5670259931371381
2026-09-18T19:01:16.776712+00:00,8.194356600000901,12,1,hold,12,0.4,False,0.39990234375,0.0,0.46566128730773926,dc,out1,0.0,5,40.247178738,40.38984863800033,32.0528221379991,0.39990234375,0.1485595703125,-0.0091552734375,4688708.0,-0.6996015,0.266815,0.1470121421615099,-0.8483221125338406,0.5086619933150165,0.9043756,0.0008284343,75124.0,9440.0,31200.0,0.01680567,0.5401323146173117
2026-09-18T19:01:16.776712+00:00,8.194356600000901,12,1,hold,12,0.4,False,0.39990234375,0.0,0.46566128730773926,dc,out1,0.0,6,40.38999336900088,40.53299973899993,32.195636768999975,0.39990234375,0.1485595703125,-0.0091552734375,4688860.0,-0.7015132,0.2697939,0.14325900612145592,-0.8458749920265585,0.5137824004665423,0.8951492,0.0008294916,75142.0,8896.0,31120.0,0.01683037,0.5458411301508049
2026-09-18T19:01:16.776712+00:00,8.194356600000901,12,1,hold,12,0.4,False,0.39990234375,0.0,0.46566128730773926,dc,out1,0.0,7,40.53317413399964,40.675956504999704,32.338817533998736,0.39990234375,0.1485595703125,-0.0091552734375,4688994.0,-0.6997612,0.262502,0.14748354494506072,-0.8526609280455146,0.5012164659655547,0.8815274,0.000832025,75158.0,9360.0,30848.0,0.01671663,0.5314201129273488
2026-09-18T19:01:16.776712+00:00,8.194356600000901,12,1,hold,12,0.4,False,0.39990234375,0.0,0.46566128730773926,dc,out1,0.0,8,40.67609350100065,40.81900457200027,32.48173690099975,0.39990234375,0.1485595703125,-0.0091552734375,4689144.0,-0.6994214,0.2661485,0.14743358608193516,-0.8489363967600296,0.5075138736538324,0.9067082,0.0008285296,75176.0,9312.0,31344.0,0.01668965,0.538817375099351
2026-09-18T19:01:16.776712+00:00,8.194356600000901,12,1,hold,12,0.4,False,0.39990234375,0.0,0.46566128730773926,dc,out1,0.0,9,40.8191971920005,40.962894701999176,32.6248405919996,0.39990234375,0.1485595703125,-0.0091552734375,4689295.0,-0.6963125,0.2719685,0.15165191707767067,-0.8421320208794234,0.5175087974674496,0.8885902,0.0008270226,75194.0,9360.0,30944.0,0.01676607,0.5510291916856406
2026-09-18T19:01:19.293656+00:00,8.194356600000901,13,1,hold,13,0.4,False,0.39990234375,0.0,0.46566128730773926,dc,out1,0.0,0,42.050920098999995,42.1958376879993,33.856563498999094,0.39990234375,0.1484375,-0.0091552734375,4690518.0,-0.6988793,0.2297663,0.15431399759413056,-0.882875416048132,0.4435292435503621,0.91281,0.0008243784,75340.0,9888.0,30912.0,0.01677442,0.46554101586213914
2026-09-18T19:01:19.293656+00:00,8.194356600000901,13,1,hold,13,0.4,False,0.39990234375,0.0,0.46566128730773926,dc,out1,0.0,1,42.19598008399953,42.339025936000326,34.00162348399863,0.39990234375,0.1484375,-0.0091552734375,4690668.0,-0.6989854,0.2378553,0.15287260166699523,-0.8757243891808556,0.4579702630666991,0.8782648,0.0008256573,75358.0,9584.0,30224.0,0.01680948,0.4818477311338865
2026-09-18T19:01:19.293656+00:00,8.194356600000901,13,1,hold,13,0.4,False,0.39990234375,0.0,0.46566128730773926,dc,out1,0.0,2,42.3392199280006,42.48279175300013,34.1448633279997,0.39990234375,0.1484375,-0.0091552734375,4690803.0,-0.7024082,0.2433037,0.14604099415164543,-0.8717765849188944,0.46762978307027114,0.8827422,0.0008302185,75374.0,9728.0,30672.0,0.01672463,0.49234968792942535
2026-09-18T19:01:19.293656+00:00,8.194356600000901,13,1,hold,13,0.4,False,0.39990234375,0.0,0.46566128730773926,dc,out1,0.0,3,42.48293142399962,42.62603410200063,34.288574823998715,0.39990234375,0.1484375,-0.0091552734375,4690953.0,-0.7037145,0.2343904,0.14509580158737387,-0.8802413975997877,0.4517989489953357,0.879657,0.000832126,75392.0,9600.0,30592.0,0.01680065,0.47420486858454675
2026-09-18T19:01:19.293656+00:00,8.194356600000901,13,1,hold,13,0.4,False,0.39990234375,0.0,0.46566128730773926,dc,out1,0.0,4,42.62622628099962,42.76908605400058,34.431869680998716,0.39990234375,0.1484375,-0.0091552734375,4691088.0,-0.6962443,0.2303679,0.15886982030620972,-0.8815240932980257,0.44460730215659544,0.8760418,0.0008239421,75408.0,9840.0,30560.0,0.01680212,0.4671311597386279
2026-09-18T19:01:19.293656+00:00,8.194356600000901,13,1,hold,13,0.4,False,0.39990234375,0.0,0.46566128730773926,dc,out1,0.0,5,42.76935382400006,42.913859422000314,34.57499722399916,0.39990234375,0.1484375,-0.0091552734375,4691238.0,-0.7058416,0.2310302,0.14182765584406012,-0.8838286992215674,0.44579338989053124,0.87729,0.0008319594,75426.0,9904.0,30288.0,0.01672487,0.46715256552920176
2026-09-18T19:01:19.293656+00:00,8.194356600000901,13,1,hold,13,0.4,False,0.39990234375,0.0,0.46566128730773926,dc,out1,0.0,6,42.91402608399949,43.05780343100014,34.71966948399859,0.39990234375,0.1484375,-0.0091552734375,4691389.0,-0.702202,0.2160252,0.15040610165572713,-0.8955669264193632,0.41873366820510405,0.901558,0.0008275616,75444.0,9936.0,30448.0,0.0167382,0.43736268080783136
2026-09-18T19:01:19.293656+00:00,8.194356600000901,13,1,hold,13,0.4,False,0.39990234375,0.0,0.46566128730773926,dc,out1,0.0,7,43.05804129600074,43.20161972200003,34.86368469599984,0.39990234375,0.1484375,-0.0091552734375,4691523.0,-0.7007721,0.2323586,0.15058131595523913,-0.8811747322317854,0.4481700107787551,0.8833532,0.0008259729,75460.0,9392.0,30288.0,0.0168078,0.4705080106286376
2026-09-18T19:01:19.293656+00:00,8.194356600000901,13,1,hold,13,0.4,False,0.39990234375,0.0,0.46566128730773926,dc,out1,0.0,8,43.201761285999964,43.344918024000435,35.00740468599906,0.39990234375,0.1484375,-0.0091552734375,4691675.0,-0.6879981,0.2495359,0.16996011406137565,-0.8614205128632879,0.4786107600614452,0.8952954,0.000818288,75478.0,9552.0,31024.0,0.01679273,0.5071373652750161
2026-09-18T19:01:19.293656+00:00,8.194356600000901,13,1,hold,13,0.4,False,0.39990234375,0.0,0.46566128730773926,dc,out1,0.0,9,43.345088572999884,43.489052708999225,35.15073197299898,0.39990234375,0.1484375,-0.0091552734375,4691809.0,-0.7056234,0.2443546,0.14027568011511965,-0.8717253487628234,0.4694865811634818,0.8971828,0.0008319554,75494.0,9552.0,31056.0,0.01675813,0.4940267460191288
2026-09-18T19:01:21.819916+00:00,8.194356600000901,14,1,hold,14,0.4,False,0.39990234375,0.0,0.46566128730773926,dc,out1,0.0,0,44.57287238100071,44.716083789999175,36.378515780999805,0.39990234375,0.148681640625,-0.0091552734375,4693048.0,-0.7169774,0.250649,0.119630305260496,-0.8687615349351566,0.48056423658070024,0.8710108,0.0008453104,75642.0,9584.0,31056.0,0.01671315,0.5052661702109796
2026-09-18T19:01:21.819916+00:00,8.194356600000901,14,1,hold,14,0.4,False,0.39990234375,0.0,0.46566128730773926,dc,out1,0.0,1,44.71627538800021,44.86005173199919,36.52191878799931,0.39990234375,0.148681640625,-0.0091552734375,4693182.0,-0.6963402,0.250937,0.15532678212747003,-0.862812803151379,0.4810692855213115,0.8803022,0.0008254603,75658.0,9792.0,30560.0,0.01669022,0.5086283499739276
2026-09-18T19:01:21.819916+00:00,8.194356600000901,14,1,hold,14,0.4,False,0.39990234375,0.0,0.46566128730773926,dc,out1,0.0,2,44.86021416599942,45.00282353900002,36.66585756599852,0.39990234375,0.148681640625,-0.0091552734375,4693333.0,-0.6955626,0.2450686,0.15766663878295628,-0.8680659823278922,0.47074693980948634,0.8898352,0.0008242402,75676.0,9264.0,30448.0,0.01679115,0.49690762120030263
2026-09-18T19:01:21.819916+00:00,8.194356600000901,14,1,hold,14,0.4,False,0.39990234375,0.0,0.46566128730773926,dc,out1,0.0,3,45.002965113000755,45.145849471000474,36.808608512999854,0.39990234375,0.148681640625,-0.0091552734375,4693467.0,-0.6987745,0.2605329,0.14950500329863803,-0.8543059509598131,0.49780477713991816,0.8731434,0.0008299686,75692.0,9488.0,31040.0,0.01678123,0.5276023905746942
2026-09-18T19:01:21.819916+00:00,8.194356600000901,14,1,hold,14,0.4,False,0.39990234375,0.0,0.46566128730773926,dc,out1,0.0,4,45.145998910000344,45.290041570999165,36.95164230999944,0.39990234375,0.148681640625,-0.0091552734375,4693618.0,-0.6880033,0.2539912,0.16911894117255352,-0.8572040815196701,0.48641540514532755,0.9114318,0.000819199,75710.0,9568.0,31568.0,0.01676562,0.5161372863402466
2026-09-18T19:01:21.819916+00:00,8.194356600000901,14,1,hold,14,0.4,False,0.39990234375,0.0,0.46566128730773926,dc,out1,0.0,5,45.29026973799955,45.43464139400021,37.09591313799865,0.39990234375,0.148681640625,-0.0091552734375,4693752.0,-0.7041551,0.2519792,0.14166024413882303,-0.8641436329090998,0.4828955963075168,0.9133068,0.0008306791,75726.0,9424.0,31056.0,0.01676833,0.5095850350251985
2026-09-18T19:01:21.819916+00:00,8.194356600000901,14,1,hold,14,0.4,False,0.39990234375,0.0,0.46566128730773926,dc,out1,0.0,6,45.43479785599993,45.57884124900011,37.24044125599903,0.39990234375,0.148681640625,-0.0091552734375,4693903.0,-0.7069878,0.261201,0.13534811622001813,-0.855988673044938,0.4989632041087386,0.862301,0.0008357645,75744.0,9600.0,30656.0,0.01667852,0.5277575296781211
2026-09-18T19:01:21.819916+00:00,8.194356600000901,14,1,hold,14,0.4,False,0.39990234375,0.0,0.46566128730773926,dc,out1,0.0,7,45.578995937999935,45.72219367099933,37.38463933799903,0.39990234375,0.148681640625,-0.0091552734375,4694053.0,-0.7108941,0.2480736,0.1305568108006551,-0.8696781238886179,0.47604083856654117,0.8982514,0.0008373021,75762.0,9392.0,30880.0,0.01675527,0.5008263083228065
2026-09-18T19:01:21.819916+00:00,8.194356600000901,14,1,hold,14,0.4,False,0.39990234375,0.0,0.46566128730773926,dc,out1,0.0,8,45.722339292999095,45.86474693799937,37.527982692998194,0.39990234375,0.148681640625,-0.0091552734375,4694187.0,-0.703999,0.244225,0.14312671503997168,-0.8713850741445271,0.4692577074486935,0.8767962,0.0008327923,75778.0,9616.0,30672.0,0.01667158,0.49398617055764055
2026-09-18T19:01:21.819916+00:00,8.194356600000901,14,1,hold,14,0.4,False,0.39990234375,0.0,0.46566128730773926,dc,out1,0.0,9,45.864918929999476,46.00792587499927,37.670562329998575,0.39990234375,0.148681640625,-0.0091552734375,4694338.0,-0.7199971,0.2388625,0.11582699094196923,-0.8804571467560391,0.4597600688354128,0.8749048,0.0008437608,75796.0,8928.0,31104.0,0.0167345,0.48123639340290175
2026-09-18T19:01:24.338703+00:00,8.194356600000901,15,1,hold,15,0.4,False,0.39990234375,0.0,0.46566128730773926,dc,out1,0.0,0,47.093990515999394,47.2390341549999,38.89963391599849,0.39990234375,0.14892578125,-0.0091552734375,4695560.0,-0.7129711,0.2334907,0.12889292485171894,-0.8835796129451171,0.45019293809535277,0.8934998,0.0008360669,75942.0,9072.0,30912.0,0.01674378,0.4712268928431942
2026-09-18T19:01:24.338703+00:00,8.194356600000901,15,1,hold,15,0.4,False,0.39990234375,0.0,0.46566128730773926,dc,out1,0.0,1,47.23927457500031,47.3817212619997,39.04491797499941,0.39990234375,0.14892578125,-0.0091552734375,4695710.0,-0.7029076,0.2420177,0.14536724169847837,-0.8731055428194823,0.4653547852325937,0.8788884,0.0008319472,75960.0,9568.0,30624.0,0.01665053,0.48968843686425967
2026-09-18T19:01:24.338703+00:00,8.194356600000901,15,1,hold,15,0.4,False,0.39990234375,0.0,0.46566128730773926,dc,out1,0.0,2,47.381846987000245,47.52764819299955,39.18749038699934,0.39990234375,0.14892578125,-0.0091552734375,4695843.0,-0.6958874,0.2282318,0.15983578434919685,-0.8832715132072907,0.44077653748581036,0.9142426,0.00082356,75976.0,9776.0,31056.0,0.01669233,0.4628690910568718
2026-09-18T19:01:24.338703+00:00,8.194356600000901,15,1,hold,15,0.4,False,0.39990234375,0.0,0.46566128730773926,dc,out1,0.0,3,47.5278619719993,47.672940627999196,39.3335053719984,0.39990234375,0.14892578125,-0.0091552734375,4695993.0,-0.6977276,0.241632,0.15446722733178703,-0.8719059217270299,0.4646718620034662,0.898143,0.0008254256,75994.0,9904.0,31088.0,0.0166724,0.48964954733216126
2026-09-18T19:01:24.338703+00:00,8.194356600000901,15,1,hold,15,0.4,False,0.39990234375,0.0,0.46566128730773926,dc,out1,0.0,4,47.67318180800066,47.81789909799954,39.47882520799976,0.39990234375,0.14892578125,-0.0091552734375,4696143.0,-0.6919307,0.250515,0.16300518985869472,-0.8618080838013378,0.48032919417186926,0.894505,0.0008213774,76012.0,9376.0,30768.0,0.01644732,0.5084690922262425
2026-09-18T19:01:24.338703+00:00,8.194356600000901,15,1,hold,15,0.4,False,0.39990234375,0.0,0.46566128730773926,dc,out1,0.0,5,47.81807761100026,47.9628018429994,39.62372101099936,0.39990234375,0.14892578125,-0.0091552734375,4696290.0,-0.6790986,0.2465066,0.18587324550591003,-0.8610777624916965,0.47328239302491815,0.906425,0.0008108783,76030.0,9536.0,30496.0,0.01626353,0.502566430991105
2026-09-18T19:01:24.338703+00:00,8.194356600000901,15,1,hold,15,0.4,False,0.39990234375,0.0,0.46566128730773926,dc,out1,0.0,6,47.9630050830001,48.10611527000037,39.7686484829992,0.39990234375,0.14892578125,-0.0091552734375,4696436.0,-0.7161065,0.2360688,0.12302737496144953,-0.8820597211382478,0.45479106560662713,0.9019474,0.0008419936,76048.0,9408.0,31216.0,0.01616742,0.47605054218809223
2026-09-18T19:01:24.338703+00:00,8.194356600000901,15,1,hold,15,0.4,False,0.39990234375,0.0,0.46566128730773926,dc,out1,0.0,7,48.106323187999806,48.248764625999684,39.911966587998904,0.39990234375,0.14892578125,-0.0091552734375,4696582.0,-0.7227512,0.2429992,0.11049638724215748,-0.8772777126690652,0.4670913864122997,0.8830632,0.0008491036,76066.0,9552.0,31088.0,0.01622678,0.48925591907907745
2026-09-18T19:01:24.338703+00:00,8.194356600000901,15,1,hold,15,0.4,False,0.39990234375,0.0,0.46566128730773926,dc,out1,0.0,8,48.24892419400021,48.39385812799992,40.05456759399931,0.39990234375,0.14892578125,-0.0091552734375,4696713.0,-0.6999804,0.2337225,0.1517679783727258,-0.8797271992388288,0.4506068526554627,0.9055804,0.0008276936,76082.0,9344.0,30896.0,0.01650203,0.4733694341911383
2026-09-18T19:01:24.338703+00:00,8.194356600000901,15,1,hold,15,0.4,False,0.39990234375,0.0,0.46566128730773926,dc,out1,0.0,9,48.39403774300081,48.53701699500016,40.19968114299991,0.39990234375,0.14892578125,-0.0091552734375,4696864.0,-0.6919145,0.2458822,0.16385336800192019,-0.8661387224856072,0.47218194290488036,0.893465,0.0008220993,76100.0,9760.0,30960.0,0.01685412,0.4991176908176781
2026-09-18T19:01:26.867936+00:00,8.194356600000901,16,1,hold,16,0.4,False,0.39990234375,0.0,0.46566128730773926,dc,out1,0.0,0,49.61600824299967,49.7596385199995,41.42165164299877,0.39990234375,0.148681640625,-0.0091552734375,4698078.0,-0.6993037,0.2305157,0.15345048519886653,-0.88235015697979,0.4448720592147505,0.9029102,0.0008265509,76246.0,9824.0,30864.0,0.01663512,0.46699392792687205
2026-09-18T19:01:26.867936+00:00,8.194356600000901,16,1,hold,16,0.4,False,0.39990234375,0.0,0.46566128730773926,dc,out1,0.0,1,49.759788040000785,49.9038384710002,41.565431439999884,0.39990234375,0.148681640625,-0.0091552734375,4698228.0,-0.7076518,0.2413135,0.13717781239481705,-0.8750921531744251,0.4641077151256169,0.8687074,0.0008355892,76264.0,9616.0,30400.0,0.01663948,0.4876340967736441
2026-09-18T19:01:26.867936+00:00,8.194356600000901,16,1,hold,16,0.4,False,0.39990234375,0.0,0.46566128730773926,dc,out1,0.0,2,49.90404114000012,50.04870890500024,41.709684539999216,0.39990234375,0.148681640625,-0.0091552734375,4698378.0,-0.7102402,0.2315934,0.13397176927085572,-0.8845451287412883,0.446801387932596,0.8880112,0.0008356479,76282.0,10048.0,30736.0,0.01664788,0.4677351719901857
2026-09-18T19:01:26.867936+00:00,8.194356600000901,16,1,hold,16,0.4,False,0.39990234375,0.0,0.46566128730773926,dc,out1,0.0,3,50.04884982799922,50.1930754870009,41.85449322799832,0.39990234375,0.148681640625,-0.0091552734375,4698511.0,-0.6981045,0.2272326,0.15607031666069698,-0.8848372629943151,0.43898186098534764,0.8869008,0.0008253226,76298.0,9456.0,30736.0,0.016671,0.4605355274321459
2026-09-18T19:01:26.867936+00:00,8.194356600000901,16,1,hold,16,0.4,False,0.39990234375,0.0,0.46566128730773926,dc,out1,0.0,4,50.1932639989991,50.335994846000176,41.9989073989982,0.39990234375,0.148681640625,-0.0091552734375,4698661.0,-0.698786,0.2092125,0.15748987891011165,-0.9000552795313991,0.40632183282286655,0.9020562,0.000822881,76316.0,10112.0,30192.0,0.01665173,0.42405159562106914
2026-09-18T19:01:26.867936+00:00,8.194356600000901,16,1,hold,16,0.4,False,0.39990234375,0.0,0.46566128730773926,dc,out1,0.0,5,50.33618807700077,50.4790792219992,42.14183147699987,0.39990234375,0.148681640625,-0.0091552734375,4698811.0,-0.6881926,0.2050565,0.17716875795866088,-0.8997995369291173,0.39871296009225937,0.911396,0.0008134182,76334.0,9712.0,30400.0,0.0166492,0.4171120372637592
2026-09-18T19:01:26.867936+00:00,8.194356600000901,16,1,hold,16,0.4,False,0.39990234375,0.0,0.46566128730773926,dc,out1,0.0,6,50.479231556999366,50.623073308999665,42.284874956998465,0.39990234375,0.148681640625,-0.0091552734375,4698944.0,-0.7120736,0.1926323,0.1354130179554552,-0.9167520939353945,0.37580435446288407,0.897631,0.000834546,76350.0,10640.0,30512.0,0.01666623,0.389037460654536
2026-09-18T19:01:26.867936+00:00,8.194356600000901,16,1,hold,16,0.4,False,0.39990234375,0.0,0.46566128730773926,dc,out1,0.0,7,50.62331358799929,50.7667515840003,42.42895698799839,0.39990234375,0.148681640625,-0.0091552734375,4699094.0,-0.7012786,0.1969265,0.1546264396046486,-0.9103994565603213,0.3837492588525242,0.8829278,0.0008258661,76368.0,10352.0,30032.0,0.01666863,0.3989172036012946
2026-09-18T19:01:26.867936+00:00,8.194356600000901,16,1,hold,16,0.4,False,0.39990234375,0.0,0.46566128730773926,dc,out1,0.0,8,50.766871548999916,50.91077253000003,42.572514948999014,0.39990234375,0.148681640625,-0.0091552734375,4699244.0,-0.708747,0.20086,0.14054588076851676,-0.9095956788016452,0.39100199040973715,0.8849664,0.0008320617,76386.0,9984.0,30352.0,0.01664067,0.40598286075086165
2026-09-18T19:01:26.867936+00:00,8.194356600000901,16,1,hold,16,0.4,False,0.39990234375,0.0,0.46566128730773926,dc,out1,0.0,9,50.910907452000174,51.05479784400086,42.71655085199927,0.39990234375,0.148681640625,-0.0091552734375,4699377.0,-0.6970936,0.2053364,0.16108406029131442,-0.9025908849439935,0.39922627661024856,0.8831104,0.0008230131,76402.0,9728.0,30224.0,0.01670575,0.4164417540349631
2026-09-18T19:01:29.385683+00:00,8.194356600000901,17,1,hold,17,0.4,False,0.39990234375,0.0,0.46566128730773926,dc,out1,0.0,0,52.14344994599924,52.28581545700035,43.949093345998335,0.39990234375,0.14794921875,-0.0091552734375,4700618.0,-0.7157981,0.2833668,0.11705856789829443,-0.835498669985597,0.5368791895146422,0.8556652,0.0008483192,76548.0,9168.0,30992.0,0.01684868,0.571145127180767
2026-09-18T19:01:29.385683+00:00,8.194356600000901,17,1,hold,17,0.4,False,0.39990234375,0.0,0.46566128730773926,dc,out1,0.0,1,52.28596087900041,52.42886341399935,44.09160427899951,0.39990234375,0.14794921875,-0.0091552734375,4700753.0,-0.6865679,0.2633438,0.16976246492858374,-0.8476443544985178,0.5026726109389313,0.9211318,0.0008173654,76564.0,9280.0,31376.0,0.01683905,0.5352735700934619
2026-09-18T19:01:29.385683+00:00,8.194356600000901,17,1,hold,17,0.4,False,0.39990234375,0.0,0.46566128730773926,dc,out1,0.0,2,52.428992305000065,52.57227252600023,44.234635704999164,0.39990234375,0.14794921875,-0.0091552734375,4700904.0,-0.6805268,0.2830484,0.1757279580585193,-0.8255041592681632,0.536341838557786,0.9134098,0.0008179675,76582.0,8912.0,31408.0,0.01685408,0.5761743350881223
2026-09-18T19:01:29.385683+00:00,8.194356600000901,17,1,hold,17,0.4,False,0.39990234375,0.0,0.46566128730773926,dc,out1,0.0,3,52.5724391370004,52.714850804999514,44.3780825369995,0.39990234375,0.14794921875,-0.0091552734375,4701039.0,-0.7064498,0.2924658,0.13110003358808714,-0.8233781639457401,0.5521423551318484,0.8851796,0.0008388587,76598.0,8848.0,31472.0,0.01690868,0.5907081378906128
2026-09-18T19:01:29.385683+00:00,8.194356600000901,17,1,hold,17,0.4,False,0.39990234375,0.0,0.46566128730773926,dc,out1,0.0,4,52.714986959999806,52.85807155399925,44.520630359998904,0.39990234375,0.14794921875,-0.0091552734375,4701191.0,-0.7257242,0.2749642,0.10151011565666015,-0.8464972328682089,0.5226261868351382,0.8840974,0.0008520324,76616.0,9168.0,31760.0,0.01687698,0.5531144398278879
2026-09-18T19:01:29.385683+00:00,8.194356600000901,17,1,hold,17,0.4,False,0.39990234375,0.0,0.46566128730773926,dc,out1,0.0,5,52.85828965099972,53.000692923000315,44.66393305099882,0.39990234375,0.14794921875,-0.0091552734375,4701327.0,-0.702481,0.2717225,0.1412932706284424,-0.844189836139932,0.5170877413294117,0.905344,0.0008332418,76632.0,8896.0,31200.0,0.01695735,0.5495785048532088
2026-09-18T19:01:29.385683+00:00,8.194356600000901,17,1,hold,17,0.4,False,0.39990234375,0.0,0.46566128730773926,dc,out1,0.0,6,53.002384372999586,53.145647121000366,44.808027772998685,0.39990234375,0.14794921875,-0.0091552734375,4701462.0,-0.7098896,0.2762753,0.12805601157832322,-0.8415008402175795,0.5248599754332198,0.8841312,0.0008388748,76648.0,9136.0,31200.0,0.01688322,0.5576775418757577
2026-09-18T19:01:29.385683+00:00,8.194356600000901,17,1,hold,17,0.4,False,0.39990234375,0.0,0.46566128730773926,dc,out1,0.0,7,53.145798392999495,53.28904569199949,44.951441792998594,0.39990234375,0.14794921875,-0.0091552734375,4701614.0,-0.7105291,0.2597813,0.12949297590124725,-0.8583232587551652,0.49650050621540415,0.8811954,0.0008383552,76666.0,9120.0,30960.0,0.01697647,0.5244261640185005
2026-09-18T19:01:29.385683+00:00,8.194356600000901,17,1,hold,17,0.4,False,0.39990234375,0.0,0.46566128730773926,dc,out1,0.0,8,53.289276513000004,53.43189335399984,45.0949199129991,0.39990234375,0.14794921875,-0.0091552734375,4701750.0,-0.6917891,0.2307336,0.16665757170666096,-0.8797537854191908,0.44526231688011003,0.9225358,0.0008188136,76682.0,9664.0,30880.0,0.01695883,0.4685328184359578
2026-09-18T19:01:29.385683+00:00,8.194356600000901,17,1,hold,17,0.4,False,0.39990234375,0.0,0.46566128730773926,dc,out1,0.0,9,53.432051117999436,53.574976746000175,45.237694517998534,0.39990234375,0.14794921875,-0.0091552734375,4701903.0,-0.6967559,0.237711,0.15679922667802867,-0.8751640888167205,0.45771368797401246,0.9068774,0.0008235404,76700.0,9616.0,30992.0,0.01690557,0.4818804269599253
2026-09-18T19:01:31.905834+00:00,8.194356600000901,18,1,hold,18,0.4,False,0.39990234375,0.0,0.46566128730773926,dc,out1,0.0,0,54.65690715299934,54.801801116000206,46.46255055299844,0.39990234375,0.147705078125,-0.0091552734375,4703121.0,-0.7161057,0.2911672,0.115373371594083,-0.8271737400703684,0.5499750802218338,0.8841792,0.0008448848,76844.0,9168.0,31824.0,0.01681793,0.5867678492363332
2026-09-18T19:01:31.905834+00:00,8.194356600000901,18,1,hold,18,0.4,False,0.39990234375,0.0,0.46566128730773926,dc,out1,0.0,1,54.80198164399917,54.944784620000064,46.60762504399827,0.39990234375,0.147705078125,-0.0091552734375,4703272.0,-0.6952809,0.2635213,0.15493438857795044,-0.8502981767939239,0.5029794685441004,0.916154,0.000825498,76862.0,9408.0,31488.0,0.01673708,0.5341705356028082
2026-09-18T19:01:31.905834+00:00,8.194356600000901,18,1,hold,18,0.4,False,0.39990234375,0.0,0.46566128730773926,dc,out1,0.0,2,54.94493707500078,55.08871452200037,46.75058047499988,0.39990234375,0.147705078125,-0.0091552734375,4703405.0,-0.7094679,0.2682966,0.130016249702778,-0.8495640747803067,0.5112109717679251,0.8914948,0.0008369225,76878.0,9200.0,31488.0,0.01671427,0.5416929915798127
2026-09-18T19:01:31.905834+00:00,8.194356600000901,18,1,hold,18,0.4,False,0.39990234375,0.0,0.46566128730773926,dc,out1,0.0,3,55.08887545300058,55.23193042999992,46.89451885299968,0.39990234375,0.147705078125,-0.0091552734375,4703556.0,-0.6902901,0.2631346,0.16348736635659253,-0.849091085273461,0.502310869831543,0.90766,0.00082138,76896.0,9344.0,31216.0,0.01671122,0.534210175137653
2026-09-18T19:01:31.905834+00:00,8.194356600000901,18,1,hold,18,0.4,False,0.39990234375,0.0,0.46566128730773926,dc,out1,0.0,4,55.23209272299937,55.37583949399959,47.03773612299847,0.39990234375,0.147705078125,-0.0091552734375,4703706.0,-0.6954826,0.2643348,0.15444478869476944,-0.8495543321377345,0.5043850156289695,0.8698236,0.0008279511,76914.0,8976.0,30800.0,0.01674668,0.5357782806129086
2026-09-18T19:01:31.905834+00:00,8.194356600000901,18,1,hold,18,0.4,False,0.39990234375,0.0,0.46566128730773926,dc,out1,0.0,5,55.37599725799919,55.5200648379996,47.18164065799829,0.39990234375,0.147705078125,-0.0091552734375,4703840.0,-0.6947344,0.2683297,0.1549841855626539,-0.8453313378919688,0.5112678665858583,0.8899226,0.0008273404,76930.0,9488.0,30992.0,0.01674318,0.5439513768281796
2026-09-18T19:01:31.905834+00:00,8.194356600000901,18,1,hold,18,0.4,False,0.39990234375,0.0,0.46566128730773926,dc,out1,0.0,6,55.5203809880004,55.66388896200078,47.326024387999496,0.39990234375,0.147705078125,-0.0091552734375,4703991.0,-0.6939798,0.2663618,0.15662443784627925,-0.8470686302272475,0.5078814046155573,0.880246,0.000824265,76948.0,9072.0,30800.0,0.01677875,0.540107141963221
2026-09-18T19:01:31.905834+00:00,8.194356600000901,18,1,hold,18,0.4,False,0.39990234375,0.0,0.46566128730773926,dc,out1,0.0,7,55.66406236600051,55.80678967099993,47.469705765999606,0.39990234375,0.147705078125,-0.0091552734375,4704125.0,-0.6953146,0.2626598,0.15503214370171015,-0.8511599609339711,0.501489536602842,0.920327,0.0008226144,76964.0,9344.0,31344.0,0.01675228,0.5324283414181742
2026-09-18T19:01:31.905834+00:00,8.194356600000901,18,1,hold,18,0.4,False,0.39990234375,0.0,0.46566128730773926,dc,out1,0.0,8,55.80692081599955,55.95067886600009,47.612564215998646,0.39990234375,0.147705078125,-0.0091552734375,4704275.0,-0.690392,0.2545119,0.1649260573885354,-0.8575043438914038,0.48732504122161263,0.8975612,0.0008230303,76982.0,9488.0,30928.0,0.01669242,0.5167891661024522
2026-09-18T19:01:31.905834+00:00,8.194356600000901,18,1,hold,18,0.4,False,0.39990234375,0.0,0.46566128730773926,dc,out1,0.0,9,55.950827332999324,56.09566491999976,47.75647073299842,0.39990234375,0.147705078125,-0.0091552734375,4704426.0,-0.6876017,0.2353457,0.17321378655573977,-0.8742610418125871,0.4535026073969062,0.9216686,0.000814371,77000.0,9744.0,31104.0,0.0167217,0.4785165430300876
2026-09-18T19:01:34.426437+00:00,8.194356600000901,19,1,hold,19,0.4,False,0.39990234375,0.0,0.46566128730773926,dc,out1,0.0,0,57.18172125899946,57.323852489000274,48.98736465899856,0.39990234375,0.1494140625,-0.0091552734375,4705650.0,-0.7067237,0.2110538,0.14294645149938653,-0.9009580205989717,0.40968397225436626,0.869544,0.0008298033,77146.0,9856.0,29584.0,0.01677822,0.42677245490183097
2026-09-18T19:01:34.426437+00:00,8.194356600000901,19,1,hold,19,0.4,False,0.39990234375,0.0,0.46566128730773926,dc,out1,0.0,1,57.3240946320002,57.467879871999685,49.129738031999295,0.39990234375,0.1494140625,-0.0091552734375,4705801.0,-0.6972885,0.2002952,0.16142968208850206,-0.9065704840905676,0.3899620688177235,0.886631,0.000821331,77164.0,10384.0,29584.0,0.01672638,0.4062253658593418
2026-09-18T19:01:34.426437+00:00,8.194356600000901,19,1,hold,19,0.4,False,0.39990234375,0.0,0.46566128730773926,dc,out1,0.0,2,57.46803059299964,57.61284123900077,49.27367399299874,0.39990234375,0.1494140625,-0.0091552734375,4705935.0,-0.7011176,0.2070576,0.15358340211250296,-0.9024978734750689,0.402380077748051,0.8715304,0.0008252819,77180.0,9488.0,29888.0,0.01676052,0.41939872324970695
2026-09-18T19:01:34.426437+00:00,8.194356600000901,19,1,hold,19,0.4,False,0.39990234375,0.0,0.46566128730773926,dc,out1,0.0,3,57.61299664999933,57.755876949000594,49.41864004999843,0.39990234375,0.1494140625,-0.0091552734375,4706086.0,-0.7048305,0.2029798,0.14739907459542717,-0.9068225123067309,0.3949005494831837,0.9039482,0.0008260185,77198.0,10224.0,30240.0,0.01675272,0.4107113749769929
2026-09-18T19:01:34.426437+00:00,8.194356600000901,19,1,hold,19,0.4,False,0.39990234375,0.0,0.46566128730773926,dc,out1,0.0,4,57.75603681699977,57.89994661899982,49.561680216998866,0.39990234375,0.1494140625,-0.0091552734375,4706220.0,-0.7050544,0.1971985,0.14771370076566506,-0.9113349589625125,0.3842515519538046,0.8779774,0.0008272181,77214.0,10256.0,30144.0,0.01668845,0.3990177925706673
2026-09-18T19:01:34.426437+00:00,8.194356600000901,19,1,hold,19,0.4,False,0.39990234375,0.0,0.46566128730773926,dc,out1,0.0,5,57.90009408500009,58.04375891900054,49.70573748499919,0.39990234375,0.1494140625,-0.0091552734375,4706371.0,-0.7024529,0.1924875,0.1530444221953637,-0.9140843191810168,0.3755359666693246,0.8713278,0.0008240905,77232.0,10160.0,29504.0,0.01682445,0.38981011226673645
2026-09-18T19:01:34.426437+00:00,8.194356600000901,19,1,hold,19,0.4,False,0.39990234375,0.0,0.46566128730773926,dc,out1,0.0,6,58.04391110299912,58.18803570700038,49.84955450299822,0.39990234375,0.1494140625,-0.0091552734375,4706505.0,-0.7007543,0.175455,0.1582131594151629,-0.9256364398038422,0.34375249452933443,0.9004614,0.0008194857,77248.0,10704.0,29632.0,0.01674735,0.3555833587790235
2026-09-18T19:01:34.426437+00:00,8.194356600000901,19,1,hold,19,0.4,False,0.39990234375,0.0,0.46566128730773926,dc,out1,0.0,7,58.18822241599992,58.33100926000043,49.993865815999015,0.39990234375,0.1494140625,-0.0091552734375,4706656.0,-0.7047436,0.1581443,0.15264361123119974,-0.9380581907807561,0.31104140987886614,0.9140616,0.0008196871,77266.0,10720.0,29520.0,0.01679537,0.3201717972569857
2026-09-18T19:01:34.426437+00:00,8.194356600000901,19,1,hold,19,0.4,False,0.39990234375,0.0,0.46566128730773926,dc,out1,0.0,8,58.33121374199982,58.47462535299928,50.13685714199892,0.39990234375,0.1494140625,-0.0091552734375,4706807.0,-0.6834505,0.1465729,0.1938473787183659,-0.9375085486221623,0.2889652488178905,0.9040236,0.0008015629,77284.0,11200.0,28864.0,0.01674392,0.29898711334009415
2026-09-18T19:01:34.426437+00:00,8.194356600000901,19,1,hold,19,0.4,False,0.39990234375,0.0,0.46566128730773926,dc,out1,0.0,9,58.47476170799928,58.61812874499992,50.28040510799838,0.39990234375,0.1494140625,-0.0091552734375,4706941.0,-0.7085657,0.1473185,0.14646513582348508,-0.9456321446945679,0.2903925117983584,0.8610856,0.0008245319,77300.0,11344.0,28544.0,0.01677823,0.29794701470088775
2026-09-18T19:01:36.948981+00:00,8.194356600000901,20,1,hold,20,0.4,False,0.39990234375,0.0,0.46566128730773926,dc,out1,0.0,0,59.696092137999585,59.838995067000724,51.501735537998684,0.39990234375,0.1492919921875,-0.0091552734375,4708163.0,-0.7011204,0.2061784,0.15369680735626706,-0.9031948558017467,0.4007696893001668,0.8614478,0.0008244231,77446.0,10304.0,29808.0,0.0168174,0.4176229814955599
2026-09-18T19:01:36.948981+00:00,8.194356600000901,20,1,hold,20,0.4,False,0.39990234375,0.0,0.46566128730773926,dc,out1,0.0,1,59.83913460800068,59.9818307910009,51.644778007999776,0.39990234375,0.1492919921875,-0.0091552734375,4708314.0,-0.716847,0.1963149,0.1262732050974126,-0.915236283389401,0.3826194235032807,0.8884288,0.0008344942,77464.0,10320.0,30128.0,0.01679035,0.39597379167481644
2026-09-18T19:01:36.948981+00:00,8.194356600000901,20,1,hold,20,0.4,False,0.39990234375,0.0,0.46566128730773926,dc,out1,0.0,2,59.98198147199946,60.12486327199986,51.78762487199856,0.39990234375,0.1492919921875,-0.0091552734375,4708448.0,-0.698978,0.1839381,0.16047435135474736,-0.9191903934472052,0.35963454109921805,0.8911084,0.0008197825,77480.0,10640.0,29648.0,0.01674052,0.37294181599916537
2026-09-18T19:01:36.948981+00:00,8.194356600000901,20,1,hold,20,0.4,False,0.39990234375,0.0,0.46566128730773926,dc,out1,0.0,3,60.12499068000034,60.26892508600031,51.930634079999436,0.39990234375,0.1492919921875,-0.0091552734375,4708599.0,-0.7092132,0.2093474,0.138670237054659,-0.9030352973824308,0.40656834239353834,0.8800584,0.0008310354,77498.0,9808.0,30080.0,0.01679323,0.4230403536074829
2026-09-18T19:01:36.948981+00:00,8.194356600000901,20,1,hold,20,0.4,False,0.39990234375,0.0,0.46566128730773926,dc,out1,0.0,4,60.269092087999525,60.41362065499925,52.07473548799862,0.39990234375,0.1492919921875,-0.0091552734375,4708733.0,-0.6978986,0.2229446,0.15708438182930712,-0.8884475453155467,0.4312603114223287,0.891227,0.0008238956,77514.0,9936.0,30928.0,0.01678145,0.4519067092866131
2026-09-18T19:01:36.948981+00:00,8.194356600000901,20,1,hold,20,0.4,False,0.39990234375,0.0,0.46566128730773926,dc,out1,0.0,5,60.413760887000535,60.55693952100046,52.219404286999634,0.39990234375,0.1492919921875,-0.0091552734375,4708884.0,-0.7153608,0.2286388,0.12527253807531247,-0.8884696475809337,0.4415070515083319,0.8838764,0.0008391422,77532.0,9904.0,30448.0,0.01671327,0.4611884404142108
2026-09-18T19:01:36.948981+00:00,8.194356600000901,20,1,hold,20,0.4,False,0.39990234375,0.0,0.46566128730773926,dc,out1,0.0,6,60.55710989900035,60.70002762600052,52.36275329899945,0.39990234375,0.1492919921875,-0.0091552734375,4709018.0,-0.6999585,0.2140273,0.15470627114590751,-0.8965247000238326,0.4151017127347297,0.9181254,0.0008219992,77548.0,10176.0,30928.0,0.016842,0.43362188184362443
2026-09-18T19:01:36.948981+00:00,8.194356600000901,20,1,hold,20,0.4,False,0.39990234375,0.0,0.46566128730773926,dc,out1,0.0,7,60.70022070699997,60.84389854300025,52.50586410699907,0.39990234375,0.1492919921875,-0.0091552734375,4709169.0,-0.696663,0.2211131,0.1595572440367798,-0.8896055794884736,0.42795256608456567,0.917872,0.0008179926,77566.0,10064.0,30672.0,0.01683052,0.44838012865184335
2026-09-18T19:01:36.948981+00:00,8.194356600000901,20,1,hold,20,0.4,False,0.39990234375,0.0,0.46566128730773926,dc,out1,0.0,8,60.84405037599936,60.98682240999915,52.64969377599846,0.39990234375,0.1492919921875,-0.0091552734375,4709321.0,-0.6913533,0.2469294,0.16464014309415173,-0.8649808732059469,0.4740271218715392,0.8958502,0.0008184299,77584.0,9776.0,30576.0,0.01681987,0.5013220565575266
2026-09-18T19:01:36.948981+00:00,8.194356600000901,20,1,hold,20,0.4,False,0.39990234375,0.0,0.46566128730773926,dc,out1,0.0,9,60.987027072000274,61.1316431209998,52.79267047199937,0.39990234375,0.1492919921875,-0.0091552734375,4709455.0,-0.7127953,0.2440827,0.1277947475652938,-0.8739001820199126,0.46900636921078837,0.8891232,0.0008382544,77600.0,9152.0,30864.0,0.01679225,0.49256067983640806
2026-09-18T19:01:39.462424+00:00,8.194356600000901,21,1,hold,21,0.4,False,0.39990234375,0.0,0.46566128730773926,dc,out1,0.0,0,62.21721490299933,62.361897044000216,54.02285830299843,0.39990234375,0.1495361328125,-0.0091552734375,4710681.0,-0.694028,0.2498329,0.15950775592618657,-0.8631277935331925,0.4791322237440461,0.8915726,0.0008253028,77746.0,9504.0,30832.0,0.01675758,0.5067591677253366
2026-09-18T19:01:39.462424+00:00,8.194356600000901,21,1,hold,21,0.4,False,0.39990234375,0.0,0.46566128730773926,dc,out1,0.0,1,62.362112967999565,62.505830326999785,54.16775636799866,0.39990234375,0.1495361328125,-0.0091552734375,4710832.0,-0.7060119,0.1935578,0.14640671500988392,-0.914354666470074,0.3775190295924357,0.869929,0.0008290494,77764.0,10560.0,29424.0,0.01674023,0.3915605354387007
2026-09-18T19:01:39.462424+00:00,8.194356600000901,21,1,hold,21,0.4,False,0.39990234375,0.0,0.46566128730773926,dc,out1,0.0,2,62.50597970600029,62.64874199000042,54.31162310599939,0.39990234375,0.1495361328125,-0.0091552734375,4710982.0,-0.7163326,0.2001457,0.1268073616416743,-0.9121755044912584,0.38968672294497786,0.8714778,0.0008344835,77782.0,10160.0,30016.0,0.0167191,0.40373754803279055
2026-09-18T19:01:39.462424+00:00,8.194356600000901,21,1,hold,21,0.4,False,0.39990234375,0.0,0.46566128730773926,dc,out1,0.0,3,62.648880179000116,62.7936098680002,54.454523578999215,0.39990234375,0.1495361328125,-0.0091552734375,4711116.0,-0.6856131,0.2137497,0.18040674478523167,-0.891943447785626,0.4145965416984163,0.9228556,0.0008092193,77798.0,10064.0,30848.0,0.01675467,0.43511278758793914
2026-09-18T19:01:39.462424+00:00,8.194356600000901,21,1,hold,21,0.4,False,0.39990234375,0.0,0.46566128730773926,dc,out1,0.0,4,62.79375267499927,62.93791391299965,54.59939607499837,0.39990234375,0.1495361328125,-0.0091552734375,4711267.0,-0.6854819,0.2475804,0.17466319358931862,-0.8623823119322754,0.4751731440975215,0.9069458,0.0008127752,77816.0,9584.0,30848.0,0.01678743,0.5036110770996473
2026-09-18T19:01:39.462424+00:00,8.194356600000901,21,1,hold,21,0.4,False,0.39990234375,0.0,0.46566128730773926,dc,out1,0.0,5,62.93807417199969,63.081638073999784,54.743717571998786,0.39990234375,0.1495361328125,-0.0091552734375,4711401.0,-0.6911508,0.2324961,0.16748538450719216,-0.8779931034577056,0.4484158296237818,0.919451,0.0008163965,77832.0,9808.0,31040.0,0.01676992,0.4721932812019135
2026-09-18T19:01:39.462424+00:00,8.194356600000901,21,1,hold,21,0.4,False,0.39990234375,0.0,0.46566128730773926,dc,out1,0.0,6,63.0817799790002,63.22502460400028,54.8874233789993,0.39990234375,0.1495361328125,-0.0091552734375,4711552.0,-0.6976505,0.2919066,0.14567701225646812,-0.8215511222749989,0.5512095441741902,0.8849786,0.0008301027,77850.0,8784.0,31280.0,0.01674067,0.5909535829709633
2026-09-18T19:01:39.462424+00:00,8.194356600000901,21,1,hold,21,0.4,False,0.39990234375,0.0,0.46566128730773926,dc,out1,0.0,7,63.22526500300046,63.36888821499997,55.03090840299956,0.39990234375,0.1495361328125,-0.0091552734375,4711686.0,-0.699885,0.2818405,0.14386380452344333,-0.8329617552574968,0.5343013382225339,0.8925878,0.0008302772,77866.0,9072.0,31104.0,0.01676992,0.5703394907332904
2026-09-18T19:01:39.462424+00:00,8.194356600000901,21,1,hold,21,0.4,False,0.39990234375,0.0,0.46566128730773926,dc,out1,0.0,8,63.3691012929994,63.51307543099938,55.1747446929985,0.39990234375,0.1495361328125,-0.0091552734375,4711837.0,-0.6956856,0.25682,0.15543528421731062,-0.856979735982447,0.49135079580248886,0.89772,0.0008269021,77884.0,9232.0,30944.0,0.0167399,0.5205946627224166
2026-09-18T19:01:39.462424+00:00,8.194356600000901,21,1,hold,21,0.4,False,0.39990234375,0.0,0.46566128730773926,dc,out1,0.0,9,63.513256649999676,63.6569308069993,55.318900049998774,0.39990234375,0.1495361328125,-0.0091552734375,4711987.0,-0.6866287,0.2392902,0.17420718964805024,-0.8703870490222272,0.46051953266860174,0.9018624,0.0008125079,77902.0,9808.0,31072.0,0.01676513,0.48665366278291017
2026-09-18T19:01:41.987736+00:00,8.194356600000901,22,1,hold,22,0.4,False,0.39990234375,0.0,0.46566128730773926,dc,out1,0.0,0,64.7352190950005,64.8787304969992,56.5408624949996,0.39990234375,0.148681640625,-0.0091552734375,4713207.0,-0.7045546,0.2128856,0.14661102206130552,-0.8988420336240315,0.4130232521308635,0.8837594,0.0008267021,78048.0,10048.0,30384.0,0.01667172,0.4307308880711777
2026-09-18T19:01:41.987736+00:00,8.194356600000901,22,1,hold,22,0.4,False,0.39990234375,0.0,0.46566128730773926,dc,out1,0.0,1,64.87888411399945,65.02269378200072,56.684527513998546,0.39990234375,0.148681640625,-0.0091552734375,4713340.0,-0.6892199,0.2011806,0.17590524882887035,-0.9031683114925178,0.3915920639520258,0.9096558,0.0008105647,78064.0,10448.0,30208.0,0.01664787,0.4091120767887928
2026-09-18T19:01:41.987736+00:00,8.194356600000901,22,1,hold,22,0.4,False,0.39990234375,0.0,0.46566128730773926,dc,out1,0.0,2,65.02283595799963,65.1659343880001,56.82847935799873,0.39990234375,0.148681640625,-0.0091552734375,4713490.0,-0.7079938,0.1968201,0.14239842141074638,-0.9124746479471817,0.38355274270091483,0.8700536,0.0008298153,78082.0,10560.0,30000.0,0.01665817,0.39791990680325695
2026-09-18T19:01:41.987736+00:00,8.194356600000901,22,1,hold,22,0.4,False,0.39990234375,0.0,0.46566128730773926,dc,out1,0.0,3,65.16610457599927,65.3097719189991,56.97174797599837,0.39990234375,0.148681640625,-0.0091552734375,4713640.0,-0.7035993,0.2068907,0.14912393812223004,-0.9033815202961654,0.4020744705478157,0.8802652,0.0008243607,78100.0,10128.0,29936.0,0.01669063,0.4187525455212123
2026-09-18T19:01:41.987736+00:00,8.194356600000901,22,1,hold,22,0.4,False,0.39990234375,0.0,0.46566128730773926,dc,out1,0.0,4,65.30993255899921,65.45388751999963,57.115575958998306,0.39990234375,0.148681640625,-0.0091552734375,4713774.0,-0.7109904,0.2082813,0.13558784148972455,-0.90437773067278,0.4046193983279963,0.8969942,0.0008296916,78116.0,10000.0,30608.0,0.01667487,0.4206904001253192
2026-09-18T19:01:41.987736+00:00,8.194356600000901,22,1,hold,22,0.4,False,0.39990234375,0.0,0.46566128730773926,dc,out1,0.0,5,65.45402754099996,65.59779019300004,57.25967094099906,0.39990234375,0.148681640625,-0.0091552734375,4713924.0,-0.7029733,0.2160705,0.14901819543558315,-0.8957604505955802,0.41881594116977616,0.901683,0.0008261719,78134.0,10112.0,30400.0,0.01669875,0.43735515804887887
2026-09-18T19:01:41.987736+00:00,8.194356600000901,22,1,hold,22,0.4,False,0.39990234375,0.0,0.46566128730773926,dc,out1,0.0,6,65.59797159200025,65.74094593900008,57.40361499199935,0.39990234375,0.148681640625,-0.0091552734375,4714074.0,-0.6909836,0.2251874,0.1689913789809748,-0.8842811881672742,0.43530299112639054,0.9008784,0.0008153817,78152.0,10000.0,30480.0,0.01673852,0.45744258821910777
2026-09-18T19:01:41.987736+00:00,8.194356600000901,22,1,hold,22,0.4,False,0.39990234375,0.0,0.46566128730773926,dc,out1,0.0,7,65.7410702420002,65.88569889999962,57.546713641999304,0.39990234375,0.148681640625,-0.0091552734375,4714208.0,-0.697076,0.2179361,0.1592970052143319,-0.8923959882520538,0.42220121302689956,0.8728076,0.0008227615,78168.0,9648.0,29824.0,0.01676793,0.44190490527188403
2026-09-18T19:01:41.987736+00:00,8.194356600000901,22,1,hold,22,0.4,False,0.39990234375,0.0,0.46566128730773926,dc,out1,0.0,8,65.88582841199968,66.0289901289998,57.69147181199878,0.39990234375,0.148681640625,-0.0091552734375,4714359.0,-0.7097683,0.2364246,0.1341497331820841,-0.8801091930346818,0.455424700058107,0.8814176,0.0008339734,78186.0,9664.0,30416.0,0.01678272,0.4775208880868032
2026-09-18T19:01:41.987736+00:00,8.194356600000901,22,1,hold,22,0.4,False,0.39990234375,0.0,0.46566128730773926,dc,out1,0.0,9,66.02918608599975,66.17285858700052,57.83482948599885,0.39990234375,0.148681640625,-0.0091552734375,4714493.0,-0.7020657,0.2371507,0.1475816642383828,-0.8772851105049149,0.45671707573399145,0.90984,0.0008259198,78202.0,9488.0,30976.0,0.016774,0.47999366288668177
2026-09-18T19:01:44.503642+00:00,8.194356600000901,23,1,hold,23,0.4,False,0.39990234375,0.0,0.46566128730773926,dc,out1,0.0,0,67.26442184100051,67.40881731199988,59.07006524099961,0.39990234375,0.148193359375,-0.0091552734375,4715730.0,-0.70688,0.2388648,0.1388822439728178,-0.8771138153984583,0.4597641538291495,0.872503,0.0008312807,78350.0,9520.0,30480.0,0.0167721,0.4828027408605179
2026-09-18T19:01:44.503642+00:00,8.194356600000901,23,1,hold,23,0.4,False,0.39990234375,0.0,0.46566128730773926,dc,out1,0.0,1,67.40899373200045,67.5530117090002,59.21463713199955,0.39990234375,0.148193359375,-0.0091552734375,4715881.0,-0.7017971,0.2239666,0.15000543590264864,-0.8887742533834289,0.43310356235245284,0.893972,0.0008233958,78368.0,9472.0,30672.0,0.01679403,0.45343960515815623
2026-09-18T19:01:44.503642+00:00,8.194356600000901,23,1,hold,23,0.4,False,0.39990234375,0.0,0.46566128730773926,dc,out1,0.0,2,67.55323573699934,67.69598640600088,59.35887913699844,0.39990234375,0.148193359375,-0.0091552734375,4716015.0,-0.7018413,0.2306891,0.1489447529498039,-0.8829653964968148,0.44518262450138874,0.8707552,0.0008263579,78384.0,9776.0,30768.0,0.01682382,0.4669942599781358
2026-09-18T19:01:44.503642+00:00,8.194356600000901,23,1,hold,23,0.4,False,0.39990234375,0.0,0.46566128730773926,dc,out1,0.0,3,67.6961264370002,67.84016843800055,59.5017698369993,0.39990234375,0.148193359375,-0.0091552734375,4716167.0,-0.7190648,0.2217266,0.11948337826420188,-0.8953380380299973,0.4290612077258542,0.8853504,0.000839523,78402.0,10160.0,30672.0,0.01681058,0.4468834016137351
2026-09-18T19:01:44.503642+00:00,8.194356600000901,23,1,hold,23,0.4,False,0.39990234375,0.0,0.46566128730773926,dc,out1,0.0,4,67.84033874600027,67.9829765329996,59.64598214599937,0.39990234375,0.148193359375,-0.0091552734375,4716301.0,-0.7130673,0.2001372,0.13276262354928417,-0.9113344860706473,0.3896710667815361,0.8749084,0.000831902,78418.0,9840.0,29744.0,0.01674617,0.4040563738533723
2026-09-18T19:01:44.503642+00:00,8.194356600000901,23,1,hold,23,0.4,False,0.39990234375,0.0,0.46566128730773926,dc,out1,0.0,5,67.98317161799969,68.12685043999954,59.788815017998786,0.39990234375,0.148193359375,-0.0091552734375,4716452.0,-0.7032271,0.1932238,0.1515382317708646,-0.9137736430539064,0.37690037618945366,0.899759,0.000823048,78436.0,10336.0,30352.0,0.01674725,0.39120635143018784
2026-09-18T19:01:44.503642+00:00,8.194356600000901,23,1,hold,23,0.4,False,0.39990234375,0.0,0.46566128730773926,dc,out1,0.0,6,68.1270091259994,68.27013597699988,59.93265252599849,0.39990234375,0.148193359375,-0.0091552734375,4716602.0,-0.6868777,0.1949564,0.18107443456047098,-0.9070447280669873,0.38010776160779813,0.9041804,0.0008092731,78454.0,10320.0,30432.0,0.01676838,0.3968301739655817
2026-09-18T19:01:44.503642+00:00,8.194356600000901,23,1,hold,23,0.4,False,0.39990234375,0.0,0.46566128730773926,dc,out1,0.0,7,68.27030688599916,68.41467442499925,60.07595028599826,0.39990234375,0.148193359375,-0.0091552734375,4716736.0,-0.709909,0.1872438,0.1399815823960312,-0.9201079667944777,0.3657956889183298,0.9012822,0.0008264606,78470.0,10512.0,29952.0,0.01675703,0.37839887601879024
2026-09-18T19:01:44.503642+00:00,8.194356600000901,23,1,hold,23,0.4,False,0.39990234375,0.0,0.46566128730773926,dc,out1,0.0,8,68.41484231899994,68.55776470700039,60.22048571899904,0.39990234375,0.148193359375,-0.0091552734375,4716887.0,-0.7040842,0.1870125,0.1507181133075573,-0.9185817255782113,0.365365110204527,0.8824464,0.0008228719,78488.0,10448.0,29776.0,0.01666957,0.37856449348089954
2026-09-18T19:01:44.503642+00:00,8.194356600000901,23,1,hold,23,0.4,False,0.39990234375,0.0,0.46566128730773926,dc,out1,0.0,9,68.5579033869999,68.70217987499927,60.363546786998995,0.39990234375,0.148193359375,-0.0091552734375,4717020.0,-0.6990061,0.1814515,0.16072820250822967,-0.9209499393474446,0.35498965355966594,0.925697,0.0008168334,78504.0,10432.0,30144.0,0.01669812,0.36790967282424136
2026-09-18T19:01:47.033114+00:00,8.194356600000901,24,1,hold,24,0.4,False,0.39990234375,0.0,0.46566128730773926,dc,out1,0.0,0,69.78179524000006,69.92596471700017,61.587438639999164,0.39990234375,0.1495361328125,-0.0091552734375,4718258.0,-0.6866962,0.1865484,0.18263157853159154,-0.9131181645422023,0.3645009246986058,0.9012786,0.0008078577,78652.0,10688.0,30096.0,0.01674155,0.3798015627471146
2026-09-18T19:01:47.033114+00:00,8.194356600000901,24,1,hold,24,0.4,False,0.39990234375,0.0,0.46566128730773926,dc,out1,0.0,1,69.92614733799928,70.06881950800016,61.73179073799838,0.39990234375,0.1495361328125,-0.0091552734375,4718392.0,-0.7062934,0.1927143,0.14599204232263402,-0.9150645676554655,0.37595632804886026,0.9029798,0.0008245519,78668.0,10480.0,29936.0,0.01672402,0.3898266084520252
2026-09-18T19:01:47.033114+00:00,8.194356600000901,24,1,hold,24,0.4,False,0.39990234375,0.0,0.46566128730773926,dc,out1,0.0,2,70.06902809799976,70.21182324700021,61.87467149799886,0.39990234375,0.1495361328125,-0.0091552734375,4718542.0,-0.6896374,0.1940056,0.17620263027089503,-0.9087382838979595,0.37834820531331953,0.9113318,0.0008099454,78686.0,10336.0,29952.0,0.01674615,0.3945165971294887
2026-09-18T19:01:47.033114+00:00,8.194356600000901,24,1,hold,24,0.4,False,0.39990234375,0.0,0.46566128730773926,dc,out1,0.0,3,70.21195830900069,70.35673378899992,62.01760170899979,0.39990234375,0.1495361328125,-0.0091552734375,4718676.0,-0.7153748,0.2066157,0.12783986237063105,-0.9068615337268415,0.4015708259269574,0.8614918,0.0008349679,78702.0,9920.0,29696.0,0.01672248,0.4168618559129756
2026-09-18T19:01:47.033114+00:00,8.194356600000901,24,1,hold,24,0.4,False,0.39990234375,0.0,0.46566128730773926,dc,out1,0.0,4,70.35689391800042,70.49997082399932,62.16253731799952,0.39990234375,0.1495361328125,-0.0091552734375,4718827.0,-0.7085668,0.2109161,0.13964164023886244,-0.9015902908303709,0.40943272926307106,0.8787412,0.0008306527,78720.0,10128.0,30160.0,0.01676065,0.4262771753416898
2026-09-18T19:01:47.033114+00:00,8.194356600000901,24,1,hold,24,0.4,False,0.39990234375,0.0,0.46566128730773926,dc,out1,0.0,5,70.5001493969994,70.64478195899937,62.3057927969985,0.39990234375,0.1495361328125,-0.0091552734375,4718978.0,-0.70422,0.2145591,0.1469882152791677,-0.8973744795569665,0.4160691144616585,0.9083848,0.0008255618,78738.0,10000.0,30800.0,0.01678183,0.43414842613515636
2026-09-18T19:01:47.033114+00:00,8.194356600000901,24,1,hold,24,0.4,False,0.39990234375,0.0,0.46566128730773926,dc,out1,0.0,6,70.64492483600043,70.788901893,62.450568235999526,0.39990234375,0.1495361328125,-0.0091552734375,4719111.0,-0.7095633,0.2208442,0.13658908312262635,-0.8936531010965068,0.4274664399368879,0.8733822,0.0008319343,78754.0,9872.0,30448.0,0.01672425,0.44616668281980987
2026-09-18T19:01:47.033114+00:00,8.194356600000901,24,1,hold,24,0.4,False,0.39990234375,0.0,0.46566128730773926,dc,out1,0.0,7,70.78911767600039,70.93380558100034,62.594761075999486,0.39990234375,0.1495361328125,-0.0091552734375,4719262.0,-0.7072175,0.1984686,0.1436172504136873,-0.9109983583658589,0.3865954945913394,0.9022494,0.0008276267,78772.0,10240.0,30368.0,0.01674397,0.4013323726508968
2026-09-18T19:01:47.033114+00:00,8.194356600000901,24,1,hold,24,0.4,False,0.39990234375,0.0,0.46566128730773926,dc,out1,0.0,8,70.93397001800076,71.07872386599956,62.73961341799986,0.39990234375,0.1495361328125,-0.0091552734375,4719396.0,-0.7006042,0.2154368,0.1533502634835432,-0.8955667936677494,0.4176647157340381,0.8711012,0.0008261969,78788.0,10048.0,30448.0,0.01673452,0.43638281294485526
2026-09-18T19:01:47.033114+00:00,8.194356600000901,24,1,hold,24,0.4,False,0.39990234375,0.0,0.46566128730773926,dc,out1,0.0,9,71.07886786500057,71.22268071500002,62.884511264999674,0.39990234375,0.1495361328125,-0.0091552734375,4719546.0,-0.707896,0.2181033,0.1399279616673678,-0.8954944231939153,0.4225043237319742,0.8764064,0.0008288244,78806.0,9568.0,30224.0,0.01672098,0.44084337148129615
2026-09-18T19:01:49.553480+00:00,8.194356600000901,25,1,hold,25,0.4,False,0.39990234375,0.0,0.46566128730773926,dc,out1,0.0,0,72.30753975100015,72.45179661899965,64.11318315099925,0.39990234375,0.1490478515625,-0.0091552734375,4720780.0,-0.6883098,0.1839029,0.18005343624221393,-0.9155823293881514,0.35956885044388587,0.9089194,0.000807933,78954.0,10160.0,29568.0,0.01628532,0.374216088897763
2026-09-18T19:01:49.553480+00:00,8.194356600000901,25,1,hold,25,0.4,False,0.39990234375,0.0,0.46566128730773926,dc,out1,0.0,1,72.45194294300018,72.59661372499977,64.25758634299928,0.39990234375,0.1490478515625,-0.0091552734375,4720926.0,-0.705164,0.1902639,0.148351230293504,-0.9165402900309665,0.37141056692069985,0.8945,0.0008237547,78972.0,10288.0,30160.0,0.01620613,0.3850077367916703
2026-09-18T19:01:49.553480+00:00,8.194356600000901,25,1,hold,25,0.4,False,0.39990234375,0.0,0.46566128730773926,dc,out1,0.0,2,72.59675283499928,72.73987061499975,64.40239623499838,0.39990234375,0.1490478515625,-0.0091552734375,4721073.0,-0.6925668,0.1981304,0.17029354183754522,-0.9066565149681363,0.38597159671957465,0.8994534,0.0008142579,78990.0,10112.0,29632.0,0.01644017,0.40247079791739726
2026-09-18T19:01:49.553480+00:00,8.194356600000901,25,1,hold,25,0.4,False,0.39990234375,0.0,0.46566128730773926,dc,out1,0.0,3,72.74000734999936,72.88278893200004,64.54565074999846,0.39990234375,0.1490478515625,-0.0091552734375,4721204.0,-0.6853135,0.17574,0.18667932470008064,-0.920117822497657,0.34428770302131356,0.9274508,0.0008033513,79006.0,10096.0,29712.0,0.01648678,0.358049681186714
2026-09-18T19:01:49.553480+00:00,8.194356600000901,25,1,hold,25,0.4,False,0.39990234375,0.0,0.46566128730773926,dc,out1,0.0,4,72.88292479600022,73.02679359799913,64.68856819599932,0.39990234375,0.1490478515625,-0.0091552734375,4721353.0,-0.6951165,0.1845296,0.16749188176145446,-0.9175044768174067,0.3607381384938717,0.8967088,0.0008143683,79024.0,10160.0,29824.0,0.01662765,0.37460735549110874
2026-09-18T19:01:49.553480+00:00,8.194356600000901,25,1,hold,25,0.4,False,0.39990234375,0.0,0.46566128730773926,dc,out1,0.0,5,73.02694746599991,73.16997149999952,64.83259086599901,0.39990234375,0.1490478515625,-0.0091552734375,4721504.0,-0.6895238,0.1699714,0.17966991849088446,-0.9254950265570014,0.3334331660284174,0.8850738,0.0008105031,79042.0,10880.0,29056.0,0.01675617,0.3457994341556898
2026-09-18T19:01:49.553480+00:00,8.194356600000901,25,1,hold,25,0.4,False,0.39990234375,0.0,0.46566128730773926,dc,out1,0.0,6,73.17013334299918,73.3128471580003,64.97577674299828,0.39990234375,0.1490478515625,-0.0091552734375,4721637.0,-0.6892872,0.1458134,0.18297415139179796,-0.9401372492537231,0.28751071717084603,0.9345542,0.0008042199,79058.0,11024.0,29440.0,0.01671097,0.29678565402198165
2026-09-18T19:01:49.553480+00:00,8.194356600000901,25,1,hold,25,0.4,False,0.39990234375,0.0,0.46566128730773926,dc,out1,0.0,7,73.31299864100038,73.4557774570003,65.11864204099948,0.39990234375,0.1490478515625,-0.0091552734375,4721788.0,-0.704051,0.1543505,0.15432070390829877,-0.940147721989711,0.30382129810598274,0.8854426,0.0008201775,79076.0,10864.0,29552.0,0.01667168,0.31256982654289983
2026-09-18T19:01:49.553480+00:00,8.194356600000901,25,1,hold,25,0.4,False,0.39990234375,0.0,0.46566128730773926,dc,out1,0.0,8,73.45593598300002,73.60013793899998,65.26157938299912,0.39990234375,0.1490478515625,-0.0091552734375,4721921.0,-0.7087486,0.1587892,0.1450635678577996,-0.9388535026572253,0.3122669720425537,0.874158,0.0008250781,79092.0,11072.0,28912.0,0.01668173,0.3210945302955309
2026-09-18T19:01:49.553480+00:00,8.194356600000901,25,1,hold,25,0.4,False,0.39990234375,0.0,0.46566128730773926,dc,out1,0.0,9,73.6003756329992,73.74474289600039,65.4060190329983,0.39990234375,0.1490478515625,-0.0091552734375,4722071.0,-0.7039688,0.1381052,0.15599398877575688,-0.9493651707776563,0.27271165721351304,0.9088714,0.0008191769,79110.0,11264.0,29328.0,0.01667737,0.2797252300251405
2026-09-18T19:01:52.075528+00:00,8.194356600000901,26,1,hold,26,0.4,False,0.39990234375,0.0,0.46566128730773926,dc,out1,0.0,0,74.8342728030002,74.97695839299922,66.6399162029993,0.39990234375,0.1485595703125,-0.0091552734375,4723304.0,-0.70273,0.2175076,0.14925531790177557,-0.894496789121805,0.42142418574260915,0.9104784,0.0008233362,79258.0,9600.0,30336.0,0.01661642,0.4402859521524002
2026-09-18T19:01:52.075528+00:00,8.194356600000901,26,1,hold,26,0.4,False,0.39990234375,0.0,0.46566128730773926,dc,out1,0.0,1,74.97713647599994,75.11989469199943,66.78277987599904,0.39990234375,0.1485595703125,-0.0091552734375,4723454.0,-0.692561,0.2232585,0.16650959144246422,-0.886453780382364,0.43182664485124006,0.9082268,0.000818204,79276.0,9808.0,30320.0,0.01665048,0.4533063724718824
2026-09-18T19:01:52.075528+00:00,8.194356600000901,26,1,hold,26,0.4,False,0.39990234375,0.0,0.46566128730773926,dc,out1,0.0,2,75.12003170800017,75.26299210199977,66.92567510799927,0.39990234375,0.1485595703125,-0.0091552734375,4723587.0,-0.7071642,0.2353096,0.13888959341140664,-0.8803995839275537,0.4534382576075869,0.8890164,0.0008308801,79292.0,9872.0,30832.0,0.01668247,0.47560462371254136
2026-09-18T19:01:52.075528+00:00,8.194356600000901,26,1,hold,26,0.4,False,0.39990234375,0.0,0.46566128730773926,dc,out1,0.0,3,75.2632257589994,75.40671749600006,67.0688691589985,0.39990234375,0.1485595703125,-0.0091552734375,4723723.0,-0.7071453,0.2412774,0.1380694327521639,-0.87498583983128,0.4640437606888442,0.8684308,0.0008323336,79308.0,9664.0,30144.0,0.01715583,0.48762734368395955
2026-09-18T19:01:52.075528+00:00,8.194356600000901,26,1,hold,26,0.4,False,0.39990234375,0.0,0.46566128730773926,dc,out1,0.0,4,75.4068666940002,75.55087282199929,67.2125100939993,0.39990234375,0.1485595703125,-0.0091552734375,4723878.0,-0.7083463,0.2509461,0.13456461804165715,-0.8662847998211453,0.4810852410645551,0.8595108,0.0008350576,79326.0,9856.0,30208.0,0.01725302,0.5069361018015676
2026-09-18T19:01:52.075528+00:00,8.194356600000901,26,1,hold,26,0.4,False,0.39990234375,0.0,0.46566128730773926,dc,out1,0.0,5,75.55104583499997,75.69478765900021,67.35668923499907,0.39990234375,0.1485595703125,-0.0091552734375,4724016.0,-0.7003226,0.2239186,0.15263281485214653,-0.8883689967686523,0.433017031316978,0.909197,0.0008239224,79342.0,9680.0,30336.0,0.01708963,0.4535405277403096
2026-09-18T19:01:52.075528+00:00,8.194356600000901,26,1,hold,26,0.4,False,0.39990234375,0.0,0.46566128730773926,dc,out1,0.0,6,75.69492832200012,75.83789943500051,67.50057172199922,0.39990234375,0.1485595703125,-0.0091552734375,4724168.0,-0.6933866,0.2250298,0.16476468720531803,-0.8852179920752314,0.43501919998596505,0.9059038,0.0008167034,79360.0,9984.0,30272.0,0.01686527,0.4567649697514077
2026-09-18T19:01:52.075528+00:00,8.194356600000901,26,1,hold,26,0.4,False,0.39990234375,0.0,0.46566128730773926,dc,out1,0.0,7,75.83813092799937,75.98190733500087,67.64377432799847,0.39990234375,0.1485595703125,-0.0091552734375,4724303.0,-0.714662,0.2275614,0.12664798920346718,-0.8892334908569725,0.43957261694632566,0.8898132,0.0008359586,79376.0,9792.0,30608.0,0.01687507,0.459099364052143
2026-09-18T19:01:52.075528+00:00,8.194356600000901,26,1,hold,26,0.4,False,0.39990234375,0.0,0.46566128730773926,dc,out1,0.0,8,75.98208255300051,76.12502526299977,67.78772595299961,0.39990234375,0.1485595703125,-0.0091552734375,4724455.0,-0.7052573,0.2168262,0.14482363146467842,-0.895805909110334,0.42018792102152475,0.9044118,0.0008278603,79394.0,9936.0,30224.0,0.016872,0.43859178408260435
2026-09-18T19:01:52.075528+00:00,8.194356600000901,26,1,hold,26,0.4,False,0.39990234375,0.0,0.46566128730773926,dc,out1,0.0,9,76.1251692120004,76.26790361299936,67.9308126119995,0.39990234375,0.1485595703125,-0.0091552734375,4724590.0,-0.7187892,0.222115,0.11993256460011298,-0.8949414310814205,0.4297627425480001,0.8701014,0.0008410934,79410.0,9600.0,30336.0,0.0168768,0.4476932868650361
2026-09-18T19:01:54.598763+00:00,8.194356600000901,27,1,hold,27,0.4,False,0.39990234375,0.0,0.46566128730773926,dc,out1,0.0,0,77.35265393400005,77.49690120000014,69.15829733399914,0.39990234375,0.1495361328125,-0.0091552734375,4725822.0,-0.7140408,0.1723964,0.1338598435595368,-0.9315773758363505,0.3380016791557036,0.881856,0.0008288998,79556.0,10688.0,29696.0,0.01688143,0.3480562199443913
2026-09-18T19:01:54.598763+00:00,8.194356600000901,27,1,hold,27,0.4,False,0.39990234375,0.0,0.46566128730773926,dc,out1,0.0,1,77.49712717200055,77.63996987499922,69.30277057199964,0.39990234375,0.1495361328125,-0.0091552734375,4725959.0,-0.7175218,0.174305,0.12719546927130873,-0.9312015839335235,0.34159174854868607,0.8956342,0.0008317544,79572.0,10368.0,29744.0,0.01715427,0.3515878840706071
2026-09-18T19:01:54.598763+00:00,8.194356600000901,27,1,hold,27,0.4,False,0.39990234375,0.0,0.46566128730773926,dc,out1,0.0,2,77.6401485690003,77.78471424999952,69.4457919689994,0.39990234375,0.1495361328125,-0.0091552734375,4726113.0,-0.7023388,0.1579989,0.15716846294226214,-0.9374023552815052,0.3107650214696845,0.900866,0.0008189348,79590.0,10736.0,29312.0,0.01720597,0.32011516151560093
2026-09-18T19:01:54.598763+00:00,8.194356600000901,27,1,hold,27,0.4,False,0.39990234375,0.0,0.46566128730773926,dc,out1,0.0,3,77.78486145500028,77.92780606700035,69.59050485499938,0.39990234375,0.1495361328125,-0.0091552734375,4726250.0,-0.7010166,0.1575996,0.1596884109894608,-0.9372278142778366,0.31000586371817207,0.8997322,0.0008189642,79606.0,10896.0,29248.0,0.01709582,0.31944084013823343
2026-09-18T19:01:54.598763+00:00,8.194356600000901,27,1,hold,27,0.4,False,0.39990234375,0.0,0.46566128730773926,dc,out1,0.0,4,77.92792919699968,78.07183219900071,69.73357259699878,0.39990234375,0.1495361328125,-0.0091552734375,4726403.0,-0.6967528,0.1609471,0.16730501632211683,-0.9337680802240884,0.316364036938582,0.900052,0.0008136184,79624.0,10832.0,29424.0,0.01692892,0.326665736456585
2026-09-18T19:01:54.598763+00:00,8.194356600000901,27,1,hold,27,0.4,False,0.39990234375,0.0,0.46566128730773926,dc,out1,0.0,5,78.07200910000029,78.21485194200068,69.87765249999939,0.39990234375,0.1495361328125,-0.0091552734375,4726539.0,-0.6981788,0.1795531,0.1624845377941181,-0.9220034688942205,0.3514375880933286,0.8705966,0.000820417,79640.0,10688.0,30160.0,0.01695057,0.3641666393271026
2026-09-18T19:01:54.598763+00:00,8.194356600000901,27,1,hold,27,0.4,False,0.39990234375,0.0,0.46566128730773926,dc,out1,0.0,6,78.21499376700012,78.35786017200007,70.02063716699922,0.39990234375,0.1495361328125,-0.0091552734375,4726691.0,-0.6989186,0.1848733,0.16046750564853549,-0.9185070909508571,0.3613791686081683,0.8829074,0.0008196424,79658.0,10992.0,29808.0,0.01677102,0.3748400832622823
2026-09-18T19:01:54.598763+00:00,8.194356600000901,27,1,hold,27,0.4,False,0.39990234375,0.0,0.46566128730773926,dc,out1,0.0,7,78.35800201699931,78.50178482500087,70.1636454169984,0.39990234375,0.1495361328125,-0.0091552734375,4726825.0,-0.7141292,0.1909411,0.13182274961745188,-0.9185540350548462,0.37266774393252067,0.886369,0.0008307721,79674.0,10688.0,30080.0,0.01684077,0.3854201873833081
2026-09-18T19:01:54.598763+00:00,8.194356600000901,27,1,hold,27,0.4,False,0.39990234375,0.0,0.46566128730773926,dc,out1,0.0,8,78.50192776299991,78.64499848999913,70.30757116299901,0.39990234375,0.1495361328125,-0.0091552734375,4726977.0,-0.6972976,0.2129201,0.15963591940061123,-0.8965914648124333,0.41308609086075104,0.8770898,0.0008223229,79692.0,10256.0,30848.0,0.01678025,0.43174062762031784
2026-09-18T19:01:54.598763+00:00,8.194356600000901,27,1,hold,27,0.4,False,0.39990234375,0.0,0.46566128730773926,dc,out1,0.0,9,78.64519294300044,78.78776681199997,70.45083634299954,0.39990234375,0.1495361328125,-0.0091552734375,4727111.0,-0.7016217,0.2131732,0.15184125232107756,-0.8977321916412235,0.41354703019682326,0.8741174,0.0008250418,79708.0,10544.0,30288.0,0.01685938,0.43168124219733056
2026-09-18T19:01:57.118551+00:00,8.194356600000901,28,1,hold,28,0.4,False,0.39990234375,0.0,0.46566128730773926,dc,out1,0.0,0,79.86599865000062,80.00989968700014,71.67164204999972,0.39990234375,0.1485595703125,-0.0091552734375,4728329.0,-0.6985765,0.2474794,0.15203735776531002,-0.8667548762328645,0.4749953961569469,0.8795438,0.0008274906,79854.0,9776.0,30416.0,0.01665722,0.5013185825017306
2026-09-18T19:01:57.118551+00:00,8.194356600000901,28,1,hold,28,0.4,False,0.39990234375,0.0,0.46566128730773926,dc,out1,0.0,1,80.01009241700012,80.15379960199971,71.81573581699922,0.39990234375,0.1485595703125,-0.0091552734375,4728480.0,-0.6922996,0.2278094,0.16623849275371172,-0.8824674829536254,0.44001807355660627,0.9129902,0.000816621,79872.0,9568.0,30512.0,0.01671675,0.4625449393241769
2026-09-18T19:01:57.118551+00:00,8.194356600000901,28,1,hold,28,0.4,False,0.39990234375,0.0,0.46566128730773926,dc,out1,0.0,2,80.15394405199913,80.29675573399982,71.95958745199823,0.39990234375,0.1485595703125,-0.0091552734375,4728630.0,-0.7077789,0.2249666,0.13922780713805988,-0.8896476411020793,0.43490538327437744,0.8731742,0.0008305658,79890.0,9568.0,30336.0,0.01671995,0.4546889160651228
2026-09-18T19:01:57.118551+00:00,8.194356600000901,28,1,hold,28,0.4,False,0.39990234375,0.0,0.46566128730773926,dc,out1,0.0,3,80.29688937399987,80.44004209299965,72.10253277399897,0.39990234375,0.1485595703125,-0.0091552734375,4728764.0,-0.7052259,0.2231884,0.14401454675887848,-0.8904463821475822,0.4317001862891848,0.8778902,0.000827478,79906.0,9456.0,30336.0,0.01675283,0.4514245461785437
2026-09-18T19:01:57.118551+00:00,8.194356600000901,28,1,hold,28,0.4,False,0.39990234375,0.0,0.46566128730773926,dc,out1,0.0,4,80.44025123400024,80.58375159299976,72.24589463399934,0.39990234375,0.1485595703125,-0.0091552734375,4728915.0,-0.6890581,0.2106591,0.1747444213696605,-0.8956634707747443,0.4089637322794301,0.917985,0.0008109011,79924.0,10224.0,30624.0,0.01672107,0.42833241725425963
2026-09-18T19:01:57.118551+00:00,8.194356600000901,28,1,hold,28,0.4,False,0.39990234375,0.0,0.46566128730773926,dc,out1,0.0,5,80.58390635199976,80.72681663799995,72.38954975199886,0.39990234375,0.1485595703125,-0.0091552734375,4729049.0,-0.7051062,0.2118956,0.14574980459689738,-0.8998087296233139,0.41121921715022514,0.9052468,0.0008248923,79940.0,9888.0,30448.0,0.01670233,0.42866595078658964
2026-09-18T19:01:57.118551+00:00,8.194356600000901,28,1,hold,28,0.4,False,0.39990234375,0.0,0.46566128730773926,dc,out1,0.0,6,80.72696883199933,80.87103856400063,72.53261223199843,0.39990234375,0.1485595703125,-0.0091552734375,4729199.0,-0.6919713,0.2037139,0.17056189185425655,-0.9021615021647619,0.39624899376391765,0.9027576,0.0008129964,79958.0,10304.0,29888.0,0.01670543,0.4138547056331545
2026-09-18T19:01:57.118551+00:00,8.194356600000901,28,1,hold,28,0.4,False,0.39990234375,0.0,0.46566128730773926,dc,out1,0.0,7,80.87129132600057,81.0148912099994,72.67693472599967,0.39990234375,0.1485595703125,-0.0091552734375,4729332.0,-0.7071829,0.2080861,0.142495278906086,-0.9034749835218119,0.4042623524887501,0.9138016,0.0008259591,79974.0,9952.0,30656.0,0.01671363,0.42073360053856
2026-09-18T19:01:57.118551+00:00,8.194356600000901,28,1,hold,28,0.4,False,0.39990234375,0.0,0.46566128730773926,dc,out1,0.0,8,81.01504516800014,81.15904153200063,72.82068856799924,0.39990234375,0.1485595703125,-0.0091552734375,4729483.0,-0.6872967,0.21703,0.17686830679645732,-0.8898588509870333,0.4205577574733237,0.8862092,0.000813433,79992.0,10048.0,30352.0,0.01670528,0.4414979439278834
2026-09-18T19:01:57.118551+00:00,8.194356600000901,28,1,hold,28,0.4,False,0.39990234375,0.0,0.46566128730773926,dc,out1,0.0,9,81.15925254600006,81.30262609700003,72.96489594599916,0.39990234375,0.1485595703125,-0.0091552734375,4729633.0,-0.7103303,0.216146,0.13581286000477594,-0.8977935200524213,0.41895305513769177,0.8794664,0.000831167,80010.0,10016.0,30416.0,0.0166257,0.43661137810490647
2026-09-18T19:01:59.633399+00:00,8.194356600000901,29,1,hold,29,0.4,False,0.39990234375,0.0,0.46566128730773926,dc,out1,0.0,0,82.38865823299966,82.53098157100067,74.19430163299876,0.39990234375,0.1488037109375,-0.0091552734375,4730850.0,-0.7046887,0.2135859,0.14627683112396953,-0.8983094806456678,0.4142984017087687,0.880976,0.0008309518,80156.0,9616.0,30176.0,0.0164401,0.4321269429041876
2026-09-18T19:01:59.633399+00:00,8.194356600000901,29,1,hold,29,0.4,False,0.39990234375,0.0,0.46566128730773926,dc,out1,0.0,1,82.53120879500057,82.67397858699951,74.33685219499966,0.39990234375,0.1488037109375,-0.0091552734375,4730997.0,-0.6902958,0.2327207,0.16894840802448047,-0.8775075356345047,0.4488172905878875,0.8668696,0.0008156494,80174.0,9744.0,30176.0,0.01627267,0.47278010307713003
2026-09-18T19:01:59.633399+00:00,8.194356600000901,29,1,hold,29,0.4,False,0.39990234375,0.0,0.46566128730773926,dc,out1,0.0,2,82.67417744900013,82.81719448200056,74.47982084899922,0.39990234375,0.1488037109375,-0.0091552734375,4731143.0,-0.7019706,0.2194844,0.15033581429030715,-0.8926190805041538,0.4250062588499011,0.870366,0.0008296369,80192.0,10240.0,30288.0,0.016228,0.4443731404826325
2026-09-18T19:01:59.633399+00:00,8.194356600000901,29,1,hold,29,0.4,False,0.39990234375,0.0,0.46566128730773926,dc,out1,0.0,3,82.81738868499997,82.96100392600056,74.62303208499907,0.39990234375,0.1488037109375,-0.0091552734375,4731291.0,-0.7051374,0.211087,0.145799758452673,-0.9004731199237308,0.4097445432583143,0.8867342,0.0008248067,80210.0,10032.0,30016.0,0.01651138,0.4270310739707751
2026-09-18T19:01:59.633399+00:00,8.194356600000901,29,1,hold,29,0.4,False,0.39990234375,0.0,0.46566128730773926,dc,out1,0.0,4,82.9611838919991,83.10514301600051,74.7668272919982,0.39990234375,0.1488037109375,-0.0091552734375,4731423.0,-0.6907196,0.208356,0.1721199260713224,-0.8980797832179964,0.4047560178975961,0.8815104,0.0008160413,80226.0,9856.0,30144.0,0.01654593,0.42342799010730575
2026-09-18T19:01:59.633399+00:00,8.194356600000901,29,1,hold,29,0.4,False,0.39990234375,0.0,0.46566128730773926,dc,out1,0.0,5,83.105342629,83.25032995299989,74.9109860289991,0.39990234375,0.1488037109375,-0.0091552734375,4731572.0,-0.7112351,0.2085294,0.1351155354932362,-0.9042453000857164,0.40507311604359625,0.894872,0.0008313406,80244.0,9968.0,30624.0,0.01651963,0.4211629739423168
2026-09-18T19:01:59.633399+00:00,8.194356600000901,29,1,hold,29,0.4,False,0.39990234375,0.0,0.46566128730773926,dc,out1,0.0,6,83.25063088500065,83.3946820000001,75.05627428499974,0.39990234375,0.1488037109375,-0.0091552734375,4731721.0,-0.6875444,0.1990158,0.17925879014751145,-0.9042283900956852,0.38760457259920955,0.8861132,0.0008131363,80262.0,10000.0,29952.0,0.01651333,0.4049647718435002
2026-09-18T19:01:59.633399+00:00,8.194356600000901,29,1,hold,29,0.4,False,0.39990234375,0.0,0.46566128730773926,dc,out1,0.0,7,83.39484185900073,83.53973638000025,75.20048525899983,0.39990234375,0.1488037109375,-0.0091552734375,4731869.0,-0.6885599,0.1972126,0.17768982219639662,-0.9059564356733745,0.3842775868429069,0.9150778,0.0008099489,80280.0,10064.0,29872.0,0.01659478,0.40116559157617393
2026-09-18T19:01:59.633399+00:00,8.194356600000901,29,1,hold,29,0.4,False,0.39990234375,0.0,0.46566128730773926,dc,out1,0.0,8,83.53987880599925,83.68495120899934,75.34552220599835,0.39990234375,0.1488037109375,-0.0091552734375,4732003.0,-0.7316367,0.2166049,0.09740234666979464,-0.9023814540839101,0.41978624821285554,0.865192,0.0008526538,80296.0,10128.0,30544.0,0.01668897,0.4354206420509248
2026-09-18T19:01:59.633399+00:00,8.194356600000901,29,1,hold,29,0.4,False,0.39990234375,0.0,0.46566128730773926,dc,out1,0.0,9,83.68512584500058,83.82984789299917,75.49076924499968,0.39990234375,0.1488037109375,-0.0091552734375,4732153.0,-0.7044946,0.19919,0.14848619707051133,-0.9096513015170429,0.38792571315638147,0.9073586,0.0008269726,80314.0,10192.0,30336.0,0.01672642,0.40310274146836
