condition,elapsed_s,rp_out1_v,rp_out2_v,pd_mean_v,pd_std_v,pd_min_v,pd_max_v,pd_sample_count,pax_timestamp,pax_revisions,pax_adc_min,pax_adc_max,pax_rev_time,theta,eta,s1,s2,s3,dop,pax_ptotal,u,v
path_a_only,2.750377126998501,0.0,0.0,-0.0049759745597839,0.0009202177144847,-0.010009765625,-0.0018310546875,16384,225722.0,42.0,18064.0,36032.0,0.02650535,-0.02824822,0.05268032,0.99286804852574,-0.0561532670743466,0.1051658158032641,1.004167,0.0003086224,2.0612334839053705,0.1195026785431982
path_a_only,3.0001388509990647,0.0,0.0,-0.004997044801712,0.0009288006717124,-0.009033203125,-0.0018310546875,16384,225982.0,64.0,18064.0,36032.0,0.02192803,-0.0279382,0.05273064,0.9928921025434828,-0.055537047051827,0.1052658971915641,1.004232,0.0003086443,2.0562701464177757,0.1193007445163562
path_a_only,3.2501753800024744,0.0,0.0,-0.0049403384327888,0.0009498081326892,-0.0093994140625,-0.001220703125,16384,226245.0,90.0,18048.0,36016.0,0.0189111,-0.0277769,0.05275592,0.9929046518268874,-0.0552164415858309,0.1053161761512736,1.00408,0.0003087018,2.053688241116524,0.119195257844184
path_a_only,3.500420513999416,0.0,0.0,-0.0050452798604965,0.0009390848394292,-0.0091552734375,-0.0020751953125,16384,226492.0,118.0,18064.0,36032.0,0.01664607,-0.02758333,0.05259909,0.9929588882868984,-0.0548338630754935,0.1050042553055107,1.004019,0.0003087115,2.052050593247638,0.1187382847999495
path_a_only,3.750431697000749,0.0,0.0,-0.0049191489815711,0.0009048732447434,-0.0093994140625,-0.0020751953125,16384,226742.0,150.0,18064.0,36032.0,0.01506235,-0.02722726,0.05266495,0.9929838666114604,-0.0541259702216581,0.1051352462160899,1.00432,0.0003086603,2.0462313471964526,0.1185272384556133
path_a_only,4.000151250002091,0.0,0.0,-0.0049356371164321,0.000912777366112,-0.0087890625,-0.0018310546875,16384,226983.0,182.0,18064.0,36032.0,0.0149659,-0.02726238,0.05268607,0.992975627154818,-0.0541954752067794,0.1051772520253646,1.004155,0.0003086868,2.0465911313108567,0.1185968964174805
path_a_only,4.250434264002251,0.0,0.0,-0.004946269094944,0.0009366720726084,-0.0096435546875,-0.0018310546875,16384,227238.0,216.0,18064.0,36032.0,0.01534747,-0.02727755,0.05272654,0.9929654787730532,-0.0542251376849604,0.1052577427463109,1.00433,0.0003086787,2.046502447421842,0.118682636876073
path_a_only,4.500394825998228,0.0,0.0,-0.0049541220068931,0.0009182610691161,-0.0096435546875,-0.001708984375,16384,227491.0,248.0,18064.0,36032.0,0.0158127,-0.0273661,0.05268355,0.9929648927679388,-0.0544014859013479,0.1051722399784344,1.004223,0.0003087063,2.048157097476161,0.1186875859647281
path_a_only,4.750399660988478,0.0,0.0,-0.0050011128187179,0.0009372403244978,-0.0091552734375,-0.001953125,16384,227730.0,278.0,18064.0,36032.0,0.01614798,-0.02739413,0.05265993,0.9929668012339972,-0.054457423437315,0.1051252618531464,1.004318,0.0003087092,2.048759056295623,0.1186714673168423
path_a_only,5.000138048999361,0.0,0.0,-0.0049728527665138,0.0009323048048953,-0.0089111328125,-0.001708984375,16384,227975.0,308.0,18064.0,36032.0,0.01638073,-0.02747649,0.05269646,0.9929501460285246,-0.0546205621922,0.1051979167461967,1.004282,0.0003087177,2.0496991956592243,0.1188120615608577
path_a_only,5.250424885991379,0.0,0.0,-0.0049417242407798,0.0009255698101853,-0.00927734375,-0.002197265625,16384,228240.0,340.0,18064.0,36032.0,0.01657973,-0.02749104,0.05267499,0.9929530656067762,-0.054649705207791,0.1051552149101825,1.004394,0.0003087621,2.0500834870644398,0.118787428030705
path_a_only,5.500419750998844,0.0,0.0,-0.0049376189708709,0.0009311472780238,-0.0089111328125,-0.001708984375,16384,228491.0,370.0,18064.0,36032.0,0.01677645,-0.02752641,0.05265947,0.9929524557966526,-0.0547201261471276,0.1051243469508327,1.00428,0.000308767,2.0507308472840577,0.1187925736377614
path_a_only,5.75038911899901,0.0,0.0,-0.0050143003463745,0.0009301979541751,-0.00927734375,-0.0018310546875,16384,228743.0,400.0,18080.0,36032.0,0.01677957,-0.02751439,0.0526599,0.992953680711104,-0.0546962505817873,0.1051252021856069,1.004184,0.0003087653,2.0505488005302253,0.1187822375261439
path_a_only,6.0001348160003545,0.0,0.0,-0.004948504269123,0.0009292909846046,-0.009521484375,-0.0018310546875,16384,228977.0,428.0,18064.0,36032.0,0.01665637,-0.02758909,0.05268134,0.9929409961887324,-0.0548443485960177,0.1051678444906341,1.004468,0.0003086907,2.051490523597515,0.1188892291378021
path_a_only,6.250406533989008,0.0,0.0,-0.0049617886543273,0.0009409745967108,-0.0091552734375,-0.0015869140625,16384,229244.0,460.0,18064.0,36032.0,0.01673628,-0.0275937,0.05262525,0.992952264001336,-0.0548541539200539,0.1050562859249075,1.004385,0.0003087447,2.051999136348924,0.1187941919699783
path_a_only,6.500432834989624,0.0,0.0,-0.0049532204866409,0.000934347492039,-0.0093994140625,-0.00146484375,16384,229495.0,490.0,18064.0,36032.0,0.0167008,-0.02754003,0.05263996,0.9929550598274208,-0.0547473999315799,0.105085543077318,1.0042,0.0003087853,2.051086223664809,0.1187705991520798
path_a_only,6.750399265001761,0.0,0.0,-0.0049174353480339,0.0009344319607826,-0.0091552734375,-0.001708984375,16384,229729.0,518.0,18064.0,36032.0,0.01679303,-0.02753683,0.0526704,0.9929490204423196,-0.0547406927550375,0.1051460858013111,1.004348,0.000308746,2.0508000700235485,0.1188215571783365
path_a_only,7.000138685994898,0.0,0.0,-0.0049474239349365,0.000900020978262,-0.0089111328125,-0.0018310546875,16384,229980.0,548.0,18064.0,36032.0,0.01669462,-0.0275572,0.05268657,0.9929433937020636,-0.0547809581065589,0.1051782464788029,1.00443,0.0003087551,2.050976003761149,0.1188690139001192
path_a_only,7.250433333989349,0.0,0.0,-0.0049497336149215,0.0009220338664022,-0.009033203125,-0.001708984375,16384,230230.0,578.0,18064.0,36032.0,0.01667657,-0.02756386,0.05267985,0.992944075290109,-0.0547942619915928,0.1051648810157992,1.004316,0.000308756,2.051127571105764,0.1188632662941255
path_a_only,7.500387617998058,0.0,0.0,-0.0049457922577857,0.0009168802845598,-0.0091552734375,-0.001708984375,16384,230480.0,608.0,18064.0,36032.0,0.01663753,-0.02751776,0.0526634,0.9929525772492488,-0.0547029026081131,0.1051321633959932,1.004501,0.0003087384,2.050571482216962,0.1187915488326238
path_a_only,7.750438524002675,0.0,0.0,-0.0049364566802978,0.000933568704473,-0.0093994140625,-0.0015869140625,16384,230730.0,638.0,18064.0,36032.0,0.01664905,-0.02752842,0.05265315,0.9929535624927311,-0.054724190932205,0.1051117769796012,1.004241,0.0003087604,2.050810248647979,0.1187832351191622
path_a_only,8.000116074996185,0.0,0.0,-0.004885584115982,0.00091686030235,-0.0091552734375,-0.001953125,16384,230979.0,668.0,18080.0,36048.0,0.01661037,-0.02755362,0.05264883,0.9929517098824568,-0.0547742857413666,0.105103184837704,1.004126,0.0003087738,2.051218630790647,0.1187988673958893
path_a_only,8.25043374398956,0.0,0.0,-0.0049064680933952,0.0009062725067633,-0.009033203125,-0.0018310546875,16384,231245.0,700.0,18064.0,36048.0,0.0165877,-0.02752735,0.05264112,0.992956204470437,-0.0547222051580417,0.1050878502316271,1.00418,0.0003088107,2.0508886387269927,0.1187609386380659
path_a_only,8.500414985988755,0.0,0.0,-0.0049543604254722,0.0009343081053962,-0.0091552734375,-0.001708984375,16384,231495.0,730.0,18064.0,36032.0,0.01661963,-0.02755657,0.05268038,0.992944762778836,-0.0547797787205057,0.1051659351378274,1.004207,0.0003088096,2.051015143218548,0.1188574686494091
path_a_only,8.75016293299268,0.0,0.0,-0.0049264505505561,0.000922262344997,-0.009033203125,-0.001953125,16384,231728.0,758.0,18064.0,36048.0,0.01664315,-0.02760603,0.05266819,0.9929418988485368,-0.0548781420207577,0.1051416903012867,1.004365,0.0003087682,2.0518451330594907,0.1188816185358153
path_a_only,9.000139293988468,0.0,0.0,-0.0049495175480842,0.0009348444004589,-0.0091552734375,-0.0020751953125,16384,231977.0,788.0,18064.0,36048.0,0.01660828,-0.02751335,0.05267931,0.9929497189455108,-0.0546939607483298,0.1051638070045547,1.004177,0.0003087799,2.0503813433326954,0.1188156645874437
path_a_only,9.25044144000276,0.0,0.0,-0.004969872534275,0.0009403109342094,-0.0093994140625,-0.00146484375,16384,232243.0,820.0,18064.0,36032.0,0.01659638,-0.0274749,0.05260429,0.992969665760121,-0.0546184687429237,0.1050145978062662,1.004198,0.0003088286,2.0503971522408118,0.1186472698234039
path_a_only,9.500381983991248,0.0,0.0,-0.0049265101552009,0.0009110308031597,-0.009033203125,-0.0018310546875,16384,232492.0,850.0,18080.0,36048.0,0.01670633,-0.02759353,0.05266482,0.9929439780453618,-0.0548533575436308,0.1051349876570238,1.004314,0.0003088785,2.051686003216666,0.1188640863437514
path_a_only,9.7504179940006,0.0,0.0,-0.0049332231283187,0.0009134048885987,-0.00927734375,-0.0015869140625,16384,232743.0,880.0,18064.0,36048.0,0.01666753,-0.02763722,0.05264506,0.992943328982006,-0.0549403502807696,0.1050956865963501,1.00422,0.0003089252,2.0524896622020714,0.1188695596485281
path_a_only,10.000138456001878,0.0,0.0,-0.0049568116664886,0.0009111634249964,-0.009521484375,-0.0018310546875,16384,232976.0,908.0,18096.0,36048.0,0.01668425,-0.02757278,0.05264879,0.9929496185982614,-0.0548123360741069,0.1051031052807979,1.004194,0.0003089515,2.0515036030367746,0.1188165111373125
path_a_only,10.250474132990348,0.0,0.0,-0.0049381777644157,0.0009330720724333,-0.01025390625,-0.001708984375,16384,233243.0,940.0,18096.0,36048.0,0.01667357,-0.02754801,0.05264921,0.9929522446299426,-0.0547631404209616,0.1051039406282782,1.004256,0.0003089694,2.051132287736367,0.1187943554208736
path_a_only,10.500580131993049,0.0,0.0,-0.0049768909811973,0.0009349868355728,-0.009033203125,-0.001953125,16384,233493.0,970.0,18080.0,36048.0,0.01665617,-0.02755514,0.05265142,0.9929509997427745,-0.0547772743248244,0.1051083361459407,1.004142,0.0003090074,2.051220905228589,0.1188048589930692
path_a_only,10.750428100000136,0.0,0.0,-0.0049009770154953,0.0009171477603465,-0.0086669921875,-0.0015869140625,16384,233742.0,1000.0,18096.0,36048.0,0.01660682,-0.02754424,0.05263074,0.9929565334881278,-0.0547558672971613,0.1050672051582998,1.004487,0.0003090257,2.051221117887766,0.1187581616625177
path_a_only,11.000114233989734,0.0,0.0,-0.0048923343420028,0.0009293106337609,-0.0091552734375,-0.0015869140625,16384,233975.0,1028.0,18064.0,36080.0,0.01659382,-0.02757886,0.05261776,0.99295546287368,-0.0548247698266271,0.105041388808286,1.004097,0.0003090647,2.051837498831203,0.1187671976270051
path_a_only,11.250421335993453,0.0,0.0,-0.0049153640866279,0.0009331370349765,-0.0089111328125,-0.00146484375,16384,234239.0,1060.0,18096.0,36048.0,0.01652128,-0.02759635,0.05263434,0.9929500660813032,-0.0548593111969053,0.1050743653044676,1.004262,0.0003089981,2.051967108641016,0.118812736032771
path_a_only,11.500151511994773,0.0,0.0,-0.0049764364957809,0.0009329100724763,-0.0091552734375,-0.001708984375,16384,234487.0,1090.0,18096.0,36048.0,0.016546,-0.02753584,0.05262906,0.9929578057315676,-0.0547392050512618,0.1050638637548909,1.00436,0.000308994,2.051109427409653,0.1187474230635717
path_a_only,11.750425901991548,0.0,0.0,-0.0049756839871406,0.0009163354187532,-0.009033203125,-0.002197265625,16384,234736.0,1120.0,18064.0,36048.0,0.01654205,-0.02753584,0.05263775,0.9929559823399908,-0.0547391045323829,0.1050811475490086,1.004185,0.000308986,2.0510412726134835,0.1187628134272064
path_a_only,12.000139885989483,0.0,0.0,-0.0049120485782623,0.000921365972578,-0.0089111328125,-0.0018310546875,16384,234984.0,1150.0,18080.0,36048.0,0.01660033,-0.02754513,0.05266096,0.992950093579488,-0.0547572849990407,0.1051273104384391,1.004231,0.0003089708,2.050997376331924,0.1188125040457354
path_a_only,12.250428690997069,0.0,0.0,-0.0049794465303421,0.0009179146809134,-0.0087890625,-0.001708984375,16384,235233.0,1180.0,18064.0,36048.0,0.01658105,-0.02750032,0.05265017,0.9929572619254096,-0.0546684212933019,0.1051058499936689,1.004347,0.0003089447,2.050415813148132,0.1187520132752567
path_a_only,12.50015302299289,0.0,0.0,-0.0049379020929336,0.0009352103661819,-0.0091552734375,-0.001708984375,16384,235482.0,1210.0,18080.0,36064.0,0.0166494,-0.02760642,0.05263479,0.9929488665901698,-0.0548793039814303,0.1050752603223556,1.004104,0.0003090012,2.0521131179588474,0.1188228550399428
path_a_only,12.75044570499449,0.0,0.0,-0.0049615427851676,0.000928245914149,-0.0089111328125,-0.0018310546875,16384,235731.0,1240.0,18096.0,36048.0,0.01662885,-0.02748441,0.0526239,0.9929645135218802,-0.0546371286894915,0.1050536008655758,1.00428,0.0003089933,2.0503849721443483,0.1186907887664904
path_a_only,13.00014808299602,0.0,0.0,-0.0049363523721694,0.0009080853740712,-0.0086669921875,-0.001953125,16384,235980.0,1270.0,18064.0,36048.0,0.01656177,-0.02756756,0.05263504,0.9929530763528472,-0.0548021289346421,0.1050757575544788,1.004063,0.000308985,2.0515339420321386,0.1187873373528533
path_a_only,13.250429021994933,0.0,0.0,-0.0049556642770767,0.000928139476779,-0.0093994140625,-0.0018310546875,16384,236245.0,1302.0,18064.0,36048.0,0.01663042,-0.0275829,0.05265505,0.9929471950262888,-0.0548323608035022,0.1051155559284142,1.004357,0.0003089711,2.0516048031712053,0.1188369550619014
path_a_only,13.500431259992183,0.0,0.0,-0.0049390196800231,0.0009315754966624,-0.0096435546875,-0.0018310546875,16384,236478.0,1330.0,18080.0,36048.0,0.01652392,-0.02748591,0.05266231,0.992956288649148,-0.054639664010415,0.1051299954767395,1.004379,0.0003089637,2.050106444840459,0.1187602281589523
path_a_only,13.75017226098862,0.0,0.0,-0.0048988237977027,0.0009336131225966,-0.0089111328125,-0.001953125,16384,236729.0,1360.0,18096.0,36064.0,0.01676678,-0.02757962,0.05263945,0.9929508288393644,-0.0548260278508576,0.1050845287248134,1.004126,0.0003090028,2.051678499718377,0.1188063008960218
path_a_only,14.000142778997542,0.0,0.0,-0.0049793124198913,0.0009518917064321,-0.00927734375,-0.0015869140625,16384,236981.0,1390.0,18080.0,36048.0,0.01679213,-0.02751679,0.05263239,0.9929591918865914,-0.0547013348289748,0.1050704868926362,1.004399,0.000308963,2.0508000703626443,0.1187357218731297
path_a_only,14.25056952299201,0.0,0.0,-0.0049733519554138,0.0009466546496703,-0.009521484375,-0.0020751953125,16384,237233.0,1420.0,18080.0,36048.0,0.0167988,-0.02757185,0.05264801,0.9929498842578997,-0.0548104982244808,0.1051015539209949,1.004338,0.0003089408,2.051495907381292,0.1188142699653128
path_a_only,14.500447087993962,0.0,0.0,-0.0049388036131858,0.0009200955829616,-0.0093994140625,-0.0015869140625,16384,237484.0,1450.0,18096.0,36048.0,0.01682455,-0.02747147,0.05265161,0.9929601123882058,-0.0546111109449626,0.1051087140410285,1.004272,0.0003089176,2.049975407955566,0.1187279508492685
path_a_only,14.750401504992624,0.0,0.0,-0.0049672052264213,0.0009292479084942,-0.0093994140625,-0.0020751953125,16384,237736.0,1480.0,18064.0,36048.0,0.01677807,-0.02742477,0.05265095,0.992965347268874,-0.0545183758385534,0.1051074013527636,1.004177,0.0003089341,2.0492855277411515,0.1186837475085583
path_a_only,15.00013711200154,0.0,0.0,-0.0049685314297676,0.0009421105637113,-0.0089111328125,-0.001708984375,16384,237988.0,1510.0,18064.0,36048.0,0.01676447,-0.02754637,0.05267907,0.9929461551930048,-0.0547595378080464,0.1051633296661844,1.004407,0.0003089045,2.0508738897310668,0.1188457254524149
path_a_only,15.25040122299106,0.0,0.0,-0.0049131736159324,0.0009520485720754,-0.009765625,-0.0015869140625,16384,238239.0,1540.0,18064.0,36048.0,0.01675662,-0.02746922,0.05261752,0.9929675113202976,-0.054607036004973,0.1050409114637055,1.004271,0.0003089274,2.050208916733625,0.1186654694671254
path_a_only,15.500425387988798,0.0,0.0,-0.0049796029925346,0.00094388724191,-0.0087890625,-0.001953125,16384,238491.0,1570.0,18064.0,36064.0,0.01679975,-0.02762607,0.05265039,0.9929434352381116,-0.0549181457591655,0.1051062875565164,1.004214,0.0003089471,2.052282314643783,0.1188686636483133
path_a_only,15.750401532000978,0.0,0.0,-0.0049176588654518,0.0009291616597118,-0.0086669921875,-0.001953125,16384,238742.0,1600.0,18080.0,36064.0,0.01674298,-0.02749379,0.05268526,0.9929506081853386,-0.0546550477301178,0.1051756410105712,1.004176,0.0003089669,2.050044012434864,0.1188081625165062
path_a_only,16.000142224991578,0.0,0.0,-0.0049625262618064,0.000935804016413,-0.0089111328125,-0.0020751953125,16384,238977.0,1628.0,18080.0,36048.0,0.01678222,-0.02754943,0.05262347,0.9929574903225952,-0.0547662583079264,0.1050527456242945,1.00423,0.0003090256,2.0513553048932733,0.1187500854196815
path_a_only,16.250174461994902,0.0,0.0,-0.0049638748168945,0.0009356585181352,-0.0093994140625,-0.0018310546875,16384,239245.0,1660.0,18096.0,36048.0,0.01673515,-0.02754503,0.05263497,0.9929555594170076,-0.0547573872233994,0.1050756183294869,1.004227,0.0003090522,2.0511996782332265,0.1187663828313211
path_a_only,16.500433750989032,0.0,0.0,-0.0049498975276947,0.0009331330416372,-0.0089111328125,-0.0020751953125,16384,239497.0,1690.0,18096.0,36048.0,0.0167358,-0.02751188,0.05262539,0.9929611976691006,-0.054691664860103,0.1050565643754611,1.004415,0.0003090724,2.050781934430288,0.1187187880816727
path_a_only,16.750419881995185,0.0,0.0,-0.0049417614936828,0.0009272496542005,-0.0091552734375,-0.001708984375,16384,239731.0,1718.0,18096.0,36048.0,0.0167731,-0.02756605,0.05264466,0.9929512230810736,-0.0547990188041865,0.1050948910266251,1.004373,0.0003090643,2.051436024364677,0.1188029746734969
path_a_only,17.000138441988383,0.0,0.0,-0.0049006342887878,0.0009031767955387,-0.0096435546875,-0.001953125,16384,239982.0,1748.0,18080.0,36048.0,0.0167867,-0.02751853,0.05263446,0.992958567178254,-0.0547047663975764,0.1050746039759127,1.004471,0.00030905,2.05080971547617,0.1187409954738577
path_a_only,17.250149286002852,0.0,0.0,-0.0049671009182929,0.0009336658971026,-0.009521484375,-0.0020751953125,16384,240234.0,1778.0,18080.0,36048.0,0.01676092,-0.02752684,0.05264425,0.992955603413861,-0.0547211561428446,0.1050940755675871,1.004167,0.0003090588,2.0508565198734896,0.1187660115097073
path_a_only,17.500242804002482,0.0,0.0,-0.0049667656421661,0.0009242125155687,-0.010009765625,-0.0018310546875,16384,240485.0,1808.0,18064.0,36048.0,0.01673232,-0.02753537,0.05265942,0.9929514855490532,-0.0547379204249832,0.1051242475049237,1.004438,0.0003090251,2.050864408601345,0.1188007601762797
path_a_only,17.750422614000854,0.0,0.0,-0.0049649402499198,0.0009266774521886,-0.00927734375,-0.0018310546875,16384,240736.0,1838.0,18096.0,36048.0,0.01671385,-0.02751297,0.05265862,0.9929541047543894,-0.0546934453940718,0.1051226563702364,1.004274,0.0003090249,2.050537716419221,0.1187786591421747
path_a_only,18.000146621998283,0.0,0.0,-0.004961259663105,0.0009201700254611,-0.0091552734375,-0.00146484375,16384,240987.0,1868.0,18096.0,36048.0,0.0167084,-0.02747067,0.05268114,0.992953999679104,-0.0546091812245397,0.1051674467088313,1.004354,0.0003090193,2.049732445729086,0.1187795458534358
path_a_only,18.25042406099965,0.0,0.0,-0.0049458071589469,0.0009310400424304,-0.009521484375,-0.0018310546875,16384,241237.0,1898.0,18080.0,36048.0,0.01672575,-0.02747491,0.05264801,0.9929604922550068,-0.0546179840719786,0.1051015539209949,1.004164,0.0003090445,2.050054770785853,0.1187247438045839
path_a_only,18.50041274999967,0.0,0.0,-0.0049850195646286,0.0009415505295585,-0.0091552734375,-0.001953125,16384,241489.0,1928.0,18096.0,36064.0,0.0167074,-0.02760373,0.05266818,0.9929421533771148,-0.0548735746034756,0.1051416704121417,1.004287,0.0003090398,2.0518110700727608,0.1188794724395703
path_a_only,18.750160611991305,0.0,0.0,-0.0049925073981285,0.0009203745797444,-0.0093994140625,-0.0015869140625,16384,241740.0,1958.0,18096.0,36048.0,0.0167914,-0.02749539,0.05267037,0.9929535602398266,-0.0546583972990569,0.1051460261339037,1.004203,0.0003090733,2.0501843280673318,0.1187832541303557
path_a_only,19.00014402999659,0.0,0.0,-0.0049417838454246,0.0009316120806081,-0.0091552734375,-0.002197265625,16384,241975.0,1986.0,18096.0,36080.0,0.01673933,-0.02752277,0.05261389,0.9929624186276822,-0.0547134244669767,0.1050336916239731,1.004487,0.0003091639,2.051034089337876,0.1187084789783228
path_a_only,19.25019315999816,0.0,0.0,-0.0050143748521804,0.0009298568797219,-0.009033203125,-0.0020751953125,16384,242243.0,2018.0,18112.0,36064.0,0.016737,-0.02757652,0.05266072,0.9929467043446332,-0.054819625079633,0.1051268330982166,1.004236,0.0003092803,2.051465572443875,0.1188410937572789
path_a_only,19.5004243299918,0.0,0.0,-0.0049883052706718,0.0009434354646365,-0.0093994140625,-0.0015869140625,16384,242478.0,2046.0,18096.0,36064.0,0.01678675,-0.02752549,0.05261078,0.992962773272601,-0.0547188621278341,0.1050275060268515,1.00443,0.0003092085,2.051098941704322,0.1187054843844997
path_a_only,19.75051273399731,0.0,0.0,-0.0049662366509437,0.0009236131925865,-0.0093994140625,-0.0015869140625,16384,242729.0,2076.0,18096.0,36064.0,0.01672312,-0.02755796,0.05263504,0.9929541283707016,-0.0547830642254762,0.1050757575544788,1.004365,0.0003091939,2.05139129314712,0.118778459847495
path_a_only,20.000137641996844,0.0,0.0,-0.0049802362918853,0.0009189096699305,-0.00927734375,-0.0018310546875,16384,242981.0,2106.0,18080.0,36064.0,0.01673278,-0.02760032,0.05268751,0.9929384682641408,-0.0548665784313546,0.1051801160509823,1.004359,0.0003091561,2.0516088431951864,0.1189105402662809
path_a_only,20.250427639999543,0.0,0.0,-0.0049927234649658,0.0009465617248303,-0.0096435546875,-0.001708984375,16384,243231.0,2136.0,18096.0,36048.0,0.01672743,-0.0275246,0.05265251,0.9929541148950226,-0.0547166121680941,0.1051105040701856,1.004255,0.0003091109,2.050758480842614,0.1187785735668618
path_a_only,20.500422696990427,0.0,0.0,-0.0050007328391075,0.0009453727194776,-0.00927734375,-0.0018310546875,16384,243483.0,2166.0,18080.0,36048.0,0.01676523,-0.02746575,0.05265206,0.9929606426187813,-0.054599746283893,0.1051096090556496,1.004411,0.000309028,2.0498867814235258,0.1187234743269915
path_a_only,20.75042373599717,0.0,0.0,-0.0049468949437141,0.000948285992968,-0.0089111328125,-0.0013427734375,16384,243735.0,2196.0,18096.0,36048.0,0.01678675,-0.02758654,0.05266286,0.9929451562926764,-0.0548394989079367,0.1051310893810126,1.004438,0.0003089765,2.051597589425304,0.1188541499905986
path_a_only,21.0001299919968,0.0,0.0,-0.0049469321966171,0.000919592068939,-0.00927734375,-0.001708984375,16384,243986.0,2226.0,18080.0,36048.0,0.01677957,-0.02750402,0.05265115,0.9929566516541304,-0.0546757578490853,0.1051077991371057,1.004374,0.0003089723,2.0504631582264583,0.1187571643018928
path_a_only,21.25042564800242,0.0,0.0,-0.0049340352416038,0.0009295962768262,-0.0093994140625,-0.0018310546875,16384,244237.0,2256.0,18080.0,36048.0,0.01673425,-0.02753071,0.05262605,0.9929589988114872,-0.0547290521082004,0.1050578770708168,1.004347,0.000309059,2.05105676804183,0.1187373517802385
path_a_only,21.50042277800094,0.0,0.0,-0.0049624443054199,0.000929105792613,-0.0093994140625,-0.001708984375,16384,244489.0,2286.0,18080.0,36048.0,0.01671633,-0.02757612,0.05262244,0.9929547815625492,-0.0548192742299644,0.1050506970227698,1.004343,0.0003090117,2.051760036144476,0.118772947523049
path_a_only,21.75015852900105,0.0,0.0,-0.0049543678760528,0.0009324205578098,-0.0091552734375,-0.001953125,16384,244739.0,2316.0,18080.0,36048.0,0.01670075,-0.02748227,0.05263043,0.9929633773469404,-0.0546328034228288,0.1050665885899029,1.004381,0.0003089705,2.050301963532993,0.1187003834551294
path_a_only,22.00013559799117,0.0,0.0,-0.0049528554081916,0.0009273190818142,-0.00927734375,-0.001708984375,16384,244973.0,2344.0,18080.0,36048.0,0.01667055,-0.02763181,0.05263684,0.9929456483796806,-0.054929702057712,0.1050793376249904,1.00421,0.0003090041,2.052473954905606,0.1188499998952965
path_a_only,22.25018888899649,0.0,0.0,-0.0049624443054199,0.0009223661456052,-0.00927734375,-0.0018310546875,16384,245224.0,2374.0,18080.0,36048.0,0.01673205,-0.02751461,0.05264486,0.9929568135748724,-0.0546968613803787,0.105095288811496,1.004198,0.0003090028,2.050669909836026,0.1187557976230781
path_a_only,22.500171097999555,0.0,0.0,-0.0049547627568244,0.0009217019306448,-0.0089111328125,-0.001953125,16384,245492.0,2406.0,18096.0,36048.0,0.0167477,-0.0275168,0.05260144,0.9929656829067528,-0.0547017123337136,0.1050089293216818,1.004129,0.0003089478,2.05104297952931,0.118680912822782
path_a_only,22.75015599899052,0.0,0.0,-0.0049289762973785,0.0009429581504872,-0.0091552734375,-0.0015869140625,16384,245743.0,2436.0,18064.0,36048.0,0.01677203,-0.02755601,0.05264734,0.9929517607775716,-0.0547790493024315,0.1051002213424984,1.004369,0.0003088608,2.051265829181099,0.1187984379715999
path_a_only,23.0001442089997,0.0,0.0,-0.0050059407949447,0.0009418704862041,-0.009033203125,-0.0018310546875,16384,245977.0,2464.0,18064.0,36048.0,0.0167103,-0.02757071,0.05261526,0.9929568807817872,-0.0548086135905974,0.1050364164677181,1.004409,0.0003088035,2.051736026975528,0.1187552303639979
path_a_only,23.250437444992716,0.0,0.0,-0.0049586072564125,0.0009149601669668,-0.0089111328125,-0.0010986328125,16384,246245.0,2496.0,18064.0,36032.0,0.01676373,-0.0275383,0.05262477,0.992958436447168,-0.0547441400245795,0.1050553312372329,1.004358,0.0003087872,2.051179652482915,0.1187420990370483
path_a_only,23.500449246988865,0.0,0.0,-0.0049887895584106,0.0009313279056396,-0.0091552734375,-0.0015869140625,16384,246480.0,2524.0,18064.0,36032.0,0.0167478,-0.02759063,0.05264358,0.9929487546185992,-0.0548478447400129,0.1050927429880316,1.004405,0.0003087367,2.051809614941126,0.1188237995976778
path_a_only,23.750416805996792,0.0,0.0,-0.0049278512597084,0.0009434556192601,-0.0096435546875,-0.001708984375,16384,246731.0,2554.0,18064.0,36032.0,0.01671058,-0.02752491,0.0526401,0.9929566855553692,-0.0547173713265758,0.105085821527006,1.004349,0.0003086747,2.050860360058085,0.1187568781625505
path_a_only,24.00014314398868,0.0,0.0,-0.0049819275736808,0.0009335627045472,-0.00927734375,-0.0015869140625,16384,246982.0,2584.0,18064.0,36032.0,0.0167268,-0.02744621,0.0526513,0.9929629351434344,-0.0545609501058047,0.1051080974753512,1.004244,0.0003087064,2.049601948469965,0.1187041175349122
path_a_only,24.250433250999777,0.0,0.0,-0.0049378424882888,0.0009233302893953,-0.0089111328125,-0.001953125,16384,247249.0,2616.0,18080.0,36032.0,0.01674617,-0.0275406,0.05263349,0.9929563550762712,-0.0547486067576584,0.1050726747148914,1.004396,0.0003087622,2.0511454395313784,0.1187596675025275
path_a_only,24.500401810000767,0.0,0.0,-0.0049193724989891,0.0009170635348444,-0.00927734375,-0.001953125,16384,247483.0,2644.0,18064.0,36048.0,0.01670165,-0.02753402,0.05264861,0.9929539024467564,-0.0547353645376164,0.1051027472747122,1.004332,0.000308864,2.0509290718668662,0.1187803663737044
path_a_only,24.75042918798863,0.0,0.0,-0.0049369037151336,0.0009234330375629,-0.00927734375,-0.0020751953125,16384,247734.0,2674.0,18080.0,36048.0,0.01670362,-0.02756039,0.05266115,0.9929483820369208,-0.0547875876095148,0.1051276883327648,1.004305,0.0003089493,2.0512226098972297,0.1188269425283271
path_a_only,25.000150452993694,0.0,0.0,-0.004922330379486,0.0009351139866866,-0.009033203125,-0.0015869140625,16384,247985.0,2704.0,18096.0,36048.0,0.01671763,-0.02754721,0.05264059,0.992954141344711,-0.0547616514693102,0.1050867961008491,1.004482,0.0003089635,2.051187998068605,0.1187783503615444
path_a_only,25.25017297899467,0.0,0.0,-0.0049072802066802,0.0009379491174367,-0.0096435546875,-0.00146484375,16384,248236.0,2734.0,18080.0,36048.0,0.016732,-0.02744988,0.05265204,0.9929623793126092,-0.0545682299163027,0.1051095692772238,1.004429,0.0003089639,2.04965077957476,0.1187088109470808
path_a_only,25.500422929995693,0.0,0.0,-0.0049119517207145,0.0009169832272085,-0.0091552734375,-0.00146484375,16384,248486.0,2764.0,18080.0,36048.0,0.01668432,-0.02750302,0.05269647,0.9929472443629618,-0.0546732479343631,0.1051979366352228,1.004698,0.0003089514,2.05009351631056,0.1188365389196793
path_a_only,25.750438392991786,0.0,0.0,-0.0049442797899246,0.0009257450717207,-0.0093994140625,-0.0018310546875,16384,248738.0,2794.0,18096.0,36048.0,0.01681737,-0.02753809,0.05264934,0.9929533036496008,-0.0547434387333422,0.1051041991881975,1.004503,0.0003089652,2.050983842311357,0.1187854193537362
path_a_only,26.00013870598923,0.0,0.0,-0.0049590095877647,0.0009474835876307,-0.0089111328125,-0.001708984375,16384,248973.0,2822.0,18064.0,36032.0,0.01668438,-0.02755481,0.05265473,0.9929503411129716,-0.0547765806491388,0.1051149194739835,1.004588,0.0003089366,2.051190046882084,0.1188104157218072
path_a_only,26.25019878099556,0.0,0.0,-0.0049798339605331,0.0009260340241043,-0.0087890625,-0.001708984375,16384,249239.0,2854.0,18080.0,36048.0,0.01667428,-0.02748355,0.05263305,0.9929626877526536,-0.0546353151613045,0.1050717995860503,1.004308,0.0003089393,2.050300481008864,0.118706206515094
path_a_only,26.500423431993116,0.0,0.0,-0.0049953088164329,0.0009233873534539,-0.0091552734375,-0.001708984375,16384,249490.0,2884.0,18064.0,36032.0,0.01669297,-0.02749285,0.05264438,0.9929592937804926,-0.0546536533928362,0.1050943341277775,1.004388,0.0003089063,2.0503500693944137,0.1187348616932115
path_a_only,26.750161145988383,0.0,0.0,-0.0049490183591842,0.0009373054506216,-0.009521484375,-0.001708984375,16384,249740.0,2914.0,18080.0,36048.0,0.01667315,-0.02751346,0.05264883,0.9929561061501668,-0.0546945316834318,0.105103184837704,1.004151,0.000308864,2.0506217011429664,0.118761768468398
path_a_only,27.00014326100063,0.0,0.0,-0.0049311071634292,0.0009179418866473,-0.0093994140625,-0.001708984375,16384,249974.0,2942.0,18064.0,36032.0,0.0167118,-0.02750067,0.05266257,0.9929546206685564,-0.0546689730509616,0.105130512595139,1.004308,0.0003088502,2.050323903565289,0.118774305340561
path_a_only,27.25018713199825,0.0,0.0,-0.0049036815762519,0.0009319092190061,-0.0089111328125,-0.001953125,16384,250225.0,2972.0,18064.0,36032.0,0.01672152,-0.02749019,0.05262481,0.992963690940035,-0.0546485968487075,0.1050554107945428,1.004634,0.0003087719,2.0504638381476568,0.1186977353237836
path_a_only,27.50018062000163,0.0,0.0,-0.0049468874931335,0.0009231083832855,-0.00927734375,-0.0018310546875,16384,250492.0,3004.0,18064.0,36032.0,0.01672598,-0.02745898,0.05267181,0.9929572354634836,-0.0545860736537889,0.1051488901690315,1.004476,0.0003087167,2.049631527392515,0.1187522366331386
path_a_only,27.750425377002102,0.0,0.0,-0.0049249678850173,0.0009281187079696,-0.0093994140625,-0.001708984375,16384,250743.0,3034.0,18064.0,36032.0,0.0167466,-0.02749892,0.05269944,0.9929470687017632,-0.0546650714146633,0.105203843674107,1.004596,0.0003087141,2.0500093448044634,0.1188380205703697
path_a_only,28.00014808800188,0.0,0.0,-0.004894345998764,0.0009192449575874,-0.009033203125,-0.0018310546875,16384,250978.0,3062.0,18064.0,36032.0,0.01673073,-0.02747675,0.05268919,0.992951644789452,-0.0546211625338434,0.1051834574131003,1.004767,0.0003087264,2.049759908932959,0.1187994166117195
path_a_only,28.25043307499436,0.0,0.0,-0.0049102902412414,0.0009268310424094,-0.0093994140625,-0.0018310546875,16384,251229.0,3092.0,18080.0,36032.0,0.0167938,-0.02750969,0.05269183,0.9929474896503544,-0.0546865475282346,0.105188708122601,1.004438,0.00030878,2.050228953614728,0.1188344699617026
path_a_only,28.50042897400272,0.0,0.0,-0.0049424394965171,0.0009351105272136,-0.00927734375,-0.0018310546875,16384,251481.0,3122.0,18064.0,36032.0,0.01676248,-0.0275178,0.05266423,0.9929523986164898,-0.0547029724443123,0.1051338141965577,1.004174,0.0003087877,2.050565575528116,0.1187930561153407
path_a_only,28.750151835993165,0.0,0.0,-0.0049549117684364,0.0009128777607565,-0.0091552734375,-0.001708984375,16384,251732.0,3152.0,18064.0,36032.0,0.01675073,-0.02750546,0.05264271,0.9929582655781194,-0.0546787151084611,0.1050910126232524,1.004359,0.0003087272,2.050550696802256,0.118743541408452
path_a_only,29.00014249199012,0.0,0.0,-0.00494796782732,0.000905351581533,-0.0089111328125,-0.001708984375,16384,251984.0,3182.0,18064.0,36016.0,0.01674472,-0.02743224,0.05265446,0.9929637958853306,-0.0545331702717454,0.1051143824655242,1.004496,0.0003086892,2.049369286059936,0.1186968491019571
path_a_only,29.250419613992563,0.0,0.0,-0.0049814730882644,0.0009259865531257,-0.009521484375,-0.0020751953125,16384,252235.0,3212.0,18064.0,36016.0,0.01672503,-0.02747051,0.05266488,0.9929574315138764,-0.0546090512566461,0.1051351069919783,1.004334,0.0003087282,2.049857268277411,0.1187505818154517
path_a_only,29.50043171099969,0.0,0.0,-0.0049397200345993,0.0009205152157595,-0.009033203125,-0.0015869140625,16384,252486.0,3242.0,18064.0,36016.0,0.01670242,-0.02750463,0.052662,0.992954307326,-0.0546768438392755,0.1051293789124569,1.004368,0.0003087528,2.050387247336186,0.1187769496585223
path_a_only,29.75043259699305,0.0,0.0,-0.0049851313233375,0.0009351865028466,-0.0091552734375,-0.002197265625,16384,252737.0,3272.0,18064.0,36032.0,0.01676837,-0.02749689,0.05264313,0.9929591144820942,-0.0546616909435298,0.1050918479718062,1.004226,0.0003087137,2.0504199508954724,0.1187363753113706
path_a_only,30.00014562899014,0.0,0.0,-0.0050038769841194,0.0009621954216653,-0.0093994140625,-0.0013427734375,16384,252988.0,3302.0,18064.0,36000.0,0.0167069,-0.0274948,0.05267282,0.992953110287368,-0.0546571972959421,0.1051508989709272,1.004455,0.0003086107,2.050156378328436,0.1187870510050049
path_a_only,30.2504433439899,0.0,0.0,-0.0049613788723945,0.0009524108490941,-0.009765625,-0.0015869140625,16384,253239.0,3332.0,18064.0,35984.0,0.01676392,-0.02749945,0.05269705,0.9929475128588834,-0.0546661515814969,0.1051990901986636,1.004272,0.0003085549,2.050035916755289,0.1188342741997993
path_a_only,30.500395695999032,0.0,0.0,-0.0049386098980903,0.0009272489779188,-0.0091552734375,-0.0018310546875,16384,253490.0,3362.0,18064.0,35984.0,0.01678377,-0.02744831,0.05268704,0.9929552016332504,-0.0545647081721158,0.1051791812649391,1.004462,0.0003084959,2.049353706962057,0.1187694023871467
path_a_only,30.750405836995924,0.0,0.0,-0.0049302354454994,0.0009215416992348,-0.0089111328125,-0.0010986328125,16384,253741.0,3392.0,18064.0,36000.0,0.01668747,-0.02751529,0.05268027,0.9929493051147876,-0.0546978022868616,0.1051657163577935,1.004346,0.0003084987,2.05040266245895,0.1188191557091849
path_a_only,31.000125694990857,0.0,0.0,-0.004950389266014,0.0009448178802361,-0.009521484375,-0.001708984375,16384,253976.0,3420.0,18064.0,35984.0,0.01675758,-0.02754118,0.05271782,0.9929385827644654,-0.054748782156627,0.1052403996099468,1.004576,0.0003084778,2.050493424492016,0.1189095750779353
path_a_only,31.250451581989186,0.0,0.0,-0.0049901083111763,0.0009380583122619,-0.0089111328125,-0.001953125,16384,254243.0,3452.0,18064.0,36000.0,0.01670447,-0.02755095,0.05268536,0.9929443325286066,-0.054768560327763,0.1051758399013014,1.004197,0.000308547,2.050892651349288,0.1188610970152666
path_a_only,31.50041501400119,0.0,0.0,-0.0049511864781379,0.0009248392983108,-0.0091552734375,-0.0020751953125,16384,254494.0,3482.0,18064.0,35984.0,0.01674058,-0.02743873,0.05265266,0.9929634657968182,-0.054546079692724,0.1051108024083453,1.004483,0.0003085386,2.0494799736779816,0.1186996365476546
path_a_only,31.750415142989368,0.0,0.0,-0.0049386024475097,0.0009347573703924,-0.0089111328125,-0.0018310546875,16384,254728.0,3510.0,18064.0,35984.0,0.0167611,-0.0275293,0.05266918,0.992950100889273,-0.0547257530549227,0.1051436593264385,1.004572,0.0003085685,2.050697728077356,0.1188124423770296
path_a_only,32.0001552469912,0.0,0.0,-0.0048980712890625,0.0009241748744027,-0.0093994140625,-0.0020751953125,16384,254979.0,3540.0,18064.0,36016.0,0.01669858,-0.0274861,0.05266231,0.9929562678860038,-0.0546400413338008,0.1051299954767395,1.0044,0.0003085573,2.050109270633861,0.1187604034029441
path_a_only,32.25012702899403,0.0,0.0,-0.0050295069813728,0.0009300267488319,-0.0093994140625,-0.0018310546875,16384,255230.0,3570.0,18064.0,35984.0,0.01679568,-0.02750989,0.05266661,0.9929527642023194,-0.0546872364098604,0.1051385478158472,1.004516,0.0003084857,2.050429348467261,0.1187899713236872
path_a_only,32.50018132099649,0.0,0.0,-0.0049664005637168,0.0009434662712525,-0.0089111328125,-0.0018310546875,16384,255482.0,3600.0,18064.0,35984.0,0.01676242,-0.02745072,0.05264252,0.9929642857274464,-0.0545700079014378,0.1050906347274537,1.0045,0.0003084538,2.049737782125145,0.1186927124904557
path_a_only,32.75041134600178,0.0,0.0,-0.0049418583512306,0.0009270154138348,-0.00927734375,-0.001953125,16384,255733.0,3630.0,18064.0,35984.0,0.0167398,-0.02751886,0.05263308,0.9929588206358924,-0.0547054377032174,0.1050718592539284,1.004421,0.0003084133,2.0508254416960163,0.1187388558884725
path_a_only,33.00014188999194,0.0,0.0,-0.0049902945756912,0.0009348499227025,-0.0096435546875,-0.0018310546875,16384,255985.0,3660.0,18048.0,35984.0,0.01681008,-0.02751432,0.05267276,0.9929509883126963,-0.0546959628377123,0.1051507796361731,1.004424,0.0003083188,2.050447043853299,0.1188049554285701
path_a_only,33.2504178199888,0.0,0.0,-0.0049901828169822,0.0009237572231632,-0.00927734375,-0.0020751953125,16384,256237.0,3690.0,18064.0,35984.0,0.01676255,-0.02747291,0.05265181,0.9929599131239728,-0.0546139683609039,0.1051091118253151,1.004337,0.000308295,2.0499952659506206,0.1187296331131601
path_a_only,33.50042202399345,0.0,0.0,-0.0050199851393699,0.0009215002247039,-0.009033203125,-0.0020751953125,16384,256488.0,3720.0,18048.0,35984.0,0.01675967,-0.02752599,0.05264624,0.9929552787897828,-0.0547194451026009,0.105098033526647,1.00446,0.0003082533,2.05082828492817,0.1187687512224694
path_a_only,33.75042621699686,0.0,0.0,-0.0049662664532661,0.0009378151129805,-0.00927734375,-0.0018310546875,16384,256739.0,3750.0,18048.0,35984.0,0.01672457,-0.0275344,0.05262644,0.9929585130628168,-0.0547363756337642,0.1050586527543501,1.004284,0.0003082497,2.0511085706740744,0.118741452289205
path_a_only,34.00013959599892,0.0,0.0,-0.0049466341733932,0.0009458879480216,-0.009033203125,-0.0018310546875,16384,256973.0,3778.0,18048.0,35984.0,0.0166764,-0.02749626,0.05263961,0.9929599220586084,-0.0546604804791733,0.1050848469530619,1.004272,0.0003082473,2.0504381584639857,0.1187295576841011
path_a_only,34.250160226991284,0.0,0.0,-0.0050088465213775,0.0009464912388423,-0.0098876953125,-0.0015869140625,16384,257240.0,3810.0,18048.0,35968.0,0.01670127,-0.02750954,0.05264528,0.9929572800031886,-0.0546867879408214,0.1050961241596702,1.004522,0.00030821,2.0505912308600607,0.1187518606854252
path_a_only,34.50039636899601,0.0,0.0,-0.0049595758318901,0.0009355579106638,-0.0093994140625,-0.0015869140625,16384,257490.0,3840.0,18048.0,35968.0,0.01670657,-0.02757018,0.0526063,0.9929588181107794,-0.054807664782972,0.105018595577553,1.004545,0.000308186,2.0517985205352405,0.1187388772046297
path_a_only,34.7501271309884,0.0,0.0,-0.0049073100090026,0.000904522837405,-0.0086669921875,-0.0015869140625,16384,257724.0,3868.0,18048.0,35984.0,0.0167002,-0.02745869,0.05262864,0.9929663282907062,-0.0545859958550204,0.1050630284038533,1.004332,0.0003082371,2.049965077737664,0.1186754619354076
path_a_only,35.000147478989675,0.0,0.0,-0.0049512013792991,0.0009389864637778,-0.010009765625,-0.001708984375,16384,257975.0,3898.0,18048.0,35968.0,0.0167634,-0.02745144,0.05264833,0.9929629877654076,-0.0545713707551196,0.1051021903763296,1.004462,0.0003082596,2.04970302770856,0.1187036731876053
path_a_only,35.250422522993176,0.0,0.0,-0.0049598738551139,0.0009345003981433,-0.0089111328125,-0.001708984375,16384,258226.0,3928.0,18064.0,35984.0,0.01669758,-0.02747429,0.05264795,0.9929605725736874,-0.0546167534935989,0.1051014345856148,1.004465,0.000308303,2.0500460164551058,0.1187240656990169
path_a_only,35.50043061700126,0.0,0.0,-0.0049508213996887,0.0009179929114312,-0.0093994140625,-0.001953125,16384,258494.0,3960.0,18064.0,35968.0,0.01671972,-0.02750115,0.05261745,0.99296403677375,-0.0546704476072969,0.1050407722381983,1.004552,0.0003083094,2.050684587550044,0.1186948148689051
path_a_only,35.75038820899499,0.0,0.0,-0.004993513226509,0.0009286172550036,-0.00927734375,-0.0020751953125,16384,258744.0,3990.0,18048.0,35984.0,0.0166952,-0.02749458,0.05264637,0.992958687021827,-0.0546570660422068,0.1050982920867287,1.004703,0.0003082761,2.0503602125457387,0.1187399838083718
path_a_only,36.000148389997776,0.0,0.0,-0.0049589499831199,0.0009293443538612,-0.0087890625,-0.001953125,16384,258978.0,4018.0,18048.0,35968.0,0.01672945,-0.0275333,0.0526438,0.9929549907745444,-0.0547339903304752,0.1050931805514885,1.004491,0.0003082594,2.0509560779581517,0.1187711819168712
path_a_only,36.250424721991294,0.0,0.0,-0.004956230521202,0.0009280693779116,-0.0086669921875,-0.001708984375,16384,259229.0,4048.0,18048.0,35968.0,0.01670967,-0.02749288,0.05260413,0.9929677345918028,-0.0546541777436272,0.1050142795756431,1.004561,0.0003082142,2.050665995782925,0.1186635835087457
path_a_only,36.50051032999181,0.0,0.0,-0.0049609392881393,0.0009321798411938,-0.00927734375,-0.0018310546875,16384,259497.0,4080.0,18064.0,35984.0,0.01674208,-0.0274723,0.05258285,0.9929744450803988,-0.0546135525422051,0.1049719548069573,1.004506,0.0003082124,2.0505265795039964,0.1186068865636413
path_a_only,36.750419528994826,0.0,0.0,-0.0049184560775756,0.000911224261048,-0.009521484375,-0.00146484375,16384,259731.0,4108.0,18048.0,35968.0,0.01674142,-0.02745118,0.05264396,0.9929639333135092,-0.0545709048198732,0.1050934987794444,1.004429,0.0003082033,2.0497333581923414,0.1186956885649742
path_a_only,37.00013692899665,0.0,0.0,-0.004946269094944,0.0009401814358062,-0.0093994140625,-0.0020751953125,16384,259982.0,4138.0,18048.0,35968.0,0.01672672,-0.02744766,0.05267687,0.9929574084830344,-0.0545635347000489,0.1051589540633278,1.004639,0.0003081757,2.049423537576075,0.1187507762148469
path_a_only,37.25015202199575,0.0,0.0,-0.004933439195156,0.0009276907700599,-0.00927734375,-0.001708984375,16384,260233.0,4168.0,18048.0,35968.0,0.01673825,-0.027534,0.05259903,0.9929643059445942,-0.0547358981783971,0.1050041359688972,1.004523,0.000308131,2.0513177213835867,0.1186925417579012
path_a_only,37.500173825988895,0.0,0.0,-0.0049614757299423,0.0009391665011878,-0.0091552734375,-0.001953125,16384,260484.0,4198.0,18048.0,35968.0,0.0167433,-0.02745658,0.05262811,0.992966669833151,-0.0545818116490287,0.1050619742702953,1.004428,0.0003080806,2.0499378215537547,0.1186725771805824
path_a_only,37.75016878399765,0.0,0.0,-0.0049576163291931,0.0009259944634859,-0.009033203125,-0.0018310546875,16384,260736.0,4228.0,18032.0,35968.0,0.01692265,-0.02750564,0.05267542,0.9929513791150189,-0.0546786944416312,0.1051560701421501,1.004476,0.0003080101,2.050297188883476,0.1188016581874317
path_a_only,38.000143970988574,0.0,0.0,-0.0049770101904869,0.0009171931728295,-0.00927734375,-0.0015869140625,16384,260989.0,4258.0,18048.0,35968.0,0.01679353,-0.02752205,0.05268735,0.9929470785190384,-0.054711145023637,0.1051797978259567,1.004567,0.0003079625,2.050447701461765,0.1188379377650158
path_a_only,38.25042431599286,0.0,0.0,-0.004943124949932,0.0009429169604574,-0.0087890625,-0.001708984375,16384,261240.0,4288.0,18048.0,35952.0,0.01673677,-0.0274491,0.05267244,0.9929581816016516,-0.0545664455384393,0.1051501431841257,1.004311,0.0003079493,2.049479601963691,0.1187442502797467
path_a_only,38.50042533098895,0.0,0.0,-0.0049658715724945,0.0009407583502687,-0.0093994140625,-0.00146484375,16384,261492.0,4318.0,18048.0,35952.0,0.01681122,-0.02745202,0.05262603,0.9929676039686196,-0.0545727797744434,0.1050578372921724,1.004349,0.000307993,2.049886231289536,0.1186646868770193
path_a_only,38.75043414899847,0.0,0.0,-0.0049991607666015,0.0009170906309981,-0.009765625,-0.001953125,16384,261744.0,4348.0,18048.0,35952.0,0.01672755,-0.02748432,0.05261752,0.9929658617349976,-0.0546370235989084,0.1050409114637055,1.004436,0.0003079778,2.0504336358901583,0.1186794024714479
path_a_only,39.00014021300012,0.0,0.0,-0.0049523636698722,0.0009247652833057,-0.00927734375,-0.0015869140625,16384,261978.0,4376.0,18032.0,35952.0,0.01674043,-0.02743313,0.05264703,0.9929652583543456,-0.0545350233992862,0.1050996047762645,1.00453,0.0003079892,2.0494406527701647,0.1186844984397696
path_a_only,39.25043098599417,0.0,0.0,-0.0049457848072052,0.0009375932403609,-0.0091552734375,-0.001953125,16384,262229.0,4406.0,18032.0,35952.0,0.01673108,-0.02747297,0.05259918,0.9929709481576532,-0.0546146948177722,0.105004434310428,1.004492,0.0003079758,2.050408486837114,0.1186364354430196
path_a_only,39.50042786898848,0.0,0.0,-0.0049690529704093,0.0009257999283869,-0.0093994140625,-0.0018310546875,16384,262480.0,4436.0,18048.0,35952.0,0.01675168,-0.02749591,0.05267543,0.9929524408744592,-0.0546593714818454,0.1051560900312647,1.004522,0.0003080094,2.050152454366267,0.1187926995491647
path_a_only,39.75042548599595,0.0,0.0,-0.0049303695559501,0.0009355930314656,-0.0091552734375,-0.0015869140625,16384,262731.0,4466.0,18048.0,35952.0,0.01672733,-0.02745358,0.05267917,0.9929562793684824,-0.054575264764401,0.1051635285571749,1.004544,0.0003080948,2.0494936338466303,0.1187603064891654
path_a_only,40.00014817799092,0.0,0.0,-0.0049552097916603,0.0009223288255615,-0.0091552734375,-0.001953125,16384,262982.0,4496.0,18048.0,35968.0,0.01675278,-0.02751904,0.05267421,0.992950167458868,-0.0547053195176853,0.1051536635589731,1.004626,0.0003081047,2.050505846219906,0.118811880763872
path_a_only,40.25027426199813,0.0,0.0,-0.0049349665641784,0.0009558430223592,-0.00927734375,-0.0015869140625,16384,263234.0,4526.0,18048.0,35968.0,0.01680997,-0.02743931,0.05264091,0.9929658686337453,-0.0545473670031054,0.105087432557182,1.004515,0.0003081223,2.0495805390407886,0.118679344205477
path_a_only,40.50042183398909,0.0,0.0,-0.0048935189843177,0.0009340513152875,-0.0089111328125,-0.0018310546875,16384,263486.0,4556.0,18048.0,35968.0,0.01675827,-0.02743524,0.05266981,0.9929602460456408,-0.0545389510490039,0.1051449123422295,1.004586,0.0003081642,2.0492939106044155,0.1187268224494443
path_a_only,40.75039020398981,0.0,0.0,-0.0049379542469978,0.0009352602926054,-0.010009765625,-0.001953125,16384,263736.0,4586.0,18048.0,35968.0,0.01671877,-0.02746015,0.05264602,0.9929625218108742,-0.0545886948158654,0.1050975959634157,1.004747,0.0003081395,2.049850730021204,0.118707607715314
path_a_only,41.000147327999,0.0,0.0,-0.0049115344882011,0.0009113504351753,-0.00927734375,-0.001953125,16384,263987.0,4616.0,18048.0,35968.0,0.0167221,-0.02748094,0.05265593,0.992958171070626,-0.0546298677097391,0.1051173061778764,1.004604,0.0003081596,2.05008246739183,0.1187443391750865
path_a_only,41.25043780700071,0.0,0.0,-0.004912219941616,0.0009213925999432,-0.0096435546875,-0.001708984375,16384,264238.0,4646.0,18048.0,35968.0,0.0167289,-0.0275774,0.05271658,0.9929348747536964,-0.0548207248715778,0.1052379333815339,1.004423,0.0003081476,2.051040877348707,0.118940828047778
path_a_only,41.50041018099,0.0,0.0,-0.0049247145652771,0.0009239275804071,-0.0091552734375,-0.0020751953125,16384,264489.0,4676.0,18048.0,35952.0,0.01676385,-0.02740211,0.05262767,0.992972702398818,-0.0544736426006864,0.1050610991404594,1.004548,0.0003081074,2.0491301328553373,0.1186216130800399
path_a_only,41.75012922399037,0.0,0.0,-0.0048922374844551,0.0009276831459506,-0.009033203125,-0.0015869140625,16384,264741.0,4706.0,18048.0,35968.0,0.01670708,-0.02735719,0.05268915,0.9929646858161134,-0.0543837268374033,0.1051833778568732,1.004517,0.0003080956,2.047980669937168,0.1186893337210974
path_a_only,42.00013585999841,0.0,0.0,-0.0049502104520797,0.0009388939318801,-0.0093994140625,-0.00146484375,16384,264975.0,4734.0,18048.0,35936.0,0.01667407,-0.02742089,0.05265374,0.992965184668578,-0.0545106382764237,0.1051129504428161,1.004578,0.000308073,2.049205941152554,0.1186851207522907
path_a_only,42.250155610992806,0.0,0.0,-0.004942663013935,0.00093395856128,-0.0093994140625,-0.001953125,16384,265225.0,4764.0,18048.0,35952.0,0.01667212,-0.02743647,0.05262707,0.9929690825083208,-0.0545418864706205,0.1050599057814611,1.004607,0.0003081001,2.049646578209477,0.1186521971208682
path_a_only,42.50037925099605,0.0,0.0,-0.0049321204423904,0.000922219724448,-0.009033203125,-0.001708984375,16384,265493.0,4796.0,18048.0,35936.0,0.0167144,-0.02737423,0.05266479,0.99296794751956,-0.0544178473979402,0.105134927989546,1.004525,0.0003081173,2.0484246596370355,0.1186617848954683
path_a_only,42.75016167899594,0.0,0.0,-0.0049710050225257,0.0009380816263899,-0.009033203125,-0.001708984375,16384,265743.0,4826.0,18048.0,35936.0,0.01666778,-0.02745614,0.0526518,0.9929617464169788,-0.0545806645700831,0.1051090919361012,1.004495,0.0003080944,2.049745818523183,0.1187141548663667
path_a_only,43.00013348799257,0.0,0.0,-0.0049523711204528,0.000915522436831,-0.0087890625,-0.0015869140625,16384,265976.0,4854.0,18048.0,35952.0,0.01673955,-0.02755849,0.05270403,0.9929395845115104,-0.0547833175344235,0.1052129727268994,1.004567,0.0003080879,2.050858412711504,0.118901130449901
path_a_only,43.25041859099292,0.0,0.0,-0.0049846321344375,0.0009289576505388,-0.00927734375,-0.001953125,16384,266244.0,4886.0,18048.0,35968.0,0.01669223,-0.02746016,0.05264502,0.992962730595386,-0.0545887262131915,0.1050956070393806,1.004837,0.0003080991,2.04985870654685,0.1187058447515279
path_a_only,43.50042346199916,0.0,0.0,-0.0049707889556884,0.0009330220109494,-0.0091552734375,-0.0013427734375,16384,266494.0,4916.0,18048.0,35952.0,0.01665562,-0.02743485,0.05264805,0.9929648566653992,-0.054538427441002,0.1051016334779141,1.004774,0.0003081177,2.049458279103434,0.1186878908609282
path_a_only,43.75040189200081,0.0,0.0,-0.0050209313631057,0.0009440522271937,-0.009521484375,-0.0023193359375,16384,266744.0,4946.0,18048.0,35952.0,0.016668,-0.02733039,0.05257984,0.9929905364741124,-0.0543317588629896,0.1049659680644563,1.00463,0.0003080639,2.048434917025209,0.1184708202889601
path_a_only,44.00011406499834,0.0,0.0,-0.0049487277865409,0.0009292330714378,-0.00927734375,-0.001953125,16384,266977.0,4974.0,18032.0,35952.0,0.01663117,-0.02745289,0.05264347,0.9929638495111572,-0.0545743064081747,0.1050925242062954,1.004553,0.0003080193,2.049762644125256,0.1186963962503594
path_a_only,44.25042771999142,0.0,0.0,-0.0049541592597961,0.0009244076325862,-0.0089111328125,-0.001953125,16384,267244.0,5006.0,18048.0,35952.0,0.01665523,-0.02738336,0.05264227,0.9929716808544076,-0.0544362381343502,0.1050901374961165,1.004528,0.0003080447,2.048736623622201,0.1186302447867816
path_a_only,44.50042210800166,0.0,0.0,-0.0049697756767272,0.0009308178106001,-0.0091552734375,-0.001708984375,16384,267494.0,5036.0,18048.0,35920.0,0.01671258,-0.02752861,0.05259889,0.9929649252964496,-0.0547251956379251,0.1050038575167933,1.004568,0.0003080079,2.0512386579661435,0.1186873112515473
path_a_only,44.75042011399637,0.0,0.0,-0.0049277320504188,0.0009473728095605,-0.0089111328125,-0.0018310546875,16384,267745.0,5066.0,18048.0,35936.0,0.0167571,-0.0275233,0.0526537,0.9929540073679634,-0.0547140167233863,0.1051128708859926,1.004381,0.0003080173,2.050729830651508,0.1187794809687718
path_a_only,45.0001686619944,0.0,0.0,-0.0049425736069679,0.0009325180470241,-0.00927734375,-0.0018310546875,16384,267980.0,5094.0,18048.0,35936.0,0.01673422,-0.02752207,0.05264879,0.9929551725586284,-0.054711630842061,0.1051031052807979,1.004573,0.0003079327,2.0507500232995177,0.1187696477622974
path_a_only,45.25018107199867,0.0,0.0,-0.0049394741654396,0.0009260236390166,-0.009033203125,-0.001708984375,16384,268231.0,5124.0,18048.0,35920.0,0.01667033,-0.02746176,0.05264709,0.992962121458144,-0.0545918798082013,0.1050997241116677,1.0046,0.0003078993,2.04986631285918,0.1187109881966532
path_a_only,45.50038998899981,0.0,0.0,-0.0050040408968925,0.0009283950751736,-0.00927734375,-0.00146484375,16384,268481.0,5154.0,18032.0,35920.0,0.01673038,-0.02749592,0.05263416,0.9929611028618458,-0.0546598682204429,0.1050740072972886,1.004613,0.0003078916,2.050475805184496,0.1187195885447574
path_a_only,45.75042536199908,0.0,0.0,-0.0049596726894378,0.0009254290890333,-0.0089111328125,-0.0018310546875,16384,268733.0,5184.0,18032.0,35920.0,0.01676222,-0.02753015,0.05262605,0.9929590601074028,-0.0547279399940874,0.1050578770708168,1.004354,0.0003078743,2.0510484418373025,0.1187368343329835
path_a_only,46.0001302259916,0.0,0.0,-0.0049580857157707,0.0009328061527382,-0.0096435546875,-0.0018310546875,16384,268984.0,5214.0,18048.0,35920.0,0.01671635,-0.02744296,0.05262602,0.992968594762369,-0.0545547873077674,0.1050578174028501,1.00455,0.0003078091,2.049751429194517,0.1186563174308174
path_a_only,46.25043240499508,0.0,0.0,-0.0049850270152091,0.000928906940932,-0.0091552734375,-0.00146484375,16384,269235.0,5244.0,18032.0,35920.0,0.01676012,-0.02744095,0.05261148,0.9929718641262372,-0.0545509631350207,0.1050288982837927,1.004866,0.0003077858,2.049835362586368,0.1186286962474685
path_a_only,46.50027312099701,0.0,0.0,-0.0050070658326148,0.0009446440215925,-0.0091552734375,-0.0020751953125,16384,269485.0,5274.0,18048.0,35920.0,0.01667743,-0.02746688,0.05264525,0.9929619485620662,-0.0546020689729732,0.1050960644919459,1.004511,0.0003078602,2.049956903759016,0.1187124480595736
path_a_only,46.75040786700265,0.0,0.0,-0.0049523264169692,0.0009386805400453,-0.0093994140625,-0.001708984375,16384,269736.0,5304.0,18032.0,35920.0,0.01670793,-0.02753406,0.05269131,0.9929449322785012,-0.0547349497450769,0.1051876738921736,1.004459,0.0003078663,2.0505951501210475,0.118856039202588
path_a_only,47.000132535002194,0.0,0.0,-0.0049892365932464,0.0009234762993132,-0.009033203125,-0.0015869140625,16384,269986.0,5334.0,18032.0,35920.0,0.01678418,-0.02743139,0.05266466,0.9929617472765988,-0.0545313646367828,0.1051346694304712,1.004602,0.0003077969,2.049276871314178,0.1187141476082389
path_a_only,47.25044565099233,0.0,0.0,-0.0049655809998512,0.000924419226796,-0.0089111328125,-0.0018310546875,16384,270238.0,5364.0,18032.0,35920.0,0.01668242,-0.02744186,0.05266648,0.992960223051579,-0.0545521362505336,0.1051382892568719,1.004509,0.0003077021,2.04941847057619,0.1187270165770418
path_a_only,47.5004027029936,0.0,0.0,-0.0049320235848426,0.000926956854982,-0.0089111328125,-0.001953125,16384,270488.0,5394.0,18032.0,35920.0,0.01668332,-0.02746689,0.05266961,0.9929568337351422,-0.0546018076325076,0.1051445145594568,1.004689,0.0003078086,2.049766410093234,0.1187556274608697
path_a_only,47.75042236299487,0.0,0.0,-0.0049986094236373,0.0009260932507921,-0.00927734375,-0.0018310546875,16384,270739.0,5424.0,18048.0,35920.0,0.01662508,-0.02750647,0.05268146,0.9929500199109678,-0.0546802728899685,0.1051680831597077,1.004456,0.0003078817,2.0502622486103315,0.1188131255454406
path_a_only,48.000129034990096,0.0,0.0,-0.005022644996643,0.0009367077829242,-0.009033203125,-0.0020751953125,16384,270989.0,5454.0,18048.0,35936.0,0.01666878,-0.02745799,0.0526353,0.992965007292162,-0.0545845288842932,0.1050762746758591,1.004569,0.0003078889,2.049902507374881,0.1186866187699769
path_a_only,48.25043261999963,0.0,0.0,-0.0049659386277198,0.0009313944028037,-0.009765625,-0.0020751953125,16384,271239.0,5484.0,18048.0,35936.0,0.01666265,-0.02749782,0.05258538,0.992971125943532,-0.0546642046893675,0.1049769868500371,1.004478,0.0003079409,2.050886609521708,0.1186349333350766
path_a_only,48.50028569799906,0.0,0.0,-0.0049551278352737,0.000939531406911,-0.0086669921875,-0.001953125,16384,271489.0,5514.0,18048.0,35936.0,0.0167201,-0.02754962,0.05265552,0.992950743809616,-0.0547662646752401,0.1051164907207811,1.004521,0.0003079124,2.0511067376111347,0.1188070182809863
path_a_only,48.75041463600064,0.0,0.0,-0.0049837604165077,0.0009325796024235,-0.00927734375,-0.002197265625,16384,271740.0,5544.0,18048.0,35920.0,0.01669908,-0.0274591,0.05267134,0.9929573210533018,-0.0545863173888841,0.1051479553798843,1.004637,0.0003078381,2.049636988763164,0.1187515141913741
path_a_only,49.000142477001646,0.0,0.0,-0.0049657151103019,0.0009177797294375,-0.009033203125,-0.001953125,16384,271990.0,5574.0,18048.0,35952.0,0.01666908,-0.02750624,0.05260521,0.9929660473876952,-0.0546806973496203,0.1050164276321405,1.004577,0.0003078583,2.050856306407354,0.1186778344617664
path_a_only,49.25042800599476,0.0,0.0,-0.0049806907773017,0.0009454878898574,-0.0096435546875,-0.00146484375,16384,272240.0,5604.0,18048.0,35920.0,0.01668935,-0.02736253,0.05260492,0.9929817835170984,-0.0543953001252213,0.1050158508392402,1.004453,0.0003078675,2.0487181703059125,0.1185448531865957
path_a_only,49.50042534898967,0.0,0.0,-0.0049342215061187,0.0009367422542684,-0.0087890625,-0.001953125,16384,272490.0,5634.0,18048.0,35920.0,0.01665273,-0.02750653,0.05268643,0.9929489695110032,-0.0546803345612291,0.1051779680318508,1.004558,0.0003078337,2.0502242434703524,0.1188219868248543
path_a_only,49.75043325999286,0.0,0.0,-0.0049579441547393,0.0009423882793227,-0.0093994140625,-0.001708984375,16384,272740.0,5664.0,18032.0,35920.0,0.0166916,-0.02748312,0.05266353,0.992956337390278,-0.0546341092206246,0.1051324219551369,1.004659,0.0003077465,2.050055399875446,0.1187598167756289
path_a_only,50.000142434990266,0.0,0.0,-0.0049209669232368,0.0009162385358474,-0.0087890625,-0.001708984375,16384,272973.0,5692.0,18016.0,35920.0,0.01666713,-0.02747209,0.05266406,0.9929574311043636,-0.0546121984705798,0.105133476080803,1.004879,0.0003076854,2.04988718840855,0.1187505852720797
path_a_only,50.250402423989726,0.0,0.0,-0.0049582198262214,0.0009227147136109,-0.0089111328125,-0.001708984375,16384,273240.0,5724.0,18032.0,35920.0,0.01665833,-0.02743068,0.0526625,0.992962278199322,-0.0545299795350703,0.1051303733709573,1.004832,0.0003076224,2.049283191361837,0.1187096647235802
path_a_only,50.50042468200263,0.0,0.0,-0.0050087049603462,0.0009456367041865,-0.009521484375,-0.001708984375,16384,273490.0,5754.0,18048.0,35920.0,0.0166834,-0.02746581,0.05261795,0.9929677935178978,-0.0546002590054929,0.1050417667060618,1.004861,0.0003076604,2.050154792481353,0.1186630857592731
path_a_only,50.75016265899467,0.0,0.0,-0.0049608647823333,0.0009210240741037,-0.0093994140625,-0.00146484375,16384,273740.0,5784.0,18032.0,35920.0,0.01666792,-0.0274345,0.05262283,0.9929701869271944,-0.0545380230287579,0.1050514727068947,1.004655,0.0003076918,2.049650436733684,0.118642866843943
path_a_only,51.00014353600272,0.0,0.0,-0.0049895942211151,0.0009243938136592,-0.0093994140625,-0.0020751953125,16384,273990.0,5814.0,18048.0,35920.0,0.01671213,-0.02748867,0.05261397,0.992966130993962,-0.0546457033793851,0.105033850738958,1.004489,0.0003077518,2.050526192601412,0.1186771283223584
path_a_only,51.25042553599633,0.0,0.0,-0.0049082264304161,0.0009245757459712,-0.009033203125,-0.001708984375,16384,274241.0,5844.0,18032.0,35920.0,0.01673098,-0.02746613,0.05266467,0.9929579539411182,-0.0546003553718561,0.1051346893196311,1.004763,0.000307701,2.049793753294205,0.1187461720114195
path_a_only,51.50042119900172,0.0,0.0,-0.0049316510558128,0.0009246896398274,-0.0091552734375,-0.00146484375,16384,274492.0,5874.0,18032.0,35920.0,0.0166559,-0.0273997,0.05257156,0.9929847309563056,-0.0544695018878863,0.104949499530577,1.004749,0.000307698,2.049533484778414,0.1185199287554082
path_a_only,51.75042535900138,0.0,0.0,-0.0049678310751914,0.0009256919009013,-0.0089111328125,-0.0015869140625,16384,274742.0,5904.0,18032.0,35920.0,0.01665032,-0.02745073,0.05259371,0.9929745233952588,-0.0545705904490126,0.1049935547831599,1.004774,0.000307675,2.050120237616728,0.118606224721827
path_a_only,52.00014966599701,0.0,0.0,-0.0049153864383697,0.0009261181079589,-0.00927734375,-0.0015869140625,16384,274975.0,5932.0,18032.0,35904.0,0.0166538,-0.0274277,0.05258762,0.9929783126876088,-0.0545249240956387,0.1049814420954218,1.004898,0.0003075931,2.049824929307197,0.1185741968774411
path_a_only,52.25014264399943,0.0,0.0,-0.0049326717853546,0.0009406742339497,-0.0089111328125,-0.001953125,16384,275225.0,5962.0,18032.0,35904.0,0.01667847,-0.02746314,0.05257112,0.992977904089022,-0.0545954964219484,0.1049486243902901,1.004779,0.0003075276,2.050482200645086,0.1185776508472359
path_a_only,52.5001406520023,0.0,0.0,-0.0049426406621932,0.0009260950528629,-0.0089111328125,-0.002197265625,16384,275475.0,5992.0,18032.0,35904.0,0.0166533,-0.02746421,0.05260263,0.9929711813932026,-0.054597258179768,0.1050112961630284,1.004625,0.0003074907,2.0502510332987898,0.1186344648384821
path_a_only,52.75027576299908,0.0,0.0,-0.0049707293510437,0.0009332352338597,-0.0089111328125,-0.001708984375,16384,275741.0,6024.0,18000.0,35904.0,0.01665922,-0.02739128,0.05264366,0.9929705267436864,-0.0544519508019821,0.1050929021020183,1.004678,0.0003074938,2.0488437559895765,0.1186399958822833
path_a_only,53.00013770400256,0.0,0.0,-0.0049717351794242,0.0009281151854593,-0.009033203125,-0.0020751953125,16384,275975.0,6052.0,18000.0,35904.0,0.01668638,-0.02751226,0.05262504,0.9929612295312006,-0.0546924235550233,0.1050558682490618,1.004716,0.0003074495,2.0507903303495905,0.1187185190669311
path_a_only,53.25042008899618,0.0,0.0,-0.0050085186958312,0.0009379858223514,-0.009033203125,-0.001708984375,16384,276241.0,6084.0,18016.0,35888.0,0.01664685,-0.02743758,0.05265945,0.9929621659025396,-0.0545437175818238,0.1051243071724692,1.004485,0.0003074997,2.0494097472175,0.1187106129236872
path_a_only,53.50015827998868,0.0,0.0,-0.0049709156155586,0.00094352683917,-0.009033203125,-0.001708984375,16384,276492.0,6114.0,18016.0,35904.0,0.01670655,-0.02745017,0.05265479,0.9929617704162148,-0.0545687741115581,0.1051150388091926,1.004678,0.0003075215,2.0496335788702424,0.1187139522307177
path_a_only,53.75043555498996,0.0,0.0,-0.0049313828349113,0.0009132093484913,-0.009033203125,-0.0018310546875,16384,276742.0,6144.0,18000.0,35904.0,0.01667153,-0.02741332,0.0526697,0.9929626591761448,-0.0544954208870274,0.1051446935617066,1.004654,0.0003074893,2.0489684765855234,0.118706447814214
path_a_only,54.00014882699179,0.0,0.0,-0.0050282329320907,0.0009355639902371,-0.0096435546875,-0.001953125,16384,276992.0,6174.0,18016.0,35888.0,0.01667225,-0.02740079,0.05261671,0.9929751454492686,-0.0544711472810274,0.1050393004255674,1.004756,0.0003074694,2.049196212160261,0.1186009675895568
path_a_only,54.250435908994405,0.0,0.0,-0.0049250349402427,0.0009260324260579,-0.0091552734375,-0.001953125,16384,277242.0,6204.0,18000.0,35888.0,0.01667353,-0.0274252,0.05264094,0.9929674012692932,-0.0545193451389044,0.105087492224961,1.004555,0.0003074688,2.04937022688778,0.118666399049085
path_a_only,54.50043464099872,0.0,0.0,-0.0050125569105148,0.0009543594034925,-0.009521484375,-0.001220703125,16384,277492.0,6234.0,18000.0,35888.0,0.01669265,-0.02747158,0.05268289,0.9929535327520448,-0.0546109681867563,0.105170927299035,1.004708,0.0003073565,2.049732293200762,0.1187834860864621
path_a_only,54.75043461700261,0.0,0.0,-0.0049523636698722,0.0009335318410776,-0.00927734375,-0.001708984375,16384,277743.0,6264.0,18000.0,35888.0,0.01669138,-0.02749655,0.052629,0.992962116661227,-0.0546611789509502,0.1050637444190329,1.004456,0.0003073162,2.0505256147839104,0.1187110287000766
path_a_only,55.00014303599892,0.0,0.0,-0.0049325674772262,0.0009310861085862,-0.009033203125,-0.0015869140625,16384,277977.0,6292.0,18000.0,35872.0,0.01669597,-0.02759814,0.05264535,0.9929475592240068,-0.0548627382996226,0.1050962633843587,1.004427,0.0003072042,2.0519072471469944,0.1188338831130961
path_a_only,55.250367237997125,0.0,0.0,-0.0050176158547401,0.0009456558426213,-0.00927734375,-0.0018310546875,16384,278244.0,6324.0,18000.0,35856.0,0.01668242,-0.02742266,0.05262127,0.9929718053721112,-0.0545145274463015,0.1050483699700116,1.004568,0.0003071974,2.049486321240563,0.1186291926875131
path_a_only,55.50042167099309,0.0,0.0,-0.0049484148621559,0.0009245089531141,-0.009033203125,-0.001953125,16384,278494.0,6354.0,18000.0,35856.0,0.01670268,-0.02742357,0.05262238,0.9929714732948788,-0.0545163218704166,0.1050505776867449,1.004652,0.0003071679,2.04949118645939,0.1186319985185946
path_a_only,55.750437304988736,0.0,0.0,-0.0049754902720451,0.000933997829858,-0.00927734375,-0.0020751953125,16384,278745.0,6384.0,18000.0,35856.0,0.01667643,-0.02747208,0.052637,0.9929631119799244,-0.0546124909967671,0.1050796558534145,1.004683,0.0003071898,2.0500988788468995,0.1187026242962785
path_a_only,56.0001401030022,0.0,0.0,-0.0049821510910987,0.0009561472530902,-0.00927734375,-0.001708984375,16384,278978.0,6412.0,18000.0,35872.0,0.0166288,-0.02748714,0.05265972,0.9929566979699348,-0.0546421366044388,0.1051248441803621,1.004794,0.000307201,2.050145013863913,0.1187567733787213
path_a_only,56.25039971800288,0.0,0.0,-0.0049691274762153,0.0009255149253348,-0.009521484375,-0.0018310546875,16384,279244.0,6444.0,18000.0,35888.0,0.01669912,-0.02741779,0.05261965,0.9929726761364268,-0.0545048745523514,0.1050451478960123,1.004352,0.0003072338,2.0494264638074275,0.118621834996241
path_a_only,56.50042476499221,0.0,0.0,-0.0050108581781387,0.0009296738621088,-0.0093994140625,-0.002197265625,16384,279494.0,6474.0,17984.0,35872.0,0.01665913,-0.02746473,0.0526744,0.9929560637949014,-0.0545974627541997,0.10515404145224,1.004741,0.0003072307,2.049696808930188,0.1187621259481835
path_a_only,56.750448769002105,0.0,0.0,-0.0050261095166206,0.0009390760776649,-0.009033203125,-0.0020751953125,16384,279744.0,6504.0,18000.0,35856.0,0.01665095,-0.02745608,0.05263796,0.9929646576205704,-0.0545807050760041,0.1050815652237326,1.004634,0.0003072768,2.049853254012053,0.118689571837043
path_a_only,57.000154023000505,0.0,0.0,-0.0049585998058319,0.0009170195805099,-0.00927734375,-0.0020751953125,16384,279978.0,6532.0,18000.0,35856.0,0.01672762,-0.02744215,0.05265109,0.9929634222244548,-0.0545528896666411,0.1051076798018048,1.004586,0.000307309,2.0495431620062803,0.1187000044913602
path_a_only,57.250444913996034,0.0,0.0,-0.0050530210137367,0.0009413084918683,-0.00927734375,-0.0013427734375,16384,280246.0,6564.0,18000.0,35888.0,0.01676382,-0.02749054,0.05264831,0.9929587214458496,-0.054649020524854,0.1051021505978725,1.004655,0.0003073033,2.0502849282763487,0.1187396932146849
path_a_only,57.50017035799101,0.0,0.0,-0.0050349086523056,0.0009403280670701,-0.0091552734375,-0.001953125,16384,280496.0,6594.0,18000.0,35888.0,0.01660823,-0.02743097,0.05259007,0.992977442426331,-0.0545313899646585,0.1049863150176488,1.004561,0.0003073464,2.0498544471684648,0.118581553258581
path_a_only,57.75041956300265,0.0,0.0,-0.0049933418631553,0.0009209109765724,-0.0093994140625,-0.0018310546875,16384,280746.0,6624.0,18016.0,35888.0,0.01664698,-0.02743189,0.05256192,0.9929832423491912,-0.0545335410789379,0.1049303259838589,1.004676,0.0003073352,2.0500888280417806,0.1185325175162497
path_a_only,58.000141502998304,0.0,0.0,-0.0049497485160827,0.0009124424314195,-0.0089111328125,-0.0020751953125,16384,280979.0,6652.0,18016.0,35872.0,0.01662968,-0.02751474,0.05263018,0.9929598798525728,-0.0546972892387237,0.1050660913572953,1.004653,0.0003073248,2.0507869119456705,0.1187299140005697
path_a_only,58.25043734000064,0.0,0.0,-0.0049871131777763,0.0009184957197407,-0.009033203125,-0.0020751953125,16384,281228.0,6682.0,18000.0,35856.0,0.01663017,-0.02750685,0.05262598,0.992961624037112,-0.0546816688512192,0.1050577378455605,1.004561,0.0003073183,2.050702496573356,0.1187151881657204
path_a_only,58.50041985500138,0.0,0.0,-0.0050176084041595,0.0009378793900035,-0.0091552734375,-0.002197265625,16384,281494.0,6714.0,18016.0,35856.0,0.01660062,-0.02745344,0.0526005,0.9929728038527448,-0.0545758941175113,0.1050070597154917,1.004643,0.0003072938,2.0501073748571983,0.1186207557943486
path_a_only,58.75040619299398,0.0,0.0,-0.0049803778529167,0.0009333693657609,-0.0091552734375,-0.001708984375,16384,281743.0,6744.0,18000.0,35856.0,0.01663223,-0.02749523,0.05259299,0.9929698136411902,-0.0546589732751523,0.1049921227420716,1.004649,0.0003073105,2.050788350822096,0.1186460204952505
path_a_only,59.00014004600234,0.0,0.0,-0.0050168633460998,0.0009265249964889,-0.0091552734375,-0.0015869140625,16384,281977.0,6772.0,18000.0,35856.0,0.01674498,-0.02744704,0.05261889,0.9929696453291356,-0.0545629721210056,0.105043636305361,1.004479,0.0003073186,2.049868006935152,0.1186474424273289
path_a_only,59.25043055899732,0.0,0.0,-0.0050390809774398,0.0009245606189021,-0.009033203125,-0.0018310546875,16384,282244.0,6804.0,18000.0,35888.0,0.01666782,-0.02755141,0.05264155,0.9929534798495652,-0.0547699811697786,0.1050887054697186,1.004783,0.0003072974,2.051242886351884,0.1187839325036547
path_a_only,59.500426785991294,0.0,0.0,-0.0049867630004882,0.0009353075469514,-0.0091552734375,-0.00146484375,16384,282494.0,6834.0,18016.0,35856.0,0.01668928,-0.02747355,0.05259039,0.9929727278424798,-0.0546159480356988,0.1049869514807739,1.004758,0.0003072506,2.050486049367781,0.1186213980816733
path_a_only,59.7504220129922,0.0,0.0,-0.0050458014011383,0.0009327837025271,-0.0093994140625,-0.00146484375,16384,282744.0,6864.0,18000.0,35856.0,0.01658855,-0.02743158,0.05261453,0.992972246506138,-0.0545323196998,0.105034964543777,1.004366,0.0003072771,2.0496719370176297,0.1186254652971165
path_a_only,60.00013725599274,0.0,0.0,-0.0049798414111137,0.0009252319612682,-0.0091552734375,-0.00146484375,16384,282976.0,6892.0,18000.0,35872.0,0.0166078,-0.02753757,0.05262723,0.9929580002720152,-0.05474266185212,0.1050602240105421,1.004653,0.0003072367,2.0511495013306744,0.1187457809248322
path_b_only,9.19699959922582e-06,0.0,0.0,-0.005001924932003,0.000931821007597,-0.0091552734375,-0.00146484375,16384,298469.0,8760.0,4144.0,49792.0,0.01667867,-1.52445,-0.05304002,-0.9901100290381872,-0.0920396764749372,-0.1058811992394718,1.000366,0.0003867879,-2.2863735423543616,3.000835301999344
path_b_only,0.2504019470070489,0.0,0.0,-0.0049966424703598,0.0009453540919587,-0.00927734375,-0.0018310546875,16384,298719.0,8790.0,4144.0,49792.0,0.01667845,-1.524481,-0.0530632,-0.9901108449228756,-0.0919778353357178,-0.105927298526229,1.000356,0.0003868091,-2.285825267312048,3.0008411176946246
path_b_only,0.5004152590117883,0.0,0.0,-0.0049981847405433,0.0009254286093693,-0.0086669921875,-0.0020751953125,16384,298953.0,8818.0,4144.0,49792.0,0.0167631,-1.524515,-0.05305388,-0.9901190629868716,-0.0919106900723817,-0.105908763378759,1.000354,0.000386801,-2.285550379641639,3.0008997100691146
path_b_only,0.7504283810121706,0.0,0.0,-0.0050377547740936,0.0009452283248234,-0.009033203125,-0.001220703125,16384,299204.0,8848.0,4144.0,49792.0,0.01673163,-1.524469,-0.05304674,-0.9901121088022544,-0.0920019205560694,-0.1058945636808032,1.000383,0.0003868071,-2.286107908106328,3.0008501272054
path_b_only,1.0004073570016772,0.0,0.0,-0.0050392523407936,0.0009487617737662,-0.0091552734375,-0.001708984375,16384,299454.0,8878.0,4144.0,49792.0,0.016711,-1.524513,-0.05305957,-0.990117495190273,-0.091914539136011,-0.1059200793690898,1.000329,0.0003868298,-2.285518221726636,3.000888530270465
path_b_only,1.2504091070004506,0.0,0.0,-0.0049712136387825,0.000927613167233,-0.00927734375,-0.001708984375,16384,299705.0,8908.0,4144.0,49792.0,0.0166602,-1.524489,-0.05304841,-0.9901154359094108,-0.0919622832877447,-0.1058978849006072,1.00031,0.0003868482,-2.285879039261238,3.0008738470879432
path_b_only,1.50012753700139,0.0,0.0,-0.0049986913800239,0.0009365891945506,-0.0091552734375,-0.0018310546875,16384,299955.0,8938.0,4144.0,49792.0,0.01669142,-1.524507,-0.0530481,-0.9901188112853474,-0.091926645142179,-0.1058972683868406,1.000306,0.0003868527,-2.2856900371824804,3.0008979151515875
path_b_only,1.7504293550009606,0.0,0.0,-0.0049582347273826,0.0009294193105515,-0.0091552734375,-0.001953125,16384,300205.0,8968.0,4160.0,49792.0,0.01667112,-1.524476,-0.05306643,-0.9901092437182988,-0.0919876731351809,-0.1059337221792646,1.00037,0.0003868741,-2.2858481946327007,3.000829704397994
path_b_only,2.000418188006733,0.0,0.0,-0.0050229877233505,0.0009460860642909,-0.0093994140625,-0.0015869140625,16384,300455.0,8998.0,4144.0,49792.0,0.01669152,-1.524525,-0.05305456,-0.9901207575821472,-0.0918908743622081,-0.105910115729819,1.000301,0.0003868864,-2.28543732454995,3.000911795048816
path_b_only,2.250423363002483,0.0,0.0,-0.0049653574824333,0.0009342072524604,-0.0091552734375,-0.001953125,16384,300706.0,9028.0,4144.0,49808.0,0.01684552,-1.52453,-0.05305177,-0.990122264876156,-0.0918810277554068,-0.1059045671117231,1.000294,0.0003868965,-2.28541021344336,3.0009225451591317
path_b_only,2.5004260600107955,0.0,0.0,-0.0050026774406433,0.0009424853328689,-0.009033203125,-0.0015869140625,16384,300958.0,9058.0,4144.0,49808.0,0.01669508,-1.5245,-0.05303356,-0.990120590097772,-0.091940791488782,-0.1058683518567094,1.000372,0.0003869152,-2.2859014120337813,3.000910600590688
path_b_only,2.750412336012232,0.0,0.0,-0.0049858689308166,0.0009190098253739,-0.009033203125,-0.001953125,16384,301208.0,9088.0,4144.0,49792.0,0.01667095,-1.524513,-0.05306087,-0.9901172209737388,-0.0919145136799551,-0.1059226647428116,1.000303,0.0003869068,-2.285506002160896,3.000886574950818
path_b_only,3.0001743050088407,0.0,0.0,-0.0049841627478599,0.0009460396134329,-0.0093994140625,-0.0018310546875,16384,301458.0,9118.0,4144.0,49792.0,0.01668112,-1.524501,-0.05303601,-0.9901202574326268,-0.0919387632830567,-0.1058732243181965,1.000314,0.0003869144,-2.2858677066095856,3.0009082281330643
path_b_only,3.25040407400229,0.0,0.0,-0.0049858838319778,0.0009554299021302,-0.009033203125,-0.002197265625,16384,301708.0,9148.0,4160.0,49808.0,0.0167502,-1.524481,-0.05303079,-0.990117679613844,-0.0919784702546096,-0.1058628429890277,1.000317,0.0003869379,-2.286130025540477,3.0008898453304607
path_b_only,3.500424562007538,0.0,0.0,-0.0049228146672248,0.0009249144318835,-0.0086669921875,-0.001708984375,16384,301960.0,9178.0,4144.0,49792.0,0.01679278,-1.524517,-0.05304947,-0.9901203607000164,-0.091906815928874,-0.1058999929796304,1.000341,0.0003869607,-2.2855705082369813,3.0009089645976266
path_b_only,3.750426596001489,0.0,0.0,-0.0049349963665008,0.000925466046259,-0.0093994140625,-0.0020751953125,16384,302211.0,9208.0,4144.0,49792.0,0.01672088,-1.524494,-0.05302236,-0.9901218477785964,-0.0919528921998361,-0.1058460777146856,1.000374,0.0003869625,-2.2860707400795226,3.000919570312917
path_b_only,4.000403181998991,0.0,0.0,-0.0049459710717201,0.0009339724795212,-0.010009765625,-0.001953125,16384,302462.0,9238.0,4144.0,49808.0,0.01675477,-1.524458,-0.0530287,-0.9901138881557262,-0.0920240565210966,-0.1058586864766047,1.000346,0.0003869887,-2.2863947945851657,3.0008628122226417
path_b_only,4.250421806005761,0.0,0.0,-0.0049588084220886,0.0009310391261776,-0.0089111328125,-0.001953125,16384,302713.0,9268.0,4144.0,49808.0,0.0167479,-1.524486,-0.05305666,-0.9901131441573984,-0.0919680623600091,-0.1059142921068557,1.000329,0.000386997,-2.2858334528712905,3.000857508117744
path_b_only,4.500392990012188,0.0,0.0,-0.0049397125840187,0.0009065311223123,-0.00927734375,-0.0020751953125,16384,302964.0,9298.0,4160.0,49792.0,0.01673877,-1.524465,-0.05303793,-0.990113230458962,-0.0920100140841386,-0.1058770427352179,1.000402,0.0003870237,-2.286233386260786,3.000858123367744
path_b_only,4.750448130012956,0.0,0.0,-0.0049215406179428,0.0009231433782034,-0.0089111328125,-0.001953125,16384,303215.0,9328.0,4144.0,49808.0,0.01667142,-1.524467,-0.05301952,-0.9901174794895542,-0.0920064142712724,-0.105840429620231,1.000383,0.0003870338,-2.286385261970901,3.0008884183146933
path_b_only,5.000125978011056,0.0,0.0,-0.0049688965082168,0.0009370674538411,-0.0087890625,-0.001708984375,16384,303465.0,9358.0,4144.0,49808.0,0.0168042,-1.524473,-0.05301877,-0.9901187415739016,-0.0919945475424007,-0.1058389380454213,1.000334,0.0003870235,-2.2863283750595245,3.000897418033885
path_b_only,5.250425653008279,0.0,0.0,-0.0049340352416038,0.0009262333859484,-0.0091552734375,-0.001953125,16384,303700.0,9386.0,4144.0,49808.0,0.01669967,-1.524436,-0.05303669,-0.9901081536569124,-0.0920674648076914,-0.1058745766744035,1.000376,0.0003870462,-2.286553983478244,3.000821935027337
path_b_only,5.50041909700667,0.0,0.0,-0.0049047470092773,0.000916638792432,-0.00927734375,-0.0020751953125,16384,303950.0,9416.0,4144.0,49808.0,0.01668053,-1.524423,-0.0530414,-0.9901047664721798,-0.0920931152172249,-0.1058839437245201,1.00038,0.0003870612,-2.286648112540709,3.000797795716092
path_b_only,5.750380791010684,0.0,0.0,-0.0049152672290802,0.0009424560069906,-0.009033203125,-0.001953125,16384,304217.0,9448.0,4144.0,49808.0,0.01664737,-1.524485,-0.05303682,-0.9901171441045202,-0.091970431220661,-0.1058748352130678,1.000282,0.00038708,-2.2860306707496614,3.000886026834472
path_b_only,6.000414340000134,0.0,0.0,-0.0049503222107887,0.0009368489477887,-0.009521484375,-0.0015869140625,16384,304467.0,9478.0,4128.0,49808.0,0.01664788,-1.524483,-0.05303934,-0.990116244880596,-0.0919743423315489,-0.1058798468842238,1.000356,0.0003870989,-2.2860282894643764,3.0008796150713164
path_b_only,6.250422210010584,0.0,0.0,-0.0049479082226753,0.000911102864631,-0.00927734375,-0.001708984375,16384,304717.0,9508.0,4144.0,49808.0,0.01671477,-1.524464,-0.05304338,-0.99011189726963,-0.0920118875173803,-0.1058878814625283,1.00036,0.0003871261,-2.286192784879411,3.000848619264102
path_b_only,6.500137402006658,0.0,0.0,-0.0049157068133354,0.0009276703806391,-0.0091552734375,-0.00146484375,16384,304951.0,9536.0,4144.0,49808.0,0.01680607,-1.524527,-0.05304661,-0.9901228017782916,-0.0918870694769078,-0.1058943051426851,1.00033,0.0003871558,-2.2854907291097573,3.0009263745741515
path_b_only,6.750430142012192,0.0,0.0,-0.0049300342798233,0.000944131891099,-0.0096435546875,-0.0018310546875,16384,305219.0,9568.0,4144.0,49824.0,0.01663587,-1.524476,-0.05303373,-0.9901161399582168,-0.0919883138413126,-0.1058686899459559,1.00036,0.0003872284,-2.2861556642925023,3.0008788669590563
path_b_only,7.0004272690130165,0.0,0.0,-0.0049334540963172,0.0009289234432925,-0.009521484375,-0.001708984375,16384,305452.0,9596.0,4144.0,49840.0,0.01664568,-1.524432,-0.0530251,-0.990109860448529,-0.092075612891373,-0.1058515269293382,1.000336,0.0003872423,-2.286705618468625,3.000834100307713
path_b_only,7.25042398700316,0.0,0.0,-0.0049228146672248,0.0009222003966114,-0.0087890625,-0.001708984375,16384,305701.0,9626.0,4144.0,49824.0,0.01665527,-1.524447,-0.0530386,-0.9901097761898696,-0.0920456449679058,-0.1058783752032902,1.000327,0.0003872634,-2.286418855702456,3.000833499723532
path_b_only,7.500437854003394,0.0,0.0,-0.0049336329102516,0.0009289029076251,-0.0089111328125,-0.0018310546875,16384,305951.0,9656.0,4144.0,49840.0,0.01664567,-1.524468,-0.05303907,-0.9901135421344912,-0.0920040510675672,-0.1058793099195857,1.000331,0.0003872923,-2.2861906960631817,3.000860345347063
path_b_only,7.750431051012129,0.0,0.0,-0.0049648135900497,0.0009357623683318,-0.00927734375,-0.001953125,16384,306203.0,9686.0,4144.0,49840.0,0.0168094,-1.524452,-0.05300881,-0.9901169759948576,-0.0920363275670131,-0.1058191299093696,1.000325,0.000387309,-2.2866458771145366,3.000884828135074
path_b_only,8.000407119005104,0.0,0.0,-0.0048987120389938,0.0009173722595773,-0.0089111328125,-0.0018310546875,16384,306454.0,9716.0,4144.0,49840.0,0.01673542,-1.524485,-0.0530402,-0.990116431435856,-0.0919703650219847,-0.1058815572158282,1.000329,0.0003873355,-2.2859988825386237,3.0008809452479883
path_b_only,8.250444069999503,0.0,0.0,-0.0049044042825698,0.0009362174678853,-0.009033203125,-0.0010986328125,16384,306705.0,9746.0,4144.0,49840.0,0.01669927,-1.524456,-0.05302898,-0.99011346102498,-0.0920280114895717,-0.105859243330051,1.000307,0.0003873384,-2.286413469325176,3.000859767102429
path_b_only,8.500157996008056,0.0,0.0,-0.004995010793209,0.0009569730190681,-0.0091552734375,-0.0018310546875,16384,306955.0,9776.0,4144.0,49840.0,0.0166677,-1.524413,-0.05304219,-0.9901027578333198,-0.0921129017967207,-0.1058855148424093,1.000338,0.0003873205,-2.286747144654449,3.000783482773204
path_b_only,8.750420215001213,0.0,0.0,-0.0049828737974166,0.00094487007709,-0.00927734375,-0.001708984375,16384,307205.0,9806.0,4144.0,49856.0,0.01667423,-1.524444,-0.05301544,-0.9901141060633502,-0.0920520395253799,-0.1058323154503903,1.000278,0.0003873728,-2.286668706257849,3.000864365764937
path_b_only,9.00040970199916,0.0,0.0,-0.0049907267093658,0.0009229733067556,-0.00927734375,-0.0018310546875,16384,307455.0,9836.0,4160.0,49856.0,0.01663873,-1.524422,-0.05305263,-0.9901022141023424,-0.0920948751489216,-0.1059062774387996,1.000342,0.0003874047,-2.286553142986259,3.0007796085620035
path_b_only,9.250436914007878,0.0,0.0,-0.0049858689308166,0.0009447993724185,-0.0091552734375,-0.001708984375,16384,307706.0,9866.0,4144.0,49856.0,0.01676153,-1.5244,-0.05301712,-0.9901056475778216,-0.0921391362602376,-0.1058356565800017,1.00035,0.0003874317,-2.287121398919129,3.000804074660069
path_b_only,9.500421803008066,0.0,0.0,-0.0050275102257728,0.0009341803647294,-0.0093994140625,-0.0018310546875,16384,307957.0,9896.0,4144.0,49856.0,0.01665097,-1.524429,-0.0530351,-0.9901071998448784,-0.0920813574896331,-0.1058714145470838,1.000338,0.000387462,-2.286643485677906,3.0008151371181184
path_b_only,9.75042316300096,0.0,0.0,-0.004956230521202,0.0009322708660493,-0.0096435546875,-0.0018310546875,16384,308207.0,9926.0,4144.0,49856.0,0.01667733,-1.524394,-0.05303579,-0.9901006062493194,-0.0921506512283367,-0.1058727867911465,1.00031,0.0003874526,-2.2870095755016515,3.0007681528502124
path_b_only,10.000403142999858,0.0,0.0,-0.0049882307648658,0.0009297704018946,-0.0091552734375,-0.0018310546875,16384,308457.0,9956.0,4160.0,49840.0,0.0166927,-1.524422,-0.05302758,-0.9901074959590868,-0.0920953664435885,-0.1058564590624876,1.000387,0.0003874236,-2.286788769633524,3.000817247517383
path_b_only,10.250420201002273,0.0,0.0,-0.0049546584486961,0.0009226470007543,-0.009033203125,-0.0018310546875,16384,308707.0,9986.0,4160.0,49856.0,0.01667805,-1.524455,-0.05304359,-0.9901101966131354,-0.0920297054006478,-0.1058882991013106,1.000365,0.0003874678,-2.286286700500031,3.000836496468311
path_b_only,10.500438779010436,0.0,0.0,-0.0049292221665382,0.0009122126940856,-0.0093994140625,-0.001708984375,16384,308957.0,10016.0,4160.0,49856.0,0.01672078,-1.524457,-0.05304153,-0.9901109991031756,-0.0920257853324583,-0.1058842022629251,1.000362,0.0003874697,-2.2862847667306325,3.0008422167316997
path_b_only,10.7504131780006,0.0,0.0,-0.0049450248479843,0.0009380289752437,-0.0093994140625,-0.0013427734375,16384,309208.0,10046.0,4144.0,49856.0,0.0166863,-1.524444,-0.0530423,-0.9901084437354408,-0.0920515130922856,-0.1058857336056388,1.000321,0.0003874657,-2.2864160106731624,3.000824002509309
path_b_only,11.000182454008607,0.0,0.0,-0.0049434751272201,0.0009250050198545,-0.0091552734375,-0.0020751953125,16384,309458.0,10076.0,4144.0,49856.0,0.01667725,-1.524466,-0.05304208,-0.990112539433351,-0.0920079525425193,-0.1058852960791748,1.000328,0.0003874512,-2.286183699504308,3.000853197071849
path_b_only,11.250400482007535,0.0,0.0,-0.0049633830785751,0.0009213315196482,-0.0098876953125,-0.0015869140625,16384,309708.0,10106.0,4144.0,49856.0,0.01665992,-1.524464,-0.05303824,-0.990112981074628,-0.0920119882362423,-0.1058776592503198,1.000371,0.000387428,-2.2862411262247515,3.0008563454963424
path_b_only,11.500150742009282,0.0,0.0,-0.0049889907240867,0.0009350178766179,-0.0091552734375,-0.001708984375,16384,309958.0,10136.0,4144.0,49856.0,0.01663805,-1.52445,-0.05304148,-0.9901097211881104,-0.09203964785749,-0.1058841028250778,1.000378,0.0003873873,-2.286359810561182,3.0008331076799
path_b_only,11.750376354000764,0.0,0.0,-0.0049890950322151,0.0009318061531295,-0.0093994140625,-0.0013427734375,16384,310207.0,10166.0,4144.0,49840.0,0.0166501,-1.524463,-0.05304095,-0.9901122256393384,-0.0920139153593434,-0.1058830487838321,1.000326,0.0003873709,-2.2862262935812243,3.0008509601025497
path_b_only,12.000174411004991,0.0,0.0,-0.0049758329987525,0.0009317281576298,-0.009033203125,-0.0018310546875,16384,310457.0,10196.0,4144.0,49840.0,0.01662335,-1.524437,-0.05303783,-0.9901080974301124,-0.0920654622412851,-0.1058768438593699,1.000374,0.0003873404,-2.2865326100663914,3.000821534284533
path_b_only,12.250436681002611,0.0,0.0,-0.0049702674150466,0.0009215220926701,-0.0091552734375,-0.0020751953125,16384,310706.0,10226.0,4144.0,49824.0,0.0166321,-1.524453,-0.05303297,-0.9901120676767796,-0.0920338739801322,-0.1058671784880532,1.000316,0.0003873011,-2.286407896341901,3.0008498340351726
path_b_only,12.500433496010372,0.0,0.0,-0.0050177797675132,0.0009267683732169,-0.009033203125,-0.001708984375,16384,310956.0,10256.0,4144.0,49840.0,0.01661712,-1.524438,-0.05301377,-0.9901133533237632,-0.0920639536140522,-0.105828994207271,1.000281,0.0003872875,-2.2867483321048927,3.000858999284281
path_b_only,12.750425742007792,0.0,0.0,-0.0050249397754669,0.0009394915188983,-0.0096435546875,-0.0018310546875,16384,311205.0,10286.0,4144.0,49808.0,0.01663145,-1.524401,-0.05301439,-0.9901064072160956,-0.0921372095907283,-0.1058302272437764,1.000299,0.0003872624,-2.287136449360852,3.0008094882253613
path_b_only,13.000416907001636,0.0,0.0,-0.004915177822113,0.0009312737108763,-0.008544921875,-0.0015869140625,16384,311458.0,10316.0,4128.0,49824.0,0.01698657,-1.524377,-0.05299964,-0.9901050916057326,-0.0921850239773296,-0.1058008928634487,1.000331,0.0003872809,-2.287530698068436,3.000800112653735
path_b_only,13.2503935929999,0.0,0.0,-0.0050171092152595,0.000939719449303,-0.009521484375,-0.00146484375,16384,311714.0,10346.0,4144.0,49840.0,0.01704505,-1.524419,-0.05301248,-0.990110126040482,-0.0921016031440136,-0.1058264286953107,1.00034,0.0003873443,-2.286962807346677,3.0008359934274265
path_b_only,13.500418377007009,0.0,0.0,-0.004942387342453,0.0009313730316798,-0.0091552734375,-0.0018310546875,16384,311951.0,10374.0,4144.0,49840.0,0.01681962,-1.524383,-0.05300874,-0.9901042803046868,-0.0921729642061186,-0.1058189906954134,1.000316,0.000387326,-2.28738118672531,3.000794331303445
path_b_only,13.7503918959992,0.0,0.0,-0.0049338638782501,0.0009282423289103,-0.009033203125,-0.00146484375,16384,312204.0,10404.0,4144.0,49840.0,0.01679065,-1.524365,-0.05300631,-0.9901014734891423,-0.0922086555882083,-0.105814157981077,1.00035,0.0003873132,-2.287595555575083,3.0007743316889592
path_b_only,14.000186652003322,0.0,0.0,-0.0049679279327392,0.0009317990743456,-0.009033203125,-0.0018310546875,16384,312455.0,10434.0,4144.0,49808.0,0.01660235,-1.524395,-0.05300082,-0.9901081610065782,-0.0921493569953891,-0.1058032396172636,1.000365,0.0003871993,-2.287328048832498,3.000821987410371
path_b_only,14.250409415006288,0.0,0.0,-0.0049486607313156,0.0009096945934464,-0.00927734375,-0.001953125,16384,312718.0,10466.0,4144.0,49808.0,0.01635672,-1.52437,-0.05300155,-0.990103398492734,-0.0921988479655323,-0.1058046914222946,1.000331,0.0003871656,-2.287587184488825,3.0007880477582205
path_b_only,14.50042276699969,0.0,0.0,-0.0049525275826454,0.000923021342835,-0.00927734375,-0.001708984375,16384,312965.0,10496.0,4144.0,49840.0,0.01656483,-1.524336,-0.0530107,-0.9900951986432328,-0.092265995111387,-0.1058228886854028,1.000394,0.000387306,-2.2878626051104907,3.000729631257871
path_b_only,14.750428814004408,0.0,0.0,-0.0050086453557014,0.0009149964275895,-0.009521484375,-0.0018310546875,16384,313214.0,10526.0,4144.0,49856.0,0.016587,-1.524405,-0.05301544,-0.9901069229923474,-0.092129268145552,-0.1058323154503903,1.000261,0.0003873699,-2.2870839907593385,3.0008131640248203
path_b_only,15.000429671999882,0.0,0.0,-0.0050240010023117,0.0009400811004495,-0.009521484375,-0.0018310546875,16384,313463.0,10556.0,4144.0,49824.0,0.0166114,-1.52436,-0.05302458,-0.990096700905491,-0.0922181979653447,-0.1058504927720573,1.000392,0.000387277,-2.287476763058293,3.0007403317150114
path_b_only,15.25042244400538,0.0,0.0,-0.0049579888582229,0.0009394268689676,-0.0093994140625,-0.001953125,16384,313712.0,10586.0,4144.0,49840.0,0.01661317,-1.524387,-0.05301816,-0.9901030324329136,-0.0921648585721279,-0.1058377248977338,1.000402,0.0003873212,-2.2872499579954773,3.0007854394001887
path_b_only,15.500158729002578,0.0,0.0,-0.0049590393900871,0.0009301421041412,-0.0091552734375,-0.0015869140625,16384,313961.0,10616.0,4144.0,49856.0,0.01659813,-1.524438,-0.05302429,-0.9901111360262468,-0.0920637474425315,-0.1058499160304471,1.000341,0.0003873648,-2.28664933880551,3.0008431927619323
path_b_only,15.750446730002295,0.0,0.0,-0.0049848183989524,0.0009387199742705,-0.00927734375,-0.0020751953125,16384,314211.0,10646.0,4144.0,49840.0,0.01671197,-1.524413,-0.05301907,-0.990107631868875,-0.0921133552461782,-0.1058395346753738,1.000347,0.0003873977,-2.286964666748687,3.0008182161538928
path_b_only,16.000421225005994,0.0,0.0,-0.0049899220466613,0.0009276785245234,-0.0091552734375,-0.001708984375,16384,314462.0,10676.0,4128.0,49840.0,0.01666913,-1.524414,-0.0530246,-0.9901066504807916,-0.0921112665918339,-0.1058505325473395,1.000394,0.0003873292,-2.2869019827503543,3.0008112218959373
path_b_only,16.250420257012593,0.0,0.0,-0.004992239177227,0.0009069764798458,-0.00927734375,-0.0020751953125,16384,314711.0,10706.0,4144.0,49808.0,0.01665088,-1.524426,-0.05301253,-0.9901114048287244,-0.0920877406131879,-0.1058265281337719,1.000316,0.0003872615,-2.286887800732913,3.000845108889139
path_b_only,16.500131662003696,0.0,0.0,-0.0049872547388076,0.000918100797229,-0.009033203125,-0.0020751953125,16384,314961.0,10736.0,4160.0,49808.0,0.01673513,-1.524417,-0.05298028,-0.9901165414963404,-0.0921061946574398,-0.105762390106555,1.00031,0.0003872635,-2.2872872683568004,3.000881730007324
path_b_only,16.750145388999954,0.0,0.0,-0.0049813091754913,0.0009337055937109,-0.0093994140625,-0.0018310546875,16384,315210.0,10766.0,4160.0,49808.0,0.01660008,-1.524345,-0.0530231,-0.990094245875996,-0.0922479298906348,-0.105847549400708,1.000337,0.0003873008,-2.287650198167652,3.0007228452147987
path_b_only,17.000179366004886,0.0,0.0,-0.0050087347626686,0.0009201552160142,-0.0087890625,-0.001953125,16384,315459.0,10796.0,4144.0,49840.0,0.01662192,-1.52434,-0.05301388,-0.9900952665888938,-0.0922580119015779,-0.1058292129718241,1.00037,0.0003873042,-2.287790143453531,3.000730115210283
path_b_only,17.250423320001573,0.0,0.0,-0.0050414651632308,0.0009304179565372,-0.0093994140625,-0.0020751953125,16384,315709.0,10826.0,4144.0,49856.0,0.01662858,-1.524357,-0.05301549,-0.9900980634825848,-0.0922243170039376,-0.1058324148887888,1.000362,0.000387338,-2.2875942234869626,3.0007500379077503
path_b_only,17.500353262003046,0.0,0.0,-0.0049743503332138,0.0009358733135393,-0.0093994140625,-0.001708984375,16384,315958.0,10856.0,4144.0,49840.0,0.01660305,-1.524385,-0.0530138,-0.9901035826598352,-0.0921689045235386,-0.1058290538703314,1.000349,0.0003873583,-2.287312275886512,3.000789360058437
path_b_only,17.750430615007645,0.0,0.0,-0.0050150379538536,0.0009078897401588,-0.00927734375,-0.001708984375,16384,316208.0,10886.0,4144.0,49856.0,0.0166143,-1.52435,-0.05302192,-0.9900954170262556,-0.092238052114554,-0.1058452026580218,1.000363,0.0003873666,-2.287608140193487,3.000731186727173
path_b_only,18.000426847007475,0.0,0.0,-0.0050014480948448,0.0009149440401028,-0.0089111328125,-0.0018310546875,16384,316457.0,10916.0,4144.0,49840.0,0.01659397,-1.524381,-0.05299844,-0.990106081880227,-0.0921771266712997,-0.1057985063335411,1.000326,0.0003873976,-2.287499438000783,3.0008071696926364
path_b_only,18.250392934001862,0.0,0.0,-0.0049880892038345,0.0009299502713379,-0.009521484375,-0.001708984375,16384,316706.0,10946.0,4160.0,49840.0,0.01659595,-1.524361,-0.05301137,-0.9900996695128892,-0.0922164770856757,-0.1058242211611997,1.000387,0.0003874044,-2.2875904650790138,3.000761479170302
path_b_only,18.500423459001468,0.0,0.0,-0.0050510615110397,0.0009374959644646,-0.0091552734375,-0.0018310546875,16384,316954.0,10976.0,4160.0,49856.0,0.01659078,-1.524324,-0.05301402,-0.990092284321266,-0.0922896921526746,-0.1058294913994298,1.000369,0.0003873953,-2.287958904517792,3.000708875149222
path_b_only,18.750157692003995,0.0,0.0,-0.0050092935562133,0.0009341426667254,-0.0091552734375,-0.0018310546875,16384,317203.0,11006.0,4144.0,49856.0,0.0166065,-1.524382,-0.05300898,-0.9901040453822376,-0.0921749397061968,-0.1058194680003974,1.000391,0.0003874081,-2.287389567599277,3.000792657284589
path_b_only,19.000411562999943,0.0,0.0,-0.0050638541579246,0.0009388560703335,-0.0091552734375,-0.0020751953125,16384,317452.0,11036.0,4144.0,49856.0,0.01659562,-1.52434,-0.05301623,-0.9900947713260692,-0.0922579657525202,-0.1058338865769635,1.000343,0.0003874036,-2.2877680216658147,3.000726587669857
path_b_only,19.250528315998963,0.0,0.0,-0.005067192018032,0.0009328008442067,-0.0096435546875,-0.0015869140625,16384,317718.0,11068.0,4144.0,49856.0,0.01660855,-1.52443,-0.05300254,-0.9901142466305962,-0.0920800154949487,-0.1058066603082094,1.000341,0.0003874605,-2.28693923548942,3.000865367928736
path_b_only,19.50043377600377,0.0,0.0,-0.0049241334199905,0.0009135247588961,-0.00927734375,-0.0018310546875,16384,317950.0,11096.0,4160.0,49856.0,0.01663285,-1.524348,-0.05301186,-0.9900971682887856,-0.0922422100256158,-0.105825195658304,1.00034,0.0003874754,-2.287724100578181,3.000743661002101
path_b_only,19.750422260010964,0.0,0.0,-0.0049950554966926,0.0009160590681183,-0.0096435546875,-0.0020751953125,16384,318217.0,11128.0,4144.0,49872.0,0.0166289,-1.524359,-0.05299501,-0.9901027477547668,-0.0922207585569856,-0.105791684832195,1.000327,0.0003874681,-2.2877657716664337,3.000783410960179
path_b_only,20.000429959007302,0.0,0.0,-0.0049953013658523,0.0009294528970471,-0.0093994140625,-0.001953125,16384,318466.0,11158.0,4144.0,49856.0,0.01663142,-1.524366,-0.05300136,-0.9901027009027534,-0.0922067725179347,-0.1058043135552535,1.000317,0.0003874492,-2.287631523232825,3.000783077124555
path_b_only,20.250406010003644,0.0,0.0,-0.0049795657396316,0.0009124103092542,-0.009033203125,-0.001953125,16384,318715.0,11188.0,4144.0,49856.0,0.01660015,-1.524359,-0.05299564,-0.9901026150309372,-0.0922207461947411,-0.1057929377613869,1.000325,0.0003874707,-2.2877598389964917,3.0007824652623616
path_b_only,20.500215769003265,0.0,0.0,-0.0049793049693107,0.0009354790001076,-0.00927734375,-0.0018310546875,16384,318964.0,11218.0,4144.0,49872.0,0.0165826,-1.524321,-0.05301983,-0.9900905060682972,-0.092295518557998,-0.1058410461377495,1.00037,0.0003874918,-2.2879360951934307,3.0006962117360128
path_b_only,20.750172492000274,0.0,0.0,-0.0049616917967796,0.0009302915275289,-0.009033203125,-0.0018310546875,16384,319213.0,11248.0,4144.0,49872.0,0.01656783,-1.524351,-0.05300071,-0.9901000712058118,-0.0922364883157215,-0.1058030208521023,1.000377,0.0003875171,-2.287797177071866,3.0007643409506914
path_b_only,21.000425477002864,0.0,0.0,-0.0049474835395812,0.0009180765944077,-0.00927734375,-0.0018310546875,16384,319462.0,11278.0,4144.0,49872.0,0.01659025,-1.524354,-0.05298141,-0.9901046902611206,-0.0922309264403054,-0.1057646374309176,1.000333,0.0003875524,-2.2879470398701773,3.000797252633138
path_b_only,21.25042216401198,0.0,0.0,-0.0049595683813095,0.0009047239712059,-0.0089111328125,-0.001953125,16384,319711.0,11308.0,4144.0,49856.0,0.0166011,-1.524362,-0.05300956,-0.9901002353702744,-0.0922145324108972,-0.1058206214873415,1.000311,0.000387561,-2.287596868236514,3.000765510523997
path_b_only,21.50015638000332,0.0,0.0,-0.0049966722726821,0.0009427261778293,-0.0089111328125,-0.00146484375,16384,319960.0,11338.0,4160.0,49856.0,0.01661122,-1.524346,-0.05302027,-0.9900950268677416,-0.0922460052769731,-0.1058419211948026,1.000283,0.0003875064,-2.28766620186721,3.000728407770433
path_b_only,21.75012735700875,0.0,0.0,-0.0049894452095031,0.0009418401629119,-0.0093994140625,-0.00146484375,16384,320209.0,11368.0,4144.0,49872.0,0.01661787,-1.524392,-0.05302407,-0.9901027083447738,-0.092154841593559,-0.1058494785023052,1.000364,0.0003875077,-2.2871411333496563,3.0007831301512837
path_b_only,22.00043394901149,0.0,0.0,-0.0049522072076797,0.0009364718392358,-0.009521484375,-0.001953125,16384,320458.0,11398.0,4144.0,49856.0,0.0166178,-1.524401,-0.05301599,-0.9901060700111882,-0.0921371782111523,-0.105833409272716,1.000368,0.0003875072,-2.2871213904653422,3.000807085107676
path_b_only,22.250190206003023,0.0,0.0,-0.0049758106470108,0.0009253829243785,-0.0091552734375,-0.001708984375,16384,320707.0,11428.0,4144.0,49856.0,0.01660705,-1.524328,-0.05300356,-0.9900952267891036,-0.0922819768525655,-0.1058086888568998,1.000356,0.0003875247,-2.2880148715509767,3.0007298317305464
path_b_only,22.50043071500841,0.0,0.0,-0.0049242079257965,0.0009285702562425,-0.00927734375,-0.000732421875,16384,320956.0,11458.0,4144.0,49872.0,0.01659698,-1.524329,-0.05302921,-0.9900900054860118,-0.0922794928183536,-0.105859700745357,1.000366,0.0003875962,-2.287762784089313,3.0006926471601045
path_b_only,22.75043703400297,0.0,0.0,-0.0049284175038337,0.0009341434496753,-0.0093994140625,-0.00146484375,16384,321205.0,11488.0,4144.0,49872.0,0.016614,-1.52437,-0.05302039,-0.9900994282427388,-0.0921984782541705,-0.105842159846712,1.000323,0.0003875867,-2.2874098339160205,3.000759760317437
path_b_only,23.00042075300007,0.0,0.0,-0.0049469321966171,0.0009480374347965,-0.00927734375,-0.0020751953125,16384,321454.0,11518.0,4144.0,49872.0,0.01660647,-1.524393,-0.05300724,-0.990106439652307,-0.0921531915215086,-0.1058160075387108,1.000311,0.0003875878,-2.2872888945902603,3.0008097193867607
path_b_only,23.250426394006357,0.0,0.0,-0.0049963518977165,0.0009372202412395,-0.0096435546875,-0.001708984375,16384,321703.0,11548.0,4144.0,49872.0,0.01661192,-1.524411,-0.05299513,-0.9901123080783109,-0.0921177850206022,-0.1057919234853874,1.000304,0.000387575,-2.2872113089037738,3.0008515477886424
path_b_only,23.500422675002483,0.0,0.0,-0.0050135478377342,0.0009361655147093,-0.0091552734375,-0.001708984375,16384,321952.0,11578.0,4144.0,49872.0,0.01662578,-1.52434,-0.05301161,-0.9900957449709402,-0.0922580564776687,-0.1058246984659165,1.000329,0.0003875598,-2.287811513204192,3.000733522599631
path_b_only,23.750434013010818,0.0,0.0,-0.004960685968399,0.0009219531500913,-0.0091552734375,-0.001953125,16384,322218.0,11610.0,4144.0,49872.0,0.01660543,-1.524325,-0.05299552,-0.990096367011774,-0.0922880753157407,-0.1057926991082205,1.000368,0.0003875571,-2.288122471872799,3.000737953355151
path_b_only,24.000489352009023,0.0,0.0,-0.0050084441900253,0.000927927586886,-0.00927734375,-0.001953125,16384,322467.0,11640.0,4144.0,49856.0,0.01658632,-1.524345,-0.05298532,-0.9901022064009644,-0.0922486715795723,-0.1057724135668002,1.000335,0.0003875757,-2.28800591768176,3.000779553688634
path_b_only,24.250398621006752,0.0,0.0,-0.0050293207168579,0.0009241991617435,-0.00927734375,-0.0015869140625,16384,322716.0,11670.0,4144.0,49872.0,0.01659257,-1.524373,-0.0530024,-0.9901037725733132,-0.0921928906671926,-0.1058063818799234,1.000326,0.0003875423,-2.28754726711116,3.0007907133177305
path_b_only,24.500426427999628,0.0,0.0,-0.004982404410839,0.0009402558650889,-0.009033203125,-0.0018310546875,16384,322964.0,11700.0,4144.0,49872.0,0.01656097,-1.524353,-0.05304453,-0.9900912037375628,-0.0922316674998704,-0.1058901685318214,1.00035,0.0003875703,-2.287363489537373,3.0007011798899685
path_b_only,24.75042793600005,0.0,0.0,-0.0049878507852554,0.0009270160975924,-0.0089111328125,-0.0018310546875,16384,323213.0,11730.0,4144.0,49856.0,0.01657992,-1.524379,-0.05301843,-0.990101500762028,-0.0921806949107328,-0.1058382618647625,1.000339,0.0003875322,-2.287332536618475,3.000774526004934
path_b_only,25.00042919401312,0.0,0.0,-0.0050645023584365,0.0009473993795128,-0.0093994140625,-0.0020751953125,16384,323462.0,11760.0,4144.0,49856.0,0.0166162,-1.524371,-0.0530238,-0.9900988938805187,-0.0921964311256052,-0.1058489415359213,1.000369,0.0003875351,-2.2873671040725427,3.000755953497024
path_b_only,25.250424648998887,0.0,0.0,-0.0049942359328269,0.0009266124448706,-0.0091552734375,-0.00146484375,16384,323712.0,11790.0,4144.0,49872.0,0.01659747,-1.524352,-0.05302637,-0.990094847970132,-0.0922340043510917,-0.1058540526591393,1.000314,0.0003875491,-2.2875449925340696,3.000727133566246
path_b_only,25.50042788000428,0.0,0.0,-0.0049969777464866,0.0009201658935309,-0.0091552734375,-0.001953125,16384,323961.0,11820.0,4144.0,49856.0,0.01657085,-1.524349,-0.05298897,-0.9901021755228112,-0.0922406791320788,-0.1057796726136409,1.000311,0.000387513,-2.287929004050973,3.0007793336777877
path_b_only,25.750439473005827,0.0,0.0,-0.0050137266516685,0.0009434644647056,-0.0089111328125,-0.001953125,16384,324210.0,11850.0,4144.0,49856.0,0.01656048,-1.524385,-0.0530336,-0.9900994090942158,-0.0921685160056321,-0.1058684314071215,1.000358,0.0003875461,-2.2871259468432856,3.000759623900734
path_b_only,26.000408328007325,0.0,0.0,-0.0049878805875778,0.000939598228864,-0.0089111328125,-0.001953125,16384,324458.0,11880.0,4144.0,49872.0,0.01658167,-1.524329,-0.05301739,-0.9900924969334984,-0.092279725029071,-0.1058361935471492,1.000362,0.0003875074,-2.2878740361377456,3.0007103892932583
path_b_only,26.250388434011256,0.0,0.0,-0.0050040408968925,0.0009367782280345,-0.0091552734375,-0.0018310546875,16384,324707.0,11910.0,4144.0,49872.0,0.01657095,-1.524348,-0.0530208,-0.9900952841345996,-0.0922420344887577,-0.1058429752406896,1.000396,0.0003875411,-2.287639947893872,3.0007302401822797
path_b_only,26.500151202009874,0.0,0.0,-0.0050354227423667,0.000949936934206,-0.0089111328125,-0.0018310546875,16384,324957.0,11940.0,4160.0,49872.0,0.01666942,-1.524361,-0.05301354,-0.9900992122056448,-0.0922164344927284,-0.1058285367904614,1.000308,0.0003875658,-2.2875700378594632,3.000758221247183
path_b_only,26.75013586301065,0.0,0.0,-0.005030870437622,0.0009285504416337,-0.009033203125,-0.00146484375,16384,325207.0,11970.0,4144.0,49856.0,0.01665035,-1.524357,-0.0530262,-0.9900958060958684,-0.092224106735929,-0.105853714569363,1.000305,0.0003875621,-2.287493422002247,3.0007339579823
path_b_only,27.000445470999693,0.0,0.0,-0.0050006434321403,0.0009347551759425,-0.0089111328125,-0.001708984375,16384,325456.0,12000.0,4160.0,49872.0,0.01660345,-1.524346,-0.05301969,-0.9900951491142712,-0.0922460166665404,-0.1058407677104881,1.000384,0.000387588,-2.2876716610474173,3.0007292784820017
path_b_only,27.25042217900045,0.0,0.0,-0.0049915760755538,0.0009397517119222,-0.0087890625,-0.0015869140625,16384,325705.0,12030.0,4144.0,49872.0,0.01661922,-1.524356,-0.05303351,-0.9900940806291062,-0.092225943383718,-0.1058682524186934,1.000364,0.0003875556,-2.2874352683902024,3.0007216682840827
path_b_only,27.500414203008404,0.0,0.0,-0.0050146654248237,0.0009330385040389,-0.009521484375,-0.0018310546875,16384,325954.0,12060.0,4144.0,49872.0,0.01658377,-1.52436,-0.05302338,-0.9900969538490147,-0.0922182215246556,-0.1058481062548182,1.000384,0.0003875152,-2.287488056492805,3.0007421334847413
path_b_only,27.75043376701069,0.0,0.0,-0.0049882903695106,0.0009448512560641,-0.0091552734375,-0.0018310546875,16384,326202.0,12090.0,4144.0,49856.0,0.01658467,-1.524349,-0.05304618,-0.9900901179162296,-0.0922395558118323,-0.1058934499780894,1.000362,0.0003875187,-2.2873904990894998,3.0006934477520413
path_b_only,28.000419800999225,0.0,0.0,-0.0049820020794868,0.000930116255532,-0.0089111328125,-0.0018310546875,16384,326468.0,12122.0,4160.0,49872.0,0.01655795,-1.524361,-0.05302867,-0.9900960231810584,-0.0922161374715075,-0.1058586268137335,1.000364,0.0003875666,-2.2874276382203624,3.0007355042547
path_b_only,28.250421852004365,0.0,0.0,-0.0049378350377082,0.0009090863846873,-0.0089111328125,-0.00146484375,16384,326700.0,12150.0,4144.0,49856.0,0.01659415,-1.524352,-0.05301573,-0.990097090609236,-0.0922342132680306,-0.1058328921930871,1.000369,0.0003875068,-2.287645136221689,3.000743107665994
path_b_only,28.500180549002835,0.0,0.0,-0.0049866065382957,0.0009218808781521,-0.009521484375,-0.001953125,16384,326950.0,12180.0,4144.0,49856.0,0.01663617,-1.524352,-0.05301698,-0.9900968271645386,-0.0922341887263825,-0.1058353781525797,1.000311,0.0003875191,-2.2876333700510774,3.0007412310818067
path_b_only,28.75043482000183,0.0,0.0,-0.0049920454621315,0.0009267613498436,-0.0091552734375,-0.0015869140625,16384,327215.0,12212.0,4144.0,49856.0,0.01652817,-1.524321,-0.05301755,-0.9900909866097332,-0.0922955633537219,-0.1058365117498888,1.000378,0.0003874455,-2.287957557575069,3.000699633688134
path_b_only,29.0004238870024,0.0,0.0,-0.0049962848424911,0.000935955777427,-0.009033203125,-0.001953125,16384,327464.0,12242.0,4144.0,49856.0,0.01657618,-1.524331,-0.05303519,-0.9900891139063056,-0.0922754149624418,-0.1058715935354512,1.000404,0.0003874401,-2.2876852519027544,3.000686298568518
path_b_only,29.25042378201033,0.0,0.0,-0.005031868815422,0.0009491370446207,-0.0089111328125,-0.0015869140625,16384,327712.0,12272.0,4144.0,49872.0,0.01657187,-1.524341,-0.0530322,-0.990091589580343,-0.0922556718983286,-0.105865647142297,1.000381,0.0003875715,-2.287607085667734,3.0007039275794165
path_b_only,29.500424980011303,0.0,0.0,-0.0049661099910736,0.0009273241246031,-0.009033203125,-0.0018310546875,16384,327961.0,12302.0,4128.0,49888.0,0.0165576,-1.524319,-0.05304411,-0.990085018258476,-0.0922990017446055,-0.1058893332544054,1.000365,0.0003877397,-2.287728857320348,3.00065713870652
path_b_only,29.750377526012016,0.0,0.0,-0.0049810484051704,0.0009142540932059,-0.0091552734375,-0.001953125,16384,328209.0,12332.0,4144.0,49872.0,0.01660438,-1.524331,-0.05303525,-0.9900891012565268,-0.0922754137834938,-0.1058717128610276,1.000394,0.0003877162,-2.2876846873173187,3.000686208496418
path_b_only,30.00041246401088,0.0,0.0,-0.0049898773431777,0.0009308947971904,-0.009521484375,-0.002197265625,16384,328458.0,12362.0,4144.0,49872.0,0.0165905,-1.524308,-0.05301038,-0.9900900976289596,-0.0923214465857184,-0.105822252278985,1.000402,0.0003876542,-2.2881632030711776,3.000693303290324
path_b_only,30.25036387900764,0.0,0.0,-0.0049923583865165,0.0009275121491486,-0.009033203125,-0.001708984375,16384,328707.0,12392.0,4144.0,49872.0,0.01660102,-1.524367,-0.05300948,-0.9901011743244356,-0.0922046329738908,-0.1058204623857025,1.000345,0.0003875851,-2.2875444386965165,3.000772200194508
path_b_only,30.50042520801071,0.0,0.0,-0.0049715265631675,0.0009192172041278,-0.0087890625,-0.001708984375,16384,328956.0,12422.0,4144.0,49856.0,0.01653262,-1.52437,-0.05301853,-0.9900998202726352,-0.0921985147601606,-0.1058384607414319,1.000399,0.0003874934,-2.287427339900208,3.000762553221002
path_b_only,30.75042522000149,0.0,0.0,-0.0049743503332138,0.0009242088256393,-0.0089111328125,-0.001708984375,16384,329206.0,12452.0,4144.0,49856.0,0.01667957,-1.524317,-0.05301986,-0.9900897613494196,-0.0923034386896124,-0.105841105800733,1.000393,0.0003875081,-2.287978321557792,3.000690908730336
path_b_only,31.00042786600534,0.0,0.0,-0.0049607828259468,0.0009193878736661,-0.0096435546875,-0.001953125,16384,329454.0,12482.0,4160.0,49872.0,0.01653038,-1.52435,-0.05303401,-0.990092868434194,-0.0922378146857534,-0.1058692467988058,1.0004,0.0003875386,-2.287494365097185,3.0007130350197344
path_b_only,31.25039437500527,0.0,0.0,-0.0049714222550392,0.0009459487694042,-0.009033203125,-0.001953125,16384,329719.0,12514.0,4144.0,49856.0,0.01657228,-1.524381,-0.05303748,-0.9900978536828436,-0.0921763606406628,-0.1058761477938686,1.000386,0.0003875324,-2.287132000794367,3.0007485433752907
path_b_only,31.500127719002197,0.0,0.0,-0.0050128698348999,0.0009417309864011,-0.00927734375,-0.001953125,16384,329952.0,12542.0,4144.0,49872.0,0.01660155,-1.524367,-0.05301598,-0.9900998045014984,-0.0922045054071083,-0.1058333893850385,1.000303,0.0003874595,-2.287483252607882,3.0007624408630376
path_b_only,31.75015115100541,0.0,0.0,-0.0049500316381454,0.0009312667313761,-0.009033203125,-0.0013427734375,16384,330201.0,12572.0,4144.0,49856.0,0.0166308,-1.52434,-0.05301695,-0.9900946195815928,-0.0922579516128266,-0.1058353184895597,1.000398,0.0003874314,-2.2877612441468584,3.0007255068778997
path_b_only,32.00017595900863,0.0,0.0,-0.0049995258450508,0.0009370816873493,-0.009033203125,-0.001708984375,16384,330451.0,12602.0,4144.0,49856.0,0.01663498,-1.524345,-0.05304051,-0.9900905755577576,-0.0922475879239373,-0.105882173730632,1.000314,0.0003874113,-2.28748636917857,3.000696706567748
path_b_only,32.25042302800284,0.0,0.0,-0.0049547925591468,0.0009220458908196,-0.00927734375,-0.001953125,16384,330718.0,12634.0,4144.0,49856.0,0.01666277,-1.524355,-0.05302824,-0.990095007161754,-0.0922280270608488,-0.1058577716458709,1.000403,0.0003874351,-2.287495492953522,3.00072826741332
path_b_only,32.50041804800276,0.0,0.0,-0.004987709224224,0.0009419940538068,-0.0091552734375,-0.001953125,16384,330951.0,12662.0,4144.0,49856.0,0.01663298,-1.524345,-0.05301804,-0.9900953123832066,-0.0922480292580262,-0.1058374862457112,1.000378,0.0003874402,-2.2876978243535087,3.0007304413875704
path_b_only,32.750434778005,0.0,0.0,-0.0049658343195915,0.0009392798722022,-0.0091552734375,-0.0020751953125,16384,331217.0,12694.0,4144.0,49856.0,0.01665892,-1.524362,-0.05303074,-0.990095771236678,-0.0922141166368397,-0.1058627435509531,1.00036,0.0003874537,-2.2873975241186115,3.000733709685937
path_b_only,33.00043303301209,0.0,0.0,-0.0049516856670379,0.0009229658123226,-0.009033203125,-0.0015869140625,16384,331466.0,12724.0,4144.0,49856.0,0.01658935,-1.524344,-0.05301833,-0.9900950667639872,-0.0922500037536306,-0.1058380629880888,1.000359,0.000387439,-2.2877057269575984,3.0007286919343352
path_b_only,33.25039240400656,0.0,0.0,-0.0049997791647911,0.0009331596516094,-0.0089111328125,-0.001708984375,16384,331715.0,12754.0,4144.0,49856.0,0.01659018,-1.524366,-0.05302577,-0.990097556611006,-0.0922062934377963,-0.1058528594010507,1.000341,0.000387473,-2.2874017493225707,3.0007464271770155
path_b_only,33.50042558500718,0.0,0.0,-0.0049451291561126,0.0009338931860945,-0.009033203125,-0.0020751953125,16384,331964.0,12784.0,4144.0,49856.0,0.01662543,-1.52436,-0.05302171,-0.9900973058525948,-0.0922182543104792,-0.1058447850173125,1.000294,0.0003875262,-2.287503773666831,3.000744640918112
path_b_only,33.75043312400521,0.0,0.0,-0.0049402266740798,0.0009331241852298,-0.00927734375,-0.001953125,16384,332213.0,12814.0,4144.0,49856.0,0.01661185,-1.524359,-0.0530316,-0.9900950366335096,-0.0922200403229909,-0.1058644538856896,1.000356,0.0003875682,-2.287421337141384,3.000728477327772
path_b_only,34.00042719900375,0.0,0.0,-0.0049727708101272,0.000948290987364,-0.0091552734375,-0.0020751953125,16384,332462.0,12844.0,4144.0,49856.0,0.01658415,-1.52437,-0.05304334,-0.990094589972158,-0.0921980277123641,-0.105887801912282,1.00036,0.0003875463,-2.2871938894086714,3.0007252959872366
path_b_only,34.2504279660061,0.0,0.0,-0.0049498453736305,0.0009445451799144,-0.0089111328125,-0.00146484375,16384,332711.0,12874.0,4144.0,49856.0,0.01656755,-1.524336,-0.05301214,-0.9900948951839902,-0.0922659668323195,-0.1058257525137465,1.000378,0.0003875377,-2.287849048430193,3.0007274698474133
path_b_only,34.50042514500092,0.0,0.0,-0.0050646811723709,0.0009511151872909,-0.009521484375,-0.001953125,16384,332959.0,12904.0,4144.0,49856.0,0.01659163,-1.524343,-0.05303881,-0.9900905650005768,-0.0922515816832117,-0.1058787928424977,1.000327,0.0003875205,-2.287523626886497,3.000696631390364
path_b_only,34.75041950000741,0.0,0.0,-0.0049613341689109,0.000934228917196,-0.0091552734375,-0.0015869140625,16384,333208.0,12934.0,4144.0,49872.0,0.01656747,-1.524327,-0.05302557,-0.9900904036665816,-0.0922835246961013,-0.1058524616483206,1.000351,0.0003875495,-2.287818299129232,3.0006954825405394
path_b_only,35.00042311100697,0.0,0.0,-0.0049758628010749,0.0009477503051554,-0.0093994140625,-0.00146484375,16384,333457.0,12964.0,4144.0,49872.0,0.01660452,-1.524274,-0.0530155,-0.9900827384969684,-0.0923886718143955,-0.1058324347764684,1.000376,0.0003875744,-2.2884761382831744,3.0006409100411946
path_b_only,35.2504181760014,0.0,0.0,-0.0049645602703094,0.0009486630842543,-0.00927734375,-0.0018310546875,16384,333706.0,12994.0,4144.0,49872.0,0.01659278,-1.524332,-0.05302308,-0.9900918513108,-0.0922736727027297,-0.1058475096254132,1.000356,0.0003875634,-2.2877885891536724,3.000705791462176
path_b_only,35.50024751800811,0.0,0.0,-0.0049665048718452,0.0009462235105025,-0.0093994140625,-0.001708984375,16384,333955.0,13024.0,4144.0,49872.0,0.0165573,-1.524298,-0.05300816,-0.9900887188127916,-0.0923412919998935,-0.105817837208268,1.000409,0.0003875663,-2.288290348878881,3.0006834853524498
path_b_only,35.75042827001016,0.0,0.0,-0.0049526765942573,0.0009412124349657,-0.00927734375,-0.0018310546875,16384,334203.0,13054.0,4144.0,49872.0,0.01659053,-1.524353,-0.05303004,-0.99009425879015,-0.0922319520924346,-0.1058613514177968,1.000398,0.000387574,-2.2874998221499983,3.0007229371931268
path_b_only,36.00042789000145,0.0,0.0,-0.0049255266785621,0.0009352481993312,-0.0093994140625,-0.001708984375,16384,334452.0,13084.0,4144.0,49856.0,0.01657473,-1.524368,-0.05301232,-0.9901007602449402,-0.0922025970376006,-0.1058261104922278,1.000354,0.0003875682,-2.287507066994899,3.0007692500058427
path_b_only,36.25044152801274,0.0,0.0,-0.0049297884106636,0.0009281160543877,-0.0093994140625,-0.001708984375,16384,334717.0,13116.0,4144.0,49872.0,0.01657455,-1.5243,-0.05303239,-0.990083981231368,-0.0923368553628059,-0.1058660250068576,1.000382,0.000387535,-2.288041010633111,3.0006497563156507
path_b_only,36.50013838300947,0.0,0.0,-0.004969798028469,0.0009291859677335,-0.00927734375,-0.00146484375,16384,334949.0,13144.0,4144.0,49872.0,0.01658023,-1.524307,-0.05301972,-0.9900879445900912,-0.0923232432178748,-0.1058408273734734,1.000398,0.0003875735,-2.2880858974134077,3.0006779727541826
path_b_only,36.75014787100372,0.0,0.0,-0.0049854144454002,0.000951905644684,-0.009521484375,-0.001953125,16384,335198.0,13174.0,4160.0,49856.0,0.01656397,-1.524356,-0.05299935,-0.9901012800613052,-0.0922266140012274,-0.1058003161187769,1.000348,0.0003875581,-2.2877568100222976,3.000772953546928
path_b_only,37.00018344800628,0.0,0.0,-0.0050441175699234,0.0009432525768745,-0.0091552734375,-0.001708984375,16384,335463.0,13206.0,4144.0,49856.0,0.01658382,-1.524288,-0.05300886,-0.990086724283412,-0.0923610799956221,-0.1058192293479084,1.000378,0.0003875251,-2.288389980872119,3.0006692843964595
path_b_only,37.25042283401126,0.0,0.0,-0.0049870535731315,0.0009399482400962,-0.0091552734375,-0.001708984375,16384,335712.0,13236.0,4144.0,49856.0,0.01658,-1.524281,-0.05301293,-0.990084573454692,-0.0923748611795118,-0.1058273236414234,1.000366,0.0003875045,-2.288426002254732,3.0006539721893137
path_b_only,37.500435678011854,0.0,0.0,-0.005012035369873,0.0009173552573902,-0.009033203125,-0.001953125,16384,335961.0,13266.0,4144.0,49856.0,0.01659207,-1.52432,-0.05301285,-0.9900917925412815,-0.0922976358734987,-0.1058271645398985,1.000391,0.0003875012,-2.2880124311521377,3.000705372939809
path_b_only,37.75042246100202,0.0,0.0,-0.0050098598003387,0.0009336772387085,-0.00927734375,-0.0013427734375,16384,336210.0,13296.0,4144.0,49856.0,0.01659223,-1.524301,-0.05299864,-0.9900912787300246,-0.0923355385342104,-0.1057989040885681,1.000339,0.0003875071,-2.288348127062273,3.0007017139271435
path_b_only,38.00039356401248,0.0,0.0,-0.0050106570124626,0.0009494546716273,-0.00927734375,-0.001708984375,16384,336459.0,13326.0,4144.0,49856.0,0.01657585,-1.524287,-0.05300112,-0.9900881704406967,-0.0923632123103336,-0.1058038362494954,1.000341,0.0003875223,-2.2884734895613232,3.000679580827055
path_b_only,38.25042424901039,0.0,0.0,-0.0049453005194664,0.0009332470329391,-0.0091552734375,-0.0020751953125,16384,336708.0,13356.0,4144.0,49856.0,0.01657215,-1.524326,-0.05303569,-0.9900880856874914,-0.0922853060233056,-0.1058725879152078,1.000365,0.0003875492,-2.2877336902634524,3.000678977375882
path_b_only,38.500188699006685,0.0,0.0,-0.0049623623490333,0.0009479998063238,-0.00927734375,-0.001708984375,16384,336956.0,13386.0,4144.0,49856.0,0.01655493,-1.524295,-0.05300342,-0.990089163520568,-0.0923473256878588,-0.1058084104286742,1.000332,0.000387537,-2.288366852698792,3.000686651844876
path_b_only,38.75043903999904,0.0,0.0,-0.0050039812922477,0.0009336369791461,-0.009033203125,-0.001708984375,16384,337221.0,13418.0,4144.0,49872.0,0.0165885,-1.524261,-0.05301385,-0.9900806837869744,-0.0924144463916061,-0.1058291533087647,1.000371,0.0003875332,-2.2886296961518955,3.000626285013289
path_b_only,39.00039650600229,0.0,0.0,-0.0049629509449005,0.0009410879942576,-0.00927734375,-0.0020751953125,16384,337452.0,13446.0,4144.0,49856.0,0.01655815,-1.524316,-0.05301154,-0.9900913301951196,-0.0923055823423988,-0.1058245592520433,1.000379,0.0003875797,-2.288067273214573,3.000702080422128
path_b_only,39.25039560000005,0.0,0.0,-0.0050801262259483,0.0009471152948042,-0.0096435546875,-0.0020751953125,16384,337717.0,13478.0,4144.0,49856.0,0.0165494,-1.524325,-0.05303316,-0.9900884345053398,-0.0922873359172583,-0.1058675563525518,1.000357,0.0003875586,-2.287768125815134,3.0006814610097954
path_b_only,39.50041983000119,0.0,0.0,-0.0050311386585235,0.000940449587288,-0.009033203125,-0.0015869140625,16384,337949.0,13506.0,4144.0,49856.0,0.01656182,-1.524297,-0.05300753,-0.9900886668817608,-0.0923432845587619,-0.1058165842824142,1.000373,0.0003875474,-2.288306904281748,3.0006831155879112
path_b_only,39.75036173600529,0.0,0.0,-0.0050392821431159,0.0009372837777248,-0.00927734375,-0.0018310546875,16384,338215.0,13538.0,4144.0,49856.0,0.01655712,-1.52424,-0.05300361,-0.9900789592916276,-0.092456231198527,-0.1058087882955497,1.000412,0.0003875453,-2.288949019889152,3.0006140115525786
path_b_only,40.000421982011176,0.0,0.0,-0.0050118491053581,0.0009350861250591,-0.009521484375,-0.002197265625,16384,338464.0,13568.0,4144.0,49856.0,0.01659235,-1.52428,-0.05300478,-0.990086106097281,-0.0923770015847747,-0.105811115159657,1.000364,0.0003875772,-2.288513365686747,3.0006648832286604
path_b_only,40.25041543401312,0.0,0.0,-0.0050505697727203,0.0009383530088136,-0.0087890625,-0.001953125,16384,338713.0,13598.0,4144.0,49856.0,0.01654658,-1.52427,-0.053031,-0.9900787322683664,-0.0923962875816745,-0.1058632606289297,1.000386,0.0003876084,-2.288372696023679,3.000612395877168
path_b_only,40.50042305100942,0.0,0.0,-0.0050379559397697,0.0009204524995119,-0.0091552734375,-0.002197265625,16384,338961.0,13628.0,4144.0,49856.0,0.01656187,-1.524338,-0.05301556,-0.9900945434910542,-0.0922619392890309,-0.105832554102545,1.000334,0.0003876011,-2.287795591191711,3.0007249649301904
path_b_only,40.75015677700867,0.0,0.0,-0.0050395801663398,0.0009275125226095,-0.0096435546875,-0.001953125,16384,339210.0,13658.0,4144.0,49856.0,0.01655162,-1.524272,-0.05298323,-0.9900891677498854,-0.09239326659734,-0.1057682570141535,1.000348,0.0003876379,-2.2888013100523747,3.000686681959603
path_b_only,41.00036537600681,0.0,0.0,-0.0050055459141731,0.0009272287136054,-0.009033203125,-0.001708984375,16384,339458.0,13688.0,4144.0,49872.0,0.0165512,-1.52425,-0.05299462,-0.9900827022626522,-0.0924366064335924,-0.1057909092092778,1.000415,0.0003878152,-2.2889275689886426,3.000640652119289
path_b_only,41.25041711500671,0.0,0.0,-0.0049525201320648,0.0009303762868886,-0.00927734375,-0.0009765625,16384,339706.0,13718.0,4144.0,49904.0,0.01657772,-1.524284,-0.05300888,-0.9900859811486205,-0.0923690002932766,-0.1058192691233237,1.000308,0.0003878937,-2.288432276249249,3.000663993674948
path_b_only,41.50012567199883,0.0,0.0,-0.0050081983208656,0.0009358859051295,-0.00927734375,-0.001953125,16384,339955.0,13748.0,4144.0,49904.0,0.01655685,-1.524233,-0.05299966,-0.9900784970438576,-0.0924701700231272,-0.105800932638942,1.000372,0.000387959,-2.289060503988643,3.0006107218546507
path_b_only,41.75042667200614,0.0,0.0,-0.0050037130713462,0.0009398921225335,-0.0091552734375,-0.0015869140625,16384,340205.0,13778.0,4144.0,49904.0,0.01664825,-1.524302,-0.05301146,-0.9900887621094638,-0.0923333064356648,-0.1058244001504714,1.000401,0.0003878263,-2.288216782428954,3.0006837936385007
path_b_only,42.00021912500961,0.0,0.0,-0.004984900355339,0.0009450373391486,-0.0091552734375,-0.0018310546875,16384,340454.0,13808.0,4144.0,49888.0,0.01656865,-1.524273,-0.05302319,-0.9900809329386816,-0.0923905007349004,-0.1058477283895328,1.000371,0.0003878046,-2.2884143589715498,3.000628058346596
path_b_only,42.25016760799917,0.0,0.0,-0.0050457939505577,0.0009307542408791,-0.0098876953125,-0.0013427734375,16384,340720.0,13840.0,4144.0,49872.0,0.01658452,-1.524308,-0.05302855,-0.9900862680044528,-0.0923210894904649,-0.1058583881622448,1.000379,0.0003878548,-2.2879921592704,3.0006660359113826
path_b_only,42.50014082599955,0.0,0.0,-0.0050012543797492,0.0009346351443788,-0.00927734375,-0.0018310546875,16384,340952.0,13868.0,4144.0,49872.0,0.01660955,-1.524233,-0.05301225,-0.9900758442063172,-0.0924699222565721,-0.1058259712783756,1.000396,0.0003878081,-2.28894192810678,3.0005918437697496
path_b_only,42.75040727099986,0.0,0.0,-0.0050331428647041,0.000946303924565,-0.0091552734375,-0.0013427734375,16384,341217.0,13900.0,4144.0,49872.0,0.0165778,-1.524261,-0.05302891,-0.990077509559424,-0.0924141501081954,-0.1058591041166925,1.000412,0.0003877511,-2.28848791483224,3.000603694438545
path_b_only,43.00042489101179,0.0,0.0,-0.0049881488084793,0.0009399746658166,-0.0093994140625,-0.001708984375,16384,341468.0,13930.0,4144.0,49872.0,0.0167468,-1.524324,-0.05301463,-0.9900921557658288,-0.0922896801696081,-0.1058307045481865,1.000361,0.0003877646,-2.2879531619091726,3.000707959633783
path_b_only,43.25041362900811,0.0,0.0,-0.0049658417701721,0.000926667289667,-0.0093994140625,-0.0018310546875,16384,341719.0,13960.0,4160.0,49872.0,0.01674817,-1.524284,-0.05301087,-0.990085561801049,-0.0923689611706987,-0.1058232267762946,1.000344,0.0003877338,-2.288413538222029,3.0006610082320275
path_b_only,43.5004157180083,0.0,0.0,-0.00495395809412,0.00092891775617,-0.009033203125,-0.0018310546875,16384,341954.0,13988.0,4144.0,49872.0,0.0167263,-1.524278,-0.05300719,-0.9900852287659614,-0.0923809145462258,-0.1058159081001377,1.000374,0.0003877767,-2.288511909928238,3.0006586373145745
path_b_only,43.75043097200978,0.0,0.0,-0.0049575567245483,0.0009281154132481,-0.0089111328125,-0.001708984375,16384,342205.0,14018.0,4144.0,49872.0,0.01674687,-1.524308,-0.05302395,-0.9900872376532508,-0.0923211799058523,-0.1058492398505828,1.000374,0.000387788,-2.288035455282256,3.000672939429865
path_b_only,44.00045511200733,0.0,0.0,-0.0049910768866539,0.0009385867801585,-0.0089111328125,-0.001708984375,16384,342456.0,14048.0,4144.0,49872.0,0.01675047,-1.524339,-0.0530067,-0.9900965951211042,-0.0922601330824265,-0.1058149336020648,1.000326,0.0003876487,-2.2878683710252323,3.0007395781974453
path_b_only,44.250418059004005,0.0,0.0,-0.0050125867128372,0.0009360869638881,-0.009765625,-0.0018310546875,16384,342709.0,14078.0,4144.0,49856.0,0.01677388,-1.524285,-0.05302968,-0.9900817819786918,-0.0923666111382119,-0.1058606354635214,1.000402,0.0003875463,-2.2882258403845066,3.00063410154178
path_b_only,44.50025792600354,0.0,0.0,-0.0049755200743675,0.0009440128328929,-0.0096435546875,-0.0020751953125,16384,342960.0,14108.0,4160.0,49856.0,0.0167778,-1.524288,-0.05302644,-0.9900830191512372,-0.092360734359224,-0.105854191872573,1.000376,0.0003876056,-2.2882244750748315,3.0006429078009527
path_b_only,44.75042706500972,0.0,0.0,-0.0050120428204536,0.000938909986122,-0.00927734375,-0.0018310546875,16384,343212.0,14138.0,4144.0,49856.0,0.01675725,-1.52431,-0.05302298,-0.990087811388848,-0.092317238620201,-0.1058473107489363,1.000357,0.0003875961,-2.2880233354028303,3.000677024360108
path_b_only,45.00042403300176,0.0,0.0,-0.0050348341464996,0.0009533832332134,-0.0091552734375,-0.0020751953125,16384,343464.0,14168.0,4144.0,49856.0,0.01676223,-1.524277,-0.05301671,-0.9900830378014752,-0.0923827075218457,-0.1058348411853853,1.000413,0.0003875777,-2.2884328901097915,3.000643040558508
path_b_only,45.25043728201126,0.0,0.0,-0.0050026997923851,0.0009409048435428,-0.0091552734375,-0.0015869140625,16384,343715.0,14198.0,4144.0,49856.0,0.01674503,-1.524345,-0.05302859,-0.9900930886220582,-0.0922478220682931,-0.1058584677127417,1.000382,0.0003875241,-2.2875985304681405,3.000714603160855
path_b_only,45.50041788601084,0.0,0.0,-0.005012109875679,0.0009531880913165,-0.0091552734375,-0.001953125,16384,343966.0,14228.0,4144.0,49840.0,0.01671415,-1.5243,-0.05300312,-0.9900901501548884,-0.0923374306867276,-0.1058078137967344,1.000325,0.000387521,-2.2883165609804164,3.000693677317582
path_b_only,45.75041659800627,0.0,0.0,-0.0050523281097412,0.0009490477573394,-0.00927734375,-0.00146484375,16384,344217.0,14258.0,4144.0,49856.0,0.01669543,-1.524311,-0.05300626,-0.9900915197157996,-0.0923155869917204,-0.1058140585424842,1.000345,0.0003875302,-2.28817011893602,3.000703430051404
path_b_only,46.00041941400559,0.0,0.0,-0.0049993023276329,0.0009302000440212,-0.0093994140625,-0.0018310546875,16384,344468.0,14288.0,4128.0,49856.0,0.01673322,-1.524282,-0.05300953,-0.9900854746936496,-0.0923729478573439,-0.1058205618242272,1.000387,0.0003875441,-2.2884473963229293,3.000660388099989
path_b_only,46.25039309701242,0.0,0.0,-0.0049115121364593,0.0009322849922836,-0.0093994140625,-0.001953125,16384,344719.0,14318.0,4144.0,49856.0,0.0167405,-1.524287,-0.05304072,-0.990079823897904,-0.0923624336791702,-0.1058825913696695,1.000416,0.0003875149,-2.288100702559,3.000620164936739
path_b_only,46.50013621900871,0.0,0.0,-0.0049429312348365,0.0009487928757319,-0.009033203125,-0.001953125,16384,344953.0,14346.0,4144.0,49856.0,0.01671612,-1.524285,-0.05302563,-0.990082635710093,-0.0923666907844369,-0.1058525809741414,1.0004,0.0003875176,-2.288263961117804,3.0006401783882994
path_b_only,46.750434173009126,0.0,0.0,-0.0049656331539154,0.0009152114656457,-0.0089111328125,-0.0018310546875,16384,345204.0,14376.0,4144.0,49856.0,0.01674163,-1.524316,-0.0530174,-0.990090095218412,-0.0923054672063091,-0.1058362134348208,1.000336,0.0003875105,-2.288012105397175,3.0006932861252897
path_b_only,47.000151184998685,0.0,0.0,-0.0049510076642036,0.0009209934775347,-0.009521484375,-0.001953125,16384,345456.0,14406.0,4144.0,49856.0,0.0168627,-1.524319,-0.0530077,-0.9900926932055,-0.0922997172285646,-0.1058169223735342,1.000414,0.0003874987,-2.288071546175859,3.000711787082692
path_b_only,47.25017566099996,0.0,0.0,-0.0049900040030479,0.0009105625196594,-0.0089111328125,-0.0018310546875,16384,345707.0,14436.0,4144.0,49856.0,0.01679028,-1.524279,-0.05303058,-0.990080483781374,-0.0923784744106841,-0.1058624253491071,1.000356,0.0003875311,-2.2882810867772294,3.000624861492648
path_b_only,47.50025331300276,0.0,0.0,-0.0049525722861289,0.0009293585846675,-0.0093994140625,-0.00146484375,16384,345959.0,14466.0,4160.0,49856.0,0.01674725,-1.524296,-0.0530164,-0.9900866129633688,-0.092345090393387,-0.1058342246674574,1.000338,0.0003875191,-2.2882340131766727,3.000668491844837
path_b_only,47.750415524002165,0.0,0.0,-0.0050250515341758,0.0009428476632963,-0.009521484375,-0.00146484375,16384,346210.0,14496.0,4144.0,49856.0,0.01676477,-1.524326,-0.05301481,-0.9900924869819416,-0.0922857162643852,-0.105831062526478,1.000375,0.0003875207,-2.2879302103391828,3.0007103184216684
path_b_only,48.00015146000078,0.0,0.0,-0.0049778074026107,0.0009372343078309,-0.0093994140625,-0.00146484375,16384,346462.0,14526.0,4144.0,49856.0,0.01677098,-1.524309,-0.05300858,-0.9900906615781868,-0.092319501773367,-0.1058186724920771,1.000373,0.0003875024,-2.288169525591754,3.000697319118259
path_b_only,48.25042578901048,0.0,0.0,-0.0049492344260215,0.0009318018354551,-0.0089111328125,-0.0018310546875,16384,346713.0,14556.0,4144.0,49856.0,0.01673612,-1.524309,-0.05305162,-0.990081588380193,-0.0923186557567841,-0.1059042687988288,1.000418,0.0003874919,-2.287764459678925,3.000632723546946
path_b_only,48.500423290999606,0.0,0.0,-0.0049863681197166,0.0009373760349896,-0.009033203125,-0.001708984375,16384,346964.0,14586.0,4144.0,49840.0,0.01672845,-1.524297,-0.05304698,-0.9900803509493968,-0.0923425089509458,-0.1058950409819255,1.000365,0.0003874467,-2.2879355899035483,3.000623916081707
path_b_only,48.75041364900244,0.0,0.0,-0.0049669072031974,0.00093097340091,-0.0091552734375,-0.00146484375,16384,347198.0,14614.0,4128.0,49856.0,0.0167253,-1.524318,-0.05302306,-0.9900892714754692,-0.092301395631394,-0.1058474698501181,1.000358,0.0003874446,-2.2879375735280028,3.0006874205364458
path_b_only,49.00043694701162,0.0,0.0,-0.0050036609172821,0.0009430090384389,-0.0101318359375,-0.0020751953125,16384,347466.0,14646.0,4144.0,49856.0,0.0167209,-1.52427,-0.05302898,-0.9900791580975656,-0.0923963273209759,-0.105859243330051,1.000376,0.0003874533,-2.2883917092162958,3.000615426426517
path_b_only,49.25042760500219,0.0,0.0,-0.0049842223525047,0.0009388610842363,-0.009033203125,-0.0018310546875,16384,347717.0,14676.0,4144.0,49856.0,0.016741,-1.524291,-0.05305206,-0.9900781714737006,-0.0923542899783939,-0.1059051438499583,1.000374,0.0003874824,-2.2879515260482024,3.00060840490174
path_b_only,49.500415697999415,0.0,0.0,-0.0050117447972297,0.0009458974501615,-0.0096435546875,-0.001953125,16384,347951.0,14704.0,4160.0,49840.0,0.01675058,-1.524309,-0.05303019,-0.9900861069234468,-0.0923190770814951,-0.1058616497320621,1.000399,0.0003874033,-2.2879660995029365,3.000664889110446
path_b_only,49.7504315719998,0.0,0.0,-0.0050025433301925,0.0009310811691934,-0.0091552734375,-0.0018310546875,16384,348219.0,14736.0,4144.0,49840.0,0.01677313,-1.524326,-0.05302626,-0.9900900736506598,-0.0922854913197373,-0.1058538338951678,1.00033,0.0003873962,-2.2878224335472144,3.000693132545688
path_b_only,50.00042720600322,0.0,0.0,-0.0049708411097526,0.0009164164342093,-0.0093994140625,-0.0020751953125,16384,348454.0,14764.0,4144.0,49824.0,0.0167419,-1.524325,-0.05302754,-0.9900896192582288,-0.0922874463495026,-0.1058563795119736,1.000327,0.000387372,-2.287821015031572,3.0006898969477134
path_b_only,50.25044012400031,0.0,0.0,-0.0049648061394691,0.0009280388139553,-0.0089111328125,-0.0020751953125,16384,348704.0,14794.0,4144.0,49840.0,0.01672645,-1.524368,-0.05301889,-0.9900993755949988,-0.0922024680928248,-0.1058391766974069,1.00032,0.0003874457,-2.2874452259272653,3.000759385248038
path_b_only,50.500171246007085,0.0,0.0,-0.0049902349710464,0.0009193529674464,-0.0093994140625,-0.00146484375,16384,348955.0,14824.0,4144.0,49856.0,0.01671457,-1.524279,-0.05300866,-0.9900851037681402,-0.0923789054739524,-0.1058188315937466,1.000384,0.0003874856,-2.2884874480191844,3.0006577474500493
path_b_only,50.75042533200758,0.0,0.0,-0.0049623548984527,0.0009201170186802,-0.009521484375,-0.001708984375,16384,349207.0,14854.0,4144.0,49856.0,0.0167738,-1.524332,-0.05302461,-0.9900915288103076,-0.0922736426466244,-0.1058505524349805,1.000352,0.0003874951,-2.2877741888003933,3.000703494816239
path_b_only,51.0001697960106,0.0,0.0,-0.0049537271261215,0.0009287870758134,-0.009521484375,-0.0018310546875,16384,349458.0,14884.0,4144.0,49856.0,0.01674775,-1.524303,-0.05300887,-0.9900894925630308,-0.0923313771558237,-0.1058192492356161,1.000342,0.0003874368,-2.2882305444815185,3.000688994800759
path_b_only,51.25042282001232,0.0,0.0,-0.0049856901168823,0.0009232734694918,-0.0089111328125,-0.0018310546875,16384,349709.0,14914.0,4144.0,49840.0,0.0167488,-1.524228,-0.0530226,-0.9900727381421006,-0.0924796192604859,-0.1058465550182859,1.000379,0.0003874161,-2.288897520345216,3.0005697436299155
path_b_only,51.50013305000903,0.0,0.0,-0.0049727484583854,0.0009265472997476,-0.009765625,-0.00146484375,16384,349960.0,14944.0,4144.0,49840.0,0.01673778,-1.524293,-0.05301208,-0.9900869692936792,-0.092351115831398,-0.1058256331875831,1.000422,0.0003873874,-2.2883065531175717,3.000671028781526
path_b_only,51.7504420960031,0.0,0.0,-0.0049759447574615,0.0009408417680411,-0.009033203125,-0.0010986328125,16384,350211.0,14974.0,4144.0,49840.0,0.01674243,-1.524295,-0.05299905,-0.9900900842517648,-0.0923474115660473,-0.1057997194863203,1.000412,0.0003874388,-2.288408007238558,3.0006932080339928
path_b_only,52.00016190300812,0.0,0.0,-0.0050051435828208,0.0009323876925139,-0.009033203125,-0.001953125,16384,350463.0,15004.0,4144.0,49856.0,0.0167492,-1.524298,-0.05302635,-0.9900848851393136,-0.0923409344497514,-0.1058540128838721,1.000381,0.0003874313,-2.288119103818176,3.000656191036042
path_b_only,52.2504252140061,0.0,0.0,-0.005009539425373,0.0009387135798691,-0.009033203125,-0.001953125,16384,350714.0,15034.0,4144.0,49824.0,0.01674667,-1.524266,-0.05300428,-0.9900836245058966,-0.0924047337921291,-0.1058101207733573,1.00034,0.000387373,-2.288666732829338,3.0006472169463674
path_b_only,52.50042699500045,0.0,0.0,-0.004982940852642,0.0009465983336118,-0.0091552734375,-0.001953125,16384,350965.0,15064.0,4144.0,49840.0,0.01670477,-1.524284,-0.0530182,-0.9900840170337636,-0.0923688170533063,-0.1058378044484067,1.000381,0.0003873833,-2.28834452505424,3.000650011179422
path_b_only,52.75039284900413,0.0,0.0,-0.0049833804368972,0.0009299403584929,-0.009033203125,-0.0018310546875,16384,351215.0,15094.0,4144.0,49856.0,0.01672623,-1.524318,-0.05300233,-0.9900936401141636,-0.0923018028991628,-0.1058062426657773,1.000329,0.0003874689,-2.288132738230157,3.00071853087144
path_b_only,53.00042595900595,0.0,0.0,-0.0050131604075431,0.0009383378263346,-0.009033203125,-0.0018310546875,16384,351466.0,15124.0,4144.0,49840.0,0.01672013,-1.524302,-0.05301158,-0.9900887368213064,-0.0923333040773518,-0.1058246388028283,1.000417,0.0003873969,-2.288215652595996,3.0006836135787114
path_b_only,53.25040709100722,0.0,0.0,-0.0049511045217514,0.0009304578083891,-0.009033203125,-0.001953125,16384,351717.0,15154.0,4144.0,49840.0,0.01672307,-1.524317,-0.0530374,-0.9900860638648632,-0.092303093982948,-0.1058759886931753,1.00036,0.0003873804,-2.2878132446309163,3.0006645825605145
path_b_only,53.50033379200613,0.0,0.0,-0.0050012916326522,0.0009361020604479,-0.0093994140625,-0.001953125,16384,351968.0,15184.0,4144.0,49840.0,0.01674613,-1.524315,-0.0530058,-0.990092355136983,-0.0923076752933554,-0.1058131437073804,1.000349,0.0003874024,-2.2881319448272808,3.0007093794702238
path_b_only,53.75039212600677,0.0,0.0,-0.0049332603812217,0.000933682104646,-0.0087890625,-0.0015869140625,16384,352219.0,15214.0,4144.0,49856.0,0.01671937,-1.524287,-0.05299768,-0.9900888952007296,-0.0923632799216502,-0.1057969948642845,1.000367,0.000387499,-2.288505887820532,3.000684741294753
path_b_only,54.00041862099897,0.0,0.0,-0.004909262061119,0.0009444442426501,-0.009033203125,-0.0018310546875,16384,352470.0,15244.0,4144.0,49856.0,0.01672142,-1.524291,-0.05300067,-0.9900890041261728,-0.092355300446008,-0.1058029413011334,1.000401,0.0003875414,-2.288435240587915,3.0006855168866275
path_b_only,54.25042046100134,0.0,0.0,-0.0049579888582229,0.0009260713494531,-0.0096435546875,-0.002197265625,16384,352704.0,15272.0,4160.0,49856.0,0.01675062,-1.524231,-0.05303549,-0.990070575773798,-0.0924734250309921,-0.1058721901633179,1.00042,0.0003875471,-2.2887443495354223,3.0005543600673272
path_b_only,54.50041681800212,0.0,0.0,-0.0049696117639541,0.0009388022265729,-0.0089111328125,-0.00146484375,16384,352955.0,15302.0,4144.0,49856.0,0.01674383,-1.52425,-0.05298594,-0.9900845306914832,-0.0924367771402979,-0.1057736466107705,1.000371,0.0003875024,-2.289009342571946,3.0006536677656896
path_b_only,54.75013594800839,0.0,0.0,-0.0049600303173065,0.0009424203908209,-0.009033203125,-0.0015869140625,16384,353206.0,15332.0,4160.0,49872.0,0.0167428,-1.524309,-0.05301482,-0.990089346587836,-0.0923193791590865,-0.1058310824141604,1.000391,0.0003875414,-2.288110775697817,3.0006879553756045
path_b_only,55.00042172400572,0.0,0.0,-0.0050015375018119,0.0009597976061903,-0.0091552734375,-0.001708984375,16384,353457.0,15362.0,4144.0,49872.0,0.0167299,-1.524295,-0.05299677,-0.9900905646032356,-0.0923474563692583,-0.1057951850784056,1.000354,0.0003875481,-2.288429480682677,3.00069662856091
path_b_only,55.2504198759998,0.0,0.0,-0.0049627274274826,0.0009441183472324,-0.0093994140625,-0.0018310546875,16384,353708.0,15392.0,4144.0,49856.0,0.01676177,-1.524273,-0.05301555,-0.9900825431801764,-0.092390650996372,-0.1058325342148657,1.000352,0.0003875372,-2.288486285778572,3.000639519749251
path_b_only,55.500414117006585,0.0,0.0,-0.0049399808049201,0.0009367798488446,-0.0091552734375,-0.0018310546875,16384,353960.0,15422.0,4144.0,49856.0,0.01672745,-1.524257,-0.0530191,-0.9900788379891012,-0.0924222637487373,-0.1058395943383669,1.000384,0.0003875848,-2.28862272638099,3.000613148266465
path_b_only,55.75041316699935,0.0,0.0,-0.0049986317753791,0.0009454294652666,-0.010009765625,-0.0020751953125,16384,354211.0,15452.0,4144.0,49856.0,0.0167823,-1.524301,-0.05299515,-0.9900920139916572,-0.0923356071044324,-0.1057919632609189,1.000361,0.0003876092,-2.288380996634924,3.000706949987171
path_b_only,56.00015212201106,0.0,0.0,-0.0049782842397689,0.0009400172409269,-0.0089111328125,-0.0015869140625,16384,354464.0,15482.0,4144.0,49856.0,0.0167902,-1.524282,-0.05301076,-0.9900852154977012,-0.0923729236748925,-0.1058230080116013,1.000338,0.0003875803,-2.288435814526254,3.0006585428570287
path_b_only,56.25042549300997,0.0,0.0,-0.0049716085195541,0.0009294712853359,-0.0091552734375,-0.0020751953125,16384,354715.0,15512.0,4144.0,49856.0,0.01673135,-1.52429,-0.05300356,-0.9900882104994744,-0.0923572238232187,-0.1058086888568998,1.000433,0.0003875902,-2.2884186461267344,3.000679866050393
path_b_only,56.50015193400032,0.0,0.0,-0.004946582019329,0.0009342999748866,-0.0087890625,-0.001708984375,16384,354949.0,15540.0,4144.0,49872.0,0.01679617,-1.524253,-0.05301314,-0.9900793546548852,-0.0924303016392501,-0.1058277412829133,1.000368,0.0003876003,-2.2887213018525703,3.000616825311222
path_b_only,56.75042498401308,0.0,0.0,-0.0049447268247604,0.0009325867721281,-0.0089111328125,-0.0018310546875,16384,355217.0,15572.0,4144.0,49856.0,0.01675577,-1.524246,-0.05303329,-0.9900738133416496,-0.0924437661783779,-0.1058678148914104,1.000419,0.0003876136,-2.2886058950895007,3.0005773934559805
path_b_only,57.0002023470006,0.0,0.0,-0.0050206780433654,0.0009391506945891,-0.00927734375,-0.001953125,16384,355452.0,15600.0,4144.0,49872.0,0.01676625,-1.524273,-0.05303226,-0.9900790210037052,-0.0923903223205668,-0.1058657664679493,1.000403,0.0003876015,-2.2883289845078663,3.0006144507472587
path_b_only,57.25041919101204,0.0,0.0,-0.0049695372581481,0.0009397173836989,-0.0087890625,-0.0018310546875,16384,355703.0,15630.0,4144.0,49856.0,0.01674063,-1.524288,-0.05301994,-0.9900843892232652,-0.0923608621675554,-0.1058412649020205,1.000357,0.000387544,-2.288285661743291,3.0006526606834374
path_b_only,57.500427765000495,0.0,0.0,-0.0049735084176063,0.0009297609021994,-0.0089111328125,-0.0020751953125,16384,355954.0,15660.0,4144.0,49856.0,0.01673442,-1.524264,-0.05302479,-0.9900789324972172,-0.0924082906995516,-0.1058509104125115,1.000398,0.0003875021,-2.288494850342626,3.0006138208616044
path_b_only,57.75040403800085,0.0,0.0,-0.0050372034311294,0.0009393635984617,-0.0098876953125,-0.001708984375,16384,356206.0,15690.0,4144.0,49856.0,0.0167275,-1.524287,-0.05302445,-0.9900832538983028,-0.0923627536565869,-0.1058502342327192,1.000391,0.000387562,-2.288253827513577,3.00064457880459
path_b_only,58.00049392400251,0.0,0.0,-0.0049475654959678,0.0009382821595901,-0.0093994140625,-0.001708984375,16384,356456.0,15720.0,4144.0,49872.0,0.016729,-1.52426,-0.05300287,-0.9900828126669609,-0.0924166425199654,-0.1058073166034221,1.000434,0.0003876078,-2.288743711068684,3.000641437997028
path_b_only,58.2503869820066,0.0,0.0,-0.004916675388813,0.000936016740093,-0.0093994140625,-0.0018310546875,16384,356708.0,15750.0,4144.0,49856.0,0.01677163,-1.524256,-0.05301046,-0.9900804739858464,-0.0924244138826845,-0.1058224113805935,1.00039,0.0003876197,-2.2887146943627568,3.0006247917742908
path_b_only,58.50042476800445,0.0,0.0,-0.0050018653273582,0.0009422529024358,-0.0091552734375,-0.0020751953125,16384,356959.0,15780.0,4160.0,49856.0,0.0167475,-1.524278,-0.0530352,-0.9900793250417426,-0.0923803636932015,-0.1058716134230474,1.000359,0.0003875517,-2.288248223675195,3.000616614555674
path_b_only,58.750429122010246,0.0,0.0,-0.004956267774105,0.0009296326007147,-0.0091552734375,-0.0018310546875,16384,357210.0,15810.0,4144.0,49872.0,0.01673482,-1.524286,-0.05302771,-0.9900823819899428,-0.0923646697158865,-0.1058567176016535,1.000387,0.0003876669,-2.2882337623428555,3.00063837238513
path_b_only,59.00041770700773,0.0,0.0,-0.0049036815762519,0.0009347643721393,-0.00927734375,-0.0018310546875,16384,357462.0,15840.0,4144.0,49856.0,0.01678065,-1.524274,-0.05302194,-0.9900813811893104,-0.0923885451584638,-0.1058452424333265,1.00042,0.0003876062,-2.2884155082226587,3.000631248819108
path_b_only,59.25041347600927,0.0,0.0,-0.0049701184034347,0.0009377587594685,-0.009521484375,-0.0018310546875,16384,357713.0,15870.0,4128.0,49856.0,0.01676578,-1.524266,-0.05301098,-0.990082212696476,-0.0924046020276292,-0.1058234455409828,1.000403,0.0003875778,-2.288603638719901,3.0006371673515813
path_b_only,59.50036624100176,0.0,0.0,-0.0049307867884635,0.0009417505811893,-0.0091552734375,-0.001953125,16384,357965.0,15900.0,4144.0,49856.0,0.01674927,-1.524293,-0.05300263,-0.9900889605768564,-0.0923513015698523,-0.1058068392978174,1.000357,0.0003875748,-2.288395537628277,3.000685206797906
path_b_only,59.75042557501001,0.0,0.0,-0.0049523040652275,0.0009469488333422,-0.0091552734375,-0.001953125,16384,358216.0,15930.0,4144.0,49856.0,0.0167595,-1.524223,-0.05298221,-0.9900803232851956,-0.0924903149607059,-0.1057662284566884,1.000399,0.0003875661,-2.289331005908376,3.0006237191868483
path_b_only,60.0001669270132,0.0,0.0,-0.0048724338412284,0.0009444720534998,-0.0086669921875,-0.00146484375,16384,358467.0,15960.0,4144.0,49856.0,0.01672442,-1.524255,-0.05301246,-0.99007986766992,-0.0924263546986579,-0.1058263889199259,1.000405,0.0003875256,-2.288706476044697,3.000620476468326
both_paths,5.851004971191287e-06,0.0,0.0,-0.004997543990612,0.000945669810356,-0.009521484375,-0.001953125,16384,434086.0,25014.0,30528.0,38656.0,0.01675642,-1.270526,-0.04743862,-0.821319669597145,-0.5625471423892981,-0.09473496145812,0.1341203,0.0006983335,-2.974754468774203,2.5345168176413537
both_paths,0.2503958119923481,0.0,0.0,-0.0050244033336639,0.0009455270995297,-0.0091552734375,-0.0015869140625,16384,434321.0,25042.0,30528.0,38672.0,0.01678298,-1.270389,-0.0476456,-0.821133081782025,-0.5627499449873259,-0.0951470515566081,0.1341397,0.0006983067,-2.9741014712690617,2.5341898162464784
both_paths,0.5003934739943361,0.0,0.0,-0.0049456506967544,0.0009233549519702,-0.0091552734375,-0.001953125,16384,434572.0,25072.0,30528.0,38656.0,0.01674037,-1.270436,-0.0477352,-0.8211718981430458,-0.5626631094656734,-0.0953254370384247,0.1342468,0.0006982889,-2.9737678952734568,2.5342578305435546
both_paths,0.7504019850020995,0.0,0.0,-0.004980556666851,0.0009414791246226,-0.009521484375,-0.0015869140625,16384,434824.0,25102.0,30528.0,38656.0,0.01673982,-1.270627,-0.04768791,-0.8213942112597736,-0.5623544715083276,-0.0952312873142205,0.1342569,0.0006983521,-2.973840257659864,2.534647497444316
both_paths,1.0003071020037169,0.0,0.0,-0.0049252361059188,0.000935530268689,-0.009033203125,-0.00146484375,16384,435058.0,25130.0,30528.0,38656.0,0.01671613,-1.270711,-0.04745426,-0.8215253099744709,-0.5622415417092635,-0.0947661007309046,0.1341898,0.0006981596,-2.9746116056559,2.5348773877161097
both_paths,1.2501305059995502,0.0,0.0,-0.0049543380737304,0.0009296690968524,-0.00927734375,-0.0020751953125,16384,435310.0,25160.0,30528.0,38656.0,0.01673233,-1.270639,-0.04744802,-0.8214453145097272,-0.5623605035793693,-0.0947536768889398,0.1342288,0.0006981149,-2.974667758465075,2.534737101321374
both_paths,1.50014177999401,0.0,0.0,-0.0049853324890136,0.0009355354258529,-0.00927734375,-0.00146484375,16384,435562.0,25190.0,30512.0,38640.0,0.01682875,-1.270688,-0.04750006,-0.8214922792224937,-0.5622744259464288,-0.0948572880934637,0.1342202,0.0006978057,-2.974463498729379,2.5348194589318784
both_paths,1.75013710600615,0.0,0.0,-0.0049627050757408,0.000948545498258,-0.00927734375,-0.0020751953125,16384,435812.0,25220.0,30496.0,38640.0,0.01667482,-1.270831,-0.04760736,-0.8216362355514949,-0.5620279503118435,-0.0950709182507276,0.1342364,0.0006978718,-2.9740220076599493,2.53507196254523
both_paths,2.000209555000765,0.0,0.0,-0.004972904920578,0.0009354371859952,-0.0089111328125,-0.0018310546875,16384,436063.0,25250.0,30496.0,38656.0,0.01672323,-1.270737,-0.04763811,-0.8215257329926358,-0.5621791049690266,-0.0951321395067756,0.1343438,0.0006980037,-2.9739603542536317,2.534878129629699
both_paths,2.250388718995964,0.0,0.0,-0.0049741342663764,0.0009484009100102,-0.00927734375,-0.0013427734375,16384,436314.0,25280.0,30512.0,38656.0,0.01676448,-1.27038,-0.04768781,-0.821116323647849,-0.5627601823822196,-0.095231088223184,0.1343412,0.0006980491,-2.973959285631707,2.5341604545843754
both_paths,2.5004258309927536,0.0,0.0,-0.0050000399351119,0.0009616585355984,-0.009765625,-0.0020751953125,16384,436565.0,25310.0,30496.0,38640.0,0.01671078,-1.270634,-0.04763605,-0.8214102300735459,-0.5623485487492101,-0.0951280381915965,0.1342707,0.0006979963,-2.974017014064457,2.5346755834121684
both_paths,2.750391167006456,0.0,0.0,-0.0050345063209533,0.0009363300136015,-0.0089111328125,-0.0020751953125,16384,436815.0,25340.0,30512.0,38640.0,0.0167326,-1.270253,-0.04752422,-0.8209990085667626,-0.5629863185388806,-0.0949053901020954,0.1342417,0.0006980043,-2.974587845266188,2.533954943404475
both_paths,3.000441751006292,0.0,0.0,-0.0049775540828704,0.0009340658502442,-0.0096435546875,-0.001708984375,16384,437068.0,25370.0,30512.0,38640.0,0.01682557,-1.27043,-0.0479929,-0.8211245080565969,-0.562645117757526,-0.095838477306516,0.1344004,0.0006979506,-2.972876369305532,2.534174794202672
both_paths,3.250421203003498,0.0,0.0,-0.0049993023276329,0.0009382869853474,-0.0091552734375,-0.001708984375,16384,437319.0,25400.0,30528.0,38656.0,0.01670062,-1.270181,-0.04782546,-0.8208706292720658,-0.5630720908444006,-0.0955051334253704,0.1342867,0.0006980984,-2.97357729192529,2.533730119638306
both_paths,3.5004215560038574,0.0,0.0,-0.0050070732831954,0.000939212207148,-0.009033203125,-0.00146484375,16384,437570.0,25430.0,30528.0,38656.0,0.01669233,-1.269898,-0.04791221,-0.820538127554794,-0.5635272241611993,-0.0956778389076898,0.1342105,0.0006982258,-2.973412552983185,2.5331481646752434
both_paths,3.7504422729980433,0.0,0.0,-0.0050184726715087,0.0009417179861537,-0.0091552734375,-0.00146484375,16384,437820.0,25460.0,30544.0,38656.0,0.01666338,-1.269801,-0.04795587,-0.8204218987698347,-0.5636816647308901,-0.0957647579494221,0.1342137,0.0006984207,-2.973307891431945,2.532944852053042
both_paths,4.000426143000368,0.0,0.0,-0.0049764215946197,0.0009407944447514,-0.0093994140625,-0.0008544921875,16384,438071.0,25490.0,30544.0,38672.0,0.0167338,-1.269514,-0.0479917,-0.8200925543402512,-0.5641486031931189,-0.0958360883536827,0.1342088,0.0006985282,-2.973321671724537,2.5323690698141683
both_paths,4.250432022003224,0.0,0.0,-0.0049469247460365,0.0009373641469097,-0.0091552734375,-0.0013427734375,16384,438322.0,25520.0,30528.0,38656.0,0.01677453,-1.269484,-0.04789396,-0.820074122331925,-0.5642084155305633,-0.0956415062931049,0.1341964,0.0006983939,-2.9736743994172947,2.532336859769362
both_paths,4.500397376003093,0.0,0.0,-0.0049217268824577,0.0009405820430783,-0.00927734375,-0.001953125,16384,438574.0,25550.0,30528.0,38656.0,0.01683328,-1.269581,-0.04791133,-0.8201808251564503,-0.5640474274611444,-0.0956760869818015,0.1341078,0.0006982262,-2.973567775024894,2.5325233442093
both_paths,4.750430045998655,0.0,0.0,-0.0049662888050079,0.0009401102000953,-0.0089111328125,-0.00146484375,16384,438826.0,25580.0,30544.0,38656.0,0.01690932,-1.269521,-0.04792615,-0.8201107967724695,-0.5641442376510681,-0.0957055909668838,0.1341623,0.0006983705,-2.973545233456764,2.5324009500376725
both_paths,5.00042918100371,0.0,0.0,-0.0049612000584602,0.0009198775505601,-0.00927734375,-0.001953125,16384,439078.0,25610.0,30544.0,38672.0,0.01686353,-1.269508,-0.04797728,-0.8200880612838236,-0.5641600105236474,-0.0958073810606344,0.1341927,0.0006984285,-2.9733744685289083,2.53236121803414
both_paths,5.250423478006269,0.0,0.0,-0.0050117224454879,0.00096527415186,-0.00927734375,-0.0018310546875,16384,439330.0,25640.0,30528.0,38656.0,0.01671887,-1.269487,-0.04798189,-0.8200636380585206,-0.5641939530196394,-0.0958165586435697,0.1342505,0.0006983623,-2.973368588140758,2.5323185391022185
both_paths,5.500570057993173,0.0,0.0,-0.0049723610281944,0.0009404118959231,-0.0091552734375,-0.0020751953125,16384,439564.0,25668.0,30528.0,38656.0,0.01671887,-1.269556,-0.04796584,-0.8201440227709705,-0.5640825215442166,-0.0957846062860216,0.1342053,0.0006982547,-2.9733910367654093,2.532459019078472
both_paths,5.750199223999516,0.0,0.0,-0.0049951449036598,0.0009421678363918,-0.0096435546875,-0.001953125,16384,439815.0,25698.0,30528.0,38656.0,0.01675445,-1.269833,-0.04795668,-0.8204578448423949,-0.5636290687296991,-0.0957663705037666,0.1341492,0.0006983298,-2.973289701761516,2.533007724204832
both_paths,6.000137203998747,0.0,0.0,-0.0049216523766517,0.0009217134471402,-0.009033203125,-0.001708984375,16384,440067.0,25728.0,30544.0,38656.0,0.01677768,-1.269685,-0.04789801,-0.8203002294077814,-0.5638782612881722,-0.0956495691583028,0.1341665,0.00069836,-2.9735640224977926,2.532732086052026
both_paths,6.250434743997175,0.0,0.0,-0.004982016980648,0.0009379832332579,-0.00927734375,-0.001953125,16384,440318.0,25758.0,30544.0,38672.0,0.01675695,-1.269736,-0.04785455,-0.8203645893788656,-0.5637992945014193,-0.0955630473192796,0.1341235,0.0006982861,-2.973690101227114,2.532844625717363
both_paths,6.500275782993413,0.0,0.0,-0.0050005465745925,0.0009409829264031,-0.0091552734375,-0.001708984375,16384,440570.0,25788.0,30528.0,38656.0,0.01675353,-1.269832,-0.04794117,-0.8204591657503308,-0.5636323914666861,-0.0957354930306172,0.1342571,0.0006981862,-2.973343921632901,2.5330100346716677
both_paths,6.750426148006227,0.0,0.0,-0.0050183981657028,0.0009421352182006,-0.009033203125,-0.0018310546875,16384,440820.0,25818.0,30544.0,38656.0,0.01673017,-1.269741,-0.04792486,-0.8203591443370684,-0.5637834741526769,-0.0957030228095794,0.1342062,0.0006982757,-2.9734441429754934,2.532835103828972
both_paths,7.000390386005165,0.0,0.0,-0.0049739703536033,0.0009585230250647,-0.0091552734375,-0.0015869140625,16384,441071.0,25848.0,30544.0,38656.0,0.01672765,-1.269593,-0.04801162,-0.820178532907463,-0.5640168576361699,-0.0958757448992298,0.1341643,0.0006983353,-2.9732147671743805,2.532519337523613
both_paths,7.250428390005254,0.0,0.0,-0.0049781277775764,0.0009424820915212,-0.0091552734375,-0.001708984375,16384,441322.0,25878.0,30528.0,38656.0,0.01675055,-1.269326,-0.04814502,-0.8198561325692946,-0.5644402270700588,-0.096141312418855,0.1341043,0.0006983266,-2.9728814240122188,2.5319560340543057
both_paths,7.500419888994656,0.0,0.0,-0.0050166398286819,0.0009482362278406,-0.00927734375,-0.0015869140625,16384,441573.0,25908.0,30544.0,38656.0,0.0166894,-1.269569,-0.04804703,-0.8201458625614486,-0.5640523765198957,-0.0959462384129521,0.1341352,0.0006984634,-2.9731037058905483,2.532462234619484
both_paths,7.750421845004894,0.0,0.0,-0.0049615055322647,0.0009451211620637,-0.0087890625,-0.0018310546875,16384,441826.0,25938.0,30544.0,38672.0,0.01680992,-1.269489,-0.04814021,-0.8200408584444814,-0.5641734481765232,-0.0961317369771816,0.1341676,0.0006986175,-2.972819645950211,2.532278734689428
both_paths,8.000426605998655,0.0,0.0,-0.004964143037796,0.0009515362176982,-0.0087890625,-0.0018310546875,16384,442077.0,25968.0,30544.0,38688.0,0.01672398,-1.269814,-0.04804791,-0.8204220105720879,-0.5636503417257663,-0.0959479902930744,0.1341992,0.00069887,-2.972982771171488,2.5329450475940747
both_paths,8.250200316993869,0.0,0.0,-0.004939317703247,0.0009422704930812,-0.00927734375,-0.001708984375,16384,442327.0,25998.0,30544.0,38688.0,0.01672658,-1.269362,-0.04804268,-0.8199129621477246,-0.564392341837445,-0.0959375785466184,0.134243,0.0006989004,-2.9732182008310613,2.532055294684932
both_paths,8.500419795993366,0.0,0.0,-0.0049773082137107,0.0009265165512842,-0.0093994140625,-0.0018310546875,16384,442578.0,26028.0,30544.0,38688.0,0.01668162,-1.269465,-0.04804813,-0.8200283480293016,-0.5642228350059784,-0.0959484282630586,0.1342433,0.0006988414,-2.9731498788377024,2.53225687533176
both_paths,8.750413449000916,0.0,0.0,-0.004941813647747,0.000948703903039,-0.009033203125,-0.0013427734375,16384,442828.0,26058.0,30544.0,38672.0,0.01669915,-1.269417,-0.0480437,-0.8199748791198596,-0.5643020370431819,-0.0959396091366174,0.1341682,0.0006985654,-2.973188265178458,2.5321634572092058
both_paths,9.000174582994077,0.0,0.0,-0.0049761235713958,0.0009316341846819,-0.00927734375,-0.0020751953125,16384,443062.0,26086.0,30544.0,38672.0,0.01668112,-1.269497,-0.04807916,-0.8200595492758643,-0.5641669759928564,-0.0960102017524287,0.1341887,0.0006985739,-2.973027099693293,2.5323113943191333
both_paths,9.25041727500502,0.0,0.0,-0.0049924999475479,0.0009453348823518,-0.009521484375,-0.00146484375,16384,443312.0,26116.0,30544.0,38672.0,0.01674398,-1.269687,-0.04804776,-0.8202788406422891,-0.5638587270375142,-0.0959476916771655,0.134165,0.0006986307,-2.973044425349022,2.532694689737917
both_paths,9.500415424001403,0.0,0.0,-0.0049666091799736,0.0009545200209485,-0.009033203125,-0.001953125,16384,443563.0,26146.0,30544.0,38672.0,0.0167163,-1.269486,-0.04796667,-0.8200649121850206,-0.564197246055108,-0.0957862586533494,0.1341802,0.0006987103,-2.9734217511529373,2.53232076553961
both_paths,9.750197867993847,0.0,0.0,-0.0049890801310539,0.0009333282802606,-0.010009765625,-0.001953125,16384,443814.0,26176.0,30544.0,38672.0,0.0167079,-1.269524,-0.04786765,-0.8201234016313071,-0.5641456592260656,-0.0955891273790142,0.1341626,0.0006987028,-2.97374632300404,2.53242297896653
both_paths,10.00020341599884,0.0,0.0,-0.0049351528286933,0.0009267069184535,-0.0091552734375,-0.0018310546875,16384,444064.0,26206.0,30528.0,38672.0,0.01669183,-1.269828,-0.04834879,-0.8203900541936052,-0.5635945742788079,-0.0965469565740047,0.1342856,0.0006984874,-2.971933756849116,2.5328891584380973
both_paths,10.250206480006456,0.0,0.0,-0.004958800971508,0.0009356989284373,-0.0091552734375,-0.0018310546875,16384,444315.0,26236.0,30528.0,38672.0,0.01671672,-1.269503,-0.048011,-0.820077094532936,-0.5641645480154107,-0.0958745106114517,0.134245,0.0006984545,-2.973260144455568,2.532342053607863
both_paths,10.500422201002948,0.0,0.0,-0.0049506947398185,0.0009163110339641,-0.00927734375,-0.001708984375,16384,444565.0,26266.0,30544.0,38672.0,0.01666348,-1.269566,-0.04818243,-0.8201210402562684,-0.5640425533042074,-0.0962157855606167,0.1341954,0.0006985062,-2.972636418055272,2.532418852047635
both_paths,10.750568521994865,0.0,0.0,-0.0049948841333389,0.0009259701636448,-0.0091552734375,-0.001953125,16384,444815.0,26296.0,30544.0,38672.0,0.01667392,-1.269595,-0.04812971,-0.8201621080221201,-0.5640007305945751,-0.0961108342149717,0.1341978,0.0006986035,-2.9728049533266327,2.532490628683458
both_paths,11.000417129005656,0.0,0.0,-0.0049869045615196,0.000955627167446,-0.0091552734375,-0.001953125,16384,445066.0,26326.0,30544.0,38672.0,0.0167186,-1.269624,-0.04807603,-0.8202033164660207,-0.5639590031853554,-0.0960039706695565,0.1342886,0.0006987583,-2.9729768464139354,2.53256265861497
both_paths,11.25042924900481,0.0,0.0,-0.004967838525772,0.0009365388487855,-0.009033203125,-0.001220703125,16384,445316.0,26356.0,30544.0,38672.0,0.01669005,-1.269653,-0.04811934,-0.8202291690077033,-0.5639067171570704,-0.0960901902072643,0.1342139,0.0006987493,-2.9728129206103766,2.5326078511317904
both_paths,11.500425917998657,0.0,0.0,-0.0050124824047088,0.0009459086380667,-0.00927734375,-0.001708984375,16384,445566.0,26386.0,30544.0,38672.0,0.0168005,-1.26959,-0.04806619,-0.8201665219748786,-0.5640158461686655,-0.0959843815538508,0.1342331,0.000698627,-2.973027273474306,2.532498343657091
both_paths,11.750435964000644,0.0,0.0,-0.0049942433834075,0.000954009730524,-0.009033203125,-0.0018310546875,16384,445819.0,26416.0,30528.0,38672.0,0.01681532,-1.269559,-0.04801132,-0.8201402252620479,-0.564072661070958,-0.0958751476632266,0.1342254,0.0006984296,-2.9732321407661546,2.532452381931688
both_paths,12.000418587005695,0.0,0.0,-0.0050295516848564,0.0009395971305428,-0.0089111328125,-0.0018310546875,16384,446070.0,26446.0,30528.0,38672.0,0.01676365,-1.269768,-0.04795292,-0.8203851596462981,-0.5637361313268655,-0.0957588850641912,0.1342247,0.0006983059,-2.973333971046015,2.5328805986611926
both_paths,12.250430696003605,0.0,0.0,-0.0050173625349998,0.0009625629842602,-0.0093994140625,-0.0018310546875,16384,446322.0,26476.0,30528.0,38656.0,0.01679915,-1.269901,-0.04801139,-0.8205258480138766,-0.5635115456494818,-0.0958752870182971,0.1342222,0.0006983281,-2.973067410447059,2.533126681946376
both_paths,12.500404282996897,0.0,0.0,-0.0049516037106513,0.0009528298727586,-0.0093994140625,-0.0015869140625,16384,446573.0,26506.0,30528.0,38672.0,0.01669908,-1.269769,-0.04808007,-0.8203661907368032,-0.563720681179537,-0.0960120133445066,0.1342466,0.0006983679,-2.972893040722884,2.532847426079031
both_paths,12.750406730992836,0.0,0.0,-0.0049376636743545,0.0009454255772798,-0.0091552734375,-0.0018310546875,16384,446824.0,26536.0,30528.0,38672.0,0.01678812,-1.269892,-0.04806704,-0.8205069034131365,-0.5635202703596142,-0.0959860737045404,0.134262,0.0006984388,-2.9728789099089887,2.5330935401727275
both_paths,13.000404578997404,0.0,0.0,-0.0048818141222,0.000956815745087,-0.0091552734375,-0.0015869140625,16384,447076.0,26566.0,30544.0,38672.0,0.0168036,-1.270014,-0.04812992,-0.8206344193217775,-0.5633132139506227,-0.0961112522706313,0.1342671,0.0006985168,-2.9726021262527973,2.53331664752298
both_paths,13.2504323549947,0.0,0.0,-0.0049544796347618,0.0009594568951762,-0.0093994140625,-0.00146484375,16384,447327.0,26596.0,30528.0,38672.0,0.01670068,-1.269581,-0.048091,-0.8201524442322635,-0.5640279095855912,-0.0960337723321959,0.1342739,0.0006984846,-2.972945708707503,2.5324737380248705
both_paths,13.500178165995749,0.0,0.0,-0.0049420073628425,0.0009576287662991,-0.009033203125,-0.001708984375,16384,447577.0,26626.0,30528.0,38656.0,0.01666892,-1.269809,-0.04795437,-0.8204311543611728,-0.5636687005922737,-0.0957617717370094,0.1342758,0.000698408,-2.9733092428090098,2.5329610401762745
both_paths,13.75018986100622,0.0,0.0,-0.0049879848957061,0.0009550837810606,-0.0089111328125,-0.001708984375,16384,447812.0,26654.0,30528.0,38656.0,0.01677057,-1.269822,-0.04807002,-0.8204275309948309,-0.563634811854782,-0.0959920061835904,0.1341993,0.0006982599,-2.972902320346792,2.5329547028269603
both_paths,14.000415792994318,0.0,0.0,-0.0049695894122123,0.0009448171452029,-0.0089111328125,-0.0020751953125,16384,448062.0,26684.0,30544.0,38672.0,0.01663615,-1.269486,-0.04791092,-0.8200737059762274,-0.5642032961039609,-0.0956752707435024,0.1341843,0.000698446,-2.9736147319877837,2.5323361322024613
both_paths,14.250438970004325,0.0,0.0,-0.0049435570836067,0.0009551122825879,-0.009033203125,-0.001953125,16384,448329.0,26716.0,30544.0,38672.0,0.01670967,-1.269649,-0.04799037,-0.8202450546329914,-0.5639273020642518,-0.0958334405969809,0.1342388,0.0006985271,-2.9732614410040075,2.53263562205473
both_paths,14.50042898200627,0.0,0.0,-0.0049946084618568,0.0009378818088637,-0.009033203125,-0.0015869140625,16384,448580.0,26746.0,30544.0,38672.0,0.01668588,-1.269546,-0.0479018,-0.8201428421692359,-0.5641058720691468,-0.0956571144017792,0.1342349,0.0006984746,-2.9736175503560496,2.5324569556593066
both_paths,14.750414196998465,0.0,0.0,-0.0049642845988273,0.0009463826701852,-0.0098876953125,-0.0018310546875,16384,448830.0,26776.0,30528.0,38672.0,0.01665117,-1.269752,-0.04801458,-0.8203573810036964,-0.563755690879412,-0.0958816376259448,0.1343154,0.0006984174,-2.973128072234219,2.532832020269217
both_paths,15.0004348460061,0.0,0.0,-0.0050022527575492,0.0009466145489034,-0.0093994140625,-0.0018310546875,16384,449063.0,26804.0,30528.0,38672.0,0.01663875,-1.269772,-0.04816119,-0.8203567240512936,-0.5637069298041358,-0.0961735025598264,0.1342497,0.0006985155,-2.972610615311233,2.532830871453075
both_paths,15.250428454004576,0.0,0.0,-0.0049346014857292,0.0009488786285702,-0.0091552734375,-0.00146484375,16384,449313.0,26834.0,30544.0,38672.0,0.01666348,-1.269677,-0.04812973,-0.8202545899439019,-0.5638662142469522,-0.0961108740297971,0.1342206,0.0006986207,-2.972765379278162,2.532652292020017
both_paths,15.50042618099542,0.0,0.0,-0.0049673244357109,0.0009494679162685,-0.009521484375,-0.0018310546875,16384,449562.0,26864.0,30544.0,38672.0,0.0166016,-1.269486,-0.04796083,-0.8200658338422828,-0.5641978801469725,-0.0957746323523298,0.1342153,0.0006987158,-2.9734419661458427,2.53232237606873
both_paths,15.75043692199688,0.0,0.0,-0.0049447417259216,0.0009492538624679,-0.0093994140625,-0.001708984375,16384,449828.0,26896.0,30544.0,38672.0,0.01659835,-1.269535,-0.0479179,-0.8201278934468686,-0.5641221691866021,-0.0956891666940635,0.1343179,0.00069871,-2.973567082847023,2.5324308292729523
both_paths,16.00018744400586,0.0,0.0,-0.0050007998943328,0.0009454523771278,-0.009521484375,-0.001953125,16384,450061.0,26924.0,30544.0,38672.0,0.01677875,-1.269429,-0.04830303,-0.8199473200993587,-0.5642540727522386,-0.0964558637118099,0.1342868,0.0006986528,-2.972285128398488,2.53211531239117
both_paths,16.25043219899817,0.0,0.0,-0.0049257278442382,0.0009288929814814,-0.009033203125,-0.00146484375,16384,450329.0,26956.0,30528.0,38656.0,0.01664615,-1.269502,-0.04803702,-0.8200718545433835,-0.5641633595782227,-0.0959263107556443,0.1343547,0.0006983505,-2.973170557494938,2.532332896898036
both_paths,16.500430194995715,0.0,0.0,-0.0049623847007751,0.0009368985908358,-0.010009765625,-0.00146484375,16384,450578.0,26986.0,30544.0,38656.0,0.01668355,-1.269567,-0.04814254,-0.8201284904090895,-0.5640452610787808,-0.0961363753939057,0.1343311,0.0006984196,-2.9727740230681263,2.5324318725852075
both_paths,16.750419635005528,0.0,0.0,-0.0050419047474861,0.000954489351726,-0.009521484375,-0.001708984375,16384,450829.0,27016.0,30528.0,38672.0,0.01668677,-1.26945,-0.04803491,-0.8200135105984773,-0.5642488734660893,-0.095922110215581,0.1343388,0.0006985279,-2.973202837966216,2.5322309508840117
both_paths,17.00020765500085,0.0,0.0,-0.0049536749720573,0.0009367624962169,-0.009033203125,-0.0018310546875,16384,451079.0,27046.0,30528.0,38672.0,0.01673798,-1.269618,-0.04800014,-0.8202085463918217,-0.5639770950855078,-0.0958528906435638,0.1344425,0.000698663,-2.973242504434204,2.532571800749013
both_paths,17.250421560995164,0.0,0.0,-0.0049540773034095,0.0009323506324151,-0.009033203125,-0.001708984375,16384,451313.0,27074.0,30544.0,38672.0,0.01671227,-1.269755,-0.0481417,-0.8203406465568631,-0.5637369443739482,-0.0961347031752415,0.1343929,0.0006987303,-2.9726863216290558,2.532802757243637
both_paths,17.500393887996324,0.0,0.0,-0.0049197152256965,0.0009292525771048,-0.0093994140625,-0.001708984375,16384,451564.0,27104.0,30544.0,38704.0,0.01667568,-1.269639,-0.04805346,-0.8202238050482621,-0.563936851475262,-0.0959590390756338,0.1344517,0.0006988693,-2.97304777978318,2.532598474218114
both_paths,17.75042177499563,0.0,0.0,-0.0049431696534156,0.0009449769607136,-0.0089111328125,-0.0018310546875,16384,451830.0,27136.0,30544.0,38688.0,0.01666445,-1.269513,-0.04807169,-0.820078783880167,-0.5641415466902273,-0.0959953307592853,0.1344115,0.0006988984,-2.973045263036325,2.5323450057123376
both_paths,18.000433162000263,0.0,0.0,-0.0049582794308662,0.0009455799865674,-0.0093994140625,-0.001708984375,16384,452063.0,27164.0,30544.0,38688.0,0.0166464,-1.269492,-0.04813832,-0.8200445428370681,-0.5641687338774792,-0.0961279744831122,0.1343573,0.000698832,-2.972824743210476,2.5322851725323745
both_paths,18.25042581399612,0.0,0.0,-0.0049820989370346,0.0009343503295364,-0.009033203125,-0.001953125,16384,452330.0,27196.0,30544.0,38688.0,0.016652,-1.26937,-0.04818322,-0.8198997473455514,-0.5643639112114847,-0.0962173582300847,0.1344005,0.0006988026,-2.972728097602063,2.532032211966654
both_paths,18.500406644001487,0.0,0.0,-0.0049523785710334,0.0009609138276125,-0.009033203125,-0.0018310546875,16384,452580.0,27226.0,30544.0,38672.0,0.01669622,-1.269364,-0.04814467,-0.8198990830936755,-0.5643779545325885,-0.096140615661445,0.13445,0.00069878,-2.9728643597244666,2.532031051716765
both_paths,18.750394265996874,0.0,0.0,-0.0049120411276817,0.0009355110841209,-0.0089111328125,-0.001953125,16384,452830.0,27256.0,30544.0,38688.0,0.01663838,-1.269183,-0.0481972,-0.8196864021493531,-0.5646689878400024,-0.096245188467768,0.1343237,0.0006986903,-2.972769712886586,2.531659660614387
both_paths,19.000426048005465,0.0,0.0,-0.0049612075090408,0.0009586711849543,-0.009521484375,-0.001953125,16384,453080.0,27286.0,30544.0,38672.0,0.01665652,-1.269288,-0.04829066,-0.8197901330389693,-0.5644866286365556,-0.0964312390384165,0.134309,0.0006986262,-2.9723959406689757,2.5318407745518976
both_paths,19.25043593900045,0.0,0.0,-0.004938893020153,0.0009342811041125,-0.009033203125,-0.0015869140625,16384,453330.0,27316.0,30544.0,38672.0,0.0166253,-1.269243,-0.04821677,-0.8197510534514856,-0.5645684842964918,-0.0962841466926996,0.1342128,0.0006986197,-2.972673171498009,2.531772536153766
both_paths,19.50042391200259,0.0,0.0,-0.0049847662448883,0.0009530585464507,-0.00927734375,-0.0018310546875,16384,453580.0,27346.0,30560.0,38672.0,0.01660612,-1.268945,-0.04818118,-0.8194200650596306,-0.5650608448896911,-0.0962132971590689,0.1342078,0.000698703,-2.9729394262249085,2.531194851385132
both_paths,19.75042849399324,0.0,0.0,-0.0049299597740173,0.0009477113908909,-0.0091552734375,-0.001953125,16384,453813.0,27374.0,30544.0,38672.0,0.01664457,-1.269118,-0.04806465,-0.8196339690852006,-0.5647899996847364,-0.0959813157742478,0.1341016,0.0006986346,-2.973259257386716,2.531568130441252
both_paths,20.00042191600369,0.0,0.0,-0.0049246549606323,0.0009508649379546,-0.0089111328125,-0.001708984375,16384,454062.0,27404.0,30560.0,38672.0,0.01662785,-1.269341,-0.04821678,-0.819861691541758,-0.5644078011548685,-0.0962841665997774,0.1341258,0.0006987296,-2.972625956944708,2.5319657429374107
both_paths,20.25032110000029,0.0,0.0,-0.0049344152212142,0.0009485201677022,-0.0093994140625,-0.001708984375,16384,454328.0,27436.0,30576.0,38688.0,0.01662087,-1.269267,-0.04817074,-0.8197854486856034,-0.5645341605010067,-0.0961925140058594,0.1340767,0.0006989236,-2.9728208271111973,2.531832594667424
both_paths,20.500423142002543,0.0,0.0,-0.0049445331096649,0.0009486358504501,-0.0091552734375,-0.0020751953125,16384,454578.0,27466.0,30592.0,38704.0,0.01661233,-1.268717,-0.04817541,-0.819163225831538,-0.5654350723693091,-0.0962018106897306,0.1340429,0.000699157,-2.973068687904097,2.5307469100876805
both_paths,20.750430629006587,0.0,0.0,-0.0049390867352485,0.0009577345619021,-0.0091552734375,-0.0018310546875,16384,454827.0,27496.0,30592.0,38720.0,0.01661053,-1.268758,-0.04806929,-0.8192263747606608,-0.5653794837501092,-0.095990552925615,0.1341182,0.0006993767,-2.973415595569438,2.530857018609086
both_paths,21.000200241003768,0.0,0.0,-0.0049387887120246,0.0009492542165857,-0.00927734375,-0.001953125,16384,455061.0,27524.0,30592.0,38720.0,0.01670938,-1.26894,-0.04809126,-0.8194286455698319,-0.5650788528846798,-0.0960342899287825,0.1340983,0.0006993492,-2.973252573544291,2.531209821203224
both_paths,21.2503841239959,0.0,0.0,-0.0049669444561004,0.000942543616739,-0.009033203125,-0.0020751953125,16384,455328.0,27556.0,30592.0,38720.0,0.01659232,-1.268974,-0.04814274,-0.8194589244329882,-0.5650175147198753,-0.0961367735411667,0.1341816,0.0006994975,-2.97305835868293,2.5312626491855217
both_paths,21.500429047999205,0.0,0.0,-0.0049262344837188,0.0009431443168858,-0.009033203125,-0.0015869140625,16384,455577.0,27586.0,30592.0,38720.0,0.01663915,-1.268947,-0.04799617,-0.8194515772947027,-0.56507773880929,-0.095844987200185,0.1340886,0.0006996031,-2.973577864738953,2.5312498301575945
both_paths,21.75017170900537,0.0,0.0,-0.0049450173974037,0.0009333234424251,-0.0087890625,-0.0020751953125,16384,455827.0,27616.0,30576.0,38720.0,0.0166381,-1.269048,-0.0480121,-0.8195631916446942,-0.5649104647701715,-0.0958767004767632,0.1341771,0.0006993892,-2.9734744784542926,2.5314445962759056
both_paths,22.00044690100185,0.0,0.0,-0.0049426481127738,0.0009561175605948,-0.0093994140625,-0.0020751953125,16384,456076.0,27646.0,30560.0,38720.0,0.01669647,-1.269168,-0.04811092,-0.8196831261263016,-0.5647029919819513,-0.0960734281185274,0.1342677,0.0006990631,-2.973075276187377,2.531653941448977
both_paths,22.25041556199721,0.0,0.0,-0.0049160793423652,0.0009291001342995,-0.00927734375,-0.0015869140625,16384,456326.0,27676.0,30560.0,38704.0,0.01665517,-1.269097,-0.04805791,-0.8196113124612285,-0.5648251579372854,-0.0959678980008573,0.1342023,0.0006990531,-2.973292627693468,2.531528583443535
both_paths,22.500418976997025,0.0,0.0,-0.0049298480153083,0.000947510112851,-0.00927734375,-0.0018310546875,16384,456576.0,27706.0,30544.0,38704.0,0.01665817,-1.26968,-0.04783502,-0.8203045140977941,-0.5638932858786575,-0.095524166009196,0.1342721,0.0006989528,-2.973784592107786,2.532739577684564
both_paths,22.75041836500168,0.0,0.0,-0.0049228370189666,0.0009499930016305,-0.00927734375,-0.0013427734375,16384,456826.0,27736.0,30544.0,38704.0,0.0166215,-1.269457,-0.04808922,-0.8200128217334263,-0.564231483836344,-0.0960302287856361,0.1343081,0.0006988143,-2.9730115132930437,2.5322297472996995
both_paths,23.000434872999904,0.0,0.0,-0.0049755051732063,0.0009405027952618,-0.0091552734375,-0.001708984375,16384,457075.0,27766.0,30544.0,38688.0,0.01657073,-1.269444,-0.04812077,-0.8199931579500667,-0.5642493678866288,-0.0960930369725972,0.1343091,0.0006988928,-2.972908578458118,2.5321953916326967
both_paths,23.250436362999608,0.0,0.0,-0.0049269199371337,0.0009497614399504,-0.009033203125,-0.001708984375,16384,457324.0,27796.0,30544.0,38704.0,0.01660408,-1.269503,-0.04801025,-0.8200772130145467,-0.5641646295237528,-0.0958730175212006,0.1343487,0.0006990838,-2.973262740583982,2.53234226065198
both_paths,23.500198948997426,0.0,0.0,-0.0049793273210525,0.0009544397751124,-0.0093994140625,-0.0018310546875,16384,457573.0,27826.0,30544.0,38704.0,0.01666007,-1.269287,-0.04808564,-0.819821501921655,-0.5645106455094311,-0.0960231018737012,0.134306,0.000699088,-2.9731055804879536,2.5318955538095995
both_paths,23.750598461003392,0.0,0.0,-0.0049525946378707,0.0009496048297897,-0.0096435546875,-0.0018310546875,16384,457823.0,27856.0,30544.0,38704.0,0.01661903,-1.269226,-0.04819547,-0.8197352348978998,-0.5645986816108984,-0.0962417445297015,0.1343156,0.000699067,-2.972755015139322,2.531744916652733
both_paths,24.000445180005045,0.0,0.0,-0.005016840994358,0.0009504749858966,-0.00927734375,-0.00146484375,16384,458072.0,27886.0,30560.0,38720.0,0.01664017,-1.268963,-0.04808545,-0.81945555696549,-0.5650417919987206,-0.0960227236296342,0.134251,0.0006991991,-2.973261634800045,2.531256773717754
both_paths,24.250419297997723,0.0,0.0,-0.0049940794706344,0.0009376542531255,-0.00927734375,-0.001708984375,16384,458321.0,27916.0,30560.0,38704.0,0.01659338,-1.269299,-0.04806558,-0.8198382223144319,-0.5644931539435348,-0.0959831671867144,0.1342205,0.0006992969,-2.973169213601789,2.5319247542684717
both_paths,24.500429612002332,0.0,0.0,-0.0049778968095779,0.0009371010205552,-0.00927734375,-0.001708984375,16384,458570.0,27946.0,30576.0,38720.0,0.01661303,-1.26906,-0.04803437,-0.819573232370948,-0.5648883710858682,-0.0959210351955746,0.1342673,0.0006992763,-2.973391740839973,2.5314621199202363
both_paths,24.750421302000177,0.0,0.0,-0.0049769282341003,0.0009383102573801,-0.0087890625,-0.0010986328125,16384,458819.0,27976.0,30576.0,38720.0,0.0165994,-1.26908,-0.04800295,-0.8196007887768282,-0.5648590071292071,-0.095858484764822,0.1343241,0.0006993304,-2.973490795531231,2.531510215178132
both_paths,25.00039403600385,0.0,0.0,-0.0049786865711212,0.0009534546922391,-0.0091552734375,-0.0015869140625,16384,459069.0,28006.0,30576.0,38704.0,0.01663465,-1.268944,-0.04809511,-0.819432557395138,-0.5650718776297788,-0.0960419543367377,0.1342213,0.0006992328,-2.973237351782525,2.5312166459985064
both_paths,25.25018731500313,0.0,0.0,-0.0049554705619812,0.0009568758939461,-0.0093994140625,-0.001953125,16384,459317.0,28036.0,30576.0,38704.0,0.0165592,-1.268879,-0.0480527,-0.8193657939056793,-0.5651830225369685,-0.0959575260898919,0.1341559,0.000699229,-2.97341503063273,2.531100175705451
both_paths,25.500211203005165,0.0,0.0,-0.0049443468451499,0.0009249439977649,-0.0089111328125,-0.001953125,16384,459568.0,28066.0,30576.0,38704.0,0.01675793,-1.268941,-0.04805596,-0.8194353552324796,-0.5650810616433789,-0.0959640160008523,0.134189,0.0006991045,-2.9733740914630147,2.531221527307198
both_paths,25.75019113899907,0.0,0.0,-0.0050302371382713,0.000933459708247,-0.0089111328125,-0.001953125,16384,459817.0,28096.0,30576.0,38704.0,0.01664772,-1.269048,-0.04816481,-0.8195390433584651,-0.564893819782041,-0.0961807089969024,0.1341954,0.0006991437,-2.972946563490828,2.5314024531169497
both_paths,26.000120209006127,0.0,0.0,-0.0049086287617683,0.0009230642223999,-0.009033203125,-0.001708984375,16384,460067.0,28126.0,30576.0,38720.0,0.01664628,-1.268988,-0.04820721,-0.8194645324131794,-0.5649875287587641,-0.0962651155087556,0.1342082,0.0006991994,-2.9728288237172174,2.531272433949815
both_paths,26.250180393006303,0.0,0.0,-0.0049260556697845,0.0009351164234149,-0.0089111328125,-0.0015869140625,16384,460316.0,28156.0,30560.0,38688.0,0.016645,-1.268918,-0.04810763,-0.8194011925661144,-0.5651131218314986,-0.0960668785538864,0.1341984,0.0006989357,-2.973206541811175,2.531161926988238
both_paths,26.500121937002405,0.0,0.0,-0.0050096809864044,0.0009459414187672,-0.0096435546875,-0.0015869140625,16384,460566.0,28186.0,30576.0,38704.0,0.01663707,-1.269126,-0.04810924,-0.8196359539920559,-0.5647720265284,-0.096070083660507,0.1341765,0.0006991163,-2.9731012423526733,2.531571595190554
both_paths,26.750199364003493,0.0,0.0,-0.0050065219402313,0.0009277222216011,-0.0091552734375,-0.0015869140625,16384,460815.0,28216.0,30576.0,38704.0,0.0166292,-1.269051,-0.04816067,-0.8195430883826017,-0.5648893544777006,-0.0961724673806059,0.1341816,0.0006991878,-2.972959434301097,2.5314095122439046
both_paths,27.00019180000527,0.0,0.0,-0.0049971118569374,0.0009473306447181,-0.0093994140625,-0.001953125,16384,461066.0,28246.0,30576.0,38704.0,0.01667107,-1.268997,-0.0480801,-0.819494823758039,-0.5649866508680509,-0.096012073067317,0.1341053,0.0006990833,-2.973263836621767,2.531325288441616
both_paths,27.25019542699738,0.0,0.0,-0.0049434080719947,0.0009457659827061,-0.009033203125,-0.0018310546875,16384,461315.0,28276.0,30560.0,38688.0,0.01663803,-1.269253,-0.04821734,-0.8197622542563436,-0.5645520269054372,-0.0962852813960698,0.1341288,0.0006989739,-2.972666387320544,2.531792093636357
both_paths,27.500196328997845,0.0,0.0,-0.0049375668168067,0.0009477884937029,-0.0091552734375,-0.0015869140625,16384,461565.0,28306.0,30560.0,38704.0,0.01664643,-1.269074,-0.04819284,-0.8195639758355238,-0.5648481422990439,-0.0962365089453471,0.1341251,0.0006990517,-2.972837180380484,2.531445964874359
both_paths,27.750168087004567,0.0,0.0,-0.004934549331665,0.0009491387936989,-0.009033203125,-0.001708984375,16384,461815.0,28336.0,30576.0,38704.0,0.01671303,-1.269254,-0.04802314,-0.8197941214868021,-0.5645715559541061,-0.0958986787356422,0.1341305,0.0006990421,-2.9733376130618896,2.5318477393117287
both_paths,28.00021122599719,0.0,0.0,-0.0049336403608322,0.0009346132098152,-0.0091552734375,-0.0023193359375,16384,462065.0,28366.0,30576.0,38704.0,0.01662777,-1.269574,-0.04788069,-0.8201777577325701,-0.5640622312141316,-0.0956150879229275,0.1341504,0.0006990744,-2.973677222255133,2.53251798257909
both_paths,28.25020534399664,0.0,0.0,-0.0048891901969909,0.0009545757217196,-0.0089111328125,-0.001708984375,16384,462315.0,28396.0,30560.0,38688.0,0.01664127,-1.269046,-0.04796593,-0.8195682178642326,-0.5649187650817901,-0.0957847854583952,0.1341057,0.0006989062,-2.9736350560559086,2.5314533682641085
both_paths,28.500137727998663,0.0,0.0,-0.0049367994070053,0.0009447054545477,-0.00927734375,-0.002197265625,16384,462564.0,28426.0,30576.0,38688.0,0.01665192,-1.269113,-0.04811147,-0.8196209168170143,-0.5647930937436889,-0.0960745230301437,0.1341165,0.0006988583,-2.973099769808301,2.5315453475142484
both_paths,28.75018527499924,0.0,0.0,-0.0049631670117378,0.0009519760369648,-0.0093994140625,-0.001708984375,16384,462814.0,28456.0,30576.0,38704.0,0.01663837,-1.269205,-0.04821708,-0.819708094717273,-0.5646307498822819,-0.0962847638120919,0.1340865,0.0006989909,-2.972690385019879,2.531697531914942
both_paths,29.000173690001247,0.0,0.0,-0.004983976483345,0.0009399772415999,-0.00927734375,-0.001708984375,16384,463064.0,28486.0,30576.0,38704.0,0.01668392,-1.269046,-0.04813168,-0.8195420291577459,-0.5649007135134092,-0.0961147559745405,0.1341315,0.0006991256,-2.9730620473239293,2.531407663743045
both_paths,29.25016609400336,0.0,0.0,-0.0049435347318649,0.0009439159346695,-0.0091552734375,-0.001708984375,16384,463314.0,28516.0,30592.0,38704.0,0.01660842,-1.269069,-0.04800628,-0.8195878360019124,-0.5648766759015615,-0.0958651140932116,0.1340681,0.0006991561,-2.973484547734211,2.531487607788423
both_paths,29.50021454200032,0.0,0.0,-0.0049542114138603,0.000953435822342,-0.0089111328125,-0.0018310546875,16384,463563.0,28546.0,30576.0,38704.0,0.0166554,-1.269278,-0.04792662,-0.8198364517346755,-0.5645426938357432,-0.0957065266519449,0.1340891,0.0006989475,-2.973660012667888,2.5319216620739047
both_paths,29.75016797200078,0.0,0.0,-0.0048981383442878,0.0009503874140896,-0.009521484375,-0.00146484375,16384,463813.0,28576.0,30576.0,38688.0,0.01665408,-1.269504,-0.04793403,-0.8200903726276203,-0.5641712661457038,-0.0957212786116242,0.1341157,0.0006989912,-2.9735261050320423,2.532365257180715
both_paths,30.000143693003334,0.0,0.0,-0.004975713789463,0.0009427366075662,-0.009033203125,-0.0015869140625,16384,464062.0,28606.0,30544.0,38688.0,0.01666357,-1.269636,-0.04796109,-0.8202350152620523,-0.5639518067954358,-0.0957751499618997,0.1340971,0.0006989138,-2.973369079686289,2.532618071304628
both_paths,30.25013774899708,0.0,0.0,-0.0049542188644409,0.0009684053124823,-0.009521484375,-0.0018310546875,16384,464313.0,28636.0,30576.0,38672.0,0.0166242,-1.269186,-0.04811675,-0.8197025323347537,-0.5646728474890909,-0.0960850341757445,0.1341286,0.000698785,-2.973046474131788,2.5316878208053315
both_paths,30.500177437992534,0.0,0.0,-0.005004696547985,0.0009491081414635,-0.009033203125,-0.001708984375,16384,464563.0,28666.0,30576.0,38704.0,0.01667095,-1.269264,-0.04800968,-0.8198075386598144,-0.5645566239538775,-0.0958718827724655,0.134097,0.0006990058,-2.973379379358329,2.5318711693337934
both_paths,30.750225804004003,0.0,0.0,-0.0049558877944946,0.0009369366559926,-0.00927734375,-0.0020751953125,16384,464812.0,28696.0,30560.0,38704.0,0.01659748,-1.269361,-0.04797039,-0.8199232502075743,-0.5644018405551213,-0.0957936644410216,0.1341539,0.0006990421,-2.973468816357596,2.5320732656969485
both_paths,31.000146641003084,0.0,0.0,-0.0049713179469108,0.0009449677189232,-0.0093994140625,-0.0018310546875,16384,465061.0,28726.0,30560.0,38688.0,0.01661765,-1.269607,-0.04807156,-0.8201848485636549,-0.563987376051987,-0.0959950719600182,0.1341392,0.0006990221,-2.973000503147594,2.5325303768901777
both_paths,31.25042947300244,0.0,0.0,-0.0049834698438644,0.0009666625856927,-0.009521484375,-0.00146484375,16384,465329.0,28758.0,30544.0,38704.0,0.01673623,-1.269257,-0.04800686,-0.8198000801049795,-0.564568407879605,-0.0958662687505744,0.13409,0.0006989767,-2.9733924897447643,2.531858144577701
both_paths,31.500420960001065,0.0,0.0,-0.0049917995929718,0.0009604905658752,-0.0096435546875,-0.0018310546875,16384,465579.0,28788.0,30560.0,38704.0,0.01662445,-1.269446,-0.04809425,-0.8199996125497976,-0.5642489763211884,-0.0960402422876624,0.134154,0.0006989422,-2.972999394094761,2.53220666862904
both_paths,31.75039388499863,0.0,0.0,-0.0050328522920608,0.000943073415256,-0.009521484375,-0.001708984375,16384,465812.0,28816.0,30560.0,38704.0,0.0166878,-1.269254,-0.0480823,-0.8197847706940863,-0.564565116298765,-0.0960164527391334,0.134254,0.0006989556,-2.9731329770610606,2.5318314107569284
both_paths,32.00042050800403,0.0,0.0,-0.0050052180886268,0.0009551422629844,-0.0091552734375,-0.001708984375,16384,466078.0,28848.0,30576.0,38704.0,0.01673142,-1.269359,-0.04790568,-0.8199311977555844,-0.5644121451224663,-0.0956648388142093,0.1342297,0.0006991408,-2.973693693327417,2.532087148658454
both_paths,32.25040021300083,0.0,0.0,-0.0049942657351493,0.0009442498210138,-0.009521484375,-0.001953125,16384,466312.0,28876.0,30576.0,38704.0,0.01669457,-1.269164,-0.04793211,-0.8197068492744696,-0.5647290056503131,-0.0957174562435227,0.1342521,0.0006991474,-2.9736955673784977,2.531695357541504
both_paths,32.50013380999735,0.0,0.0,-0.0049880295991897,0.0009427531065831,-0.0096435546875,-0.0018310546875,16384,466562.0,28906.0,30576.0,38688.0,0.0166275,-1.269368,-0.0480066,-0.8199254351516586,-0.5643864266162498,-0.0958657511455657,0.1341938,0.0006989696,-2.973340164146497,2.5320770823805234
both_paths,32.75014612500672,0.0,0.0,-0.004998855292797,0.0009490334380345,-0.009033203125,-0.0018310546875,16384,466812.0,28936.0,30576.0,38704.0,0.01661522,-1.269257,-0.0480085,-0.8197998211287496,-0.5645682295314914,-0.095869533643109,0.1342004,0.0006989449,-2.9733868166930093,2.531857692335978
both_paths,33.000162637996254,0.0,0.0,-0.0049814879894256,0.0009440105130082,-0.0089111328125,-0.001220703125,16384,467060.0,28966.0,30544.0,38688.0,0.0166151,-1.269439,-0.04792682,-0.820018160439717,-0.5642786555340987,-0.095706924815775,0.1341654,0.0006988732,-2.9735822174958417,2.5322390751361508
both_paths,33.250146288002725,0.0,0.0,-0.0049222782254219,0.0009580475969453,-0.009033203125,-0.001953125,16384,467309.0,28996.0,30544.0,38688.0,0.01660948,-1.269543,-0.04794366,-0.8201328563716429,-0.5641062524948143,-0.0957404501553387,0.1341947,0.0006988782,-2.973474063668448,2.532439503035505
both_paths,33.500142011995194,0.0,0.0,-0.0049735605716705,0.000956426125567,-0.00927734375,-0.0018310546875,16384,467558.0,29026.0,30560.0,38688.0,0.01667507,-1.26942,-0.04803602,-0.8199794787668733,-0.5642979525373581,-0.0959243199785761,0.1342121,0.0006988737,-2.9732134022247254,2.532171492983901
both_paths,33.75016776099801,0.0,0.0,-0.0049690678715705,0.000951036928868,-0.00927734375,-0.0015869140625,16384,467808.0,29056.0,30544.0,38688.0,0.01670017,-1.269469,-0.04809781,-0.8200250037714408,-0.564210868124696,-0.0960473293726859,0.134276,0.0006988461,-2.972976014141005,2.532251032050235
both_paths,34.000127726001665,0.0,0.0,-0.0050342977046966,0.0009554135023682,-0.00927734375,-0.001708984375,16384,468076.0,29088.0,30544.0,38672.0,0.0166401,-1.26999,-0.04803262,-0.8206227832115455,-0.5633631786159696,-0.095917551333674,0.1343173,0.0006987821,-2.9729509547433834,2.5332962855175496
both_paths,34.25014564899902,0.0,0.0,-0.0049877315759658,0.0009547087601171,-0.009521484375,-0.001953125,16384,468308.0,29116.0,30544.0,38688.0,0.01662875,-1.269871,-0.04808063,-0.8204810840456017,-0.5635532538654345,-0.0960131281702427,0.1343288,0.0006987533,-2.972841944894161,2.5330483741880965
both_paths,34.50012546200014,0.0,0.0,-0.0050229728221893,0.0009450562114185,-0.0093994140625,-0.0020751953125,16384,468557.0,29146.0,30528.0,38704.0,0.01657908,-1.269759,-0.04794371,-0.8203764658463328,-0.5637518970517029,-0.0957405496959715,0.1342804,0.0006988008,-2.973370200134223,2.5328653948609388
both_paths,34.75013179300004,0.0,0.0,-0.0050285831093788,0.0009570944492884,-0.00927734375,-0.001708984375,16384,468806.0,29176.0,30544.0,38688.0,0.0165629,-1.269571,-0.04802329,-0.8201518713639858,-0.5640516767467383,-0.0958989773529681,0.1343547,0.0006988214,-2.9731849342350767,2.5324727367615405
both_paths,35.00014277199807,0.0,0.0,-0.0050239339470863,0.000952730635547,-0.00927734375,-0.0020751953125,16384,469072.0,29208.0,30544.0,38688.0,0.016614,-1.269434,-0.0479256,-0.8200127099861514,-0.5642869880685345,-0.095704496016173,0.1343145,0.0006988805,-2.973588835836982,2.532229552055171
both_paths,35.25042896300147,0.0,0.0,-0.0050316527485847,0.0009607998049291,-0.0101318359375,-0.0018310546875,16384,469321.0,29238.0,30544.0,38688.0,0.01659797,-1.269445,-0.04794323,-0.8200223436230327,-0.5642670343724099,-0.0957395941058576,0.134216,0.0006989117,-2.9735225447525537,2.532246384119403
both_paths,35.50011183100287,0.0,0.0,-0.0049700289964675,0.0009459941248214,-0.00927734375,-0.0018310546875,16384,469570.0,29268.0,30544.0,38704.0,0.01658057,-1.269389,-0.04799164,-0.8199515010363418,-0.5643536152201855,-0.0958359689060266,0.1342563,0.0006990341,-2.973381858271549,2.532122616154468
both_paths,35.75012448200141,0.0,0.0,-0.0049900785088539,0.0009536562073362,-0.0093994140625,-0.0018310546875,16384,469819.0,29298.0,30560.0,38704.0,0.0167572,-1.269203,-0.04799133,-0.8197415536949592,-0.5646586318288718,-0.0958353517597811,0.1342176,0.0006991409,-2.973472081560362,2.53175594926386
both_paths,36.000127564999275,0.0,0.0,-0.0049655511975288,0.0009371625484418,-0.0091552734375,-0.00146484375,16384,470069.0,29328.0,30560.0,38720.0,0.01662237,-1.269517,-0.04809547,-0.8200795345660202,-0.5641323978744348,-0.0960426710083593,0.1342109,0.0006992219,-2.972961026830187,2.532346317526627
both_paths,36.25041195099766,0.0,0.0,-0.0049683228135108,0.000949920589095,-0.0087890625,-0.001953125,16384,470318.0,29358.0,30544.0,38720.0,0.01665427,-1.269903,-0.04768525,-0.8205794787762443,-0.56354354716898,-0.0952259914913513,0.1342844,0.0006991643,-2.974196768574066,2.533220512405223
both_paths,36.50017851300072,0.0,0.0,-0.0049211084842681,0.0009390556836544,-0.009521484375,-0.0013427734375,16384,470568.0,29388.0,30544.0,38704.0,0.01667352,-1.269876,-0.04780802,-0.8205297480027404,-0.5635746028000392,-0.0954704128059431,0.1342985,0.0006991534,-2.973784191806084,2.53313350480094
both_paths,36.75037847200292,0.0,0.0,-0.004975713789463,0.0009545605834935,-0.009521484375,-0.001708984375,16384,470818.0,29418.0,30544.0,38720.0,0.01658202,-1.269716,-0.04782429,-0.8203468014899281,-0.563835383503195,-0.0955028041213953,0.1342781,0.0006991405,-2.973804510878634,2.5328135200477835
both_paths,37.00018559799355,0.0,0.0,-0.0049576982855796,0.0009466893313277,-0.00927734375,-0.0020751953125,16384,471066.0,29448.0,30560.0,38720.0,0.01655457,-1.26956,-0.0478824,-0.8201616942334499,-0.5640850106600381,-0.0956184922532343,0.1342347,0.0006992548,-2.9736780098736664,2.532489905442964
both_paths,37.25033027300378,0.0,0.0,-0.0049234107136726,0.0009365396283096,-0.0086669921875,-0.0015869140625,16384,471314.0,29478.0,30560.0,38720.0,0.01653077,-1.269843,-0.04783591,-0.8204881595640993,-0.5636257403714874,-0.0955259378693026,0.1342622,0.0006992698,-2.973703368015004,2.5330607511465804
both_paths,37.500145953992615,0.0,0.0,-0.0049769133329391,0.0009425418841629,-0.0093994140625,-0.001708984375,16384,471563.0,29508.0,30544.0,38720.0,0.01664107,-1.269934,-0.04774358,-0.8206052534403866,-0.5634863778707957,-0.0953421207027074,0.1342999,0.0006991779,-2.973979739308566,2.5332656113309766
both_paths,37.75014832400484,0.0,0.0,-0.0049225315451622,0.0009407292157647,-0.0091552734375,-0.0018310546875,16384,471812.0,29538.0,30544.0,38704.0,0.01654538,-1.270051,-0.04792075,-0.8207091809791117,-0.5632751882972027,-0.0956948405367106,0.1343316,0.000699091,-2.9733093762429306,2.533447486998731
both_paths,38.00014591199579,0.0,0.0,-0.0049164667725563,0.0009614908712029,-0.009521484375,-0.0015869140625,16384,472061.0,29568.0,30528.0,38720.0,0.01654942,-1.269672,-0.04790724,-0.8202841131138118,-0.5638985885488915,-0.0956679445041813,0.1342951,0.0006990816,-2.9735382914358928,2.532703907989303
both_paths,38.25014331100101,0.0,0.0,-0.0048963874578475,0.0009338752609028,-0.009033203125,-0.0020751953125,16384,472309.0,29598.0,30544.0,38704.0,0.01657467,-1.269678,-0.04787021,-0.8202967162671259,-0.5638927572083953,-0.0955942239326422,0.1342533,0.0006990352,-2.9736636662164115,2.5327259435069567
both_paths,38.50013953799498,0.0,0.0,-0.0049434527754783,0.0009453302751672,-0.0093994140625,-0.0013427734375,16384,472558.0,29628.0,30544.0,38688.0,0.01658557,-1.269627,-0.04795257,-0.8202262086736023,-0.5639674955013573,-0.0957581882809765,0.1342587,0.0006988884,-2.973402904329672,2.532602676058928
both_paths,38.75012579500617,0.0,0.0,-0.0049291104078292,0.000942206672482,-0.0091552734375,-0.001708984375,16384,472823.0,29660.0,30544.0,38704.0,0.01652553,-1.269872,-0.04801119,-0.8204931945756876,-0.5635591569133482,-0.0958748888609478,0.1343144,0.0006991457,-2.9730820666149147,2.533069558851179
both_paths,39.00012859300477,0.0,0.0,-0.0049054622650146,0.0009472247127,-0.00927734375,-0.0018310546875,16384,473071.0,29690.0,30576.0,38720.0,0.01651378,-1.269729,-0.04783524,-0.8203597370619011,-0.5638128695222578,-0.0955246039971156,0.1342969,0.0006993307,-2.9737603494605804,2.532836140336232
both_paths,39.250146107006,0.0,0.0,-0.0049427896738052,0.0009267343451856,-0.010009765625,-0.001953125,16384,473319.0,29720.0,30576.0,38720.0,0.01658855,-1.269512,-0.04790162,-0.8201045094454223,-0.5641616599954086,-0.0956567560526091,0.1342076,0.0006993644,-2.973634467604229,2.532389962226943
both_paths,39.50013751299412,0.0,0.0,-0.0049640610814094,0.0009374500939106,-0.009521484375,-0.0018310546875,16384,473569.0,29750.0,30592.0,38720.0,0.01670743,-1.269339,-0.04791063,-0.8199078404752013,-0.5644444048525137,-0.0956746934041788,0.134116,0.0006993887,-2.973686138592058,2.532046348404907
both_paths,39.750139898998896,0.0,0.0,-0.0049492567777633,0.0009380529010444,-0.009033203125,-0.0015869140625,16384,473820.0,29780.0,30592.0,38704.0,0.0167258,-1.269182,-0.04788366,-0.819734813196051,-0.5647047549457473,-0.095621000706429,0.1340472,0.0006993778,-2.973854533361689,2.531744180368076
both_paths,40.00012857800175,0.0,0.0,-0.0049477070569992,0.0009508346350534,-0.0096435546875,-0.001953125,16384,474071.0,29810.0,30576.0,38704.0,0.01677633,-1.269213,-0.04789974,-0.8197672903541172,-0.564652185609222,-0.0956530132938696,0.1341239,0.0006992786,-2.9737840949028302,2.5318008872359505
both_paths,40.25014026000281,0.0,0.0,-0.0049550905823707,0.0009444164182264,-0.009033203125,-0.001953125,16384,474306.0,29838.0,30576.0,38720.0,0.0167887,-1.269312,-0.04787908,-0.8198823301197415,-0.5644921014936515,-0.0956118826752422,0.1341298,0.0006992296,-2.9738082250431157,2.5320017899059573
both_paths,40.50013109399879,0.0,0.0,-0.0049861669540405,0.00096731109255,-0.009521484375,-0.002197265625,16384,474557.0,29868.0,30576.0,38704.0,0.01676373,-1.269253,-0.04790013,-0.8198123984579856,-0.5645865601015284,-0.0956537897173363,0.1340885,0.0006990975,-2.973763616789773,2.5318796560529937
both_paths,40.75013907899847,0.0,0.0,-0.004974327981472,0.0009476022527348,-0.00927734375,-0.001953125,16384,474809.0,29898.0,30544.0,38704.0,0.01680767,-1.26918,-0.04794061,-0.8197235800581956,-0.564701851539407,-0.095734378174931,0.1340801,0.0006989532,-2.97365851571172,2.5317245677753437
both_paths,41.00017236999702,0.0,0.0,-0.0049151554703712,0.0009360015048028,-0.0091552734375,-0.001953125,16384,475061.0,29928.0,30544.0,38704.0,0.01671042,-1.269316,-0.04793748,-0.8198776422379527,-0.5644792056794439,-0.0957281469257598,0.1340738,0.0006988894,-2.9736042473259374,2.5319936019727445
both_paths,41.25013790400408,0.0,0.0,-0.0049718171358108,0.00094860247503,-0.00927734375,-0.0015869140625,16384,475312.0,29958.0,30544.0,38688.0,0.01678988,-1.269401,-0.04789307,-0.819980592672984,-0.5643446365772153,-0.0956397344527513,0.1340536,0.000698829,-2.9737172260208204,2.5321734390381327
both_paths,41.50013884500368,0.0,0.0,-0.0049875900149345,0.000972414988781,-0.009521484375,-0.0015869140625,16384,475564.0,29988.0,30544.0,38688.0,0.01681828,-1.269343,-0.0480012,-0.8198980675660934,-0.5644280092335334,-0.0958550008818318,0.1341948,0.0006987733,-2.973370839398278,2.5320292778967266
both_paths,41.75012178199541,0.0,0.0,-0.004973255097866,0.0009446360230601,-0.0089111328125,-0.0015869140625,16384,475816.0,30018.0,30560.0,38704.0,0.01680622,-1.269441,-0.04785465,-0.820031789284933,-0.5642832006172861,-0.0955632464039536,0.1341952,0.0006989069,-2.9738310570874376,2.532262888144493
both_paths,42.00014683599875,0.0,0.0,-0.0048858299851417,0.0009491733139404,-0.0087890625,-0.00146484375,16384,476068.0,30048.0,30544.0,38688.0,0.01679718,-1.269638,-0.04794569,-0.8202397014450401,-0.5639501968436066,-0.0957444915042584,0.1341567,0.0006988854,-2.9734214486964423,2.532626263598269
both_paths,42.25016802300525,0.0,0.0,-0.0049268752336502,0.0009394826052032,-0.0091552734375,-0.002197265625,16384,476321.0,30078.0,30576.0,38704.0,0.01682643,-1.269202,-0.04789416,-0.8197557468657278,-0.5646708258729018,-0.0956419044594348,0.1342292,0.000699151,-2.9738086554052394,2.531780731156006
both_paths,42.500136912000016,0.0,0.0,-0.0049183666706085,0.0009420922350123,-0.009033203125,-0.001953125,16384,476573.0,30108.0,30560.0,38704.0,0.01682195,-1.269176,-0.04784214,-0.8197345727583542,-0.5647190944587182,-0.0955383408815739,0.1341384,0.0006991592,-2.9740010102621346,2.531743760568066
both_paths,42.75013045700325,0.0,0.0,-0.0049437880516052,0.0009592133816288,-0.00927734375,-0.0015869140625,16384,476808.0,30136.0,30576.0,38720.0,0.01679655,-1.269361,-0.04783577,-0.8199444652283724,-0.5644164441131773,-0.0955256591497553,0.1341913,0.0006994037,-2.973934662157307,2.5321103252032584
both_paths,43.00013556299382,0.0,0.0,-0.0049454197287559,0.0009486060328247,-0.0091552734375,-0.0013427734375,16384,477059.0,30166.0,30576.0,38720.0,0.01677963,-1.269662,-0.04786306,-0.8202797976726828,-0.5639197807793129,-0.0955799894113525,0.1342048,0.0006993103,-2.97369610021015,2.5326963629757877
both_paths,43.25014269100211,0.0,0.0,-0.0049578323960304,0.0009392462157429,-0.0087890625,-0.0018310546875,16384,477310.0,30196.0,30544.0,38672.0,0.01673953,-1.269604,-0.04775545,-0.8202313084692482,-0.5640265719372202,-0.095365752529788,0.1342326,0.0006987203,-2.974096550073525,2.532611591229959
both_paths,43.50013923099323,0.0,0.0,-0.0049784332513809,0.000960386878069,-0.009521484375,-0.0015869140625,16384,477562.0,30226.0,30544.0,38688.0,0.01680713,-1.269526,-0.04776911,-0.8201411634591637,-0.5641530443735517,-0.0953929479778394,0.1342745,0.0006988161,-2.974086535190929,2.5324540216723164
both_paths,43.75023474599584,0.0,0.0,-0.0050076469779014,0.000959354933959,-0.0091552734375,-0.001708984375,16384,477816.0,30256.0,30528.0,38688.0,0.01692812,-1.269654,-0.04786075,-0.8202711387231774,-0.5639331553444386,-0.0955753905618353,0.1342972,0.0006987257,-2.9737079349796014,2.5326812241229053
both_paths,44.0001722540037,0.0,0.0,-0.0049378424882888,0.0009514909304627,-0.009033203125,-0.001708984375,16384,478068.0,30286.0,30544.0,38688.0,0.01679903,-1.269546,-0.04788369,-0.8201456962711294,-0.5641078351608849,-0.0956210604314976,0.1342301,0.0006987006,-2.973680251444359,2.5324619439807026
both_paths,44.25012065199553,0.0,0.0,-0.0049767717719078,0.0009577284150137,-0.0091552734375,-0.0015869140625,16384,478321.0,30316.0,30544.0,38688.0,0.0168693,-1.26969,-0.04797729,-0.8202933596148588,-0.5638614600160252,-0.0958074009686322,0.1342105,0.0006988119,-2.9732870389611694,2.532720074624309
both_paths,44.5001426480012,0.0,0.0,-0.0049135163426399,0.0009343022540316,-0.0091552734375,-0.0015869140625,16384,478556.0,30344.0,30544.0,38704.0,0.01677038,-1.269464,-0.04806026,-0.8200253017086803,-0.5642231554577132,-0.0959725763066161,0.1342387,0.0006989909,-2.973108377138786,2.532251552621495
both_paths,44.75018261700461,0.0,0.0,-0.0049364492297172,0.0009345462434481,-0.0093994140625,-0.0020751953125,16384,478824.0,30376.0,30544.0,38704.0,0.01670755,-1.269353,-0.04793056,-0.8199205026804071,-0.5644192843698566,-0.0957143704765778,0.1342959,0.0006991475,-2.973610472395719,2.532068466316872
both_paths,45.00017369299894,0.0,0.0,-0.0049444362521171,0.0009637678157012,-0.009033203125,-0.0013427734375,16384,479058.0,30404.0,30560.0,38720.0,0.01674672,-1.269409,-0.04785693,-0.8199953145010808,-0.564335434439926,-0.0955677855334823,0.1342551,0.0006993979,-2.9738384760252448,2.532199159377886
both_paths,45.25016091199359,0.0,0.0,-0.0049184188246726,0.0009373483500699,-0.00927734375,-0.0010986328125,16384,479309.0,30434.0,30576.0,38720.0,0.01671168,-1.269222,-0.04795859,-0.8197681764190271,-0.5646310396219529,-0.0957701729457321,0.1342934,0.0006993836,-2.9735762256671188,2.531802434417528
both_paths,45.50014477499644,0.0,0.0,-0.004894696176052,0.0009405857888171,-0.0093994140625,-0.00146484375,16384,479560.0,30464.0,30576.0,38720.0,0.0167309,-1.269071,-0.04796405,-0.8195967593140169,-0.5648779903416848,-0.0957810427459464,0.1342682,0.0006992992,-2.9736295995966424,2.531503182194739
both_paths,45.75028563999513,0.0,0.0,-0.0049460679292678,0.0009336255199791,-0.00927734375,-0.0018310546875,16384,479811.0,30494.0,30560.0,38720.0,0.01676638,-1.268972,-0.04805407,-0.8194706873136851,-0.5650304614729114,-0.0959602534456084,0.1342314,0.0006992716,-2.9733657819533965,2.5312831731343883
both_paths,46.0001489760034,0.0,0.0,-0.0049469619989395,0.0009445051651401,-0.009033203125,-0.0015869140625,16384,480064.0,30524.0,30560.0,38720.0,0.01676005,-1.269252,-0.04791542,-0.8198088598293952,-0.5645865403808428,-0.0956842294530198,0.1342767,0.0006992921,-2.9737112008094013,2.5318734764966133
both_paths,46.25014862700482,0.0,0.0,-0.004940889775753,0.000953329205206,-0.00927734375,-0.0020751953125,16384,480315.0,30554.0,30560.0,38720.0,0.01673315,-1.26945,-0.04796517,-0.8200245245837178,-0.5642564521567865,-0.0957832724471428,0.1343422,0.0006992626,-2.973444210211195,2.5322501947896274
both_paths,46.500135683992994,0.0,0.0,-0.0049849227070808,0.0009541095447099,-0.009765625,-0.00146484375,16384,480566.0,30584.0,30544.0,38704.0,0.01672132,-1.269619,-0.0479365,-0.8202197206752913,-0.5639823625156398,-0.0957261959268456,0.1343852,0.0006991439,-2.973462391635565,2.5325913342761206
both_paths,46.75013594499615,0.0,0.0,-0.0049389824271202,0.0009452495259858,-0.0091552734375,-0.0020751953125,16384,480816.0,30614.0,30560.0,38720.0,0.0167093,-1.2697,-0.04806685,-0.8202904811988901,-0.5638353241166459,-0.0959856954591162,0.1343738,0.0006992385,-2.97297205657256,2.532715041945281
both_paths,47.00014300800103,0.0,0.0,-0.004953496158123,0.0009443579727265,-0.0091552734375,-0.0015869140625,16384,481067.0,30644.0,30544.0,38720.0,0.01668043,-1.269486,-0.04788611,-0.820077616132339,-0.5642059862560171,-0.0956258782525691,0.1344037,0.000699215,-2.973700615518078,2.5323429650922824
both_paths,47.25013903999934,0.0,0.0,-0.0049764961004257,0.0009473610803551,-0.009521484375,-0.001708984375,16384,481317.0,30674.0,30544.0,38704.0,0.0167049,-1.269303,-0.04791373,-0.819866709764511,-0.5645031003460196,-0.0956808649607987,0.1343627,0.000699108,-2.97369264338542,2.5319745075036737
both_paths,47.50013059399498,0.0,0.0,-0.0049598067998886,0.0009547618200018,-0.009033203125,-0.0015869140625,16384,481568.0,30704.0,30560.0,38704.0,0.0166747,-1.269403,-0.04796886,-0.8199708985329156,-0.5643331311947282,-0.0957906185128629,0.1342731,0.000699053,-2.9734539765957613,2.5321565030328723
both_paths,47.75013726600446,0.0,0.0,-0.0049623623490333,0.000949048790736,-0.0089111328125,-0.0015869140625,16384,481818.0,30734.0,30544.0,38704.0,0.0166874,-1.269613,-0.04796959,-0.8202077308792176,-0.5639886144120535,-0.095792071798959,0.1342668,0.0006990333,-2.9733506898115043,2.5325703751902067
both_paths,48.00014119100524,0.0,0.0,-0.0049341097474098,0.0009516550319127,-0.0091552734375,-0.00146484375,16384,482068.0,30764.0,30544.0,38704.0,0.01669913,-1.269617,-0.04789069,-0.8202246881477682,-0.5639906102419241,-0.0956349962714405,0.1342572,0.0006990284,-2.9736219846967,2.532600017984696
both_paths,48.25013714100351,0.0,0.0,-0.0049392879009246,0.0009451182597562,-0.0101318359375,-0.001953125,16384,482320.0,30794.0,30544.0,38704.0,0.01682377,-1.269873,-0.04792348,-0.8205081723101573,-0.5635670292393954,-0.0957002754778044,0.1342552,0.0006988728,-2.97338551280859,2.5330957599378814
both_paths,48.50037284799328,0.0,0.0,-0.0048784241080284,0.000943202618153,-0.00927734375,-0.0013427734375,16384,482572.0,30824.0,30544.0,38704.0,0.01674627,-1.270082,-0.04789017,-0.8207489266409911,-0.5632276137706616,-0.0956339610382607,0.1342874,0.0006988369,-2.973400488149729,2.533517055415159
both_paths,48.750144700999954,0.0,0.0,-0.0049076005816459,0.0009448267637787,-0.0089111328125,-0.0015869140625,16384,482823.0,30854.0,30528.0,38688.0,0.01670853,-1.269795,-0.04791721,-0.8204212349164507,-0.5636957012111209,-0.0956877930264289,0.1342903,0.0006987514,-2.973444712354825,2.532943690981185
both_paths,49.00014165199536,0.0,0.0,-0.0049363747239112,0.0009357370544975,-0.00927734375,-0.001953125,16384,483073.0,30884.0,30544.0,38704.0,0.01673885,-1.269934,-0.04790905,-0.820579197849278,-0.5634684862345972,-0.0956715478997124,0.134243,0.0006988049,-2.973406201992852,2.5332200208725437
both_paths,49.25013812200632,0.0,0.0,-0.0049607679247856,0.0009520436721709,-0.00927734375,-0.0015869140625,16384,483324.0,30914.0,30544.0,38704.0,0.01671105,-1.269701,-0.04799403,-0.8203031205099564,-0.5638415961493815,-0.0958407269032627,0.134199,0.0006988783,-2.9732237750280235,2.532737141035516
both_paths,49.50017828299315,0.0,0.0,-0.0049434751272201,0.0009632789698408,-0.00927734375,-0.0018310546875,16384,483558.0,30942.0,30544.0,38704.0,0.01673548,-1.270004,-0.04789966,-0.8206595565313374,-0.5633546163742517,-0.0956528540275103,0.1341873,0.0006991013,-2.973405097535453,2.5333606371069988
both_paths,49.75014673100668,0.0,0.0,-0.0049211233854293,0.0009510893217589,-0.009765625,-0.001708984375,16384,483810.0,30972.0,30560.0,38720.0,0.01681755,-1.269759,-0.04784622,-0.8203918352973865,-0.5637624587359403,-0.0955464635525198,0.1342052,0.0006992435,-2.9737079304073397,2.532892273328554
both_paths,50.00017300499894,0.0,0.0,-0.0049601942300796,0.0009504981551652,-0.00927734375,-0.0018310546875,16384,484061.0,31002.0,30576.0,38720.0,0.01667283,-1.269634,-0.04795028,-0.8202344655224129,-0.563956260750699,-0.0957536293267853,0.1341473,0.00069939,-2.973407473954337,2.5326171102668265
both_paths,50.250143344994285,0.0,0.0,-0.0049244537949562,0.0009492161735587,-0.0091552734375,-0.001953125,16384,484311.0,31032.0,30576.0,38720.0,0.01672348,-1.269414,-0.04788713,-0.8199962012676419,-0.5643239609881295,-0.0956279089037546,0.1342383,0.000699431,-2.973731560589,2.5322007086680016
both_paths,50.50014098599786,0.0,0.0,-0.0049314424395561,0.0009523443469892,-0.009521484375,-0.001708984375,16384,484562.0,31062.0,30560.0,38720.0,0.01668262,-1.269167,-0.04796669,-0.8197047843100453,-0.5647203304333466,-0.0957862984694263,0.1342627,0.0006992676,-2.9735745381043395,2.531691752409888
both_paths,50.75017316099547,0.0,0.0,-0.0049789398908615,0.0009359515365447,-0.009033203125,-0.001708984375,16384,484812.0,31092.0,30576.0,38704.0,0.0166998,-1.269162,-0.04798084,-0.8196969044721024,-0.5647269893162528,-0.0958144683054396,0.1342035,0.0006991541,-2.973527995311516,2.531677995514297
both_paths,51.000166772995726,0.0,0.0,-0.0049747005105018,0.000946973806291,-0.0098876953125,-0.001953125,16384,485062.0,31122.0,30576.0,38704.0,0.01666662,-1.269093,-0.04813176,-0.8195951135413364,-0.5648236653405795,-0.0961149152337808,0.1342133,0.0006990789,-2.973039216790545,2.531500309700199
both_paths,51.250170483006514,0.0,0.0,-0.0049731582403182,0.0009614122222562,-0.0089111328125,-0.001953125,16384,485313.0,31152.0,30576.0,38704.0,0.01669877,-1.268903,-0.04808282,-0.8193881618164196,-0.5651404093550112,-0.0960174879340183,0.1341792,0.0006990435,-2.9732994615442334,2.531139194830032
both_paths,51.50014667199866,0.0,0.0,-0.0049968957901,0.0009504463207781,-0.009765625,-0.001708984375,16384,485564.0,31182.0,30560.0,38704.0,0.0167073,-1.268662,-0.04800663,-0.8191276996881312,-0.565543595057019,-0.0958658108692218,0.134216,0.0006991077,-2.973677884688948,2.530684973161696
both_paths,51.75022697499662,0.0,0.0,-0.005013421177864,0.0009320642349421,-0.0093994140625,-0.0020751953125,16384,485814.0,31212.0,30576.0,38704.0,0.01668668,-1.268922,-0.04811421,-0.8194046726347931,-0.5651058488048666,-0.0960799776790087,0.1342258,0.0006990526,-2.973181886588077,2.531167998097133
both_paths,52.00014070600446,0.0,0.0,-0.0049743056297302,0.0009490683891448,-0.0098876953125,-0.002197265625,16384,486065.0,31242.0,30576.0,38704.0,0.01671878,-1.26882,-0.04787087,-0.8193277651623859,-0.5652994837871478,-0.0955955378874681,0.1341967,0.0006990237,-2.974071507875329,2.531033842440005
both_paths,52.25014175000251,0.0,0.0,-0.0049771890044212,0.0009679572252484,-0.0091552734375,-0.0020751953125,16384,486316.0,31272.0,30576.0,38704.0,0.0167537,-1.268931,-0.04800193,-0.8194325853839878,-0.5651033340965177,-0.095856454158879,0.1341727,0.000699043,-2.9735656079254187,2.531216694829702
both_paths,52.50014586899488,0.0,0.0,-0.004962645471096,0.0009498890518617,-0.009033203125,-0.0020751953125,16384,486567.0,31302.0,30592.0,38704.0,0.01671628,-1.268783,-0.04801936,-0.8192625281186378,-0.5653439631644506,-0.0958911535761802,0.1340204,0.0006991456,-2.973576126371285,2.530920064573668
both_paths,52.75016324300668,0.0,0.0,-0.0049680918455123,0.0009397819155913,-0.0093994140625,-0.0020751953125,16384,486818.0,31332.0,30592.0,38704.0,0.0167255,-1.268594,-0.0480269,-0.819047579623558,-0.5656527821954037,-0.0959061640740081,0.1339906,0.0006992442,-2.973640344869764,2.530545310484828
both_paths,53.00014541999553,0.0,0.0,-0.0049416869878768,0.0009674681017398,-0.009765625,-0.00146484375,16384,487068.0,31362.0,30592.0,38704.0,0.01670358,-1.268689,-0.04793407,-0.819169678120305,-0.5655072590375357,-0.095721358244278,0.1339208,0.0006992113,-2.97391561102211,2.5307581597134323
both_paths,53.25017584800662,0.0,0.0,-0.0049709826707839,0.0009497516159323,-0.0089111328125,-0.0018310546875,16384,487319.0,31392.0,30592.0,38704.0,0.01670468,-1.268969,-0.04790297,-0.8194911337584542,-0.5650518140204686,-0.0956594436710825,0.1339924,0.0006992236,-2.973889499860225,2.5313188496543635
both_paths,53.500187439,0.0,0.0,-0.0049595907330513,0.0009376173056063,-0.00927734375,-0.001708984375,16384,487570.0,31422.0,30592.0,38720.0,0.0167671,-1.269011,-0.04794073,-0.819532645095062,-0.5649788728062812,-0.0957346170725882,0.1339933,0.000699274,-2.973738908070472,2.5313912874073017
both_paths,53.75014880699746,0.0,0.0,-0.0049651786684989,0.0009592066082914,-0.0096435546875,-0.001708984375,16384,487822.0,31452.0,30592.0,38720.0,0.01677578,-1.268873,-0.04782541,-0.8193948334296389,-0.5652175647057701,-0.0955050338824762,0.1339728,0.0006992971,-2.9742033537813115,2.531150833374879
both_paths,54.00017812999431,0.0,0.0,-0.0049340724945068,0.0009556192295034,-0.0089111328125,-0.0018310546875,16384,488073.0,31482.0,30592.0,38720.0,0.01670525,-1.268782,-0.04796773,-0.8192695427137264,-0.5653512224839704,-0.0957883689052155,0.1339952,0.0006993109,-2.97375497136021,2.5309322976197954
both_paths,54.2501389770041,0.0,0.0,-0.0049525722861289,0.000957764583088,-0.009033203125,-0.0013427734375,16384,488307.0,31510.0,30592.0,38720.0,0.0167161,-1.269101,-0.04777182,-0.8196609114103912,-0.5648496670878135,-0.0953983432595827,0.1340732,0.0006993893,-2.97427999608986,2.5316151610167656
both_paths,54.50022613799956,0.0,0.0,-0.0049369558691978,0.000927706894104,-0.0087890625,-0.0018310546875,16384,488559.0,31540.0,30592.0,38720.0,0.01686655,-1.269198,-0.04768288,-0.8197844386480353,-0.5647002597068674,-0.0952212730303591,0.1340392,0.000699411,-2.974541430661753,2.5318308309380098
both_paths,54.750199055997655,0.0,0.0,-0.0049561113119125,0.0009511880109822,-0.00927734375,-0.0018310546875,16384,488827.0,31572.0,30592.0,38720.0,0.0167021,-1.269051,-0.04782672,-0.8195957929285302,-0.5649256823259243,-0.0955076419059895,0.1339902,0.0006993676,-2.9741139874888645,2.531501495485863
both_paths,55.000134463,0.0,0.0,-0.004942238330841,0.0009444665587752,-0.0091552734375,-0.0018310546875,16384,489061.0,31600.0,30592.0,38704.0,0.01670122,-1.269057,-0.04778715,-0.8196087928054513,-0.564920134877495,-0.0954288633799211,0.1339979,0.0006992158,-2.9742479521809675,2.531524185538128
both_paths,55.25014127300528,0.0,0.0,-0.0049671381711959,0.0009539649387146,-0.009033203125,-0.0020751953125,16384,489312.0,31630.0,30592.0,38704.0,0.01674683,-1.269122,-0.04776326,-0.819685979112041,-0.564816167442403,-0.0953813013268843,0.1339948,0.000699215,-2.9742995926299165,2.531658922088148
both_paths,55.50019346699992,0.0,0.0,-0.0049078166484832,0.0009311429971179,-0.0087890625,-0.0018310546875,16384,489563.0,31660.0,30576.0,38720.0,0.01680625,-1.269248,-0.04791622,-0.819804217023517,-0.5645930119982627,-0.0956858221116782,0.1339941,0.0006992042,-2.973710347051556,2.531865368782979
both_paths,55.75042036699597,0.0,0.0,-0.0049053579568862,0.0009472127985503,-0.00927734375,-0.001953125,16384,489814.0,31690.0,30592.0,38704.0,0.01671597,-1.269163,-0.04794017,-0.8197044490968,-0.5647297696104007,-0.0957335022168077,0.1340018,0.0006991773,-2.973668170311756,2.5316911671774105
both_paths,56.00038618899998,0.0,0.0,-0.0049444511532783,0.0009529442851869,-0.009521484375,-0.001708984375,16384,490066.0,31720.0,30576.0,38704.0,0.01685813,-1.269123,-0.04789255,-0.8196667722318722,-0.5648005149700926,-0.0956386992200448,0.1339864,0.0006991048,-2.973851979904116,2.5316253920973115
both_paths,56.250197643006686,0.0,0.0,-0.0049402117729187,0.0009355702845303,-0.009765625,-0.001953125,16384,490317.0,31750.0,30560.0,38704.0,0.01673738,-1.269177,-0.04769698,-0.8197585088860705,-0.5647331665605488,-0.0952493448553936,0.1339723,0.0006990478,-2.974502651044818,2.531785553865574
both_paths,56.50039994600229,0.0,0.0,-0.004938319325447,0.0009449360083103,-0.0091552734375,-0.0015869140625,16384,490569.0,31780.0,30592.0,38704.0,0.01685048,-1.269209,-0.04792676,-0.819758514967605,-0.5646558106887961,-0.0957068053666276,0.133946,0.0006990486,-2.973692545852268,2.531785564484459
both_paths,56.750173899999936,0.0,0.0,-0.0049962401390075,0.0009265827568417,-0.009521484375,-0.0020751953125,16384,490820.0,31810.0,30560.0,38704.0,0.01673403,-1.268969,-0.04783981,-0.8195010753268144,-0.5650586688856462,-0.0955337021965377,0.1340434,0.0006990684,-2.974107832611224,2.5313361971205124
both_paths,57.00039965400356,0.0,0.0,-0.0049808174371719,0.0009381514979909,-0.009033203125,-0.001953125,16384,491071.0,31840.0,30576.0,38704.0,0.01678185,-1.269141,-0.04789265,-0.819687088768284,-0.5647709957477569,-0.0956388983032657,0.1340311,0.0006991608,-2.973843033374522,2.5316608592954144
both_paths,57.25014635699336,0.0,0.0,-0.0049915090203285,0.000951636207558,-0.0093994140625,-0.0018310546875,16384,491323.0,31870.0,30592.0,38720.0,0.01679067,-1.269004,-0.04783926,-0.8195407139441762,-0.5650013620728317,-0.0955326072276642,0.1340496,0.0006992289,-2.974093045081577,2.531405368511588
both_paths,57.50018245899992,0.0,0.0,-0.0049749240279197,0.0009347741086453,-0.0087890625,-0.001953125,16384,491557.0,31898.0,30592.0,38720.0,0.0167561,-1.269129,-0.04779262,-0.8196892730847567,-0.5648015129687558,-0.0954397534468085,0.1340338,0.0006992818,-2.974194712452816,2.5316646726305625
both_paths,57.750139923999086,0.0,0.0,-0.0050001665949821,0.0009366735245809,-0.00927734375,-0.0018310546875,16384,491808.0,31928.0,30576.0,38720.0,0.01677225,-1.269315,-0.04805427,-0.8198580737445658,-0.5644681499078734,-0.0959606515996673,0.1341133,0.000699314,-2.9732006607856505,2.5319594243496635
both_paths,58.00018716500199,0.0,0.0,-0.0049831643700599,0.0009558140451894,-0.009521484375,-0.0018310546875,16384,492076.0,31960.0,30592.0,38720.0,0.01670853,-1.269118,-0.04794553,-0.8196527749890351,-0.5648029583794969,-0.0957441729743516,0.1341135,0.0006992894,-2.973671158553596,2.531600957730189
both_paths,58.25013403799676,0.0,0.0,-0.0050121396780014,0.0009520297640443,-0.0091552734375,-0.001953125,16384,492310.0,31988.0,30576.0,38704.0,0.01671012,-1.269067,-0.04786375,-0.8196080438882685,-0.5648954393716387,-0.0955813630932802,0.13408,0.0006992638,-2.973978313277884,2.5315228783542194
both_paths,58.50013982200471,0.0,0.0,-0.004959799349308,0.000957217416441,-0.00927734375,-0.0015869140625,16384,492562.0,32018.0,30592.0,38720.0,0.01675052,-1.269021,-0.04784857,-0.8195584588290804,-0.5649724876618921,-0.0955511420488292,0.134092,0.0006993996,-2.97405274932591,2.5314363364502603
both_paths,58.75014845999249,0.0,0.0,-0.0049844831228256,0.0009428219545101,-0.0089111328125,-0.00146484375,16384,492813.0,32048.0,30592.0,38720.0,0.01676323,-1.269072,-0.04793312,-0.8196027660597636,-0.5648797124259592,-0.0957194669685854,0.1340799,0.0006996057,-2.9737360644292337,2.5315136663335287
both_paths,59.00016528299602,0.0,0.0,-0.0049223080277442,0.0009359096954416,-0.0089111328125,-0.0015869140625,16384,493064.0,32078.0,30592.0,38720.0,0.01668748,-1.269084,-0.04785176,-0.819629136883735,-0.5648688728638055,-0.0955574928553356,0.1340978,0.0006995232,-2.9740116590416945,2.531559695675612
both_paths,59.25018817700038,0.0,0.0,-0.0048989877104759,0.0009339482727795,-0.009521484375,-0.001953125,16384,493315.0,32108.0,30592.0,38720.0,0.01668398,-1.269281,-0.04792971,-0.8198393518165733,-0.5645374393511736,-0.095712678281411,0.1340813,0.0006993651,-2.9736478865304297,2.5319267268726624
both_paths,59.50018979099696,0.0,0.0,-0.0049396455287933,0.0009540455024105,-0.0089111328125,-0.0015869140625,16384,493566.0,32138.0,30576.0,38720.0,0.0167846,-1.269157,-0.04796157,-0.8196942974081927,-0.5647372808681996,-0.0957761055487299,0.1341233,0.0006991588,-2.973597031045506,2.531673444070926
both_paths,59.75040830799844,0.0,0.0,-0.0049941763281822,0.0009435222837853,-0.009033203125,-0.001708984375,16384,493817.0,32168.0,30576.0,38704.0,0.01678837,-1.269172,-0.04801914,-0.819702152479363,-0.5647064298214574,-0.0958907156037676,0.1341599,0.000699115,-2.973390751152265,2.5316871576380757
both_paths,60.00036871399789,0.0,0.0,-0.0049933418631553,0.0009548459257698,-0.0091552734375,-0.0015869140625,16384,494069.0,32198.0,30576.0,38720.0,0.01674758,-1.269092,-0.04787289,-0.819634848821047,-0.5648534667005078,-0.0955995593845366,0.1341614,0.0006990862,-2.973934773038724,2.5315696660598865
